{"tissue_hires_scalef": 0.07381981, "tissue_lowres_scalef": 0.022145942, "fiducial_diameter_fullres": 291.09036000000003, "spot_diameter_fullres": 180.19878999999995}