{"tissue_hires_scalef": 0.07381981, "tissue_lowres_scalef": 0.022145942, "fiducial_diameter_fullres": 291.52291999999994, "spot_diameter_fullres": 180.46657000000005}