{"tissue_hires_scalef": 0.07739339, "tissue_lowres_scalef": 0.023218017, "fiducial_diameter_fullres": 290.48491999999993, "spot_diameter_fullres": 179.82400000000007}