{"tissue_hires_scalef": 0.11020498, "tissue_lowres_scalef": 0.033061493, "fiducial_diameter_fullres": 210.99492999999998, "spot_diameter_fullres": 130.61592}