"Image Location","Analysis Region","Algorithm Name","Object Id","XMin","XMax","YMin","YMax","ADCYAP1+","RORB+","PCP4+","AQP4+","DAPI Positive","DAPI Positive Nucleus","DAPI Nucleus Intensity","DAPI Positive Cytoplasm","DAPI Cytoplasm Intensity","AQP4-520 Copies","AQP4-520 Area (µm²)","AQP4-520 Classification","AQP4-520 Cell Intensity","AQP4-520 Avg Intensity","ADCYAP1-520 Copies","ADCYAP1-520 Area (µm²)","ADCYAP1-520 Classification","ADCYAP1-520 Cell Intensity","ADCYAP1-520 Avg Intensity","RORB-620 Copies","RORB-620 Area (µm²)","RORB-620 Classification","RORB-620 Cell Intensity","RORB-620 Avg Intensity","PCP4-690 Copies","PCP4-690 Area (µm²)","PCP4-690 Classification","PCP4-690 Cell Intensity","PCP4-690 Avg Intensity","Cell Area (µm²)","Cytoplasm Area (µm²)","Nucleus Area (µm²)","Nucleus Perimeter (µm)","Nucleus Roundness"
"D:\HAA\dACC revisions\Run 4\Br2720_dlPFC_20x_img_011-MaxIP-Stitched_unmixed-rotated.nd2","Layer 1","dACC_v17_ FISH-IF v2.4.4","0","5494","5519","1167","1189","0","0","0","1","1","1","1405.5989","0","218.2468","13","26.283653","2","70963.055","2699.893","0","0","0","0","0","0","0","0","0","0","0","0","0","0","0","81.06045","64.53535","16.525099","18.451143","0.721925"
"D:\HAA\dACC revisions\Run 4\Br2720_dlPFC_20x_img_011-MaxIP-Stitched_unmixed-rotated.nd2","Layer 1","dACC_v17_ FISH-IF v2.4.4","1","5507","5537","1353","1381","0","0","0","1","1","1","1635.1699","0","235.91408","17","39.72468","3","91383.016","2300.409","0","0","0","0","0","0","0","0","0","0","0","0","0","0","0","120.96925","83.03977","37.929478","27.03307","0.916357"
"D:\HAA\dACC revisions\Run 4\Br2720_dlPFC_20x_img_011-MaxIP-Stitched_unmixed-rotated.nd2","Layer 1","dACC_v17_ FISH-IF v2.4.4","2","5469","5500","1357","1385","0","0","0","1","1","1","1549.5452","0","264.03983","16","34.799374","3","59736.3","1716.5913","0","0","0","0","0","0","0","0","0","0","0","0","0","0","0","125.29616","85.525444","39.770714","27.891262","0.843742"
"D:\HAA\dACC revisions\Run 4\Br2720_dlPFC_20x_img_011-MaxIP-Stitched_unmixed-rotated.nd2","Layer 1","dACC_v17_ FISH-IF v2.4.4","3","5501","5527","1405","1438","0","0","0","1","1","1","1383.262","0","259.6501","17","40.507206","3","92960.086","2294.9023","0","0","0","0","0","0","0","0","0","0","0","0","0","0","0","122.5343","85.11117","37.423138","28.320358","0.773427"
"D:\HAA\dACC revisions\Run 4\Br2720_dlPFC_20x_img_011-MaxIP-Stitched_unmixed-rotated.nd2","Layer 1","dACC_v17_ FISH-IF v2.4.4","4","5451","5476","1456","1488","0","0","0","0","1","1","1118.8635","0","255.32312","1","2.02536","0","1938.2239","956.9773","0","0","0","0","0","0","0","0","0","0","0","0","0","0","0","114.202705","84.19055","30.012157","28.320358","0.658289"
"D:\HAA\dACC revisions\Run 4\Br2720_dlPFC_20x_img_011-MaxIP-Stitched_unmixed-rotated.nd2","Layer 1","dACC_v17_ FISH-IF v2.4.4","5","5515","5547","2303","2331","0","0","0","0","1","1","1372.3158","0","198.5348","0","0","0","0","0","0","0","0","0","0","0","0","0","0","0","0","0","0","0","0","112.72971","70.74952","41.980198","31.538582","0.663025"
"D:\HAA\dACC revisions\Run 4\Br2720_dlPFC_20x_img_011-MaxIP-Stitched_unmixed-rotated.nd2","Layer 1","dACC_v17_ FISH-IF v2.4.4","6","5524","5548","2327","2344","0","0","0","0","1","1","1196.455","0","229.33104","0","0","0","0","0","0","0","0","0","0","0","0","0","0","0","0","0","0","0","0","61.6354","40.18499","21.450407","19.309336","0.805705"
"D:\HAA\dACC revisions\Run 4\Br2720_dlPFC_20x_img_011-MaxIP-Stitched_unmixed-rotated.nd2","Layer 1","dACC_v17_ FISH-IF v2.4.4","7","5530","5551","2342","2360","0","0","0","0","1","1","870.4762","0","170.70479","0","0","0","0","0","0","0","0","0","0","0","0","0","0","0","0","0","0","0","0","54.822823","47.08963","7.733194","11.585601","0.8035"
"D:\HAA\dACC revisions\Run 4\Br2720_dlPFC_20x_img_011-MaxIP-Stitched_unmixed-rotated.nd2","Layer 1","dACC_v17_ FISH-IF v2.4.4","8","5475","5497","2475","2497","0","0","0","0","1","1","1289.3837","0","217.09062","1","0.828557","0","593.4306","716.2222","0","0","0","0","0","0","0","0","0","0","0","0","0","0","0","68.67813","57.400555","11.277575","15.23292","0.690382"
"D:\HAA\dACC revisions\Run 4\Br2720_dlPFC_20x_img_011-MaxIP-Stitched_unmixed-rotated.nd2","Layer 1","dACC_v17_ FISH-IF v2.4.4","9","5472","5495","2506","2528","0","0","0","0","1","1","1472.6917","0","238.76195","2","2.715824","0","1968.0059","724.64404","0","0","0","0","0","0","0","0","0","0","0","0","0","0","0","77.055756","61.68143","15.374327","16.734756","0.867987"
"D:\HAA\dACC revisions\Run 4\Br2720_dlPFC_20x_img_011-MaxIP-Stitched_unmixed-rotated.nd2","Layer 1","dACC_v17_ FISH-IF v2.4.4","10","5544","5574","2624","2646","0","0","0","0","1","1","2312.1182","0","383.70947","2","7.687163","0","10633.648","1383.2994","0","0","0","0","0","0","0","0","0","0","0","0","0","0","0","96.80302","69.55272","27.250303","23.171202","0.765562"
"D:\HAA\dACC revisions\Run 4\Br2720_dlPFC_20x_img_011-MaxIP-Stitched_unmixed-rotated.nd2","Layer 1","dACC_v17_ FISH-IF v2.4.4","11","5551","5578","2643","2666","0","0","0","0","1","1","2187.9082","0","466.35498","1","1.150773","0","1002.2772","870.96","0","0","0","0","0","0","0","0","0","0","0","0","0","0","0","80.46204","48.884834","31.57721","25.316685","0.780668"
"D:\HAA\dACC revisions\Run 4\Br2720_dlPFC_20x_img_011-MaxIP-Stitched_unmixed-rotated.nd2","Layer 1","dACC_v17_ FISH-IF v2.4.4","12","5554","5581","2659","2683","0","0","0","0","1","1","2059.5693","0","391.23572","3","9.482369","0","11151.864","1176.0631","0","0","0","0","0","0","0","0","0","0","0","0","0","0","0","88.14921","55.65138","32.49783","24.67304","0.827067"
"D:\HAA\dACC revisions\Run 4\Br2720_dlPFC_20x_img_011-MaxIP-Stitched_unmixed-rotated.nd2","Layer 1","dACC_v17_ FISH-IF v2.4.4","13","994","1024","694","724","0","0","0","0","1","1","1766.396","0","442.08084","0","0","0","0","0","0","0","0","0","0","0","0","0","0","0","0","0","0","0","0","130.5897","86.538124","44.051586","29.607647","0.871057"
"D:\HAA\dACC revisions\Run 4\Br2720_dlPFC_20x_img_011-MaxIP-Stitched_unmixed-rotated.nd2","Layer 1","dACC_v17_ FISH-IF v2.4.4","14","1005","1031","722","747","0","0","0","0","1","1","2649.101","0","508.66098","0","0","0","0","0","0","0","0","0","0","0","0","0","0","0","0","0","0","0","0","94.22529","70.05906","24.166231","21.240269","0.873828"
"D:\HAA\dACC revisions\Run 4\Br2720_dlPFC_20x_img_011-MaxIP-Stitched_unmixed-rotated.nd2","Layer 1","dACC_v17_ FISH-IF v2.4.4","15","796","826","774","807","1","0","0","0","1","1","1595.1453","0","389.00656","0","0","0","0","0","4","4.464999","1","5452.9604","1221.2681","0","0","0","0","0","0","0","0","0","0","132.15477","91.27931","40.875454","31.75313","0.69369"
"D:\HAA\dACC revisions\Run 4\Br2720_dlPFC_20x_img_011-MaxIP-Stitched_unmixed-rotated.nd2","Layer 1","dACC_v17_ FISH-IF v2.4.4","16","620","645","777","811","1","0","0","0","1","1","1282.846","0","240.72488","0","0","0","0","0","8","10.03474","1","12471.524","1157.8547","0","0","0","0","0","0","0","0","0","0","118.575645","87.504776","31.07087","28.749454","0.574572"
"D:\HAA\dACC revisions\Run 4\Br2720_dlPFC_20x_img_011-MaxIP-Stitched_unmixed-rotated.nd2","Layer 1","dACC_v17_ FISH-IF v2.4.4","17","666","692","816","840","0","0","0","0","1","1","1480.8301","0","256.50436","0","0","0","0","0","0","0","0","0","0","0","0","0","0","0","0","0","0","0","0","89.66823","68.54004","21.128191","20.382076","0.843307"
"D:\HAA\dACC revisions\Run 4\Br2720_dlPFC_20x_img_011-MaxIP-Stitched_unmixed-rotated.nd2","Layer 1","dACC_v17_ FISH-IF v2.4.4","18","893","923","832","861","0","0","0","0","1","1","3610.2502","0","484.42032","0","0","0","0","0","0","0","0","0","0","0","0","0","0","0","0","0","0","0","0","126.538994","86.07781","40.461178","28.320358","0.824308"
"D:\HAA\dACC revisions\Run 4\Br2720_dlPFC_20x_img_011-MaxIP-Stitched_unmixed-rotated.nd2","Layer 1","dACC_v17_ FISH-IF v2.4.4","19","695","723","841","870","0","0","0","1","1","1","1989.9713","0","341.18878","5","11.185513","1","15350.574","1372.3622","0","0","0","0","0","0","0","0","0","0","0","0","0","0","0","119.772446","82.90168","36.870766","26.603973","0.894524"
"D:\HAA\dACC revisions\Run 4\Br2720_dlPFC_20x_img_011-MaxIP-Stitched_unmixed-rotated.nd2","Layer 1","dACC_v17_ FISH-IF v2.4.4","20","961","998","842","874","0","0","0","0","1","1","1540.451","0","290.0147","2","3.176133","0","2986.3018","940.2319","1","0.690464","0","452.9442","656","0","0","0","0","0","0","0","0","0","0","173.5826","106.33142","67.25117","37.76048","0.786014"
"D:\HAA\dACC revisions\Run 4\Br2720_dlPFC_20x_img_011-MaxIP-Stitched_unmixed-rotated.nd2","Layer 1","dACC_v17_ FISH-IF v2.4.4","21","603","636","859","890","1","0","0","0","1","1","2051.1665","0","308.2648","0","0","0","0","0","4","5.477679","1","5916.952","1045.0651","0","0","0","0","0","0","0","0","0","0","140.02605","92.47611","47.54994","32.182224","0.78392"
"D:\HAA\dACC revisions\Run 4\Br2720_dlPFC_20x_img_011-MaxIP-Stitched_unmixed-rotated.nd2","Layer 1","dACC_v17_ FISH-IF v2.4.4","22","850","880","884","911","0","0","0","1","1","1","2233.8267","0","385.78323","14","31.1169","2","57874.395","1859.9023","0","0","0","0","0","0","0","0","0","0","0","0","0","0","0","120.37085","83.454056","36.916798","26.174877","0.843217"
"D:\HAA\dACC revisions\Run 4\Br2720_dlPFC_20x_img_011-MaxIP-Stitched_unmixed-rotated.nd2","Layer 1","dACC_v17_ FISH-IF v2.4.4","23","963","993","889","914","0","0","0","1","1","1","2442.7498","0","496.4645","8","24.258293","1","40327.09","1662.4042","0","0","0","0","0","0","0","0","0","0","0","0","0","0","0","109.92183","78.48271","31.439117","24.887589","0.824118"
"D:\HAA\dACC revisions\Run 4\Br2720_dlPFC_20x_img_011-MaxIP-Stitched_unmixed-rotated.nd2","Layer 1","dACC_v17_ FISH-IF v2.4.4","24","739","767","896","922","0","0","0","0","1","1","2886.132","0","425.37445","0","0","0","0","0","0","0","0","0","0","0","0","0","0","0","0","0","0","0","0","97.58555","63.430603","34.15494","27.462166","0.750411"
"D:\HAA\dACC revisions\Run 4\Br2720_dlPFC_20x_img_011-MaxIP-Stitched_unmixed-rotated.nd2","Layer 1","dACC_v17_ FISH-IF v2.4.4","25","978","1005","910","940","0","0","0","1","1","1","2280.3535","0","384.0849","26","50.818134","3","154247.53","3035.2854","0","0","0","0","0","0","0","0","0","0","0","0","0","0","0","113.55827","80.23189","33.326385","26.603973","0.829974"
"D:\HAA\dACC revisions\Run 4\Br2720_dlPFC_20x_img_011-MaxIP-Stitched_unmixed-rotated.nd2","Layer 1","dACC_v17_ FISH-IF v2.4.4","26","736","768","916","941","0","0","0","0","1","1","2226.1628","0","460.74527","0","0","0","0","0","0","0","0","0","0","0","0","0","0","0","0","0","0","0","0","106.285385","68.125755","38.15963","29.393099","0.7216"
"D:\HAA\dACC revisions\Run 4\Br2720_dlPFC_20x_img_011-MaxIP-Stitched_unmixed-rotated.nd2","Layer 1","dACC_v17_ FISH-IF v2.4.4","27","828","855","926","953","0","0","0","0","1","1","2815.1802","0","530.45056","0","0","0","0","0","0","0","0","0","0","0","0","0","0","0","0","0","0","0","0","100.4855","67.02102","33.464478","25.74578","0.842635"
"D:\HAA\dACC revisions\Run 4\Br2720_dlPFC_20x_img_011-MaxIP-Stitched_unmixed-rotated.nd2","Layer 1","dACC_v17_ FISH-IF v2.4.4","28","806","829","933","965","0","0","0","0","1","1","2892.726","0","537.33636","0","0","0","0","0","0","0","0","0","0","0","0","0","0","0","0","0","0","0","0","96.25065","65.82421","30.426437","28.534906","0.576508"
"D:\HAA\dACC revisions\Run 4\Br2720_dlPFC_20x_img_011-MaxIP-Stitched_unmixed-rotated.nd2","Layer 1","dACC_v17_ FISH-IF v2.4.4","29","824","849","946","969","0","0","0","0","1","1","3075.7463","0","576.4141","0","0","0","0","0","0","0","0","0","0","0","0","0","0","0","0","0","0","0","0","71.07174","43.683342","27.388395","23.171202","0.754865"
"D:\HAA\dACC revisions\Run 4\Br2720_dlPFC_20x_img_011-MaxIP-Stitched_unmixed-rotated.nd2","Layer 1","dACC_v17_ FISH-IF v2.4.4","30","689","709","960","986","1","0","0","0","1","1","1386.6471","0","183.02211","0","0","0","0","0","5","7.410978","1","10425.267","1406.7329","0","0","0","0","0","0","0","0","0","0","75.76689","62.463955","13.302936","16.520208","0.675097"
"D:\HAA\dACC revisions\Run 4\Br2720_dlPFC_20x_img_011-MaxIP-Stitched_unmixed-rotated.nd2","Layer 1","dACC_v17_ FISH-IF v2.4.4","31","790","810","977","997","0","0","0","0","1","1","1167.6781","0","180.66818","0","0","0","0","0","0","0","0","0","0","0","0","0","0","0","0","0","0","0","0","58.781483","50.772102","8.009379","12.014698","0.806831"
"D:\HAA\dACC revisions\Run 4\Br2720_dlPFC_20x_img_011-MaxIP-Stitched_unmixed-rotated.nd2","Layer 1","dACC_v17_ FISH-IF v2.4.4","32","848","869","983","1002","0","0","0","0","1","1","453.99405","0","159.88054","0","0","0","0","0","0","0","0","0","0","0","0","0","0","0","0","0","0","0","0","58.59736","50.864162","7.733194","11.800149","0.76541"
"D:\HAA\dACC revisions\Run 4\Br2720_dlPFC_20x_img_011-MaxIP-Stitched_unmixed-rotated.nd2","Layer 1","dACC_v17_ FISH-IF v2.4.4","33","690","717","997","1024","0","0","0","0","1","1","2649.3347","0","516.5363","0","0","0","0","0","0","0","0","0","0","0","0","0","0","0","0","0","0","0","0","103.29338","67.80354","35.489838","26.603973","0.860591"
"D:\HAA\dACC revisions\Run 4\Br2720_dlPFC_20x_img_011-MaxIP-Stitched_unmixed-rotated.nd2","Layer 1","dACC_v17_ FISH-IF v2.4.4","34","672","698","1007","1034","0","0","0","0","1","1","2593.818","0","509.74246","0","0","0","0","0","0","0","0","0","0","0","0","0","0","0","0","0","0","0","0","88.517456","60.944935","27.57252","23.600298","0.908179"
"D:\HAA\dACC revisions\Run 4\Br2720_dlPFC_20x_img_011-MaxIP-Stitched_unmixed-rotated.nd2","Layer 1","dACC_v17_ FISH-IF v2.4.4","35","695","714","1025","1043","0","0","0","0","1","1","1265.3457","0","379.42126","0","0","0","0","0","0","0","0","0","0","0","0","0","0","0","0","0","0","0","0","43.72937","35.075558","8.653812","13.301987","0.747003"
"D:\HAA\dACC revisions\Run 4\Br2720_dlPFC_20x_img_011-MaxIP-Stitched_unmixed-rotated.nd2","Layer 1","dACC_v17_ FISH-IF v2.4.4","36","684","704","1031","1050","0","0","0","0","1","1","1106.3115","0","447.77682","0","0","0","0","0","0","0","0","0","0","0","0","0","0","0","0","0","0","0","0","46.491226","37.331074","9.160152","14.589275","0.725807"
"D:\HAA\dACC revisions\Run 4\Br2720_dlPFC_20x_img_011-MaxIP-Stitched_unmixed-rotated.nd2","Layer 1","dACC_v17_ FISH-IF v2.4.4","37","919","938","1037","1057","0","0","0","0","1","1","1108.053","0","163.82576","0","0","0","0","0","0","0","0","0","0","0","0","0","0","0","0","0","0","0","0","55.55932","48.60865","6.950668","11.156505","0.897709"
"D:\HAA\dACC revisions\Run 4\Br2720_dlPFC_20x_img_011-MaxIP-Stitched_unmixed-rotated.nd2","Layer 1","dACC_v17_ FISH-IF v2.4.4","38","844","876","1038","1073","1","0","0","0","1","1","2233.2852","0","668.68713","0","0","0","0","0","14","23.475767","2","36219.703","1542.8549","0","0","0","0","0","0","0","0","0","0","159.68126","102.556885","57.124367","36.25864","0.738179"
"D:\HAA\dACC revisions\Run 4\Br2720_dlPFC_20x_img_011-MaxIP-Stitched_unmixed-rotated.nd2","Layer 1","dACC_v17_ FISH-IF v2.4.4","39","772","799","1067","1094","0","0","0","0","1","1","3251.3723","0","469.97473","0","0","0","0","0","1","0.414278","0","252.38753","609.2222","0","0","0","0","0","0","0","0","0","0","106.05524","76.50339","29.55185","24.029396","0.834799"
"D:\HAA\dACC revisions\Run 4\Br2720_dlPFC_20x_img_011-MaxIP-Stitched_unmixed-rotated.nd2","Layer 1","dACC_v17_ FISH-IF v2.4.4","40","5498","5515","3217","3240","0","0","0","0","1","1","1396.1422","0","263.02637","1","1.242835","0","1232.5238","991.7037","0","0","0","0","0","0","0","0","0","0","0","0","0","0","0","55.513287","33.18829","22.324995","21.669365","0.739476"
"D:\HAA\dACC revisions\Run 4\Br2720_dlPFC_20x_img_011-MaxIP-Stitched_unmixed-rotated.nd2","Layer 1","dACC_v17_ FISH-IF v2.4.4","41","5476","5499","3219","3249","0","0","0","0","1","1","1442.2842","0","327.739","1","2.669793","0","2838.9568","1063.362","0","0","0","0","0","0","0","0","0","0","0","0","0","0","0","95.974464","54.500607","41.473858","29.607647","0.693351"
"D:\HAA\dACC revisions\Run 4\Br2720_dlPFC_20x_img_011-MaxIP-Stitched_unmixed-rotated.nd2","Layer 1","dACC_v17_ FISH-IF v2.4.4","42","5500","5515","3235","3249","0","0","0","0","1","1","1031.3395","0","439.8275","0","0","0","0","0","0","0","0","0","0","0","0","0","0","0","0","0","0","0","0","24.764633","19.747263","5.01737","9.011024","0.787404"
"D:\HAA\dACC revisions\Run 4\Br2720_dlPFC_20x_img_011-MaxIP-Stitched_unmixed-rotated.nd2","Layer 1","dACC_v17_ FISH-IF v2.4.4","43","5475","5509","3242","3274","0","0","0","0","1","1","1312.051","0","330.61072","0","0","0","0","0","0","0","0","0","0","0","0","0","0","0","0","0","0","0","0","119.45023","80.646164","38.80406","36.044094","0.558652"
"D:\HAA\dACC revisions\Run 4\Br2720_dlPFC_20x_img_011-MaxIP-Stitched_unmixed-rotated.nd2","Layer 1","dACC_v17_ FISH-IF v2.4.4","44","5491","5520","3354","3381","0","0","0","1","1","1","1562.0015","0","254.53278","33","59.057667","4","198080.42","3354.017","0","0","0","0","0","0","0","0","0","0","0","0","0","0","0","99.42678","66.6988","32.72798","27.03307","0.802758"
"D:\HAA\dACC revisions\Run 4\Br2720_dlPFC_20x_img_011-MaxIP-Stitched_unmixed-rotated.nd2","Layer 1","dACC_v17_ FISH-IF v2.4.4","45","5485","5515","3375","3399","0","0","0","1","1","1","1693.3909","0","321.0462","30","52.61334","4","172567.42","3279.9177","0","0","0","0","0","0","0","0","0","0","0","0","0","0","0","99.88709","65.73215","34.15494","26.389425","0.847837"
"D:\HAA\dACC revisions\Run 4\Br2720_dlPFC_20x_img_011-MaxIP-Stitched_unmixed-rotated.nd2","Layer 1","dACC_v17_ FISH-IF v2.4.4","46","5513","5539","3392","3417","0","0","0","1","1","1","1545.8346","0","285.68106","5","8.791905","1","11097.87","1262.2827","0","0","0","0","0","0","0","0","0","0","0","0","0","0","0","84.78895","59.74813","25.04082","21.883913","0.853345"
"D:\HAA\dACC revisions\Run 4\Br2720_dlPFC_20x_img_011-MaxIP-Stitched_unmixed-rotated.nd2","Layer 1","dACC_v17_ FISH-IF v2.4.4","47","5494","5528","3399","3425","0","0","0","1","1","1","1683.2322","0","328.60754","6","7.226854","1","11882.421","1644.2039","0","0","0","0","0","0","0","0","0","0","0","0","0","0","0","109.36946","60.990967","48.378494","33.040417","0.761202"
"D:\HAA\dACC revisions\Run 4\Br2720_dlPFC_20x_img_011-MaxIP-Stitched_unmixed-rotated.nd2","Layer 1","dACC_v17_ FISH-IF v2.4.4","48","5501","5520","3424","3443","0","0","0","1","1","1","1485.7349","0","675.2627","12","21.266283","2","69734.95","3279.132","0","0","0","0","0","0","0","0","0","0","0","0","0","0","0","36.7787","15.420358","21.358345","19.738432","0.742262"
"D:\HAA\dACC revisions\Run 4\Br2720_dlPFC_20x_img_011-MaxIP-Stitched_unmixed-rotated.nd2","Layer 1","dACC_v17_ FISH-IF v2.4.4","49","5513","5544","3421","3449","0","0","0","1","1","1","2332.8335","0","315.11557","18","37.008858","3","92288.17","2493.678","0","0","0","0","0","0","0","0","0","0","0","0","0","0","0","109.09328","70.10509","38.988186","32.396774","0.684259"
"D:\HAA\dACC revisions\Run 4\Br2720_dlPFC_20x_img_011-MaxIP-Stitched_unmixed-rotated.nd2","Layer 1","dACC_v17_ FISH-IF v2.4.4","50","5483","5510","3426","3456","0","0","0","1","1","1","1869.3633","0","342.30103","12","22.509119","2","63505.82","2821.3374","0","0","0","0","0","0","0","0","0","0","0","0","0","0","0","107.66631","70.79555","36.870766","27.03307","0.784184"
"D:\HAA\dACC revisions\Run 4\Br2720_dlPFC_20x_img_011-MaxIP-Stitched_unmixed-rotated.nd2","Layer 1","dACC_v17_ FISH-IF v2.4.4","51","5527","5555","3444","3481","0","0","0","0","1","1","677.9435","0","161.309","2","1.196804","0","839.2357","701.2308","0","0","0","0","0","0","0","0","0","0","0","0","0","0","0","125.848526","96.52683","29.321695","34.542255","0.493594"
"D:\HAA\dACC revisions\Run 4\Br2720_dlPFC_20x_img_011-MaxIP-Stitched_unmixed-rotated.nd2","Layer 1","dACC_v17_ FISH-IF v2.4.4","52","5427","5456","3446","3468","0","0","0","1","1","1","2104.343","0","328.04123","14","35.904114","2","86660.984","2413.6782","0","0","0","0","0","0","0","0","0","0","0","0","0","0","0","97.44745","73.695496","23.751953","22.31301","0.730869"
"D:\HAA\dACC revisions\Run 4\Br2720_dlPFC_20x_img_011-MaxIP-Stitched_unmixed-rotated.nd2","Layer 1","dACC_v17_ FISH-IF v2.4.4","53","3529","3554","1892","1918","0","0","0","0","1","1","2282.1987","0","342.52603","0","0","0","0","0","1","0.690464","0","778.47485","735.3043","0","0","0","0","0","0","0","0","0","0","88.24127","58.367203","29.874065","24.243944","0.830833"
"D:\HAA\dACC revisions\Run 4\Br2720_dlPFC_20x_img_011-MaxIP-Stitched_unmixed-rotated.nd2","Layer 1","dACC_v17_ FISH-IF v2.4.4","54","3515","3536","1899","1926","0","0","0","0","1","1","2319.8918","0","443.69626","0","0","0","0","0","0","0","0","0","0","0","0","0","0","0","0","0","0","0","0","77.562096","52.889523","24.672571","22.098461","0.78706"
"D:\HAA\dACC revisions\Run 4\Br2720_dlPFC_20x_img_011-MaxIP-Stitched_unmixed-rotated.nd2","Layer 1","dACC_v17_ FISH-IF v2.4.4","55","3590","3620","1921","1946","1","0","0","0","1","1","1218.2191","0","354.2343","0","0","0","0","0","11","16.202883","2","15940.875","946.1967","2","1.703144","0","1127.8956","662.2432","1","1.196804","0","637.39014","477.48276","106.97585","71.90029","35.075558","27.03307","0.801653"
"D:\HAA\dACC revisions\Run 4\Br2720_dlPFC_20x_img_011-MaxIP-Stitched_unmixed-rotated.nd2","Layer 1","dACC_v17_ FISH-IF v2.4.4","56","3584","3615","1943","1965","0","0","0","0","1","1","1947.4031","0","409.48755","0","0","0","0","0","2","1.565051","0","1037.9512","663.2059","0","0","0","0","0","0","0","0","0","0","100.531525","59.19576","41.335762","28.964003","0.81682"
"D:\HAA\dACC revisions\Run 4\Br2720_dlPFC_20x_img_011-MaxIP-Stitched_unmixed-rotated.nd2","Layer 1","dACC_v17_ FISH-IF v2.4.4","57","3676","3703","1945","1977","0","0","0","0","1","1","2842.3555","0","693.5346","0","0","0","0","0","0","0","0","0","0","0","0","0","0","0","0","0","0","0","0","129.16275","87.73493","41.427826","29.17855","0.794507"
"D:\HAA\dACC revisions\Run 4\Br2720_dlPFC_20x_img_011-MaxIP-Stitched_unmixed-rotated.nd2","Layer 1","dACC_v17_ FISH-IF v2.4.4","58","3591","3616","1965","1984","0","0","0","0","1","1","1412.8778","0","311.43124","0","0","0","0","0","1","1.380928","0","1096.2723","793.86664","0","0","0","0","0","0","0","0","0","0","73.78756","51.554626","22.232933","21.02572","0.790957"
"D:\HAA\dACC revisions\Run 4\Br2720_dlPFC_20x_img_011-MaxIP-Stitched_unmixed-rotated.nd2","Layer 1","dACC_v17_ FISH-IF v2.4.4","59","3779","3808","1978","2005","0","0","0","0","1","1","2037.4265","0","327.3418","0","0","0","0","0","0","0","0","0","0","0","0","0","0","0","0","0","0","0","0","111.62498","76.227196","35.397774","25.74578","0.863311"
"D:\HAA\dACC revisions\Run 4\Br2720_dlPFC_20x_img_011-MaxIP-Stitched_unmixed-rotated.nd2","Layer 1","dACC_v17_ FISH-IF v2.4.4","60","3749","3782","1981","2010","0","0","0","0","1","1","1323.9587","0","295.28757","0","0","0","0","0","0","0","0","0","0","0","0","0","0","0","0","0","0","0","0","140.44032","89.16189","51.278442","32.61132","0.799285"
"D:\HAA\dACC revisions\Run 4\Br2720_dlPFC_20x_img_011-MaxIP-Stitched_unmixed-rotated.nd2","Layer 1","dACC_v17_ FISH-IF v2.4.4","61","3796","3818","2010","2030","0","0","0","0","1","1","848.9953","0","182.5549","0","0","0","0","0","0","0","0","0","0","0","0","0","0","0","0","0","0","0","0","64.25916","54.500607","9.758554","13.945631","0.775812"
"D:\HAA\dACC revisions\Run 4\Br2720_dlPFC_20x_img_011-MaxIP-Stitched_unmixed-rotated.nd2","Layer 1","dACC_v17_ FISH-IF v2.4.4","62","3449","3469","2023","2042","0","0","0","0","1","1","446.96","0","130.08704","0","0","0","0","0","0","0","0","0","0","0","0","0","0","0","0","0","0","0","0","55.55932","48.65468","6.904638","11.585601","0.82927"
"D:\HAA\dACC revisions\Run 4\Br2720_dlPFC_20x_img_011-MaxIP-Stitched_unmixed-rotated.nd2","Layer 1","dACC_v17_ FISH-IF v2.4.4","63","3612","3641","2048","2079","0","0","0","0","1","1","1633.8923","0","291.537","0","0","0","0","0","0","0","0","0","0","0","0","0","0","0","0","0","0","0","0","134.87059","89.576164","45.294422","30.036743","0.857203"
"D:\HAA\dACC revisions\Run 4\Br2720_dlPFC_20x_img_011-MaxIP-Stitched_unmixed-rotated.nd2","Layer 1","dACC_v17_ FISH-IF v2.4.4","64","3440","3468","2063","2087","0","0","0","0","1","1","1857.2172","0","301.71945","0","0","0","0","0","2","2.071391","0","1795.2058","866.6667","0","0","0","0","0","0","0","0","0","0","94.73163","72.682816","22.04881","22.742105","0.676275"
"D:\HAA\dACC revisions\Run 4\Br2720_dlPFC_20x_img_011-MaxIP-Stitched_unmixed-rotated.nd2","Layer 1","dACC_v17_ FISH-IF v2.4.4","65","3793","3824","2091","2114","1","0","0","0","1","1","1456.0264","0","282.10657","0","0","0","0","0","6","8.515719","1","6358.711","746.7027","0","0","0","0","0","0","0","0","0","0","106.56158","78.620804","27.940767","24.029396","0.697841"
"D:\HAA\dACC revisions\Run 4\Br2720_dlPFC_20x_img_011-MaxIP-Stitched_unmixed-rotated.nd2","Layer 1","dACC_v17_ FISH-IF v2.4.4","66","3539","3558","2114","2130","0","0","0","0","1","1","897.6","0","160.62","0","0","0","0","0","0","0","0","0","0","0","0","0","0","0","0","0","0","0","0","42.808754","39.12628","3.682473","8.15283","0.753251"
"D:\HAA\dACC revisions\Run 4\Br2720_dlPFC_20x_img_011-MaxIP-Stitched_unmixed-rotated.nd2","Layer 1","dACC_v17_ FISH-IF v2.4.4","67","3531","3556","2128","2151","0","0","0","0","1","1","1495.6234","0","259.13187","0","0","0","0","0","0","0","0","0","0","0","0","0","0","0","0","0","0","0","0","80.600136","62.14174","18.458399","19.309336","0.850317"
"D:\HAA\dACC revisions\Run 4\Br2720_dlPFC_20x_img_011-MaxIP-Stitched_unmixed-rotated.nd2","Layer 1","dACC_v17_ FISH-IF v2.4.4","68","3710","3737","2163","2190","0","0","0","1","1","1","1833.5007","0","293.3528","10","23.751953","2","37425.438","1575.6783","0","0","0","0","0","0","0","0","0","0","0","0","0","0","0","107.620285","76.45735","31.162931","24.887589","0.842925"
"D:\HAA\dACC revisions\Run 4\Br2720_dlPFC_20x_img_011-MaxIP-Stitched_unmixed-rotated.nd2","Layer 1","dACC_v17_ FISH-IF v2.4.4","69","3737","3751","2166","2185","0","0","0","0","1","1","566","0","193.01898","0","0","0","0","0","0","0","0","0","0","0","0","0","0","0","0","0","0","0","0","41.565918","38.80406","2.761855","7.294638","0.650467"
"D:\HAA\dACC revisions\Run 4\Br2720_dlPFC_20x_img_011-MaxIP-Stitched_unmixed-rotated.nd2","Layer 1","dACC_v17_ FISH-IF v2.4.4","70","3432","3455","2187","2207","0","0","0","0","1","1","1179.1232","0","235.49757","0","0","0","0","0","0","0","0","0","0","0","0","0","0","0","0","0","0","0","0","60.16241","47.457874","12.704534","16.091112","0.757407"
"D:\HAA\dACC revisions\Run 4\Br2720_dlPFC_20x_img_011-MaxIP-Stitched_unmixed-rotated.nd2","Layer 1","dACC_v17_ FISH-IF v2.4.4","71","3414","3445","2196","2218","0","0","0","0","1","1","1189.3275","0","215.34944","0","0","0","0","0","3","2.853917","0","2601.3914","795.9718","0","0","0","0","0","0","0","0","0","0","89.4841","65.73215","23.751953","23.171202","0.647401"
"D:\HAA\dACC revisions\Run 4\Br2720_dlPFC_20x_img_011-MaxIP-Stitched_unmixed-rotated.nd2","Layer 1","dACC_v17_ FISH-IF v2.4.4","72","3531","3550","2244","2262","0","0","0","0","1","1","424.4132","0","129.1753","0","0","0","0","0","0","0","0","0","0","0","0","0","0","0","0","0","0","0","0","51.784782","46.215042","5.569741","9.44012","0.831856"
"D:\HAA\dACC revisions\Run 4\Br2720_dlPFC_20x_img_011-MaxIP-Stitched_unmixed-rotated.nd2","Layer 1","dACC_v17_ FISH-IF v2.4.4","73","3650","3686","2265","2295","0","0","0","0","1","1","2340.491","0","641.0522","2","3.728504","0","3867.1494","1037.1852","0","0","0","0","0","0","0","0","0","0","0","0","0","0","0","146.5164","96.158585","50.357822","33.89861","0.711536"
"D:\HAA\dACC revisions\Run 4\Br2720_dlPFC_20x_img_011-MaxIP-Stitched_unmixed-rotated.nd2","Layer 1","dACC_v17_ FISH-IF v2.4.4","74","3338","3368","1922","1947","0","0","0","1","1","1","2283.9255","0","361.1378","5","9.850616","1","9578.758","972.40186","0","0","0","0","0","0","0","0","0","0","0","0","0","0","0","106.83776","72.820915","34.01685","26.174877","0.771478"
"D:\HAA\dACC revisions\Run 4\Br2720_dlPFC_20x_img_011-MaxIP-Stitched_unmixed-rotated.nd2","Layer 1","dACC_v17_ FISH-IF v2.4.4","75","3363","3395","1930","1961","0","0","0","0","1","1","1337.1146","0","367.88696","0","0","0","0","0","0","0","0","0","0","0","0","0","0","0","0","0","0","0","0","139.01337","90.819","48.19437","34.756805","0.746718"
"D:\HAA\dACC revisions\Run 4\Br2720_dlPFC_20x_img_011-MaxIP-Stitched_unmixed-rotated.nd2","Layer 1","dACC_v17_ FISH-IF v2.4.4","76","3160","3190","1938","1962","0","0","0","1","1","1","2560.1602","0","480.06702","5","15.834636","1","18131.303","1145.0406","0","0","0","0","0","0","0","0","0","0","0","0","0","0","0","105.82508","76.227196","29.59788","24.029396","0.733573"
"D:\HAA\dACC revisions\Run 4\Br2720_dlPFC_20x_img_011-MaxIP-Stitched_unmixed-rotated.nd2","Layer 1","dACC_v17_ FISH-IF v2.4.4","77","3176","3204","1957","1989","0","0","0","0","1","1","2384.4097","0","402.78928","1","1.288866","0","1085.409","842.1429","0","0","0","0","0","0","0","0","0","0","1","0.644433","0","295.5645","458.64285","119.4042","83.2239","36.1803","28.749454","0.72773"
"D:\HAA\dACC revisions\Run 4\Br2720_dlPFC_20x_img_011-MaxIP-Stitched_unmixed-rotated.nd2","Layer 1","dACC_v17_ FISH-IF v2.4.4","78","3102","3130","1984","2015","0","0","0","0","1","1","2591.0347","0","505.06155","3","11.047421","0","13927.345","1260.6875","0","0","0","0","0","0","0","0","0","0","0","0","0","0","0","111.39482","82.25725","29.137571","28.320358","0.657939"
"D:\HAA\dACC revisions\Run 4\Br2720_dlPFC_20x_img_011-MaxIP-Stitched_unmixed-rotated.nd2","Layer 1","dACC_v17_ FISH-IF v2.4.4","79","3071","3103","1989","2013","0","0","0","0","1","1","1970.148","0","301.8695","0","0","0","0","0","2","2.48567","0","2138.5964","860.37036","0","0","0","0","0","0","0","0","0","0","112.31544","76.549416","35.76602","27.03307","0.768253"
"D:\HAA\dACC revisions\Run 4\Br2720_dlPFC_20x_img_011-MaxIP-Stitched_unmixed-rotated.nd2","Layer 1","dACC_v17_ FISH-IF v2.4.4","80","3076","3104","2012","2046","1","1","0","0","1","1","1482.4365","0","318.10635","1","0.598402","0","456.58066","763","31","28.216953","4","85670.81","3036.1467","15","11.277575","3","15282.817","1355.151","0","0","0","0","0","141.17682","90.45075","50.72607","32.61132","0.76894"
"D:\HAA\dACC revisions\Run 4\Br2720_dlPFC_20x_img_011-MaxIP-Stitched_unmixed-rotated.nd2","Layer 1","dACC_v17_ FISH-IF v2.4.4","81","3045","3070","2017","2045","0","0","0","0","1","1","2220.6301","0","378.33472","0","0","0","0","0","2","5.063401","0","5207.524","1028.4636","0","0","0","0","0","0","0","0","0","0","107.3441","77.97637","29.367725","24.243944","0.795444"
"D:\HAA\dACC revisions\Run 4\Br2720_dlPFC_20x_img_011-MaxIP-Stitched_unmixed-rotated.nd2","Layer 1","dACC_v17_ FISH-IF v2.4.4","82","3173","3195","2025","2050","0","0","0","0","1","1","1564.5107","0","361.4639","0","0","0","0","0","0","0","0","0","0","0","0","0","0","0","0","0","0","0","0","82.53343","56.756123","25.777313","23.171202","0.784574"
"D:\HAA\dACC revisions\Run 4\Br2720_dlPFC_20x_img_011-MaxIP-Stitched_unmixed-rotated.nd2","Layer 1","dACC_v17_ FISH-IF v2.4.4","83","3195","3214","2029","2049","0","0","0","0","1","1","2101.86","0","290.2674","0","0","0","0","0","0","0","0","0","0","0","0","0","0","0","0","0","0","0","0","60.76081","45.61664","15.144172","16.30566","0.730603"
"D:\HAA\dACC revisions\Run 4\Br2720_dlPFC_20x_img_011-MaxIP-Stitched_unmixed-rotated.nd2","Layer 1","dACC_v17_ FISH-IF v2.4.4","84","3135","3164","2034","2065","0","0","0","0","1","1","1905.056","0","475.51434","0","0","0","0","0","1","1.795206","0","1615.8232","900.0769","0","0","0","0","0","0","0","0","0","0","120.41688","85.11117","35.305714","28.749454","0.732669"
"D:\HAA\dACC revisions\Run 4\Br2720_dlPFC_20x_img_011-MaxIP-Stitched_unmixed-rotated.nd2","Layer 1","dACC_v17_ FISH-IF v2.4.4","85","3199","3219","2051","2070","0","0","0","0","1","1","756.8293","0","120.10202","0","0","0","0","0","0","0","0","0","0","0","0","0","0","0","0","0","0","0","0","57.63071","50.08164","7.54907","11.585601","0.805639"
"D:\HAA\dACC revisions\Run 4\Br2720_dlPFC_20x_img_011-MaxIP-Stitched_unmixed-rotated.nd2","Layer 1","dACC_v17_ FISH-IF v2.4.4","86","3336","3364","2056","2098","0","0","0","0","1","1","1444.4579","0","245.62419","0","0","0","0","0","0","0","0","0","0","0","0","0","0","0","0","0","0","0","0","169.48584","107.66631","61.819523","37.331383","0.674414"
"D:\HAA\dACC revisions\Run 4\Br2720_dlPFC_20x_img_011-MaxIP-Stitched_unmixed-rotated.nd2","Layer 1","dACC_v17_ FISH-IF v2.4.4","87","3355","3380","2117","2149","0","0","0","0","1","1","2433.4773","0","362.41534","0","0","0","0","0","0","0","0","0","0","0","0","0","0","0","0","0","0","0","0","112.91384","81.56679","31.347055","25.96033","0.729836"
"D:\HAA\dACC revisions\Run 4\Br2720_dlPFC_20x_img_011-MaxIP-Stitched_unmixed-rotated.nd2","Layer 1","dACC_v17_ FISH-IF v2.4.4","88","3190","3217","2187","2219","0","0","0","1","1","1","1814.2981","0","336.44778","5","13.072781","1","15298.836","1170.2817","0","0","0","0","0","0","0","0","0","0","0","0","0","0","0","135.14677","90.35869","44.788082","29.17855","0.806321"
"D:\HAA\dACC revisions\Run 4\Br2720_dlPFC_20x_img_011-MaxIP-Stitched_unmixed-rotated.nd2","Layer 1","dACC_v17_ FISH-IF v2.4.4","89","3182","3212","2224","2255","0","0","0","1","1","1","1445.6475","0","327.6901","10","19.332985","2","22538.533","1165.8071","1","0.690464","0","507.3988","734.86664","0","0","0","0","0","0","0","0","0","0","129.43893","87.78096","41.65798","30.036743","0.860797"
"D:\HAA\dACC revisions\Run 4\Br2720_dlPFC_20x_img_011-MaxIP-Stitched_unmixed-rotated.nd2","Layer 1","dACC_v17_ FISH-IF v2.4.4","90","3239","3259","2255","2274","0","0","0","0","1","1","853.4534","0","155.36406","0","0","0","0","0","0","0","0","0","0","0","0","0","0","0","0","0","0","0","0","56.848183","49.437206","7.410978","11.585601","0.865407"
"D:\HAA\dACC revisions\Run 4\Br2720_dlPFC_20x_img_011-MaxIP-Stitched_unmixed-rotated.nd2","Layer 1","dACC_v17_ FISH-IF v2.4.4","91","3016","3042","2270","2293","0","0","0","0","1","1","2109.0044","0","312.47714","0","0","0","0","0","0","0","0","0","0","0","0","0","0","0","0","0","0","0","0","88.83967","67.435295","21.404377","21.02572","0.805859"
"D:\HAA\dACC revisions\Run 4\Br2720_dlPFC_20x_img_011-MaxIP-Stitched_unmixed-rotated.nd2","Layer 1","dACC_v17_ FISH-IF v2.4.4","92","3039","3056","2287","2305","0","0","0","0","1","1","991.2184","0","177.0837","0","0","0","0","0","0","0","0","0","0","0","0","0","0","0","0","0","0","0","0","46.353134","42.348446","4.00469","8.15283","0.789274"
"D:\HAA\dACC revisions\Run 4\Br2720_dlPFC_20x_img_011-MaxIP-Stitched_unmixed-rotated.nd2","Layer 1","dACC_v17_ FISH-IF v2.4.4","93","2786","2807","1904","1923","0","0","0","0","1","1","610.3512","0","136.94139","1","0.50634","0","384.08197","758.5455","1","0.920618","0","634.6743","689.4","0","0","0","0","0","0","0","0","0","0","58.781483","51.048286","7.733194","12.014698","0.748444"
"D:\HAA\dACC revisions\Run 4\Br2720_dlPFC_20x_img_011-MaxIP-Stitched_unmixed-rotated.nd2","Layer 1","dACC_v17_ FISH-IF v2.4.4","94","2721","2746","1918","1947","0","0","0","0","1","1","2726.0352","0","437.09445","0","0","0","0","0","0","0","0","0","0","0","0","0","0","0","0","0","0","0","0","112.13132","79.44936","32.68195","24.887589","0.847128"
"D:\HAA\dACC revisions\Run 4\Br2720_dlPFC_20x_img_011-MaxIP-Stitched_unmixed-rotated.nd2","Layer 1","dACC_v17_ FISH-IF v2.4.4","95","2861","2886","1940","1966","0","0","0","0","1","1","3223.9277","0","451.68048","0","0","0","0","0","1","0.414278","0","254.13669","613.44446","0","0","0","0","0","0","0","0","0","0","95.23797","71.0257","24.212263","21.454817","0.884888"
"D:\HAA\dACC revisions\Run 4\Br2720_dlPFC_20x_img_011-MaxIP-Stitched_unmixed-rotated.nd2","Layer 1","dACC_v17_ FISH-IF v2.4.4","96","2668","2704","1942","1973","1","1","1","0","1","1","1591.6938","0","243.6405","0","0","0","0","0","25","39.08025","3","57423.707","1469.3793","11","11.047421","2","7894.5327","714.6042","6","9.528399","1","4904.5483","514.7295","152.27028","100.25534","52.01494","35.614998","0.666894"
"D:\HAA\dACC revisions\Run 4\Br2720_dlPFC_20x_img_011-MaxIP-Stitched_unmixed-rotated.nd2","Layer 1","dACC_v17_ FISH-IF v2.4.4","97","2795","2821","1944","1971","0","0","0","0","1","1","3397.0588","0","518.4633","2","3.268195","0","2986.808","913.9014","2","3.590412","0","4736.535","1319.2179","0","0","0","0","0","0","0","0","0","0","102.00452","74.61612","27.388395","23.171202","0.867377"
"D:\HAA\dACC revisions\Run 4\Br2720_dlPFC_20x_img_011-MaxIP-Stitched_unmixed-rotated.nd2","Layer 1","dACC_v17_ FISH-IF v2.4.4","98","2613","2638","1968","2002","1","1","0","0","1","1","1630.8573","0","446.26923","1","6.490359","0","7245.5425","1116.3546","21","31.162931","3","42630.383","1367.9838","9","8.791905","1","6368.884","724.40314","0","0","0","0","0","119.49626","76.59544","42.900814","31.538582","0.743068"
"D:\HAA\dACC revisions\Run 4\Br2720_dlPFC_20x_img_011-MaxIP-Stitched_unmixed-rotated.nd2","Layer 1","dACC_v17_ FISH-IF v2.4.4","99","2644","2673","1968","1998","1","0","0","0","1","1","2344.633","0","477.97916","3","7.364947","0","7028.737","954.35","4","4.603092","1","3851.2688","836.67","0","0","0","0","0","1","0.644433","0","288.47577","447.64285","124.4676","86.07781","38.389786","27.891262","0.726583"
"D:\HAA\dACC revisions\Run 4\Br2720_dlPFC_20x_img_011-MaxIP-Stitched_unmixed-rotated.nd2","Layer 1","dACC_v17_ FISH-IF v2.4.4","100","2834","2863","1975","2004","0","1","1","0","1","1","1024.4458","0","196.41277","0","0","0","0","0","2","3.176133","0","2782.4768","876.058","12","11.231544","2","9988.156","889.2951","26","48.746742","3","40684.61","834.6119","112.91384","81.52075","31.393085","27.462166","0.707199"
"D:\HAA\dACC revisions\Run 4\Br2720_dlPFC_20x_img_011-MaxIP-Stitched_unmixed-rotated.nd2","Layer 1","dACC_v17_ FISH-IF v2.4.4","101","2627","2655","2000","2019","0","0","0","0","1","1","565.30963","0","139.78764","0","0","0","0","0","0","0","0","0","0","0","0","0","0","0","0","0","0","0","0","77.74622","64.81153","12.934688","18.022047","0.569028"
"D:\HAA\dACC revisions\Run 4\Br2720_dlPFC_20x_img_011-MaxIP-Stitched_unmixed-rotated.nd2","Layer 1","dACC_v17_ FISH-IF v2.4.4","102","2836","2863","2003","2030","0","0","0","1","1","1","2639.9558","0","518.5361","6","10.54108","1","10818.141","1026.2838","3","4.050721","0","3472.7104","857.3068","0","0","0","0","0","0","0","0","0","0","103.43147","75.30658","28.124891","24.458492","0.815605"
"D:\HAA\dACC revisions\Run 4\Br2720_dlPFC_20x_img_011-MaxIP-Stitched_unmixed-rotated.nd2","Layer 1","dACC_v17_ FISH-IF v2.4.4","103","2782","2808","2005","2029","1","0","0","0","1","1","3072.7783","0","385.6686","0","0","0","0","0","7","10.909328","1","11550.078","1058.7341","0","0","0","0","0","0","0","0","0","0","95.468124","71.39395","24.07417","21.02572","0.846813"
"D:\HAA\dACC revisions\Run 4\Br2720_dlPFC_20x_img_011-MaxIP-Stitched_unmixed-rotated.nd2","Layer 1","dACC_v17_ FISH-IF v2.4.4","104","2971","3007","2017","2046","1","0","0","0","1","1","1175.3947","0","204.28758","0","0","0","0","0","30","43.63731","4","67020.65","1535.8566","0","0","0","0","0","0","0","0","0","0","152.68456","98.92044","53.76411","33.469513","0.725562"
"D:\HAA\dACC revisions\Run 4\Br2720_dlPFC_20x_img_011-MaxIP-Stitched_unmixed-rotated.nd2","Layer 1","dACC_v17_ FISH-IF v2.4.4","105","2816","2838","2195","2224","0","0","0","0","1","1","3034.7893","0","385.30896","0","0","0","0","0","0","0","0","0","0","0","0","0","0","0","0","0","0","0","0","94.91575","72.40663","22.509119","21.454817","0.71129"
"D:\HAA\dACC revisions\Run 4\Br2720_dlPFC_20x_img_011-MaxIP-Stitched_unmixed-rotated.nd2","Layer 1","dACC_v17_ FISH-IF v2.4.4","106","2618","2645","2234","2260","0","0","0","0","1","1","2630.6646","0","417.83066","0","0","0","0","0","3","3.314226","0","2673.2915","806.6111","0","0","0","0","0","0","0","0","0","0","97.35539","63.06236","34.293034","26.389425","0.828778"
"D:\HAA\dACC revisions\Run 4\Br2720_dlPFC_20x_img_011-MaxIP-Stitched_unmixed-rotated.nd2","Layer 1","dACC_v17_ FISH-IF v2.4.4","107","2831","2862","2247","2273","0","0","0","0","1","1","1953.9373","0","332.59976","0","0","0","0","0","2","1.795206","0","2238.2534","824.1525","0","0","0","0","0","0","0","0","0","0","111.90116","78.896996","33.00417","26.603973","0.733612"
"D:\HAA\dACC revisions\Run 4\Br2720_dlPFC_20x_img_011-MaxIP-Stitched_unmixed-rotated.nd2","Layer 1","dACC_v17_ FISH-IF v2.4.4","108","2608","2638","2253","2277","1","0","0","0","1","1","1564.6265","0","789.32544","0","0","0","0","0","13","20.898037","2","27657.309","1323.4406","3","2.853917","0","2080.9658","729.1613","0","0","0","0","0","82.53343","58.13705","24.396387","27.462166","0.598298"
"D:\HAA\dACC revisions\Run 4\Br2720_dlPFC_20x_img_011-MaxIP-Stitched_unmixed-rotated.nd2","Layer 1","dACC_v17_ FISH-IF v2.4.4","109","2643","2669","2256","2280","0","0","0","0","1","1","2903.5586","0","474.4717","0","0","0","0","0","2","4.418968","0","4756.1904","1076.3125","1","0.644433","0","429.19226","666","0","0","0","0","0","90.77297","69.18447","21.588501","20.596624","0.81052"
"D:\HAA\dACC revisions\Run 4\Br2720_dlPFC_20x_img_011-MaxIP-Stitched_unmixed-rotated.nd2","Layer 1","dACC_v17_ FISH-IF v2.4.4","110","2973","2994","2258","2276","0","0","0","0","1","1","351.4","0","130.09166","0","0","0","0","0","0","0","0","0","0","0","0","0","0","0","0","0","0","0","0","57.354523","50.21973","7.134792","11.156505","0.7275"
"D:\HAA\dACC revisions\Run 4\Br2720_dlPFC_20x_img_011-MaxIP-Stitched_unmixed-rotated.nd2","Layer 1","dACC_v17_ FISH-IF v2.4.4","111","2826","2854","2272","2296","0","0","0","0","1","1","1485.1654","0","341.5371","0","0","0","0","0","1","0.552371","0","1008.1691","782.2143","0","0","0","0","0","0","0","0","0","0","105.73302","75.67483","30.05819","23.814846","0.83158"
"D:\HAA\dACC revisions\Run 4\Br2720_dlPFC_20x_img_011-MaxIP-Stitched_unmixed-rotated.nd2","Layer 1","dACC_v17_ FISH-IF v2.4.4","112","2653","2674","2283","2305","0","0","0","0","1","1","2328.1","0","388.19092","0","0","0","0","0","0","0","0","0","0","0","0","0","0","0","0","0","0","0","0","56.15772","40.507206","15.650512","17.59295","0.819211"
"D:\HAA\dACC revisions\Run 4\Br2720_dlPFC_20x_img_011-MaxIP-Stitched_unmixed-rotated.nd2","Layer 1","dACC_v17_ FISH-IF v2.4.4","113","5108","5137","721","748","0","0","0","0","1","1","2480.2944","0","389.5737","2","5.201494","0","5090.9736","978.7522","0","0","0","0","0","0","0","0","0","0","0","0","0","0","0","114.47889","80.87632","33.60257","25.74578","0.816451"
"D:\HAA\dACC revisions\Run 4\Br2720_dlPFC_20x_img_011-MaxIP-Stitched_unmixed-rotated.nd2","Layer 1","dACC_v17_ FISH-IF v2.4.4","114","5043","5070","738","761","0","0","0","0","1","1","2166.935","0","417.98862","0","0","0","0","0","0","0","0","0","0","0","0","0","0","0","0","0","0","0","0","89.20792","68.67813","20.529789","20.167528","0.796191"
"D:\HAA\dACC revisions\Run 4\Br2720_dlPFC_20x_img_011-MaxIP-Stitched_unmixed-rotated.nd2","Layer 1","dACC_v17_ FISH-IF v2.4.4","115","5387","5415","752","782","0","0","0","0","1","1","1661.3134","0","413.94098","0","0","0","0","0","0","0","0","0","0","0","0","0","0","0","0","0","0","0","0","118.6677","82.671524","35.996178","27.462166","0.841363"
"D:\HAA\dACC revisions\Run 4\Br2720_dlPFC_20x_img_011-MaxIP-Stitched_unmixed-rotated.nd2","Layer 1","dACC_v17_ FISH-IF v2.4.4","116","5246","5273","805","829","0","0","0","1","1","1","1765.5586","0","235.02399","16","32.958138","3","92243.98","2798.8225","0","0","0","0","0","0","0","0","0","0","0","0","0","0","0","91.095184","69.09241","22.002779","22.31301","0.696058"
"D:\HAA\dACC revisions\Run 4\Br2720_dlPFC_20x_img_011-MaxIP-Stitched_unmixed-rotated.nd2","Layer 1","dACC_v17_ FISH-IF v2.4.4","117","5268","5297","811","838","0","0","0","1","1","1","1837.4039","0","255.86261","32","57.538647","4","191153.14","3322.1697","0","0","0","0","0","0","0","0","0","0","0","0","0","0","0","109.8758","77.055756","32.820045","25.316685","0.86201"
"D:\HAA\dACC revisions\Run 4\Br2720_dlPFC_20x_img_011-MaxIP-Stitched_unmixed-rotated.nd2","Layer 1","dACC_v17_ FISH-IF v2.4.4","118","5326","5348","828","858","0","0","0","1","1","1","1682.28","0","340.525","21","42.486538","3","125426.836","2952.155","0","0","0","0","0","0","0","0","0","0","0","0","0","0","0","96.29668","62.602047","33.694633","27.891262","0.747459"
"D:\HAA\dACC revisions\Run 4\Br2720_dlPFC_20x_img_011-MaxIP-Stitched_unmixed-rotated.nd2","Layer 1","dACC_v17_ FISH-IF v2.4.4","119","5347","5371","832","863","0","0","0","1","1","1","1816.1328","0","216.90508","9","23.337675","1","45355.734","1943.4556","0","0","0","0","0","0","0","0","0","0","0","0","0","0","0","113.23605","68.86225","44.373806","29.17855","0.894013"
"D:\HAA\dACC revisions\Run 4\Br2720_dlPFC_20x_img_011-MaxIP-Stitched_unmixed-rotated.nd2","Layer 1","dACC_v17_ FISH-IF v2.4.4","120","5083","5108","843","869","0","0","0","0","1","1","1940.2664","0","443.83698","2","3.636442","0","4530.731","1245.9241","0","0","0","0","0","0","0","0","0","0","0","0","0","0","0","87.27462","57.032307","30.242313","24.458492","0.777913"
"D:\HAA\dACC revisions\Run 4\Br2720_dlPFC_20x_img_011-MaxIP-Stitched_unmixed-rotated.nd2","Layer 1","dACC_v17_ FISH-IF v2.4.4","121","5062","5089","846","874","0","0","0","0","1","1","2728.8208","0","437.27863","3","5.52371","0","9414.565","1704.3917","0","0","0","0","0","0","0","0","0","0","0","0","0","0","0","107.57426","66.74483","40.829422","28.749454","0.78345"
"D:\HAA\dACC revisions\Run 4\Br2720_dlPFC_20x_img_011-MaxIP-Stitched_unmixed-rotated.nd2","Layer 1","dACC_v17_ FISH-IF v2.4.4","122","5007","5037","866","894","0","0","0","1","1","1","1953.8073","0","350.32858","13","31.761333","2","66374.375","2089.7854","0","0","0","0","0","0","0","0","0","0","0","0","0","0","0","117.93121","77.33194","40.59927","28.749454","0.880184"
"D:\HAA\dACC revisions\Run 4\Br2720_dlPFC_20x_img_011-MaxIP-Stitched_unmixed-rotated.nd2","Layer 1","dACC_v17_ FISH-IF v2.4.4","123","5089","5121","909","941","0","0","0","1","1","1","1481.5946","0","252.5532","18","41.842106","3","92478.78","2210.1848","0","0","0","0","0","0","0","0","0","0","0","0","0","0","0","151.21156","96.02049","55.19107","33.040417","0.898381"
"D:\HAA\dACC revisions\Run 4\Br2720_dlPFC_20x_img_011-MaxIP-Stitched_unmixed-rotated.nd2","Layer 1","dACC_v17_ FISH-IF v2.4.4","124","5036","5060","914","943","0","0","0","0","1","1","2283.5933","0","445.68298","0","0","0","0","0","0","0","0","0","0","0","0","0","0","0","0","0","0","0","0","93.39673","65.77818","27.618551","25.96033","0.743704"
"D:\HAA\dACC revisions\Run 4\Br2720_dlPFC_20x_img_011-MaxIP-Stitched_unmixed-rotated.nd2","Layer 1","dACC_v17_ FISH-IF v2.4.4","125","5057","5079","919","941","0","0","0","1","1","1","2156.669","0","336.11148","7","17.998089","1","37910.188","2106.3452","0","0","0","0","0","0","0","0","0","0","0","0","0","0","0","74.66215","54.914886","19.747263","19.738432","0.71482"
"D:\HAA\dACC revisions\Run 4\Br2720_dlPFC_20x_img_011-MaxIP-Stitched_unmixed-rotated.nd2","Layer 1","dACC_v17_ FISH-IF v2.4.4","126","5361","5397","928","966","0","0","0","0","1","1","1415.2876","0","276.29025","0","0","0","0","0","0","0","0","0","0","0","0","0","0","0","0","0","0","0","0","164.83672","107.52822","57.30849","42.05144","0.618011"
"D:\HAA\dACC revisions\Run 4\Br2720_dlPFC_20x_img_011-MaxIP-Stitched_unmixed-rotated.nd2","Layer 1","dACC_v17_ FISH-IF v2.4.4","127","5334","5362","943","969","0","0","0","0","1","1","2237.7944","0","495.513","2","3.774535","0","3578.4436","948.04877","0","0","0","0","0","0","0","0","0","0","0","0","0","0","0","101.6823","70.79555","30.886745","25.74578","0.750712"
"D:\HAA\dACC revisions\Run 4\Br2720_dlPFC_20x_img_011-MaxIP-Stitched_unmixed-rotated.nd2","Layer 1","dACC_v17_ FISH-IF v2.4.4","128","5305","5335","953","982","0","0","0","0","1","1","2530.3926","0","565.8866","0","0","0","0","0","0","0","0","0","0","0","0","0","0","0","0","0","0","0","0","136.25151","85.24926","51.00226","33.89861","0.713802"
"D:\HAA\dACC revisions\Run 4\Br2720_dlPFC_20x_img_011-MaxIP-Stitched_unmixed-rotated.nd2","Layer 1","dACC_v17_ FISH-IF v2.4.4","129","5008","5036","962","988","0","0","0","1","1","1","2161.9749","0","301.79437","4","6.076081","1","9525.04","1352.4641","0","0","0","0","0","0","0","0","0","0","0","0","0","0","0","97.07921","62.2338","34.845406","26.603973","0.739707"
"D:\HAA\dACC revisions\Run 4\Br2720_dlPFC_20x_img_011-MaxIP-Stitched_unmixed-rotated.nd2","Layer 1","dACC_v17_ FISH-IF v2.4.4","130","5039","5071","969","1000","0","0","0","1","1","1","1757.9679","0","309.2952","6","9.666492","1","14564.366","1506.6857","0","0","0","0","0","0","0","0","0","0","0","0","0","0","0","143.3863","88.885704","54.500607","33.040417","0.863573"
"D:\HAA\dACC revisions\Run 4\Br2720_dlPFC_20x_img_011-MaxIP-Stitched_unmixed-rotated.nd2","Layer 1","dACC_v17_ FISH-IF v2.4.4","131","5016","5042","980","1005","0","0","0","1","1","1","2162.0261","0","421.00522","21","37.883446","3","115234.35","3041.813","0","0","0","0","0","1","0.690464","0","462.7488","670.2","0","0","0","0","0","84.88101","53.02762","31.853395","25.316685","0.890649"
"D:\HAA\dACC revisions\Run 4\Br2720_dlPFC_20x_img_011-MaxIP-Stitched_unmixed-rotated.nd2","Layer 1","dACC_v17_ FISH-IF v2.4.4","132","5185","5211","989","1011","0","0","0","0","1","1","1709.9148","0","287.6157","0","0","0","0","0","0","0","0","0","0","0","0","0","0","0","0","0","0","0","0","85.157196","66.23849","18.918707","19.094788","0.795281"
"D:\HAA\dACC revisions\Run 4\Br2720_dlPFC_20x_img_011-MaxIP-Stitched_unmixed-rotated.nd2","Layer 1","dACC_v17_ FISH-IF v2.4.4","133","5350","5376","1001","1031","0","0","0","1","1","1","1918.2448","0","271.75525","5","11.968039","1","14190.457","1185.6962","0","0","0","0","0","0","0","0","0","0","1","0.322216","0","142.46568","442.14285","114.15668","81.24457","32.912106","25.316685","0.808308"
"D:\HAA\dACC revisions\Run 4\Br2720_dlPFC_20x_img_011-MaxIP-Stitched_unmixed-rotated.nd2","Layer 1","dACC_v17_ FISH-IF v2.4.4","134","5100","5125","1079","1105","0","0","0","0","1","1","1484.1738","0","284.32346","3","13.947368","0","20991.064","1505.0198","0","0","0","0","0","0","0","0","0","0","0","0","0","0","0","97.63158","73.005035","24.626541","21.454817","0.779386"
"D:\HAA\dACC revisions\Run 4\Br2720_dlPFC_20x_img_011-MaxIP-Stitched_unmixed-rotated.nd2","Layer 1","dACC_v17_ FISH-IF v2.4.4","135","1129","1151","693","721","0","0","0","0","1","1","2962.823","0","516.604","0","0","0","0","0","0","0","0","0","0","0","0","0","0","0","0","0","0","0","0","88.97776","57.768803","31.208961","24.67304","0.821558"
"D:\HAA\dACC revisions\Run 4\Br2720_dlPFC_20x_img_011-MaxIP-Stitched_unmixed-rotated.nd2","Layer 1","dACC_v17_ FISH-IF v2.4.4","136","1149","1172","695","719","0","0","1","0","1","1","2371.9434","0","514.3658","0","0","0","0","0","0","0","0","0","0","0","0","0","0","0","4","7.364947","1","4253.993","577.6","76.59544","48.19437","28.401075","24.67304","0.711695"
"D:\HAA\dACC revisions\Run 4\Br2720_dlPFC_20x_img_011-MaxIP-Stitched_unmixed-rotated.nd2","Layer 1","dACC_v17_ FISH-IF v2.4.4","137","1142","1172","718","743","0","0","1","0","1","1","2204.4893","0","479.48376","0","0","0","0","0","0","0","0","0","0","0","0","0","0","0","18","37.05489","3","21082.39","568.9503","113.46621","75.07642","38.389786","27.462166","0.854305"
"D:\HAA\dACC revisions\Run 4\Br2720_dlPFC_20x_img_011-MaxIP-Stitched_unmixed-rotated.nd2","Layer 1","dACC_v17_ FISH-IF v2.4.4","138","1164","1195","736","764","0","0","0","0","1","1","1754.1993","0","337.11676","0","0","0","0","0","0","0","0","0","0","0","0","0","0","0","0","0","0","0","0","126.354866","85.93972","40.415146","28.749454","0.824353"
"D:\HAA\dACC revisions\Run 4\Br2720_dlPFC_20x_img_011-MaxIP-Stitched_unmixed-rotated.nd2","Layer 1","dACC_v17_ FISH-IF v2.4.4","139","1012","1038","793","821","0","0","0","1","1","1","2555.1836","0","425.3415","9","24.58051","1","39245.363","1596.6049","0","0","0","0","0","0","0","0","0","0","0","0","0","0","0","110.70435","78.85096","31.853395","24.458492","0.828705"
"D:\HAA\dACC revisions\Run 4\Br2720_dlPFC_20x_img_011-MaxIP-Stitched_unmixed-rotated.nd2","Layer 1","dACC_v17_ FISH-IF v2.4.4","140","1258","1288","843","871","0","0","0","1","1","1","2291.309","0","352.94427","9","21.496439","1","36256.574","1686.6317","0","0","0","0","0","0","0","0","0","0","0","0","0","0","0","126.861206","85.89369","40.967518","27.03307","0.855819"
"D:\HAA\dACC revisions\Run 4\Br2720_dlPFC_20x_img_011-MaxIP-Stitched_unmixed-rotated.nd2","Layer 1","dACC_v17_ FISH-IF v2.4.4","141","1200","1231","857","883","0","0","1","0","1","1","870.7356","0","204.51044","0","0","0","0","0","0","0","0","0","0","2","2.02536","0","1566.1559","773.2727","32","61.819523","4","46987.625","760.07745","118.89786","75.030396","43.867466","31.967678","0.679351"
"D:\HAA\dACC revisions\Run 4\Br2720_dlPFC_20x_img_011-MaxIP-Stitched_unmixed-rotated.nd2","Layer 1","dACC_v17_ FISH-IF v2.4.4","142","1273","1295","869","888","0","0","0","0","1","1","979.86224","0","170.94952","0","0","0","0","0","0","0","0","0","0","0","0","0","0","0","0","0","0","0","0","61.911583","52.889523","9.022059","12.443794","0.812864"
"D:\HAA\dACC revisions\Run 4\Br2720_dlPFC_20x_img_011-MaxIP-Stitched_unmixed-rotated.nd2","Layer 1","dACC_v17_ FISH-IF v2.4.4","143","1201","1225","884","900","0","0","1","0","1","1","1100.1782","0","181.15044","0","0","0","0","0","0","0","0","0","0","1","0.828557","0","599.87494","724","21","38.758034","3","34416.305","887.97864","58.13705","41.61195","16.525099","17.163853","0.735966"
"D:\HAA\dACC revisions\Run 4\Br2720_dlPFC_20x_img_011-MaxIP-Stitched_unmixed-rotated.nd2","Layer 1","dACC_v17_ FISH-IF v2.4.4","144","1148","1176","882","912","0","0","0","0","1","1","2015.8857","0","402.01355","0","0","0","0","0","0","0","0","0","0","0","0","0","0","0","0","0","0","0","0","123.91523","84.834984","39.08025","27.891262","0.85616"
"D:\HAA\dACC revisions\Run 4\Br2720_dlPFC_20x_img_011-MaxIP-Stitched_unmixed-rotated.nd2","Layer 1","dACC_v17_ FISH-IF v2.4.4","145","1293","1326","914","946","0","0","0","0","1","1","1813.0833","0","299.3086","0","0","0","0","0","0","0","0","0","0","0","0","0","0","0","0","0","0","0","0","141.8673","94.86972","46.997566","33.89861","0.719789"
"D:\HAA\dACC revisions\Run 4\Br2720_dlPFC_20x_img_011-MaxIP-Stitched_unmixed-rotated.nd2","Layer 1","dACC_v17_ FISH-IF v2.4.4","146","1339","1361","921","941","0","0","0","0","1","1","2562.3625","0","344.249","0","0","0","0","0","0","0","0","0","0","0","0","0","0","0","0","0","0","0","0","69.55272","57.492615","12.060101","14.589275","0.822711"
"D:\HAA\dACC revisions\Run 4\Br2720_dlPFC_20x_img_011-MaxIP-Stitched_unmixed-rotated.nd2","Layer 1","dACC_v17_ FISH-IF v2.4.4","147","1140","1159","926","945","0","0","0","0","1","1","1196.1233","0","152.64503","0","0","0","0","0","0","0","0","0","0","0","0","0","0","0","0","0","0","0","0","54.960915","48.240402","6.720514","10.727408","0.831741"
"D:\HAA\dACC revisions\Run 4\Br2720_dlPFC_20x_img_011-MaxIP-Stitched_unmixed-rotated.nd2","Layer 1","dACC_v17_ FISH-IF v2.4.4","148","1011","1032","954","991","0","0","0","0","1","1","550.55194","0","193.5719","0","0","0","0","0","0","0","0","0","0","0","0","0","0","0","0","0","0","0","0","109.59962","82.57947","27.02015","30.680387","0.540012"
"D:\HAA\dACC revisions\Run 4\Br2720_dlPFC_20x_img_011-MaxIP-Stitched_unmixed-rotated.nd2","Layer 1","dACC_v17_ FISH-IF v2.4.4","149","1030","1051","958","984","0","0","0","0","1","1","652.5921","0","195.63255","0","0","0","0","0","0","0","0","0","0","0","0","0","0","0","0","0","0","0","0","84.512764","64.7655","19.747263","24.67304","0.612819"
"D:\HAA\dACC revisions\Run 4\Br2720_dlPFC_20x_img_011-MaxIP-Stitched_unmixed-rotated.nd2","Layer 1","dACC_v17_ FISH-IF v2.4.4","150","1278","1317","958","987","0","0","0","1","1","1","2269.0166","0","409.05463","4","9.022059","1","8758.44","970.78064","0","0","0","0","0","0","0","0","0","0","0","0","0","0","0","157.10352","104.49018","52.61334","36.902287","0.634905"
"D:\HAA\dACC revisions\Run 4\Br2720_dlPFC_20x_img_011-MaxIP-Stitched_unmixed-rotated.nd2","Layer 1","dACC_v17_ FISH-IF v2.4.4","151","1116","1149","992","1018","0","0","0","0","1","1","1927.0581","0","293.0914","0","0","0","0","0","0","0","0","0","0","0","0","0","0","0","0","0","0","0","0","117.01059","86.12385","30.886745","28.320358","0.628176"
"D:\HAA\dACC revisions\Run 4\Br2720_dlPFC_20x_img_011-MaxIP-Stitched_unmixed-rotated.nd2","Layer 1","dACC_v17_ FISH-IF v2.4.4","152","1378","1397","1047","1063","0","0","0","0","1","1","1709.0994","0","500.37073","0","0","0","0","0","0","0","0","0","0","0","0","0","0","0","0","0","0","0","0","39.356434","32.405766","6.950668","11.585601","0.798858"
"D:\HAA\dACC revisions\Run 4\Br2720_dlPFC_20x_img_011-MaxIP-Stitched_unmixed-rotated.nd2","Layer 1","dACC_v17_ FISH-IF v2.4.4","153","1366","1393","1054","1074","0","0","0","0","1","1","1994.4814","0","383.82117","0","0","0","0","0","0","0","0","0","0","0","0","0","0","0","0","0","0","0","0","66.46864","39.12628","27.342365","22.956654","0.811679"
"D:\HAA\dACC revisions\Run 4\Br2720_dlPFC_20x_img_011-MaxIP-Stitched_unmixed-rotated.nd2","Layer 1","dACC_v17_ FISH-IF v2.4.4","154","1120","1147","1058","1082","0","0","0","0","1","1","3089.5942","0","445.62564","0","0","0","0","0","0","0","0","0","0","0","0","0","0","0","0","0","0","0","0","93.81101","70.33524","23.475767","21.454817","0.854187"
"D:\HAA\dACC revisions\Run 4\Br2720_dlPFC_20x_img_011-MaxIP-Stitched_unmixed-rotated.nd2","Layer 1","dACC_v17_ FISH-IF v2.4.4","155","1370","1395","1072","1090","0","0","0","0","1","1","2251.4297","0","316.61887","0","0","0","0","0","0","0","0","0","0","0","0","0","0","0","0","0","0","0","0","68.81622","46.859474","21.956747","19.309336","0.829306"
"D:\HAA\dACC revisions\Run 4\Br2720_dlPFC_20x_img_011-MaxIP-Stitched_unmixed-rotated.nd2","Layer 1","dACC_v17_ FISH-IF v2.4.4","156","4622","4654","1489","1516","1","0","1","0","1","1","2387.1262","0","370.4364","0","0","0","0","0","4","5.247525","1","4256.433","811.1316","0","0","0","0","0","5","6.674483","1","3239.0576","485.28964","127.689766","86.492096","41.19767","28.749454","0.848414"
"D:\HAA\dACC revisions\Run 4\Br2720_dlPFC_20x_img_011-MaxIP-Stitched_unmixed-rotated.nd2","Layer 1","dACC_v17_ FISH-IF v2.4.4","157","4764","4792","1500","1522","0","0","0","0","1","1","1941.2582","0","321.51056","0","0","0","0","0","1","0.552371","0","360.4681","652.5833","0","0","0","0","0","0","0","0","0","0","90.819","69.78287","21.036129","21.02572","0.76027"
"D:\HAA\dACC revisions\Run 4\Br2720_dlPFC_20x_img_011-MaxIP-Stitched_unmixed-rotated.nd2","Layer 1","dACC_v17_ FISH-IF v2.4.4","158","4690","4722","1510","1538","0","0","0","0","1","1","2362.3726","0","359.3956","0","0","0","0","0","1","1.703144","0","1495.4985","878.08105","0","0","0","0","0","3","6.352267","0","3417.4275","537.98553","130.7278","87.73493","42.992878","29.607647","0.840552"
"D:\HAA\dACC revisions\Run 4\Br2720_dlPFC_20x_img_011-MaxIP-Stitched_unmixed-rotated.nd2","Layer 1","dACC_v17_ FISH-IF v2.4.4","159","4958","4987","1513","1546","0","0","0","0","1","1","1957.0055","0","305.9405","0","0","0","0","0","0","0","0","0","0","0","0","0","0","0","0","0","0","0","0","143.34027","92.84436","50.49592","31.324034","0.86411"
"D:\HAA\dACC revisions\Run 4\Br2720_dlPFC_20x_img_011-MaxIP-Stitched_unmixed-rotated.nd2","Layer 1","dACC_v17_ FISH-IF v2.4.4","160","4613","4643","1523","1552","0","0","0","1","1","1","1972.1276","0","415.14404","10","29.04551","2","42727.047","1471.0381","0","0","0","0","0","0","0","0","0","0","0","0","0","0","0","131.55637","87.873024","43.683342","28.749454","0.895244"
"D:\HAA\dACC revisions\Run 4\Br2720_dlPFC_20x_img_011-MaxIP-Stitched_unmixed-rotated.nd2","Layer 1","dACC_v17_ FISH-IF v2.4.4","161","4647","4679","1571","1598","1","0","0","0","1","1","2280.597","0","360.26816","0","0","0","0","0","7","8.515719","1","7053.8696","794","0","0","0","0","0","1","0.828557","0","423.62253","511.27777","117.83915","72.26854","45.57061","29.607647","0.842818"
"D:\HAA\dACC revisions\Run 4\Br2720_dlPFC_20x_img_011-MaxIP-Stitched_unmixed-rotated.nd2","Layer 1","dACC_v17_ FISH-IF v2.4.4","162","4703","4729","1581","1604","1","0","0","0","1","1","2132.9487","0","318.59567","0","0","0","0","0","4","4.741185","1","3849.0132","811.82526","0","0","0","0","0","2","1.334897","0","595.8242","446.34482","84.09849","66.14643","17.952057","18.88024","0.72864"
"D:\HAA\dACC revisions\Run 4\Br2720_dlPFC_20x_img_011-MaxIP-Stitched_unmixed-rotated.nd2","Layer 1","dACC_v17_ FISH-IF v2.4.4","163","4659","4689","1589","1611","0","0","0","1","1","1","2031.2911","0","300.88126","10","26.191591","2","51059.52","1949.4622","0","0","0","0","0","0","0","0","0","0","0","0","0","0","0","88.79364","59.7021","29.09154","24.887589","0.721802"
"D:\HAA\dACC revisions\Run 4\Br2720_dlPFC_20x_img_011-MaxIP-Stitched_unmixed-rotated.nd2","Layer 1","dACC_v17_ FISH-IF v2.4.4","164","4745","4779","1617","1650","0","0","0","0","1","1","1666.0048","0","307.68506","0","0","0","0","0","0","0","0","0","0","0","0","0","0","0","0","0","0","0","0","157.0575","98.36807","58.68942","34.756805","0.836369"
"D:\HAA\dACC revisions\Run 4\Br2720_dlPFC_20x_img_011-MaxIP-Stitched_unmixed-rotated.nd2","Layer 1","dACC_v17_ FISH-IF v2.4.4","165","4726","4745","1628","1648","0","0","0","0","1","1","606.625","0","135.98222","0","0","0","0","0","0","0","0","0","0","0","0","0","0","0","1","0.644433","0","366.4061","497.5","56.940247","49.20705","7.733194","12.014698","0.829534"
"D:\HAA\dACC revisions\Run 4\Br2720_dlPFC_20x_img_011-MaxIP-Stitched_unmixed-rotated.nd2","Layer 1","dACC_v17_ FISH-IF v2.4.4","166","4657","4686","1649","1679","0","0","0","0","1","1","2139.0996","0","355.2177","0","0","0","0","0","0","0","0","0","0","0","0","0","0","0","0","0","0","0","0","132.75316","88.379364","44.373806","29.17855","0.877115"
"D:\HAA\dACC revisions\Run 4\Br2720_dlPFC_20x_img_011-MaxIP-Stitched_unmixed-rotated.nd2","Layer 1","dACC_v17_ FISH-IF v2.4.4","167","4735","4759","1654","1674","0","0","0","1","1","1","1233.1835","0","188.6248","4","13.855307","1","21194.2","1529.681","0","0","0","0","0","0","0","0","0","0","0","0","0","0","0","71.43999","58.64339","12.796595","15.662017","0.791477"
"D:\HAA\dACC revisions\Run 4\Br2720_dlPFC_20x_img_011-MaxIP-Stitched_unmixed-rotated.nd2","Layer 1","dACC_v17_ FISH-IF v2.4.4","168","4644","4674","1693","1718","1","0","1","0","1","1","2759.522","0","370.25726","0","0","0","0","0","5","8.423658","1","9326.555","1107.1858","0","0","0","0","0","7","9.298245","1","4368.334","469.80197","114.29477","80.87632","33.418446","25.316685","0.819623"
"D:\HAA\dACC revisions\Run 4\Br2720_dlPFC_20x_img_011-MaxIP-Stitched_unmixed-rotated.nd2","Layer 1","dACC_v17_ FISH-IF v2.4.4","169","4785","4805","1716","1736","0","0","0","0","1","1","1811.5548","0","236.42813","0","0","0","0","0","0","0","0","0","0","0","0","0","0","0","0","0","0","0","0","59.011635","45.15633","13.855307","16.734756","0.730823"
"D:\HAA\dACC revisions\Run 4\Br2720_dlPFC_20x_img_011-MaxIP-Stitched_unmixed-rotated.nd2","Layer 1","dACC_v17_ FISH-IF v2.4.4","170","4767","4787","1717","1738","0","0","0","0","1","1","1491.8303","0","260.7092","0","0","0","0","0","0","0","0","0","0","0","0","0","0","0","0","0","0","0","0","61.72746","46.53726","15.190203","17.59295","0.714873"
"D:\HAA\dACC revisions\Run 4\Br2720_dlPFC_20x_img_011-MaxIP-Stitched_unmixed-rotated.nd2","Layer 1","dACC_v17_ FISH-IF v2.4.4","171","4976","5003","1725","1750","0","0","0","0","1","1","1344.113","0","211.27135","0","0","0","0","0","0","0","0","0","0","0","0","0","0","0","0","0","0","0","0","88.79364","70.05906","18.734583","21.454817","0.657557"
"D:\HAA\dACC revisions\Run 4\Br2720_dlPFC_20x_img_011-MaxIP-Stitched_unmixed-rotated.nd2","Layer 1","dACC_v17_ FISH-IF v2.4.4","172","4637","4660","1820","1846","0","0","0","0","1","1","3146.6685","0","497.31998","0","0","0","0","0","1","0.874587","0","856.49725","979.3158","0","0","0","0","0","0","0","0","0","0","92.1539","66.606735","25.54716","22.742105","0.765674"
"D:\HAA\dACC revisions\Run 4\Br2720_dlPFC_20x_img_011-MaxIP-Stitched_unmixed-rotated.nd2","Layer 1","dACC_v17_ FISH-IF v2.4.4","173","4910","4934","1822","1843","0","0","0","0","1","1","1243.1118","0","229.54524","0","0","0","0","0","0","0","0","0","0","0","0","0","0","0","0","0","0","0","0","74.524055","60.530655","13.993399","16.30566","0.760043"
"D:\HAA\dACC revisions\Run 4\Br2720_dlPFC_20x_img_011-MaxIP-Stitched_unmixed-rotated.nd2","Layer 1","dACC_v17_ FISH-IF v2.4.4","174","4660","4685","1823","1850","1","0","1","0","1","1","2593.401","0","484.90286","0","0","0","0","0","15","20.713913","3","31634.287","1527.2","0","0","0","0","0","5","5.385617","1","3064.8765","569.08545","103.84575","72.03838","31.807364","24.887589","0.886613"
"D:\HAA\dACC revisions\Run 4\Br2720_dlPFC_20x_img_011-MaxIP-Stitched_unmixed-rotated.nd2","Layer 1","dACC_v17_ FISH-IF v2.4.4","175","4699","4721","1823","1845","0","0","0","0","1","1","1625.3867","0","259.90854","1","7.04273","0","8545.916","1213.4379","0","0","0","0","0","0","0","0","0","0","0","0","0","0","0","73.695496","59.886223","13.809276","15.876565","0.810355"
"D:\HAA\dACC revisions\Run 4\Br2720_dlPFC_20x_img_011-MaxIP-Stitched_unmixed-rotated.nd2","Layer 1","dACC_v17_ FISH-IF v2.4.4","176","4775","4806","1831","1859","0","0","0","0","1","1","2314.1846","0","310.81067","3","4.603092","0","4944.595","1074.19","1","1.196804","0","928.1674","775.53845","0","0","0","0","0","0","0","0","0","0","125.25013","85.341324","39.908806","28.320358","0.840077"
"D:\HAA\dACC revisions\Run 4\Br2720_dlPFC_20x_img_011-MaxIP-Stitched_unmixed-rotated.nd2","Layer 1","dACC_v17_ FISH-IF v2.4.4","177","4726","4749","1834","1862","0","0","0","0","1","1","2541.1018","0","543.1968","0","0","0","0","0","0","0","0","0","0","0","0","0","0","0","2","2.899948","0","1508.8474","520.3016","97.86173","65.27184","32.58989","24.887589","0.855392"
"D:\HAA\dACC revisions\Run 4\Br2720_dlPFC_20x_img_011-MaxIP-Stitched_unmixed-rotated.nd2","Layer 1","dACC_v17_ FISH-IF v2.4.4","178","4747","4771","1834","1862","0","0","0","1","1","1","2446.8752","0","508.4111","5","14.407678","1","24367.662","1691.2971","1","1.565051","0","1375.4038","878.82355","0","0","0","0","0","0","0","0","0","0","97.95379","65.502","32.451797","25.102137","0.900954"
"D:\HAA\dACC revisions\Run 4\Br2720_dlPFC_20x_img_011-MaxIP-Stitched_unmixed-rotated.nd2","Layer 1","dACC_v17_ FISH-IF v2.4.4","179","4622","4645","1850","1869","0","0","0","0","1","1","419.24625","0","125.05119","0","0","0","0","0","1","1.749175","0","1377.4752","787.5","0","0","0","0","0","1","0.322216","0","136.3896","423.2857","63.108387","53.948235","9.160152","13.731083","0.724837"
"D:\HAA\dACC revisions\Run 4\Br2720_dlPFC_20x_img_011-MaxIP-Stitched_unmixed-rotated.nd2","Layer 1","dACC_v17_ FISH-IF v2.4.4","180","4666","4695","1856","1886","1","0","1","0","1","1","2151.0024","0","417.66733","0","0","0","0","0","11","19.977419","2","23587.484","1180.7074","0","0","0","0","0","8","15.972729","1","8013.8906","501.72336","108.67899","69.460655","39.21834","27.462166","0.866349"
"D:\HAA\dACC revisions\Run 4\Br2720_dlPFC_20x_img_011-MaxIP-Stitched_unmixed-rotated.nd2","Layer 1","dACC_v17_ FISH-IF v2.4.4","181","4987","5008","1861","1881","0","0","0","0","1","1","366.54144","0","118.32708","0","0","0","0","0","0","0","0","0","0","0","0","0","0","0","0","0","0","0","0","59.84019","51.5086","8.331596","12.658342","0.799685"
"D:\HAA\dACC revisions\Run 4\Br2720_dlPFC_20x_img_011-MaxIP-Stitched_unmixed-rotated.nd2","Layer 1","dACC_v17_ FISH-IF v2.4.4","182","4641","4680","1869","1899","0","0","1","0","1","1","1430.8322","0","304.3104","0","0","0","0","0","1","0.368247","0","221.86902","602.5","0","0","0","0","0","21","38.619938","3","23542.79","609.6019","159.08286","92.98245","66.100395","37.76048","0.754495"
"D:\HAA\dACC revisions\Run 4\Br2720_dlPFC_20x_img_011-MaxIP-Stitched_unmixed-rotated.nd2","Layer 1","dACC_v17_ FISH-IF v2.4.4","183","1074","1100","1906","1932","0","0","0","1","1","1","2906.4822","0","504.18927","8","20.161541","1","31886.86","1581.5685","0","0","0","0","0","0","0","0","0","0","0","0","0","0","0","103.66163","75.39864","28.262983","22.742105","0.870576"
"D:\HAA\dACC revisions\Run 4\Br2720_dlPFC_20x_img_011-MaxIP-Stitched_unmixed-rotated.nd2","Layer 1","dACC_v17_ FISH-IF v2.4.4","184","1389","1419","1917","1943","0","0","0","1","1","1","2071.7407","0","498.54904","8","15.972729","1","21581.871","1351.17","0","0","0","0","0","0","0","0","0","0","0","0","0","0","0","121.107346","84.006424","37.100918","26.603973","0.834429"
"D:\HAA\dACC revisions\Run 4\Br2720_dlPFC_20x_img_011-MaxIP-Stitched_unmixed-rotated.nd2","Layer 1","dACC_v17_ FISH-IF v2.4.4","185","1054","1082","1926","1956","0","0","0","1","1","1","2280.4565","0","373.1647","10","22.831335","2","38620.723","1688.163","0","0","0","0","0","0","0","0","0","0","0","0","0","0","0","118.48358","78.25256","40.23102","27.462166","0.859427"
"D:\HAA\dACC revisions\Run 4\Br2720_dlPFC_20x_img_011-MaxIP-Stitched_unmixed-rotated.nd2","Layer 1","dACC_v17_ FISH-IF v2.4.4","186","1042","1069","1949","1974","0","0","0","0","1","1","1556.8823","0","337.43655","0","0","0","0","0","0","0","0","0","0","0","0","0","0","0","0","0","0","0","0","91.00312","66.74483","24.258293","23.600298","0.68666"
"D:\HAA\dACC revisions\Run 4\Br2720_dlPFC_20x_img_011-MaxIP-Stitched_unmixed-rotated.nd2","Layer 1","dACC_v17_ FISH-IF v2.4.4","187","1231","1262","1958","1991","0","1","1","0","1","1","1873.5244","0","254.59776","0","0","0","0","0","0","0","0","0","0","22","18.044119","3","20723.12","1134.005","41","78.390656","4","64852.316","827.2965","142.41966","94.40941","48.010246","33.469513","0.728478"
"D:\HAA\dACC revisions\Run 4\Br2720_dlPFC_20x_img_011-MaxIP-Stitched_unmixed-rotated.nd2","Layer 1","dACC_v17_ FISH-IF v2.4.4","188","1073","1102","1979","2014","0","1","0","0","1","1","1751.6873","0","381.1237","0","0","0","0","0","0","0","0","0","0","19","19.240923","3","17511.635","910.1244","0","0","0","0","0","149.00208","96.02049","52.981586","32.182224","0.803903"
"D:\HAA\dACC revisions\Run 4\Br2720_dlPFC_20x_img_011-MaxIP-Stitched_unmixed-rotated.nd2","Layer 1","dACC_v17_ FISH-IF v2.4.4","189","1291","1315","1988","2012","0","0","0","0","1","1","3431.6194","0","471.07196","0","0","0","0","0","0","0","0","0","0","1","1.657113","0","1409.0063","850.2778","3","6.122112","0","3623.5078","591.8722","75.858955","49.253082","26.605871","24.458492","0.789665"
"D:\HAA\dACC revisions\Run 4\Br2720_dlPFC_20x_img_011-MaxIP-Stitched_unmixed-rotated.nd2","Layer 1","dACC_v17_ FISH-IF v2.4.4","190","1039","1059","1992","2012","0","0","0","0","1","1","783.8968","0","173.98126","0","0","0","0","0","0","0","0","0","0","0","0","0","0","0","0","0","0","0","0","56.249783","49.11499","7.134792","11.156505","0.856652"
"D:\HAA\dACC revisions\Run 4\Br2720_dlPFC_20x_img_011-MaxIP-Stitched_unmixed-rotated.nd2","Layer 1","dACC_v17_ FISH-IF v2.4.4","191","1277","1302","1993","2019","0","0","0","0","1","1","2891.1196","0","711.5594","0","0","0","0","0","0","0","0","0","0","0","0","0","0","0","2","6.03005","0","3664.8435","607.76337","76.91766","46.491226","30.426437","27.03307","0.684851"
"D:\HAA\dACC revisions\Run 4\Br2720_dlPFC_20x_img_011-MaxIP-Stitched_unmixed-rotated.nd2","Layer 1","dACC_v17_ FISH-IF v2.4.4","192","1364","1391","2001","2028","0","0","1","0","1","1","3483.0613","0","659.5767","0","0","0","0","0","0","0","0","0","0","1","0.874587","0","619.2539","708.0526","10","16.479069","2","9095.295","551.9302","105.18065","75.90498","29.275663","24.029396","0.898282"
"D:\HAA\dACC revisions\Run 4\Br2720_dlPFC_20x_img_011-MaxIP-Stitched_unmixed-rotated.nd2","Layer 1","dACC_v17_ FISH-IF v2.4.4","193","1181","1203","2010","2036","0","0","0","0","1","1","2487.3452","0","589.12427","2","1.795206","0","1552.899","865.02563","0","0","0","0","0","0","0","0","0","0","1","0.414278","0","180.4412","435.55554","79.21921","46.67535","32.543858","26.603973","0.773266"
"D:\HAA\dACC revisions\Run 4\Br2720_dlPFC_20x_img_011-MaxIP-Stitched_unmixed-rotated.nd2","Layer 1","dACC_v17_ FISH-IF v2.4.4","194","1285","1313","2013","2044","0","1","1","0","1","1","1774.2341","0","450.1462","0","0","0","0","0","0","0","0","0","0","18","18.09015","3","17704.32","978.67175","13","25.50113","2","16867.154","661.4278","121.56765","80.27792","41.289734","31.324034","0.762993"
"D:\HAA\dACC revisions\Run 4\Br2720_dlPFC_20x_img_011-MaxIP-Stitched_unmixed-rotated.nd2","Layer 1","dACC_v17_ FISH-IF v2.4.4","195","1132","1157","2015","2040","0","0","0","0","1","1","3695.4106","0","419.68832","0","0","0","0","0","0","0","0","0","0","0","0","0","0","0","3","8.56175","0","5442.1895","635.6398","92.107864","68.67813","23.429737","21.240269","0.890096"
"D:\HAA\dACC revisions\Run 4\Br2720_dlPFC_20x_img_011-MaxIP-Stitched_unmixed-rotated.nd2","Layer 1","dACC_v17_ FISH-IF v2.4.4","196","1164","1186","2016","2044","0","0","0","0","1","1","2472.6055","0","494.18744","0","0","0","0","0","0","0","0","0","0","0","0","0","0","0","1","0.414278","0","177.40315","428.22223","86.998436","50.58798","36.410458","26.174877","0.822907"
"D:\HAA\dACC revisions\Run 4\Br2720_dlPFC_20x_img_011-MaxIP-Stitched_unmixed-rotated.nd2","Layer 1","dACC_v17_ FISH-IF v2.4.4","197","1258","1277","2026","2046","0","0","0","0","1","1","1779.8041","0","191.68256","0","0","0","0","0","0","0","0","0","0","0","0","0","0","0","0","0","0","0","0","55.099007","48.286434","6.812576","11.156505","0.86297"
"D:\HAA\dACC revisions\Run 4\Br2720_dlPFC_20x_img_011-MaxIP-Stitched_unmixed-rotated.nd2","Layer 1","dACC_v17_ FISH-IF v2.4.4","198","1175","1204","2036","2065","0","0","0","1","1","1","3333.5","0","669.9644","8","18.872677","1","36646.547","1941.7781","0","0","0","0","0","0","0","0","0","0","1","0.552371","0","230.6149","417.5","120.278786","72.498695","47.780094","33.040417","0.727367"
"D:\HAA\dACC revisions\Run 4\Br2720_dlPFC_20x_img_011-MaxIP-Stitched_unmixed-rotated.nd2","Layer 1","dACC_v17_ FISH-IF v2.4.4","199","1048","1069","2035","2055","0","0","0","0","1","1","532.53296","0","148.23119","0","0","0","0","0","0","0","0","0","0","2","3.314226","0","2813.5017","848.9167","0","0","0","0","0","59.74813","51.370502","8.377627","12.443794","0.83559"
"D:\HAA\dACC revisions\Run 4\Br2720_dlPFC_20x_img_011-MaxIP-Stitched_unmixed-rotated.nd2","Layer 1","dACC_v17_ FISH-IF v2.4.4","200","1137","1167","2038","2071","0","0","1","0","1","1","1874.5881","0","364.0799","0","0","0","0","0","0","0","0","0","0","0","0","0","0","0","4","10.449018","1","5169.824","494.7665","141.40698","93.3507","48.05628","32.61132","0.767278"
"D:\HAA\dACC revisions\Run 4\Br2720_dlPFC_20x_img_011-MaxIP-Stitched_unmixed-rotated.nd2","Layer 1","dACC_v17_ FISH-IF v2.4.4","201","1314","1344","2044","2075","0","0","0","0","1","1","2043.985","0","354.1934","0","0","0","0","0","0","0","0","0","0","0","0","0","0","0","2","4.326906","0","2264.8591","523.43616","136.57373","90.45075","46.12298","29.822195","0.856386"
"D:\HAA\dACC revisions\Run 4\Br2720_dlPFC_20x_img_011-MaxIP-Stitched_unmixed-rotated.nd2","Layer 1","dACC_v17_ FISH-IF v2.4.4","202","1356","1387","2054","2082","0","0","0","1","1","1","1664.366","0","349.4714","4","8.653812","1","8326.395","962.1649","0","0","0","0","0","2","1.242835","0","821.92804","661.3333","0","0","0","0","0","122.02796","87.688896","34.339066","28.749454","0.685061"
"D:\HAA\dACC revisions\Run 4\Br2720_dlPFC_20x_img_011-MaxIP-Stitched_unmixed-rotated.nd2","Layer 1","dACC_v17_ FISH-IF v2.4.4","203","1386","1400","2055","2071","0","0","0","0","1","1","456.35294","0","184.48216","0","0","0","0","0","0","0","0","0","0","0","0","0","0","0","0","0","0","0","0","33.050198","32.267673","0.782526","3.218223","0.627274"
"D:\HAA\dACC revisions\Run 4\Br2720_dlPFC_20x_img_011-MaxIP-Stitched_unmixed-rotated.nd2","Layer 1","dACC_v17_ FISH-IF v2.4.4","204","1400","1424","2062","2089","0","0","1","0","1","1","1920.3842","0","303.15353","0","0","0","0","0","0","0","0","0","0","1","0.552371","0","366.91245","664.25","5","6.260205","1","6656.485","1063.3015","92.79833","70.74952","22.04881","21.669365","0.749788"
"D:\HAA\dACC revisions\Run 4\Br2720_dlPFC_20x_img_011-MaxIP-Stitched_unmixed-rotated.nd2","Layer 1","dACC_v17_ FISH-IF v2.4.4","205","1059","1092","2073","2108","0","0","0","0","1","1","1721.3717","0","298.56995","0","0","0","0","0","0","0","0","0","0","0","0","0","0","0","0","0","0","0","0","159.81935","101.36008","58.459267","36.902287","0.788637"
"D:\HAA\dACC revisions\Run 4\Br2720_dlPFC_20x_img_011-MaxIP-Stitched_unmixed-rotated.nd2","Layer 1","dACC_v17_ FISH-IF v2.4.4","206","1376","1400","2082","2106","0","0","0","0","1","1","1799.2207","0","242.84131","0","0","0","0","0","0","0","0","0","0","0","0","0","0","0","0","0","0","0","0","80.00173","63.522667","16.479069","18.451143","0.799312"
"D:\HAA\dACC revisions\Run 4\Br2720_dlPFC_20x_img_011-MaxIP-Stitched_unmixed-rotated.nd2","Layer 1","dACC_v17_ FISH-IF v2.4.4","207","1033","1053","2098","2119","0","0","0","0","1","1","1217.7344","0","183.54442","0","0","0","0","0","0","0","0","0","0","0","0","0","0","0","0","0","0","0","0","61.17509","52.337154","8.837936","12.87289","0.826684"
"D:\HAA\dACC revisions\Run 4\Br2720_dlPFC_20x_img_011-MaxIP-Stitched_unmixed-rotated.nd2","Layer 1","dACC_v17_ FISH-IF v2.4.4","208","1087","1116","2113","2140","0","0","0","0","1","1","2039.4347","0","344.55136","3","9.206183","0","9682.972","1051.79","0","0","0","0","0","0","0","0","0","0","0","0","0","0","0","112.63766","80.23189","32.405766","25.74578","0.772169"
"D:\HAA\dACC revisions\Run 4\Br2720_dlPFC_20x_img_011-MaxIP-Stitched_unmixed-rotated.nd2","Layer 1","dACC_v17_ FISH-IF v2.4.4","209","1397","1418","2176","2202","0","0","0","0","1","1","2866.884","0","521.0447","0","0","0","0","0","0","0","0","0","0","0","0","0","0","0","1","1.51902","0","832.33105","547.9394","81.658844","51.5086","30.150251","23.600298","0.83947"
"D:\HAA\dACC revisions\Run 4\Br2720_dlPFC_20x_img_011-MaxIP-Stitched_unmixed-rotated.nd2","Layer 1","dACC_v17_ FISH-IF v2.4.4","210","1069","1099","2178","2209","0","0","0","0","1","1","1783.3561","0","314.0454","0","0","0","0","0","0","0","0","0","0","0","0","0","0","0","3","4.833246","0","2345.2751","485.2381","135.3309","90.2206","45.1103","30.894936","0.823172"
"D:\HAA\dACC revisions\Run 4\Br2720_dlPFC_20x_img_011-MaxIP-Stitched_unmixed-rotated.nd2","Layer 1","dACC_v17_ FISH-IF v2.4.4","211","1116","1142","2211","2237","0","0","1","0","1","1","1708.1447","0","238.76898","0","0","0","0","0","0","0","0","0","0","0","0","0","0","0","24","54.362514","3","38088.05","700.6308","98.183945","72.72885","25.455097","22.742105","0.848152"
"D:\HAA\dACC revisions\Run 4\Br2720_dlPFC_20x_img_011-MaxIP-Stitched_unmixed-rotated.nd2","Layer 1","dACC_v17_ FISH-IF v2.4.4","212","1232","1257","2235","2256","0","0","0","0","1","1","1450.8943","0","248.1694","0","0","0","0","0","0","0","0","0","0","0","0","0","0","0","1","2.209484","0","1163.9377","526.7917","76.043076","61.68143","14.361647","17.163853","0.75448"
"D:\HAA\dACC revisions\Run 4\Br2720_dlPFC_20x_img_011-MaxIP-Stitched_unmixed-rotated.nd2","Layer 1","dACC_v17_ FISH-IF v2.4.4","213","1303","1330","2236","2271","0","1","1","0","1","1","2838.3616","0","704.16656","0","0","0","0","0","0","0","0","0","0","11","10.126801","2","9277.025","916.08636","53","71.07174","4","83575.02","1175.9249","147.34497","99.47282","47.872154","33.040417","0.649597"
"D:\HAA\dACC revisions\Run 4\Br2720_dlPFC_20x_img_011-MaxIP-Stitched_unmixed-rotated.nd2","Layer 1","dACC_v17_ FISH-IF v2.4.4","214","1206","1239","2251","2273","0","0","1","0","1","1","3255.5913","0","617.2514","0","0","0","0","0","0","0","0","0","0","0","0","0","0","0","21","45.340454","3","33906.098","747.81116","99.1506","65.3639","33.786694","27.247618","0.658819"
"D:\HAA\dACC revisions\Run 4\Br2720_dlPFC_20x_img_011-MaxIP-Stitched_unmixed-rotated.nd2","Layer 1","dACC_v17_ FISH-IF v2.4.4","215","1203","1228","2269","2296","0","0","1","0","1","1","2235.8499","0","445.95126","0","0","0","0","0","0","0","0","0","0","0","0","0","0","0","48","67.80354","4","76557.24","1129.1039","99.47282","64.21313","35.25968","26.603973","0.717061"
"D:\HAA\dACC revisions\Run 4\Br2720_dlPFC_20x_img_011-MaxIP-Stitched_unmixed-rotated.nd2","Layer 1","dACC_v17_ FISH-IF v2.4.4","216","1344","1369","2277","2305","0","0","1","0","1","1","2750.9048","0","385.88333","0","0","0","0","0","0","0","0","0","0","0","0","0","0","0","4","8.239534","1","5648.5","685.5363","105.82508","77.33194","28.493137","23.814846","0.743409"
"D:\HAA\dACC revisions\Run 4\Br2720_dlPFC_20x_img_011-MaxIP-Stitched_unmixed-rotated.nd2","Layer 1","dACC_v17_ FISH-IF v2.4.4","217","4536","4565","2315","2344","1","0","1","0","1","1","2365.2356","0","347.60886","0","0","0","0","0","34","40.829422","4","91898.836","2250.7993","1","0.552371","0","398.58173","721.5833","4","3.038041","1","1475.2909","485.60605","123.40889","84.144516","39.264374","28.320358","0.908318"
"D:\HAA\dACC revisions\Run 4\Br2720_dlPFC_20x_img_011-MaxIP-Stitched_unmixed-rotated.nd2","Layer 1","dACC_v17_ FISH-IF v2.4.4","218","4505","4534","2327","2355","0","0","0","0","1","1","2322.4453","0","416.2433","0","0","0","0","0","1","0.966649","0","668.0927","691.1429","0","0","0","0","0","0","0","0","0","0","104.12193","63.384575","40.737362","29.393099","0.888682"
"D:\HAA\dACC revisions\Run 4\Br2720_dlPFC_20x_img_011-MaxIP-Stitched_unmixed-rotated.nd2","Layer 1","dACC_v17_ FISH-IF v2.4.4","219","4464","4495","2335","2366","0","0","0","0","1","1","2052.4211","0","314.4337","0","0","0","0","0","0","0","0","0","0","0","0","0","0","0","0","0","0","0","0","138.00069","89.898384","48.10231","31.324034","0.877379"
"D:\HAA\dACC revisions\Run 4\Br2720_dlPFC_20x_img_011-MaxIP-Stitched_unmixed-rotated.nd2","Layer 1","dACC_v17_ FISH-IF v2.4.4","220","4495","4524","2342","2367","1","0","1","0","1","1","2457.1038","0","391.42242","0","0","0","0","0","5","4.833246","1","4876.9297","827.72656","1","1.242835","0","999.1931","803.96295","4","2.071391","1","946.0734","456.73334","96.71096","59.932255","36.7787","27.03307","0.821721"
"D:\HAA\dACC revisions\Run 4\Br2720_dlPFC_20x_img_011-MaxIP-Stitched_unmixed-rotated.nd2","Layer 1","dACC_v17_ FISH-IF v2.4.4","221","4380","4405","2358","2387","0","0","0","0","1","1","2869.43","0","453.29956","0","0","0","0","0","0","0","0","0","0","0","0","0","0","0","0","0","0","0","0","100.11725","64.99566","35.12159","25.74578","0.887478"
"D:\HAA\dACC revisions\Run 4\Br2720_dlPFC_20x_img_011-MaxIP-Stitched_unmixed-rotated.nd2","Layer 1","dACC_v17_ FISH-IF v2.4.4","222","4398","4428","2364","2393","0","0","0","0","1","1","1955.398","0","527.1088","0","0","0","0","0","0","0","0","0","0","0","0","0","0","0","0","0","0","0","0","113.09796","73.189156","39.908806","29.822195","0.7817"
"D:\HAA\dACC revisions\Run 4\Br2720_dlPFC_20x_img_011-MaxIP-Stitched_unmixed-rotated.nd2","Layer 1","dACC_v17_ FISH-IF v2.4.4","223","4480","4511","2371","2396","1","0","0","0","1","1","2456.557","0","419.49582","1","4.741185","0","5381.751","1135.1068","6","8.699843","1","7219.397","829.8307","0","0","0","0","0","1","0.874587","0","425.1876","486.1579","117.65502","82.441376","35.213654","26.174877","0.789171"
"D:\HAA\dACC revisions\Run 4\Br2720_dlPFC_20x_img_011-MaxIP-Stitched_unmixed-rotated.nd2","Layer 1","dACC_v17_ FISH-IF v2.4.4","224","4566","4595","2386","2410","0","0","1","1","1","1","2890.6528","0","372.52347","4","6.582421","1","6254.0825","950.1189","3","4.188814","0","3670.0452","876.1539","1","0.598402","0","515.6844","861.7692","4","5.109432","1","2638.6304","502.83334","95.33003","59.794163","35.53587","26.389425","0.82672"
"D:\HAA\dACC revisions\Run 4\Br2720_dlPFC_20x_img_011-MaxIP-Stitched_unmixed-rotated.nd2","Layer 1","dACC_v17_ FISH-IF v2.4.4","225","4409","4434","2389","2417","0","0","0","0","1","1","1972.8424","0","378.50513","0","0","0","0","0","0","0","0","0","0","0","0","0","0","0","0","0","0","0","0","103.93781","76.18117","27.756643","22.742105","0.764608"
"D:\HAA\dACC revisions\Run 4\Br2720_dlPFC_20x_img_011-MaxIP-Stitched_unmixed-rotated.nd2","Layer 1","dACC_v17_ FISH-IF v2.4.4","226","4560","4590","2404","2427","0","0","0","1","1","1","2331.747","0","494.87784","13","36.318394","2","80407.914","2213.9722","1","1.196804","0","1165.5948","973.9231","0","0","0","0","0","0","0","0","0","0","95.42209","60.66875","34.75334","26.389425","0.800854"
"D:\HAA\dACC revisions\Run 4\Br2720_dlPFC_20x_img_011-MaxIP-Stitched_unmixed-rotated.nd2","Layer 1","dACC_v17_ FISH-IF v2.4.4","227","4213","4249","2408","2437","0","0","0","0","1","1","2710.9856","0","426.0634","0","0","0","0","0","0","0","0","0","0","0","0","0","0","0","0","0","0","0","0","141.26889","96.57287","44.696022","33.89861","0.710093"
"D:\HAA\dACC revisions\Run 4\Br2720_dlPFC_20x_img_011-MaxIP-Stitched_unmixed-rotated.nd2","Layer 1","dACC_v17_ FISH-IF v2.4.4","228","4287","4316","2437","2465","1","0","0","0","1","1","2401.9854","0","452.38068","0","0","0","0","0","9","15.466389","1","18190.59","1176.137","0","0","0","0","0","0","0","0","0","0","116.59631","81.981064","34.61525","26.603973","0.774985"
"D:\HAA\dACC revisions\Run 4\Br2720_dlPFC_20x_img_011-MaxIP-Stitched_unmixed-rotated.nd2","Layer 1","dACC_v17_ FISH-IF v2.4.4","229","4243","4264","2448","2474","0","0","0","0","1","1","1737.7966","0","264.15262","0","0","0","0","0","0","0","0","0","0","0","0","0","0","0","0","0","0","0","0","80.23189","63.936943","16.294945","18.022047","0.738813"
"D:\HAA\dACC revisions\Run 4\Br2720_dlPFC_20x_img_011-MaxIP-Stitched_unmixed-rotated.nd2","Layer 1","dACC_v17_ FISH-IF v2.4.4","230","4455","4490","2505","2536","0","0","0","0","1","1","1831.2024","0","301.77597","0","0","0","0","0","0","0","0","0","0","0","0","0","0","0","0","0","0","0","0","155.03214","98.4141","56.618027","34.327705","0.791341"
"D:\HAA\dACC revisions\Run 4\Br2720_dlPFC_20x_img_011-MaxIP-Stitched_unmixed-rotated.nd2","Layer 1","dACC_v17_ FISH-IF v2.4.4","231","4400","4439","2515","2542","0","0","0","0","1","1","1763.8572","0","359.52502","0","0","0","0","0","0","0","0","0","0","0","0","0","0","0","0","0","0","0","0","158.1162","103.0172","55.099007","34.756805","0.65658"
"D:\HAA\dACC revisions\Run 4\Br2720_dlPFC_20x_img_011-MaxIP-Stitched_unmixed-rotated.nd2","Layer 1","dACC_v17_ FISH-IF v2.4.4","232","4427","4456","2572","2599","1","0","1","0","1","1","2624.1233","0","358.47675","1","0.690464","0","588.137","798.5625","22","25.823345","3","47278.816","1830.8556","1","0.644433","0","528.0206","819.3571","7","9.988709","1","5188.007","519.3871","116.228065","81.106476","35.12159","26.174877","0.883864"
"D:\HAA\dACC revisions\Run 4\Br2720_dlPFC_20x_img_011-MaxIP-Stitched_unmixed-rotated.nd2","Layer 1","dACC_v17_ FISH-IF v2.4.4","233","4455","4485","2583","2609","0","0","0","0","1","1","2787.703","0","405.39954","0","0","0","0","0","0","0","0","0","0","0","0","0","0","0","0","0","0","0","0","115.81379","81.106476","34.707314","26.603973","0.829886"
"D:\HAA\dACC revisions\Run 4\Br2720_dlPFC_20x_img_011-MaxIP-Stitched_unmixed-rotated.nd2","Layer 1","dACC_v17_ FISH-IF v2.4.4","234","4606","4625","2596","2614","0","0","0","0","1","1","374","0","125.30285","0","0","0","0","0","0","0","0","0","0","0","0","0","0","0","0","0","0","0","0","50.49592","45.294422","5.201494","9.44012","0.848902"
"D:\HAA\dACC revisions\Run 4\Br2720_dlPFC_20x_img_011-MaxIP-Stitched_unmixed-rotated.nd2","Layer 1","dACC_v17_ FISH-IF v2.4.4","235","4222","4252","2599","2622","0","0","0","0","1","1","1216.0173","0","197.59952","0","0","0","0","0","1","1.334897","0","1053.2334","789","0","0","0","0","0","0","0","0","0","0","99.56487","75.6288","23.936077","22.742105","0.696408"
"D:\HAA\dACC revisions\Run 4\Br2720_dlPFC_20x_img_011-MaxIP-Stitched_unmixed-rotated.nd2","Layer 1","dACC_v17_ FISH-IF v2.4.4","236","4564","4589","2622","2647","0","0","0","0","1","1","2814.1506","0","428.28015","0","0","0","0","0","0","0","0","0","0","0","0","0","0","0","0","0","0","0","0","94.82369","70.979675","23.844015","21.454817","0.887459"
"D:\HAA\dACC revisions\Run 4\Br2720_dlPFC_20x_img_011-MaxIP-Stitched_unmixed-rotated.nd2","Layer 1","dACC_v17_ FISH-IF v2.4.4","237","4405","4438","2623","2657","0","0","0","0","1","1","1713.8424","0","306.00543","2","6.628452","0","6285.982","948.3333","3","2.5317","0","1767.0809","697.9818","0","0","0","0","0","0","0","0","0","0","162.30501","101.544205","60.76081","35.614998","0.795323"
"D:\HAA\dACC revisions\Run 4\Br2720_dlPFC_20x_img_011-MaxIP-Stitched_unmixed-rotated.nd2","Layer 1","dACC_v17_ FISH-IF v2.4.4","238","4579","4603","2648","2675","1","0","1","0","1","1","2835.1975","0","400.84387","0","0","0","0","0","4","7.54907","1","7008.391","928.37805","0","0","0","0","0","5","8.147472","1","4527.463","555.6893","91.73962","57.492615","34.247","25.531233","0.835559"
"D:\HAA\dACC revisions\Run 4\Br2720_dlPFC_20x_img_011-MaxIP-Stitched_unmixed-rotated.nd2","Layer 1","dACC_v17_ FISH-IF v2.4.4","239","4563","4585","2652","2678","0","0","0","0","1","1","2815.689","0","428.02457","0","0","0","0","0","1","1.150773","0","1165.5028","1012.8","0","0","0","0","0","1","0.50634","0","229.37206","453","76.043076","50.58798","25.455097","22.098461","0.877417"
"D:\HAA\dACC revisions\Run 4\Br2720_dlPFC_20x_img_011-MaxIP-Stitched_unmixed-rotated.nd2","Layer 1","dACC_v17_ FISH-IF v2.4.4","240","4604","4617","2655","2671","0","0","0","0","1","1","584.7647","0","289.08127","0","0","0","0","0","1","0.322216","0","302.33105","656.8","0","0","0","0","0","1","1.979329","0","1067.5951","539.3721","32.49783","31.715302","0.782526","3.647319","0.593983"
"D:\HAA\dACC revisions\Run 4\Br2720_dlPFC_20x_img_011-MaxIP-Stitched_unmixed-rotated.nd2","Layer 1","dACC_v17_ FISH-IF v2.4.4","241","2546","2578","2307","2337","0","0","0","0","1","1","1941.077","0","307.1589","0","0","0","0","0","0","0","0","0","0","0","0","0","0","0","0","0","0","0","0","140.25621","91.83168","48.424526","31.75313","0.834448"
"D:\HAA\dACC revisions\Run 4\Br2720_dlPFC_20x_img_011-MaxIP-Stitched_unmixed-rotated.nd2","Layer 1","dACC_v17_ FISH-IF v2.4.4","242","2219","2239","2338","2362","0","0","0","0","1","1","1258.4236","0","211.28171","0","0","0","0","0","1","1.150773","0","840.52454","730.4","0","0","0","0","0","0","0","0","0","0","72.40663","59.14973","13.256905","15.876565","0.807725"
"D:\HAA\dACC revisions\Run 4\Br2720_dlPFC_20x_img_011-MaxIP-Stitched_unmixed-rotated.nd2","Layer 1","dACC_v17_ FISH-IF v2.4.4","243","2539","2567","2343","2368","0","0","0","1","1","1","2761.3643","0","491.67877","5","6.996699","1","6365.7075","909.8158","0","0","0","0","0","0","0","0","0","0","0","0","0","0","0","96.52683","67.20514","29.321695","24.458492","0.755726"
"D:\HAA\dACC revisions\Run 4\Br2720_dlPFC_20x_img_011-MaxIP-Stitched_unmixed-rotated.nd2","Layer 1","dACC_v17_ FISH-IF v2.4.4","244","2582","2610","2351","2388","0","0","0","0","1","1","2137.3574","0","314.7369","0","0","0","0","0","0","0","0","0","0","0","0","0","0","0","0","0","0","0","0","140.11812","95.69828","44.419834","33.040417","0.62949"
"D:\HAA\dACC revisions\Run 4\Br2720_dlPFC_20x_img_011-MaxIP-Stitched_unmixed-rotated.nd2","Layer 1","dACC_v17_ FISH-IF v2.4.4","245","2231","2263","2355","2380","1","0","0","0","1","1","612.2844","0","155.87395","0","0","0","0","0","4","5.569741","1","4573.908","821.2066","1","0.552371","0","365.85373","662.3333","0","0","0","0","0","107.20601","81.79694","25.409067","26.174877","0.613109"
"D:\HAA\dACC revisions\Run 4\Br2720_dlPFC_20x_img_011-MaxIP-Stitched_unmixed-rotated.nd2","Layer 1","dACC_v17_ FISH-IF v2.4.4","246","2305","2326","2359","2379","0","0","0","0","1","1","459.7065","0","201.90404","2","4.280875","0","3890.487","908.80646","0","0","0","0","0","0","0","0","0","0","0","0","0","0","0","59.794163","51.324474","8.469688","12.229246","0.875"
"D:\HAA\dACC revisions\Run 4\Br2720_dlPFC_20x_img_011-MaxIP-Stitched_unmixed-rotated.nd2","Layer 1","dACC_v17_ FISH-IF v2.4.4","247","2545","2571","2364","2390","0","0","0","1","1","1","2646.3167","0","678.9313","4","7.04273","1","7497.93","1064.634","0","0","0","0","0","1","0.552371","0","376.3488","681.3333","0","0","0","0","0","90.036476","52.24509","37.79138","27.462166","0.856488"
"D:\HAA\dACC revisions\Run 4\Br2720_dlPFC_20x_img_011-MaxIP-Stitched_unmixed-rotated.nd2","Layer 1","dACC_v17_ FISH-IF v2.4.4","248","2531","2553","2369","2395","0","0","0","0","1","1","2236.2737","0","477.72104","2","2.301546","0","1935.8762","841.12","0","0","0","0","0","0","0","0","0","0","0","0","0","0","0","73.5574","49.66736","23.890047","22.31301","0.74069"
"D:\HAA\dACC revisions\Run 4\Br2720_dlPFC_20x_img_011-MaxIP-Stitched_unmixed-rotated.nd2","Layer 1","dACC_v17_ FISH-IF v2.4.4","249","2353","2385","2379","2405","0","0","0","0","1","1","2398.0996","0","420.62125","0","0","0","0","0","0","0","0","0","0","0","0","0","0","0","0","0","0","0","0","117.562965","81.06045","36.502518","27.03307","0.769022"
"D:\HAA\dACC revisions\Run 4\Br2720_dlPFC_20x_img_011-MaxIP-Stitched_unmixed-rotated.nd2","Layer 1","dACC_v17_ FISH-IF v2.4.4","250","2377","2407","2392","2418","0","0","0","0","1","1","2661.3545","0","346.02942","0","0","0","0","0","0","0","0","0","0","0","0","0","0","0","0","0","0","0","0","111.62498","78.25256","33.372414","26.174877","0.798774"
"D:\HAA\dACC revisions\Run 4\Br2720_dlPFC_20x_img_011-MaxIP-Stitched_unmixed-rotated.nd2","Layer 1","dACC_v17_ FISH-IF v2.4.4","251","2325","2354","2429","2463","1","0","1","0","1","1","1134.973","0","283.98944","0","0","0","0","0","4","6.122112","1","6121.099","999.8346","1","0.782526","0","482.26593","616.2941","11","26.283653","2","14381.992","547.1839","135.83723","91.50946","44.327774","31.324034","0.783316"
"D:\HAA\dACC revisions\Run 4\Br2720_dlPFC_20x_img_011-MaxIP-Stitched_unmixed-rotated.nd2","Layer 1","dACC_v17_ FISH-IF v2.4.4","252","2429","2461","2441","2478","0","1","1","0","1","1","1163.7438","0","299.35773","0","0","0","0","0","2","2.163453","0","1665.0304","769.617","35","28.631231","4","34358.582","1200.0386","89","79.909676","4","142456.67","1782.7212","161.29233","107.57426","53.718082","41.19325","0.690109"
"D:\HAA\dACC revisions\Run 4\Br2720_dlPFC_20x_img_011-MaxIP-Stitched_unmixed-rotated.nd2","Layer 1","dACC_v17_ FISH-IF v2.4.4","253","2404","2429","2444","2470","0","1","1","0","1","1","2071.3135","0","281.92728","0","0","0","0","0","0","0","0","0","0","9","8.009379","1","8175.367","1020.7241","35","37.837414","4","54418.164","1438.2104","98.04585","70.88761","27.158241","23.171202","0.860237"
"D:\HAA\dACC revisions\Run 4\Br2720_dlPFC_20x_img_011-MaxIP-Stitched_unmixed-rotated.nd2","Layer 1","dACC_v17_ FISH-IF v2.4.4","254","2207","2238","2469","2498","1","0","0","0","1","1","3585.928","0","494.83725","1","0.874587","0","721.3045","824.7368","6","7.318916","1","8418.364","1150.2201","0","0","0","0","0","0","0","0","0","0","120.83116","80.600136","40.23102","30.036743","0.764727"
"D:\HAA\dACC revisions\Run 4\Br2720_dlPFC_20x_img_011-MaxIP-Stitched_unmixed-rotated.nd2","Layer 1","dACC_v17_ FISH-IF v2.4.4","255","2371","2402","2469","2497","0","0","0","0","1","1","2195.7405","0","496.6184","1","0.782526","0","579.115","740.05884","2","2.301546","0","2001.5624","869.66","3","3.360257","0","2829.3364","842","0","0","0","0","0","123.22477","84.55879","38.66597","27.462166","0.81956"
"D:\HAA\dACC revisions\Run 4\Br2720_dlPFC_20x_img_011-MaxIP-Stitched_unmixed-rotated.nd2","Layer 1","dACC_v17_ FISH-IF v2.4.4","256","2226","2259","2481","2512","1","1","0","0","1","1","1450.7855","0","488.943","0","0","0","0","0","30","37.423138","4","75579.59","1992.6348","7","4.787215","1","4531.606","751.50385","1","0.782526","0","389.42157","497.64706","135.6531","91.23328","44.419834","32.61132","0.64635"
"D:\HAA\dACC revisions\Run 4\Br2720_dlPFC_20x_img_011-MaxIP-Stitched_unmixed-rotated.nd2","Layer 1","dACC_v17_ FISH-IF v2.4.4","257","2316","2343","2503","2530","0","0","0","0","1","1","1620.1506","0","270.7267","0","0","0","0","0","0","0","0","0","0","1","0.644433","0","804.6204","699.2","0","0","0","0","0","107.39013","77.14782","30.242313","24.029396","0.867499"
"D:\HAA\dACC revisions\Run 4\Br2720_dlPFC_20x_img_011-MaxIP-Stitched_unmixed-rotated.nd2","Layer 1","dACC_v17_ FISH-IF v2.4.4","258","2223","2246","2510","2534","0","0","0","0","1","1","1792.4543","0","364.92215","0","0","0","0","0","0","0","0","0","0","0","0","0","0","0","0","0","0","0","0","79.21921","62.095707","17.1235","18.022047","0.855954"
"D:\HAA\dACC revisions\Run 4\Br2720_dlPFC_20x_img_011-MaxIP-Stitched_unmixed-rotated.nd2","Layer 1","dACC_v17_ FISH-IF v2.4.4","259","2506","2532","2538","2560","0","0","0","0","1","1","2354.8035","0","320.02713","0","0","0","0","0","1","1.104742","0","1172.6836","849.2","0","0","0","0","0","0","0","0","0","0","84.88101","66.14643","18.734583","19.309336","0.788092"
"D:\HAA\dACC revisions\Run 4\Br2720_dlPFC_20x_img_011-MaxIP-Stitched_unmixed-rotated.nd2","Layer 1","dACC_v17_ FISH-IF v2.4.4","260","2389","2413","2550","2575","0","0","0","0","1","1","3238.156","0","467.5072","2","3.590412","0","3157.0305","879.29486","0","0","0","0","0","0","0","0","0","0","0","0","0","0","0","87.32065","66.97498","20.345665","19.738432","0.913973"
"D:\HAA\dACC revisions\Run 4\Br2720_dlPFC_20x_img_011-MaxIP-Stitched_unmixed-rotated.nd2","Layer 1","dACC_v17_ FISH-IF v2.4.4","261","2225","2246","2565","2581","0","0","0","0","1","1","567.60345","0","165.42041","0","0","0","0","0","0","0","0","0","0","0","0","0","0","0","0","0","0","0","0","50.449886","45.1103","5.339586","10.083764","0.663483"
"D:\HAA\dACC revisions\Run 4\Br2720_dlPFC_20x_img_011-MaxIP-Stitched_unmixed-rotated.nd2","Layer 1","dACC_v17_ FISH-IF v2.4.4","262","2226","2248","2582","2604","0","0","0","0","1","1","1414.1775","0","252.24292","3","3.268195","0","2534.6003","775.5352","0","0","0","0","0","0","0","0","0","0","0","0","0","0","0","72.03838","58.551327","13.487059","16.520208","0.787371"
"D:\HAA\dACC revisions\Run 4\Br2720_dlPFC_20x_img_011-MaxIP-Stitched_unmixed-rotated.nd2","Layer 1","dACC_v17_ FISH-IF v2.4.4","263","2333","2355","2582","2606","0","0","0","0","1","1","1583.163","0","258.28427","0","0","0","0","0","0","0","0","0","0","0","0","0","0","0","0","0","0","0","0","80.139824","63.476635","16.663193","17.59295","0.816839"
"D:\HAA\dACC revisions\Run 4\Br2720_dlPFC_20x_img_011-MaxIP-Stitched_unmixed-rotated.nd2","Layer 1","dACC_v17_ FISH-IF v2.4.4","264","2365","2390","2588","2608","0","0","0","0","1","1","2644.5195","0","367.125","3","11.277575","0","15809.503","1401.853","0","0","0","0","0","0","0","0","0","0","0","0","0","0","0","76.31926","62.2338","14.085461","16.734756","0.730286"
"D:\HAA\dACC revisions\Run 4\Br2720_dlPFC_20x_img_011-MaxIP-Stitched_unmixed-rotated.nd2","Layer 1","dACC_v17_ FISH-IF v2.4.4","265","2239","2265","2601","2629","0","0","0","0","1","1","2674.5637","0","494.24533","3","9.344276","0","8781.548","939.7783","0","0","0","0","0","0","0","0","0","0","0","0","0","0","0","104.766365","76.18117","28.5852","24.029396","0.838026"
"D:\HAA\dACC revisions\Run 4\Br2720_dlPFC_20x_img_011-MaxIP-Stitched_unmixed-rotated.nd2","Layer 1","dACC_v17_ FISH-IF v2.4.4","266","2545","2572","2611","2634","1","0","0","0","1","1","801.87256","0","164.86026","0","0","0","0","0","12","19.747263","2","25951.955","1314.2051","0","0","0","0","0","2","1.288866","0","611.19855","474.2143","86.12385","69.50668","16.61716","21.02572","0.570132"
"D:\HAA\dACC revisions\Run 4\Br2720_dlPFC_20x_img_011-MaxIP-Stitched_unmixed-rotated.nd2","Layer 1","dACC_v17_ FISH-IF v2.4.4","267","2398","2431","2632","2661","0","0","0","0","1","1","1905.052","0","343.1132","0","0","0","0","0","0","0","0","0","0","0","0","0","0","0","0","0","0","0","0","136.25151","86.63019","49.62133","33.040417","0.804189"
"D:\HAA\dACC revisions\Run 4\Br2720_dlPFC_20x_img_011-MaxIP-Stitched_unmixed-rotated.nd2","Layer 1","dACC_v17_ FISH-IF v2.4.4","268","2485","2517","2634","2662","0","0","0","0","1","1","2188.5654","0","339.95718","0","0","0","0","0","0","0","0","0","0","0","0","0","0","0","0","0","0","0","0","129.6691","87.09049","42.578598","28.749454","0.869747"
"D:\HAA\dACC revisions\Run 4\Br2720_dlPFC_20x_img_011-MaxIP-Stitched_unmixed-rotated.nd2","Layer 1","dACC_v17_ FISH-IF v2.4.4","269","2369","2400","2635","2665","1","1","1","0","1","1","1691.642","0","335.24747","0","0","0","0","0","16","26.882055","3","34790.86","1278.8748","8","6.812576","1","4703.577","690.42566","17","39.310402","3","23712.229","603.2049","136.71182","86.30797","50.403854","31.75313","0.834725"
"D:\HAA\dACC revisions\Run 4\Br2720_dlPFC_20x_img_011-MaxIP-Stitched_unmixed-rotated.nd2","Layer 1","dACC_v17_ FISH-IF v2.4.4","270","2424","2450","2674","2703","0","0","0","0","1","1","2635.2136","0","445.43564","0","0","0","0","0","0","0","0","0","0","0","0","0","0","0","0","0","0","0","0","105.04256","76.18117","28.861385","24.029396","0.827678"
"D:\HAA\dACC revisions\Run 4\Br2720_dlPFC_20x_img_011-MaxIP-Stitched_unmixed-rotated.nd2","Layer 1","dACC_v17_ FISH-IF v2.4.4","271","2565","2591","1085","1115","0","0","0","0","1","1","2143.9685","0","439.82877","0","0","0","0","0","0","0","0","0","0","0","0","0","0","0","0","0","0","0","0","108.17265","79.03509","29.137571","25.531233","0.699977"
"D:\HAA\dACC revisions\Run 4\Br2720_dlPFC_20x_img_011-MaxIP-Stitched_unmixed-rotated.nd2","Layer 1","dACC_v17_ FISH-IF v2.4.4","272","2354","2387","1097","1124","0","0","0","0","1","1","1586.127","0","276.47705","0","0","0","0","0","0","0","0","0","0","0","0","0","0","0","0","0","0","0","0","122.5343","86.26194","36.27236","28.749454","0.678501"
"D:\HAA\dACC revisions\Run 4\Br2720_dlPFC_20x_img_011-MaxIP-Stitched_unmixed-rotated.nd2","Layer 1","dACC_v17_ FISH-IF v2.4.4","273","2402","2425","1132","1154","0","0","0","0","1","1","1962.7452","0","279.80872","0","0","0","0","0","0","0","0","0","0","0","0","0","0","0","0","0","0","0","0","74.61612","60.16241","14.453708","16.734756","0.847397"
"D:\HAA\dACC revisions\Run 4\Br2720_dlPFC_20x_img_011-MaxIP-Stitched_unmixed-rotated.nd2","Layer 1","dACC_v17_ FISH-IF v2.4.4","274","2590","2609","1152","1171","0","0","0","0","1","1","364.34454","0","130.37778","0","0","0","0","0","0","0","0","0","0","0","0","0","0","0","0","0","0","0","0","51.048286","45.57061","5.477679","10.083764","0.919386"
"D:\HAA\dACC revisions\Run 4\Br2720_dlPFC_20x_img_011-MaxIP-Stitched_unmixed-rotated.nd2","Layer 1","dACC_v17_ FISH-IF v2.4.4","275","2241","2268","1166","1199","0","0","0","0","1","1","2088.662","0","470.88184","0","0","0","0","0","0","0","0","0","0","0","0","0","0","0","0","0","0","0","0","130.35956","89.20792","41.15164","29.607647","0.738854"
"D:\HAA\dACC revisions\Run 4\Br2720_dlPFC_20x_img_011-MaxIP-Stitched_unmixed-rotated.nd2","Layer 1","dACC_v17_ FISH-IF v2.4.4","276","2329","2365","1176","1204","1","1","0","0","1","1","1608.2856","0","211.97868","0","0","0","0","0","17","29.137571","3","29995.08","1005.6003","20","21.680563","3","17172.57","792.0722","1","0.828557","0","370.91714","447.66666","154.94006","99.33472","55.605347","33.89861","0.754488"
"D:\HAA\dACC revisions\Run 4\Br2720_dlPFC_20x_img_011-MaxIP-Stitched_unmixed-rotated.nd2","Layer 1","dACC_v17_ FISH-IF v2.4.4","277","2541","2570","1204","1225","0","0","0","0","1","1","2768.8618","0","318.56754","0","0","0","0","0","0","0","0","0","0","0","0","0","0","0","0","0","0","0","0","88.83967","69.50668","19.332985","19.738432","0.690171"
"D:\HAA\dACC revisions\Run 4\Br2720_dlPFC_20x_img_011-MaxIP-Stitched_unmixed-rotated.nd2","Layer 1","dACC_v17_ FISH-IF v2.4.4","278","2592","2613","1253","1278","0","0","0","0","1","1","2880.7742","0","458.2969","0","0","0","0","0","1","0.322216","0","205.1598","636.7143","0","0","0","0","0","0","0","0","0","0","73.64947","52.24509","21.404377","20.382076","0.842511"
"D:\HAA\dACC revisions\Run 4\Br2720_dlPFC_20x_img_011-MaxIP-Stitched_unmixed-rotated.nd2","Layer 1","dACC_v17_ FISH-IF v2.4.4","279","2528","2556","1259","1291","0","0","0","0","1","1","2280.6858","0","412.63528","0","0","0","0","0","0","0","0","0","0","0","0","0","0","0","0","0","0","0","0","129.71512","88.97776","40.737362","29.607647","0.713935"
"D:\HAA\dACC revisions\Run 4\Br2720_dlPFC_20x_img_011-MaxIP-Stitched_unmixed-rotated.nd2","Layer 1","dACC_v17_ FISH-IF v2.4.4","280","2409","2439","1259","1287","0","0","0","0","1","1","2590.63","0","508.39725","3","9.436338","0","9951.286","1054.5707","0","0","0","0","0","0","0","0","0","0","0","0","0","0","0","109.139305","80.416016","28.723293","26.818521","0.675681"
"D:\HAA\dACC revisions\Run 4\Br2720_dlPFC_20x_img_011-MaxIP-Stitched_unmixed-rotated.nd2","Layer 1","dACC_v17_ FISH-IF v2.4.4","281","2298","2323","1275","1299","0","1","0","0","1","1","3087.0286","0","511.55026","0","0","0","0","0","1","0.552371","0","377.2694","683","4","3.728504","1","3144.0037","843.23456","0","0","0","0","0","87.73493","63.66076","24.07417","20.596624","0.806343"
"D:\HAA\dACC revisions\Run 4\Br2720_dlPFC_20x_img_011-MaxIP-Stitched_unmixed-rotated.nd2","Layer 1","dACC_v17_ FISH-IF v2.4.4","282","2295","2313","1294","1309","0","1","0","0","1","1","1787.6757","0","849.03937","0","0","0","0","0","3","2.715824","0","1895.415","697.9153","6","4.741185","1","5830.8286","1229.8252","1","2.577731","0","1232.9381","478.30356","36.13427","32.72798","3.406288","7.294638","0.76193"
"D:\HAA\dACC revisions\Run 4\Br2720_dlPFC_20x_img_011-MaxIP-Stitched_unmixed-rotated.nd2","Layer 1","dACC_v17_ FISH-IF v2.4.4","283","2455","2491","1319","1353","0","0","0","0","1","1","1073.28","0","487.18652","0","0","0","0","0","0","0","0","0","0","0","0","0","0","0","0","0","0","0","0","151.30362","104.62827","46.67535","38.189575","0.556148"
"D:\HAA\dACC revisions\Run 4\Br2720_dlPFC_20x_img_011-MaxIP-Stitched_unmixed-rotated.nd2","Layer 1","dACC_v17_ FISH-IF v2.4.4","284","2398","2429","1324","1350","0","0","0","0","1","1","2283.5461","0","614.50555","0","0","0","0","0","0","0","0","0","0","0","0","0","0","0","0","0","0","0","0","105.64095","66.19246","39.448498","28.320358","0.752674"
"D:\HAA\dACC revisions\Run 4\Br2720_dlPFC_20x_img_011-MaxIP-Stitched_unmixed-rotated.nd2","Layer 1","dACC_v17_ FISH-IF v2.4.4","285","2520","2545","1324","1351","1","1","0","0","1","1","1962.6151","0","435.3485","0","0","0","0","0","11","16.525099","2","26185.838","1584.61","4","3.176133","1","3120.8962","982.6087","0","0","0","0","0","94.31735","71.71617","22.601181","21.883913","0.722473"
"D:\HAA\dACC revisions\Run 4\Br2720_dlPFC_20x_img_011-MaxIP-Stitched_unmixed-rotated.nd2","Layer 1","dACC_v17_ FISH-IF v2.4.4","286","2409","2433","1343","1364","0","0","0","0","1","1","2654.0334","0","493.93008","0","0","0","0","0","0","0","0","0","0","0","0","0","0","0","0","0","0","0","0","70.01302","48.05628","21.956747","20.811172","0.816062"
"D:\HAA\dACC revisions\Run 4\Br2720_dlPFC_20x_img_011-MaxIP-Stitched_unmixed-rotated.nd2","Layer 1","dACC_v17_ FISH-IF v2.4.4","287","2451","2477","1342","1369","0","0","0","0","1","1","3276.6313","0","777.31024","0","0","0","0","0","0","0","0","0","0","0","0","0","0","0","0","0","0","0","0","106.791725","75.07642","31.715302","24.887589","0.898762"
"D:\HAA\dACC revisions\Run 4\Br2720_dlPFC_20x_img_011-MaxIP-Stitched_unmixed-rotated.nd2","Layer 1","dACC_v17_ FISH-IF v2.4.4","288","2321","2348","1352","1371","0","0","0","0","1","1","1889.4644","0","219.10057","0","0","0","0","0","0","0","0","0","0","1","1.242835","0","891.71094","717.4815","0","0","0","0","0","79.86364","64.99566","14.867987","17.59295","0.68332"
"D:\HAA\dACC revisions\Run 4\Br2720_dlPFC_20x_img_011-MaxIP-Stitched_unmixed-rotated.nd2","Layer 1","dACC_v17_ FISH-IF v2.4.4","289","2248","2275","1390","1411","0","0","0","0","1","1","1915.4716","0","253.39832","0","0","0","0","0","0","0","0","0","0","0","0","0","0","0","0","0","0","0","0","81.84297","65.64009","16.202883","18.451143","0.700433"
"D:\HAA\dACC revisions\Run 4\Br2720_dlPFC_20x_img_011-MaxIP-Stitched_unmixed-rotated.nd2","Layer 1","dACC_v17_ FISH-IF v2.4.4","290","2456","2487","1392","1424","0","0","0","0","1","1","2467.665","0","416.28528","1","0.598402","0","433.79538","724.9231","0","0","0","0","0","0","0","0","0","0","0","0","0","0","0","130.77383","91.32534","39.448498","31.324034","0.631969"
"D:\HAA\dACC revisions\Run 4\Br2720_dlPFC_20x_img_011-MaxIP-Stitched_unmixed-rotated.nd2","Layer 1","dACC_v17_ FISH-IF v2.4.4","291","2432","2458","1472","1498","0","0","0","0","1","1","3182.8428","0","476.44077","0","0","0","0","0","1","1.196804","0","1147.5968","958.88464","0","0","0","0","0","0","0","0","0","0","100.3474","73.41931","26.928087","22.742105","0.927159"
"D:\HAA\dACC revisions\Run 4\Br2720_dlPFC_20x_img_011-MaxIP-Stitched_unmixed-rotated.nd2","Layer 1","dACC_v17_ FISH-IF v2.4.4","292","2383","2414","1484","1508","1","1","0","0","1","1","1867.6709","0","512.8164","0","0","0","0","0","11","18.64252","2","17387.166","932.66174","15","15.55845","3","14672.677","943.06805","0","0","0","0","0","105.82508","72.95901","32.866074","27.247618","0.731466"
"D:\HAA\dACC revisions\Run 4\Br2720_dlPFC_20x_img_011-MaxIP-Stitched_unmixed-rotated.nd2","Layer 1","dACC_v17_ FISH-IF v2.4.4","293","5340","5366","1491","1520","0","0","0","0","1","1","1839.4061","0","297.6314","0","0","0","0","0","0","0","0","0","0","0","0","0","0","0","0","0","0","0","0","108.0806","77.93034","30.150251","24.887589","0.791566"
"D:\HAA\dACC revisions\Run 4\Br2720_dlPFC_20x_img_011-MaxIP-Stitched_unmixed-rotated.nd2","Layer 1","dACC_v17_ FISH-IF v2.4.4","294","5057","5087","1492","1519","0","0","0","1","1","1","2090.5798","0","399.52414","18","40.046898","3","96405.125","2407.3057","0","0","0","0","0","0","0","0","0","0","0","0","0","0","0","112.95987","80.093796","32.866074","25.96033","0.805718"
"D:\HAA\dACC revisions\Run 4\Br2720_dlPFC_20x_img_011-MaxIP-Stitched_unmixed-rotated.nd2","Layer 1","dACC_v17_ FISH-IF v2.4.4","295","5209","5235","1502","1531","0","0","0","1","1","1","1685.8287","0","234.42822","29","52.291122","3","174921.44","3345.1462","0","0","0","0","0","0","0","0","0","0","0","0","0","0","0","107.436165","75.99705","31.439117","25.316685","0.815163"
"D:\HAA\dACC revisions\Run 4\Br2720_dlPFC_20x_img_011-MaxIP-Stitched_unmixed-rotated.nd2","Layer 1","dACC_v17_ FISH-IF v2.4.4","296","5273","5297","1505","1534","0","0","0","1","1","1","1162.013","0","220.95154","4","8.285565","1","11508.328","1388.961","0","0","0","0","0","0","0","0","0","0","0","0","0","0","0","99.93312","75.030396","24.902727","23.600298","0.729581"
"D:\HAA\dACC revisions\Run 4\Br2720_dlPFC_20x_img_011-MaxIP-Stitched_unmixed-rotated.nd2","Layer 1","dACC_v17_ FISH-IF v2.4.4","297","5049","5073","1546","1570","0","0","0","0","1","1","1750.0139","0","244.74844","0","0","0","0","0","0","0","0","0","0","0","0","0","0","0","0","0","0","0","0","86.40003","66.606735","19.793295","19.309336","0.864147"
"D:\HAA\dACC revisions\Run 4\Br2720_dlPFC_20x_img_011-MaxIP-Stitched_unmixed-rotated.nd2","Layer 1","dACC_v17_ FISH-IF v2.4.4","298","5080","5107","1576","1598","0","0","0","0","1","1","2688.2764","0","429.34265","1","1.472989","0","1340.9266","832.3143","0","0","0","0","0","0","0","0","0","0","0","0","0","0","0","85.24926","67.435295","17.813965","19.094788","0.691688"
"D:\HAA\dACC revisions\Run 4\Br2720_dlPFC_20x_img_011-MaxIP-Stitched_unmixed-rotated.nd2","Layer 1","dACC_v17_ FISH-IF v2.4.4","299","5294","5315","1590","1611","0","0","0","0","1","1","1584.1794","0","197.02734","0","0","0","0","0","0","0","0","0","0","0","0","0","0","0","0","0","0","0","0","61.17509","52.19906","8.976028","12.87289","0.863685"
"D:\HAA\dACC revisions\Run 4\Br2720_dlPFC_20x_img_011-MaxIP-Stitched_unmixed-rotated.nd2","Layer 1","dACC_v17_ FISH-IF v2.4.4","300","5308","5335","1623","1651","0","0","0","0","1","1","2335.116","0","378.6234","0","0","0","0","0","0","0","0","0","0","0","0","0","0","0","0","0","0","0","0","110.38214","76.64148","33.74066","25.74578","0.914011"
"D:\HAA\dACC revisions\Run 4\Br2720_dlPFC_20x_img_011-MaxIP-Stitched_unmixed-rotated.nd2","Layer 1","dACC_v17_ FISH-IF v2.4.4","301","5280","5309","1629","1656","0","0","0","0","1","1","1647.9534","0","333.80258","0","0","0","0","0","0","0","0","0","0","0","0","0","0","0","0","0","0","0","0","113.37415","78.80493","34.569218","26.389425","0.771676"
"D:\HAA\dACC revisions\Run 4\Br2720_dlPFC_20x_img_011-MaxIP-Stitched_unmixed-rotated.nd2","Layer 1","dACC_v17_ FISH-IF v2.4.4","302","5265","5280","1631","1647","0","0","0","0","1","1","372.47827","0","166.08345","0","0","0","0","0","0","0","0","0","0","0","0","0","0","0","0","0","0","0","0","34.15494","33.09623","1.058711","3.861867","0.72312"
"D:\HAA\dACC revisions\Run 4\Br2720_dlPFC_20x_img_011-MaxIP-Stitched_unmixed-rotated.nd2","Layer 1","dACC_v17_ FISH-IF v2.4.4","303","5241","5268","1678","1712","0","0","0","0","1","1","2188.8225","0","548.65924","0","0","0","0","0","0","0","0","0","0","0","0","0","0","0","0","0","0","0","0","136.61977","92.79833","43.821434","31.109486","0.705252"
"D:\HAA\dACC revisions\Run 4\Br2720_dlPFC_20x_img_011-MaxIP-Stitched_unmixed-rotated.nd2","Layer 1","dACC_v17_ FISH-IF v2.4.4","304","5024","5050","1685","1709","0","0","0","0","1","1","1921.6403","0","340.0251","0","0","0","0","0","0","0","0","0","0","0","0","0","0","0","0","0","0","0","0","92.38405","69.73684","22.647211","21.02572","0.876724"
"D:\HAA\dACC revisions\Run 4\Br2720_dlPFC_20x_img_011-MaxIP-Stitched_unmixed-rotated.nd2","Layer 1","dACC_v17_ FISH-IF v2.4.4","305","5112","5136","1745","1768","0","0","0","0","1","1","2121.688","0","293.79004","0","0","0","0","0","0","0","0","0","0","0","0","0","0","0","0","0","0","0","0","79.44936","62.924263","16.525099","17.59295","0.861399"
"D:\HAA\dACC revisions\Run 4\Br2720_dlPFC_20x_img_011-MaxIP-Stitched_unmixed-rotated.nd2","Layer 1","dACC_v17_ FISH-IF v2.4.4","306","5014","5055","1746","1770","0","0","0","0","1","1","1867.512","0","353.40344","2","2.669793","0","2210.8188","828.0862","0","0","0","0","0","0","0","0","0","0","0","0","0","0","0","145.18152","99.1506","46.03092","33.684063","0.568131"
"D:\HAA\dACC revisions\Run 4\Br2720_dlPFC_20x_img_011-MaxIP-Stitched_unmixed-rotated.nd2","Layer 1","dACC_v17_ FISH-IF v2.4.4","307","5159","5211","1750","1777","0","0","0","1","1","1","1335.318","0","230.32256","7","12.888657","1","14645.703","1136.325","0","0","0","0","0","0","0","0","0","0","0","0","0","0","0","191.99495","128.15007","63.844883","45.48421","0.48262"
"D:\HAA\dACC revisions\Run 4\Br2720_dlPFC_20x_img_011-MaxIP-Stitched_unmixed-rotated.nd2","Layer 1","dACC_v17_ FISH-IF v2.4.4","308","5071","5092","1755","1774","0","0","0","0","1","1","1145.535","0","172.38448","0","0","0","0","0","0","0","0","0","0","1","0.874587","0","626.9871","716.8947","0","0","0","0","0","62.003647","52.797462","9.206183","12.658342","0.844785"
"D:\HAA\dACC revisions\Run 4\Br2720_dlPFC_20x_img_011-MaxIP-Stitched_unmixed-rotated.nd2","Layer 1","dACC_v17_ FISH-IF v2.4.4","309","5398","5425","1759","1788","0","0","0","1","1","1","1830.1713","0","277.52148","12","33.878754","2","59231.48","1748.3369","0","0","0","0","0","0","0","0","0","0","0","0","0","0","0","113.65034","80.32395","33.326385","25.74578","0.838854"
"D:\HAA\dACC revisions\Run 4\Br2720_dlPFC_20x_img_011-MaxIP-Stitched_unmixed-rotated.nd2","Layer 1","dACC_v17_ FISH-IF v2.4.4","310","5040","5072","1763","1789","0","0","0","0","1","1","2152.8625","0","421.29694","2","2.715824","0","2758.7249","1015.79663","0","0","0","0","0","0","0","0","0","0","0","0","0","0","0","118.43755","80.922356","37.515198","27.462166","0.791249"
"D:\HAA\dACC revisions\Run 4\Br2720_dlPFC_20x_img_011-MaxIP-Stitched_unmixed-rotated.nd2","Layer 1","dACC_v17_ FISH-IF v2.4.4","311","5087","5113","1801","1824","0","0","0","1","1","1","1602.9863","0","219.86969","19","37.423138","3","107148.47","2863.1611","0","0","0","0","0","1","1.749175","0","1468.4783","839.5263","0","0","0","0","0","87.22859","67.113075","20.11551","19.309336","0.858457"
"D:\HAA\dACC revisions\Run 4\Br2720_dlPFC_20x_img_011-MaxIP-Stitched_unmixed-rotated.nd2","Layer 1","dACC_v17_ FISH-IF v2.4.4","312","5265","5290","1822","1846","0","0","0","0","1","1","1490.3469","0","280.88388","3","10.449018","0","13570.145","1298.7004","0","0","0","0","0","0","0","0","0","0","0","0","0","0","0","85.43338","66.19246","19.240923","19.738432","0.888017"
"D:\HAA\dACC revisions\Run 4\Br2720_dlPFC_20x_img_011-MaxIP-Stitched_unmixed-rotated.nd2","Layer 1","dACC_v17_ FISH-IF v2.4.4","313","5400","5420","1840","1865","0","0","0","0","1","1","524.09064","0","126.857956","2","4.879277","0","4348.2646","891.1698","0","0","0","0","0","0","0","0","0","0","0","0","0","0","0","79.21921","64.48932","14.729894","17.59295","0.713236"
"D:\HAA\dACC revisions\Run 4\Br2720_dlPFC_20x_img_011-MaxIP-Stitched_unmixed-rotated.nd2","Layer 1","dACC_v17_ FISH-IF v2.4.4","314","5260","5280","1846","1864","0","0","0","0","1","1","452.44067","0","122.450096","0","0","0","0","0","0","0","0","0","0","0","0","0","0","0","0","0","0","0","0","51.554626","46.12298","5.431648","9.869216","0.763824"
"D:\HAA\dACC revisions\Run 4\Br2720_dlPFC_20x_img_011-MaxIP-Stitched_unmixed-rotated.nd2","Layer 1","dACC_v17_ FISH-IF v2.4.4","315","5526","5550","1501","1523","0","0","0","1","1","1","1088.4985","0","176.60551","15","29.735973","3","84027.46","2825.785","0","0","0","0","0","0","0","0","0","0","0","0","0","0","0","77.055756","61.72746","15.328296","17.163853","0.818179"
"D:\HAA\dACC revisions\Run 4\Br2720_dlPFC_20x_img_011-MaxIP-Stitched_unmixed-rotated.nd2","Layer 1","dACC_v17_ FISH-IF v2.4.4","316","5509","5536","1552","1582","0","0","0","0","1","1","1914.968","0","328.31808","0","0","0","0","0","0","0","0","0","0","0","0","0","0","0","0","0","0","0","0","118.43755","82.487404","35.950146","27.03307","0.804239"
"D:\HAA\dACC revisions\Run 4\Br2720_dlPFC_20x_img_011-MaxIP-Stitched_unmixed-rotated.nd2","Layer 1","dACC_v17_ FISH-IF v2.4.4","317","5501","5525","1586","1614","0","0","0","1","1","1","1408.7864","0","238.41895","8","22.186903","1","33550.188","1512.1619","0","0","0","0","0","0","0","0","0","0","0","0","0","0","0","99.47282","73.833595","25.639221","22.31301","0.78317"
"D:\HAA\dACC revisions\Run 4\Br2720_dlPFC_20x_img_011-MaxIP-Stitched_unmixed-rotated.nd2","Layer 1","dACC_v17_ FISH-IF v2.4.4","318","5457","5489","1604","1639","0","0","0","1","1","1","1572.6964","0","502.02893","26","52.705402","3","133223.61","2527.7031","0","0","0","0","0","1","0.644433","0","426.10822","661.2143","0","0","0","0","0","161.79868","106.607605","55.19107","38.61867","0.728165"
"D:\HAA\dACC revisions\Run 4\Br2720_dlPFC_20x_img_011-MaxIP-Stitched_unmixed-rotated.nd2","Layer 1","dACC_v17_ FISH-IF v2.4.4","319","5496","5517","1737","1753","0","0","0","0","1","1","1278.6287","0","347.55948","3","6.996699","0","8421.448","1203.6316","0","0","0","0","0","0","0","0","0","0","0","0","0","0","0","47.227722","37.929478","9.298245","12.87289","0.824224"
"D:\HAA\dACC revisions\Run 4\Br2720_dlPFC_20x_img_011-MaxIP-Stitched_unmixed-rotated.nd2","Layer 1","dACC_v17_ FISH-IF v2.4.4","320","5496","5520","1750","1772","0","0","0","0","1","1","1703.1578","0","260.8262","3","10.817266","0","16166.242","1494.4851","0","0","0","0","0","0","0","0","0","0","0","0","0","0","0","76.41132","54.822823","21.588501","21.883913","0.745837"
"D:\HAA\dACC revisions\Run 4\Br2720_dlPFC_20x_img_011-MaxIP-Stitched_unmixed-rotated.nd2","Layer 1","dACC_v17_ FISH-IF v2.4.4","321","5449","5481","1795","1826","0","0","0","0","1","1","1281.0823","0","283.96582","0","0","0","0","0","0","0","0","0","0","0","0","0","0","0","0","0","0","0","0","147.66719","95.60622","52.060966","32.61132","0.862133"
"D:\HAA\dACC revisions\Run 4\Br2720_dlPFC_20x_img_011-MaxIP-Stitched_unmixed-rotated.nd2","Layer 1","dACC_v17_ FISH-IF v2.4.4","322","5502","5522","1830","1851","0","0","0","1","1","1","592.9036","0","79.08066","5","8.976028","1","9468.054","1054.8154","0","0","0","0","0","0","0","0","0","0","0","0","0","0","0","57.860863","50.21973","7.641132","12.014698","0.803934"
"D:\HAA\dACC revisions\Run 4\Br2720_dlPFC_20x_img_011-MaxIP-Stitched_unmixed-rotated.nd2","Layer 1","dACC_v17_ FISH-IF v2.4.4","323","5492","5520","710","738","0","0","0","1","1","1","1773.2721","0","221.09807","17","37.28504","3","79921.78","2143.5347","0","0","0","0","0","0","0","0","0","0","0","0","0","0","0","111.671005","78.85096","32.820045","25.74578","0.91075"
"D:\HAA\dACC revisions\Run 4\Br2720_dlPFC_20x_img_011-MaxIP-Stitched_unmixed-rotated.nd2","Layer 1","dACC_v17_ FISH-IF v2.4.4","324","5543","5570","724","751","0","0","0","1","1","1","1440.0938","0","302.45605","14","29.505817","2","68271.81","2313.8425","0","0","0","0","0","0","0","0","0","0","0","0","0","0","0","104.99652","77.00973","27.986797","24.458492","0.72907"
"D:\HAA\dACC revisions\Run 4\Br2720_dlPFC_20x_img_011-MaxIP-Stitched_unmixed-rotated.nd2","Layer 1","dACC_v17_ FISH-IF v2.4.4","325","5501","5524","745","768","0","0","0","0","1","1","1377.3711","0","218.13261","0","0","0","0","0","0","0","0","0","0","0","0","0","0","0","0","0","0","0","0","73.0971","59.7021","13.394997","16.949305","0.790744"
"D:\HAA\dACC revisions\Run 4\Br2720_dlPFC_20x_img_011-MaxIP-Stitched_unmixed-rotated.nd2","Layer 1","dACC_v17_ FISH-IF v2.4.4","326","5489","5514","796","827","0","0","0","0","1","1","2023.2352","0","328.64478","1","0.598402","0","450.8268","753.38464","0","0","0","0","0","0","0","0","0","0","0","0","0","0","0","113.28209","80.600136","32.68195","25.316685","0.798166"
"D:\HAA\dACC revisions\Run 4\Br2720_dlPFC_20x_img_011-MaxIP-Stitched_unmixed-rotated.nd2","Layer 1","dACC_v17_ FISH-IF v2.4.4","327","5415","5443","807","840","0","0","0","0","1","1","1823.0891","0","241.67491","0","0","0","0","0","0","0","0","0","0","0","0","0","0","0","0","0","0","0","0","129.34688","87.504776","41.842106","29.607647","0.822279"
"D:\HAA\dACC revisions\Run 4\Br2720_dlPFC_20x_img_011-MaxIP-Stitched_unmixed-rotated.nd2","Layer 1","dACC_v17_ FISH-IF v2.4.4","328","5513","5533","813","835","0","0","0","0","1","1","549.847","0","137.7537","0","0","0","0","0","0","0","0","0","0","0","0","0","0","0","0","0","0","0","0","61.313183","52.889523","8.423658","12.87289","0.680802"
"D:\HAA\dACC revisions\Run 4\Br2720_dlPFC_20x_img_011-MaxIP-Stitched_unmixed-rotated.nd2","Layer 1","dACC_v17_ FISH-IF v2.4.4","329","5513","5532","896","922","0","0","0","0","1","1","1762.7158","0","552.5657","1","0.552371","0","526.4556","953.0833","0","0","0","0","0","0","0","0","0","0","0","0","0","0","0","62.095707","45.57061","16.525099","18.665691","0.710533"
"D:\HAA\dACC revisions\Run 4\Br2720_dlPFC_20x_img_011-MaxIP-Stitched_unmixed-rotated.nd2","Layer 1","dACC_v17_ FISH-IF v2.4.4","330","5530","5549","899","923","0","0","0","1","1","1","2264.5603","0","392.06363","5","12.566441","1","15794.957","1256.9158","0","0","0","0","0","0","0","0","0","0","0","0","0","0","0","72.54472","48.470554","24.07417","20.596624","0.815337"
"D:\HAA\dACC revisions\Run 4\Br2720_dlPFC_20x_img_011-MaxIP-Stitched_unmixed-rotated.nd2","Layer 1","dACC_v17_ FISH-IF v2.4.4","331","5498","5519","1004","1025","0","0","0","0","1","1","1165.6274","0","165.65169","1","2.209484","0","1950.0999","882.6042","0","0","0","0","0","0","0","0","0","0","0","0","0","0","0","62.64808","53.25777","9.390307","13.301987","0.786572"
"D:\HAA\dACC revisions\Run 4\Br2720_dlPFC_20x_img_011-MaxIP-Stitched_unmixed-rotated.nd2","Layer 1","dACC_v17_ FISH-IF v2.4.4","332","5539","5567","1011","1036","0","0","0","1","1","1","1629.8152","0","302.9884","7","18.688553","1","26888.316","1438.7587","0","0","0","0","0","0","0","0","0","0","0","0","0","0","0","103.89178","75.49071","28.401075","23.171202","0.881228"
"D:\HAA\dACC revisions\Run 4\Br2720_dlPFC_20x_img_011-MaxIP-Stitched_unmixed-rotated.nd2","Layer 1","dACC_v17_ FISH-IF v2.4.4","333","5411","5431","1027","1056","0","0","0","0","1","1","1883.5522","0","359.40823","1","1.288866","0","1106.169","858.25","0","0","0","0","0","1","0.736495","0","441.02222","598.8125","0","0","0","0","0","84.09849","53.67205","30.426437","24.458492","0.69427"
"D:\HAA\dACC revisions\Run 4\Br2720_dlPFC_20x_img_011-MaxIP-Stitched_unmixed-rotated.nd2","Layer 1","dACC_v17_ FISH-IF v2.4.4","334","5430","5450","1028","1060","0","0","0","0","1","1","2115.0503","0","411.1456","0","0","0","0","0","0","0","0","0","0","0","0","0","0","0","0","0","0","0","0","98.27601","59.74813","38.527878","26.603973","0.84037"
"D:\HAA\dACC revisions\Run 4\Br2720_dlPFC_20x_img_011-MaxIP-Stitched_unmixed-rotated.nd2","Layer 1","dACC_v17_ FISH-IF v2.4.4","335","5463","5491","1040","1068","0","0","0","1","1","1","1571.1919","0","297.31406","25","50.311794","3","150708.67","2995.4941","0","0","0","0","0","0","0","0","0","0","0","0","0","0","0","112.45353","79.587456","32.866074","25.74578","0.840289"
"D:\HAA\dACC revisions\Run 4\Br2720_dlPFC_20x_img_011-MaxIP-Stitched_unmixed-rotated.nd2","Layer 1","dACC_v17_ FISH-IF v2.4.4","336","5362","5387","3504","3539","0","0","0","0","1","1","1749.9622","0","302.22153","1","0.598402","0","425.92407","711.7692","0","0","0","0","0","0","0","0","0","0","0","0","0","0","0","123.04064","90.17457","32.866074","29.607647","0.590864"
"D:\HAA\dACC revisions\Run 4\Br2720_dlPFC_20x_img_011-MaxIP-Stitched_unmixed-rotated.nd2","Layer 1","dACC_v17_ FISH-IF v2.4.4","337","5122","5151","3517","3540","0","0","0","0","1","1","2447.1262","0","505.98364","1","1.51902","0","1152.6141","758.7879","0","0","0","0","0","0","0","0","0","0","0","0","0","0","0","100.89977","70.28921","30.61056","26.603973","0.642377"
"D:\HAA\dACC revisions\Run 4\Br2720_dlPFC_20x_img_011-MaxIP-Stitched_unmixed-rotated.nd2","Layer 1","dACC_v17_ FISH-IF v2.4.4","338","5109","5122","3520","3537","0","0","0","0","1","1","1479.9519","0","423.65475","2","2.117422","0","1694.7203","800.36957","0","0","0","0","0","0","0","0","0","0","0","0","0","0","0","35.719994","30.932777","4.787215","9.654668","0.727102"
"D:\HAA\dACC revisions\Run 4\Br2720_dlPFC_20x_img_011-MaxIP-Stitched_unmixed-rotated.nd2","Layer 1","dACC_v17_ FISH-IF v2.4.4","339","5235","5263","3544","3565","0","0","0","1","1","1","1388.0869","0","267.46127","19","37.14695","3","110432.96","2972.8674","0","0","0","0","0","0","0","0","0","0","0","0","0","0","0","83.8223","54.68473","29.137571","23.600298","0.861038"
"D:\HAA\dACC revisions\Run 4\Br2720_dlPFC_20x_img_011-MaxIP-Stitched_unmixed-rotated.nd2","Layer 1","dACC_v17_ FISH-IF v2.4.4","340","5214","5239","3557","3585","0","0","0","1","1","1","1591.7656","0","329.95792","15","34.891434","3","92409.92","2648.4988","0","0","0","0","0","0","0","0","0","0","0","0","0","0","0","98.96647","71.07174","27.894735","24.029396","0.832195"
"D:\HAA\dACC revisions\Run 4\Br2720_dlPFC_20x_img_011-MaxIP-Stitched_unmixed-rotated.nd2","Layer 1","dACC_v17_ FISH-IF v2.4.4","341","5240","5261","3564","3579","0","0","0","1","1","1","1498.7585","0","296.22955","7","14.407678","1","35199.43","2443.1023","0","0","0","0","0","0","0","0","0","0","0","0","0","0","0","48.424526","34.891434","13.53309","15.876565","0.770365"
"D:\HAA\dACC revisions\Run 4\Br2720_dlPFC_20x_img_011-MaxIP-Stitched_unmixed-rotated.nd2","Layer 1","dACC_v17_ FISH-IF v2.4.4","342","5026","5063","3597","3623","0","0","0","0","1","1","1861.977","0","335.83496","0","0","0","0","0","0","0","0","0","0","0","0","0","0","0","0","0","0","0","0","134.1341","93.99513","40.13896","32.182224","0.601521"
"D:\HAA\dACC revisions\Run 4\Br2720_dlPFC_20x_img_011-MaxIP-Stitched_unmixed-rotated.nd2","Layer 1","dACC_v17_ FISH-IF v2.4.4","343","5035","5065","3662","3691","0","0","0","1","1","1","1863.6647","0","351.1796","13","30.10422","2","49838.55","1655.5337","0","0","0","0","0","0","0","0","0","0","0","0","0","0","0","123.316826","84.32864","38.988186","28.10581","0.876779"
"D:\HAA\dACC revisions\Run 4\Br2720_dlPFC_20x_img_011-MaxIP-Stitched_unmixed-rotated.nd2","Layer 1","dACC_v17_ FISH-IF v2.4.4","344","5144","5169","3670","3689","0","0","0","1","1","1","810.05835","0","150.04185","4","14.085461","1","24437.354","1734.9347","0","0","0","0","0","0","0","0","0","0","0","0","0","0","0","71.20983","59.379883","11.829946","15.447468","0.689525"
"D:\HAA\dACC revisions\Run 4\Br2720_dlPFC_20x_img_011-MaxIP-Stitched_unmixed-rotated.nd2","Layer 1","dACC_v17_ FISH-IF v2.4.4","345","5062","5088","3688","3718","0","0","0","0","1","1","2419.8599","0","399.30783","0","0","0","0","0","0","0","0","0","0","0","0","0","0","0","0","0","0","0","0","116.2741","81.79694","34.477158","25.74578","0.81167"
"D:\HAA\dACC revisions\Run 4\Br2720_dlPFC_20x_img_011-MaxIP-Stitched_unmixed-rotated.nd2","Layer 1","dACC_v17_ FISH-IF v2.4.4","346","5332","5362","3689","3720","0","0","0","1","1","1","1509.7604","0","224.96516","25","51.830814","3","140635.36","2713.3542","0","0","0","0","0","0","0","0","0","0","0","0","0","0","0","130.45161","87.22859","43.22303","29.17855","0.891582"
"D:\HAA\dACC revisions\Run 4\Br2720_dlPFC_20x_img_011-MaxIP-Stitched_unmixed-rotated.nd2","Layer 1","dACC_v17_ FISH-IF v2.4.4","347","5283","5312","3694","3726","0","0","0","1","1","1","1520.1433","0","321.69794","4","10.08077","1","13043.643","1293.9132","0","0","0","0","0","0","0","0","0","0","0","0","0","0","0","126.723114","74.06374","52.65937","34.97135","0.700114"
"D:\HAA\dACC revisions\Run 4\Br2720_dlPFC_20x_img_011-MaxIP-Stitched_unmixed-rotated.nd2","Layer 1","dACC_v17_ FISH-IF v2.4.4","348","5261","5286","3702","3728","0","0","0","1","1","1","1318.8042","0","354.9561","12","32.037518","2","71852.055","2242.747","0","0","0","0","0","0","0","0","0","0","0","0","0","0","0","96.664925","59.74813","36.916798","26.389425","0.807873"
"D:\HAA\dACC revisions\Run 4\Br2720_dlPFC_20x_img_011-MaxIP-Stitched_unmixed-rotated.nd2","Layer 1","dACC_v17_ FISH-IF v2.4.4","349","5154","5183","3715","3742","0","0","0","1","1","1","1644.1206","0","309.6624","16","36.364426","3","89508.31","2461.4253","0","0","0","0","0","0","0","0","0","0","0","0","0","0","0","112.177345","79.3573","32.820045","25.316685","0.853153"
"D:\HAA\dACC revisions\Run 4\Br2720_dlPFC_20x_img_011-MaxIP-Stitched_unmixed-rotated.nd2","Layer 1","dACC_v17_ FISH-IF v2.4.4","350","5262","5291","3728","3755","0","0","0","1","1","1","1701.4492","0","308.26877","19","39.67865","3","98912.76","2492.8457","0","0","0","0","0","0","0","0","0","0","0","0","0","0","0","116.043945","77.93034","38.113598","27.03307","0.894381"
"D:\HAA\dACC revisions\Run 4\Br2720_dlPFC_20x_img_011-MaxIP-Stitched_unmixed-rotated.nd2","Layer 1","dACC_v17_ FISH-IF v2.4.4","351","5195","5227","3739","3764","0","0","0","0","1","1","935.3898","0","241.66924","0","0","0","0","0","0","0","0","0","0","0","0","0","0","0","0","0","0","0","0","118.71374","83.638176","35.075558","26.603973","0.775387"
"D:\HAA\dACC revisions\Run 4\Br2720_dlPFC_20x_img_011-MaxIP-Stitched_unmixed-rotated.nd2","Layer 1","dACC_v17_ FISH-IF v2.4.4","352","5334","5363","3750","3778","0","0","0","1","1","1","1149.2631","0","199.22453","14","32.08355","2","61053.293","1902.9469","0","0","0","0","0","0","0","0","0","0","0","0","0","0","0","111.21069","79.54143","31.669271","25.74578","0.797266"
"D:\HAA\dACC revisions\Run 4\Br2720_dlPFC_20x_img_011-MaxIP-Stitched_unmixed-rotated.nd2","Layer 1","dACC_v17_ FISH-IF v2.4.4","353","5265","5293","3755","3781","0","0","0","1","1","1","1328.6534","0","266.22177","15","30.10422","3","82512.63","2740.8992","0","0","0","0","0","1","0.966649","0","676.28625","699.619","0","0","0","0","0","91.04916","56.249783","34.799374","27.462166","0.796749"
"D:\HAA\dACC revisions\Run 4\Br2720_dlPFC_20x_img_011-MaxIP-Stitched_unmixed-rotated.nd2","Layer 1","dACC_v17_ FISH-IF v2.4.4","354","5277","5298","3766","3786","0","0","0","1","1","1","1167.06","0","240.97247","5","13.809276","1","31382.04","2272.5334","0","0","0","0","0","0","0","0","0","0","0","0","0","0","0","49.805454","36.7787","13.02675","16.520208","0.789537"
"D:\HAA\dACC revisions\Run 4\Br2720_dlPFC_20x_img_011-MaxIP-Stitched_unmixed-rotated.nd2","Layer 1","dACC_v17_ FISH-IF v2.4.4","355","2645","2674","2694","2719","0","0","0","0","1","1","2279.9307","0","626.5007","0","0","0","0","0","2","4.464999","0","4660.8145","1043.8557","0","0","0","0","0","0","0","0","0","0","103.4775","66.928955","36.54855","26.389425","0.792101"
"D:\HAA\dACC revisions\Run 4\Br2720_dlPFC_20x_img_011-MaxIP-Stitched_unmixed-rotated.nd2","Layer 1","dACC_v17_ FISH-IF v2.4.4","356","2682","2711","2720","2743","0","0","0","0","1","1","3480.5818","0","586.61005","0","0","0","0","0","0","0","0","0","0","0","0","0","0","0","0","0","0","0","0","96.11256","68.81622","27.296333","23.600298","0.76777"
"D:\HAA\dACC revisions\Run 4\Br2720_dlPFC_20x_img_011-MaxIP-Stitched_unmixed-rotated.nd2","Layer 1","dACC_v17_ FISH-IF v2.4.4","357","2690","2726","2736","2763","0","0","0","0","1","1","1809.3479","0","570.8662","0","0","0","0","0","0","0","0","0","0","0","0","0","0","0","0","0","0","0","0","118.02327","84.28261","33.74066","30.680387","0.578991"
"D:\HAA\dACC revisions\Run 4\Br2720_dlPFC_20x_img_011-MaxIP-Stitched_unmixed-rotated.nd2","Layer 1","dACC_v17_ FISH-IF v2.4.4","358","2733","2753","2749","2767","0","0","0","0","1","1","564.46875","0","125.53116","0","0","0","0","0","0","0","0","0","0","0","0","0","0","0","0","0","0","0","0","52.429214","46.53726","5.891957","10.298312","0.849358"
"D:\HAA\dACC revisions\Run 4\Br2720_dlPFC_20x_img_011-MaxIP-Stitched_unmixed-rotated.nd2","Layer 1","dACC_v17_ FISH-IF v2.4.4","359","2808","2829","2753","2773","1","0","0","0","1","1","529.1111","0","120.59443","0","0","0","0","0","7","10.54108","1","11376.357","1079.2402","0","0","0","0","0","0","0","0","0","0","61.589367","52.889523","8.699843","13.301987","0.747437"
"D:\HAA\dACC revisions\Run 4\Br2720_dlPFC_20x_img_011-MaxIP-Stitched_unmixed-rotated.nd2","Layer 1","dACC_v17_ FISH-IF v2.4.4","360","2644","2671","2757","2786","0","0","0","0","1","1","2433.9387","0","538.966","3","2.853917","0","2348.4053","822.871","0","0","0","0","0","0","0","0","0","0","0","0","0","0","0","112.95987","79.909676","33.050198","25.74578","0.832205"
"D:\HAA\dACC revisions\Run 4\Br2720_dlPFC_20x_img_011-MaxIP-Stitched_unmixed-rotated.nd2","Layer 1","dACC_v17_ FISH-IF v2.4.4","361","2726","2754","2773","2801","0","0","0","0","1","1","2550.0403","0","468.70084","0","0","0","0","0","0","0","0","0","0","0","0","0","0","0","0","0","0","0","0","121.24544","83.54611","37.69932","26.174877","0.873927"
"D:\HAA\dACC revisions\Run 4\Br2720_dlPFC_20x_img_011-MaxIP-Stitched_unmixed-rotated.nd2","Layer 1","dACC_v17_ FISH-IF v2.4.4","362","2919","2944","2774","2803","0","0","1","0","1","1","3140.4675","0","451.0533","0","0","0","0","0","0","0","0","0","0","1","0.598402","0","426.43042","712.61536","4","3.774535","1","1835.1146","486.18292","103.10925","76.8256","26.283653","24.67304","0.685648"
"D:\HAA\dACC revisions\Run 4\Br2720_dlPFC_20x_img_011-MaxIP-Stitched_unmixed-rotated.nd2","Layer 1","dACC_v17_ FISH-IF v2.4.4","363","2966","3002","2786","2813","0","0","0","0","1","1","1934.8539","0","389.13147","0","0","0","0","0","2","3.544381","0","4477.4272","1263.2467","0","0","0","0","0","0","0","0","0","0","142.0514","94.17926","47.872154","31.75313","0.74055"
"D:\HAA\dACC revisions\Run 4\Br2720_dlPFC_20x_img_011-MaxIP-Stitched_unmixed-rotated.nd2","Layer 1","dACC_v17_ FISH-IF v2.4.4","364","2945","2975","2827","2854","0","0","0","0","1","1","2215.6848","0","372.6824","0","0","0","0","0","0","0","0","0","0","0","0","0","0","0","0","0","0","0","0","118.11533","81.889","36.226334","26.174877","0.889587"
"D:\HAA\dACC revisions\Run 4\Br2720_dlPFC_20x_img_011-MaxIP-Stitched_unmixed-rotated.nd2","Layer 1","dACC_v17_ FISH-IF v2.4.4","365","2716","2739","2830","2855","0","0","0","0","1","1","2345.2837","0","309.37167","0","0","0","0","0","0","0","0","0","0","0","0","0","0","0","0","0","0","0","0","79.77158","64.02901","15.742574","18.88024","0.726839"
"D:\HAA\dACC revisions\Run 4\Br2720_dlPFC_20x_img_011-MaxIP-Stitched_unmixed-rotated.nd2","Layer 1","dACC_v17_ FISH-IF v2.4.4","366","2753","2788","2847","2879","1","0","0","0","1","1","1628.546","0","250.30162","1","1.242835","0","946.7179","761.7407","42","55.375195","4","100089.766","1807.4838","1","0.644433","0","447.14432","693.8571","0","0","0","0","0","159.17491","99.65694","59.517975","34.756805","0.821102"
"D:\HAA\dACC revisions\Run 4\Br2720_dlPFC_20x_img_011-MaxIP-Stitched_unmixed-rotated.nd2","Layer 1","dACC_v17_ FISH-IF v2.4.4","367","2699","2725","2856","2885","1","1","0","0","1","1","1293.7018","0","243.49881","0","0","0","0","0","10","16.018759","2","20050.055","1251.6609","7","8.193503","1","6030.6025","736.02246","0","0","0","0","0","107.620285","77.51607","30.10422","24.887589","0.800337"
"D:\HAA\dACC revisions\Run 4\Br2720_dlPFC_20x_img_011-MaxIP-Stitched_unmixed-rotated.nd2","Layer 1","dACC_v17_ FISH-IF v2.4.4","368","2635","2661","2878","2898","1","0","0","0","1","1","819.09375","0","184.25243","0","0","0","0","0","6","9.298245","1","9084.294","930.90564","0","0","0","0","0","0","0","0","0","0","84.23658","66.56071","17.675873","18.022047","0.754643"
"D:\HAA\dACC revisions\Run 4\Br2720_dlPFC_20x_img_011-MaxIP-Stitched_unmixed-rotated.nd2","Layer 1","dACC_v17_ FISH-IF v2.4.4","369","2776","2809","2881","2905","0","0","0","0","1","1","1726.4427","0","328.8851","0","0","0","0","0","0","0","0","0","0","0","0","0","0","0","0","0","0","0","0","113.512245","82.53343","30.978807","26.174877","0.687988"
"D:\HAA\dACC revisions\Run 4\Br2720_dlPFC_20x_img_011-MaxIP-Stitched_unmixed-rotated.nd2","Layer 1","dACC_v17_ FISH-IF v2.4.4","370","2955","2984","2898","2921","0","0","0","0","1","1","2851.0906","0","421.69437","0","0","0","0","0","0","0","0","0","0","0","0","0","0","0","0","0","0","0","0","97.26333","69.27653","27.986797","24.029396","0.756444"
"D:\HAA\dACC revisions\Run 4\Br2720_dlPFC_20x_img_011-MaxIP-Stitched_unmixed-rotated.nd2","Layer 1","dACC_v17_ FISH-IF v2.4.4","371","2797","2824","2906","2934","0","0","0","1","1","1","2207.0356","0","423.09982","4","9.666492","1","10524.923","1088.8048","0","0","0","0","0","0","0","0","0","0","0","0","0","0","0","109.41549","78.390656","31.024837","24.887589","0.798813"
"D:\HAA\dACC revisions\Run 4\Br2720_dlPFC_20x_img_011-MaxIP-Stitched_unmixed-rotated.nd2","Layer 1","dACC_v17_ FISH-IF v2.4.4","372","2863","2891","2918","2944","0","0","0","0","1","1","3347.4531","0","444.76895","0","0","0","0","0","0","0","0","0","0","0","0","0","0","0","0","0","0","0","0","102.741005","74.708176","28.03283","23.600298","0.877466"
"D:\HAA\dACC revisions\Run 4\Br2720_dlPFC_20x_img_011-MaxIP-Stitched_unmixed-rotated.nd2","Layer 1","dACC_v17_ FISH-IF v2.4.4","373","2958","3005","2920","2949","0","0","0","0","1","1","1574.741","0","320.90192","0","0","0","0","0","0","0","0","0","0","0","0","0","0","0","0","0","0","0","0","173.95084","112.63766","61.313183","44.196922","0.511858"
"D:\HAA\dACC revisions\Run 4\Br2720_dlPFC_20x_img_011-MaxIP-Stitched_unmixed-rotated.nd2","Layer 1","dACC_v17_ FISH-IF v2.4.4","374","2828","2857","2999","3026","0","0","0","0","1","1","3073.5469","0","395.67783","0","0","0","0","0","0","0","0","0","0","0","0","0","0","0","0","0","0","0","0","109.18533","78.29859","30.886745","25.316685","0.827108"
"D:\HAA\dACC revisions\Run 4\Br2720_dlPFC_20x_img_011-MaxIP-Stitched_unmixed-rotated.nd2","Layer 1","dACC_v17_ FISH-IF v2.4.4","375","2937","2962","3034","3058","0","0","0","0","1","1","3227.4363","0","436.91135","0","0","0","0","0","0","0","0","0","0","0","0","0","0","0","0","0","0","0","0","87.22859","66.97498","20.253603","19.738432","0.914165"
"D:\HAA\dACC revisions\Run 4\Br2720_dlPFC_20x_img_011-MaxIP-Stitched_unmixed-rotated.nd2","Layer 1","dACC_v17_ FISH-IF v2.4.4","376","2704","2732","3049","3078","0","0","0","0","1","1","1679.8915","0","300.15494","0","0","0","0","0","0","0","0","0","0","0","0","0","0","0","0","0","0","0","0","97.35539","77.83828","19.517109","25.96033","0.521112"
"D:\HAA\dACC revisions\Run 4\Br2720_dlPFC_20x_img_011-MaxIP-Stitched_unmixed-rotated.nd2","Layer 1","dACC_v17_ FISH-IF v2.4.4","377","2912","2938","3067","3097","0","0","0","0","1","1","2207.3054","0","375.72064","0","0","0","0","0","1","0.690464","0","470.11377","680.86664","0","0","0","0","0","1","0.644433","0","307.53256","477.2143","121.38353","78.43668","42.946846","28.749454","0.916976"
"D:\HAA\dACC revisions\Run 4\Br2720_dlPFC_20x_img_011-MaxIP-Stitched_unmixed-rotated.nd2","Layer 1","dACC_v17_ FISH-IF v2.4.4","378","2938","2970","3069","3098","1","0","0","0","1","1","1575.4713","0","293.18463","0","0","0","0","0","8","13.072781","1","14588.486","1115.9436","0","0","0","0","0","0","0","0","0","0","132.33888","87.504776","44.834114","33.040417","0.654899"
"D:\HAA\dACC revisions\Run 4\Br2720_dlPFC_20x_img_011-MaxIP-Stitched_unmixed-rotated.nd2","Layer 1","dACC_v17_ FISH-IF v2.4.4","379","3000","3023","3075","3097","0","0","0","0","1","1","1131.0741","0","248.52238","3","11.047421","0","18017.514","1630.925","0","0","0","0","0","0","0","0","0","0","0","0","0","0","0","71.0257","58.59736","12.428348","15.876565","0.741202"
"D:\HAA\dACC revisions\Run 4\Br2720_dlPFC_20x_img_011-MaxIP-Stitched_unmixed-rotated.nd2","Layer 1","dACC_v17_ FISH-IF v2.4.4","380","2703","2732","3083","3112","0","0","0","0","1","1","2429.9226","0","390.7897","0","0","0","0","0","1","0.644433","0","463.8996","719.8571","0","0","0","0","0","0","0","0","0","0","123.316826","84.05245","39.264374","27.462166","0.896999"
"D:\HAA\dACC revisions\Run 4\Br2720_dlPFC_20x_img_011-MaxIP-Stitched_unmixed-rotated.nd2","Layer 1","dACC_v17_ FISH-IF v2.4.4","381","5103","5123","2696","2715","0","0","0","1","1","1","518.89545","0","104.153915","4","9.436338","1","14728.375","1560.8146","0","0","0","0","0","0","0","0","0","0","0","0","0","0","0","56.387875","49.345142","7.04273","11.156505","0.79821"
"D:\HAA\dACC revisions\Run 4\Br2720_dlPFC_20x_img_011-MaxIP-Stitched_unmixed-rotated.nd2","Layer 1","dACC_v17_ FISH-IF v2.4.4","382","5273","5291","2735","2759","0","0","0","0","1","1","631.22015","0","160.69101","0","0","0","0","0","0","0","0","0","0","0","0","0","0","0","0","0","0","0","0","61.72746","51.69272","10.03474","16.30566","0.587007"
"D:\HAA\dACC revisions\Run 4\Br2720_dlPFC_20x_img_011-MaxIP-Stitched_unmixed-rotated.nd2","Layer 1","dACC_v17_ FISH-IF v2.4.4","383","5098","5120","2738","2768","0","0","0","0","1","1","2143.5698","0","461.4315","0","0","0","0","0","0","0","0","0","0","0","0","0","0","0","2","1.380928","0","674.445","488.4","96.34271","58.459267","37.883446","26.174877","0.752673"
"D:\HAA\dACC revisions\Run 4\Br2720_dlPFC_20x_img_011-MaxIP-Stitched_unmixed-rotated.nd2","Layer 1","dACC_v17_ FISH-IF v2.4.4","384","5120","5143","2740","2769","0","0","0","0","1","1","2067.0022","0","467.7929","0","0","0","0","0","0","0","0","0","0","0","0","0","0","0","1","1.104742","0","516.42084","467.45834","103.38544","61.12906","42.256382","28.320358","0.766018"
"D:\HAA\dACC revisions\Run 4\Br2720_dlPFC_20x_img_011-MaxIP-Stitched_unmixed-rotated.nd2","Layer 1","dACC_v17_ FISH-IF v2.4.4","385","5255","5277","2746","2768","0","0","0","0","1","1","879.1445","0","186.15561","0","0","0","0","0","0","0","0","0","0","0","0","0","0","0","0","0","0","0","0","64.48932","52.060966","12.428348","16.734756","0.648946"
"D:\HAA\dACC revisions\Run 4\Br2720_dlPFC_20x_img_011-MaxIP-Stitched_unmixed-rotated.nd2","Layer 1","dACC_v17_ FISH-IF v2.4.4","386","5392","5411","2780","2799","0","0","0","0","1","1","511.41406","0","91.44422","1","3.49835","0","3217.423","919.6974","0","0","0","0","0","0","0","0","0","0","0","0","0","0","0","52.52128","46.62932","5.891957","10.298312","0.887419"
"D:\HAA\dACC revisions\Run 4\Br2720_dlPFC_20x_img_011-MaxIP-Stitched_unmixed-rotated.nd2","Layer 1","dACC_v17_ FISH-IF v2.4.4","387","5115","5148","2792","2823","0","0","0","1","1","1","1620.8734","0","317.57785","14","37.929478","2","66394.67","1750.4769","0","0","0","0","0","0","0","0","0","0","0","0","0","0","0","140.9927","92.24596","48.746742","32.182224","0.865197"
"D:\HAA\dACC revisions\Run 4\Br2720_dlPFC_20x_img_011-MaxIP-Stitched_unmixed-rotated.nd2","Layer 1","dACC_v17_ FISH-IF v2.4.4","388","5169","5194","2795","2828","0","0","0","1","1","1","1600.231","0","245.67442","8","21.358345","1","38116.04","1784.5969","0","0","0","0","0","0","0","0","0","0","0","0","0","0","0","104.075905","81.152504","22.923397","26.603973","0.517699"
"D:\HAA\dACC revisions\Run 4\Br2720_dlPFC_20x_img_011-MaxIP-Stitched_unmixed-rotated.nd2","Layer 1","dACC_v17_ FISH-IF v2.4.4","389","5083","5114","2845","2874","0","0","0","0","1","1","2089.5244","0","369.18134","1","0.50634","0","370.64096","732","0","0","0","0","0","0","0","0","0","0","2","3.084071","0","1586.9159","514.55225","129.30084","86.81431","42.486538","28.534906","0.88194"
"D:\HAA\dACC revisions\Run 4\Br2720_dlPFC_20x_img_011-MaxIP-Stitched_unmixed-rotated.nd2","Layer 1","dACC_v17_ FISH-IF v2.4.4","390","5309","5329","2865","2886","0","0","0","0","1","1","878.42615","0","142.43459","1","4.833246","0","6068.026","1255.4762","0","0","0","0","0","0","0","0","0","0","0","0","0","0","0","59.471947","51.370502","8.101441","12.443794","0.78595"
"D:\HAA\dACC revisions\Run 4\Br2720_dlPFC_20x_img_011-MaxIP-Stitched_unmixed-rotated.nd2","Layer 1","dACC_v17_ FISH-IF v2.4.4","391","5190","5214","2873","2900","0","0","0","1","1","1","1306.2294","0","210.59792","10","18.964739","2","52259.684","2755.6238","0","0","0","0","0","0","0","0","0","0","0","0","0","0","0","94.22529","70.74952","23.475767","21.454817","0.833174"
"D:\HAA\dACC revisions\Run 4\Br2720_dlPFC_20x_img_011-MaxIP-Stitched_unmixed-rotated.nd2","Layer 1","dACC_v17_ FISH-IF v2.4.4","392","5278","5298","2904","2923","0","0","0","1","1","1","581.4557","0","71.22047","11","22.739273","2","59191.066","2603.0325","0","0","0","0","0","0","0","0","0","0","0","0","0","0","0","56.756123","49.483234","7.272885","11.585601","0.812337"
"D:\HAA\dACC revisions\Run 4\Br2720_dlPFC_20x_img_011-MaxIP-Stitched_unmixed-rotated.nd2","Layer 1","dACC_v17_ FISH-IF v2.4.4","393","5105","5129","2976","3001","0","0","0","0","1","1","2672.3132","0","413.25018","0","0","0","0","0","0","0","0","0","0","0","0","0","0","0","0","0","0","0","0","88.60952","67.89561","20.713913","19.738432","0.835796"
"D:\HAA\dACC revisions\Run 4\Br2720_dlPFC_20x_img_011-MaxIP-Stitched_unmixed-rotated.nd2","Layer 1","dACC_v17_ FISH-IF v2.4.4","394","5238","5267","2977","3006","0","0","0","0","1","1","1781.4237","0","334.10825","0","0","0","0","0","0","0","0","0","0","1","1.01268","0","817.32495","807.0909","0","0","0","0","0","126.63106","85.89369","40.737362","27.891262","0.842151"
"D:\HAA\dACC revisions\Run 4\Br2720_dlPFC_20x_img_011-MaxIP-Stitched_unmixed-rotated.nd2","Layer 1","dACC_v17_ FISH-IF v2.4.4","395","5281","5303","2994","3013","0","0","0","1","1","1","1190.1256","0","176.23279","4","12.382317","1","23221.54","1875.3792","0","0","0","0","0","0","0","0","0","0","0","0","0","0","0","61.957615","52.797462","9.160152","13.087439","0.822975"
"D:\HAA\dACC revisions\Run 4\Br2720_dlPFC_20x_img_011-MaxIP-Stitched_unmixed-rotated.nd2","Layer 1","dACC_v17_ FISH-IF v2.4.4","396","5006","5033","3012","3042","0","0","0","1","1","1","1787.6353","0","329.64838","23","46.721382","3","124496.05","2664.6482","0","0","0","0","0","0","0","0","0","0","0","0","0","0","0","122.21209","78.80493","43.407154","29.393099","0.865552"
"D:\HAA\dACC revisions\Run 4\Br2720_dlPFC_20x_img_011-MaxIP-Stitched_unmixed-rotated.nd2","Layer 1","dACC_v17_ FISH-IF v2.4.4","397","5290","5311","3041","3060","0","0","0","1","1","1","359.67838","0","63.94823","6","13.072781","1","32804.76","2509.3943","0","0","0","0","0","0","0","0","0","0","0","0","0","0","0","58.551327","50.68004","7.871287","12.014698","0.82913"
"D:\HAA\dACC revisions\Run 4\Br2720_dlPFC_20x_img_011-MaxIP-Stitched_unmixed-rotated.nd2","Layer 1","dACC_v17_ FISH-IF v2.4.4","398","5346","5379","3060","3088","0","0","0","0","1","1","2021.6045","0","297.81842","1","1.841237","0","1776.0569","964.6","0","0","0","0","0","0","0","0","0","0","0","0","0","0","0","128.88657","87.45874","41.427826","29.17855","0.785735"
"D:\HAA\dACC revisions\Run 4\Br2720_dlPFC_20x_img_011-MaxIP-Stitched_unmixed-rotated.nd2","Layer 1","dACC_v17_ FISH-IF v2.4.4","399","4906","4933","3085","3119","0","0","0","0","1","1","2113.5698","0","386.28848","0","0","0","0","0","0","0","0","0","0","0","0","0","0","0","0","0","0","0","0","130.22147","90.31266","39.908806","30.036743","0.717719"
"D:\HAA\dACC revisions\Run 4\Br2720_dlPFC_20x_img_011-MaxIP-Stitched_unmixed-rotated.nd2","Layer 1","dACC_v17_ FISH-IF v2.4.4","400","4781","4816","3088","3117","0","0","0","0","1","1","1914.7911","0","378.81433","1","1.979329","0","1725.6991","871.8605","0","0","0","0","0","0","0","0","0","0","0","0","0","0","0","127.1374","79.081116","48.05628","32.396774","0.74595"
"D:\HAA\dACC revisions\Run 4\Br2720_dlPFC_20x_img_011-MaxIP-Stitched_unmixed-rotated.nd2","Layer 1","dACC_v17_ FISH-IF v2.4.4","401","4618","4641","3097","3122","0","0","0","0","1","1","2366.4963","0","341.2193","0","0","0","0","0","0","0","0","0","0","0","0","0","0","0","0","0","0","0","0","83.68421","59.19576","24.488447","22.31301","0.690906"
"D:\HAA\dACC revisions\Run 4\Br2720_dlPFC_20x_img_011-MaxIP-Stitched_unmixed-rotated.nd2","Layer 1","dACC_v17_ FISH-IF v2.4.4","402","4684","4716","3111","3137","0","0","0","0","1","1","2514.5608","0","376.12854","0","0","0","0","0","1","1.703144","0","1700.3821","998.37836","0","0","0","0","0","1","1.472989","0","715.41254","485.6875","122.304146","84.88101","37.423138","27.03307","0.775697"
"D:\HAA\dACC revisions\Run 4\Br2720_dlPFC_20x_img_011-MaxIP-Stitched_unmixed-rotated.nd2","Layer 1","dACC_v17_ FISH-IF v2.4.4","403","4716","4743","3124","3154","0","0","0","0","1","1","1892.7904","0","305.5014","0","0","0","0","0","0","0","0","0","0","0","0","0","0","0","0","0","0","0","0","113.696365","82.07313","31.62324","27.03307","0.719772"
"D:\HAA\dACC revisions\Run 4\Br2720_dlPFC_20x_img_011-MaxIP-Stitched_unmixed-rotated.nd2","Layer 1","dACC_v17_ FISH-IF v2.4.4","404","4663","4692","3196","3223","0","0","0","0","1","1","2418.2876","0","456.37787","0","0","0","0","0","0","0","0","0","0","0","0","0","0","0","0","0","0","0","0","106.05524","66.51468","39.540558","27.891262","0.800937"
"D:\HAA\dACC revisions\Run 4\Br2720_dlPFC_20x_img_011-MaxIP-Stitched_unmixed-rotated.nd2","Layer 1","dACC_v17_ FISH-IF v2.4.4","405","4647","4675","3207","3233","1","0","0","0","1","1","2571.849","0","462.69107","0","0","0","0","0","4","5.01737","1","4439.314","797.0413","0","0","0","0","0","2","1.150773","0","532.8539","463.04","99.47282","63.476635","35.996178","26.603973","0.830247"
"D:\HAA\dACC revisions\Run 4\Br2720_dlPFC_20x_img_011-MaxIP-Stitched_unmixed-rotated.nd2","Layer 1","dACC_v17_ FISH-IF v2.4.4","406","4630","4656","3235","3261","1","0","0","0","1","1","1865.3871","0","293.19705","0","0","0","0","0","4","4.971339","1","3956.1733","795.7963","0","0","0","0","0","2","1.242835","0","576.85944","464.14816","96.43477","72.176476","24.258293","22.31301","0.78239"
"D:\HAA\dACC revisions\Run 4\Br2720_dlPFC_20x_img_011-MaxIP-Stitched_unmixed-rotated.nd2","Layer 1","dACC_v17_ FISH-IF v2.4.4","407","4729","4752","3250","3273","0","0","0","0","1","1","1631.3418","0","299.17044","3","6.628452","0","7119.372","1074.0625","0","0","0","0","0","0","0","0","0","0","0","0","0","0","0","77.055756","60.76081","16.294945","18.022047","0.888581"
"D:\HAA\dACC revisions\Run 4\Br2720_dlPFC_20x_img_011-MaxIP-Stitched_unmixed-rotated.nd2","Layer 1","dACC_v17_ FISH-IF v2.4.4","408","4712","4729","3254","3273","0","0","0","0","1","1","644.5323","0","141.21303","3","5.201494","0","4384.399","842.9115","0","0","0","0","0","0","0","0","0","0","0","0","0","0","0","50.21973","44.511898","5.707834","9.869216","0.840995"
"D:\HAA\dACC revisions\Run 4\Br2720_dlPFC_20x_img_011-MaxIP-Stitched_unmixed-rotated.nd2","Layer 1","dACC_v17_ FISH-IF v2.4.4","409","4653","4683","3263","3287","0","0","0","0","1","1","2089.8738","0","346.23804","0","0","0","0","0","0","0","0","0","0","0","0","0","0","0","0","0","0","0","0","101.91245","75.99705","25.915407","23.600298","0.698985"
"D:\HAA\dACC revisions\Run 4\Br2720_dlPFC_20x_img_011-MaxIP-Stitched_unmixed-rotated.nd2","Layer 1","dACC_v17_ FISH-IF v2.4.4","410","4896","4922","3266","3295","0","0","0","0","1","1","2864.2444","0","891.7519","0","0","0","0","0","0","0","0","0","0","0","0","0","0","0","0","0","0","0","0","112.177345","79.9557","32.22164","24.458492","0.854591"
"D:\HAA\dACC revisions\Run 4\Br2720_dlPFC_20x_img_011-MaxIP-Stitched_unmixed-rotated.nd2","Layer 1","dACC_v17_ FISH-IF v2.4.4","411","4993","5021","3290","3315","0","0","0","0","1","1","2976.7224","0","367.18057","0","0","0","0","0","0","0","0","0","0","0","0","0","0","0","0","0","0","0","0","101.63627","74.43199","27.204271","22.956654","0.838815"
"D:\HAA\dACC revisions\Run 4\Br2720_dlPFC_20x_img_011-MaxIP-Stitched_unmixed-rotated.nd2","Layer 1","dACC_v17_ FISH-IF v2.4.4","412","4969","4996","3313","3346","0","0","0","0","1","1","2014.4534","0","338.6438","0","0","0","0","0","0","0","0","0","0","0","0","0","0","0","0","0","0","0","0","134.91663","89.94441","44.972206","29.607647","0.796387"
"D:\HAA\dACC revisions\Run 4\Br2720_dlPFC_20x_img_011-MaxIP-Stitched_unmixed-rotated.nd2","Layer 1","dACC_v17_ FISH-IF v2.4.4","413","4767","4801","3315","3343","0","0","0","0","1","1","1506.421","0","242.66649","0","0","0","0","0","1","0.460309","0","285.94406","621.2","0","0","0","0","0","0","0","0","0","0","119.772446","88.60952","31.162931","31.109486","0.58752"
"D:\HAA\dACC revisions\Run 4\Br2720_dlPFC_20x_img_011-MaxIP-Stitched_unmixed-rotated.nd2","Layer 1","dACC_v17_ FISH-IF v2.4.4","414","4665","4693","3339","3364","1","0","1","0","1","1","2354.7607","0","565.56757","0","0","0","0","0","6","10.495049","1","12056.05","1148.7368","0","0","0","0","0","5","5.753865","1","2677.5725","465.352","82.625496","55.881535","26.743963","25.316685","0.691881"
"D:\HAA\dACC revisions\Run 4\Br2720_dlPFC_20x_img_011-MaxIP-Stitched_unmixed-rotated.nd2","Layer 1","dACC_v17_ FISH-IF v2.4.4","415","4651","4676","3344","3371","1","0","1","0","1","1","2941.9905","0","615.92706","0","0","0","0","0","7","12.52041","1","14192.851","1133.5771","0","0","0","0","0","5","8.423658","1","4278.0674","507.86337","85.019104","56.15772","28.861385","26.174877","0.757596"
"D:\HAA\dACC revisions\Run 4\Br2720_dlPFC_20x_img_011-MaxIP-Stitched_unmixed-rotated.nd2","Layer 1","dACC_v17_ FISH-IF v2.4.4","416","4934","4965","3350","3380","0","0","0","1","1","1","1916.0951","0","372.69357","13","39.356434","2","71802.89","1824.4258","0","0","0","0","0","0","0","0","0","0","0","0","0","0","0","129.30084","86.676216","42.62463","29.607647","0.932779"
"D:\HAA\dACC revisions\Run 4\Br2720_dlPFC_20x_img_011-MaxIP-Stitched_unmixed-rotated.nd2","Layer 1","dACC_v17_ FISH-IF v2.4.4","417","4993","5023","3356","3384","0","0","0","0","1","1","2111.0437","0","462.62915","0","0","0","0","0","0","0","0","0","0","0","0","0","0","0","0","0","0","0","0","121.42956","83.40802","38.021538","27.03307","0.873633"
"D:\HAA\dACC revisions\Run 4\Br2720_dlPFC_20x_img_011-MaxIP-Stitched_unmixed-rotated.nd2","Layer 1","dACC_v17_ FISH-IF v2.4.4","418","4694","4724","3392","3419","1","0","1","0","1","1","2543.1472","0","332.14722","0","0","0","0","0","4","9.06809","1","8103.237","893.599","0","0","0","0","0","6","8.929998","1","4542.791","508.71133","116.91853","81.612816","35.305714","25.74578","0.85105"
"D:\HAA\dACC revisions\Run 4\Br2720_dlPFC_20x_img_011-MaxIP-Stitched_unmixed-rotated.nd2","Layer 1","dACC_v17_ FISH-IF v2.4.4","419","4954","4975","3409","3428","0","0","0","0","1","1","1125.1898","0","164.77757","0","0","0","0","0","0","0","0","0","0","0","0","0","0","0","0","0","0","0","0","56.525967","49.253082","7.272885","11.585601","0.857228"
"D:\HAA\dACC revisions\Run 4\Br2720_dlPFC_20x_img_011-MaxIP-Stitched_unmixed-rotated.nd2","Layer 1","dACC_v17_ FISH-IF v2.4.4","420","4761","4803","3422","3450","0","0","0","0","1","1","2607.8188","0","533.18964","0","0","0","0","0","0","0","0","0","0","0","0","0","0","0","0","0","0","0","0","152.9147","110.19801","42.71669","38.833218","0.511711"
"D:\HAA\dACC revisions\Run 4\Br2720_dlPFC_20x_img_011-MaxIP-Stitched_unmixed-rotated.nd2","Layer 1","dACC_v17_ FISH-IF v2.4.4","421","4833","4862","3428","3451","0","0","0","0","1","1","2071.4119","0","317.65723","0","0","0","0","0","0","0","0","0","0","0","0","0","0","0","0","0","0","0","0","106.69967","73.05106","33.6486","27.891262","0.609756"
"D:\HAA\dACC revisions\Run 4\Br2720_dlPFC_20x_img_011-MaxIP-Stitched_unmixed-rotated.nd2","Layer 1","dACC_v17_ FISH-IF v2.4.4","422","4863","4881","3430","3450","0","0","0","0","1","1","1530.2957","0","250.33784","0","0","0","0","0","0","0","0","0","0","0","0","0","0","0","0","0","0","0","0","57.998955","44.14365","13.855307","15.876565","0.72128"
"D:\HAA\dACC revisions\Run 4\Br2720_dlPFC_20x_img_011-MaxIP-Stitched_unmixed-rotated.nd2","Layer 1","dACC_v17_ FISH-IF v2.4.4","423","4714","4745","3431","3459","0","0","0","0","1","1","2403.0383","0","381.28586","0","0","0","0","0","0","0","0","0","0","0","0","0","0","0","0","0","0","0","0","121.19941","84.05245","37.14695","27.891262","0.777812"
"D:\HAA\dACC revisions\Run 4\Br2720_dlPFC_20x_img_011-MaxIP-Stitched_unmixed-rotated.nd2","Layer 1","dACC_v17_ FISH-IF v2.4.4","424","3467","3495","2688","2713","1","0","0","0","1","1","864.4108","0","178.65941","0","0","0","0","0","5","10.587111","1","9667.413","913.13043","1","0.644433","0","577.7341","660.5789","1","2.669793","0","1610.8059","603.34485","102.18864","74.06374","28.124891","24.458492","0.738445"
"D:\HAA\dACC revisions\Run 4\Br2720_dlPFC_20x_img_011-MaxIP-Stitched_unmixed-rotated.nd2","Layer 1","dACC_v17_ FISH-IF v2.4.4","425","3442","3471","2696","2720","0","0","0","0","1","1","1341.5897","0","257.0155","0","0","0","0","0","1","1.334897","0","1121.8655","840.4138","0","0","0","0","0","0","0","0","0","0","88.10317","59.379883","28.723293","25.96033","0.72717"
"D:\HAA\dACC revisions\Run 4\Br2720_dlPFC_20x_img_011-MaxIP-Stitched_unmixed-rotated.nd2","Layer 1","dACC_v17_ FISH-IF v2.4.4","426","3607","3634","2696","2724","0","0","0","0","1","1","2354.9893","0","380.60104","3","9.298245","0","12682.669","1363.9851","1","0.644433","0","819.1202","773.6957","0","0","0","0","0","0","0","0","0","0","108.90915","78.574776","30.334375","24.887589","0.799935"
"D:\HAA\dACC revisions\Run 4\Br2720_dlPFC_20x_img_011-MaxIP-Stitched_unmixed-rotated.nd2","Layer 1","dACC_v17_ FISH-IF v2.4.4","427","3581","3607","2764","2786","0","0","0","0","1","1","1366.1501","0","225.61336","0","0","0","0","0","0","0","0","0","0","0","0","0","0","0","0","0","0","0","0","80.093796","64.7655","15.328296","18.451143","0.665005"
"D:\HAA\dACC revisions\Run 4\Br2720_dlPFC_20x_img_011-MaxIP-Stitched_unmixed-rotated.nd2","Layer 1","dACC_v17_ FISH-IF v2.4.4","428","3496","3520","2768","2799","0","0","0","0","1","1","2142.819","0","440.1449","0","0","0","0","0","0","0","0","0","0","0","0","0","0","0","0","0","0","0","0","94.59354","64.81153","29.782003","27.676714","0.595798"
"D:\HAA\dACC revisions\Run 4\Br2720_dlPFC_20x_img_011-MaxIP-Stitched_unmixed-rotated.nd2","Layer 1","dACC_v17_ FISH-IF v2.4.4","429","3802","3832","2772","2801","0","0","0","0","1","1","1982.8292","0","344.81897","0","0","0","0","0","0","0","0","0","0","0","0","0","0","0","0","0","0","0","0","121.65971","83.91436","37.745354","27.891262","0.817349"
"D:\HAA\dACC revisions\Run 4\Br2720_dlPFC_20x_img_011-MaxIP-Stitched_unmixed-rotated.nd2","Layer 1","dACC_v17_ FISH-IF v2.4.4","430","3518","3539","2777","2799","0","0","0","0","1","1","1489.2399","0","353.55832","0","0","0","0","0","0","0","0","0","0","0","0","0","0","0","0","0","0","0","0","69.50668","50.12767","19.379017","20.167528","0.682096"
"D:\HAA\dACC revisions\Run 4\Br2720_dlPFC_20x_img_011-MaxIP-Stitched_unmixed-rotated.nd2","Layer 1","dACC_v17_ FISH-IF v2.4.4","431","3779","3802","2789","2812","0","0","0","0","1","1","1558.6803","0","244.28943","0","0","0","0","0","1","0.782526","0","740.2692","946","0","0","0","0","0","0","0","0","0","0","73.64947","60.11638","13.53309","16.734756","0.763174"
"D:\HAA\dACC revisions\Run 4\Br2720_dlPFC_20x_img_011-MaxIP-Stitched_unmixed-rotated.nd2","Layer 1","dACC_v17_ FISH-IF v2.4.4","432","3672","3699","2803","2825","1","0","0","0","1","1","665.45905","0","126.808495","0","0","0","0","0","5","9.528399","1","8581.498","900.62317","0","0","0","0","0","0","0","0","0","0","87.91905","68.26385","19.655201","19.738432","0.740387"
"D:\HAA\dACC revisions\Run 4\Br2720_dlPFC_20x_img_011-MaxIP-Stitched_unmixed-rotated.nd2","Layer 1","dACC_v17_ FISH-IF v2.4.4","433","3485","3516","2810","2838","1","0","0","0","1","1","1735.8893","0","343.0984","0","0","0","0","0","8","16.801285","1","19930.559","1186.2521","2","1.841237","0","1334.7585","724.925","0","0","0","0","0","126.4009","86.07781","40.323082","27.891262","0.822415"
"D:\HAA\dACC revisions\Run 4\Br2720_dlPFC_20x_img_011-MaxIP-Stitched_unmixed-rotated.nd2","Layer 1","dACC_v17_ FISH-IF v2.4.4","434","3523","3541","2824","2843","0","0","0","0","1","1","412.23334","0","110.6483","0","0","0","0","0","2","2.209484","0","2130.541","964.2708","2","1.472989","0","1101.9802","748.125","0","0","0","0","0","51.462566","45.938854","5.52371","9.654668","0.845465"
"D:\HAA\dACC revisions\Run 4\Br2720_dlPFC_20x_img_011-MaxIP-Stitched_unmixed-rotated.nd2","Layer 1","dACC_v17_ FISH-IF v2.4.4","435","3573","3601","2843","2870","0","0","0","0","1","1","1820.3854","0","427.32278","3","7.503039","0","9212.121","1163.5406","0","0","0","0","0","0","0","0","0","0","0","0","0","0","0","106.14729","78.43668","27.710613","24.887589","0.722996"
"D:\HAA\dACC revisions\Run 4\Br2720_dlPFC_20x_img_011-MaxIP-Stitched_unmixed-rotated.nd2","Layer 1","dACC_v17_ FISH-IF v2.4.4","436","3537","3564","2855","2880","0","0","0","0","1","1","1825.7357","0","284.9344","0","0","0","0","0","0","0","0","0","0","0","0","0","0","0","0","0","0","0","0","96.987144","73.64947","23.337675","22.956654","0.680367"
"D:\HAA\dACC revisions\Run 4\Br2720_dlPFC_20x_img_011-MaxIP-Stitched_unmixed-rotated.nd2","Layer 1","dACC_v17_ FISH-IF v2.4.4","437","3566","3596","2868","2896","0","0","0","1","1","1","1995.1476","0","405.8906","9","26.0535","1","43693.145","1677.0548","0","0","0","0","0","0","0","0","0","0","0","0","0","0","0","120.83116","83.73024","37.100918","26.603973","0.816092"
"D:\HAA\dACC revisions\Run 4\Br2720_dlPFC_20x_img_011-MaxIP-Stitched_unmixed-rotated.nd2","Layer 1","dACC_v17_ FISH-IF v2.4.4","438","3693","3717","2914","2945","0","0","0","1","1","1","1807.7089","0","279.77127","5","6.260205","1","6166.1177","887.12585","1","0.50634","0","315.9562","624","0","0","0","0","0","0","0","0","0","0","106.97585","77.884315","29.09154","24.887589","0.746364"
"D:\HAA\dACC revisions\Run 4\Br2720_dlPFC_20x_img_011-MaxIP-Stitched_unmixed-rotated.nd2","Layer 1","dACC_v17_ FISH-IF v2.4.4","439","3697","3717","2970","2991","0","0","0","0","1","1","814.45685","0","163.77612","0","0","0","0","0","0","0","0","0","0","0","0","0","0","0","0","0","0","0","0","61.497307","52.429214","9.06809","12.87289","0.828113"
"D:\HAA\dACC revisions\Run 4\Br2720_dlPFC_20x_img_011-MaxIP-Stitched_unmixed-rotated.nd2","Layer 1","dACC_v17_ FISH-IF v2.4.4","440","3558","3606","3048","3087","0","0","0","0","1","1","2288.3823","0","392.19516","0","0","0","0","0","0","0","0","0","0","1","0.644433","0","450.0903","698.4286","2","1.288866","0","600.51935","465.92856","259.61438","142.69585","116.91853","54.70978","0.738868"
"D:\HAA\dACC revisions\Run 4\Br2720_dlPFC_20x_img_011-MaxIP-Stitched_unmixed-rotated.nd2","Layer 1","dACC_v17_ FISH-IF v2.4.4","441","3428","3453","3050","3075","0","0","0","1","1","1","2538.9983","0","380.15488","5","11.922008","1","13050.18","1094.6294","0","0","0","0","0","0","0","0","0","0","0","0","0","0","0","88.83967","62.417923","26.421747","25.316685","0.647037"
"D:\HAA\dACC revisions\Run 4\Br2720_dlPFC_20x_img_011-MaxIP-Stitched_unmixed-rotated.nd2","Layer 1","dACC_v17_ FISH-IF v2.4.4","442","2089","2122","3103","3127","1","1","0","0","1","1","1573.5756","0","273.96982","1","0.920618","0","701.14294","761.6","17","26.191591","3","37926.945","1448.058","23","22.693243","3","23135.783","1019.50104","1","1.426958","0","781.74304","547.8387","114.29477","74.708176","39.58659","30.036743","0.730421"
"D:\HAA\dACC revisions\Run 4\Br2720_dlPFC_20x_img_011-MaxIP-Stitched_unmixed-rotated.nd2","Layer 1","dACC_v17_ FISH-IF v2.4.4","443","2198","2217","3115","3134","0","0","0","0","1","1","588.0993","0","136.3821","0","0","0","0","0","0","0","0","0","0","0","0","0","0","0","0","0","0","0","0","54.316483","47.826122","6.490359","10.727408","0.810699"
"D:\HAA\dACC revisions\Run 4\Br2720_dlPFC_20x_img_011-MaxIP-Stitched_unmixed-rotated.nd2","Layer 1","dACC_v17_ FISH-IF v2.4.4","444","2092","2116","3125","3151","0","0","0","0","1","1","2027.2225","0","338.71048","0","0","0","0","0","2","3.268195","0","2697.0435","825.23944","2","2.163453","0","1521.414","703.2341","0","0","0","0","0","96.52683","65.502","31.024837","24.458492","0.787649"
"D:\HAA\dACC revisions\Run 4\Br2720_dlPFC_20x_img_011-MaxIP-Stitched_unmixed-rotated.nd2","Layer 1","dACC_v17_ FISH-IF v2.4.4","445","2191","2229","3134","3163","0","0","0","0","1","1","2038.9172","0","397.8484","0","0","0","0","0","0","0","0","0","0","0","0","0","0","0","0","0","0","0","0","158.16223","101.40611","56.756123","35.1859","0.725734"
"D:\HAA\dACC revisions\Run 4\Br2720_dlPFC_20x_img_011-MaxIP-Stitched_unmixed-rotated.nd2","Layer 1","dACC_v17_ FISH-IF v2.4.4","446","1878","1905","3145","3171","0","0","0","0","1","1","1291.689","0","259.69855","0","0","0","0","0","0","0","0","0","0","0","0","0","0","0","0","0","0","0","0","91.5555","70.24318","21.312315","22.31301","0.801498"
"D:\HAA\dACC revisions\Run 4\Br2720_dlPFC_20x_img_011-MaxIP-Stitched_unmixed-rotated.nd2","Layer 1","dACC_v17_ FISH-IF v2.4.4","447","1818","1839","3150","3168","0","0","0","0","1","1","898.19257","0","163.9312","0","0","0","0","0","0","0","0","0","0","0","0","0","0","0","0","0","0","0","0","57.58468","50.1737","7.410978","11.585601","0.767626"
"D:\HAA\dACC revisions\Run 4\Br2720_dlPFC_20x_img_011-MaxIP-Stitched_unmixed-rotated.nd2","Layer 1","dACC_v17_ FISH-IF v2.4.4","448","2150","2182","3158","3189","0","0","0","0","1","1","1506.2323","0","262.1071","0","0","0","0","0","0","0","0","0","0","0","0","0","0","0","0","0","0","0","0","146.24022","93.71895","52.52128","31.967678","0.940323"
"D:\HAA\dACC revisions\Run 4\Br2720_dlPFC_20x_img_011-MaxIP-Stitched_unmixed-rotated.nd2","Layer 1","dACC_v17_ FISH-IF v2.4.4","449","2103","2126","3180","3202","0","0","0","0","1","1","879.21655","0","175.43338","2","3.728504","0","4503.2505","1207.7902","0","0","0","0","0","0","0","0","0","0","0","0","0","0","0","69.04638","57.354523","11.691853","15.447468","0.752974"
"D:\HAA\dACC revisions\Run 4\Br2720_dlPFC_20x_img_011-MaxIP-Stitched_unmixed-rotated.nd2","Layer 1","dACC_v17_ FISH-IF v2.4.4","450","2193","2219","3192","3222","1","1","1","0","1","1","658.6534","0","127.01737","0","0","0","0","0","4","5.707834","1","5119.835","896.9839","6","5.661803","1","4719.0435","776.6591","4","7.410978","1","4142.3223","558.9441","112.95987","79.49539","33.464478","25.74578","0.819074"
"D:\HAA\dACC revisions\Run 4\Br2720_dlPFC_20x_img_011-MaxIP-Stitched_unmixed-rotated.nd2","Layer 1","dACC_v17_ FISH-IF v2.4.4","451","1887","1919","3265","3292","0","0","0","0","1","1","1995.7607","0","401.86224","0","0","0","0","0","1","0.322216","0","194.38857","603.2857","0","0","0","0","0","1","0.322216","0","141.7292","439.85715","126.354866","86.538124","39.816742","27.891262","0.82132"
"D:\HAA\dACC revisions\Run 4\Br2720_dlPFC_20x_img_011-MaxIP-Stitched_unmixed-rotated.nd2","Layer 1","dACC_v17_ FISH-IF v2.4.4","452","1983","2008","3289","3316","0","0","0","0","1","1","1764.5145","0","375.51968","0","0","0","0","0","0","0","0","0","0","0","0","0","0","0","0","0","0","0","0","93.48879","71.30189","22.186903","21.669365","0.743646"
"D:\HAA\dACC revisions\Run 4\Br2720_dlPFC_20x_img_011-MaxIP-Stitched_unmixed-rotated.nd2","Layer 1","dACC_v17_ FISH-IF v2.4.4","453","2067","2088","3299","3328","0","0","0","0","1","1","1308.1896","0","290.17603","1","0.598402","0","423.25427","707.3077","0","0","0","0","0","0","0","0","0","0","2","0.690464","0","299.1089","433.2","87.22859","68.77019","18.458399","20.167528","0.660207"
"D:\HAA\dACC revisions\Run 4\Br2720_dlPFC_20x_img_011-MaxIP-Stitched_unmixed-rotated.nd2","Layer 1","dACC_v17_ FISH-IF v2.4.4","454","1806","1836","3337","3364","1","1","1","0","1","1","2113.1917","0","470.3788","0","0","0","0","0","6","7.825256","1","6763.1387","864.27057","20","16.387007","3","17462.564","1028.0922","11","16.248915","2","9881.871","608.1558","104.214","70.84158","33.372414","26.389425","0.74542"
"D:\HAA\dACC revisions\Run 4\Br2720_dlPFC_20x_img_011-MaxIP-Stitched_unmixed-rotated.nd2","Layer 1","dACC_v17_ FISH-IF v2.4.4","455","2072","2096","3362","3386","0","0","0","0","1","1","1828.1044","0","358.60144","1","0.966649","0","807.42834","835.2857","0","0","0","0","0","0","0","0","0","0","0","0","0","0","0","82.53343","64.44328","18.09015","18.88024","0.89872"
"D:\HAA\dACC revisions\Run 4\Br2720_dlPFC_20x_img_011-MaxIP-Stitched_unmixed-rotated.nd2","Layer 1","dACC_v17_ FISH-IF v2.4.4","456","2056","2071","3365","3381","0","0","0","0","1","1","460.02777","0","205.75163","0","0","0","0","0","0","0","0","0","0","0","0","0","0","0","0","0","0","0","0","37.05489","35.397774","1.657113","4.72006","0.77105"
"D:\HAA\dACC revisions\Run 4\Br2720_dlPFC_20x_img_011-MaxIP-Stitched_unmixed-rotated.nd2","Layer 1","dACC_v17_ FISH-IF v2.4.4","457","2022","2042","3369","3390","0","0","0","0","1","1","593.90674","0","116.10623","0","0","0","0","0","0","0","0","0","0","0","0","0","0","0","2","3.406288","0","2483.552","729.1081","61.313183","52.429214","8.883967","12.87289","0.796243"
"D:\HAA\dACC revisions\Run 4\Br2720_dlPFC_20x_img_011-MaxIP-Stitched_unmixed-rotated.nd2","Layer 1","dACC_v17_ FISH-IF v2.4.4","458","1853","1879","3409","3431","0","0","0","0","1","1","1271.4569","0","226.3591","0","0","0","0","0","0","0","0","0","0","0","0","0","0","0","0","0","0","0","0","83.131836","65.502","17.62984","18.88024","0.754561"
"D:\HAA\dACC revisions\Run 4\Br2720_dlPFC_20x_img_011-MaxIP-Stitched_unmixed-rotated.nd2","Layer 1","dACC_v17_ FISH-IF v2.4.4","459","1954","1983","3426","3454","0","0","0","0","1","1","2059.2993","0","414.9155","0","0","0","0","0","0","0","0","0","0","0","0","0","0","0","0","0","0","0","0","119.4042","82.80962","36.594578","27.03307","0.839905"
"D:\HAA\dACC revisions\Run 4\Br2720_dlPFC_20x_img_011-MaxIP-Stitched_unmixed-rotated.nd2","Layer 1","dACC_v17_ FISH-IF v2.4.4","460","1897","1921","3431","3460","0","1","0","0","1","1","1952.2089","0","435.84937","0","0","0","0","0","0","0","0","0","0","24","21.588501","3","24042.363","1113.6653","0","0","0","0","0","98.78235","62.64808","36.13427","26.389425","0.846073"
"D:\HAA\dACC revisions\Run 4\Br2720_dlPFC_20x_img_011-MaxIP-Stitched_unmixed-rotated.nd2","Layer 1","dACC_v17_ FISH-IF v2.4.4","461","1917","1943","3436","3463","0","1","0","0","1","1","2299.8496","0","358.32416","0","0","0","0","0","0","0","0","0","0","5","4.188814","1","4525.115","1080.2858","1","0.598402","0","266.70312","445.69232","100.209305","63.476635","36.732674","27.03307","0.815738"
"D:\HAA\dACC revisions\Run 4\Br2720_dlPFC_20x_img_011-MaxIP-Stitched_unmixed-rotated.nd2","Layer 1","dACC_v17_ FISH-IF v2.4.4","462","1860","1881","3451","3470","0","1","0","0","1","1","1396.6681","0","467.0215","0","0","0","0","0","1","1.380928","0","1309.0732","947.9667","22","12.704534","3","21453.078","1688.616","0","0","0","0","0","51.048286","40.6453","10.402987","14.589275","0.79189"
"D:\HAA\dACC revisions\Run 4\Br2720_dlPFC_20x_img_011-MaxIP-Stitched_unmixed-rotated.nd2","Layer 1","dACC_v17_ FISH-IF v2.4.4","463","1863","1889","3463","3491","0","1","0","0","1","1","2538.7527","0","607.8277","0","0","0","0","0","0","0","0","0","0","16","12.796595","3","15739.904","1230.0072","0","0","0","0","0","90.95709","61.17509","29.782003","26.174877","0.714369"
"D:\HAA\dACC revisions\Run 4\Br2720_dlPFC_20x_img_011-MaxIP-Stitched_unmixed-rotated.nd2","Layer 1","dACC_v17_ FISH-IF v2.4.4","464","1994","2017","3466","3488","0","0","0","0","1","1","1890.9622","0","297.54544","0","0","0","0","0","0","0","0","0","0","0","0","0","0","0","0","0","0","0","0","64.35122","46.07695","18.274275","19.95298","0.776349"
"D:\HAA\dACC revisions\Run 4\Br2720_dlPFC_20x_img_011-MaxIP-Stitched_unmixed-rotated.nd2","Layer 1","dACC_v17_ FISH-IF v2.4.4","465","2007","2029","3471","3493","0","0","0","0","1","1","1469.7852","0","310.0916","0","0","0","0","0","0","0","0","0","0","0","0","0","0","0","0","0","0","0","0","58.919575","42.21035","16.709223","18.236595","0.779402"
"D:\HAA\dACC revisions\Run 4\Br2720_dlPFC_20x_img_011-MaxIP-Stitched_unmixed-rotated.nd2","Layer 1","dACC_v17_ FISH-IF v2.4.4","466","1884","1908","3475","3505","0","0","0","0","1","1","1922.4757","0","347.08862","0","0","0","0","0","0","0","0","0","0","0","0","0","0","0","0","0","0","0","0","97.30936","71.670135","25.639221","24.458492","0.667433"
"D:\HAA\dACC revisions\Run 4\Br2720_dlPFC_20x_img_011-MaxIP-Stitched_unmixed-rotated.nd2","Layer 1","dACC_v17_ FISH-IF v2.4.4","467","2023","2047","3484","3511","0","0","0","0","1","1","865.1898","0","205.81366","0","0","0","0","0","0","0","0","0","0","0","0","0","0","0","0","0","0","0","0","92.0158","72.13045","19.885357","22.527557","0.693941"
"D:\HAA\dACC revisions\Run 4\Br2720_dlPFC_20x_img_011-MaxIP-Stitched_unmixed-rotated.nd2","Layer 1","dACC_v17_ FISH-IF v2.4.4","468","5456","5476","3510","3531","0","0","0","0","1","1","791.0548","0","188.1579","1","0.50634","0","447.42053","883.63635","0","0","0","0","0","0","0","0","0","0","0","0","0","0","0","62.556015","52.475246","10.08077","13.301987","0.87804"
"D:\HAA\dACC revisions\Run 4\Br2720_dlPFC_20x_img_011-MaxIP-Stitched_unmixed-rotated.nd2","Layer 1","dACC_v17_ FISH-IF v2.4.4","469","5427","5457","3513","3539","0","0","0","0","1","1","1966.0394","0","497.67215","2","2.209484","0","2055.7869","858.86536","0","0","0","0","0","0","0","0","0","0","0","0","0","0","0","103.93781","70.05906","33.878754","25.531233","0.752442"
"D:\HAA\dACC revisions\Run 4\Br2720_dlPFC_20x_img_011-MaxIP-Stitched_unmixed-rotated.nd2","Layer 1","dACC_v17_ FISH-IF v2.4.4","470","5408","5431","3521","3546","0","0","0","0","1","1","1229.1466","0","411.1261","1","4.741185","0","5404.9043","1139.9902","0","0","0","0","0","0","0","0","0","0","0","0","0","0","0","71.20983","46.721382","24.488447","24.029396","0.82215"
"D:\HAA\dACC revisions\Run 4\Br2720_dlPFC_20x_img_011-MaxIP-Stitched_unmixed-rotated.nd2","Layer 1","dACC_v17_ FISH-IF v2.4.4","471","5418","5442","3533","3557","0","0","0","1","1","1","1369.4254","0","312.80286","5","9.758554","1","13248.94","1357.6746","0","0","0","0","0","0","0","0","0","0","0","0","0","0","0","68.21782","45.06427","23.153551","22.742105","0.838302"
"D:\HAA\dACC revisions\Run 4\Br2720_dlPFC_20x_img_011-MaxIP-Stitched_unmixed-rotated.nd2","Layer 1","dACC_v17_ FISH-IF v2.4.4","472","5515","5542","3537","3565","0","0","0","1","1","1","2044.9828","0","280.18704","13","34.477158","2","73355.28","2127.649","0","0","0","0","0","0","0","0","0","0","0","0","0","0","0","111.671005","79.49539","32.17561","25.316685","0.805944"
"D:\HAA\dACC revisions\Run 4\Br2720_dlPFC_20x_img_011-MaxIP-Stitched_unmixed-rotated.nd2","Layer 1","dACC_v17_ FISH-IF v2.4.4","473","5544","5575","3580","3604","0","0","0","1","1","1","1194.2834","0","176.7449","12","24.166231","2","48767.914","2018.019","0","0","0","0","0","0","0","0","0","0","0","0","0","0","0","105.18065","79.03509","26.145561","24.458492","0.635258"
"D:\HAA\dACC revisions\Run 4\Br2720_dlPFC_20x_img_011-MaxIP-Stitched_unmixed-rotated.nd2","Layer 1","dACC_v17_ FISH-IF v2.4.4","474","5511","5538","3642","3672","0","0","0","0","1","1","1926.7709","0","331.15833","0","0","0","0","0","0","0","0","0","0","0","0","0","0","0","0","0","0","0","0","119.81848","82.85565","36.962826","27.03307","0.871877"
"D:\HAA\dACC revisions\Run 4\Br2720_dlPFC_20x_img_011-MaxIP-Stitched_unmixed-rotated.nd2","Layer 1","dACC_v17_ FISH-IF v2.4.4","475","5562","5585","3721","3747","0","0","0","0","1","1","1474.9868","0","336.5351","0","0","0","0","0","0","0","0","0","0","0","0","0","0","0","0","0","0","0","0","71.7622","47.227722","24.53448","23.38575","0.742285"
"D:\HAA\dACC revisions\Run 4\Br2720_dlPFC_20x_img_011-MaxIP-Stitched_unmixed-rotated.nd2","Layer 1","dACC_v17_ FISH-IF v2.4.4","476","5548","5579","3729","3758","0","0","0","0","1","1","1622.1145","0","255.03836","0","0","0","0","0","0","0","0","0","0","0","0","0","0","0","0","0","0","0","0","113.05193","66.00834","47.0436","31.538582","0.838646"
"D:\HAA\dACC revisions\Run 4\Br2720_dlPFC_20x_img_011-MaxIP-Stitched_unmixed-rotated.nd2","Layer 1","dACC_v17_ FISH-IF v2.4.4","477","1799","1830","3086","3116","0","1","0","0","1","1","1953.3348","0","353.01712","0","0","0","0","0","0","0","0","0","0","14","13.256905","2","12612.518","951.39233","1","0.368247","0","157.14955","426.75","122.71843","80.646164","42.072258","29.17855","0.789184"
"D:\HAA\dACC revisions\Run 4\Br2720_dlPFC_20x_img_011-MaxIP-Stitched_unmixed-rotated.nd2","Layer 1","dACC_v17_ FISH-IF v2.4.4","478","1487","1506","3101","3121","0","0","0","0","1","1","703.20123","0","141.22438","0","0","0","0","0","0","0","0","0","0","0","0","0","0","0","1","0.782526","0","407.28156","520.4706","57.400555","49.851482","7.54907","11.585601","0.85631"
"D:\HAA\dACC revisions\Run 4\Br2720_dlPFC_20x_img_011-MaxIP-Stitched_unmixed-rotated.nd2","Layer 1","dACC_v17_ FISH-IF v2.4.4","479","1588","1612","3104","3130","0","1","1","0","1","1","1873.0538","0","332.41956","0","0","0","0","0","1","1.104742","0","984.5553","891.2083","9","10.587111","1","8728.244","824.42175","4","10.587111","1","6458.828","610.06525","93.76498","70.657455","23.107521","21.02572","0.816074"
"D:\HAA\dACC revisions\Run 4\Br2720_dlPFC_20x_img_011-MaxIP-Stitched_unmixed-rotated.nd2","Layer 1","dACC_v17_ FISH-IF v2.4.4","480","1653","1674","3104","3127","0","1","0","0","1","1","1613.2705","0","223.45778","0","0","0","0","0","0","0","0","0","0","17","11.093451","3","15574.101","1358.7952","2","1.380928","0","670.3943","485.46667","71.25586","58.32117","12.934688","15.447468","0.830663"
"D:\HAA\dACC revisions\Run 4\Br2720_dlPFC_20x_img_011-MaxIP-Stitched_unmixed-rotated.nd2","Layer 1","dACC_v17_ FISH-IF v2.4.4","481","1696","1723","3129","3156","0","1","0","0","1","1","2255.7573","0","302.23755","0","0","0","0","0","0","0","0","0","0","26","20.161541","3","25361.057","1200.342","0","0","0","0","0","102.69498","74.80024","27.894735","23.600298","0.874404"
"D:\HAA\dACC revisions\Run 4\Br2720_dlPFC_20x_img_011-MaxIP-Stitched_unmixed-rotated.nd2","Layer 1","dACC_v17_ FISH-IF v2.4.4","482","1543","1568","3139","3168","0","1","1","0","1","1","3040.0125","0","454.2379","0","0","0","0","0","0","0","0","0","0","4","2.393608","1","1575.316","658.13464","30","35.16762","4","47921.133","1362.6492","102.050545","72.3606","29.689941","24.458492","0.795151"
"D:\HAA\dACC revisions\Run 4\Br2720_dlPFC_20x_img_011-MaxIP-Stitched_unmixed-rotated.nd2","Layer 1","dACC_v17_ FISH-IF v2.4.4","483","1489","1512","3142","3162","0","0","0","0","1","1","1626.9198","0","411.45367","0","0","0","0","0","0","0","0","0","0","0","0","0","0","0","0","0","0","0","0","56.433907","43.22303","13.210874","15.876565","0.787582"
"D:\HAA\dACC revisions\Run 4\Br2720_dlPFC_20x_img_011-MaxIP-Stitched_unmixed-rotated.nd2","Layer 1","dACC_v17_ FISH-IF v2.4.4","484","1446","1479","3143","3170","0","0","0","0","1","1","2653.0525","0","357.66348","0","0","0","0","0","0","0","0","0","0","0","0","0","0","0","1","0.598402","0","279.17752","466.53845","120.96925","86.72225","34.247","29.607647","0.643189"
"D:\HAA\dACC revisions\Run 4\Br2720_dlPFC_20x_img_011-MaxIP-Stitched_unmixed-rotated.nd2","Layer 1","dACC_v17_ FISH-IF v2.4.4","485","1553","1589","3151","3185","0","1","1","0","1","1","1179.8043","0","368.75314","0","0","0","0","0","0","0","0","0","0","9","7.595101","1","7137.462","939.7455","74","91.32534","4","117414.65","1285.6744","151.94806","102.556885","49.391174","38.40412","0.644315"
"D:\HAA\dACC revisions\Run 4\Br2720_dlPFC_20x_img_011-MaxIP-Stitched_unmixed-rotated.nd2","Layer 1","dACC_v17_ FISH-IF v2.4.4","486","1494","1527","3151","3181","0","0","0","0","1","1","1912.7433","0","315.99","0","0","0","0","0","0","0","0","0","0","0","0","0","0","0","0","0","0","0","0","127.78183","78.11446","49.66736","31.324034","0.898549"
"D:\HAA\dACC revisions\Run 4\Br2720_dlPFC_20x_img_011-MaxIP-Stitched_unmixed-rotated.nd2","Layer 1","dACC_v17_ FISH-IF v2.4.4","487","1631","1661","3156","3186","0","1","0","0","1","1","1981.505","0","306.15454","0","0","0","0","0","0","0","0","0","0","47","34.431126","4","46999.406","1365.0267","0","0","0","0","0","128.05801","86.676216","41.381794","29.17855","0.848412"
"D:\HAA\dACC revisions\Run 4\Br2720_dlPFC_20x_img_011-MaxIP-Stitched_unmixed-rotated.nd2","Layer 1","dACC_v17_ FISH-IF v2.4.4","488","1682","1703","3180","3201","0","0","0","1","1","1","1334.4117","0","226.24019","5","11.645823","1","17652.535","1447.1434","0","0","0","0","0","0","0","0","0","0","3","3.682473","0","1859.0967","504.85","68.07973","56.341843","11.737884","14.589275","0.875676"
"D:\HAA\dACC revisions\Run 4\Br2720_dlPFC_20x_img_011-MaxIP-Stitched_unmixed-rotated.nd2","Layer 1","dACC_v17_ FISH-IF v2.4.4","489","1725","1757","3185","3211","0","1","0","0","1","1","1728.5745","0","273.61084","0","0","0","0","0","3","5.01737","0","4876.7915","971.9816","21","18.228243","3","19924.988","1093.0834","2","1.979329","0","1022.57684","516.6279","117.37884","82.441376","34.937466","27.462166","0.751125"
"D:\HAA\dACC revisions\Run 4\Br2720_dlPFC_20x_img_011-MaxIP-Stitched_unmixed-rotated.nd2","Layer 1","dACC_v17_ FISH-IF v2.4.4","490","1584","1615","3204","3236","0","0","0","0","1","1","1962.5703","0","313.51282","0","0","0","0","0","0","0","0","0","0","1","0.598402","0","414.60046","692.8461","0","0","0","0","0","127.873886","91.5555","36.318394","31.324034","0.622273"
"D:\HAA\dACC revisions\Run 4\Br2720_dlPFC_20x_img_011-MaxIP-Stitched_unmixed-rotated.nd2","Layer 1","dACC_v17_ FISH-IF v2.4.4","491","1759","1779","3210","3230","0","0","0","0","1","1","478.0909","0","138.1304","2","4.142783","0","3437.5889","829.7778","0","0","0","0","0","0","0","0","0","0","0","0","0","0","0","57.72277","50.12767","7.595101","11.585601","0.80187"
"D:\HAA\dACC revisions\Run 4\Br2720_dlPFC_20x_img_011-MaxIP-Stitched_unmixed-rotated.nd2","Layer 1","dACC_v17_ FISH-IF v2.4.4","492","1419","1451","3296","3339","0","1","1","0","1","1","1233.3638","0","233.22987","0","0","0","0","0","0","0","0","0","0","26","29.643911","3","25946.062","875.25775","47","92.79833","4","72815.71","784.6662","186.05696","114.9392","71.11777","41.622345","0.666902"
"D:\HAA\dACC revisions\Run 4\Br2720_dlPFC_20x_img_011-MaxIP-Stitched_unmixed-rotated.nd2","Layer 1","dACC_v17_ FISH-IF v2.4.4","493","1500","1525","3304","3333","0","0","1","0","1","1","2486.966","0","349.21408","0","0","0","0","0","0","0","0","0","0","0","0","0","0","0","6","8.423658","1","5806.5703","689.31696","110.42817","79.127144","31.301023","24.458492","0.826167"
"D:\HAA\dACC revisions\Run 4\Br2720_dlPFC_20x_img_011-MaxIP-Stitched_unmixed-rotated.nd2","Layer 1","dACC_v17_ FISH-IF v2.4.4","494","1529","1550","3313","3338","0","0","0","1","1","1","509.3763","0","140.29073","4","9.022059","1","13612.079","1508.7551","0","0","0","0","0","0","0","0","0","0","0","0","0","0","0","76.227196","63.016327","13.210874","18.022047","0.686423"
"D:\HAA\dACC revisions\Run 4\Br2720_dlPFC_20x_img_011-MaxIP-Stitched_unmixed-rotated.nd2","Layer 1","dACC_v17_ FISH-IF v2.4.4","495","1801","1825","3313","3343","0","1","0","0","1","1","2610.7842","0","867.90393","0","0","0","0","0","0","0","0","0","0","18","15.972729","3","17523.557","1097.0922","0","0","0","0","0","95.83637","60.852875","34.983498","29.822195","0.625337"
"D:\HAA\dACC revisions\Run 4\Br2720_dlPFC_20x_img_011-MaxIP-Stitched_unmixed-rotated.nd2","Layer 1","dACC_v17_ FISH-IF v2.4.4","496","1474","1495","3318","3337","0","0","0","0","1","1","671.62335","0","134.69682","0","0","0","0","0","0","0","0","0","0","1","0.598402","0","386.61368","646.0769","0","0","0","0","0","56.433907","49.345142","7.088761","11.371053","0.783271"
"D:\HAA\dACC revisions\Run 4\Br2720_dlPFC_20x_img_011-MaxIP-Stitched_unmixed-rotated.nd2","Layer 1","dACC_v17_ FISH-IF v2.4.4","497","1788","1812","3328","3355","0","0","0","0","1","1","2773.3826","0","499.62158","0","0","0","0","0","0","0","0","0","0","0","0","0","0","0","3","4.603092","0","3842.7532","795.06665","80.32395","50.357822","29.966127","24.67304","0.895605"
"D:\HAA\dACC revisions\Run 4\Br2720_dlPFC_20x_img_011-MaxIP-Stitched_unmixed-rotated.nd2","Layer 1","dACC_v17_ FISH-IF v2.4.4","498","1532","1568","3338","3361","0","0","0","0","1","1","1543.0269","0","414.2544","1","0.874587","0","644.663","737.1053","0","0","0","0","0","0","0","0","0","0","0","0","0","0","0","118.6677","75.81292","42.854786","32.61132","0.678707"
"D:\HAA\dACC revisions\Run 4\Br2720_dlPFC_20x_img_011-MaxIP-Stitched_unmixed-rotated.nd2","Layer 1","dACC_v17_ FISH-IF v2.4.4","499","1646","1674","3343","3367","0","1","0","0","1","1","2944.8203","0","385.7247","0","0","0","0","0","0","0","0","0","0","4","4.603092","1","4556.8765","989.96","0","0","0","0","0","88.65555","58.68942","29.966127","24.67304","0.817567"
"D:\HAA\dACC revisions\Run 4\Br2720_dlPFC_20x_img_011-MaxIP-Stitched_unmixed-rotated.nd2","Layer 1","dACC_v17_ FISH-IF v2.4.4","500","1459","1488","3348","3379","0","1","1","0","1","1","1886.0338","0","314.61368","0","0","0","0","0","3","4.326906","0","7308.697","1689.1277","18","15.742574","3","15450.737","981.462","44","70.51936","4","68690.836","974.0705","131.004","87.45874","43.545246","29.607647","0.8818"
"D:\HAA\dACC revisions\Run 4\Br2720_dlPFC_20x_img_011-MaxIP-Stitched_unmixed-rotated.nd2","Layer 1","dACC_v17_ FISH-IF v2.4.4","501","1535","1559","3358","3380","0","0","0","0","1","1","2088.628","0","453.10577","0","0","0","0","0","0","0","0","0","0","0","0","0","0","0","0","0","0","0","0","77.28591","53.53396","23.751953","21.454817","0.757304"
"D:\HAA\dACC revisions\Run 4\Br2720_dlPFC_20x_img_011-MaxIP-Stitched_unmixed-rotated.nd2","Layer 1","dACC_v17_ FISH-IF v2.4.4","502","1658","1684","3356","3384","0","1","0","0","1","1","2270.909","0","397.11414","0","0","0","0","0","1","0.782526","0","581.32446","742.8823","37","25.777313","4","37070.355","1438.1","0","0","0","0","0","96.38874","62.509987","33.878754","26.818521","0.764298"
"D:\HAA\dACC revisions\Run 4\Br2720_dlPFC_20x_img_011-MaxIP-Stitched_unmixed-rotated.nd2","Layer 1","dACC_v17_ FISH-IF v2.4.4","503","1733","1764","3363","3394","0","1","1","0","1","1","1670.5527","0","206.75179","0","0","0","0","0","0","0","0","0","0","30","27.06618","4","30087.373","1111.6224","76","96.6189","4","120327.07","1245.3783","138.461","90.49678","47.964214","30.894936","0.940769"
"D:\HAA\dACC revisions\Run 4\Br2720_dlPFC_20x_img_011-MaxIP-Stitched_unmixed-rotated.nd2","Layer 1","dACC_v17_ FISH-IF v2.4.4","504","1519","1545","3395","3419","0","1","1","0","1","1","1294.174","0","214.01265","0","0","0","0","0","0","0","0","0","0","12","12.934688","2","12617.442","975.4733","4","6.996699","1","3485.1848","498.1184","91.095184","69.138435","21.956747","20.596624","0.830689"
"D:\HAA\dACC revisions\Run 4\Br2720_dlPFC_20x_img_011-MaxIP-Stitched_unmixed-rotated.nd2","Layer 1","dACC_v17_ FISH-IF v2.4.4","505","1573","1610","3399","3430","0","0","0","0","1","1","1780.8469","0","279.3369","0","0","0","0","0","0","0","0","0","0","0","0","0","0","0","0","0","0","0","0","153.32898","98.92044","54.408543","35.614998","0.723047"
"D:\HAA\dACC revisions\Run 4\Br2720_dlPFC_20x_img_011-MaxIP-Stitched_unmixed-rotated.nd2","Layer 1","dACC_v17_ FISH-IF v2.4.4","506","1644","1668","3400","3426","0","0","0","0","1","1","3342.5735","0","508.6002","0","0","0","0","0","0","0","0","0","0","0","0","0","0","0","0","0","0","0","0","76.27323","51.23241","25.04082","23.171202","0.826334"
"D:\HAA\dACC revisions\Run 4\Br2720_dlPFC_20x_img_011-MaxIP-Stitched_unmixed-rotated.nd2","Layer 1","dACC_v17_ FISH-IF v2.4.4","507","1627","1654","3407","3442","0","0","0","0","1","1","3205.6133","0","663.80566","0","0","0","0","0","0","0","0","0","0","0","0","0","0","0","1","0.50634","0","255.01128","503.63635","122.810486","74.61612","48.19437","33.040417","0.726843"
"D:\HAA\dACC revisions\Run 4\Br2720_dlPFC_20x_img_011-MaxIP-Stitched_unmixed-rotated.nd2","Layer 1","dACC_v17_ FISH-IF v2.4.4","508","1685","1716","3424","3449","0","1","0","0","1","1","1999.6064","0","370.02792","0","0","0","0","0","0","0","0","0","0","48","30.150251","4","48465.906","1607.4794","0","0","0","0","0","104.44415","65.9623","38.481846","27.247618","0.802885"
"D:\HAA\dACC revisions\Run 4\Br2720_dlPFC_20x_img_011-MaxIP-Stitched_unmixed-rotated.nd2","Layer 1","dACC_v17_ FISH-IF v2.4.4","509","1746","1778","3424","3456","0","1","0","0","1","1","1541.6926","0","219.9194","0","0","0","0","0","0","0","0","0","0","58","36.318394","4","56316.297","1550.6273","1","0.782526","0","374.64563","478.7647","148.54176","95.37606","53.16571","33.040417","0.863343"
"D:\HAA\dACC revisions\Run 4\Br2720_dlPFC_20x_img_011-MaxIP-Stitched_unmixed-rotated.nd2","Layer 1","dACC_v17_ FISH-IF v2.4.4","510","1409","1434","3431","3452","0","0","0","0","1","1","2472.1086","0","279.86145","0","0","0","0","0","0","0","0","0","0","0","0","0","0","0","0","0","0","0","0","78.02241","62.78617","15.236234","17.59295","0.749192"
"D:\HAA\dACC revisions\Run 4\Br2720_dlPFC_20x_img_011-MaxIP-Stitched_unmixed-rotated.nd2","Layer 1","dACC_v17_ FISH-IF v2.4.4","511","1680","1707","3441","3462","0","1","0","0","1","1","2671.6958","0","385.80573","0","0","0","0","0","0","0","0","0","0","15","8.147472","3","14816.248","1818.5084","1","0.644433","0","298.78668","463.64285","78.94302","53.073647","25.869375","22.956654","0.821911"
"D:\HAA\dACC revisions\Run 4\Br2720_dlPFC_20x_img_011-MaxIP-Stitched_unmixed-rotated.nd2","Layer 1","dACC_v17_ FISH-IF v2.4.4","512","1483","1510","3446","3473","0","0","0","0","1","1","1791.9331","0","294.3942","0","0","0","0","0","0","0","0","0","0","0","0","0","0","0","1","0.782526","0","365.34738","466.88235","98.46013","74.38596","24.07417","23.600298","0.686481"
"D:\HAA\dACC revisions\Run 4\Br2720_dlPFC_20x_img_011-MaxIP-Stitched_unmixed-rotated.nd2","Layer 1","dACC_v17_ FISH-IF v2.4.4","513","1420","1444","3451","3489","0","0","0","0","1","1","2331.4612","0","487.9401","0","0","0","0","0","0","0","0","0","0","0","0","0","0","0","0","0","0","0","0","115.62966","78.390656","37.239014","31.75313","0.543006"
"D:\HAA\dACC revisions\Run 4\Br2720_dlPFC_20x_img_011-MaxIP-Stitched_unmixed-rotated.nd2","Layer 1","dACC_v17_ FISH-IF v2.4.4","514","1606","1634","3456","3484","0","0","0","0","1","1","2560.7544","0","418.35648","0","0","0","0","0","0","0","0","0","0","0","0","0","0","0","0","0","0","0","0","114.11064","80.18586","33.924786","25.74578","0.854716"
"D:\HAA\dACC revisions\Run 4\Br2720_dlPFC_20x_img_011-MaxIP-Stitched_unmixed-rotated.nd2","Layer 1","dACC_v17_ FISH-IF v2.4.4","515","1461","1492","3466","3497","0","0","1","0","1","1","1259.1465","0","385.90802","0","0","0","0","0","1","1.150773","0","879.6508","764.4","0","0","0","0","0","46","77.00973","4","71223.96","924.8697","123.178734","78.574776","44.60396","34.97135","0.642704"
"D:\HAA\dACC revisions\Run 4\Br2720_dlPFC_20x_img_011-MaxIP-Stitched_unmixed-rotated.nd2","Layer 1","dACC_v17_ FISH-IF v2.4.4","516","1412","1433","3472","3498","0","0","0","0","1","1","2382.5671","0","589.7315","3","8.469688","0","11451.618","1352.0707","1","0.690464","0","896.36005","721.2222","0","0","0","0","0","1","2.393608","0","1248.2665","521.5","68.72416","48.516586","20.207573","20.596624","0.685579"
"D:\HAA\dACC revisions\Run 4\Br2720_dlPFC_20x_img_011-MaxIP-Stitched_unmixed-rotated.nd2","Layer 1","dACC_v17_ FISH-IF v2.4.4","517","1991","2016","1513","1537","0","0","0","0","1","1","2120.588","0","381.34787","0","0","0","0","0","0","0","0","0","0","0","0","0","0","0","0","0","0","0","0","92.7523","69.73684","23.01546","20.596624","0.903881"
"D:\HAA\dACC revisions\Run 4\Br2720_dlPFC_20x_img_011-MaxIP-Stitched_unmixed-rotated.nd2","Layer 1","dACC_v17_ FISH-IF v2.4.4","518","1911","1941","1514","1544","0","0","0","0","1","1","1684.0328","0","308.04498","1","1.150773","0","1010.1025","877.76","0","0","0","0","0","0","0","0","0","0","0","0","0","0","0","131.41827","88.011116","43.407154","29.17855","0.838735"
"D:\HAA\dACC revisions\Run 4\Br2720_dlPFC_20x_img_011-MaxIP-Stitched_unmixed-rotated.nd2","Layer 1","dACC_v17_ FISH-IF v2.4.4","519","1949","1970","1533","1554","0","0","0","0","1","1","864.18896","0","171.18338","2","5.201494","0","4929.543","947.7168","0","0","0","0","0","0","0","0","0","0","0","0","0","0","0","63.70679","53.718082","9.988709","13.731083","0.861043"
"D:\HAA\dACC revisions\Run 4\Br2720_dlPFC_20x_img_011-MaxIP-Stitched_unmixed-rotated.nd2","Layer 1","dACC_v17_ FISH-IF v2.4.4","520","2176","2202","1534","1557","0","0","0","1","1","1","2935.236","0","556.4987","5","13.579121","1","17631.912","1281.0869","0","0","0","0","0","0","0","0","0","0","0","0","0","0","0","93.3507","70.33524","23.01546","20.167528","0.850191"
"D:\HAA\dACC revisions\Run 4\Br2720_dlPFC_20x_img_011-MaxIP-Stitched_unmixed-rotated.nd2","Layer 1","dACC_v17_ FISH-IF v2.4.4","521","1888","1914","1539","1562","0","0","0","0","1","1","2277.691","0","442.93503","0","0","0","0","0","0","0","0","0","0","0","0","0","0","0","0","0","0","0","0","79.86364","54.54664","25.317005","22.098461","0.7917"
"D:\HAA\dACC revisions\Run 4\Br2720_dlPFC_20x_img_011-MaxIP-Stitched_unmixed-rotated.nd2","Layer 1","dACC_v17_ FISH-IF v2.4.4","522","2098","2128","1547","1568","0","0","0","0","1","1","3192.6611","0","506.0238","0","0","0","0","0","1","0.368247","0","218.4167","593.125","2","2.117422","0","1671.2905","698.2308","0","0","0","0","0","95.284","67.71148","27.57252","24.029396","0.783204"
"D:\HAA\dACC revisions\Run 4\Br2720_dlPFC_20x_img_011-MaxIP-Stitched_unmixed-rotated.nd2","Layer 1","dACC_v17_ FISH-IF v2.4.4","523","1852","1879","1549","1571","0","0","1","0","1","1","1099.7651","0","152.36902","0","0","0","0","0","2","2.163453","0","1860.6617","860.04254","3","2.761855","0","2097.5828","759.48334","54","61.72746","4","88267.78","1429.9597","87.366684","68.35591","19.010769","19.738432","0.711911"
"D:\HAA\dACC revisions\Run 4\Br2720_dlPFC_20x_img_011-MaxIP-Stitched_unmixed-rotated.nd2","Layer 1","dACC_v17_ FISH-IF v2.4.4","524","1896","1921","1555","1580","0","0","0","0","1","1","2512.9692","0","343.00235","0","0","0","0","0","0","0","0","0","0","0","0","0","0","0","0","0","0","0","0","89.069824","59.1037","29.966127","24.243944","0.768718"
"D:\HAA\dACC revisions\Run 4\Br2720_dlPFC_20x_img_011-MaxIP-Stitched_unmixed-rotated.nd2","Layer 1","dACC_v17_ FISH-IF v2.4.4","525","2064","2086","1560","1583","0","0","0","0","1","1","2757.035","0","405.08026","0","0","0","0","0","0","0","0","0","0","0","0","0","0","0","0","0","0","0","0","71.71617","58.505295","13.210874","15.876565","0.869761"
"D:\HAA\dACC revisions\Run 4\Br2720_dlPFC_20x_img_011-MaxIP-Stitched_unmixed-rotated.nd2","Layer 1","dACC_v17_ FISH-IF v2.4.4","526","2093","2125","1567","1593","0","1","0","0","1","1","1770.0365","0","384.73853","2","1.380928","0","1027.5022","744.06665","2","2.439639","0","1755.7113","719.6604","4","3.774535","1","3519.7542","932.5","0","0","0","0","0","119.03595","81.152504","37.883446","28.749454","0.689844"
"D:\HAA\dACC revisions\Run 4\Br2720_dlPFC_20x_img_011-MaxIP-Stitched_unmixed-rotated.nd2","Layer 1","dACC_v17_ FISH-IF v2.4.4","527","2037","2061","1572","1592","0","1","0","0","1","1","666.8327","0","133.96814","0","0","0","0","0","2","1.887268","0","1432.8965","759.2439","13","13.763245","2","12541.031","905.1429","0","0","0","0","0","71.62411","59.24179","12.382317","15.876565","0.726718"
"D:\HAA\dACC revisions\Run 4\Br2720_dlPFC_20x_img_011-MaxIP-Stitched_unmixed-rotated.nd2","Layer 1","dACC_v17_ FISH-IF v2.4.4","528","1863","1891","1576","1608","0","1","0","0","1","1","1628.3147","0","359.01947","0","0","0","0","0","1","0.690464","0","468.96298","679.2","8","11.093451","1","8288.188","747.1245","3","7.364947","0","4079.0298","553.84375","132.75316","87.41271","45.340454","32.396774","0.700823"
"D:\HAA\dACC revisions\Run 4\Br2720_dlPFC_20x_img_011-MaxIP-Stitched_unmixed-rotated.nd2","Layer 1","dACC_v17_ FISH-IF v2.4.4","529","1969","1993","1588","1612","0","0","0","0","1","1","939.888","0","203.51328","0","0","0","0","0","2","2.669793","0","2051.1836","768.2931","1","1.104742","0","799.00464","723.25","1","0.368247","0","155.53847","422.375","81.79694","64.12107","17.675873","18.451143","0.844722"
"D:\HAA\dACC revisions\Run 4\Br2720_dlPFC_20x_img_011-MaxIP-Stitched_unmixed-rotated.nd2","Layer 1","dACC_v17_ FISH-IF v2.4.4","530","2180","2213","1590","1620","0","0","0","0","1","1","2551.591","0","356.1057","0","0","0","0","0","0","0","0","0","0","0","0","0","0","0","0","0","0","0","0","126.81518","90.12854","36.68664","31.75313","0.668828"
"D:\HAA\dACC revisions\Run 4\Br2720_dlPFC_20x_img_011-MaxIP-Stitched_unmixed-rotated.nd2","Layer 1","dACC_v17_ FISH-IF v2.4.4","531","2123","2147","1594","1618","0","0","0","1","1","1","2571.6685","0","471.5146","5","14.085461","1","22249.32","1579.5947","1","0.874587","0","767.3814","694.625","0","0","0","0","0","0","0","0","0","0","77.33194","52.060966","25.270973","22.098461","0.789351"
"D:\HAA\dACC revisions\Run 4\Br2720_dlPFC_20x_img_011-MaxIP-Stitched_unmixed-rotated.nd2","Layer 1","dACC_v17_ FISH-IF v2.4.4","532","1810","1839","1598","1625","0","1","0","0","1","1","1625.4186","0","491.83344","0","0","0","0","0","1","1.51902","0","1598.1014","1052.0605","8","8.469688","1","7421.933","876.29346","0","0","0","0","0","102.51086","66.33055","36.1803","27.247618","0.888258"
"D:\HAA\dACC revisions\Run 4\Br2720_dlPFC_20x_img_011-MaxIP-Stitched_unmixed-rotated.nd2","Layer 1","dACC_v17_ FISH-IF v2.4.4","533","1864","1892","1609","1634","0","0","0","0","1","1","2178.1921","0","407.04703","0","0","0","0","0","0","0","0","0","0","0","0","0","0","0","0","0","0","0","0","109.82977","74.38596","35.443806","26.603973","0.817819"
"D:\HAA\dACC revisions\Run 4\Br2720_dlPFC_20x_img_011-MaxIP-Stitched_unmixed-rotated.nd2","Layer 1","dACC_v17_ FISH-IF v2.4.4","534","2116","2143","1610","1635","0","0","0","0","1","1","2702.9905","0","664.5854","3","3.038041","0","2480.652","816.5303","2","1.657113","0","1165.1346","703.1111","0","0","0","0","0","0","0","0","0","0","87.09049","53.62602","33.464478","26.174877","0.863394"
"D:\HAA\dACC revisions\Run 4\Br2720_dlPFC_20x_img_011-MaxIP-Stitched_unmixed-rotated.nd2","Layer 1","dACC_v17_ FISH-IF v2.4.4","535","1944","1978","1613","1643","1","1","0","0","1","1","1441.3877","0","278.44672","0","0","0","0","0","7","12.842626","1","12608.421","981.7634","11","11.737884","2","9510.172","810.2118","0","0","0","0","0","144.99739","94.17926","50.818134","32.61132","0.796161"
"D:\HAA\dACC revisions\Run 4\Br2720_dlPFC_20x_img_011-MaxIP-Stitched_unmixed-rotated.nd2","Layer 1","dACC_v17_ FISH-IF v2.4.4","536","2134","2166","1618","1653","1","1","0","0","1","1","1516.6908","0","408.25253","1","3.084071","0","2948.8325","956.14923","6","5.845926","1","4489.165","767.9134","5","4.695154","1","3449.3728","713.6762","1","0.50634","0","222.83568","440.0909","140.11812","91.14122","48.976894","34.327705","0.770039"
"D:\HAA\dACC revisions\Run 4\Br2720_dlPFC_20x_img_011-MaxIP-Stitched_unmixed-rotated.nd2","Layer 1","dACC_v17_ FISH-IF v2.4.4","537","2089","2112","1621","1642","0","1","0","0","1","1","1665.6285","0","254.39096","0","0","0","0","0","0","0","0","0","0","4","3.958659","1","2811.5225","710.22095","0","0","0","0","0","70.93365","58.044987","12.888657","15.447468","0.8646"
"D:\HAA\dACC revisions\Run 4\Br2720_dlPFC_20x_img_011-MaxIP-Stitched_unmixed-rotated.nd2","Layer 1","dACC_v17_ FISH-IF v2.4.4","538","1961","1982","1658","1677","0","0","0","0","1","1","763.3023","0","135.59091","1","0.966649","0","800.8459","828.4762","0","0","0","0","0","0","0","0","0","0","0","0","0","0","0","58.551327","50.63401","7.917318","12.014698","0.842811"
"D:\HAA\dACC revisions\Run 4\Br2720_dlPFC_20x_img_011-MaxIP-Stitched_unmixed-rotated.nd2","Layer 1","dACC_v17_ FISH-IF v2.4.4","539","1830","1855","1670","1690","0","0","0","0","1","1","1762.4517","0","254.77318","0","0","0","0","0","0","0","0","0","0","0","0","0","0","0","0","0","0","0","0","75.352615","61.083027","14.269585","16.30566","0.766807"
"D:\HAA\dACC revisions\Run 4\Br2720_dlPFC_20x_img_011-MaxIP-Stitched_unmixed-rotated.nd2","Layer 1","dACC_v17_ FISH-IF v2.4.4","540","2024","2053","1674","1705","0","0","0","0","1","1","1471.6768","0","260.72565","0","0","0","0","0","0","0","0","0","0","0","0","0","0","0","0","0","0","0","0","127.91992","86.90637","41.013546","29.607647","0.833053"
"D:\HAA\dACC revisions\Run 4\Br2720_dlPFC_20x_img_011-MaxIP-Stitched_unmixed-rotated.nd2","Layer 1","dACC_v17_ FISH-IF v2.4.4","541","1850","1872","1716","1740","0","0","0","0","1","1","1603.6936","0","239.19862","0","0","0","0","0","0","0","0","0","0","0","0","0","0","0","0","0","0","0","0","74.2939","60.024315","14.269585","16.30566","0.851146"
"D:\HAA\dACC revisions\Run 4\Br2720_dlPFC_20x_img_011-MaxIP-Stitched_unmixed-rotated.nd2","Layer 1","dACC_v17_ FISH-IF v2.4.4","542","1819","1841","1741","1761","0","0","0","0","1","1","1551.2314","0","302.74435","0","0","0","0","0","0","0","0","0","0","2","2.255515","0","1736.7926","770.0204","3","2.48567","0","1265.4359","509.0926","63.06236","53.11968","9.942678","13.087439","0.831303"
"D:\HAA\dACC revisions\Run 4\Br2720_dlPFC_20x_img_011-MaxIP-Stitched_unmixed-rotated.nd2","Layer 1","dACC_v17_ FISH-IF v2.4.4","543","2034","2056","1745","1768","0","0","0","0","1","1","1094.1843","0","201.39209","0","0","0","0","0","0","0","0","0","0","0","0","0","0","0","0","0","0","0","0","75.30658","60.576687","14.729894","16.30566","0.853951"
"D:\HAA\dACC revisions\Run 4\Br2720_dlPFC_20x_img_011-MaxIP-Stitched_unmixed-rotated.nd2","Layer 1","dACC_v17_ FISH-IF v2.4.4","544","1825","1851","1758","1790","0","1","1","0","1","1","1268.9054","0","268.69183","0","0","0","0","0","3","3.222164","0","3078.1335","786.71765","12","11.968039","2","10442.712","856.0868","32","54.408543","4","47116.65","865.9788","114.202705","81.106476","33.09623","27.03307","0.738747"
"D:\HAA\dACC revisions\Run 4\Br2720_dlPFC_20x_img_011-MaxIP-Stitched_unmixed-rotated.nd2","Layer 1","dACC_v17_ FISH-IF v2.4.4","545","1874","1893","1758","1777","0","0","0","0","1","1","687.71655","0","138.13353","0","0","0","0","0","0","0","0","0","0","0","0","0","0","0","0","0","0","0","0","52.383183","46.53726","5.845926","10.083764","0.876743"
"D:\HAA\dACC revisions\Run 4\Br2720_dlPFC_20x_img_011-MaxIP-Stitched_unmixed-rotated.nd2","Layer 1","dACC_v17_ FISH-IF v2.4.4","546","2007","2040","1775","1802","1","1","0","0","1","1","1001.3333","0","333.65994","0","0","0","0","0","6","11.783915","1","11066.247","939.09766","6","6.444328","1","5192.5176","757.08057","0","0","0","0","0","126.63106","88.79364","37.837414","30.46584","0.646979"
"D:\HAA\dACC revisions\Run 4\Br2720_dlPFC_20x_img_011-MaxIP-Stitched_unmixed-rotated.nd2","Layer 1","dACC_v17_ FISH-IF v2.4.4","547","2089","2113","1775","1799","0","0","0","0","1","1","2496.0386","0","376.78934","0","0","0","0","0","0","0","0","0","0","1","0.50634","0","323.04498","638","0","0","0","0","0","82.625496","64.67344","17.952057","18.451143","0.841481"
"D:\HAA\dACC revisions\Run 4\Br2720_dlPFC_20x_img_011-MaxIP-Stitched_unmixed-rotated.nd2","Layer 1","dACC_v17_ FISH-IF v2.4.4","548","1957","1977","1776","1795","0","0","0","0","1","1","373.7143","0","131.39787","0","0","0","0","0","1","1.058711","0","796.6571","752.4783","0","0","0","0","0","0","0","0","0","0","54.224422","47.780094","6.444328","10.298312","0.858261"
"D:\HAA\dACC revisions\Run 4\Br2720_dlPFC_20x_img_011-MaxIP-Stitched_unmixed-rotated.nd2","Layer 1","dACC_v17_ FISH-IF v2.4.4","549","1986","2011","1784","1809","0","0","0","0","1","1","2684.7097","0","464.26236","1","0.736495","0","546.5711","742.125","0","0","0","0","0","0","0","0","0","0","1","0.690464","0","331.51468","480.13333","87.32065","60.530655","26.789993","22.31301","0.901517"
"D:\HAA\dACC revisions\Run 4\Br2720_dlPFC_20x_img_011-MaxIP-Stitched_unmixed-rotated.nd2","Layer 1","dACC_v17_ FISH-IF v2.4.4","550","1916","1941","1799","1824","0","0","0","0","1","1","1426.0468","0","202.6089","3","8.05541","0","8196.081","1017.4628","0","0","0","0","0","1","0.782526","0","549.10284","701.7059","0","0","0","0","0","83.86833","66.14643","17.721903","19.738432","0.786683"
"D:\HAA\dACC revisions\Run 4\Br2720_dlPFC_20x_img_011-MaxIP-Stitched_unmixed-rotated.nd2","Layer 1","dACC_v17_ FISH-IF v2.4.4","551","1996","2021","1800","1824","0","0","0","0","1","1","1889.1163","0","414.83386","0","0","0","0","0","0","0","0","0","0","1","0.552371","0","373.35678","675.9167","1","0.782526","0","362.1252","462.7647","77.424","57.63071","19.793295","20.167528","0.828246"
"D:\HAA\dACC revisions\Run 4\Br2720_dlPFC_20x_img_011-MaxIP-Stitched_unmixed-rotated.nd2","Layer 1","dACC_v17_ FISH-IF v2.4.4","552","1827","1847","1820","1839","0","0","0","0","1","1","663.4436","0","141.00389","0","0","0","0","0","0","0","0","0","0","0","0","0","0","0","0","0","0","0","0","53.395863","47.273754","6.122112","10.298312","0.846282"
"D:\HAA\dACC revisions\Run 4\Br2720_dlPFC_20x_img_011-MaxIP-Stitched_unmixed-rotated.nd2","Layer 1","dACC_v17_ FISH-IF v2.4.4","553","2103","2131","1829","1851","0","1","1","0","1","1","1415.6962","0","249.67883","0","0","0","0","0","0","0","0","0","0","12","14.269585","2","12007.349","841.46454","10","27.710613","2","15522.086","560.1495","90.72694","69.36859","21.358345","20.811172","0.753025"
"D:\HAA\dACC revisions\Run 4\Br2720_dlPFC_20x_img_011-MaxIP-Stitched_unmixed-rotated.nd2","Layer 1","dACC_v17_ FISH-IF v2.4.4","554","1867","1894","1876","1902","0","0","0","1","1","1","2412.5222","0","446.76724","8","17.675873","1","26135.895","1478.6198","0","0","0","0","0","2","1.657113","0","1190.0834","718.1667","0","0","0","0","0","101.63627","74.75421","26.882055","23.600298","0.798064"
"D:\HAA\dACC revisions\Run 4\Br2720_dlPFC_20x_img_011-MaxIP-Stitched_unmixed-rotated.nd2","Layer 1","dACC_v17_ FISH-IF v2.4.4","555","2197","2220","1887","1909","1","0","0","0","1","1","1812.3356","0","274.25366","1","0.782526","0","706.8968","853.1667","4","3.406288","1","2872.2373","779.975","3","3.820566","0","2898.8892","758.75903","0","0","0","0","0","73.74153","59.886223","13.855307","15.876565","0.792831"
"D:\HAA\dACC revisions\Run 4\Br2720_dlPFC_20x_img_011-MaxIP-Stitched_unmixed-rotated.nd2","Layer 1","dACC_v17_ FISH-IF v2.4.4","556","3980","4017","2688","2718","0","0","0","0","1","1","1578.9877","0","372.93243","0","0","0","0","0","0","0","0","0","0","0","0","0","0","0","0","0","0","0","0","139.93399","91.27931","48.65468","35.614998","0.614883"
"D:\HAA\dACC revisions\Run 4\Br2720_dlPFC_20x_img_011-MaxIP-Stitched_unmixed-rotated.nd2","Layer 1","dACC_v17_ FISH-IF v2.4.4","557","3964","3986","2690","2712","0","0","0","0","1","1","2526.6414","0","791.0441","0","0","0","0","0","0","0","0","0","0","0","0","0","0","0","0","0","0","0","0","64.62741","35.489838","29.137571","26.174877","0.694296"
"D:\HAA\dACC revisions\Run 4\Br2720_dlPFC_20x_img_011-MaxIP-Stitched_unmixed-rotated.nd2","Layer 1","dACC_v17_ FISH-IF v2.4.4","558","3875","3895","2698","2718","0","0","0","0","1","1","1250.138","0","182.76364","0","0","0","0","0","0","0","0","0","0","0","0","0","0","0","0","0","0","0","0","58.64339","50.63401","8.009379","11.585601","0.873497"
"D:\HAA\dACC revisions\Run 4\Br2720_dlPFC_20x_img_011-MaxIP-Stitched_unmixed-rotated.nd2","Layer 1","dACC_v17_ FISH-IF v2.4.4","559","3952","3978","2707","2725","0","0","0","0","1","1","2571.77","0","427.47424","0","0","0","0","0","0","0","0","0","0","0","0","0","0","0","1","0.874587","0","388.04065","443.6842","68.58607","47.365814","21.220253","21.669365","0.733098"
"D:\HAA\dACC revisions\Run 4\Br2720_dlPFC_20x_img_011-MaxIP-Stitched_unmixed-rotated.nd2","Layer 1","dACC_v17_ FISH-IF v2.4.4","560","4098","4119","2738","2754","0","0","0","0","1","1","915.5867","0","207.58382","1","1.51902","0","1448.4088","953.51514","0","0","0","0","0","0","0","0","0","0","0","0","0","0","0","54.68473","47.780094","6.904638","11.156505","0.718809"
"D:\HAA\dACC revisions\Run 4\Br2720_dlPFC_20x_img_011-MaxIP-Stitched_unmixed-rotated.nd2","Layer 1","dACC_v17_ FISH-IF v2.4.4","561","4092","4124","2755","2788","0","0","0","0","1","1","2800.6262","0","473.42575","0","0","0","0","0","0","0","0","0","0","1","0.50634","0","332.52734","656.7273","0","0","0","0","0","158.43842","100.43946","57.998955","35.614998","0.82975"
"D:\HAA\dACC revisions\Run 4\Br2720_dlPFC_20x_img_011-MaxIP-Stitched_unmixed-rotated.nd2","Layer 1","dACC_v17_ FISH-IF v2.4.4","562","3891","3927","2757","2784","0","0","0","0","1","1","1455.178","0","366.59845","0","0","0","0","0","0","0","0","0","0","0","0","0","0","0","2","1.288866","0","601.43994","466.64285","137.1261","94.455444","42.670662","32.182224","0.613318"
"D:\HAA\dACC revisions\Run 4\Br2720_dlPFC_20x_img_011-MaxIP-Stitched_unmixed-rotated.nd2","Layer 1","dACC_v17_ FISH-IF v2.4.4","563","3979","4000","2857","2878","0","0","0","0","1","1","1737.5903","0","230.00589","0","0","0","0","0","0","0","0","0","0","0","0","0","0","0","0","0","0","0","0","65.22581","54.77679","10.449018","13.731083","0.845993"
"D:\HAA\dACC revisions\Run 4\Br2720_dlPFC_20x_img_011-MaxIP-Stitched_unmixed-rotated.nd2","Layer 1","dACC_v17_ FISH-IF v2.4.4","564","4110","4142","2881","2910","0","0","0","0","1","1","1876.3685","0","346.52383","1","1.242835","0","1004.02637","807.85187","0","0","0","0","0","0","0","0","0","0","0","0","0","0","0","131.28018","89.80632","41.473858","30.46584","0.762806"
"D:\HAA\dACC revisions\Run 4\Br2720_dlPFC_20x_img_011-MaxIP-Stitched_unmixed-rotated.nd2","Layer 1","dACC_v17_ FISH-IF v2.4.4","565","3989","4009","2897","2916","0","0","0","0","1","1","678.06476","0","138.08043","0","0","0","0","0","0","0","0","0","0","0","0","0","0","0","0","0","0","0","0","53.902203","47.503906","6.398297","10.727408","0.88413"
"D:\HAA\dACC revisions\Run 4\Br2720_dlPFC_20x_img_011-MaxIP-Stitched_unmixed-rotated.nd2","Layer 1","dACC_v17_ FISH-IF v2.4.4","566","4072","4094","2921","2942","0","0","0","0","1","1","739.9585","0","158.01735","0","0","0","0","0","0","0","0","0","0","0","0","0","0","0","0","0","0","0","0","65.68612","55.69741","9.988709","14.589275","0.705545"
"D:\HAA\dACC revisions\Run 4\Br2720_dlPFC_20x_img_011-MaxIP-Stitched_unmixed-rotated.nd2","Layer 1","dACC_v17_ FISH-IF v2.4.4","567","3902","3934","2928","2956","0","0","0","0","1","1","1410.9525","0","312.7349","1","0.552371","0","406.03873","735.0833","0","0","0","0","0","0","0","0","0","0","1","0.644433","0","312.54993","485","125.98662","78.48271","47.503906","31.75313","0.824383"
"D:\HAA\dACC revisions\Run 4\Br2720_dlPFC_20x_img_011-MaxIP-Stitched_unmixed-rotated.nd2","Layer 1","dACC_v17_ FISH-IF v2.4.4","568","4013","4040","2931","2962","0","0","0","0","1","1","1407.9955","0","274.0955","0","0","0","0","0","0","0","0","0","0","0","0","0","0","0","0","0","0","0","0","113.32812","82.90168","30.426437","27.891262","0.633376"
"D:\HAA\dACC revisions\Run 4\Br2720_dlPFC_20x_img_011-MaxIP-Stitched_unmixed-rotated.nd2","Layer 1","dACC_v17_ FISH-IF v2.4.4","569","3898","3930","2953","2978","0","0","0","0","1","1","1695.9346","0","322.43405","0","0","0","0","0","0","0","0","0","0","0","0","0","0","0","1","0.460309","0","211.60413","459.7","118.98992","75.39864","43.591278","29.822195","0.803842"
"D:\HAA\dACC revisions\Run 4\Br2720_dlPFC_20x_img_011-MaxIP-Stitched_unmixed-rotated.nd2","Layer 1","dACC_v17_ FISH-IF v2.4.4","570","3968","3999","2952","2995","0","0","0","1","1","1","1727.3696","0","335.7296","12","35.996178","2","50511.152","1403.2366","0","0","0","0","0","0","0","0","0","0","0","0","0","0","0","188.68073","115.07729","73.60344","41.19325","0.719807"
"D:\HAA\dACC revisions\Run 4\Br2720_dlPFC_20x_img_011-MaxIP-Stitched_unmixed-rotated.nd2","Layer 1","dACC_v17_ FISH-IF v2.4.4","571","4098","4129","2958","2987","1","0","0","0","1","1","1529.9159","0","376.27298","1","0.50634","0","363.96646","718.8182","6","7.410978","1","6502.0054","877.34784","0","0","0","0","0","0","0","0","0","0","131.55637","80.093796","51.462566","31.75313","0.815077"
"D:\HAA\dACC revisions\Run 4\Br2720_dlPFC_20x_img_011-MaxIP-Stitched_unmixed-rotated.nd2","Layer 1","dACC_v17_ FISH-IF v2.4.4","572","4126","4146","2963","2986","0","0","0","0","1","1","1725.072","0","278.36838","0","0","0","0","0","0","0","0","0","0","0","0","0","0","0","0","0","0","0","0","71.670135","51.23241","20.437727","19.738432","0.79979"
"D:\HAA\dACC revisions\Run 4\Br2720_dlPFC_20x_img_011-MaxIP-Stitched_unmixed-rotated.nd2","Layer 1","dACC_v17_ FISH-IF v2.4.4","573","4030","4068","2970","3000","0","0","0","0","1","1","1858.9928","0","351.86688","0","0","0","0","0","0","0","0","0","0","0","0","0","0","0","0","0","0","0","0","145.18152","100.62359","44.55793","36.25864","0.557326"
"D:\HAA\dACC revisions\Run 4\Br2720_dlPFC_20x_img_011-MaxIP-Stitched_unmixed-rotated.nd2","Layer 1","dACC_v17_ FISH-IF v2.4.4","574","3805","3836","2992","3020","1","0","0","0","1","1","1647.6537","0","336.7743","0","0","0","0","0","22","32.543858","3","54333.652","1650.8713","1","0.690464","0","440.00955","637.26666","0","0","0","0","0","127.873886","86.676216","41.19767","29.17855","0.809685"
"D:\HAA\dACC revisions\Run 4\Br2720_dlPFC_20x_img_011-MaxIP-Stitched_unmixed-rotated.nd2","Layer 1","dACC_v17_ FISH-IF v2.4.4","575","3943","3981","2999","3028","1","0","0","0","1","1","985.50757","0","199.93477","1","1.242835","0","1037.0305","834.4074","6","11.277575","1","9940.146","881.40814","0","0","0","0","0","0","0","0","0","0","158.76064","100.89977","57.860863","34.327705","0.77729"
"D:\HAA\dACC revisions\Run 4\Br2720_dlPFC_20x_img_011-MaxIP-Stitched_unmixed-rotated.nd2","Layer 1","dACC_v17_ FISH-IF v2.4.4","576","3810","3839","3035","3062","0","0","0","1","1","1","2013.3666","0","309.90945","11","33.418446","2","54506.27","1631.0234","0","0","0","0","0","0","0","0","0","0","0","0","0","0","0","110.19801","78.80493","31.393085","24.887589","0.798057"
"D:\HAA\dACC revisions\Run 4\Br2720_dlPFC_20x_img_011-MaxIP-Stitched_unmixed-rotated.nd2","Layer 1","dACC_v17_ FISH-IF v2.4.4","577","3891","3926","3050","3078","0","0","0","0","1","1","1562.1882","0","319.14166","0","0","0","0","0","0","0","0","0","0","0","0","0","0","0","0","0","0","0","0","137.26419","93.25864","44.005558","31.75313","0.692009"
"D:\HAA\dACC revisions\Run 4\Br2720_dlPFC_20x_img_011-MaxIP-Stitched_unmixed-rotated.nd2","Layer 1","dACC_v17_ FISH-IF v2.4.4","578","3998","4020","3064","3084","0","0","0","0","1","1","1165.369","0","210.25995","0","0","0","0","0","1","1.288866","0","1009.8723","783.5357","0","0","0","0","0","2","1.150773","0","537.77924","467.32","68.26385","56.66406","11.599792","14.589275","0.811391"
"D:\HAA\dACC revisions\Run 4\Br2720_dlPFC_20x_img_011-MaxIP-Stitched_unmixed-rotated.nd2","Layer 1","dACC_v17_ FISH-IF v2.4.4","579","4074","4099","3069","3091","0","0","0","0","1","1","1739.3334","0","267.61957","0","0","0","0","0","0","0","0","0","0","0","0","0","0","0","0","0","0","0","0","78.71287","62.556015","16.156853","17.59295","0.82843"
"D:\HAA\dACC revisions\Run 4\Br2720_dlPFC_20x_img_011-MaxIP-Stitched_unmixed-rotated.nd2","Layer 1","dACC_v17_ FISH-IF v2.4.4","580","4171","4210","3078","3103","0","0","0","1","1","1","2450.808","0","430.82217","10","28.124891","2","51771.203","1840.7611","0","0","0","0","0","0","0","0","0","0","0","0","0","0","0","145.41167","101.728325","43.683342","35.1859","0.576694"
"D:\HAA\dACC revisions\Run 4\Br2720_dlPFC_20x_img_011-MaxIP-Stitched_unmixed-rotated.nd2","Layer 1","dACC_v17_ FISH-IF v2.4.4","581","4661","4688","2286","2315","0","0","0","0","1","1","2723.7769","0","442.4142","0","0","0","0","0","0","0","0","0","0","0","0","0","0","0","0","0","0","0","0","107.75838","70.01302","37.745354","30.251291","0.655426"
"D:\HAA\dACC revisions\Run 4\Br2720_dlPFC_20x_img_011-MaxIP-Stitched_unmixed-rotated.nd2","Layer 1","dACC_v17_ FISH-IF v2.4.4","582","4777","4807","2310","2335","0","0","0","0","1","1","2048.486","0","420.17404","0","0","0","0","0","0","0","0","0","0","0","0","0","0","0","0","0","0","0","0","108.35678","73.78756","34.569218","26.603973","0.790559"
"D:\HAA\dACC revisions\Run 4\Br2720_dlPFC_20x_img_011-MaxIP-Stitched_unmixed-rotated.nd2","Layer 1","dACC_v17_ FISH-IF v2.4.4","583","4981","5012","2320","2347","0","0","0","0","1","1","2165.9304","0","353.09015","0","0","0","0","0","0","0","0","0","0","0","0","0","0","0","0","0","0","0","0","128.97864","87.32065","41.65798","28.320358","0.82549"
"D:\HAA\dACC revisions\Run 4\Br2720_dlPFC_20x_img_011-MaxIP-Stitched_unmixed-rotated.nd2","Layer 1","dACC_v17_ FISH-IF v2.4.4","584","4770","4798","2333","2359","0","0","0","0","1","1","2409.8145","0","517.97943","0","0","0","0","0","0","0","0","0","0","0","0","0","0","0","0","0","0","0","0","102.050545","71.53204","30.518497","26.174877","0.748887"
"D:\HAA\dACC revisions\Run 4\Br2720_dlPFC_20x_img_011-MaxIP-Stitched_unmixed-rotated.nd2","Layer 1","dACC_v17_ FISH-IF v2.4.4","585","4831","4855","2382","2403","0","0","0","0","1","1","1408.1531","0","267.79285","1","5.431648","0","6957.205","1280.8644","0","0","0","0","0","0","0","0","0","0","0","0","0","0","0","72.03838","59.1037","12.934688","16.30566","0.734586"
"D:\HAA\dACC revisions\Run 4\Br2720_dlPFC_20x_img_011-MaxIP-Stitched_unmixed-rotated.nd2","Layer 1","dACC_v17_ FISH-IF v2.4.4","586","4927","4948","2401","2421","0","0","0","0","1","1","1298.672","0","170.85268","0","0","0","0","0","0","0","0","0","0","0","0","0","0","0","0","0","0","0","0","60.11638","51.554626","8.56175","12.443794","0.84998"
"D:\HAA\dACC revisions\Run 4\Br2720_dlPFC_20x_img_011-MaxIP-Stitched_unmixed-rotated.nd2","Layer 1","dACC_v17_ FISH-IF v2.4.4","587","4690","4717","2439","2471","0","0","0","0","1","1","1910.4857","0","440.12463","0","0","0","0","0","0","0","0","0","0","1","1.334897","0","1033.6703","774.34485","0","0","0","0","0","127.045334","77.19385","49.851482","33.040417","0.895395"
"D:\HAA\dACC revisions\Run 4\Br2720_dlPFC_20x_img_011-MaxIP-Stitched_unmixed-rotated.nd2","Layer 1","dACC_v17_ FISH-IF v2.4.4","588","4669","4690","2443","2469","0","0","0","0","1","1","2681.3596","0","524.29364","0","0","0","0","0","0","0","0","0","0","0","0","0","0","0","0","0","0","0","0","89.20792","52.981586","36.226334","28.749454","0.693748"
"D:\HAA\dACC revisions\Run 4\Br2720_dlPFC_20x_img_011-MaxIP-Stitched_unmixed-rotated.nd2","Layer 1","dACC_v17_ FISH-IF v2.4.4","589","4651","4669","2446","2468","0","0","0","0","1","1","1916.8678","0","393.8817","0","0","0","0","0","0","0","0","0","0","0","0","0","0","0","0","0","0","0","0","62.325863","46.307102","16.018759","17.163853","0.802927"
"D:\HAA\dACC revisions\Run 4\Br2720_dlPFC_20x_img_011-MaxIP-Stitched_unmixed-rotated.nd2","Layer 1","dACC_v17_ FISH-IF v2.4.4","590","4809","4836","2457","2484","0","0","0","0","1","1","3214.7783","0","413.483","0","0","0","0","0","0","0","0","0","0","0","0","0","0","0","0","0","0","0","0","108.126625","77.19385","30.932777","24.029396","0.900286"
"D:\HAA\dACC revisions\Run 4\Br2720_dlPFC_20x_img_011-MaxIP-Stitched_unmixed-rotated.nd2","Layer 1","dACC_v17_ FISH-IF v2.4.4","591","4778","4805","2467","2493","0","0","0","0","1","1","3145.7585","0","420.0663","0","0","0","0","0","0","0","0","0","0","0","0","0","0","0","0","0","0","0","0","105.917145","76.365295","29.55185","23.600298","0.887826"
"D:\HAA\dACC revisions\Run 4\Br2720_dlPFC_20x_img_011-MaxIP-Stitched_unmixed-rotated.nd2","Layer 1","dACC_v17_ FISH-IF v2.4.4","592","4966","4998","2503","2528","0","0","0","0","1","1","2352.3293","0","473.18985","0","0","0","0","0","0","0","0","0","0","0","0","0","0","0","0","0","0","0","0","118.34549","83.40802","34.937466","26.603973","0.761097"
"D:\HAA\dACC revisions\Run 4\Br2720_dlPFC_20x_img_011-MaxIP-Stitched_unmixed-rotated.nd2","Layer 1","dACC_v17_ FISH-IF v2.4.4","593","4895","4914","2505","2524","0","0","0","0","1","1","554.1161","0","116.84065","1","3.130102","0","3335.3542","1065.5735","0","0","0","0","0","0","0","0","0","0","0","0","0","0","0","50.21973","45.06427","5.155463","9.225572","0.866305"
"D:\HAA\dACC revisions\Run 4\Br2720_dlPFC_20x_img_011-MaxIP-Stitched_unmixed-rotated.nd2","Layer 1","dACC_v17_ FISH-IF v2.4.4","594","4683","4706","2506","2530","0","0","0","0","1","1","1843.6428","0","306.5092","0","0","0","0","0","0","0","0","0","0","0","0","0","0","0","1","1.196804","0","541.0014","452.03845","80.04777","62.64808","17.399687","18.022047","0.840339"
"D:\HAA\dACC revisions\Run 4\Br2720_dlPFC_20x_img_011-MaxIP-Stitched_unmixed-rotated.nd2","Layer 1","dACC_v17_ FISH-IF v2.4.4","595","4657","4686","2512","2541","0","0","0","0","1","1","2452.9863","0","391.02634","0","0","0","0","0","0","0","0","0","0","0","0","0","0","0","0","0","0","0","0","124.09935","83.91436","40.18499","27.462166","0.893485"
"D:\HAA\dACC revisions\Run 4\Br2720_dlPFC_20x_img_011-MaxIP-Stitched_unmixed-rotated.nd2","Layer 1","dACC_v17_ FISH-IF v2.4.4","596","4716","4739","2533","2555","0","0","0","0","1","1","1694.4902","0","247.67126","2","4.234844","0","3686.6162","870.54346","0","0","0","0","0","1","0.920618","0","729.45197","792.35","0","0","0","0","0","74.15581","60.070347","14.085461","16.734756","0.836648"
"D:\HAA\dACC revisions\Run 4\Br2720_dlPFC_20x_img_011-MaxIP-Stitched_unmixed-rotated.nd2","Layer 1","dACC_v17_ FISH-IF v2.4.4","597","4671","4694","2543","2564","0","0","0","0","1","1","2042.8339","0","262.98035","0","0","0","0","0","0","0","0","0","0","0","0","0","0","0","1","0.644433","0","299.6613","465","71.62411","58.59736","13.02675","15.876565","0.815975"
"D:\HAA\dACC revisions\Run 4\Br2720_dlPFC_20x_img_011-MaxIP-Stitched_unmixed-rotated.nd2","Layer 1","dACC_v17_ FISH-IF v2.4.4","598","4803","4828","2551","2574","0","0","0","0","1","1","2426.4475","0","317.5765","0","0","0","0","0","0","0","0","0","0","0","0","0","0","0","0","0","0","0","0","85.525444","66.19246","19.332985","19.309336","0.868384"
"D:\HAA\dACC revisions\Run 4\Br2720_dlPFC_20x_img_011-MaxIP-Stitched_unmixed-rotated.nd2","Layer 1","dACC_v17_ FISH-IF v2.4.4","599","4735","4757","2568","2590","0","0","0","0","1","1","2136.3425","0","276.315","3","13.763245","0","19208.242","1395.6188","0","0","0","0","0","0","0","0","0","0","0","0","0","0","0","67.80354","56.111687","11.691853","14.589275","0.892994"
"D:\HAA\dACC revisions\Run 4\Br2720_dlPFC_20x_img_011-MaxIP-Stitched_unmixed-rotated.nd2","Layer 1","dACC_v17_ FISH-IF v2.4.4","600","4844","4865","2577","2599","0","0","0","1","1","1","1145.2324","0","178.7632","6","15.144172","1","26030.162","1718.8237","0","0","0","0","0","0","0","0","0","0","0","0","0","0","0","66.88292","55.78947","11.093451","14.589275","0.823975"
"D:\HAA\dACC revisions\Run 4\Br2720_dlPFC_20x_img_011-MaxIP-Stitched_unmixed-rotated.nd2","Layer 1","dACC_v17_ FISH-IF v2.4.4","601","4757","4787","2650","2678","0","0","0","0","1","1","2432.1616","0","382.3553","0","0","0","0","0","0","0","0","0","0","0","0","0","0","0","1","0.322216","0","132.24683","410.42856","123.316826","84.60483","38.712","27.891262","0.841453"
"D:\HAA\dACC revisions\Run 4\Br2720_dlPFC_20x_img_011-MaxIP-Stitched_unmixed-rotated.nd2","Layer 1","dACC_v17_ FISH-IF v2.4.4","602","4892","4913","2657","2676","0","0","0","0","1","1","908.23254","0","157.22636","0","0","0","0","0","0","0","0","0","0","0","0","0","0","0","0","0","0","0","0","58.551327","50.63401","7.917318","12.014698","0.836438"
"D:\HAA\dACC revisions\Run 4\Br2720_dlPFC_20x_img_011-MaxIP-Stitched_unmixed-rotated.nd2","Layer 1","dACC_v17_ FISH-IF v2.4.4","603","4407","4427","3102","3122","0","0","0","0","1","1","1511.7341","0","175.91675","0","0","0","0","0","0","0","0","0","0","0","0","0","0","0","0","0","0","0","0","56.479935","49.20705","7.272885","11.156505","0.888453"
"D:\HAA\dACC revisions\Run 4\Br2720_dlPFC_20x_img_011-MaxIP-Stitched_unmixed-rotated.nd2","Layer 1","dACC_v17_ FISH-IF v2.4.4","604","4304","4334","3103","3134","0","0","0","0","1","1","2107.406","0","371.6719","0","0","0","0","0","0","0","0","0","0","0","0","0","0","0","0","0","0","0","0","129.30084","87.688896","41.61195","29.607647","0.775427"
"D:\HAA\dACC revisions\Run 4\Br2720_dlPFC_20x_img_011-MaxIP-Stitched_unmixed-rotated.nd2","Layer 1","dACC_v17_ FISH-IF v2.4.4","605","4605","4620","3105","3123","0","0","0","0","1","1","1849.7533","0","357.31308","0","0","0","0","0","0","0","0","0","0","0","0","0","0","0","0","0","0","0","0","41.19767","34.10891","7.088761","11.156505","0.75413"
"D:\HAA\dACC revisions\Run 4\Br2720_dlPFC_20x_img_011-MaxIP-Stitched_unmixed-rotated.nd2","Layer 1","dACC_v17_ FISH-IF v2.4.4","606","4481","4513","3110","3138","0","0","0","1","1","1","2047.3522","0","370.85843","10","24.488447","2","39123.332","1597.624","0","0","0","0","0","0","0","0","0","0","0","0","0","0","0","129.48497","87.13653","42.348446","29.17855","0.84618"
"D:\HAA\dACC revisions\Run 4\Br2720_dlPFC_20x_img_011-MaxIP-Stitched_unmixed-rotated.nd2","Layer 1","dACC_v17_ FISH-IF v2.4.4","607","4291","4313","3144","3169","0","0","0","0","1","1","1236.4521","0","207.25313","0","0","0","0","0","0","0","0","0","0","0","0","0","0","0","0","0","0","0","0","77.93034","62.556015","15.374327","18.022047","0.776043"
"D:\HAA\dACC revisions\Run 4\Br2720_dlPFC_20x_img_011-MaxIP-Stitched_unmixed-rotated.nd2","Layer 1","dACC_v17_ FISH-IF v2.4.4","608","4499","4524","3158","3183","0","0","0","1","1","1","1924.6335","0","448.8376","6","13.809276","1","17521.576","1268.8267","0","0","0","0","0","0","0","0","0","0","0","0","0","0","0","89.43807","68.58607","20.852005","20.167528","0.770152"
"D:\HAA\dACC revisions\Run 4\Br2720_dlPFC_20x_img_011-MaxIP-Stitched_unmixed-rotated.nd2","Layer 1","dACC_v17_ FISH-IF v2.4.4","609","4574","4600","3183","3214","1","0","1","0","1","1","2523.7297","0","397.60706","0","0","0","0","0","8","11.093451","1","10089.24","909.4772","0","0","0","0","0","6","13.02675","1","6877.065","527.9187","118.71374","83.638176","35.075558","27.03307","0.749922"
"D:\HAA\dACC revisions\Run 4\Br2720_dlPFC_20x_img_011-MaxIP-Stitched_unmixed-rotated.nd2","Layer 1","dACC_v17_ FISH-IF v2.4.4","610","4536","4562","3207","3228","0","0","0","0","1","1","1358.8656","0","225.267","0","0","0","0","0","0","0","0","0","0","0","0","0","0","0","0","0","0","0","0","78.34462","63.614727","14.729894","18.451143","0.683131"
"D:\HAA\dACC revisions\Run 4\Br2720_dlPFC_20x_img_011-MaxIP-Stitched_unmixed-rotated.nd2","Layer 1","dACC_v17_ FISH-IF v2.4.4","611","4472","4502","3213","3238","0","0","0","0","1","1","2348.6472","0","384.68433","0","0","0","0","0","0","0","0","0","0","0","0","0","0","0","0","0","0","0","0","108.40281","79.03509","29.367725","25.316685","0.703484"
"D:\HAA\dACC revisions\Run 4\Br2720_dlPFC_20x_img_011-MaxIP-Stitched_unmixed-rotated.nd2","Layer 1","dACC_v17_ FISH-IF v2.4.4","612","4266","4296","3223","3248","0","0","0","0","1","1","2896.693","0","451.60117","0","0","0","0","0","0","0","0","0","0","0","0","0","0","0","0","0","0","0","0","107.804405","78.25256","29.55185","24.887589","0.750983"
"D:\HAA\dACC revisions\Run 4\Br2720_dlPFC_20x_img_011-MaxIP-Stitched_unmixed-rotated.nd2","Layer 1","dACC_v17_ FISH-IF v2.4.4","613","4478","4508","3287","3317","1","0","0","0","1","1","1939.1578","0","474.6001","1","0.644433","0","462.38055","717.5","5","2.99201","1","2132.5664","712.75385","0","0","0","0","0","0","0","0","0","0","126.03265","83.454056","42.578598","31.324034","0.780857"
"D:\HAA\dACC revisions\Run 4\Br2720_dlPFC_20x_img_011-MaxIP-Stitched_unmixed-rotated.nd2","Layer 1","dACC_v17_ FISH-IF v2.4.4","614","4505","4527","3295","3314","0","0","0","0","1","1","1571.2943","0","256.02258","0","0","0","0","0","0","0","0","0","0","0","0","0","0","0","0","0","0","0","0","61.589367","50.956226","10.633142","14.160179","0.735186"
"D:\HAA\dACC revisions\Run 4\Br2720_dlPFC_20x_img_011-MaxIP-Stitched_unmixed-rotated.nd2","Layer 1","dACC_v17_ FISH-IF v2.4.4","615","4350","4377","3299","3320","0","0","0","0","1","1","2444.157","0","431.89853","0","0","0","0","0","0","0","0","0","0","0","0","0","0","0","0","0","0","0","0","84.4207","66.23849","18.182213","19.094788","0.731823"
"D:\HAA\dACC revisions\Run 4\Br2720_dlPFC_20x_img_011-MaxIP-Stitched_unmixed-rotated.nd2","Layer 1","dACC_v17_ FISH-IF v2.4.4","616","4575","4600","3319","3341","0","0","0","1","1","1","3052.124","0","550.3377","7","24.02814","1","45001.85","1872.8812","0","0","0","0","0","0","0","0","0","0","0","0","0","0","0","83.31596","59.564007","23.751953","21.883913","0.826087"
"D:\HAA\dACC revisions\Run 4\Br2720_dlPFC_20x_img_011-MaxIP-Stitched_unmixed-rotated.nd2","Layer 1","dACC_v17_ FISH-IF v2.4.4","617","4464","4496","3337","3365","0","0","0","1","1","1","1931.9736","0","362.6898","13","28.5852","2","38462.1","1345.5249","0","0","0","0","0","0","0","0","0","0","0","0","0","0","0","134.91663","89.6222","45.294422","29.17855","0.880453"
"D:\HAA\dACC revisions\Run 4\Br2720_dlPFC_20x_img_011-MaxIP-Stitched_unmixed-rotated.nd2","Layer 1","dACC_v17_ FISH-IF v2.4.4","618","4575","4606","3339","3365","0","0","0","0","1","1","1850.3157","0","474.0556","2","4.188814","0","3801.2793","907.4835","0","0","0","0","0","0","0","0","0","0","0","0","0","0","0","113.55827","75.352615","38.20566","27.891262","0.789063"
"D:\HAA\dACC revisions\Run 4\Br2720_dlPFC_20x_img_011-MaxIP-Stitched_unmixed-rotated.nd2","Layer 1","dACC_v17_ FISH-IF v2.4.4","619","4549","4581","3364","3390","1","0","1","0","1","1","2556.7756","0","376.22266","0","0","0","0","0","5","8.837936","1","9120.105","1031.9271","0","0","0","0","0","5","4.326906","1","2076.7769","479.96808","116.96456","82.487404","34.477158","27.03307","0.745418"
"D:\HAA\dACC revisions\Run 4\Br2720_dlPFC_20x_img_011-MaxIP-Stitched_unmixed-rotated.nd2","Layer 1","dACC_v17_ FISH-IF v2.4.4","620","4450","4474","3376","3393","0","0","0","0","1","1","1974.2478","0","595.5596","0","0","0","0","0","0","0","0","0","0","0","0","0","0","0","1","0.322216","0","136.25151","422.85715","55.55932","39.402466","16.156853","17.378403","0.797754"
"D:\HAA\dACC revisions\Run 4\Br2720_dlPFC_20x_img_011-MaxIP-Stitched_unmixed-rotated.nd2","Layer 1","dACC_v17_ FISH-IF v2.4.4","621","4442","4474","3388","3412","0","0","0","0","1","1","2418.013","0","478.9289","0","0","0","0","0","2","4.741185","0","4152.679","875.8738","0","0","0","0","0","1","0.414278","0","173.81274","419.55554","103.52354","64.075035","39.448498","28.10581","0.793015"
"D:\HAA\dACC revisions\Run 4\Br2720_dlPFC_20x_img_011-MaxIP-Stitched_unmixed-rotated.nd2","Layer 1","dACC_v17_ FISH-IF v2.4.4","622","4277","4306","3401","3430","1","0","1","0","1","1","2277.4373","0","328.68668","0","0","0","0","0","13","23.107521","2","30363.19","1313.996","0","0","0","0","0","8","12.750565","1","6252.4717","490.36823","123.59301","84.32864","39.264374","27.462166","0.905865"
"D:\HAA\dACC revisions\Run 4\Br2720_dlPFC_20x_img_011-MaxIP-Stitched_unmixed-rotated.nd2","Layer 1","dACC_v17_ FISH-IF v2.4.4","623","4338","4362","3422","3441","0","0","0","0","1","1","983.71985","0","173.83095","0","0","0","0","0","1","0.644433","0","420.99878","653.2857","0","0","0","0","0","0","0","0","0","0","69.8289","57.998955","11.829946","15.018372","0.76064"
"D:\HAA\dACC revisions\Run 4\Br2720_dlPFC_20x_img_011-MaxIP-Stitched_unmixed-rotated.nd2","Layer 1","dACC_v17_ FISH-IF v2.4.4","624","4433","4461","3430","3457","0","0","0","0","1","1","1630.9908","0","331.40607","0","0","0","0","0","2","1.749175","0","1220.3257","697.6579","0","0","0","0","0","0","0","0","0","0","100.89977","75.720856","25.178911","24.458492","0.675388"
"D:\HAA\dACC revisions\Run 4\Br2720_dlPFC_20x_img_011-MaxIP-Stitched_unmixed-rotated.nd2","Layer 1","dACC_v17_ FISH-IF v2.4.4","625","4456","4487","3470","3496","0","0","0","0","1","1","2660.1643","0","372.27518","0","0","0","0","0","0","0","0","0","0","0","0","0","0","0","3","5.569741","0","3034.8184","544.87604","115.6757","81.79694","33.878754","26.174877","0.74839"
"D:\HAA\dACC revisions\Run 4\Br2720_dlPFC_20x_img_011-MaxIP-Stitched_unmixed-rotated.nd2","Layer 1","dACC_v17_ FISH-IF v2.4.4","626","5511","5532","2024","2045","0","0","0","0","1","1","1247.6165","0","256.8159","0","0","0","0","0","0","0","0","0","0","0","0","0","0","0","0","0","0","0","0","54.592667","41.750042","12.842626","16.520208","0.800999"
"D:\HAA\dACC revisions\Run 4\Br2720_dlPFC_20x_img_011-MaxIP-Stitched_unmixed-rotated.nd2","Layer 1","dACC_v17_ FISH-IF v2.4.4","627","5497","5524","2033","2060","0","0","0","0","1","1","1425.8926","0","292.90643","0","0","0","0","0","0","0","0","0","0","0","0","0","0","0","0","0","0","0","0","97.86173","64.44328","33.418446","25.531233","0.819721"
"D:\HAA\dACC revisions\Run 4\Br2720_dlPFC_20x_img_011-MaxIP-Stitched_unmixed-rotated.nd2","Layer 1","dACC_v17_ FISH-IF v2.4.4","628","5555","5578","2109","2136","0","0","0","0","1","1","1418.3984","0","259.7937","3","5.891957","0","6127.6816","1040.0078","0","0","0","0","0","0","0","0","0","0","0","0","0","0","0","89.392044","65.82421","23.56783","21.454817","0.794406"
"D:\HAA\dACC revisions\Run 4\Br2720_dlPFC_20x_img_011-MaxIP-Stitched_unmixed-rotated.nd2","Layer 1","dACC_v17_ FISH-IF v2.4.4","629","5421","5446","2124","2158","0","0","0","0","1","1","1758.67","0","274.337","0","0","0","0","0","0","0","0","0","0","0","0","0","0","0","0","0","0","0","0","124.37554","87.688896","36.68664","28.749454","0.675123"
"D:\HAA\dACC revisions\Run 4\Br2720_dlPFC_20x_img_011-MaxIP-Stitched_unmixed-rotated.nd2","Layer 1","dACC_v17_ FISH-IF v2.4.4","630","5519","5548","2161","2190","0","0","0","0","1","1","1849.4387","0","294.74243","0","0","0","0","0","0","0","0","0","0","0","0","0","0","0","0","0","0","0","0","122.35018","83.638176","38.712","27.03307","0.917485"
"D:\HAA\dACC revisions\Run 4\Br2720_dlPFC_20x_img_011-MaxIP-Stitched_unmixed-rotated.nd2","Layer 1","dACC_v17_ FISH-IF v2.4.4","631","5541","5569","2194","2229","0","0","0","0","1","1","1043.9199","0","246.16747","0","0","0","0","0","0","0","0","0","0","0","0","0","0","0","0","0","0","0","0","121.797806","76.96369","44.834114","34.97135","0.629007"
"D:\HAA\dACC revisions\Run 4\Br2720_dlPFC_20x_img_011-MaxIP-Stitched_unmixed-rotated.nd2","Layer 1","dACC_v17_ FISH-IF v2.4.4","632","5497","5525","2207","2235","0","0","0","1","1","1","1729.8279","0","310.22418","15","36.04221","3","85122.625","2361.7483","0","0","0","0","0","0","0","0","0","0","0","0","0","0","0","110.79642","78.43668","32.359734","25.316685","0.918814"
"D:\HAA\dACC revisions\Run 4\Br2720_dlPFC_20x_img_011-MaxIP-Stitched_unmixed-rotated.nd2","Layer 1","dACC_v17_ FISH-IF v2.4.4","633","5538","5561","2222","2245","0","0","0","0","1","1","1158.5636","0","245.1875","0","0","0","0","0","0","0","0","0","0","0","0","0","0","0","0","0","0","0","0","72.86694","50.08164","22.785305","21.240269","0.753874"
"D:\HAA\dACC revisions\Run 4\Br2720_dlPFC_20x_img_011-MaxIP-Stitched_unmixed-rotated.nd2","Layer 1","dACC_v17_ FISH-IF v2.4.4","634","5505","5532","2237","2265","0","0","0","0","1","1","1786.391","0","303.3064","0","0","0","0","0","0","0","0","0","0","0","0","0","0","0","0","0","0","0","0","106.0092","66.100395","39.908806","28.320358","0.770953"
"D:\HAA\dACC revisions\Run 4\Br2720_dlPFC_20x_img_011-MaxIP-Stitched_unmixed-rotated.nd2","Layer 1","dACC_v17_ FISH-IF v2.4.4","635","5521","5546","2246","2277","0","0","0","0","1","1","1475.0975","0","430.5448","0","0","0","0","0","0","0","0","0","0","0","0","0","0","0","0","0","0","0","0","91.5555","63.70679","27.848705","25.102137","0.642072"
"D:\HAA\dACC revisions\Run 4\Br2720_dlPFC_20x_img_011-MaxIP-Stitched_unmixed-rotated.nd2","Layer 1","dACC_v17_ FISH-IF v2.4.4","636","4420","4456","3492","3521","0","0","0","0","1","1","1755.0236","0","338.69098","0","0","0","0","0","3","3.268195","0","2600.8389","795.8028","0","0","0","0","0","2","3.268195","0","1727.4022","528.5493","148.81796","95.92843","52.889523","33.469513","0.787914"
"D:\HAA\dACC revisions\Run 4\Br2720_dlPFC_20x_img_011-MaxIP-Stitched_unmixed-rotated.nd2","Layer 1","dACC_v17_ FISH-IF v2.4.4","637","4225","4251","3498","3521","0","0","0","0","1","1","3503.5398","0","417.0278","0","0","0","0","0","0","0","0","0","0","0","0","0","0","0","0","0","0","0","0","91.50946","69.50668","22.002779","20.167528","0.828819"
"D:\HAA\dACC revisions\Run 4\Br2720_dlPFC_20x_img_011-MaxIP-Stitched_unmixed-rotated.nd2","Layer 1","dACC_v17_ FISH-IF v2.4.4","638","4488","4520","3501","3526","1","0","0","0","1","1","2041.0461","0","343.89752","0","0","0","0","0","7","13.072781","1","11386.99","871.0458","0","0","0","0","0","3","1.380928","0","592.6941","429.2","116.96456","83.08581","33.878754","26.603973","0.710254"
"D:\HAA\dACC revisions\Run 4\Br2720_dlPFC_20x_img_011-MaxIP-Stitched_unmixed-rotated.nd2","Layer 1","dACC_v17_ FISH-IF v2.4.4","639","4333","4365","3510","3543","1","0","0","0","1","1","1646.658","0","310.52295","0","0","0","0","0","9","16.202883","1","17672.098","1090.6761","0","0","0","0","0","0","0","0","0","0","150.79729","96.29668","54.500607","33.469513","0.843721"
"D:\HAA\dACC revisions\Run 4\Br2720_dlPFC_20x_img_011-MaxIP-Stitched_unmixed-rotated.nd2","Layer 1","dACC_v17_ FISH-IF v2.4.4","640","4556","4575","3523","3542","0","0","0","0","1","1","385.21805","0","126.52238","0","0","0","0","0","0","0","0","0","0","0","0","0","0","0","0","0","0","0","0","53.441895","47.319782","6.122112","10.298312","0.809749"
"D:\HAA\dACC revisions\Run 4\Br2720_dlPFC_20x_img_011-MaxIP-Stitched_unmixed-rotated.nd2","Layer 1","dACC_v17_ FISH-IF v2.4.4","641","4399","4432","3530","3558","0","0","0","0","1","1","2085.1377","0","313.67874","0","0","0","0","0","0","0","0","0","0","0","0","0","0","0","2","1.565051","0","750.90234","479.79413","135.60709","90.12854","45.478546","30.46584","0.833013"
"D:\HAA\dACC revisions\Run 4\Br2720_dlPFC_20x_img_011-MaxIP-Stitched_unmixed-rotated.nd2","Layer 1","dACC_v17_ FISH-IF v2.4.4","642","4256","4278","3536","3550","1","0","0","0","1","1","2083.5642","0","819.0915","0","0","0","0","0","4","5.845926","1","5633.632","963.68506","0","0","0","0","0","1","0.828557","0","379.15668","457.6111","42.11829","36.732674","5.385617","11.585601","0.528282"
"D:\HAA\dACC revisions\Run 4\Br2720_dlPFC_20x_img_011-MaxIP-Stitched_unmixed-rotated.nd2","Layer 1","dACC_v17_ FISH-IF v2.4.4","643","4245","4266","3542","3571","1","0","0","1","1","1","2789.452","0","652.7524","9","26.375715","1","49551.5","1878.6788","5","7.272885","1","8743.619","1202.2216","0","0","0","0","0","0","0","0","0","0","83.2239","57.446587","25.777313","24.029396","0.699403"
"D:\HAA\dACC revisions\Run 4\Br2720_dlPFC_20x_img_011-MaxIP-Stitched_unmixed-rotated.nd2","Layer 1","dACC_v17_ FISH-IF v2.4.4","644","4265","4285","3549","3571","1","0","0","0","1","1","1637.0824","0","556.22955","1","0.920618","0","747.7262","812.2","6","6.996699","1","7104.918","1015.4671","0","0","0","0","0","0","0","0","0","0","66.37658","50.72607","15.650512","18.022047","0.784819"
"D:\HAA\dACC revisions\Run 4\Br2720_dlPFC_20x_img_011-MaxIP-Stitched_unmixed-rotated.nd2","Layer 1","dACC_v17_ FISH-IF v2.4.4","645","4446","4474","3555","3578","1","0","0","0","1","1","1748.769","0","263.9894","0","0","0","0","0","6","9.114121","1","9446.787","1036.5","0","0","0","0","0","0","0","0","0","0","99.24266","73.92565","25.317005","21.454817","0.792616"
"D:\HAA\dACC revisions\Run 4\Br2720_dlPFC_20x_img_011-MaxIP-Stitched_unmixed-rotated.nd2","Layer 1","dACC_v17_ FISH-IF v2.4.4","646","4274","4303","3584","3609","0","0","0","0","1","1","2146.85","0","350.72333","0","0","0","0","0","0","0","0","0","0","0","0","0","0","0","0","0","0","0","0","103.4775","75.536736","27.940767","23.600298","0.833498"
"D:\HAA\dACC revisions\Run 4\Br2720_dlPFC_20x_img_011-MaxIP-Stitched_unmixed-rotated.nd2","Layer 1","dACC_v17_ FISH-IF v2.4.4","647","4448","4474","3587","3620","0","0","0","0","1","1","2287.6182","0","440.74597","0","0","0","0","0","0","0","0","0","0","0","0","0","0","0","0","0","0","0","0","122.76446","85.525444","37.239014","27.891262","0.720823"
"D:\HAA\dACC revisions\Run 4\Br2720_dlPFC_20x_img_011-MaxIP-Stitched_unmixed-rotated.nd2","Layer 1","dACC_v17_ FISH-IF v2.4.4","648","4347","4373","3589","3617","0","0","0","0","1","1","2750.8525","0","432.74332","0","0","0","0","0","0","0","0","0","0","0","0","0","0","0","0","0","0","0","0","106.69967","77.65416","29.04551","24.458492","0.738901"
"D:\HAA\dACC revisions\Run 4\Br2720_dlPFC_20x_img_011-MaxIP-Stitched_unmixed-rotated.nd2","Layer 1","dACC_v17_ FISH-IF v2.4.4","649","4248","4279","3608","3631","0","0","0","0","1","1","2238.8577","0","335.04846","0","0","0","0","0","0","0","0","0","0","0","0","0","0","0","0","0","0","0","0","106.65363","78.85096","27.802673","24.029396","0.706033"
"D:\HAA\dACC revisions\Run 4\Br2720_dlPFC_20x_img_011-MaxIP-Stitched_unmixed-rotated.nd2","Layer 1","dACC_v17_ FISH-IF v2.4.4","650","4401","4429","3620","3643","0","0","0","0","1","1","2482.7158","0","404.51157","0","0","0","0","0","0","0","0","0","0","0","0","0","0","0","0","0","0","0","0","90.2206","69.644775","20.57582","20.811172","0.721172"
"D:\HAA\dACC revisions\Run 4\Br2720_dlPFC_20x_img_011-MaxIP-Stitched_unmixed-rotated.nd2","Layer 1","dACC_v17_ FISH-IF v2.4.4","651","4374","4400","3631","3656","0","0","0","0","1","1","764.148","0","160.53471","0","0","0","0","0","0","0","0","0","0","0","0","0","0","0","0","0","0","0","0","82.947716","68.954315","13.993399","21.454817","0.528214"
"D:\HAA\dACC revisions\Run 4\Br2720_dlPFC_20x_img_011-MaxIP-Stitched_unmixed-rotated.nd2","Layer 1","dACC_v17_ FISH-IF v2.4.4","652","4404","4430","3694","3723","0","0","0","0","1","1","1743.553","0","542.41644","0","0","0","0","0","2","1.565051","0","1213.421","775.32355","0","0","0","0","0","0","0","0","0","0","101.82039","77.93034","23.890047","25.316685","0.600877"
"D:\HAA\dACC revisions\Run 4\Br2720_dlPFC_20x_img_011-MaxIP-Stitched_unmixed-rotated.nd2","Layer 1","dACC_v17_ FISH-IF v2.4.4","653","4224","4257","3712","3742","0","0","0","0","1","1","1631.7598","0","333.858","0","0","0","0","0","3","1.472989","0","926.096","628.71875","0","0","0","0","0","0","0","0","0","0","139.70384","91.417404","48.286434","31.75313","0.854208"
"D:\HAA\dACC revisions\Run 4\Br2720_dlPFC_20x_img_011-MaxIP-Stitched_unmixed-rotated.nd2","Layer 1","dACC_v17_ FISH-IF v2.4.4","654","4346","4375","3716","3745","0","0","0","0","1","1","1851.4368","0","349.80045","0","0","0","0","0","0","0","0","0","0","0","0","0","0","0","0","0","0","0","0","118.89786","82.119156","36.7787","26.603973","0.924555"
"D:\HAA\dACC revisions\Run 4\Br2720_dlPFC_20x_img_011-MaxIP-Stitched_unmixed-rotated.nd2","Layer 1","dACC_v17_ FISH-IF v2.4.4","655","4443","4461","3720","3739","0","0","0","0","1","1","908.1729","0","170.49464","0","0","0","0","0","0","0","0","0","0","0","0","0","0","0","0","0","0","0","0","53.395863","47.273754","6.122112","10.298312","0.811547"
"D:\HAA\dACC revisions\Run 4\Br2720_dlPFC_20x_img_011-MaxIP-Stitched_unmixed-rotated.nd2","Layer 1","dACC_v17_ FISH-IF v2.4.4","656","4586","4607","3732","3755","0","0","0","0","1","1","1447.0549","0","258.80655","0","0","0","0","0","1","1.242835","0","908.19","730.7407","0","0","0","0","0","0","0","0","0","0","72.40663","59.011635","13.394997","15.876565","0.822031"
"D:\HAA\dACC revisions\Run 4\Br2720_dlPFC_20x_img_011-MaxIP-Stitched_unmixed-rotated.nd2","Layer 1","dACC_v17_ FISH-IF v2.4.4","657","4413","4441","3795","3817","0","0","0","0","1","1","1261.1774","0","210.17178","0","0","0","0","0","0","0","0","0","0","0","0","0","0","0","0","0","0","0","0","92.0158","70.473335","21.542469","21.02572","0.752605"
"D:\HAA\dACC revisions\Run 4\Br2720_dlPFC_20x_img_011-MaxIP-Stitched_unmixed-rotated.nd2","Layer 1","dACC_v17_ FISH-IF v2.4.4","658","4222","4249","3804","3830","0","0","0","0","1","1","2296.116","0","329.44492","0","0","0","0","0","0","0","0","0","0","0","0","0","0","0","0","0","0","0","0","105.410805","76.043076","29.367725","23.600298","0.890233"
"D:\HAA\dACC revisions\Run 4\Br2720_dlPFC_20x_img_011-MaxIP-Stitched_unmixed-rotated.nd2","Layer 1","dACC_v17_ FISH-IF v2.4.4","659","4253","4285","3807","3837","0","0","0","0","1","1","1507.1094","0","335.50854","0","0","0","0","0","0","0","0","0","0","0","0","0","0","0","0","0","0","0","0","140.48636","91.69359","48.792774","30.46584","0.878727"
"D:\HAA\dACC revisions\Run 4\Br2720_dlPFC_20x_img_011-MaxIP-Stitched_unmixed-rotated.nd2","Layer 1","dACC_v17_ FISH-IF v2.4.4","660","3695","3719","3507","3533","0","0","0","1","1","1","2266.0205","0","411.83688","7","13.947368","1","27890.133","1999.6699","0","0","0","0","0","0","0","0","0","0","0","0","0","0","0","81.01441","51.922874","29.09154","24.029396","0.824846"
"D:\HAA\dACC revisions\Run 4\Br2720_dlPFC_20x_img_011-MaxIP-Stitched_unmixed-rotated.nd2","Layer 1","dACC_v17_ FISH-IF v2.4.4","661","3707","3735","3513","3541","0","0","0","1","1","1","2157.7449","0","521.5148","9","28.5852","1","48559.81","1698.7745","0","0","0","0","0","2","1.426958","0","995.00433","697.29034","0","0","0","0","0","92.84436","59.1037","33.74066","27.891262","0.771126"
"D:\HAA\dACC revisions\Run 4\Br2720_dlPFC_20x_img_011-MaxIP-Stitched_unmixed-rotated.nd2","Layer 1","dACC_v17_ FISH-IF v2.4.4","662","3672","3698","3537","3560","0","0","0","0","1","1","2330.2678","0","306.49237","0","0","0","0","0","0","0","0","0","0","0","0","0","0","0","1","0.598402","0","271.90463","454.3846","85.80163","66.37658","19.425047","19.738432","0.8177"
"D:\HAA\dACC revisions\Run 4\Br2720_dlPFC_20x_img_011-MaxIP-Stitched_unmixed-rotated.nd2","Layer 1","dACC_v17_ FISH-IF v2.4.4","663","3772","3796","3543","3566","0","0","0","1","1","1","2488.3447","0","311.91336","6","17.906027","1","27533.992","1537.6941","0","0","0","0","0","0","0","0","0","0","0","0","0","0","0","81.24457","63.75282","17.491749","18.022047","0.896552"
"D:\HAA\dACC revisions\Run 4\Br2720_dlPFC_20x_img_011-MaxIP-Stitched_unmixed-rotated.nd2","Layer 1","dACC_v17_ FISH-IF v2.4.4","664","3668","3694","3560","3582","1","0","0","0","1","1","934.5958","0","181.69783","0","0","0","0","0","8","13.487059","1","14595.897","1082.215","0","0","0","0","0","0","0","0","0","0","87.873024","67.941635","19.931387","19.738432","0.800997"
"D:\HAA\dACC revisions\Run 4\Br2720_dlPFC_20x_img_011-MaxIP-Stitched_unmixed-rotated.nd2","Layer 1","dACC_v17_ FISH-IF v2.4.4","665","3779","3812","3565","3594","1","0","0","1","1","1","1557.7986","0","272.66632","4","7.457009","1","8113.4097","1088.0247","14","18.458399","2","24962.383","1352.3591","0","0","0","0","0","2","3.406288","0","1828.21","536.7162","139.61177","92.29199","47.319782","31.324034","0.782629"
"D:\HAA\dACC revisions\Run 4\Br2720_dlPFC_20x_img_011-MaxIP-Stitched_unmixed-rotated.nd2","Layer 1","dACC_v17_ FISH-IF v2.4.4","666","3466","3494","3591","3622","1","0","0","0","1","1","1930.418","0","349.87772","2","4.234844","0","3753.361","886.3043","5","7.54907","1","6364.419","843.0732","0","0","0","0","0","1","1.104742","0","651.4756","524.1852","129.39291","87.32065","42.072258","29.17855","0.834917"
"D:\HAA\dACC revisions\Run 4\Br2720_dlPFC_20x_img_011-MaxIP-Stitched_unmixed-rotated.nd2","Layer 1","dACC_v17_ FISH-IF v2.4.4","667","3641","3670","3607","3640","1","0","0","0","1","1","1605.869","0","317.1664","0","0","0","0","0","8","14.499739","1","15703.586","1083.0254","0","0","0","0","0","0","0","0","0","0","137.63245","90.17457","47.457874","30.036743","0.798738"
"D:\HAA\dACC revisions\Run 4\Br2720_dlPFC_20x_img_011-MaxIP-Stitched_unmixed-rotated.nd2","Layer 1","dACC_v17_ FISH-IF v2.4.4","668","3652","3692","3636","3665","1","0","0","0","1","1","1093.6116","0","201.31284","0","0","0","0","0","24","34.937466","3","40981.234","1172.9882","3","2.163453","0","1617.7106","747.7447","1","0.460309","0","195.86156","425.5","161.20027","101.82039","59.379883","37.116833","0.669408"
"D:\HAA\dACC revisions\Run 4\Br2720_dlPFC_20x_img_011-MaxIP-Stitched_unmixed-rotated.nd2","Layer 1","dACC_v17_ FISH-IF v2.4.4","669","3403","3438","3672","3704","1","1","0","0","1","1","1319.415","0","295.86658","1","0.920618","0","684.7559","743.8","15","26.51381","3","31898.275","1164.6638","7","7.088761","1","5233.8076","738.32465","0","0","0","0","0","161.33836","101.77436","59.564007","35.614998","0.772831"
"D:\HAA\dACC revisions\Run 4\Br2720_dlPFC_20x_img_011-MaxIP-Stitched_unmixed-rotated.nd2","Layer 1","dACC_v17_ FISH-IF v2.4.4","670","3636","3672","3713","3740","1","0","1","0","1","1","1608.4001","0","239.1632","0","0","0","0","0","9","16.61716","1","15396.697","926.554","0","0","0","0","0","8","10.264894","1","5214.014","507.9462","140.94667","95.05385","45.892826","32.182224","0.685365"
"D:\HAA\dACC revisions\Run 4\Br2720_dlPFC_20x_img_011-MaxIP-Stitched_unmixed-rotated.nd2","Layer 1","dACC_v17_ FISH-IF v2.4.4","671","3454","3489","3719","3753","1","0","0","0","1","1","1422.5162","0","314.28778","0","0","0","0","0","13","20.529789","2","28867.553","1406.13","0","0","0","0","0","0","0","0","0","0","163.22563","101.08389","62.14174","36.044094","0.888841"
"D:\HAA\dACC revisions\Run 4\Br2720_dlPFC_20x_img_011-MaxIP-Stitched_unmixed-rotated.nd2","Layer 1","dACC_v17_ FISH-IF v2.4.4","672","3802","3828","3732","3759","0","0","0","0","1","1","2453.4534","0","477.934","0","0","0","0","0","0","0","0","0","0","0","0","0","0","0","0","0","0","0","0","99.38075","69.73684","29.643911","24.029396","0.760948"
"D:\HAA\dACC revisions\Run 4\Br2720_dlPFC_20x_img_011-MaxIP-Stitched_unmixed-rotated.nd2","Layer 1","dACC_v17_ FISH-IF v2.4.4","673","3507","3526","3813","3831","0","0","0","0","1","1","556.8482","0","130.79039","0","0","0","0","0","0","0","0","0","0","0","0","0","0","0","0","0","0","0","0","50.1737","45.018238","5.155463","9.44012","0.881606"
"D:\HAA\dACC revisions\Run 4\Br2720_dlPFC_20x_img_011-MaxIP-Stitched_unmixed-rotated.nd2","Layer 1","dACC_v17_ FISH-IF v2.4.4","674","1202","1221","2702","2722","0","0","0","0","1","1","549.66895","0","129.51189","0","0","0","0","0","0","0","0","0","0","0","0","0","0","0","0","0","0","0","0","55.19107","48.378494","6.812576","10.727408","0.870635"
"D:\HAA\dACC revisions\Run 4\Br2720_dlPFC_20x_img_011-MaxIP-Stitched_unmixed-rotated.nd2","Layer 1","dACC_v17_ FISH-IF v2.4.4","675","1164","1189","2718","2748","1","0","1","0","1","1","860.578","0","181.06451","0","0","0","0","0","6","11.139482","1","8805.944","790.51654","0","0","0","0","0","15","32.313705","3","17572.717","543.8162","100.715645","75.6288","25.08685","24.887589","0.633158"
"D:\HAA\dACC revisions\Run 4\Br2720_dlPFC_20x_img_011-MaxIP-Stitched_unmixed-rotated.nd2","Layer 1","dACC_v17_ FISH-IF v2.4.4","676","1066","1085","2719","2735","0","0","0","0","1","1","416.15094","0","129.97298","0","0","0","0","0","0","0","0","0","0","0","0","0","0","0","0","0","0","0","0","47.457874","42.578598","4.879277","9.011024","0.886025"
"D:\HAA\dACC revisions\Run 4\Br2720_dlPFC_20x_img_011-MaxIP-Stitched_unmixed-rotated.nd2","Layer 1","dACC_v17_ FISH-IF v2.4.4","677","1188","1219","2721","2749","0","0","0","1","1","1","1943.0721","0","388.40125","8","24.902727","1","37204.766","1494.0037","0","0","0","0","0","0","0","0","0","0","0","0","0","0","0","132.84523","88.79364","44.051586","28.749454","0.832178"
"D:\HAA\dACC revisions\Run 4\Br2720_dlPFC_20x_img_011-MaxIP-Stitched_unmixed-rotated.nd2","Layer 1","dACC_v17_ FISH-IF v2.4.4","678","1064","1085","2736","2754","0","0","1","0","1","1","740.13336","0","146.99155","0","0","0","0","0","0","0","0","0","0","0","0","0","0","0","6","11.139482","1","7097.139","637.1157","56.618027","49.022926","7.595101","11.585601","0.813829"
"D:\HAA\dACC revisions\Run 4\Br2720_dlPFC_20x_img_011-MaxIP-Stitched_unmixed-rotated.nd2","Layer 1","dACC_v17_ FISH-IF v2.4.4","679","1154","1173","2739","2762","0","0","1","0","1","1","764.8093","0","181.19794","0","0","0","0","0","1","2.117422","0","1953.6442","922.65216","0","0","0","0","0","6","10.495049","1","5178.9844","493.4693","63.384575","53.487926","9.896647","13.731083","0.743456"
"D:\HAA\dACC revisions\Run 4\Br2720_dlPFC_20x_img_011-MaxIP-Stitched_unmixed-rotated.nd2","Layer 1","dACC_v17_ FISH-IF v2.4.4","680","1252","1279","2746","2771","0","0","0","0","1","1","2782.104","0","434.34293","0","0","0","0","0","0","0","0","0","0","0","0","0","0","0","0","0","0","0","0","100.11725","73.5574","26.55984","22.742105","0.861687"
"D:\HAA\dACC revisions\Run 4\Br2720_dlPFC_20x_img_011-MaxIP-Stitched_unmixed-rotated.nd2","Layer 1","dACC_v17_ FISH-IF v2.4.4","681","1073","1098","2758","2780","0","0","0","0","1","1","2238.5156","0","289.82248","0","0","0","0","0","0","0","0","0","0","0","0","0","0","0","2","6.444328","0","3502.5386","543.50714","82.85565","65.087715","17.767935","18.022047","0.809512"
"D:\HAA\dACC revisions\Run 4\Br2720_dlPFC_20x_img_011-MaxIP-Stitched_unmixed-rotated.nd2","Layer 1","dACC_v17_ FISH-IF v2.4.4","682","1016","1040","2783","2811","0","0","0","0","1","1","2650.8625","0","372.86285","0","0","0","0","0","0","0","0","0","0","0","0","0","0","0","0","0","0","0","0","96.29668","72.498695","23.797985","22.31301","0.768859"
"D:\HAA\dACC revisions\Run 4\Br2720_dlPFC_20x_img_011-MaxIP-Stitched_unmixed-rotated.nd2","Layer 1","dACC_v17_ FISH-IF v2.4.4","683","1320","1347","2797","2828","0","0","0","0","1","1","2503.1265","0","338.8011","0","0","0","0","0","0","0","0","0","0","1","0.874587","0","657.8278","752.1579","3","6.720514","0","3771.267","561.15753","122.304146","84.466736","37.837414","27.462166","0.786332"
"D:\HAA\dACC revisions\Run 4\Br2720_dlPFC_20x_img_011-MaxIP-Stitched_unmixed-rotated.nd2","Layer 1","dACC_v17_ FISH-IF v2.4.4","684","1366","1391","2813","2837","1","1","0","0","1","1","1327.3206","0","202.64272","0","0","0","0","0","7","9.252214","1","9302.25","1005.40796","12","11.415668","2","11565.406","1013.11694","0","0","0","0","0","90.86503","69.18447","21.680563","20.596624","0.820234"
"D:\HAA\dACC revisions\Run 4\Br2720_dlPFC_20x_img_011-MaxIP-Stitched_unmixed-rotated.nd2","Layer 1","dACC_v17_ FISH-IF v2.4.4","685","1064","1093","2828","2858","0","0","0","0","1","1","2222.579","0","382.47818","0","0","0","0","0","0","0","0","0","0","0","0","0","0","0","0","0","0","0","0","129.0707","86.538124","42.532566","28.320358","0.91881"
"D:\HAA\dACC revisions\Run 4\Br2720_dlPFC_20x_img_011-MaxIP-Stitched_unmixed-rotated.nd2","Layer 1","dACC_v17_ FISH-IF v2.4.4","686","1257","1276","2838","2856","0","0","0","0","1","1","711.6983","0","128.03246","0","0","0","0","0","0","0","0","0","0","0","0","0","0","0","0","0","0","0","0","50.72607","45.386486","5.339586","9.654668","0.878022"
"D:\HAA\dACC revisions\Run 4\Br2720_dlPFC_20x_img_011-MaxIP-Stitched_unmixed-rotated.nd2","Layer 1","dACC_v17_ FISH-IF v2.4.4","687","1364","1400","2844","2883","0","0","0","1","1","1","2226.0083","0","492.62506","7","19.425047","1","28608.72","1472.7749","0","0","0","0","0","1","0.50634","0","374.04724","738.7273","0","0","0","0","0","165.94145","100.30137","65.64009","45.913307","0.611301"
"D:\HAA\dACC revisions\Run 4\Br2720_dlPFC_20x_img_011-MaxIP-Stitched_unmixed-rotated.nd2","Layer 1","dACC_v17_ FISH-IF v2.4.4","688","1143","1182","2853","2882","0","0","0","0","1","1","1803.4891","0","314.8224","0","0","0","0","0","0","0","0","0","0","0","0","0","0","0","0","0","0","0","0","156.64322","101.59023","55.05298","35.614998","0.665581"
"D:\HAA\dACC revisions\Run 4\Br2720_dlPFC_20x_img_011-MaxIP-Stitched_unmixed-rotated.nd2","Layer 1","dACC_v17_ FISH-IF v2.4.4","689","1294","1315","2858","2878","0","0","0","0","1","1","815.7222","0","190.14487","0","0","0","0","0","0","0","0","0","0","0","0","0","0","0","0","0","0","0","0","61.543335","52.429214","9.114121","12.87289","0.800839"
"D:\HAA\dACC revisions\Run 4\Br2720_dlPFC_20x_img_011-MaxIP-Stitched_unmixed-rotated.nd2","Layer 1","dACC_v17_ FISH-IF v2.4.4","690","1257","1276","2859","2878","0","0","0","0","1","1","615.4907","0","133.72652","0","0","0","0","0","0","0","0","0","0","0","0","0","0","0","0","0","0","0","0","49.5753","44.60396","4.971339","9.44012","0.889798"
"D:\HAA\dACC revisions\Run 4\Br2720_dlPFC_20x_img_011-MaxIP-Stitched_unmixed-rotated.nd2","Layer 1","dACC_v17_ FISH-IF v2.4.4","691","1374","1402","2872","2900","0","0","0","1","1","1","2125.313","0","441.38663","9","16.479069","1","22436.988","1361.5447","0","0","0","0","0","0","0","0","0","0","0","0","0","0","0","109.00121","67.38927","41.61195","29.607647","0.765605"
"D:\HAA\dACC revisions\Run 4\Br2720_dlPFC_20x_img_011-MaxIP-Stitched_unmixed-rotated.nd2","Layer 1","dACC_v17_ FISH-IF v2.4.4","692","1298","1322","2878","2905","0","0","0","1","1","1","1984.6796","0","396.87683","8","17.537779","1","22830.139","1301.769","0","0","0","0","0","0","0","0","0","0","0","0","0","0","0","97.493484","72.498695","24.99479","21.02572","0.812438"
"D:\HAA\dACC revisions\Run 4\Br2720_dlPFC_20x_img_011-MaxIP-Stitched_unmixed-rotated.nd2","Layer 1","dACC_v17_ FISH-IF v2.4.4","693","1345","1371","2886","2920","0","0","1","0","1","1","2135.3735","0","494.11234","0","0","0","0","0","0","0","0","0","0","0","0","0","0","0","4","12.796595","1","7320.803","572.0899","132.98332","90.95709","42.026226","29.607647","0.722903"
"D:\HAA\dACC revisions\Run 4\Br2720_dlPFC_20x_img_011-MaxIP-Stitched_unmixed-rotated.nd2","Layer 1","dACC_v17_ FISH-IF v2.4.4","694","1175","1203","2895","2931","0","1","1","0","1","1","1519.5135","0","326.40833","0","0","0","0","0","0","0","0","0","0","17","16.709223","3","14845.661","888.47107","9","15.972729","1","9694.802","606.95966","144.44502","95.145905","49.299114","32.61132","0.766279"
"D:\HAA\dACC revisions\Run 4\Br2720_dlPFC_20x_img_011-MaxIP-Stitched_unmixed-rotated.nd2","Layer 1","dACC_v17_ FISH-IF v2.4.4","695","1100","1130","2901","2928","0","0","0","0","1","1","1627.0879","0","602.7115","0","0","0","0","0","0","0","0","0","0","0","0","0","0","0","0","0","0","0","0","107.98853","74.98437","33.00417","26.603973","0.771855"
"D:\HAA\dACC revisions\Run 4\Br2720_dlPFC_20x_img_011-MaxIP-Stitched_unmixed-rotated.nd2","Layer 1","dACC_v17_ FISH-IF v2.4.4","696","1233","1252","2907","2926","0","0","0","0","1","1","367.04877","0","109.81038","2","4.649123","0","4355.2153","936.78217","0","0","0","0","0","0","0","0","0","0","0","0","0","0","0","51.784782","46.12298","5.661803","9.869216","0.863943"
"D:\HAA\dACC revisions\Run 4\Br2720_dlPFC_20x_img_011-MaxIP-Stitched_unmixed-rotated.nd2","Layer 1","dACC_v17_ FISH-IF v2.4.4","697","1076","1114","2922","2954","0","0","1","0","1","1","3482.9934","0","632.985","0","0","0","0","0","0","0","0","0","0","1","1.242835","0","1331.1221","1071.037","6","11.922008","1","7450.058","624.8996","171.23502","101.26802","69.966995","41.19325","0.687668"
"D:\HAA\dACC revisions\Run 4\Br2720_dlPFC_20x_img_011-MaxIP-Stitched_unmixed-rotated.nd2","Layer 1","dACC_v17_ FISH-IF v2.4.4","698","1208","1227","2925","2944","0","0","0","0","1","1","352.27274","0","134.7741","0","0","0","0","0","0","0","0","0","0","0","0","0","0","0","0","0","0","0","0","51.416534","45.846794","5.569741","9.869216","0.844886"
"D:\HAA\dACC revisions\Run 4\Br2720_dlPFC_20x_img_011-MaxIP-Stitched_unmixed-rotated.nd2","Layer 1","dACC_v17_ FISH-IF v2.4.4","699","1072","1101","2952","2977","0","0","0","0","1","1","3024.2954","0","464.7324","0","0","0","0","0","0","0","0","0","0","3","3.49835","0","2624.0845","750.0921","2","1.887268","0","912.9312","483.73172","105.64095","74.47803","31.162931","24.458492","0.828571"
"D:\HAA\dACC revisions\Run 4\Br2720_dlPFC_20x_img_011-MaxIP-Stitched_unmixed-rotated.nd2","Layer 1","dACC_v17_ FISH-IF v2.4.4","700","1206","1233","2959","2986","0","0","0","0","1","1","1850.686","0","356.99326","3","11.185513","0","16124.124","1441.5186","0","0","0","0","0","1","0.828557","0","549.7933","663.55554","2","3.176133","0","1612.0948","507.56522","102.64895","74.93833","27.710613","24.029396","0.851604"
"D:\HAA\dACC revisions\Run 4\Br2720_dlPFC_20x_img_011-MaxIP-Stitched_unmixed-rotated.nd2","Layer 1","dACC_v17_ FISH-IF v2.4.4","701","1305","1341","2986","3012","0","0","0","0","1","1","2866.6167","0","454.3473","0","0","0","0","0","0","0","0","0","0","0","0","0","0","0","1","1.472989","0","855.57666","580.84375","122.76446","92.38405","30.380405","31.324034","0.516439"
"D:\HAA\dACC revisions\Run 4\Br2720_dlPFC_20x_img_011-MaxIP-Stitched_unmixed-rotated.nd2","Layer 1","dACC_v17_ FISH-IF v2.4.4","702","1042","1069","3000","3026","0","0","0","0","1","1","3317.0251","0","410.1523","0","0","0","0","0","0","0","0","0","0","0","0","0","0","0","0","0","0","0","0","101.82039","74.339935","27.480457","23.171202","0.868444"
"D:\HAA\dACC revisions\Run 4\Br2720_dlPFC_20x_img_011-MaxIP-Stitched_unmixed-rotated.nd2","Layer 1","dACC_v17_ FISH-IF v2.4.4","703","1369","1400","3002","3030","0","0","0","0","1","1","2211.0813","0","441.8569","0","0","0","0","0","0","0","0","0","0","0","0","0","0","0","0","0","0","0","0","126.12472","85.89369","40.23102","27.891262","0.830723"
"D:\HAA\dACC revisions\Run 4\Br2720_dlPFC_20x_img_011-MaxIP-Stitched_unmixed-rotated.nd2","Layer 1","dACC_v17_ FISH-IF v2.4.4","704","1105","1131","3013","3039","0","0","0","1","1","1","2428.4065","0","529.18866","9","26.191591","1","40604.977","1550.3058","0","0","0","0","0","0","0","0","0","0","0","0","0","0","0","95.652245","62.463955","33.18829","25.531233","0.709343"
"D:\HAA\dACC revisions\Run 4\Br2720_dlPFC_20x_img_011-MaxIP-Stitched_unmixed-rotated.nd2","Layer 1","dACC_v17_ FISH-IF v2.4.4","705","1189","1229","3013","3040","0","0","0","0","1","1","2043.7203","0","398.1235","0","0","0","0","0","0","0","0","0","0","0","0","0","0","0","0","0","0","0","0","147.80528","102.8791","44.926174","34.756805","0.516272"
"D:\HAA\dACC revisions\Run 4\Br2720_dlPFC_20x_img_011-MaxIP-Stitched_unmixed-rotated.nd2","Layer 1","dACC_v17_ FISH-IF v2.4.4","706","1111","1137","3035","3059","0","0","0","0","1","1","2280.9883","0","406.90613","0","0","0","0","0","0","0","0","0","0","0","0","0","0","0","0","0","0","0","0","90.588844","59.33385","31.254993","25.102137","0.713625"
"D:\HAA\dACC revisions\Run 4\Br2720_dlPFC_20x_img_011-MaxIP-Stitched_unmixed-rotated.nd2","Layer 1","dACC_v17_ FISH-IF v2.4.4","707","1238","1271","3033","3066","0","0","0","0","1","1","2440.9216","0","400.82162","0","0","0","0","0","0","0","0","0","0","0","0","0","0","0","0","0","0","0","0","154.06548","98.82838","55.237103","34.327705","0.854194"
"D:\HAA\dACC revisions\Run 4\Br2720_dlPFC_20x_img_011-MaxIP-Stitched_unmixed-rotated.nd2","Layer 1","dACC_v17_ FISH-IF v2.4.4","708","1322","1352","3048","3077","0","1","0","0","1","1","2269.5532","0","331.04108","0","0","0","0","0","0","0","0","0","0","25","23.337675","3","22306.307","955.8067","1","1.887268","0","1058.9873","561.12195","125.342186","85.157196","40.18499","27.891262","0.91071"
"D:\HAA\dACC revisions\Run 4\Br2720_dlPFC_20x_img_011-MaxIP-Stitched_unmixed-rotated.nd2","Layer 1","dACC_v17_ FISH-IF v2.4.4","709","1040","1065","3055","3080","0","0","1","0","1","1","3302.7146","0","492.46112","0","0","0","0","0","0","0","0","0","0","1","0.50634","0","333.54004","658.7273","15","19.56314","3","21331.785","1090.4071","93.53482","66.28452","27.250303","23.600298","0.812708"
"D:\HAA\dACC revisions\Run 4\Br2720_dlPFC_20x_img_011-MaxIP-Stitched_unmixed-rotated.nd2","Layer 1","dACC_v17_ FISH-IF v2.4.4","710","1062","1096","3058","3089","0","1","1","0","1","1","1609.2467","0","390.4822","1","0.874587","0","730.74084","835.5263","0","0","0","0","0","9","9.620461","1","7537.609","783.4976","75","90.588844","4","115996.484","1280.472","144.58311","93.07452","51.5086","34.327705","0.684356"
"D:\HAA\dACC revisions\Run 4\Br2720_dlPFC_20x_img_011-MaxIP-Stitched_unmixed-rotated.nd2","Layer 1","dACC_v17_ FISH-IF v2.4.4","711","3086","3106","3127","3147","0","0","0","0","1","1","419.2706","0","130.46898","0","0","0","0","0","1","1.749175","0","1650.2544","943.4474","0","0","0","0","0","0","0","0","0","0","58.275143","50.449886","7.825256","12.014698","0.817553"
"D:\HAA\dACC revisions\Run 4\Br2720_dlPFC_20x_img_011-MaxIP-Stitched_unmixed-rotated.nd2","Layer 1","dACC_v17_ FISH-IF v2.4.4","712","3068","3092","3157","3177","1","0","0","0","1","1","1226.8577","0","199.08969","0","0","0","0","0","10","14.775925","2","14763.818","999.18066","0","0","0","0","0","1","0.368247","0","157.70192","428.25","63.476635","51.830814","11.645823","15.018372","0.743766"
"D:\HAA\dACC revisions\Run 4\Br2720_dlPFC_20x_img_011-MaxIP-Stitched_unmixed-rotated.nd2","Layer 1","dACC_v17_ FISH-IF v2.4.4","713","3249","3268","3159","3178","0","0","0","0","1","1","541.048","0","137.37476","0","0","0","0","0","0","0","0","0","0","0","0","0","0","0","0","0","0","0","0","54.868855","48.14834","6.720514","10.727408","0.870355"
"D:\HAA\dACC revisions\Run 4\Br2720_dlPFC_20x_img_011-MaxIP-Stitched_unmixed-rotated.nd2","Layer 1","dACC_v17_ FISH-IF v2.4.4","714","3192","3211","3162","3183","0","0","0","0","1","1","648.20233","0","165.54604","0","0","0","0","0","0","0","0","0","0","0","0","0","0","0","0","0","0","0","0","57.952927","49.98958","7.963349","12.443794","0.806763"
"D:\HAA\dACC revisions\Run 4\Br2720_dlPFC_20x_img_011-MaxIP-Stitched_unmixed-rotated.nd2","Layer 1","dACC_v17_ FISH-IF v2.4.4","715","3078","3098","3171","3187","1","0","0","0","1","1","871.6319","0","415.36942","0","0","0","0","0","6","9.114121","1","14619.972","1604.101","0","0","0","0","0","1","0.414278","0","179.38249","433","39.402466","31.899426","7.503039","13.087439","0.659889"
"D:\HAA\dACC revisions\Run 4\Br2720_dlPFC_20x_img_011-MaxIP-Stitched_unmixed-rotated.nd2","Layer 1","dACC_v17_ FISH-IF v2.4.4","716","3087","3103","3179","3197","1","0","0","0","1","1","960.29785","0","427.00156","0","0","0","0","0","8","8.791905","1","13659.353","1553.6283","0","0","0","0","0","1","0.322216","0","132.52301","411.2857","34.10891","29.782003","4.326906","9.654668","0.617805"
"D:\HAA\dACC revisions\Run 4\Br2720_dlPFC_20x_img_011-MaxIP-Stitched_unmixed-rotated.nd2","Layer 1","dACC_v17_ FISH-IF v2.4.4","717","3189","3219","3183","3213","0","0","0","0","1","1","2242.9841","0","378.38852","0","0","0","0","0","0","0","0","0","0","0","0","0","0","0","0","0","0","0","0","125.710434","85.06513","40.6453","29.17855","0.884375"
"D:\HAA\dACC revisions\Run 4\Br2720_dlPFC_20x_img_011-MaxIP-Stitched_unmixed-rotated.nd2","Layer 1","dACC_v17_ FISH-IF v2.4.4","718","3280","3313","3184","3216","0","0","0","0","1","1","1751.4619","0","314.32712","0","0","0","0","0","0","0","0","0","0","0","0","0","0","0","0","0","0","0","0","151.90202","96.38874","55.513287","33.254967","0.853736"
"D:\HAA\dACC revisions\Run 4\Br2720_dlPFC_20x_img_011-MaxIP-Stitched_unmixed-rotated.nd2","Layer 1","dACC_v17_ FISH-IF v2.4.4","719","3064","3091","3185","3213","1","0","0","0","1","1","2614.1558","0","419.85562","0","0","0","0","0","20","22.831335","3","52098.9","2281.9033","1","1.058711","0","808.8553","764","0","0","0","0","0","111.8091","78.11446","33.694633","25.316685","0.884027"
"D:\HAA\dACC revisions\Run 4\Br2720_dlPFC_20x_img_011-MaxIP-Stitched_unmixed-rotated.nd2","Layer 1","dACC_v17_ FISH-IF v2.4.4","720","3153","3177","3208","3232","0","0","0","0","1","1","1423.0767","0","274.57892","1","0.552371","0","431.86206","781.8333","1","3.268195","0","3883.0762","1188.1409","0","0","0","0","0","0","0","0","0","0","80.96838","64.1671","16.801285","18.665691","0.782339"
"D:\HAA\dACC revisions\Run 4\Br2720_dlPFC_20x_img_011-MaxIP-Stitched_unmixed-rotated.nd2","Layer 1","dACC_v17_ FISH-IF v2.4.4","721","3375","3404","3217","3243","0","0","0","0","1","1","2545.8289","0","370.73038","0","0","0","0","0","0","0","0","0","0","0","0","0","0","0","0","0","0","0","0","111.44085","79.72555","31.715302","24.887589","0.768064"
"D:\HAA\dACC revisions\Run 4\Br2720_dlPFC_20x_img_011-MaxIP-Stitched_unmixed-rotated.nd2","Layer 1","dACC_v17_ FISH-IF v2.4.4","722","3315","3347","3225","3258","1","1","0","0","1","1","1467.9167","0","262.02823","0","0","0","0","0","26","41.335762","3","58078.176","1386.5066","5","4.557061","1","3304.8818","725.2222","1","0.460309","0","198.71547","431.7","150.93538","96.158585","54.77679","33.469513","0.862347"
"D:\HAA\dACC revisions\Run 4\Br2720_dlPFC_20x_img_011-MaxIP-Stitched_unmixed-rotated.nd2","Layer 1","dACC_v17_ FISH-IF v2.4.4","723","3031","3056","3236","3268","0","0","0","0","1","1","1853.0083","0","493.72025","0","0","0","0","0","0","0","0","0","0","0","0","0","0","0","0","0","0","0","0","120.37085","76.18117","44.189682","30.036743","0.813725"
"D:\HAA\dACC revisions\Run 4\Br2720_dlPFC_20x_img_011-MaxIP-Stitched_unmixed-rotated.nd2","Layer 1","dACC_v17_ FISH-IF v2.4.4","724","3055","3079","3240","3266","0","0","0","0","1","1","3050.0596","0","485.85382","0","0","0","0","0","0","0","0","0","0","0","0","0","0","0","0","0","0","0","0","92.614204","63.29251","29.321695","24.887589","0.806053"
"D:\HAA\dACC revisions\Run 4\Br2720_dlPFC_20x_img_011-MaxIP-Stitched_unmixed-rotated.nd2","Layer 1","dACC_v17_ FISH-IF v2.4.4","725","3226","3253","3243","3269","0","0","0","0","1","1","2815.8167","0","545.50165","0","0","0","0","0","0","0","0","0","0","0","0","0","0","0","0","0","0","0","0","86.90637","55.78947","31.1169","25.531233","0.802517"
"D:\HAA\dACC revisions\Run 4\Br2720_dlPFC_20x_img_011-MaxIP-Stitched_unmixed-rotated.nd2","Layer 1","dACC_v17_ FISH-IF v2.4.4","726","3355","3383","3243","3272","0","0","0","0","1","1","2389.2686","0","441.7164","2","2.715824","0","2131.4617","784.8305","3","3.958659","0","4661.1826","1177.4651","0","0","0","0","0","0","0","0","0","0","114.57095","81.152504","33.418446","25.74578","0.797394"
"D:\HAA\dACC revisions\Run 4\Br2720_dlPFC_20x_img_011-MaxIP-Stitched_unmixed-rotated.nd2","Layer 1","dACC_v17_ FISH-IF v2.4.4","727","3233","3254","3260","3282","0","0","0","0","1","1","3148.5725","0","760.23773","0","0","0","0","0","0","0","0","0","0","0","0","0","0","0","0","0","0","0","0","64.48932","34.66128","29.828035","25.102137","0.837855"
"D:\HAA\dACC revisions\Run 4\Br2720_dlPFC_20x_img_011-MaxIP-Stitched_unmixed-rotated.nd2","Layer 1","dACC_v17_ FISH-IF v2.4.4","728","3253","3270","3256","3284","0","0","0","0","1","1","2004.9741","0","665.11","0","0","0","0","0","0","0","0","0","0","0","0","0","0","0","0","0","0","0","0","72.77488","53.16571","19.60917","21.454817","0.680087"
"D:\HAA\dACC revisions\Run 4\Br2720_dlPFC_20x_img_011-MaxIP-Stitched_unmixed-rotated.nd2","Layer 1","dACC_v17_ FISH-IF v2.4.4","729","3231","3254","3282","3300","0","0","0","0","1","1","1377.6245","0","370.09613","0","0","0","0","0","0","0","0","0","0","0","0","0","0","0","0","0","0","0","0","62.74014","52.19906","10.54108","14.589275","0.734783"
"D:\HAA\dACC revisions\Run 4\Br2720_dlPFC_20x_img_011-MaxIP-Stitched_unmixed-rotated.nd2","Layer 1","dACC_v17_ FISH-IF v2.4.4","730","3186","3208","3287","3309","0","0","0","0","1","1","1243.7365","0","210.13152","1","1.51902","0","1169.1393","769.6667","0","0","0","0","0","0","0","0","0","0","0","0","0","0","0","69.27653","57.400555","11.875977","15.018372","0.775775"
"D:\HAA\dACC revisions\Run 4\Br2720_dlPFC_20x_img_011-MaxIP-Stitched_unmixed-rotated.nd2","Layer 1","dACC_v17_ FISH-IF v2.4.4","731","3403","3422","3312","3331","0","0","0","0","1","1","378.93332","0","147.60594","1","0.782526","0","631.6362","807.17645","0","0","0","0","0","0","0","0","0","0","0","0","0","0","0","52.01494","46.491226","5.52371","9.869216","0.787527"
"D:\HAA\dACC revisions\Run 4\Br2720_dlPFC_20x_img_011-MaxIP-Stitched_unmixed-rotated.nd2","Layer 1","dACC_v17_ FISH-IF v2.4.4","732","3017","3045","3326","3351","1","0","0","0","1","1","1729.3761","0","454.74142","0","0","0","0","0","7","10.633142","1","11265.469","1059.4675","0","0","0","0","0","1","1.196804","0","622.10785","519.8077","94.36338","72.45267","21.910717","22.742105","0.646272"
"D:\HAA\dACC revisions\Run 4\Br2720_dlPFC_20x_img_011-MaxIP-Stitched_unmixed-rotated.nd2","Layer 1","dACC_v17_ FISH-IF v2.4.4","733","3202","3223","3329","3351","0","0","0","0","1","1","1907.5205","0","259.43564","2","3.49835","0","3015.9458","862.1053","0","0","0","0","0","0","0","0","0","0","0","0","0","0","0","67.02102","55.78947","11.231544","14.589275","0.824583"
"D:\HAA\dACC revisions\Run 4\Br2720_dlPFC_20x_img_011-MaxIP-Stitched_unmixed-rotated.nd2","Layer 1","dACC_v17_ FISH-IF v2.4.4","734","3339","3370","3338","3369","1","0","0","0","1","1","1181.5586","0","239.76239","0","0","0","0","0","29","40.277054","3","68567.61","1694.6519","0","0","0","0","0","2","1.196804","0","523.23346","437.19232","139.33559","91.04916","48.286434","30.46584","0.87449"
"D:\HAA\dACC revisions\Run 4\Br2720_dlPFC_20x_img_011-MaxIP-Stitched_unmixed-rotated.nd2","Layer 1","dACC_v17_ FISH-IF v2.4.4","735","3252","3271","3339","3359","0","0","0","0","1","1","407.96378","0","132.0744","0","0","0","0","0","0","0","0","0","0","0","0","0","0","0","1","1.703144","0","873.11444","512.6486","53.994267","47.642","6.352267","10.51286","0.8157"
"D:\HAA\dACC revisions\Run 4\Br2720_dlPFC_20x_img_011-MaxIP-Stitched_unmixed-rotated.nd2","Layer 1","dACC_v17_ FISH-IF v2.4.4","736","3048","3075","3355","3383","0","0","0","1","1","1","2293.5884","0","496.05392","7","20.437727","1","27776.344","1359.072","0","0","0","0","0","0","0","0","0","0","0","0","0","0","0","115.76776","81.106476","34.66128","25.74578","0.854762"
"D:\HAA\dACC revisions\Run 4\Br2720_dlPFC_20x_img_011-MaxIP-Stitched_unmixed-rotated.nd2","Layer 1","dACC_v17_ FISH-IF v2.4.4","737","3180","3202","3373","3393","0","0","0","0","1","1","906.7176","0","161.593","0","0","0","0","0","0","0","0","0","0","0","0","0","0","0","0","0","0","0","0","63.890915","53.948235","9.942678","14.160179","0.745352"
"D:\HAA\dACC revisions\Run 4\Br2720_dlPFC_20x_img_011-MaxIP-Stitched_unmixed-rotated.nd2","Layer 1","dACC_v17_ FISH-IF v2.4.4","738","3247","3278","3373","3405","1","0","0","1","1","1","1512.731","0","256.32803","4","5.155463","1","4745.4194","920.4643","12","18.366337","2","18910.422","1019.4045","0","0","0","0","0","0","0","0","0","0","141.54507","92.614204","48.930866","31.75313","0.819876"
"D:\HAA\dACC revisions\Run 4\Br2720_dlPFC_20x_img_011-MaxIP-Stitched_unmixed-rotated.nd2","Layer 1","dACC_v17_ FISH-IF v2.4.4","739","3372","3396","3384","3404","0","0","0","0","1","1","1061.129","0","191.54602","0","0","0","0","0","0","0","0","0","0","0","0","0","0","0","0","0","0","0","0","71.85426","59.011635","12.842626","15.23292","0.806844"
"D:\HAA\dACC revisions\Run 4\Br2720_dlPFC_20x_img_011-MaxIP-Stitched_unmixed-rotated.nd2","Layer 1","dACC_v17_ FISH-IF v2.4.4","740","3179","3204","3393","3418","1","0","0","0","1","1","3277.051","0","744.5784","1","0.736495","0","599.23047","813.625","4","7.641132","1","10213.156","1336.6024","0","0","0","0","0","0","0","0","0","0","93.48879","63.66076","29.828035","24.029396","0.78621"
"D:\HAA\dACC revisions\Run 4\Br2720_dlPFC_20x_img_011-MaxIP-Stitched_unmixed-rotated.nd2","Layer 1","dACC_v17_ FISH-IF v2.4.4","741","3097","3125","3394","3423","0","0","0","0","1","1","2114.792","0","487.35773","0","0","0","0","0","0","0","0","0","0","0","0","0","0","0","0","0","0","0","0","102.234665","68.58607","33.6486","27.03307","0.786852"
"D:\HAA\dACC revisions\Run 4\Br2720_dlPFC_20x_img_011-MaxIP-Stitched_unmixed-rotated.nd2","Layer 1","dACC_v17_ FISH-IF v2.4.4","742","3166","3181","3403","3426","1","0","0","0","1","1","1676.8983","0","622.0071","2","3.222164","0","2769.0818","859.38574","8","8.239534","1","8126.252","986.2514","1","1.104742","0","849.7307","769.1667","0","0","0","0","0","47.08963","38.942158","8.147472","13.087439","0.692037"
"D:\HAA\dACC revisions\Run 4\Br2720_dlPFC_20x_img_011-MaxIP-Stitched_unmixed-rotated.nd2","Layer 1","dACC_v17_ FISH-IF v2.4.4","743","3116","3131","3409","3425","0","0","0","0","1","1","1680.7623","0","476.21252","0","0","0","0","0","0","0","0","0","0","0","0","0","0","0","0","0","0","0","0","32.58989","27.940767","4.649123","9.225572","0.750554"
"D:\HAA\dACC revisions\Run 4\Br2720_dlPFC_20x_img_011-MaxIP-Stitched_unmixed-rotated.nd2","Layer 1","dACC_v17_ FISH-IF v2.4.4","744","3176","3197","3416","3430","1","0","0","0","1","1","1474.6617","0","788.4644","0","0","0","0","0","6","8.929998","1","12865.411","1356.7719","0","0","0","0","0","0","0","0","0","0","43.13097","36.870766","6.260205","11.800149","0.59674"
"D:\HAA\dACC revisions\Run 4\Br2720_dlPFC_20x_img_011-MaxIP-Stitched_unmixed-rotated.nd2","Layer 1","dACC_v17_ FISH-IF v2.4.4","745","3332","3372","3436","3466","1","0","0","0","1","1","1940.6422","0","557.1059","0","0","0","0","0","5","8.193503","1","11879.567","1449.8765","2","1.380928","0","922.36755","667.93335","0","0","0","0","0","169.34775","92.1539","77.19385","44.62602","0.733463"
"D:\HAA\dACC revisions\Run 4\Br2720_dlPFC_20x_img_011-MaxIP-Stitched_unmixed-rotated.nd2","Layer 1","dACC_v17_ FISH-IF v2.4.4","746","3365","3391","3445","3472","1","0","0","0","1","1","1730.2284","0","374.73563","0","0","0","0","0","4","2.761855","1","2078.388","752.5333","0","0","0","0","0","1","0.460309","0","201.2932","437.3","103.70766","69.644775","34.062878","24.458492","0.830271"
"D:\HAA\dACC revisions\Run 4\Br2720_dlPFC_20x_img_011-MaxIP-Stitched_unmixed-rotated.nd2","Layer 1","dACC_v17_ FISH-IF v2.4.4","747","3338","3363","3462","3478","1","0","0","0","1","1","1328.5828","0","422.27127","0","0","0","0","0","6","10.218863","1","12263.741","1148.3793","1","0.828557","0","563.0962","679.6111","0","0","0","0","0","52.797462","40.553238","12.244224","15.876565","0.724445"
"D:\HAA\dACC revisions\Run 4\Br2720_dlPFC_20x_img_011-MaxIP-Stitched_unmixed-rotated.nd2","Layer 1","dACC_v17_ FISH-IF v2.4.4","748","3008","3047","3473","3497","0","0","0","0","1","1","2321.984","0","338.81244","0","0","0","0","0","0","0","0","0","0","0","0","0","0","0","0","0","0","0","0","141.49904","98.4141","43.084938","31.75313","0.633426"
"D:\HAA\dACC revisions\Run 4\Br2720_dlPFC_20x_img_011-MaxIP-Stitched_unmixed-rotated.nd2","Layer 1","dACC_v17_ FISH-IF v2.4.4","749","606","631","2291","2310","1","0","0","0","1","1","682.53876","0","196.54475","0","0","0","0","0","4","3.176133","1","2386.427","751.3623","0","0","0","0","0","0","0","0","0","0","72.13045","59.65607","12.474379","15.447468","0.716989"
"D:\HAA\dACC revisions\Run 4\Br2720_dlPFC_20x_img_011-MaxIP-Stitched_unmixed-rotated.nd2","Layer 1","dACC_v17_ FISH-IF v2.4.4","750","909","930","2299","2327","0","0","0","0","1","1","2727.7363","0","465.22812","0","0","0","0","0","1","0.966649","0","1085.9614","842.5714","0","0","0","0","0","0","0","0","0","0","81.428696","53.67205","27.756643","24.243944","0.676694"
"D:\HAA\dACC revisions\Run 4\Br2720_dlPFC_20x_img_011-MaxIP-Stitched_unmixed-rotated.nd2","Layer 1","dACC_v17_ FISH-IF v2.4.4","751","889","912","2300","2328","0","0","0","0","1","1","2729.7878","0","474.48788","0","0","0","0","0","0","0","0","0","0","0","0","0","0","0","0","0","0","0","0","96.6189","58.873543","37.745354","26.603973","0.848953"
"D:\HAA\dACC revisions\Run 4\Br2720_dlPFC_20x_img_011-MaxIP-Stitched_unmixed-rotated.nd2","Layer 1","dACC_v17_ FISH-IF v2.4.4","752","1002","1028","2371","2398","0","0","0","0","1","1","1013.9308","0","237.20712","0","0","0","0","0","0","0","0","0","0","0","0","0","0","0","0","0","0","0","0","104.16797","76.227196","27.940767","24.029396","0.786574"
"D:\HAA\dACC revisions\Run 4\Br2720_dlPFC_20x_img_011-MaxIP-Stitched_unmixed-rotated.nd2","Layer 1","dACC_v17_ FISH-IF v2.4.4","753","862","889","2376","2403","0","0","0","0","1","1","2729.4358","0","403.82385","0","0","0","0","0","0","0","0","0","0","0","0","0","0","0","0","0","0","0","0","101.037865","75.26055","25.777313","23.600298","0.74636"
"D:\HAA\dACC revisions\Run 4\Br2720_dlPFC_20x_img_011-MaxIP-Stitched_unmixed-rotated.nd2","Layer 1","dACC_v17_ FISH-IF v2.4.4","754","693","729","2380","2417","0","0","0","0","1","1","1206.24","0","274.13446","0","0","0","0","0","0","0","0","0","0","1","0.552371","0","398.2595","721","0","0","0","0","0","180.11897","111.25673","68.86225","40.764153","0.669047"
"D:\HAA\dACC revisions\Run 4\Br2720_dlPFC_20x_img_011-MaxIP-Stitched_unmixed-rotated.nd2","Layer 1","dACC_v17_ FISH-IF v2.4.4","755","623","658","2391","2430","0","0","0","0","1","1","1051.6191","0","268.16556","0","0","0","0","0","0","0","0","0","0","0","0","0","0","0","0","0","0","0","0","194.11238","112.03925","82.07313","42.480537","0.70384"
"D:\HAA\dACC revisions\Run 4\Br2720_dlPFC_20x_img_011-MaxIP-Stitched_unmixed-rotated.nd2","Layer 1","dACC_v17_ FISH-IF v2.4.4","756","740","767","2395","2420","0","0","0","0","1","1","3058.4795","0","632.7875","0","0","0","0","0","3","2.393608","0","1883.2169","786.7692","1","0.598402","0","379.47888","634.1539","0","0","0","0","0","95.00781","62.371895","32.63592","25.74578","0.787309"
"D:\HAA\dACC revisions\Run 4\Br2720_dlPFC_20x_img_011-MaxIP-Stitched_unmixed-rotated.nd2","Layer 1","dACC_v17_ FISH-IF v2.4.4","757","734","756","2414","2434","0","0","0","0","1","1","2662.2058","0","705.81177","0","0","0","0","0","2","2.945979","0","2922.9172","992.1719","0","0","0","0","0","0","0","0","0","0","64.25916","45.478546","18.780615","19.094788","0.848119"
"D:\HAA\dACC revisions\Run 4\Br2720_dlPFC_20x_img_011-MaxIP-Stitched_unmixed-rotated.nd2","Layer 1","dACC_v17_ FISH-IF v2.4.4","758","755","775","2418","2438","0","0","0","0","1","1","1444.9338","0","761.3236","0","0","0","0","0","2","1.749175","0","1343.7805","768.2368","0","0","0","0","0","0","0","0","0","0","59.19576","47.365814","11.829946","14.803823","0.798473"
"D:\HAA\dACC revisions\Run 4\Br2720_dlPFC_20x_img_011-MaxIP-Stitched_unmixed-rotated.nd2","Layer 1","dACC_v17_ FISH-IF v2.4.4","759","637","659","2426","2448","0","0","0","0","1","1","1650.9795","0","304.729","0","0","0","0","0","0","0","0","0","0","0","0","0","0","0","0","0","0","0","0","68.86225","55.375195","13.487059","17.59295","0.716372"
"D:\HAA\dACC revisions\Run 4\Br2720_dlPFC_20x_img_011-MaxIP-Stitched_unmixed-rotated.nd2","Layer 1","dACC_v17_ FISH-IF v2.4.4","760","958","986","2434","2464","0","0","0","1","1","1","2318.0596","0","380.73306","10","23.153551","2","32433.982","1400.821","0","0","0","0","0","0","0","0","0","0","0","0","0","0","0","118.48358","82.947716","35.53587","26.603973","0.801518"
"D:\HAA\dACC revisions\Run 4\Br2720_dlPFC_20x_img_011-MaxIP-Stitched_unmixed-rotated.nd2","Layer 1","dACC_v17_ FISH-IF v2.4.4","761","867","888","2439","2458","0","0","0","0","1","1","2029.7675","0","215.42688","0","0","0","0","0","0","0","0","0","0","0","0","0","0","0","0","0","0","0","0","58.59736","50.68004","7.917318","12.014698","0.809306"
"D:\HAA\dACC revisions\Run 4\Br2720_dlPFC_20x_img_011-MaxIP-Stitched_unmixed-rotated.nd2","Layer 1","dACC_v17_ FISH-IF v2.4.4","762","604","633","2442","2468","0","0","0","0","1","1","2469.645","0","391.02026","0","0","0","0","0","0","0","0","0","0","0","0","0","0","0","0","0","0","0","0","113.42018","77.239876","36.1803","27.03307","0.747461"
"D:\HAA\dACC revisions\Run 4\Br2720_dlPFC_20x_img_011-MaxIP-Stitched_unmixed-rotated.nd2","Layer 1","dACC_v17_ FISH-IF v2.4.4","763","807","830","2442","2462","0","0","0","0","1","1","1144.827","0","212.50517","0","0","0","0","0","0","0","0","0","0","0","0","0","0","0","0","0","0","0","0","70.10509","57.860863","12.244224","15.018372","0.776751"
"D:\HAA\dACC revisions\Run 4\Br2720_dlPFC_20x_img_011-MaxIP-Stitched_unmixed-rotated.nd2","Layer 1","dACC_v17_ FISH-IF v2.4.4","764","873","893","2467","2486","0","0","0","0","1","1","909.73486","0","145.38823","0","0","0","0","0","0","0","0","0","0","0","0","0","0","0","0","0","0","0","0","53.02762","46.951534","6.076081","10.51286","0.855959"
"D:\HAA\dACC revisions\Run 4\Br2720_dlPFC_20x_img_011-MaxIP-Stitched_unmixed-rotated.nd2","Layer 1","dACC_v17_ FISH-IF v2.4.4","765","873","894","2488","2510","0","0","0","0","1","1","1383.9137","0","225.829","0","0","0","0","0","0","0","0","0","0","0","0","0","0","0","0","0","0","0","0","68.26385","56.525967","11.737884","14.589275","0.850909"
"D:\HAA\dACC revisions\Run 4\Br2720_dlPFC_20x_img_011-MaxIP-Stitched_unmixed-rotated.nd2","Layer 1","dACC_v17_ FISH-IF v2.4.4","766","809","829","2509","2529","0","0","0","0","1","1","730.1497","0","146.77164","0","0","0","0","0","0","0","0","0","0","0","0","0","0","0","0","0","0","0","0","57.67674","49.98958","7.687163","11.585601","0.846383"
"D:\HAA\dACC revisions\Run 4\Br2720_dlPFC_20x_img_011-MaxIP-Stitched_unmixed-rotated.nd2","Layer 1","dACC_v17_ FISH-IF v2.4.4","767","627","650","2581","2604","0","0","0","0","1","1","1702.142","0","411.511","3","4.096752","0","3873.5017","945.5056","0","0","0","0","0","0","0","0","0","0","0","0","0","0","0","74.06374","52.337154","21.726593","21.454817","0.672411"
"D:\HAA\dACC revisions\Run 4\Br2720_dlPFC_20x_img_011-MaxIP-Stitched_unmixed-rotated.nd2","Layer 1","dACC_v17_ FISH-IF v2.4.4","768","646","674","2584","2614","0","0","0","1","1","1","2568.6902","0","502.85812","6","13.809276","1","16485.098","1193.77","0","0","0","0","0","0","0","0","0","0","0","0","0","0","0","119.49626","73.005035","46.491226","30.036743","0.771438"
"D:\HAA\dACC revisions\Run 4\Br2720_dlPFC_20x_img_011-MaxIP-Stitched_unmixed-rotated.nd2","Layer 1","dACC_v17_ FISH-IF v2.4.4","769","742","764","2594","2620","0","0","0","1","1","1","2160.8442","0","300.81677","6","18.044119","1","34503.074","1912.1505","0","0","0","0","0","0","0","0","0","0","0","0","0","0","0","83.03977","65.31787","17.721903","18.88024","0.792421"
"D:\HAA\dACC revisions\Run 4\Br2720_dlPFC_20x_img_011-MaxIP-Stitched_unmixed-rotated.nd2","Layer 1","dACC_v17_ FISH-IF v2.4.4","770","843","867","2650","2679","0","0","0","0","1","1","3160.4663","0","619.59973","0","0","0","0","0","0","0","0","0","0","0","0","0","0","0","0","0","0","0","0","104.30606","76.365295","27.940767","23.171202","0.804234"
"D:\HAA\dACC revisions\Run 4\Br2720_dlPFC_20x_img_011-MaxIP-Stitched_unmixed-rotated.nd2","Layer 1","dACC_v17_ FISH-IF v2.4.4","771","744","763","2657","2675","0","0","0","0","1","1","582.4144","0","136.70348","0","0","0","0","0","0","0","0","0","0","0","0","0","0","0","0","0","0","0","0","50.12767","45.018238","5.109432","9.225572","0.89332"
"D:\HAA\dACC revisions\Run 4\Br2720_dlPFC_20x_img_011-MaxIP-Stitched_unmixed-rotated.nd2","Layer 1","dACC_v17_ FISH-IF v2.4.4","772","3921","3951","1519","1550","1","0","0","0","1","1","1611.1934","0","329.24487","1","0.920618","0","655.34216","711.85","16","27.57252","3","30645.451","1111.4491","0","0","0","0","0","0","0","0","0","0","135.14677","87.78096","47.365814","30.46584","0.90336"
"D:\HAA\dACC revisions\Run 4\Br2720_dlPFC_20x_img_011-MaxIP-Stitched_unmixed-rotated.nd2","Layer 1","dACC_v17_ FISH-IF v2.4.4","773","3844","3869","1526","1551","0","0","0","0","1","1","3390.7913","0","482.77927","0","0","0","0","0","0","0","0","0","0","0","0","0","0","0","0","0","0","0","0","90.63488","68.81622","21.818655","20.167528","0.872058"
"D:\HAA\dACC revisions\Run 4\Br2720_dlPFC_20x_img_011-MaxIP-Stitched_unmixed-rotated.nd2","Layer 1","dACC_v17_ FISH-IF v2.4.4","774","4097","4117","1528","1546","0","0","0","0","1","1","665.1866","0","129.1665","0","0","0","0","0","2","2.5317","0","2206.0317","871.36365","0","0","0","0","0","0","0","0","0","0","53.718082","47.54994","6.168143","10.51286","0.790793"
"D:\HAA\dACC revisions\Run 4\Br2720_dlPFC_20x_img_011-MaxIP-Stitched_unmixed-rotated.nd2","Layer 1","dACC_v17_ FISH-IF v2.4.4","775","3947","3977","1530","1557","0","0","1","0","1","1","2287.8164","0","452.02054","0","0","0","0","0","0","0","0","0","0","0","0","0","0","0","31","67.20514","4","48667.984","724.17053","117.83915","80.73823","37.100918","27.462166","0.821763"
"D:\HAA\dACC revisions\Run 4\Br2720_dlPFC_20x_img_011-MaxIP-Stitched_unmixed-rotated.nd2","Layer 1","dACC_v17_ FISH-IF v2.4.4","776","4018","4047","1537","1559","0","0","0","0","1","1","2900.8167","0","477.00375","3","6.858607","0","6732.3438","981.5906","0","0","0","0","0","0","0","0","0","0","0","0","0","0","0","86.07781","61.22112","24.856695","22.31301","0.749325"
"D:\HAA\dACC revisions\Run 4\Br2720_dlPFC_20x_img_011-MaxIP-Stitched_unmixed-rotated.nd2","Layer 1","dACC_v17_ FISH-IF v2.4.4","777","4010","4037","1551","1575","0","0","0","0","1","1","2921.2798","0","450.1677","0","0","0","0","0","0","0","0","0","0","0","0","0","0","0","0","0","0","0","0","85.61751","60.11638","25.50113","22.31301","0.824074"
"D:\HAA\dACC revisions\Run 4\Br2720_dlPFC_20x_img_011-MaxIP-Stitched_unmixed-rotated.nd2","Layer 1","dACC_v17_ FISH-IF v2.4.4","778","4081","4111","1551","1578","1","0","0","0","1","1","2082.6062","0","440.2841","0","0","0","0","0","9","10.633142","1","13230.574","1207.6807","0","0","0","0","0","0","0","0","0","0","122.25812","84.74292","37.515198","27.03307","0.803758"
"D:\HAA\dACC revisions\Run 4\Br2720_dlPFC_20x_img_011-MaxIP-Stitched_unmixed-rotated.nd2","Layer 1","dACC_v17_ FISH-IF v2.4.4","779","4150","4177","1554","1581","1","0","0","0","1","1","3311.7559","0","420.86932","0","0","0","0","0","5","6.260205","1","5283.981","844.05884","0","0","0","0","0","3","1.611082","0","700.9588","435.08572","101.31405","73.97169","27.342365","22.956654","0.923145"
"D:\HAA\dACC revisions\Run 4\Br2720_dlPFC_20x_img_011-MaxIP-Stitched_unmixed-rotated.nd2","Layer 1","dACC_v17_ FISH-IF v2.4.4","780","4069","4087","1622","1640","0","0","0","0","1","1","465.13446","0","127.72177","0","0","0","0","0","0","0","0","0","0","0","0","0","0","0","0","0","0","0","0","51.14035","45.66267","5.477679","9.44012","0.871647"
"D:\HAA\dACC revisions\Run 4\Br2720_dlPFC_20x_img_011-MaxIP-Stitched_unmixed-rotated.nd2","Layer 1","dACC_v17_ FISH-IF v2.4.4","781","4180","4213","1627","1656","0","0","0","0","1","1","1850.4882","0","326.34445","0","0","0","0","0","0","0","0","0","0","0","0","0","0","0","0","0","0","0","0","140.94667","92.47611","48.470554","31.324034","0.794302"
"D:\HAA\dACC revisions\Run 4\Br2720_dlPFC_20x_img_011-MaxIP-Stitched_unmixed-rotated.nd2","Layer 1","dACC_v17_ FISH-IF v2.4.4","782","4080","4106","1641","1661","0","0","0","0","1","1","2047.4406","0","444.65378","0","0","0","0","0","0","0","0","0","0","0","0","0","0","0","0","0","0","0","0","72.498695","51.18638","21.312315","20.811172","0.858527"
"D:\HAA\dACC revisions\Run 4\Br2720_dlPFC_20x_img_011-MaxIP-Stitched_unmixed-rotated.nd2","Layer 1","dACC_v17_ FISH-IF v2.4.4","783","4118","4161","1652","1683","0","0","0","0","1","1","2069.836","0","372.28543","2","1.334897","0","1336.2776","1001.0345","0","0","0","0","0","0","0","0","0","0","0","0","0","0","0","154.3877","111.44085","42.946846","41.19325","0.45837"
"D:\HAA\dACC revisions\Run 4\Br2720_dlPFC_20x_img_011-MaxIP-Stitched_unmixed-rotated.nd2","Layer 1","dACC_v17_ FISH-IF v2.4.4","784","4079","4106","1659","1683","0","0","0","0","1","1","2723.2314","0","580.27124","0","0","0","0","0","0","0","0","0","0","0","0","0","0","0","0","0","0","0","0","94.77766","61.77349","33.00417","25.74578","0.832855"
"D:\HAA\dACC revisions\Run 4\Br2720_dlPFC_20x_img_011-MaxIP-Stitched_unmixed-rotated.nd2","Layer 1","dACC_v17_ FISH-IF v2.4.4","785","3925","3953","1683","1713","0","0","0","0","1","1","1851.332","0","349.5909","0","0","0","0","0","0","0","0","0","0","0","0","0","0","0","0","0","0","0","0","119.49626","83.03977","36.456486","26.818521","0.794864"
"D:\HAA\dACC revisions\Run 4\Br2720_dlPFC_20x_img_011-MaxIP-Stitched_unmixed-rotated.nd2","Layer 1","dACC_v17_ FISH-IF v2.4.4","786","4072","4105","1687","1718","1","0","0","0","1","1","1809.4891","0","313.52676","0","0","0","0","0","7","11.231544","1","12033.219","1071.3771","0","0","0","0","0","0","0","0","0","0","151.2576","96.29668","54.960915","32.61132","0.874631"
"D:\HAA\dACC revisions\Run 4\Br2720_dlPFC_20x_img_011-MaxIP-Stitched_unmixed-rotated.nd2","Layer 1","dACC_v17_ FISH-IF v2.4.4","787","3893","3925","1709","1737","1","0","0","0","1","1","2169.0894","0","329.25836","0","0","0","0","0","6","10.402987","1","8570.221","823.823","0","0","0","0","0","0","0","0","0","0","127.78183","86.58415","41.19767","28.749454","0.810145"
"D:\HAA\dACC revisions\Run 4\Br2720_dlPFC_20x_img_011-MaxIP-Stitched_unmixed-rotated.nd2","Layer 1","dACC_v17_ FISH-IF v2.4.4","788","4038","4060","1743","1777","0","0","0","1","1","1","2363.0657","0","470.25854","4","9.850616","1","13654.842","1386.1915","0","0","0","0","0","0","0","0","0","0","0","0","0","0","0","105.31874","80.83029","24.488447","25.316685","0.541061"
"D:\HAA\dACC revisions\Run 4\Br2720_dlPFC_20x_img_011-MaxIP-Stitched_unmixed-rotated.nd2","Layer 1","dACC_v17_ FISH-IF v2.4.4","789","3961","3981","1744","1763","0","0","0","0","1","1","1600.5742","0","384.0509","0","0","0","0","0","0","0","0","0","0","0","0","0","0","0","0","0","0","0","0","52.337154","45.202362","7.134792","11.156505","0.784188"
"D:\HAA\dACC revisions\Run 4\Br2720_dlPFC_20x_img_011-MaxIP-Stitched_unmixed-rotated.nd2","Layer 1","dACC_v17_ FISH-IF v2.4.4","790","3946","3972","1753","1780","0","0","0","0","1","1","2299.8035","0","378.23306","0","0","0","0","0","0","0","0","0","0","0","0","0","0","0","0","0","0","0","0","96.38874","69.92097","26.467777","22.742105","0.857536"
"D:\HAA\dACC revisions\Run 4\Br2720_dlPFC_20x_img_011-MaxIP-Stitched_unmixed-rotated.nd2","Layer 1","dACC_v17_ FISH-IF v2.4.4","791","4075","4107","1775","1801","1","0","0","0","1","1","2272.3262","0","389.86926","0","0","0","0","0","20","26.605871","3","53055.56","1994.1298","0","0","0","0","0","0","0","0","0","0","124.28348","85.20323","39.08025","27.462166","0.844899"
"D:\HAA\dACC revisions\Run 4\Br2720_dlPFC_20x_img_011-MaxIP-Stitched_unmixed-rotated.nd2","Layer 1","dACC_v17_ FISH-IF v2.4.4","792","4184","4215","1798","1829","0","0","0","0","1","1","2122.4202","0","366.96835","0","0","0","0","0","0","0","0","0","0","0","0","0","0","0","0","0","0","0","0","135.74518","90.17457","45.57061","30.036743","0.817664"
"D:\HAA\dACC revisions\Run 4\Br2720_dlPFC_20x_img_011-MaxIP-Stitched_unmixed-rotated.nd2","Layer 1","dACC_v17_ FISH-IF v2.4.4","793","3938","3962","1821","1848","0","0","0","0","1","1","3378.9385","0","424.18054","0","0","0","0","0","0","0","0","0","0","0","0","0","0","0","0","0","0","0","0","95.83637","71.90029","23.936077","21.454817","0.786647"
"D:\HAA\dACC revisions\Run 4\Br2720_dlPFC_20x_img_011-MaxIP-Stitched_unmixed-rotated.nd2","Layer 1","dACC_v17_ FISH-IF v2.4.4","794","4202","4221","1846","1864","0","0","0","0","1","1","611.34644","0","126.10672","0","0","0","0","0","0","0","0","0","0","0","0","0","0","0","0","0","0","0","0","52.429214","46.58329","5.845926","9.869216","0.84951"
"D:\HAA\dACC revisions\Run 4\Br2720_dlPFC_20x_img_011-MaxIP-Stitched_unmixed-rotated.nd2","Layer 1","dACC_v17_ FISH-IF v2.4.4","795","3880","3909","1846","1875","0","0","0","0","1","1","1917.0059","0","324.36792","0","0","0","0","0","0","0","0","0","0","0","0","0","0","0","0","0","0","0","0","124.00729","84.69689","39.310402","27.462166","0.838975"
"D:\HAA\dACC revisions\Run 4\Br2720_dlPFC_20x_img_011-MaxIP-Stitched_unmixed-rotated.nd2","Layer 1","dACC_v17_ FISH-IF v2.4.4","796","3829","3859","1862","1895","1","0","0","0","1","1","1259.4825","0","263.4353","0","0","0","0","0","13","17.307625","2","15123.78","873.82184","0","0","0","0","0","0","0","0","0","0","140.44032","92.84436","47.59597","32.182224","0.791856"
"D:\HAA\dACC revisions\Run 4\Br2720_dlPFC_20x_img_011-MaxIP-Stitched_unmixed-rotated.nd2","Layer 1","dACC_v17_ FISH-IF v2.4.4","797","3902","3931","1868","1894","0","0","0","0","1","1","2375.8088","0","386.57877","3","11.553761","0","12729.528","1101.7649","0","0","0","0","0","0","0","0","0","0","0","0","0","0","0","108.126625","78.02241","30.10422","24.887589","0.806253"
"D:\HAA\dACC revisions\Run 4\Br2720_dlPFC_20x_img_011-MaxIP-Stitched_unmixed-rotated.nd2","Layer 1","dACC_v17_ FISH-IF v2.4.4","798","1393","1421","3486","3526","1","0","1","0","1","1","1161.178","0","455.65045","0","0","0","0","0","8","15.328296","1","15927.895","1039.1171","1","1.01268","0","770.18933","760.5455","22","45.432514","3","25506.146","561.4073","164.46848","100.3474","64.12107","37.331383","0.701864"
"D:\HAA\dACC revisions\Run 4\Br2720_dlPFC_20x_img_011-MaxIP-Stitched_unmixed-rotated.nd2","Layer 1","dACC_v17_ FISH-IF v2.4.4","799","1155","1181","3503","3533","0","0","1","0","1","1","2298.342","0","484.45697","0","0","0","0","0","0","0","0","0","0","0","0","0","0","0","4","5.707834","1","2707.3083","474.3145","100.25534","63.66076","36.594578","27.247618","0.822093"
"D:\HAA\dACC revisions\Run 4\Br2720_dlPFC_20x_img_011-MaxIP-Stitched_unmixed-rotated.nd2","Layer 1","dACC_v17_ FISH-IF v2.4.4","800","1207","1235","3509","3541","0","0","0","0","1","1","2999.2358","0","606.90936","2","2.071391","0","2744.5935","1028.0172","0","0","0","0","0","0","0","0","0","0","0","0","0","0","0","122.85652","83.8223","39.034218","31.75313","0.629798"
"D:\HAA\dACC revisions\Run 4\Br2720_dlPFC_20x_img_011-MaxIP-Stitched_unmixed-rotated.nd2","Layer 1","dACC_v17_ FISH-IF v2.4.4","801","1088","1117","3512","3543","0","0","1","0","1","1","2099.223","0","351.33405","0","0","0","0","0","0","0","0","0","0","0","0","0","0","0","55","86.72225","4","86704.44","999.79456","128.24214","86.538124","41.70401","28.964003","0.881819"
"D:\HAA\dACC revisions\Run 4\Br2720_dlPFC_20x_img_011-MaxIP-Stitched_unmixed-rotated.nd2","Layer 1","dACC_v17_ FISH-IF v2.4.4","802","1168","1192","3516","3541","0","0","0","0","1","1","3075.5747","0","497.58994","0","0","0","0","0","0","0","0","0","0","0","0","0","0","0","0","0","0","0","0","76.18117","51.18638","24.99479","23.38575","0.838052"
"D:\HAA\dACC revisions\Run 4\Br2720_dlPFC_20x_img_011-MaxIP-Stitched_unmixed-rotated.nd2","Layer 1","dACC_v17_ FISH-IF v2.4.4","803","1264","1293","3524","3552","0","0","1","0","1","1","2704.0474","0","499.65216","0","0","0","0","0","0","0","0","0","0","0","0","0","0","0","14","31.162931","2","22034.54","707.0753","117.42487","81.52075","35.904114","26.174877","0.901537"
"D:\HAA\dACC revisions\Run 4\Br2720_dlPFC_20x_img_011-MaxIP-Stitched_unmixed-rotated.nd2","Layer 1","dACC_v17_ FISH-IF v2.4.4","804","1324","1350","3538","3564","0","0","0","0","1","1","3319.539","0","425.26746","0","0","0","0","0","0","0","0","0","0","0","0","0","0","0","0","0","0","0","0","100.89977","73.833595","27.06618","22.527557","0.885408"
"D:\HAA\dACC revisions\Run 4\Br2720_dlPFC_20x_img_011-MaxIP-Stitched_unmixed-rotated.nd2","Layer 1","dACC_v17_ FISH-IF v2.4.4","805","1339","1365","3562","3594","0","0","0","0","1","1","1938.6658","0","310.3314","0","0","0","0","0","0","0","0","0","0","0","0","0","0","0","2","3.130102","0","1535.3152","490.5","113.32812","79.44936","33.878754","27.03307","0.739744"
"D:\HAA\dACC revisions\Run 4\Br2720_dlPFC_20x_img_011-MaxIP-Stitched_unmixed-rotated.nd2","Layer 1","dACC_v17_ FISH-IF v2.4.4","806","1405","1424","3562","3582","0","0","0","0","1","1","855.38464","0","166.31801","0","0","0","0","0","0","0","0","0","0","0","0","0","0","0","0","0","0","0","0","54.6387","48.05628","6.582421","10.727408","0.82052"
"D:\HAA\dACC revisions\Run 4\Br2720_dlPFC_20x_img_011-MaxIP-Stitched_unmixed-rotated.nd2","Layer 1","dACC_v17_ FISH-IF v2.4.4","807","1374","1402","3580","3602","0","0","0","0","1","1","1855.6503","0","372.00717","3","4.51103","0","4561.71","1011.2347","1","0.644433","0","415.88934","645.3571","0","0","0","0","0","0","0","0","0","0","94.86972","70.51936","24.350355","21.883913","0.706467"
"D:\HAA\dACC revisions\Run 4\Br2720_dlPFC_20x_img_011-MaxIP-Stitched_unmixed-rotated.nd2","Layer 1","dACC_v17_ FISH-IF v2.4.4","808","1356","1374","3584","3603","0","0","0","0","1","1","1629.4078","0","260.2101","2","4.464999","0","4903.3975","1098.1855","0","0","0","0","0","0","0","0","0","0","0","0","0","0","0","48.838802","41.842106","6.996699","11.800149","0.755335"
"D:\HAA\dACC revisions\Run 4\Br2720_dlPFC_20x_img_011-MaxIP-Stitched_unmixed-rotated.nd2","Layer 1","dACC_v17_ FISH-IF v2.4.4","809","1332","1355","3595","3630","0","0","1","0","1","1","1996.3215","0","457.90747","0","0","0","0","0","0","0","0","0","0","0","0","0","0","0","37","75.76689","4","58326.004","769.80865","117.60899","77.10178","40.507206","30.46584","0.695242"
"D:\HAA\dACC revisions\Run 4\Br2720_dlPFC_20x_img_011-MaxIP-Stitched_unmixed-rotated.nd2","Layer 1","dACC_v17_ FISH-IF v2.4.4","810","1307","1333","3597","3617","0","0","0","0","1","1","2839.0781","0","654.78754","0","0","0","0","0","0","0","0","0","0","0","0","0","0","0","3","7.687163","0","4855.295","631.6108","71.992355","41.381794","30.61056","25.531233","0.737139"
"D:\HAA\dACC revisions\Run 4\Br2720_dlPFC_20x_img_011-MaxIP-Stitched_unmixed-rotated.nd2","Layer 1","dACC_v17_ FISH-IF v2.4.4","811","1173","1209","3605","3644","0","0","0","0","1","1","2782.4607","0","420.0089","1","0.690464","0","558.07886","808.26666","0","0","0","0","0","0","0","0","0","0","0","0","0","0","0","211.23589","113.74239","97.493484","48.48789","0.700405"
"D:\HAA\dACC revisions\Run 4\Br2720_dlPFC_20x_img_011-MaxIP-Stitched_unmixed-rotated.nd2","Layer 1","dACC_v17_ FISH-IF v2.4.4","812","1305","1333","3613","3629","0","0","0","0","1","1","2492.6248","0","803.64935","0","0","0","0","0","0","0","0","0","0","0","0","0","0","0","1","0.322216","0","147.94337","459.14285","67.52736","34.52319","33.00417","26.603973","0.734819"
"D:\HAA\dACC revisions\Run 4\Br2720_dlPFC_20x_img_011-MaxIP-Stitched_unmixed-rotated.nd2","Layer 1","dACC_v17_ FISH-IF v2.4.4","813","1306","1332","3629","3650","0","0","0","0","1","1","3267.3882","0","474.54648","0","0","0","0","0","0","0","0","0","0","0","0","0","0","0","0","0","0","0","0","86.492096","57.446587","29.04551","23.600298","0.816279"
"D:\HAA\dACC revisions\Run 4\Br2720_dlPFC_20x_img_011-MaxIP-Stitched_unmixed-rotated.nd2","Layer 1","dACC_v17_ FISH-IF v2.4.4","814","1185","1208","3643","3660","0","0","0","0","1","1","2809.7874","0","429.49146","2","2.807886","0","2835.0442","1009.6721","0","0","0","0","0","0","0","0","0","0","0","0","0","0","0","62.602047","45.708702","16.893347","17.163853","0.734795"
"D:\HAA\dACC revisions\Run 4\Br2720_dlPFC_20x_img_011-MaxIP-Stitched_unmixed-rotated.nd2","Layer 1","dACC_v17_ FISH-IF v2.4.4","815","1029","1057","3643","3672","0","0","0","0","1","1","2672.603","0","455.701","0","0","0","0","0","0","0","0","0","0","0","0","0","0","0","0","0","0","0","0","112.86781","80.04777","32.820045","26.389425","0.835518"
"D:\HAA\dACC revisions\Run 4\Br2720_dlPFC_20x_img_011-MaxIP-Stitched_unmixed-rotated.nd2","Layer 1","dACC_v17_ FISH-IF v2.4.4","816","1263","1286","3656","3675","0","0","0","0","1","1","1213.3055","0","206.37868","0","0","0","0","0","0","0","0","0","0","0","0","0","0","0","0","0","0","0","0","61.405243","53.11968","8.285565","13.301987","0.654792"
"D:\HAA\dACC revisions\Run 4\Br2720_dlPFC_20x_img_011-MaxIP-Stitched_unmixed-rotated.nd2","Layer 1","dACC_v17_ FISH-IF v2.4.4","817","1333","1356","3677","3706","0","0","1","0","1","1","3214.9385","0","438.33185","0","0","0","0","0","0","0","0","0","0","1","1.058711","0","997.49","802.5926","7","16.11082","1","8727.692","541.7286","99.38075","71.71617","27.664581","23.38575","0.816299"
"D:\HAA\dACC revisions\Run 4\Br2720_dlPFC_20x_img_011-MaxIP-Stitched_unmixed-rotated.nd2","Layer 1","dACC_v17_ FISH-IF v2.4.4","818","1356","1381","3683","3710","0","0","1","0","1","1","1041.4724","0","355.4974","0","0","0","0","0","0","0","0","0","0","1","0.782526","0","481.2993","615.05884","11","25.04082","2","13778.526","550.2427","95.33003","71.163795","24.166231","23.171202","0.737488"
"D:\HAA\dACC revisions\Run 4\Br2720_dlPFC_20x_img_011-MaxIP-Stitched_unmixed-rotated.nd2","Layer 1","dACC_v17_ FISH-IF v2.4.4","819","1054","1079","3696","3731","0","0","0","0","1","1","2463.6245","0","402.655","0","0","0","0","0","0","0","0","0","0","0","0","0","0","0","0","0","0","0","0","128.38023","89.530136","38.850094","29.17855","0.688101"
"D:\HAA\dACC revisions\Run 4\Br2720_dlPFC_20x_img_011-MaxIP-Stitched_unmixed-rotated.nd2","Layer 1","dACC_v17_ FISH-IF v2.4.4","820","1029","1048","3734","3754","0","0","0","0","1","1","357.0067","0","119.600945","0","0","0","0","0","0","0","0","0","0","0","0","0","0","0","0","0","0","0","0","55.421227","48.56262","6.858607","11.156505","0.841521"
"D:\HAA\dACC revisions\Run 4\Br2720_dlPFC_20x_img_011-MaxIP-Stitched_unmixed-rotated.nd2","Layer 1","dACC_v17_ FISH-IF v2.4.4","821","1101","1125","3768","3796","0","1","0","0","1","1","2924.0034","0","636.80756","0","0","0","0","0","0","0","0","0","0","4","2.807886","1","4586.5664","1107.1222","2","3.314226","0","1975.0026","595.9167","90.588844","63.384575","27.204271","23.171202","0.784941"
"D:\HAA\dACC revisions\Run 4\Br2720_dlPFC_20x_img_011-MaxIP-Stitched_unmixed-rotated.nd2","Layer 1","dACC_v17_ FISH-IF v2.4.4","822","1124","1136","3776","3793","0","1","1","0","1","1","1571.9678","0","499.6872","0","0","0","0","0","0","0","0","0","0","4","4.833246","1","3697.6636","765.0476","8","20.207573","1","12023.092","594.9795","29.828035","28.401075","1.426958","4.72006","0.631556"
"D:\HAA\dACC revisions\Run 4\Br2720_dlPFC_20x_img_011-MaxIP-Stitched_unmixed-rotated.nd2","Layer 1","dACC_v17_ FISH-IF v2.4.4","823","1177","1207","3787","3811","0","0","0","1","1","1","2613.1091","0","431.76724","8","22.831335","1","37075.14","1623.871","0","0","0","0","0","0","0","0","0","0","0","0","0","0","0","107.66631","78.11446","29.55185","24.029396","0.766456"
"D:\HAA\dACC revisions\Run 4\Br2720_dlPFC_20x_img_011-MaxIP-Stitched_unmixed-rotated.nd2","Layer 1","dACC_v17_ FISH-IF v2.4.4","824","4060","4087","721","746","0","0","0","1","1","1","2419.4883","0","387.89575","18","37.423138","3","105435.1","2817.3777","0","0","0","0","0","0","0","0","0","0","0","0","0","0","0","97.86173","72.40663","25.455097","22.31301","0.859875"
"D:\HAA\dACC revisions\Run 4\Br2720_dlPFC_20x_img_011-MaxIP-Stitched_unmixed-rotated.nd2","Layer 1","dACC_v17_ FISH-IF v2.4.4","825","4099","4123","732","754","0","0","0","0","1","1","1675.5261","0","274.46237","0","0","0","0","0","0","0","0","0","0","0","0","0","0","0","0","0","0","0","0","79.72555","63.016327","16.709223","17.378403","0.876984"
"D:\HAA\dACC revisions\Run 4\Br2720_dlPFC_20x_img_011-MaxIP-Stitched_unmixed-rotated.nd2","Layer 1","dACC_v17_ FISH-IF v2.4.4","826","3926","3952","734","759","0","0","0","0","1","1","1670.9613","0","265.74832","0","0","0","0","0","0","0","0","0","0","0","0","0","0","0","0","0","0","0","0","87.96508","68.954315","19.010769","21.02572","0.685662"
"D:\HAA\dACC revisions\Run 4\Br2720_dlPFC_20x_img_011-MaxIP-Stitched_unmixed-rotated.nd2","Layer 1","dACC_v17_ FISH-IF v2.4.4","827","3991","4024","750","778","1","0","0","0","1","1","1426.7725","0","301.74948","0","0","0","0","0","17","23.890047","3","28945.668","1211.6205","3","2.393608","0","1722.2008","719.5","1","0.414278","0","185.18239","447","137.03404","91.32534","45.708702","30.46584","0.768628"
"D:\HAA\dACC revisions\Run 4\Br2720_dlPFC_20x_img_011-MaxIP-Stitched_unmixed-rotated.nd2","Layer 1","dACC_v17_ FISH-IF v2.4.4","828","4045","4074","794","820","0","0","0","0","1","1","2947.7527","0","390.55408","0","0","0","0","0","0","0","0","0","0","0","0","0","0","0","0","0","0","0","0","112.54559","79.587456","32.958138","25.316685","0.845141"
"D:\HAA\dACC revisions\Run 4\Br2720_dlPFC_20x_img_011-MaxIP-Stitched_unmixed-rotated.nd2","Layer 1","dACC_v17_ FISH-IF v2.4.4","829","3907","3935","803","829","1","0","0","0","1","1","1712.6661","0","268.93784","1","0.690464","0","491.10385","711.26666","5","7.503039","1","6929.448","841","0","0","0","0","0","1","0.874587","0","397.89127","454.94736","102.2807","75.536736","26.743963","24.029396","0.768486"
"D:\HAA\dACC revisions\Run 4\Br2720_dlPFC_20x_img_011-MaxIP-Stitched_unmixed-rotated.nd2","Layer 1","dACC_v17_ FISH-IF v2.4.4","830","4132","4153","804","824","0","0","0","0","1","1","813.5288","0","159.40845","0","0","0","0","0","0","0","0","0","0","0","0","0","0","0","0","0","0","0","0","61.083027","52.291122","8.791905","12.87289","0.804236"
"D:\HAA\dACC revisions\Run 4\Br2720_dlPFC_20x_img_011-MaxIP-Stitched_unmixed-rotated.nd2","Layer 1","dACC_v17_ FISH-IF v2.4.4","831","3941","3968","829","860","1","0","0","0","1","1","2253.009","0","408.62766","0","0","0","0","0","8","12.842626","1","13858.252","1079.0824","0","0","0","0","0","0","0","0","0","0","126.76915","86.538124","40.23102","28.320358","0.809771"
"D:\HAA\dACC revisions\Run 4\Br2720_dlPFC_20x_img_011-MaxIP-Stitched_unmixed-rotated.nd2","Layer 1","dACC_v17_ FISH-IF v2.4.4","832","4025","4047","829","858","0","0","0","1","1","1","2804.9531","0","511.25366","9","20.944067","1","37613.152","1761.0518","2","1.150773","0","837.67065","727.92","0","0","0","0","0","0","0","0","0","0","93.120544","62.602047","30.518497","24.887589","0.779398"
"D:\HAA\dACC revisions\Run 4\Br2720_dlPFC_20x_img_011-MaxIP-Stitched_unmixed-rotated.nd2","Layer 1","dACC_v17_ FISH-IF v2.4.4","833","4045","4071","830","859","1","0","0","0","1","1","2259.5884","0","488.25806","2","1.979329","0","2277.0115","1150.3954","6","8.285565","1","8363.68","1009.4278","0","0","0","0","0","0","0","0","0","0","110.474205","70.10509","40.369114","29.822195","0.779496"
"D:\HAA\dACC revisions\Run 4\Br2720_dlPFC_20x_img_011-MaxIP-Stitched_unmixed-rotated.nd2","Layer 1","dACC_v17_ FISH-IF v2.4.4","834","4036","4063","880","906","1","0","0","0","1","1","1226.3074","0","266.57437","0","0","0","0","0","10","15.098141","2","15920.161","1051.2401","0","0","0","0","0","1","0.322216","0","133.85791","415.42856","91.46343","69.00034","22.463087","22.31301","0.819273"
"D:\HAA\dACC revisions\Run 4\Br2720_dlPFC_20x_img_011-MaxIP-Stitched_unmixed-rotated.nd2","Layer 1","dACC_v17_ FISH-IF v2.4.4","835","4011","4036","887","917","1","0","0","0","1","1","2616.296","0","548.9311","0","0","0","0","0","6","6.812576","1","7587.5063","1098.9","0","0","0","0","0","0","0","0","0","0","111.85513","79.49539","32.359734","25.102137","0.814942"
"D:\HAA\dACC revisions\Run 4\Br2720_dlPFC_20x_img_011-MaxIP-Stitched_unmixed-rotated.nd2","Layer 1","dACC_v17_ FISH-IF v2.4.4","836","3838","3857","890","909","0","0","0","0","1","1","677.3359","0","138.43823","0","0","0","0","0","0","0","0","0","0","0","0","0","0","0","0","0","0","0","0","52.981586","46.951534","6.03005","10.083764","0.854852"
"D:\HAA\dACC revisions\Run 4\Br2720_dlPFC_20x_img_011-MaxIP-Stitched_unmixed-rotated.nd2","Layer 1","dACC_v17_ FISH-IF v2.4.4","837","4055","4082","897","924","1","0","0","0","1","1","2045.4932","0","396.1603","0","0","0","0","0","5","10.08077","1","12039.202","1194.2739","0","0","0","0","0","1","0.368247","0","165.52718","449.5","100.66962","73.511375","27.158241","24.243944","0.877932"
"D:\HAA\dACC revisions\Run 4\Br2720_dlPFC_20x_img_011-MaxIP-Stitched_unmixed-rotated.nd2","Layer 1","dACC_v17_ FISH-IF v2.4.4","838","3888","3908","898","918","0","0","0","0","1","1","725.3043","0","151.37163","0","0","0","0","0","0","0","0","0","0","0","0","0","0","0","0","0","0","0","0","59.74813","51.278442","8.469688","12.014698","0.886125"
"D:\HAA\dACC revisions\Run 4\Br2720_dlPFC_20x_img_011-MaxIP-Stitched_unmixed-rotated.nd2","Layer 1","dACC_v17_ FISH-IF v2.4.4","839","3816","3840","923","946","0","0","0","0","1","1","1960.3947","0","366.94717","0","0","0","0","0","0","0","0","0","0","0","0","0","0","0","0","0","0","0","0","71.07174","48.792774","22.278965","21.669365","0.854437"
"D:\HAA\dACC revisions\Run 4\Br2720_dlPFC_20x_img_011-MaxIP-Stitched_unmixed-rotated.nd2","Layer 1","dACC_v17_ FISH-IF v2.4.4","840","3867","3890","931","955","0","0","0","0","1","1","1630.801","0","281.36694","0","0","0","0","0","0","0","0","0","0","0","0","0","0","0","0","0","0","0","0","84.69689","65.73215","18.964739","18.88024","0.873512"
"D:\HAA\dACC revisions\Run 4\Br2720_dlPFC_20x_img_011-MaxIP-Stitched_unmixed-rotated.nd2","Layer 1","dACC_v17_ FISH-IF v2.4.4","841","3888","3914","963","985","0","0","0","0","1","1","1120.238","0","264.55692","3","4.649123","0","4192.8184","893.0098","0","0","0","0","0","0","0","0","0","0","0","0","0","0","0","86.26194","67.113075","19.14886","19.309336","0.78827"
"D:\HAA\dACC revisions\Run 4\Br2720_dlPFC_20x_img_011-MaxIP-Stitched_unmixed-rotated.nd2","Layer 1","dACC_v17_ FISH-IF v2.4.4","842","4153","4179","994","1022","1","0","0","0","1","1","2490.4268","0","427.96555","1","1.150773","0","825.1962","717.08","4","5.01737","1","4157.7886","828.6789","0","0","0","0","0","2","2.761855","0","1387.4639","502.36667","105.73302","76.18117","29.55185","24.029396","0.890011"
"D:\HAA\dACC revisions\Run 4\Br2720_dlPFC_20x_img_011-MaxIP-Stitched_unmixed-rotated.nd2","Layer 1","dACC_v17_ FISH-IF v2.4.4","843","3920","3954","1024","1057","0","0","0","0","1","1","2224.266","0","356.9658","0","0","0","0","0","0","0","0","0","0","0","0","0","0","0","0","0","0","0","0","138.3229","94.22529","44.09762","34.756805","0.619974"
"D:\HAA\dACC revisions\Run 4\Br2720_dlPFC_20x_img_011-MaxIP-Stitched_unmixed-rotated.nd2","Layer 1","dACC_v17_ FISH-IF v2.4.4","844","3965","3991","1040","1067","0","0","0","0","1","1","3173.3074","0","406.2865","0","0","0","0","0","0","0","0","0","0","0","0","0","0","0","0","0","0","0","0","105.50286","75.99705","29.505817","24.029396","0.884438"
"D:\HAA\dACC revisions\Run 4\Br2720_dlPFC_20x_img_011-MaxIP-Stitched_unmixed-rotated.nd2","Layer 1","dACC_v17_ FISH-IF v2.4.4","845","3889","3914","1042","1067","0","0","0","0","1","1","3337.3254","0","465.55908","0","0","0","0","0","0","0","0","0","0","0","0","0","0","0","0","0","0","0","0","87.366684","63.890915","23.475767","20.811172","0.882768"
"D:\HAA\dACC revisions\Run 4\Br2720_dlPFC_20x_img_011-MaxIP-Stitched_unmixed-rotated.nd2","Layer 1","dACC_v17_ FISH-IF v2.4.4","846","3910","3945","1050","1072","0","0","0","0","1","1","1964.2643","0","361.7618","0","0","0","0","0","1","1.01268","0","690.46375","681.8182","0","0","0","0","0","0","0","0","0","0","112.499565","80.96838","31.53118","28.749454","0.55979"
"D:\HAA\dACC revisions\Run 4\Br2720_dlPFC_20x_img_011-MaxIP-Stitched_unmixed-rotated.nd2","Layer 1","dACC_v17_ FISH-IF v2.4.4","847","4053","4074","1079","1097","0","0","0","0","1","1","647.04144","0","128.26091","0","0","0","0","0","3","5.984019","0","6260.7573","1046.2461","0","0","0","0","0","0","0","0","0","0","58.413235","50.63401","7.779225","11.800149","0.786957"
"D:\HAA\dACC revisions\Run 4\Br2720_dlPFC_20x_img_011-MaxIP-Stitched_unmixed-rotated.nd2","Layer 1","dACC_v17_ FISH-IF v2.4.4","848","1461","1484","3492","3512","0","0","1","0","1","1","1199.3553","0","265.83298","0","0","0","0","0","0","0","0","0","0","0","0","0","0","0","17","30.794683","3","25425.73","819.5282","59.33385","43.269062","16.06479","17.807499","0.788441"
"D:\HAA\dACC revisions\Run 4\Br2720_dlPFC_20x_img_011-MaxIP-Stitched_unmixed-rotated.nd2","Layer 1","dACC_v17_ FISH-IF v2.4.4","849","1797","1824","3489","3519","0","0","0","1","1","1","2146.7046","0","416.63007","5","14.453708","1","19018.318","1315.809","0","0","0","0","0","0","0","0","0","0","3","3.958659","0","2218.6902","560.4651","116.043945","81.75091","34.293034","26.603973","0.793563"
"D:\HAA\dACC revisions\Run 4\Br2720_dlPFC_20x_img_011-MaxIP-Stitched_unmixed-rotated.nd2","Layer 1","dACC_v17_ FISH-IF v2.4.4","850","1421","1441","3498","3522","0","0","0","0","1","1","2641.0813","0","388.68744","0","0","0","0","0","1","0.460309","0","281.66318","611.9","0","0","0","0","0","3","6.628452","0","3509.0288","529.3889","75.12246","57.58468","17.537779","18.022047","0.84592"
"D:\HAA\dACC revisions\Run 4\Br2720_dlPFC_20x_img_011-MaxIP-Stitched_unmixed-rotated.nd2","Layer 1","dACC_v17_ FISH-IF v2.4.4","851","1542","1572","3501","3531","0","0","1","0","1","1","1537.4229","0","390.77762","0","0","0","0","0","0","0","0","0","0","0","0","0","0","0","43","77.65416","4","65650.445","845.42084","136.29755","90.036476","46.26107","29.17855","0.855125"
"D:\HAA\dACC revisions\Run 4\Br2720_dlPFC_20x_img_011-MaxIP-Stitched_unmixed-rotated.nd2","Layer 1","dACC_v17_ FISH-IF v2.4.4","852","1743","1765","3513","3541","0","1","1","1","1","1","2799.2185","0","451.8562","5","16.479069","1","24893.014","1510.5837","0","0","0","0","0","4","4.234844","1","3937.5308","929.79346","11","14.453708","2","18027.549","1247.2611","89.29998","63.384575","25.915407","22.742105","0.788948"
"D:\HAA\dACC revisions\Run 4\Br2720_dlPFC_20x_img_011-MaxIP-Stitched_unmixed-rotated.nd2","Layer 1","dACC_v17_ FISH-IF v2.4.4","853","1762","1787","3513","3536","1","1","1","0","1","1","1977.4353","0","610.70294","0","0","0","0","0","4","4.00469","1","3496.0022","863.0568","17","15.788605","3","17284.979","1072.88","49","52.383183","4","79012.484","1508.3558","84.88101","57.492615","27.388395","24.029396","0.800434"
"D:\HAA\dACC revisions\Run 4\Br2720_dlPFC_20x_img_011-MaxIP-Stitched_unmixed-rotated.nd2","Layer 1","dACC_v17_ FISH-IF v2.4.4","854","1527","1552","3527","3554","0","0","1","0","1","1","3399.0217","0","386.08685","0","0","0","0","0","0","0","0","0","0","0","0","0","0","0","9","17.07747","1","11164.293","653.74396","97.40142","72.08442","25.317005","21.883913","0.893529"
"D:\HAA\dACC revisions\Run 4\Br2720_dlPFC_20x_img_011-MaxIP-Stitched_unmixed-rotated.nd2","Layer 1","dACC_v17_ FISH-IF v2.4.4","855","1793","1808","3531","3546","0","0","0","0","1","1","420.07693","0","219.5015","0","0","0","0","0","0","0","0","0","0","1","1.104742","0","894.84106","810","3","6.444328","0","5048.441","783.3929","31.439117","30.840715","0.598402","2.789126","0.593031"
"D:\HAA\dACC revisions\Run 4\Br2720_dlPFC_20x_img_011-MaxIP-Stitched_unmixed-rotated.nd2","Layer 1","dACC_v17_ FISH-IF v2.4.4","856","1761","1787","3537","3557","0","1","1","0","1","1","3289.9548","0","451.80106","0","0","0","0","0","0","0","0","0","0","6","4.787215","1","4145.8667","866.0289","13","19.056799","2","18157.725","952.8212","68.21782","43.72937","24.488447","23.38575","0.822703"
"D:\HAA\dACC revisions\Run 4\Br2720_dlPFC_20x_img_011-MaxIP-Stitched_unmixed-rotated.nd2","Layer 1","dACC_v17_ FISH-IF v2.4.4","857","1682","1702","3534","3554","0","1","1","0","1","1","697.4404","0","103.48148","0","0","0","0","0","1","3.912628","0","4044.3684","1033.6705","13","10.679173","2","12566.532","1176.7328","9","17.031439","1","10194.421","598.5649","61.083027","52.19906","8.883967","12.443794","0.874195"
"D:\HAA\dACC revisions\Run 4\Br2720_dlPFC_20x_img_011-MaxIP-Stitched_unmixed-rotated.nd2","Layer 1","dACC_v17_ FISH-IF v2.4.4","858","1772","1796","3543","3568","0","1","1","0","1","1","2222.8896","0","651.0123","0","0","0","0","0","0","0","0","0","0","16","15.650512","3","15671.778","1001.3588","30","48.010246","4","48641.19","1013.1419","69.69081","48.424526","21.266283","22.527557","0.815717"
"D:\HAA\dACC revisions\Run 4\Br2720_dlPFC_20x_img_011-MaxIP-Stitched_unmixed-rotated.nd2","Layer 1","dACC_v17_ FISH-IF v2.4.4","859","1712","1743","3543","3573","0","1","1","0","1","1","1833.4763","0","189.7555","0","0","0","0","0","1","1.058711","0","891.75696","842.3043","30","28.401075","4","28702.9","1010.62726","105","89.898384","4","165812.34","1844.4419","130.63574","87.91905","42.71669","29.17855","0.816947"
"D:\HAA\dACC revisions\Run 4\Br2720_dlPFC_20x_img_011-MaxIP-Stitched_unmixed-rotated.nd2","Layer 1","dACC_v17_ FISH-IF v2.4.4","860","1577","1604","3560","3588","0","0","0","1","1","1","2196.851","0","387.35376","8","20.667881","1","32337.686","1564.6348","0","0","0","0","0","0","0","0","0","0","3","3.452319","0","1874.7472","543.04","110.38214","78.85096","31.53118","24.458492","0.814892"
"D:\HAA\dACC revisions\Run 4\Br2720_dlPFC_20x_img_011-MaxIP-Stitched_unmixed-rotated.nd2","Layer 1","dACC_v17_ FISH-IF v2.4.4","861","1758","1782","3589","3622","0","0","0","0","1","1","2701.6511","0","403.53888","0","0","0","0","0","0","0","0","0","0","1","0.644433","0","450.9649","699.7857","2","1.933299","0","899.306","465.16666","116.32013","85.847664","30.472467","26.818521","0.609496"
"D:\HAA\dACC revisions\Run 4\Br2720_dlPFC_20x_img_011-MaxIP-Stitched_unmixed-rotated.nd2","Layer 1","dACC_v17_ FISH-IF v2.4.4","862","1467","1489","3610","3631","0","0","0","0","1","1","1332.9269","0","209.8987","0","0","0","0","0","0","0","0","0","0","0","0","0","0","0","0","0","0","0","0","68.125755","56.80215","11.323606","15.018372","0.75981"
"D:\HAA\dACC revisions\Run 4\Br2720_dlPFC_20x_img_011-MaxIP-Stitched_unmixed-rotated.nd2","Layer 1","dACC_v17_ FISH-IF v2.4.4","863","1690","1722","3612","3639","0","1","0","0","1","1","2046.9518","0","293.58597","0","0","0","0","0","0","0","0","0","0","24","22.140871","3","25515.629","1152.422","0","0","0","0","0","129.25482","87.27462","41.980198","29.17855","0.821979"
"D:\HAA\dACC revisions\Run 4\Br2720_dlPFC_20x_img_011-MaxIP-Stitched_unmixed-rotated.nd2","Layer 1","dACC_v17_ FISH-IF v2.4.4","864","1721","1740","3640","3659","0","1","0","0","1","1","555.1691","0","100.66309","0","0","0","0","0","0","0","0","0","0","9","9.57443","1","9379.352","979.625","0","0","0","0","0","53.53396","47.273754","6.260205","10.298312","0.864146"
"D:\HAA\dACC revisions\Run 4\Br2720_dlPFC_20x_img_011-MaxIP-Stitched_unmixed-rotated.nd2","Layer 1","dACC_v17_ FISH-IF v2.4.4","865","1421","1446","3646","3670","0","1","0","0","1","1","2165.6501","0","353.3564","0","0","0","0","0","0","0","0","0","0","18","13.947368","3","16056.688","1151.2344","0","0","0","0","0","86.76828","67.15911","19.60917","20.167528","0.792504"
"D:\HAA\dACC revisions\Run 4\Br2720_dlPFC_20x_img_011-MaxIP-Stitched_unmixed-rotated.nd2","Layer 1","dACC_v17_ FISH-IF v2.4.4","866","1660","1689","3658","3685","0","1","1","0","1","1","2323.5496","0","282.0083","0","0","0","0","0","0","0","0","0","0","19","17.675873","3","19347.807","1094.5885","19","39.58659","3","25186.922","636.24884","120.83116","83.131836","37.69932","26.174877","0.915527"
"D:\HAA\dACC revisions\Run 4\Br2720_dlPFC_20x_img_011-MaxIP-Stitched_unmixed-rotated.nd2","Layer 1","dACC_v17_ FISH-IF v2.4.4","867","1568","1597","3660","3688","0","0","0","0","1","1","3612.6926","0","537.7867","0","0","0","0","0","0","0","0","0","0","2","1.058711","0","765.54016","723.087","0","0","0","0","0","98.87441","59.33385","39.540558","30.036743","0.795724"
"D:\HAA\dACC revisions\Run 4\Br2720_dlPFC_20x_img_011-MaxIP-Stitched_unmixed-rotated.nd2","Layer 1","dACC_v17_ FISH-IF v2.4.4","868","1754","1780","3663","3686","0","0","0","0","1","1","732.15405","0","135.39467","0","0","0","0","0","0","0","0","0","0","0","0","0","0","0","0","0","0","0","0","81.38266","65.54803","15.834636","20.167528","0.667675"
"D:\HAA\dACC revisions\Run 4\Br2720_dlPFC_20x_img_011-MaxIP-Stitched_unmixed-rotated.nd2","Layer 1","dACC_v17_ FISH-IF v2.4.4","869","1716","1740","3664","3686","0","0","0","0","1","1","1687.1277","0","272.91635","0","0","0","0","0","0","0","0","0","0","0","0","0","0","0","0","0","0","0","0","81.152504","63.844883","17.307625","18.022047","0.835813"
"D:\HAA\dACC revisions\Run 4\Br2720_dlPFC_20x_img_011-MaxIP-Stitched_unmixed-rotated.nd2","Layer 1","dACC_v17_ FISH-IF v2.4.4","870","1689","1716","3668","3696","0","0","0","0","1","1","2634.3774","0","384.1662","0","0","0","0","0","0","0","0","0","0","0","0","0","0","0","1","0.460309","0","212.93903","462.6","112.54559","79.49539","33.050198","24.887589","0.830053"
"D:\HAA\dACC revisions\Run 4\Br2720_dlPFC_20x_img_011-MaxIP-Stitched_unmixed-rotated.nd2","Layer 1","dACC_v17_ FISH-IF v2.4.4","871","1577","1615","3674","3698","0","1","0","0","1","1","2980.6626","0","704.875","0","0","0","0","0","0","0","0","0","0","10","10.817266","2","9913.172","916.42126","0","0","0","0","0","124.37554","75.12246","49.253082","36.044094","0.621884"
"D:\HAA\dACC revisions\Run 4\Br2720_dlPFC_20x_img_011-MaxIP-Stitched_unmixed-rotated.nd2","Layer 1","dACC_v17_ FISH-IF v2.4.4","872","1528","1555","3676","3704","0","0","0","0","1","1","2750.124","0","390.7995","0","0","0","0","0","0","0","0","0","0","0","0","0","0","0","0","0","0","0","0","104.12193","72.54472","31.57721","24.67304","0.873003"
"D:\HAA\dACC revisions\Run 4\Br2720_dlPFC_20x_img_011-MaxIP-Stitched_unmixed-rotated.nd2","Layer 1","dACC_v17_ FISH-IF v2.4.4","873","1749","1772","3688","3714","0","0","0","0","1","1","1585.4469","0","298.94284","0","0","0","0","0","0","0","0","0","0","0","0","0","0","0","1","3.452319","0","2155.2136","624.28","88.83967","68.447975","20.391697","20.167528","0.804224"
"D:\HAA\dACC revisions\Run 4\Br2720_dlPFC_20x_img_011-MaxIP-Stitched_unmixed-rotated.nd2","Layer 1","dACC_v17_ FISH-IF v2.4.4","874","1546","1573","3692","3720","0","0","0","0","1","1","2046.5155","0","375.63953","1","4.603092","0","4717.6626","1024.89","0","0","0","0","0","0","0","0","0","0","0","0","0","0","0","103.98384","72.91297","31.07087","25.316685","0.884868"
"D:\HAA\dACC revisions\Run 4\Br2720_dlPFC_20x_img_011-MaxIP-Stitched_unmixed-rotated.nd2","Layer 1","dACC_v17_ FISH-IF v2.4.4","875","1633","1663","3705","3729","0","0","0","1","1","1","2325.3826","0","491.04834","8","21.588501","1","29874.387","1383.8102","0","0","0","0","0","0","0","0","0","0","0","0","0","0","0","107.66631","78.068436","29.59788","24.458492","0.771309"
"D:\HAA\dACC revisions\Run 4\Br2720_dlPFC_20x_img_011-MaxIP-Stitched_unmixed-rotated.nd2","Layer 1","dACC_v17_ FISH-IF v2.4.4","876","1477","1520","3726","3757","0","1","0","0","1","1","1911.4615","0","274.4104","0","0","0","0","0","0","0","0","0","0","31","28.355045","4","30422.893","1072.927","1","0.736495","0","336.0257","456.25","184.81413","116.08997","68.72416","42.480537","0.615943"
"D:\HAA\dACC revisions\Run 4\Br2720_dlPFC_20x_img_011-MaxIP-Stitched_unmixed-rotated.nd2","Layer 1","dACC_v17_ FISH-IF v2.4.4","877","1574","1599","3729","3755","0","0","0","1","1","1","2354.5513","0","288.00708","5","17.307625","1","28516.752","1647.641","0","0","0","0","0","0","0","0","0","0","0","0","0","0","0","93.58086","71.53204","22.04881","21.883913","0.724989"
"D:\HAA\dACC revisions\Run 4\Br2720_dlPFC_20x_img_011-MaxIP-Stitched_unmixed-rotated.nd2","Layer 1","dACC_v17_ FISH-IF v2.4.4","878","1734","1765","3738","3764","0","1","0","0","1","1","2215.7676","0","377.86526","0","0","0","0","0","0","0","0","0","0","21","14.407678","3","18890.674","1311.1533","0","0","0","0","0","119.588326","83.36199","36.226334","26.174877","0.833375"
"D:\HAA\dACC revisions\Run 4\Br2720_dlPFC_20x_img_011-MaxIP-Stitched_unmixed-rotated.nd2","Layer 1","dACC_v17_ FISH-IF v2.4.4","879","1714","1740","3753","3779","0","0","0","0","1","1","1307.7274","0","255.88503","0","0","0","0","0","0","0","0","0","0","1","0.828557","0","578.5626","698.2778","0","0","0","0","0","98.87441","72.86694","26.00747","22.31301","0.864073"
"D:\HAA\dACC revisions\Run 4\Br2720_dlPFC_20x_img_011-MaxIP-Stitched_unmixed-rotated.nd2","Layer 1","dACC_v17_ FISH-IF v2.4.4","880","1806","1828","3778","3800","0","0","0","0","1","1","1563.9105","0","233.32458","1","1.426958","0","1254.5266","879.1613","0","0","0","0","0","0","0","0","0","0","0","0","0","0","0","67.98766","56.15772","11.829946","16.734756","0.656838"
"D:\HAA\dACC revisions\Run 4\Br2720_dlPFC_20x_img_011-MaxIP-Stitched_unmixed-rotated.nd2","Layer 1","dACC_v17_ FISH-IF v2.4.4","881","2481","2507","2755","2785","0","0","0","0","1","1","2568.3127","0","575.6835","0","0","0","0","0","0","0","0","0","0","0","0","0","0","0","0","0","0","0","0","102.14261","73.14313","28.999477","30.894936","0.539154"
"D:\HAA\dACC revisions\Run 4\Br2720_dlPFC_20x_img_011-MaxIP-Stitched_unmixed-rotated.nd2","Layer 1","dACC_v17_ FISH-IF v2.4.4","882","2507","2527","2766","2791","0","0","0","0","1","1","2104.8264","0","382.45447","0","0","0","0","0","0","0","0","0","0","0","0","0","0","0","0","0","0","0","0","72.91297","54.086327","18.826645","21.02572","0.737965"
"D:\HAA\dACC revisions\Run 4\Br2720_dlPFC_20x_img_011-MaxIP-Stitched_unmixed-rotated.nd2","Layer 1","dACC_v17_ FISH-IF v2.4.4","883","2216","2239","2781","2808","1","0","0","0","1","1","1067.9446","0","397.08344","0","0","0","0","0","12","21.036129","2","24749.352","1176.5164","3","4.280875","0","2960.2944","691.5161","2","1.749175","0","789.5223","451.3684","89.71426","67.2972","22.417057","21.454817","0.730354"
"D:\HAA\dACC revisions\Run 4\Br2720_dlPFC_20x_img_011-MaxIP-Stitched_unmixed-rotated.nd2","Layer 1","dACC_v17_ FISH-IF v2.4.4","884","2330","2361","2801","2827","0","0","0","0","1","1","2389.2822","0","346.87827","0","0","0","0","0","0","0","0","0","0","0","0","0","0","0","0","0","0","0","0","120.18672","83.17787","37.008858","26.603973","0.844641"
"D:\HAA\dACC revisions\Run 4\Br2720_dlPFC_20x_img_011-MaxIP-Stitched_unmixed-rotated.nd2","Layer 1","dACC_v17_ FISH-IF v2.4.4","885","2412","2440","2820","2843","1","0","0","0","1","1","1356.8009","0","286.2471","0","0","0","0","0","8","16.294945","1","18807.543","1154.195","2","1.288866","0","846.50854","656.7857","0","0","0","0","0","98.64426","59.794163","38.850094","27.03307","0.873305"
"D:\HAA\dACC revisions\Run 4\Br2720_dlPFC_20x_img_011-MaxIP-Stitched_unmixed-rotated.nd2","Layer 1","dACC_v17_ FISH-IF v2.4.4","886","2386","2413","2824","2850","1","0","0","0","1","1","2294.3303","0","400.07297","0","0","0","0","0","4","4.050721","1","3192.9807","737.93616","1","1.196804","0","746.5294","623.7692","0","0","0","0","0","103.61559","72.54472","31.07087","24.458492","0.903781"
"D:\HAA\dACC revisions\Run 4\Br2720_dlPFC_20x_img_011-MaxIP-Stitched_unmixed-rotated.nd2","Layer 1","dACC_v17_ FISH-IF v2.4.4","887","2285","2315","2825","2859","0","0","0","1","1","1","2211.9546","0","493.27524","9","15.374327","1","17977.42","1138.6327","0","0","0","0","0","0","0","0","0","0","0","0","0","0","0","128.84055","80.27792","48.56262","35.1859","0.673836"
"D:\HAA\dACC revisions\Run 4\Br2720_dlPFC_20x_img_011-MaxIP-Stitched_unmixed-rotated.nd2","Layer 1","dACC_v17_ FISH-IF v2.4.4","888","2594","2624","2834","2865","1","1","0","0","1","1","2036.6062","0","321.75156","0","0","0","0","0","11","16.755255","2","20325.043","1213.0549","18","19.56314","3","16350.918","835.80237","1","0.322216","0","140.71652","436.7143","133.76584","89.11586","44.64999","30.036743","0.871596"
"D:\HAA\dACC revisions\Run 4\Br2720_dlPFC_20x_img_011-MaxIP-Stitched_unmixed-rotated.nd2","Layer 1","dACC_v17_ FISH-IF v2.4.4","889","2409","2439","2842","2863","1","0","0","0","1","1","1119.1763","0","292.57898","0","0","0","0","0","9","13.993399","1","13210.597","934.83386","1","0.920618","0","734.4233","797.75","0","0","0","0","0","90.036476","57.400555","32.63592","25.74578","0.770419"
"D:\HAA\dACC revisions\Run 4\Br2720_dlPFC_20x_img_011-MaxIP-Stitched_unmixed-rotated.nd2","Layer 1","dACC_v17_ FISH-IF v2.4.4","890","2295","2317","2846","2868","0","0","0","1","1","1","2438.8977","0","439.5967","6","12.704534","1","21307.066","1677.1232","0","0","0","0","0","0","0","0","0","0","0","0","0","0","0","59.425915","41.888134","17.537779","19.95298","0.761858"
"D:\HAA\dACC revisions\Run 4\Br2720_dlPFC_20x_img_011-MaxIP-Stitched_unmixed-rotated.nd2","Layer 1","dACC_v17_ FISH-IF v2.4.4","891","2380","2411","2849","2876","0","0","0","0","1","1","2347.7336","0","394.56387","0","0","0","0","0","1","0.874587","0","611.5668","699.2632","0","0","0","0","0","0","0","0","0","0","118.43755","81.79694","36.64061","27.462166","0.788414"
"D:\HAA\dACC revisions\Run 4\Br2720_dlPFC_20x_img_011-MaxIP-Stitched_unmixed-rotated.nd2","Layer 1","dACC_v17_ FISH-IF v2.4.4","892","2503","2527","2862","2879","0","0","0","0","1","1","1716.8914","0","266.34012","0","0","0","0","0","0","0","0","0","0","0","0","0","0","0","0","0","0","0","0","62.69411","52.107","10.587111","14.160179","0.702034"
"D:\HAA\dACC revisions\Run 4\Br2720_dlPFC_20x_img_011-MaxIP-Stitched_unmixed-rotated.nd2","Layer 1","dACC_v17_ FISH-IF v2.4.4","893","2501","2530","2879","2904","0","0","0","0","1","1","2504.5105","0","442.69672","2","6.398297","0","6357.8823","993.6835","0","0","0","0","0","0","0","0","0","0","0","0","0","0","0","107.25204","74.524055","32.72798","25.74578","0.850802"
"D:\HAA\dACC revisions\Run 4\Br2720_dlPFC_20x_img_011-MaxIP-Stitched_unmixed-rotated.nd2","Layer 1","dACC_v17_ FISH-IF v2.4.4","894","2239","2269","2879","2904","0","0","0","0","1","1","2362.7593","0","472.88428","2","7.733194","0","12026.774","1555.2142","0","0","0","0","0","0","0","0","0","0","0","0","0","0","0","106.423485","77.562096","28.861385","25.102137","0.768098"
"D:\HAA\dACC revisions\Run 4\Br2720_dlPFC_20x_img_011-MaxIP-Stitched_unmixed-rotated.nd2","Layer 1","dACC_v17_ FISH-IF v2.4.4","895","2455","2481","2936","2961","0","0","0","0","1","1","3583.2441","0","409.73285","0","0","0","0","0","0","0","0","0","0","0","0","0","0","0","0","0","0","0","0","92.33802","70.473335","21.864685","21.454817","0.778084"
"D:\HAA\dACC revisions\Run 4\Br2720_dlPFC_20x_img_011-MaxIP-Stitched_unmixed-rotated.nd2","Layer 1","dACC_v17_ FISH-IF v2.4.4","896","2527","2545","2942","2960","0","0","0","0","1","1","643.5593","0","141.82811","0","0","0","0","0","0","0","0","0","0","0","0","0","0","0","0","0","0","0","0","50.956226","45.52458","5.431648","9.44012","0.887769"
"D:\HAA\dACC revisions\Run 4\Br2720_dlPFC_20x_img_011-MaxIP-Stitched_unmixed-rotated.nd2","Layer 1","dACC_v17_ FISH-IF v2.4.4","897","2546","2565","2956","2975","0","0","0","0","1","1","470.28888","0","145.09883","0","0","0","0","0","0","0","0","0","0","0","0","0","0","0","1","0.414278","0","176.5746","426.22223","53.25777","47.0436","6.214174","10.298312","0.903419"
"D:\HAA\dACC revisions\Run 4\Br2720_dlPFC_20x_img_011-MaxIP-Stitched_unmixed-rotated.nd2","Layer 1","dACC_v17_ FISH-IF v2.4.4","898","2484","2513","2965","2991","0","0","0","0","1","1","2847.2068","0","467.57755","0","0","0","0","0","1","1.150773","0","1390.64","863.17145","0","0","0","0","0","0","0","0","0","0","109.82977","78.66684","31.162931","25.102137","0.809225"
"D:\HAA\dACC revisions\Run 4\Br2720_dlPFC_20x_img_011-MaxIP-Stitched_unmixed-rotated.nd2","Layer 1","dACC_v17_ FISH-IF v2.4.4","899","2423","2448","2982","3011","0","0","0","0","1","1","2650.434","0","550.0145","2","2.99201","0","2276.643","760.9077","0","0","0","0","0","0","0","0","0","0","0","0","0","0","0","103.70766","76.13514","27.57252","23.600298","0.778999"
"D:\HAA\dACC revisions\Run 4\Br2720_dlPFC_20x_img_011-MaxIP-Stitched_unmixed-rotated.nd2","Layer 1","dACC_v17_ FISH-IF v2.4.4","900","2604","2632","2986","3018","0","0","0","0","1","1","2498.8054","0","399.9936","0","0","0","0","0","0","0","0","0","0","0","0","0","0","0","0","0","0","0","0","121.38353","86.12385","35.25968","29.607647","0.684606"
"D:\HAA\dACC revisions\Run 4\Br2720_dlPFC_20x_img_011-MaxIP-Stitched_unmixed-rotated.nd2","Layer 1","dACC_v17_ FISH-IF v2.4.4","901","2466","2491","3075","3102","0","0","0","0","1","1","3249.1501","0","440.99295","0","0","0","0","0","0","0","0","0","0","0","0","0","0","0","0","0","0","0","0","96.89508","71.7622","25.132881","21.883913","0.896724"
"D:\HAA\dACC revisions\Run 4\Br2720_dlPFC_20x_img_011-MaxIP-Stitched_unmixed-rotated.nd2","Layer 1","dACC_v17_ FISH-IF v2.4.4","902","3452","3476","691","713","0","0","0","0","1","1","2266.7522","0","852.2497","0","0","0","0","0","0","0","0","0","0","0","0","0","0","0","0","0","0","0","0","62.325863","35.397774","26.928087","23.171202","0.811813"
"D:\HAA\dACC revisions\Run 4\Br2720_dlPFC_20x_img_011-MaxIP-Stitched_unmixed-rotated.nd2","Layer 1","dACC_v17_ FISH-IF v2.4.4","903","3416","3437","689","709","0","0","0","0","1","1","2186.212","0","340.23276","0","0","0","0","0","0","0","0","0","0","0","0","0","0","0","0","0","0","0","0","51.278442","37.377106","13.901337","16.734756","0.748633"
"D:\HAA\dACC revisions\Run 4\Br2720_dlPFC_20x_img_011-MaxIP-Stitched_unmixed-rotated.nd2","Layer 1","dACC_v17_ FISH-IF v2.4.4","904","3486","3508","691","711","0","0","0","0","1","1","1699.125","0","694.1349","0","0","0","0","0","0","0","0","0","0","0","0","0","0","0","0","0","0","0","0","52.705402","41.289734","11.415668","16.949305","0.713847"
"D:\HAA\dACC revisions\Run 4\Br2720_dlPFC_20x_img_011-MaxIP-Stitched_unmixed-rotated.nd2","Layer 1","dACC_v17_ FISH-IF v2.4.4","905","3511","3531","693","712","0","0","0","0","1","1","1216.1183","0","339.91","0","0","0","0","0","0","0","0","0","0","0","0","0","0","0","0","0","0","0","0","44.880146","36.318394","8.56175","12.87289","0.802298"
"D:\HAA\dACC revisions\Run 4\Br2720_dlPFC_20x_img_011-MaxIP-Stitched_unmixed-rotated.nd2","Layer 1","dACC_v17_ FISH-IF v2.4.4","906","3437","3452","697","718","0","0","0","0","1","1","2298.6091","0","616.08655","0","0","0","0","0","0","0","0","0","0","0","0","0","0","0","0","0","0","0","0","34.339066","20.207573","14.131492","17.378403","0.71205"
"D:\HAA\dACC revisions\Run 4\Br2720_dlPFC_20x_img_011-MaxIP-Stitched_unmixed-rotated.nd2","Layer 1","dACC_v17_ FISH-IF v2.4.4","907","3469","3498","699","726","0","0","0","0","1","1","2584.0964","0","691.7027","0","0","0","0","0","0","0","0","0","0","0","0","0","0","0","0","0","0","0","0","99.42678","58.367203","41.059578","29.17855","0.802858"
"D:\HAA\dACC revisions\Run 4\Br2720_dlPFC_20x_img_011-MaxIP-Stitched_unmixed-rotated.nd2","Layer 1","dACC_v17_ FISH-IF v2.4.4","908","3447","3468","702","722","0","0","0","0","1","1","2092.337","0","451.68472","0","0","0","0","0","0","0","0","0","0","0","0","0","0","0","0","0","0","0","0","49.483234","28.03283","21.450407","20.811172","0.744461"
"D:\HAA\dACC revisions\Run 4\Br2720_dlPFC_20x_img_011-MaxIP-Stitched_unmixed-rotated.nd2","Layer 1","dACC_v17_ FISH-IF v2.4.4","909","3518","3551","703","732","0","0","0","0","1","1","1840.7996","0","312.35385","0","0","0","0","0","0","0","0","0","0","0","0","0","0","0","0","0","0","0","0","107.15997","68.81622","38.343754","38.40412","0.536374"
"D:\HAA\dACC revisions\Run 4\Br2720_dlPFC_20x_img_011-MaxIP-Stitched_unmixed-rotated.nd2","Layer 1","dACC_v17_ FISH-IF v2.4.4","910","3426","3444","705","718","0","0","0","0","1","1","1806.4706","0","1041.9207","0","0","0","0","0","0","0","0","0","0","0","0","0","0","0","0","0","0","0","0","24.304325","13.348966","10.955359","15.23292","0.752307"
"D:\HAA\dACC revisions\Run 4\Br2720_dlPFC_20x_img_011-MaxIP-Stitched_unmixed-rotated.nd2","Layer 1","dACC_v17_ FISH-IF v2.4.4","911","3416","3444","710","731","0","0","0","0","1","1","2264.345","0","400.23407","0","0","0","0","0","0","0","0","0","0","0","0","0","0","0","0","0","0","0","0","71.7622","50.541946","21.220253","21.669365","0.730702"
"D:\HAA\dACC revisions\Run 4\Br2720_dlPFC_20x_img_011-MaxIP-Stitched_unmixed-rotated.nd2","Layer 1","dACC_v17_ FISH-IF v2.4.4","912","3480","3510","715","750","0","0","0","0","1","1","1569.3275","0","386.23135","0","0","0","0","0","0","0","0","0","0","0","0","0","0","0","0","0","0","0","0","133.35156","82.76359","50.58798","37.76048","0.61189"
"D:\HAA\dACC revisions\Run 4\Br2720_dlPFC_20x_img_011-MaxIP-Stitched_unmixed-rotated.nd2","Layer 1","dACC_v17_ FISH-IF v2.4.4","913","3536","3566","723","750","0","0","0","0","1","1","2069.9014","0","428.15286","0","0","0","0","0","0","0","0","0","0","0","0","0","0","0","0","0","0","0","0","106.7457","68.954315","37.79138","30.036743","0.704811"
"D:\HAA\dACC revisions\Run 4\Br2720_dlPFC_20x_img_011-MaxIP-Stitched_unmixed-rotated.nd2","Layer 1","dACC_v17_ FISH-IF v2.4.4","914","3445","3470","722","744","0","0","0","0","1","1","2144.214","0","306.33206","0","0","0","0","0","0","0","0","0","0","0","0","0","0","0","0","0","0","0","0","90.45075","60.990967","29.459787","24.029396","0.710757"
"D:\HAA\dACC revisions\Run 4\Br2720_dlPFC_20x_img_011-MaxIP-Stitched_unmixed-rotated.nd2","Layer 1","dACC_v17_ FISH-IF v2.4.4","915","3471","3480","723","745","0","0","0","0","1","1","1704.39","0","399.25986","0","0","0","0","0","0","0","0","0","0","0","0","0","0","0","0","0","0","0","0","34.477158","23.383705","11.093451","15.018372","0.679619"
"D:\HAA\dACC revisions\Run 4\Br2720_dlPFC_20x_img_011-MaxIP-Stitched_unmixed-rotated.nd2","Layer 1","dACC_v17_ FISH-IF v2.4.4","916","3563","3580","744","759","0","0","0","0","1","1","1344.9231","0","530.6369","0","0","0","0","0","0","0","0","0","0","0","0","0","0","0","0","0","0","0","0","35.213654","30.426437","4.787215","9.011024","0.742954"
"D:\HAA\dACC revisions\Run 4\Br2720_dlPFC_20x_img_011-MaxIP-Stitched_unmixed-rotated.nd2","Layer 1","dACC_v17_ FISH-IF v2.4.4","917","3500","3529","744","763","0","0","0","0","1","1","1299.885","0","226.57487","0","0","0","0","0","0","0","0","0","0","0","0","0","0","0","0","0","0","0","0","81.106476","66.6988","14.407678","18.451143","0.587648"
"D:\HAA\dACC revisions\Run 4\Br2720_dlPFC_20x_img_011-MaxIP-Stitched_unmixed-rotated.nd2","Layer 1","dACC_v17_ FISH-IF v2.4.4","918","3706","3739","748","772","0","0","0","0","1","1","1520.2909","0","237.6121","0","0","0","0","0","0","0","0","0","0","0","0","0","0","0","0","0","0","0","0","109.967865","82.119156","27.848705","26.818521","0.630466"
"D:\HAA\dACC revisions\Run 4\Br2720_dlPFC_20x_img_011-MaxIP-Stitched_unmixed-rotated.nd2","Layer 1","dACC_v17_ FISH-IF v2.4.4","919","3527","3556","750","774","0","0","0","0","1","1","2140.1306","0","400.07178","0","0","0","0","0","0","0","0","0","0","0","0","0","0","0","0","0","0","0","0","108.35678","73.0971","35.25968","26.603973","0.739365"
"D:\HAA\dACC revisions\Run 4\Br2720_dlPFC_20x_img_011-MaxIP-Stitched_unmixed-rotated.nd2","Layer 1","dACC_v17_ FISH-IF v2.4.4","920","3556","3574","749","771","0","0","0","0","1","1","1570.8414","0","450.41446","0","0","0","0","0","0","0","0","0","0","0","0","0","0","0","0","0","0","0","0","49.66736","36.318394","13.348966","18.022047","0.674288"
"D:\HAA\dACC revisions\Run 4\Br2720_dlPFC_20x_img_011-MaxIP-Stitched_unmixed-rotated.nd2","Layer 1","dACC_v17_ FISH-IF v2.4.4","921","3571","3604","751","785","0","0","0","0","1","1","2471.4004","0","538.8488","0","0","0","0","0","0","0","0","0","0","0","0","0","0","0","0","0","0","0","0","150.75125","93.16658","57.58468","37.331383","0.741628"
"D:\HAA\dACC revisions\Run 4\Br2720_dlPFC_20x_img_011-MaxIP-Stitched_unmixed-rotated.nd2","Layer 1","dACC_v17_ FISH-IF v2.4.4","922","3604","3631","754","777","0","0","0","0","1","1","2904.9434","0","385.53842","0","0","0","0","0","0","0","0","0","0","0","0","0","0","0","0","0","0","0","0","90.63488","69.50668","21.128191","21.883913","0.688059"
"D:\HAA\dACC revisions\Run 4\Br2720_dlPFC_20x_img_011-MaxIP-Stitched_unmixed-rotated.nd2","Layer 1","dACC_v17_ FISH-IF v2.4.4","923","3684","3706","754","774","0","0","0","0","1","1","1173.2772","0","155.90395","0","0","0","0","0","0","0","0","0","0","0","0","0","0","0","0","0","0","0","0","63.79885","53.67205","10.126801","13.731083","0.810024"
"D:\HAA\dACC revisions\Run 4\Br2720_dlPFC_20x_img_011-MaxIP-Stitched_unmixed-rotated.nd2","Layer 1","dACC_v17_ FISH-IF v2.4.4","924","3744","3775","779","807","1","0","0","0","1","1","2126.03","0","400.02557","2","4.234844","0","5303.5903","1001.8956","12","17.031439","2","15229.605","894.2054","0","0","0","0","0","0","0","0","0","0","119.49626","82.80962","36.68664","27.891262","0.847427"
"D:\HAA\dACC revisions\Run 4\Br2720_dlPFC_20x_img_011-MaxIP-Stitched_unmixed-rotated.nd2","Layer 1","dACC_v17_ FISH-IF v2.4.4","925","3600","3634","831","855","0","0","0","0","1","1","2422.6038","0","503.97903","0","0","0","0","0","0","0","0","0","0","0","0","0","0","0","0","0","0","0","0","116.8725","85.61751","31.254993","28.320358","0.58564"
"D:\HAA\dACC revisions\Run 4\Br2720_dlPFC_20x_img_011-MaxIP-Stitched_unmixed-rotated.nd2","Layer 1","dACC_v17_ FISH-IF v2.4.4","926","3407","3436","835","864","0","0","0","0","1","1","1851.7415","0","298.20807","0","0","0","0","0","1","2.209484","0","2398.533","1085.5625","2","2.071391","0","1567.5829","756.7778","0","0","0","0","0","117.33281","82.07313","35.25968","26.389425","0.831984"
"D:\HAA\dACC revisions\Run 4\Br2720_dlPFC_20x_img_011-MaxIP-Stitched_unmixed-rotated.nd2","Layer 1","dACC_v17_ FISH-IF v2.4.4","927","3440","3468","849","875","0","0","0","0","1","1","2298.677","0","448.1472","0","0","0","0","0","0","0","0","0","0","0","0","0","0","0","0","0","0","0","0","106.7457","77.239876","29.505817","23.600298","0.844162"
"D:\HAA\dACC revisions\Run 4\Br2720_dlPFC_20x_img_011-MaxIP-Stitched_unmixed-rotated.nd2","Layer 1","dACC_v17_ FISH-IF v2.4.4","928","3569","3613","852","880","0","0","0","0","1","1","2511.5989","0","467.94128","0","0","0","0","0","0","0","0","0","0","0","0","0","0","0","0","0","0","0","0","165.7113","112.13132","53.579987","39.90596","0.505184"
"D:\HAA\dACC revisions\Run 4\Br2720_dlPFC_20x_img_011-MaxIP-Stitched_unmixed-rotated.nd2","Layer 1","dACC_v17_ FISH-IF v2.4.4","929","3706","3735","856","887","0","0","0","0","1","1","1568.7673","0","264.10123","0","0","0","0","0","2","3.222164","0","2606.1326","808.8143","2","1.472989","0","1217.3336","826.4375","0","0","0","0","0","133.62775","89.11586","44.511898","28.964003","0.848282"
"D:\HAA\dACC revisions\Run 4\Br2720_dlPFC_20x_img_011-MaxIP-Stitched_unmixed-rotated.nd2","Layer 1","dACC_v17_ FISH-IF v2.4.4","930","3805","3831","907","937","0","0","0","1","1","1","2381.944","0","549.5463","7","15.512419","1","18141.566","1169.4867","0","0","0","0","0","0","0","0","0","0","0","0","0","0","0","91.83168","59.65607","32.17561","26.818521","0.776609"
"D:\HAA\dACC revisions\Run 4\Br2720_dlPFC_20x_img_011-MaxIP-Stitched_unmixed-rotated.nd2","Layer 1","dACC_v17_ FISH-IF v2.4.4","931","3514","3542","939","971","0","0","0","0","1","1","1875.3374","0","295.96396","0","0","0","0","0","0","0","0","0","0","0","0","0","0","0","0","0","0","0","0","128.84055","86.81431","42.026226","28.749454","0.841004"
"D:\HAA\dACC revisions\Run 4\Br2720_dlPFC_20x_img_011-MaxIP-Stitched_unmixed-rotated.nd2","Layer 1","dACC_v17_ FISH-IF v2.4.4","932","3588","3620","941","965","0","0","0","1","1","1","1959.8848","0","346.986","6","22.140871","1","23057.576","1041.4033","0","0","0","0","0","0","0","0","0","0","0","0","0","0","0","114.43286","82.07313","32.359734","26.603973","0.731486"
"D:\HAA\dACC revisions\Run 4\Br2720_dlPFC_20x_img_011-MaxIP-Stitched_unmixed-rotated.nd2","Layer 1","dACC_v17_ FISH-IF v2.4.4","933","3461","3488","962","997","1","0","0","0","1","1","1445.1193","0","311.49454","0","0","0","0","0","23","35.02953","3","50238.973","1434.1892","2","2.02536","0","1864.2062","920.4318","0","0","0","0","0","140.07208","92.614204","47.457874","30.894936","0.797373"
"D:\HAA\dACC revisions\Run 4\Br2720_dlPFC_20x_img_011-MaxIP-Stitched_unmixed-rotated.nd2","Layer 1","dACC_v17_ FISH-IF v2.4.4","934","3531","3570","995","1027","1","0","0","0","1","1","1092.0511","0","321.1779","0","0","0","0","0","21","39.908806","3","47175.938","1182.0934","0","0","0","0","0","0","0","0","0","0","166.81604","101.95848","64.85756","38.189575","0.718535"
"D:\HAA\dACC revisions\Run 4\Br2720_dlPFC_20x_img_011-MaxIP-Stitched_unmixed-rotated.nd2","Layer 1","dACC_v17_ FISH-IF v2.4.4","935","3610","3628","999","1017","0","0","0","0","1","1","350.60577","0","118.00731","0","0","0","0","0","0","0","0","0","0","0","0","0","0","0","0","0","0","0","0","48.884834","44.09762","4.787215","9.011024","0.918379"
"D:\HAA\dACC revisions\Run 4\Br2720_dlPFC_20x_img_011-MaxIP-Stitched_unmixed-rotated.nd2","Layer 1","dACC_v17_ FISH-IF v2.4.4","936","3487","3516","1003","1033","0","0","0","1","1","1","1707.6057","0","441.07733","10","24.488447","2","45693.418","1865.9172","0","0","0","0","0","0","0","0","0","0","0","0","0","0","0","125.75647","85.70957","40.046898","28.320358","0.858559"
"D:\HAA\dACC revisions\Run 4\Br2720_dlPFC_20x_img_011-MaxIP-Stitched_unmixed-rotated.nd2","Layer 1","dACC_v17_ FISH-IF v2.4.4","937","3516","3540","1008","1033","1","0","0","0","1","1","2341.4734","0","399.78677","0","0","0","0","0","4","3.406288","1","2661.9219","781.47296","0","0","0","0","0","0","0","0","0","0","81.79694","61.957615","19.839325","20.596624","0.736929"
"D:\HAA\dACC revisions\Run 4\Br2720_dlPFC_20x_img_011-MaxIP-Stitched_unmixed-rotated.nd2","Layer 1","dACC_v17_ FISH-IF v2.4.4","938","3618","3637","1028","1047","0","0","0","0","1","1","738.24805","0","132.48523","0","0","0","0","0","0","0","0","0","0","0","0","0","0","0","0","0","0","0","0","52.705402","46.76741","5.937988","10.298312","0.846829"
"D:\HAA\dACC revisions\Run 4\Br2720_dlPFC_20x_img_011-MaxIP-Stitched_unmixed-rotated.nd2","Layer 1","dACC_v17_ FISH-IF v2.4.4","939","3760","3790","1029","1056","0","0","0","0","1","1","1173.8636","0","334.5449","0","0","0","0","0","0","0","0","0","0","0","0","0","0","0","0","0","0","0","0","116.64234","81.52075","35.12159","26.603973","0.863397"
"D:\HAA\dACC revisions\Run 4\Br2720_dlPFC_20x_img_011-MaxIP-Stitched_unmixed-rotated.nd2","Layer 1","dACC_v17_ FISH-IF v2.4.4","940","3504","3536","1038","1066","1","0","0","0","1","1","1905.2736","0","384.0462","0","0","0","0","0","10","15.834636","2","18457.662","1132.7231","1","0.828557","0","619.5301","747.7222","0","0","0","0","0","121.38353","84.69689","36.68664","28.749454","0.782851"
"D:\HAA\dACC revisions\Run 4\Br2720_dlPFC_20x_img_011-MaxIP-Stitched_unmixed-rotated.nd2","Layer 1","dACC_v17_ FISH-IF v2.4.4","941","3464","3483","1081","1099","0","0","0","0","1","1","456.50458","0","125.16152","0","0","0","0","0","0","0","0","0","0","0","0","0","0","0","0","0","0","0","0","49.759422","44.74205","5.01737","9.011024","0.879595"
"D:\HAA\dACC revisions\Run 4\Br2720_dlPFC_20x_img_011-MaxIP-Stitched_unmixed-rotated.nd2","Layer 1","dACC_v17_ FISH-IF v2.4.4","942","3738","3762","1082","1109","0","0","0","0","1","1","2272.893","0","426.41385","0","0","0","0","0","2","1.104742","0","765.31006","692.75","0","0","0","0","0","0","0","0","0","0","97.44745","65.17978","32.267673","25.74578","0.731091"
"D:\HAA\dACC revisions\Run 4\Br2720_dlPFC_20x_img_011-MaxIP-Stitched_unmixed-rotated.nd2","Layer 1","dACC_v17_ FISH-IF v2.4.4","943","3839","3866","3513","3542","1","0","0","0","1","1","1831.8685","0","349.63544","0","0","0","0","0","5","8.515719","1","12462.963","1463.5243","0","0","0","0","0","2","1.841237","0","878.7302","477.25","117.28678","81.56679","35.719994","26.174877","0.884211"
"D:\HAA\dACC revisions\Run 4\Br2720_dlPFC_20x_img_011-MaxIP-Stitched_unmixed-rotated.nd2","Layer 1","dACC_v17_ FISH-IF v2.4.4","944","4161","4189","3529","3562","1","0","0","0","1","1","1755.2744","0","302.8968","0","0","0","0","0","11","13.302936","2","17293.861","1300.0034","1","0.552371","0","364.4728","659.8333","0","0","0","0","0","139.84193","91.87771","47.964214","30.036743","0.856767"
"D:\HAA\dACC revisions\Run 4\Br2720_dlPFC_20x_img_011-MaxIP-Stitched_unmixed-rotated.nd2","Layer 1","dACC_v17_ FISH-IF v2.4.4","945","3916","3948","3556","3585","1","0","0","0","1","1","1419.0503","0","247.52454","0","0","0","0","0","24","35.581898","3","52948.4","1488.0712","0","0","0","0","0","0","0","0","0","0","138.59909","91.00312","47.59597","30.46584","0.867294"
"D:\HAA\dACC revisions\Run 4\Br2720_dlPFC_20x_img_011-MaxIP-Stitched_unmixed-rotated.nd2","Layer 1","dACC_v17_ FISH-IF v2.4.4","946","4137","4163","3573","3598","0","0","0","0","1","1","1830.5829","0","276.80154","0","0","0","0","0","1","0.460309","0","274.1141","595.5","0","0","0","0","0","0","0","0","0","0","97.493484","71.670135","25.823345","22.098461","0.904009"
"D:\HAA\dACC revisions\Run 4\Br2720_dlPFC_20x_img_011-MaxIP-Stitched_unmixed-rotated.nd2","Layer 1","dACC_v17_ FISH-IF v2.4.4","947","4164","4186","3577","3600","0","0","0","0","1","1","732.8086","0","153.45389","0","0","0","0","0","0","0","0","0","0","0","0","0","0","0","0","0","0","0","0","69.18447","57.400555","11.783915","16.30566","0.736267"
"D:\HAA\dACC revisions\Run 4\Br2720_dlPFC_20x_img_011-MaxIP-Stitched_unmixed-rotated.nd2","Layer 1","dACC_v17_ FISH-IF v2.4.4","948","3951","3979","3616","3641","0","0","0","1","1","1","1490.2217","0","288.89893","8","23.844015","1","44917.062","1883.7876","0","0","0","0","0","0","0","0","0","0","0","0","0","0","0","104.95049","76.50339","28.447107","23.171202","0.822516"
"D:\HAA\dACC revisions\Run 4\Br2720_dlPFC_20x_img_011-MaxIP-Stitched_unmixed-rotated.nd2","Layer 1","dACC_v17_ FISH-IF v2.4.4","949","4138","4168","3628","3650","1","0","0","0","1","1","847.8142","0","167.9692","1","0.50634","0","351.76828","694.7273","5","4.418968","1","3005.7268","680.1875","0","0","0","0","0","0","0","0","0","0","97.999825","74.708176","23.291645","22.31301","0.683138"
"D:\HAA\dACC revisions\Run 4\Br2720_dlPFC_20x_img_011-MaxIP-Stitched_unmixed-rotated.nd2","Layer 1","dACC_v17_ FISH-IF v2.4.4","950","4130","4159","3680","3711","0","0","0","0","1","1","1790.6744","0","309.80792","0","0","0","0","0","0","0","0","0","0","0","0","0","0","0","2","5.661803","0","2865.793","506.1626","130.12941","86.998436","43.13097","29.17855","0.918496"
"D:\HAA\dACC revisions\Run 4\Br2720_dlPFC_20x_img_011-MaxIP-Stitched_unmixed-rotated.nd2","Layer 1","dACC_v17_ FISH-IF v2.4.4","951","3951","3979","3716","3744","0","0","0","1","1","1","1660.2859","0","275.95044","16","36.318394","3","80594.195","2219.1013","0","0","0","0","0","0","0","0","0","0","0","0","0","0","0","115.721725","80.78426","34.937466","26.174877","0.900146"
"D:\HAA\dACC revisions\Run 4\Br2720_dlPFC_20x_img_011-MaxIP-Stitched_unmixed-rotated.nd2","Layer 1","dACC_v17_ FISH-IF v2.4.4","952","4126","4157","3718","3750","1","0","0","0","1","1","1310.054","0","342.63138","0","0","0","0","0","14","19.471079","2","23159.49","1189.4303","0","0","0","0","0","0","0","0","0","0","147.71321","96.52683","51.18638","31.75313","0.75442"
"D:\HAA\dACC revisions\Run 4\Br2720_dlPFC_20x_img_011-MaxIP-Stitched_unmixed-rotated.nd2","Layer 1","dACC_v17_ FISH-IF v2.4.4","953","3817","3843","3746","3774","1","0","0","0","1","1","1402.995","0","462.52664","0","0","0","0","0","5","9.482369","1","8009.564","844.6796","0","0","0","0","0","0","0","0","0","0","97.63158","70.01302","27.618551","24.243944","0.771213"
"D:\HAA\dACC revisions\Run 4\Br2720_dlPFC_20x_img_011-MaxIP-Stitched_unmixed-rotated.nd2","Layer 1","dACC_v17_ FISH-IF v2.4.4","954","3826","3856","3774","3804","0","0","0","0","1","1","1647.6444","0","311.95612","0","0","0","0","0","0","0","0","0","0","0","0","0","0","0","0","0","0","0","0","129.89925","87.044464","42.854786","28.320358","0.920259"
"D:\HAA\dACC revisions\Run 4\Br2720_dlPFC_20x_img_011-MaxIP-Stitched_unmixed-rotated.nd2","Layer 1","dACC_v17_ FISH-IF v2.4.4","955","4184","4221","3784","3811","0","0","0","0","1","1","2054.9211","0","380.41025","0","0","0","0","0","0","0","0","0","0","0","0","0","0","0","0","0","0","0","0","141.82126","96.94111","44.880146","33.040417","0.639431"
"D:\HAA\dACC revisions\Run 4\Br2720_dlPFC_20x_img_011-MaxIP-Stitched_unmixed-rotated.nd2","Layer 1","dACC_v17_ FISH-IF v2.4.4","956","2135","2163","3490","3518","0","0","0","0","1","1","1655.4619","0","276.5306","0","0","0","0","0","0","0","0","0","0","0","0","0","0","0","0","0","0","0","0","113.6043","80.416016","33.18829","26.174877","0.810729"
"D:\HAA\dACC revisions\Run 4\Br2720_dlPFC_20x_img_011-MaxIP-Stitched_unmixed-rotated.nd2","Layer 1","dACC_v17_ FISH-IF v2.4.4","957","1976","2004","3515","3542","0","0","0","1","1","1","2757.4602","0","699.5538","5","13.763245","1","18217.242","1323.6154","0","0","0","0","0","0","0","0","0","0","0","0","0","0","0","109.69167","71.486015","38.20566","27.891262","0.872415"
"D:\HAA\dACC revisions\Run 4\Br2720_dlPFC_20x_img_011-MaxIP-Stitched_unmixed-rotated.nd2","Layer 1","dACC_v17_ FISH-IF v2.4.4","958","1999","2026","3533","3565","0","0","0","0","1","1","1279.9015","0","391.21133","0","0","0","0","0","3","5.01737","0","4167.9614","830.7064","0","0","0","0","0","0","0","0","0","0","117.33281","79.49539","37.837414","29.17855","0.747721"
"D:\HAA\dACC revisions\Run 4\Br2720_dlPFC_20x_img_011-MaxIP-Stitched_unmixed-rotated.nd2","Layer 1","dACC_v17_ FISH-IF v2.4.4","959","1976","1999","3541","3564","0","0","0","0","1","1","2560.2837","0","495.80972","0","0","0","0","0","0","0","0","0","0","0","0","0","0","0","0","0","0","0","0","84.4207","57.81483","26.605871","23.171202","0.879686"
"D:\HAA\dACC revisions\Run 4\Br2720_dlPFC_20x_img_011-MaxIP-Stitched_unmixed-rotated.nd2","Layer 1","dACC_v17_ FISH-IF v2.4.4","960","1945","1974","3572","3597","0","1","0","0","1","1","2356.6028","0","524.9849","0","0","0","0","0","2","1.979329","0","1576.605","796.5349","4","3.360257","1","2570.6887","765.0274","2","2.807886","0","1593.038","567.34424","109.92183","70.28921","39.63262","30.251291","0.695921"
"D:\HAA\dACC revisions\Run 4\Br2720_dlPFC_20x_img_011-MaxIP-Stitched_unmixed-rotated.nd2","Layer 1","dACC_v17_ FISH-IF v2.4.4","961","1997","2026","3575","3603","0","0","0","0","1","1","2206.7773","0","351.39124","0","0","0","0","0","0","0","0","0","0","0","0","0","0","0","0","0","0","0","0","116.82647","81.889","34.937466","26.603973","0.806066"
"D:\HAA\dACC revisions\Run 4\Br2720_dlPFC_20x_img_011-MaxIP-Stitched_unmixed-rotated.nd2","Layer 1","dACC_v17_ FISH-IF v2.4.4","962","2105","2143","3589","3620","0","0","0","0","1","1","2532.3625","0","459.95804","0","0","0","0","0","0","0","0","0","0","0","0","0","0","0","0","0","0","0","0","162.5812","105.31874","57.262463","36.902287","0.724817"
"D:\HAA\dACC revisions\Run 4\Br2720_dlPFC_20x_img_011-MaxIP-Stitched_unmixed-rotated.nd2","Layer 1","dACC_v17_ FISH-IF v2.4.4","963","1942","1970","3594","3616","0","1","1","0","1","1","1461.7672","0","375.66855","0","0","0","0","0","3","3.636442","0","3175.673","831.20483","9","11.461699","1","8647.322","754.4538","4","6.812576","1","3424.378","502.6554","80.416016","57.07834","23.337675","23.171202","0.760482"
"D:\HAA\dACC revisions\Run 4\Br2720_dlPFC_20x_img_011-MaxIP-Stitched_unmixed-rotated.nd2","Layer 1","dACC_v17_ FISH-IF v2.4.4","964","1828","1858","3597","3625","1","0","1","0","1","1","2689.7366","0","765.3154","0","0","0","0","0","4","4.603092","1","3985.633","865.86","0","0","0","0","0","46","75.81292","4","71250.43","933.58386","120.92322","84.05245","36.870766","27.891262","0.861095"
"D:\HAA\dACC revisions\Run 4\Br2720_dlPFC_20x_img_011-MaxIP-Stitched_unmixed-rotated.nd2","Layer 1","dACC_v17_ FISH-IF v2.4.4","965","1914","1944","3663","3691","0","0","0","1","1","1","2083.207","0","461.12338","5","7.134792","1","6806.6836","954.0129","0","0","0","0","0","0","0","0","0","0","0","0","0","0","0","120.18672","85.06513","35.12159","27.676714","0.7399"
"D:\HAA\dACC revisions\Run 4\Br2720_dlPFC_20x_img_011-MaxIP-Stitched_unmixed-rotated.nd2","Layer 1","dACC_v17_ FISH-IF v2.4.4","966","1986","2006","3710","3729","0","0","0","0","1","1","629.25183","0","138.7168","0","0","0","0","0","0","0","0","0","0","0","0","0","0","0","0","0","0","0","0","53.349834","47.13566","6.214174","10.51286","0.858796"
"D:\HAA\dACC revisions\Run 4\Br2720_dlPFC_20x_img_011-MaxIP-Stitched_unmixed-rotated.nd2","Layer 1","dACC_v17_ FISH-IF v2.4.4","967","1809","1839","3756","3781","0","0","0","1","1","1","2348.1006","0","444.28653","5","17.261595","1","25991.174","1505.7227","0","0","0","0","0","0","0","0","0","0","1","0.782526","0","395.54367","505.47058","102.234665","73.41931","28.815355","24.243944","0.76906"
"D:\HAA\dACC revisions\Run 4\Br2720_dlPFC_20x_img_011-MaxIP-Stitched_unmixed-rotated.nd2","Layer 1","dACC_v17_ FISH-IF v2.4.4","968","1982","2008","3763","3787","0","0","0","0","1","1","3098.364","0","453.0146","0","0","0","0","0","0","0","0","0","0","0","0","0","0","0","0","0","0","0","0","91.417404","69.41463","22.002779","20.167528","0.828032"
"D:\HAA\dACC revisions\Run 4\Br2720_dlPFC_20x_img_011-MaxIP-Stitched_unmixed-rotated.nd2","Layer 1","dACC_v17_ FISH-IF v2.4.4","969","2059","2085","3769","3799","0","1","1","0","1","1","1431.8488","0","200.55215","0","0","0","0","0","3","5.155463","0","5889.4717","1142.375","56","33.280354","4","54707.93","1643.8506","58","64.94962","4","89042.76","1370.951","111.8091","79.86364","31.945457","25.74578","0.765589"
"D:\HAA\dACC revisions\Run 4\Br2720_dlPFC_20x_img_011-MaxIP-Stitched_unmixed-rotated.nd2","Layer 1","dACC_v17_ FISH-IF v2.4.4","970","2092","2122","3794","3818","0","1","0","0","1","1","1371.6234","0","207.13118","0","0","0","0","0","2","4.188814","0","4579.478","1093.2638","14","12.290255","2","10956.049","891.44196","0","0","0","0","0","107.3441","78.25256","29.09154","24.458492","0.744614"
"D:\HAA\dACC revisions\Run 4\Br2720_dlPFC_20x_img_011-MaxIP-Stitched_unmixed-rotated.nd2","Layer 1","dACC_v17_ FISH-IF v2.4.4","971","1248","1275","1107","1131","0","0","1","0","1","1","697.87213","0","145.02159","0","0","0","0","0","0","0","0","0","0","3","3.360257","0","2505.4167","745.6027","27","59.517975","3","42933.68","721.3565","92.29199","70.33524","21.956747","21.454817","0.772583"
"D:\HAA\dACC revisions\Run 4\Br2720_dlPFC_20x_img_011-MaxIP-Stitched_unmixed-rotated.nd2","Layer 1","dACC_v17_ FISH-IF v2.4.4","972","1044","1068","1175","1202","0","0","0","0","1","1","1618.4019","0","270.32825","0","0","0","0","0","0","0","0","0","0","0","0","0","0","0","0","0","0","0","0","97.07921","72.22251","24.856695","21.883913","0.81637"
"D:\HAA\dACC revisions\Run 4\Br2720_dlPFC_20x_img_011-MaxIP-Stitched_unmixed-rotated.nd2","Layer 1","dACC_v17_ FISH-IF v2.4.4","973","1063","1087","1207","1235","0","0","0","0","1","1","2639.2505","0","508.34232","0","0","0","0","0","0","0","0","0","0","0","0","0","0","0","0","0","0","0","0","94.73163","73.41931","21.312315","23.171202","0.733669"
"D:\HAA\dACC revisions\Run 4\Br2720_dlPFC_20x_img_011-MaxIP-Stitched_unmixed-rotated.nd2","Layer 1","dACC_v17_ FISH-IF v2.4.4","974","1322","1361","1231","1266","0","0","0","1","1","1","1614.0167","0","315.96585","6","14.960048","1","15737.694","1051.9816","0","0","0","0","0","0","0","0","0","0","0","0","0","0","0","164.42244","109.18533","55.237103","40.764153","0.599209"
"D:\HAA\dACC revisions\Run 4\Br2720_dlPFC_20x_img_011-MaxIP-Stitched_unmixed-rotated.nd2","Layer 1","dACC_v17_ FISH-IF v2.4.4","975","1109","1137","1248","1273","0","0","1","0","1","1","790.40704","0","159.13777","0","0","0","0","0","0","0","0","0","0","1","0.552371","0","326.86554","591.75","42","64.25916","4","62592.656","974.0659","107.48219","77.51607","29.966127","23.171202","0.866647"
"D:\HAA\dACC revisions\Run 4\Br2720_dlPFC_20x_img_011-MaxIP-Stitched_unmixed-rotated.nd2","Layer 1","dACC_v17_ FISH-IF v2.4.4","976","1141","1169","1276","1299","0","0","0","0","1","1","3091.0137","0","419.27988","0","0","0","0","0","0","0","0","0","0","0","0","0","0","0","0","0","0","0","0","95.51415","72.03838","23.475767","21.454817","0.76549"
"D:\HAA\dACC revisions\Run 4\Br2720_dlPFC_20x_img_011-MaxIP-Stitched_unmixed-rotated.nd2","Layer 1","dACC_v17_ FISH-IF v2.4.4","977","1273","1307","1289","1313","0","0","0","0","1","1","2480.654","0","435.89658","0","0","0","0","0","0","0","0","0","0","0","0","0","0","0","1","0.644433","0","300.21365","465.85715","122.5343","86.354004","36.1803","27.462166","0.714843"
"D:\HAA\dACC revisions\Run 4\Br2720_dlPFC_20x_img_011-MaxIP-Stitched_unmixed-rotated.nd2","Layer 1","dACC_v17_ FISH-IF v2.4.4","978","1115","1144","1327","1356","0","0","0","1","1","1","2496.5505","0","450.4379","6","14.315616","1","19469.467","1360.0161","0","0","0","0","0","0","0","0","0","0","0","0","0","0","0","114.43286","81.152504","33.280354","26.603973","0.784716"
"D:\HAA\dACC revisions\Run 4\Br2720_dlPFC_20x_img_011-MaxIP-Stitched_unmixed-rotated.nd2","Layer 1","dACC_v17_ FISH-IF v2.4.4","979","1157","1183","1340","1362","0","0","0","0","1","1","1661.9637","0","302.76266","0","0","0","0","0","0","0","0","0","0","0","0","0","0","0","0","0","0","0","0","81.06045","64.581375","16.479069","18.236595","0.693346"
"D:\HAA\dACC revisions\Run 4\Br2720_dlPFC_20x_img_011-MaxIP-Stitched_unmixed-rotated.nd2","Layer 1","dACC_v17_ FISH-IF v2.4.4","980","1362","1384","1360","1383","0","0","0","0","1","1","1840.5308","0","261.2365","0","0","0","0","0","0","0","0","0","0","0","0","0","0","0","0","0","0","0","0","73.97169","59.74813","14.223554","16.30566","0.868308"
"D:\HAA\dACC revisions\Run 4\Br2720_dlPFC_20x_img_011-MaxIP-Stitched_unmixed-rotated.nd2","Layer 1","dACC_v17_ FISH-IF v2.4.4","981","1286","1314","1416","1445","0","1","1","0","1","1","1317.1559","0","353.13516","0","0","0","0","0","0","0","0","0","0","17","17.675873","3","13963.847","789.9948","21","42.026226","3","28286.32","673.06354","112.13132","79.3573","32.774014","26.818521","0.803886"
"D:\HAA\dACC revisions\Run 4\Br2720_dlPFC_20x_img_011-MaxIP-Stitched_unmixed-rotated.nd2","Layer 1","dACC_v17_ FISH-IF v2.4.4","982","1213","1239","1418","1439","0","0","0","0","1","1","1303.8948","0","226.82744","0","0","0","0","0","0","0","0","0","0","0","0","0","0","0","0","0","0","0","0","80.83029","65.087715","15.742574","18.022047","0.700401"
"D:\HAA\dACC revisions\Run 4\Br2720_dlPFC_20x_img_011-MaxIP-Stitched_unmixed-rotated.nd2","Layer 1","dACC_v17_ FISH-IF v2.4.4","983","1274","1300","1439","1462","0","0","0","0","1","1","2750.4182","0","421.43042","0","0","0","0","0","0","0","0","0","0","1","1.01268","0","738.474","729.2273","2","1.703144","0","939.85925","551.8378","88.83967","67.48132","21.358345","20.596624","0.809868"
"D:\HAA\dACC revisions\Run 4\Br2720_dlPFC_20x_img_011-MaxIP-Stitched_unmixed-rotated.nd2","Layer 1","dACC_v17_ FISH-IF v2.4.4","984","1005","1032","1441","1468","0","0","0","0","1","1","2986.328","0","451.19775","0","0","0","0","0","0","0","0","0","0","0","0","0","0","0","0","0","0","0","0","110.79642","77.51607","33.280354","24.887589","0.914241"
"D:\HAA\dACC revisions\Run 4\Br2720_dlPFC_20x_img_011-MaxIP-Stitched_unmixed-rotated.nd2","Layer 1","dACC_v17_ FISH-IF v2.4.4","985","1032","1046","1444","1460","0","0","0","0","1","1","998.3333","0","283.51733","0","0","0","0","0","0","0","0","0","0","0","0","0","0","0","0","0","0","0","0","34.569218","33.18829","1.380928","4.505512","0.70035"
"D:\HAA\dACC revisions\Run 4\Br2720_dlPFC_20x_img_011-MaxIP-Stitched_unmixed-rotated.nd2","Layer 1","dACC_v17_ FISH-IF v2.4.4","986","1054","1073","1470","1490","0","0","0","0","1","1","431.37064","0","137.4924","0","0","0","0","0","0","0","0","0","0","0","0","0","0","0","0","0","0","0","0","55.006947","48.424526","6.582421","11.156505","0.778649"
"D:\HAA\dACC revisions\Run 4\Br2720_dlPFC_20x_img_011-MaxIP-Stitched_unmixed-rotated.nd2","Layer 1","dACC_v17_ FISH-IF v2.4.4","987","3667","3685","3095","3113","0","0","0","0","1","1","389.0792","0","122.48952","0","0","0","0","0","0","0","0","0","0","0","0","0","0","0","0","0","0","0","0","48.56262","43.913494","4.649123","8.581926","0.869744"
"D:\HAA\dACC revisions\Run 4\Br2720_dlPFC_20x_img_011-MaxIP-Stitched_unmixed-rotated.nd2","Layer 1","dACC_v17_ FISH-IF v2.4.4","988","3461","3479","3112","3131","0","0","0","0","1","1","627.98346","0","122.721","0","0","0","0","0","0","0","0","0","0","0","0","0","0","0","0","0","0","0","0","51.60066","46.03092","5.569741","9.44012","0.858209"
"D:\HAA\dACC revisions\Run 4\Br2720_dlPFC_20x_img_011-MaxIP-Stitched_unmixed-rotated.nd2","Layer 1","dACC_v17_ FISH-IF v2.4.4","989","3489","3520","3116","3145","0","0","0","1","1","1","1787.6377","0","298.72577","8","23.797985","1","36273.42","1524.2224","0","0","0","0","0","0","0","0","0","0","0","0","0","0","0","130.7278","88.2873","42.440506","29.607647","0.804529"
"D:\HAA\dACC revisions\Run 4\Br2720_dlPFC_20x_img_011-MaxIP-Stitched_unmixed-rotated.nd2","Layer 1","dACC_v17_ FISH-IF v2.4.4","990","3483","3514","3154","3192","0","0","0","0","1","1","2044.5122","0","433.85538","1","0.552371","0","427.07486","773.1667","0","0","0","0","0","0","0","0","0","0","0","0","0","0","0","151.94806","105.04256","46.905506","37.76048","0.555045"
"D:\HAA\dACC revisions\Run 4\Br2720_dlPFC_20x_img_011-MaxIP-Stitched_unmixed-rotated.nd2","Layer 1","dACC_v17_ FISH-IF v2.4.4","991","3436","3455","3183","3203","0","0","0","0","1","1","903.4194","0","148.17477","0","0","0","0","0","0","0","0","0","0","0","0","0","0","0","0","0","0","0","0","52.060966","46.353134","5.707834","10.083764","0.843276"
"D:\HAA\dACC revisions\Run 4\Br2720_dlPFC_20x_img_011-MaxIP-Stitched_unmixed-rotated.nd2","Layer 1","dACC_v17_ FISH-IF v2.4.4","992","3691","3719","3191","3226","1","0","0","0","1","1","1391.2435","0","249.75061","1","0.644433","0","511.03525","793","35","49.851482","4","86691.45","1738.9945","2","1.150773","0","809.4997","703.44","0","0","0","0","0","144.95135","95.05385","49.897514","31.75313","0.750174"
"D:\HAA\dACC revisions\Run 4\Br2720_dlPFC_20x_img_011-MaxIP-Stitched_unmixed-rotated.nd2","Layer 1","dACC_v17_ FISH-IF v2.4.4","993","3777","3799","3283","3313","0","0","0","0","1","1","1707.0739","0","279.12607","0","0","0","0","0","0","0","0","0","0","0","0","0","0","0","1","0.598402","0","266.56503","445.46155","102.14261","75.95101","26.191591","22.742105","0.747419"
"D:\HAA\dACC revisions\Run 4\Br2720_dlPFC_20x_img_011-MaxIP-Stitched_unmixed-rotated.nd2","Layer 1","dACC_v17_ FISH-IF v2.4.4","994","3520","3552","3318","3346","0","0","0","1","1","1","1782.8157","0","387.6201","7","16.939377","1","30678.088","1811.0516","0","0","0","0","0","0","0","0","0","0","0","0","0","0","0","133.44363","91.23328","42.21035","29.822195","0.777153"
"D:\HAA\dACC revisions\Run 4\Br2720_dlPFC_20x_img_011-MaxIP-Stitched_unmixed-rotated.nd2","Layer 1","dACC_v17_ FISH-IF v2.4.4","995","3625","3659","3341","3361","1","0","0","0","1","1","560.04645","0","117.64492","0","0","0","0","0","10","15.190203","2","20663.371","1360.3091","0","0","0","0","0","1","1.058711","0","508.8718","480.65216","100.531525","79.72555","20.805975","23.600298","0.526732"
"D:\HAA\dACC revisions\Run 4\Br2720_dlPFC_20x_img_011-MaxIP-Stitched_unmixed-rotated.nd2","Layer 1","dACC_v17_ FISH-IF v2.4.4","996","3513","3543","3355","3382","1","0","0","0","1","1","1555.5824","0","313.36493","0","0","0","0","0","16","26.51381","3","35912.953","1352.1525","0","0","0","0","0","0","0","0","0","0","122.58033","84.006424","38.57391","27.462166","0.863354"
"D:\HAA\dACC revisions\Run 4\Br2720_dlPFC_20x_img_011-MaxIP-Stitched_unmixed-rotated.nd2","Layer 1","dACC_v17_ FISH-IF v2.4.4","997","3739","3771","3366","3392","0","0","0","0","1","1","1880.4052","0","344.04282","0","0","0","0","0","0","0","0","0","0","1","1.380928","0","1156.1125","837.2","1","0.414278","0","187.99026","453.77777","109.36946","66.65277","42.71669","30.46584","0.706671"
"D:\HAA\dACC revisions\Run 4\Br2720_dlPFC_20x_img_011-MaxIP-Stitched_unmixed-rotated.nd2","Layer 1","dACC_v17_ FISH-IF v2.4.4","998","3732","3760","3383","3410","1","0","0","0","1","1","1391.7478","0","359.66846","0","0","0","0","0","6","9.942678","1","9191.315","924.43054","1","0.644433","0","423.20825","656.7143","0","0","0","0","0","97.35539","60.11638","37.239014","27.247618","0.833068"
"D:\HAA\dACC revisions\Run 4\Br2720_dlPFC_20x_img_011-MaxIP-Stitched_unmixed-rotated.nd2","Layer 1","dACC_v17_ FISH-IF v2.4.4","999","3694","3717","3381","3406","0","0","0","0","1","1","785.31177","0","181.39064","0","0","0","0","0","2","2.209484","0","1732.2355","784","0","0","0","0","0","0","0","0","0","0","78.574776","62.924263","15.650512","18.451143","0.757034"
"D:\HAA\dACC revisions\Run 4\Br2720_dlPFC_20x_img_011-MaxIP-Stitched_unmixed-rotated.nd2","Layer 1","dACC_v17_ FISH-IF v2.4.4","1000","3591","3614","3396","3424","0","0","0","0","1","1","2480.49","0","317.84787","0","0","0","0","0","1","1.196804","0","1185.5723","858.5333","0","0","0","0","0","0","0","0","0","0","90.95709","70.19715","20.759943","21.02572","0.746746"
"D:\HAA\dACC revisions\Run 4\Br2720_dlPFC_20x_img_011-MaxIP-Stitched_unmixed-rotated.nd2","Layer 1","dACC_v17_ FISH-IF v2.4.4","1001","3494","3518","3413","3438","1","0","0","0","1","1","3285.93","0","399.11658","0","0","0","0","0","7","9.160152","1","17698.934","1932.1658","1","1.565051","0","1466.361","936.94116","1","0.690464","0","349.69687","506.46667","95.8824","70.28921","25.59319","21.883913","0.866744"
"D:\HAA\dACC revisions\Run 4\Br2720_dlPFC_20x_img_011-MaxIP-Stitched_unmixed-rotated.nd2","Layer 1","dACC_v17_ FISH-IF v2.4.4","1002","3793","3823","3423","3452","0","0","0","0","1","1","1035.2266","0","226.52643","0","0","0","0","0","0","0","0","0","0","0","0","0","0","0","0","0","0","0","0","124.145386","85.341324","38.80406","28.320358","0.811268"
"D:\HAA\dACC revisions\Run 4\Br2720_dlPFC_20x_img_011-MaxIP-Stitched_unmixed-rotated.nd2","Layer 1","dACC_v17_ FISH-IF v2.4.4","1003","3647","3683","3425","3448","0","0","0","0","1","1","2183.2063","0","466.7142","0","0","0","0","0","0","0","0","0","0","0","0","0","0","0","0","0","0","0","0","102.050545","71.0257","31.024837","32.396774","0.473549"
"D:\HAA\dACC revisions\Run 4\Br2720_dlPFC_20x_img_011-MaxIP-Stitched_unmixed-rotated.nd2","Layer 1","dACC_v17_ FISH-IF v2.4.4","1004","3682","3716","3425","3455","0","0","0","0","1","1","2229.3586","0","418.42865","0","0","0","0","0","0","0","0","0","0","0","0","0","0","0","0","0","0","0","0","117.10265","83.2239","33.878754","33.040417","0.525353"
"D:\HAA\dACC revisions\Run 4\Br2720_dlPFC_20x_img_011-MaxIP-Stitched_unmixed-rotated.nd2","Layer 1","dACC_v17_ FISH-IF v2.4.4","1005","3667","3694","3438","3461","0","0","0","0","1","1","2850.5","0","427.66254","0","0","0","0","0","0","0","0","0","0","0","0","0","0","0","0","0","0","0","0","78.43668","48.424526","30.012157","25.531233","0.756611"
"D:\HAA\dACC revisions\Run 4\Br2720_dlPFC_20x_img_011-MaxIP-Stitched_unmixed-rotated.nd2","Layer 1","dACC_v17_ FISH-IF v2.4.4","1006","3492","3522","3438","3462","1","0","0","0","1","1","1115.4292","0","200.56383","0","0","0","0","0","29","34.477158","3","77454.8","2246.554","2","2.209484","0","1806.7135","817.7083","0","0","0","0","0","107.804405","77.884315","29.920095","24.458492","0.734481"
"D:\HAA\dACC revisions\Run 4\Br2720_dlPFC_20x_img_011-MaxIP-Stitched_unmixed-rotated.nd2","Layer 1","dACC_v17_ FISH-IF v2.4.4","1007","3510","3528","3476","3495","0","0","0","0","1","1","501.71545","0","125.56431","0","0","0","0","0","0","0","0","0","0","0","0","0","0","0","0","0","0","0","0","51.830814","46.16901","5.661803","9.869216","0.869668"
"D:\HAA\dACC revisions\Run 4\Br2720_dlPFC_20x_img_011-MaxIP-Stitched_unmixed-rotated.nd2","Layer 1","dACC_v17_ FISH-IF v2.4.4","1008","2584","2606","741","762","0","0","0","0","1","1","2135.4646","0","241.6936","0","0","0","0","0","1","1.058711","0","733.45667","692.7826","0","0","0","0","0","0","0","0","0","0","65.087715","54.68473","10.402987","14.160179","0.847659"
"D:\HAA\dACC revisions\Run 4\Br2720_dlPFC_20x_img_011-MaxIP-Stitched_unmixed-rotated.nd2","Layer 1","dACC_v17_ FISH-IF v2.4.4","1009","2226","2245","743","762","0","0","0","0","1","1","998.31616","0","140.00195","0","0","0","0","0","0","0","0","0","0","3","3.682473","0","2818.7031","765.4375","0","0","0","0","0","53.441895","47.18169","6.260205","10.298312","0.900468"
"D:\HAA\dACC revisions\Run 4\Br2720_dlPFC_20x_img_011-MaxIP-Stitched_unmixed-rotated.nd2","Layer 1","dACC_v17_ FISH-IF v2.4.4","1010","2454","2474","782","800","0","0","0","0","1","1","584.5649","0","132.83366","0","0","0","0","0","0","0","0","0","0","0","0","0","0","0","0","0","0","0","0","53.073647","47.0436","6.03005","10.298312","0.825674"
"D:\HAA\dACC revisions\Run 4\Br2720_dlPFC_20x_img_011-MaxIP-Stitched_unmixed-rotated.nd2","Layer 1","dACC_v17_ FISH-IF v2.4.4","1011","2491","2511","795","817","0","0","0","0","1","1","400.54587","0","122.53904","0","0","0","0","0","0","0","0","0","0","0","0","0","0","0","3","2.715824","0","1247.8062","459.45764","64.85756","54.822823","10.03474","13.731083","0.75927"
"D:\HAA\dACC revisions\Run 4\Br2720_dlPFC_20x_img_011-MaxIP-Stitched_unmixed-rotated.nd2","Layer 1","dACC_v17_ FISH-IF v2.4.4","1012","2581","2600","807","825","0","0","0","0","1","1","539.37964","0","123.37255","0","0","0","0","0","0","0","0","0","0","0","0","0","0","0","0","0","0","0","0","49.5753","44.60396","4.971339","9.44012","0.868133"
"D:\HAA\dACC revisions\Run 4\Br2720_dlPFC_20x_img_011-MaxIP-Stitched_unmixed-rotated.nd2","Layer 1","dACC_v17_ FISH-IF v2.4.4","1013","2433","2453","829","849","0","0","0","0","1","1","524.2893","0","149.61835","0","0","0","0","0","0","0","0","0","0","0","0","0","0","0","0","0","0","0","0","57.492615","50.1737","7.318916","11.585601","0.748936"
"D:\HAA\dACC revisions\Run 4\Br2720_dlPFC_20x_img_011-MaxIP-Stitched_unmixed-rotated.nd2","Layer 1","dACC_v17_ FISH-IF v2.4.4","1014","2333","2353","880","899","0","0","0","0","1","1","847.95","0","155.55441","0","0","0","0","0","0","0","0","0","0","0","0","0","0","0","0","0","0","0","0","56.848183","49.483234","7.364947","11.585601","0.834638"
"D:\HAA\dACC revisions\Run 4\Br2720_dlPFC_20x_img_011-MaxIP-Stitched_unmixed-rotated.nd2","Layer 1","dACC_v17_ FISH-IF v2.4.4","1015","2455","2484","911","936","0","0","0","1","1","1","3215.9766","0","467.90128","5","16.433037","1","18009.367","1095.9243","0","0","0","0","0","0","0","0","0","0","0","0","0","0","0","103.063225","75.536736","27.52649","23.600298","0.783043"
"D:\HAA\dACC revisions\Run 4\Br2720_dlPFC_20x_img_011-MaxIP-Stitched_unmixed-rotated.nd2","Layer 1","dACC_v17_ FISH-IF v2.4.4","1016","2596","2625","940","965","0","0","0","0","1","1","3313.0403","0","438.67255","0","0","0","0","0","0","0","0","0","0","0","0","0","0","0","0","0","0","0","0","104.30606","75.76689","28.53917","23.171202","0.850648"
"D:\HAA\dACC revisions\Run 4\Br2720_dlPFC_20x_img_011-MaxIP-Stitched_unmixed-rotated.nd2","Layer 1","dACC_v17_ FISH-IF v2.4.4","1017","2233","2252","965","984","0","0","0","0","1","1","724.9771","0","140.70403","0","0","0","0","0","0","0","0","0","0","0","0","0","0","0","0","0","0","0","0","52.843494","46.813442","6.03005","10.083764","0.877369"
"D:\HAA\dACC revisions\Run 4\Br2720_dlPFC_20x_img_011-MaxIP-Stitched_unmixed-rotated.nd2","Layer 1","dACC_v17_ FISH-IF v2.4.4","1018","2287","2306","979","999","0","0","0","0","1","1","1190.1818","0","168.81984","0","0","0","0","0","0","0","0","0","0","0","0","0","0","0","0","0","0","0","0","54.362514","47.780094","6.582421","11.156505","0.8695"
"D:\HAA\dACC revisions\Run 4\Br2720_dlPFC_20x_img_011-MaxIP-Stitched_unmixed-rotated.nd2","Layer 1","dACC_v17_ FISH-IF v2.4.4","1019","2435","2455","998","1020","0","0","0","0","1","1","1318.3973","0","209.40234","1","0.50634","0","357.9364","706.9091","1","1.380928","0","1055.8572","764.6","0","0","0","0","0","0","0","0","0","0","65.45596","55.14504","10.310925","14.160179","0.773671"
"D:\HAA\dACC revisions\Run 4\Br2720_dlPFC_20x_img_011-MaxIP-Stitched_unmixed-rotated.nd2","Layer 1","dACC_v17_ FISH-IF v2.4.4","1020","2252","2272","1001","1023","1","0","0","0","1","1","642.14014","0","148.27194","0","0","0","0","0","4","4.649123","1","3303.915","710.65344","1","1.104742","0","849.5006","768.9583","0","0","0","0","0","59.886223","47.734062","12.152163","16.734756","0.608601"
"D:\HAA\dACC revisions\Run 4\Br2720_dlPFC_20x_img_011-MaxIP-Stitched_unmixed-rotated.nd2","Layer 1","dACC_v17_ FISH-IF v2.4.4","1021","2270","2286","1007","1026","0","0","0","0","1","1","610.7765","0","130.51404","0","0","0","0","0","2","1.288866","0","887.9824","688.9643","0","0","0","0","0","0","0","0","0","0","45.52458","37.69932","7.825256","12.658342","0.70402"
"D:\HAA\dACC revisions\Run 4\Br2720_dlPFC_20x_img_011-MaxIP-Stitched_unmixed-rotated.nd2","Layer 1","dACC_v17_ FISH-IF v2.4.4","1022","2357","2388","1007","1030","1","0","0","0","1","1","1798.247","0","354.98566","1","1.150773","0","984.2331","855.28","9","14.269585","1","17836.98","1250","3","3.866597","0","2920.1553","755.2262","0","0","0","0","0","103.063225","76.96369","26.09953","24.029396","0.683722"
"D:\HAA\dACC revisions\Run 4\Br2720_dlPFC_20x_img_011-MaxIP-Stitched_unmixed-rotated.nd2","Layer 1","dACC_v17_ FISH-IF v2.4.4","1023","2398","2419","1010","1032","0","0","0","0","1","1","688.41785","0","157.09322","0","0","0","0","0","1","1.150773","0","1323.8953","821.74286","0","0","0","0","0","0","0","0","0","0","64.12107","54.316483","9.804585","13.945631","0.786064"
"D:\HAA\dACC revisions\Run 4\Br2720_dlPFC_20x_img_011-MaxIP-Stitched_unmixed-rotated.nd2","Layer 1","dACC_v17_ FISH-IF v2.4.4","1024","2435","2455","1025","1044","0","0","0","0","1","1","1456.2963","0","212.84416","0","0","0","0","0","0","0","0","0","0","0","0","0","0","0","0","0","0","0","0","57.07834","49.62133","7.457009","12.014698","0.816077"
"D:\HAA\dACC revisions\Run 4\Br2720_dlPFC_20x_img_011-MaxIP-Stitched_unmixed-rotated.nd2","Layer 1","dACC_v17_ FISH-IF v2.4.4","1025","2272","2297","1038","1068","1","0","0","0","1","1","2770.7249","0","444.39838","0","0","0","0","0","4","7.04273","1","7174.8853","1018.7647","1","1.242835","0","841.26105","676.8889","0","0","0","0","0","109.41549","78.80493","30.61056","24.887589","0.777859"
"D:\HAA\dACC revisions\Run 4\Br2720_dlPFC_20x_img_011-MaxIP-Stitched_unmixed-rotated.nd2","Layer 1","dACC_v17_ FISH-IF v2.4.4","1026","2601","2617","1039","1057","0","0","0","0","1","1","1597.4878","0","280.56775","0","0","0","0","0","0","0","0","0","0","0","0","0","0","0","0","0","0","0","0","41.15164","37.377106","3.774535","8.367378","0.798441"
"D:\HAA\dACC revisions\Run 4\Br2720_dlPFC_20x_img_011-MaxIP-Stitched_unmixed-rotated.nd2","Layer 1","dACC_v17_ FISH-IF v2.4.4","1027","2444","2468","1041","1070","0","0","0","0","1","1","3025.514","0","398.5432","0","0","0","0","0","0","0","0","0","0","0","0","0","0","0","0","0","0","0","0","104.214","76.18117","28.03283","23.600298","0.79241"
"D:\HAA\dACC revisions\Run 4\Br2720_dlPFC_20x_img_011-MaxIP-Stitched_unmixed-rotated.nd2","Layer 1","dACC_v17_ FISH-IF v2.4.4","1028","2224","2258","1057","1084","0","1","0","0","1","1","1870.5149","0","339.23053","0","0","0","0","0","1","1.150773","0","805.81726","700.24","7","6.306236","1","4732.669","750.4744","0","0","0","0","0","118.575645","89.25395","29.321695","30.251291","0.544006"
"D:\HAA\dACC revisions\Run 4\Br2720_dlPFC_20x_img_011-MaxIP-Stitched_unmixed-rotated.nd2","Layer 1","dACC_v17_ FISH-IF v2.4.4","1029","2427","2456","1068","1098","0","0","0","0","1","1","2464.844","0","396.92938","0","0","0","0","0","0","0","0","0","0","1","0.598402","0","522.9573","668.2941","0","0","0","0","0","122.02796","86.031784","35.996178","28.749454","0.720665"
"D:\HAA\dACC revisions\Run 4\Br2720_dlPFC_20x_img_011-MaxIP-Stitched_unmixed-rotated.nd2","Layer 1","dACC_v17_ FISH-IF v2.4.4","1030","3760","3784","1087","1117","1","0","0","0","1","1","1113.9388","0","431.00815","0","0","0","0","0","5","7.503039","1","6274.9805","836.32513","0","0","0","0","0","0","0","0","0","0","102.41879","67.80354","34.61525","27.891262","0.824696"
"D:\HAA\dACC revisions\Run 4\Br2720_dlPFC_20x_img_011-MaxIP-Stitched_unmixed-rotated.nd2","Layer 1","dACC_v17_ FISH-IF v2.4.4","1031","3677","3708","1091","1123","1","0","0","0","1","1","1379.2762","0","322.33563","0","0","0","0","0","15","22.186903","3","28109.193","1241.1769","1","0.920618","0","725.44727","788","0","0","0","0","0","141.82126","93.67292","48.14834","32.182224","0.751175"
"D:\HAA\dACC revisions\Run 4\Br2720_dlPFC_20x_img_011-MaxIP-Stitched_unmixed-rotated.nd2","Layer 1","dACC_v17_ FISH-IF v2.4.4","1032","3482","3512","1098","1127","0","0","0","0","1","1","2100.3442","0","366.104","0","0","0","0","0","0","0","0","0","0","0","0","0","0","0","0","0","0","0","0","120.601006","82.76359","37.837414","28.320358","0.894358"
"D:\HAA\dACC revisions\Run 4\Br2720_dlPFC_20x_img_011-MaxIP-Stitched_unmixed-rotated.nd2","Layer 1","dACC_v17_ FISH-IF v2.4.4","1033","3499","3535","1122","1147","0","0","0","0","1","1","2618.7224","0","595.45416","0","0","0","0","0","0","0","0","0","0","0","0","0","0","0","0","0","0","0","0","137.1261","92.84436","44.281742","29.607647","0.717407"
"D:\HAA\dACC revisions\Run 4\Br2720_dlPFC_20x_img_011-MaxIP-Stitched_unmixed-rotated.nd2","Layer 1","dACC_v17_ FISH-IF v2.4.4","1034","3799","3827","1133","1163","0","0","0","0","1","1","1843.0348","0","391.19778","0","0","0","0","0","3","5.385617","0","4189.9185","777.9829","0","0","0","0","0","0","0","0","0","0","120.37085","83.31596","37.05489","27.03307","0.861884"
"D:\HAA\dACC revisions\Run 4\Br2720_dlPFC_20x_img_011-MaxIP-Stitched_unmixed-rotated.nd2","Layer 1","dACC_v17_ FISH-IF v2.4.4","1035","3609","3634","1177","1202","0","0","0","1","1","1","2577.7075","0","371.30313","10","23.890047","2","42604.055","1783.3391","0","0","0","0","0","1","0.50634","0","345.41602","682.1818","0","0","0","0","0","96.84905","72.13045","24.718603","21.02572","0.898736"
"D:\HAA\dACC revisions\Run 4\Br2720_dlPFC_20x_img_011-MaxIP-Stitched_unmixed-rotated.nd2","Layer 1","dACC_v17_ FISH-IF v2.4.4","1036","3644","3671","1177","1203","0","0","0","0","1","1","1850.8595","0","339.50275","3","8.515719","0","9011.1045","1058.173","0","0","0","0","0","0","0","0","0","0","0","0","0","0","0","103.20132","75.352615","27.848705","23.171202","0.848469"
"D:\HAA\dACC revisions\Run 4\Br2720_dlPFC_20x_img_011-MaxIP-Stitched_unmixed-rotated.nd2","Layer 1","dACC_v17_ FISH-IF v2.4.4","1037","3448","3468","1234","1263","0","0","0","0","1","1","2530.9163","0","514.1124","3","2.899948","0","2388.6824","823.6984","0","0","0","0","0","0","0","0","0","0","0","0","0","0","0","85.06513","53.211742","31.853395","25.74578","0.731648"
"D:\HAA\dACC revisions\Run 4\Br2720_dlPFC_20x_img_011-MaxIP-Stitched_unmixed-rotated.nd2","Layer 1","dACC_v17_ FISH-IF v2.4.4","1038","3430","3450","1240","1263","0","0","0","0","1","1","3159.6655","0","552.3845","0","0","0","0","0","2","2.669793","0","4466.0576","1672.8103","1","0.782526","0","604.15576","772.05884","0","0","0","0","0","70.473335","42.256382","28.216953","23.600298","0.851031"
"D:\HAA\dACC revisions\Run 4\Br2720_dlPFC_20x_img_011-MaxIP-Stitched_unmixed-rotated.nd2","Layer 1","dACC_v17_ FISH-IF v2.4.4","1039","3431","3454","1263","1284","0","0","0","0","1","1","1731.1088","0","669.7574","0","0","0","0","0","2","5.707834","0","5682.3325","995.5323","2","1.749175","0","1332.3649","761.7105","0","0","0","0","0","76.13514","48.19437","27.940767","24.887589","0.727132"
"D:\HAA\dACC revisions\Run 4\Br2720_dlPFC_20x_img_011-MaxIP-Stitched_unmixed-rotated.nd2","Layer 1","dACC_v17_ FISH-IF v2.4.4","1040","3454","3480","1261","1290","0","0","0","0","1","1","2263.3574","0","387.52225","1","0.644433","0","507.721","787.8571","0","0","0","0","0","0","0","0","0","0","0","0","0","0","0","113.97255","69.27653","44.696022","30.894936","0.675131"
"D:\HAA\dACC revisions\Run 4\Br2720_dlPFC_20x_img_011-MaxIP-Stitched_unmixed-rotated.nd2","Layer 1","dACC_v17_ FISH-IF v2.4.4","1041","3797","3835","1297","1331","0","0","0","0","1","1","1810.8977","0","263.08392","0","0","0","0","0","0","0","0","0","0","0","0","0","0","0","0","0","0","0","0","157.0575","105.31874","51.73875","39.047768","0.607744"
"D:\HAA\dACC revisions\Run 4\Br2720_dlPFC_20x_img_011-MaxIP-Stitched_unmixed-rotated.nd2","Layer 1","dACC_v17_ FISH-IF v2.4.4","1042","3716","3744","1325","1355","0","0","0","0","1","1","1018.38965","0","205.20424","0","0","0","0","0","0","0","0","0","0","1","0.598402","0","409.30692","684","0","0","0","0","0","112.72971","82.487404","30.242313","27.462166","0.636096"
"D:\HAA\dACC revisions\Run 4\Br2720_dlPFC_20x_img_011-MaxIP-Stitched_unmixed-rotated.nd2","Layer 1","dACC_v17_ FISH-IF v2.4.4","1043","3774","3799","1346","1370","0","0","0","0","1","1","2049.3384","0","358.86914","0","0","0","0","0","0","0","0","0","0","0","0","0","0","0","0","0","0","0","0","81.84297","58.044987","23.797985","23.171202","0.705078"
"D:\HAA\dACC revisions\Run 4\Br2720_dlPFC_20x_img_011-MaxIP-Stitched_unmixed-rotated.nd2","Layer 1","dACC_v17_ FISH-IF v2.4.4","1044","3645","3675","1348","1381","1","0","0","0","1","1","1554.1995","0","263.57025","0","0","0","0","0","8","14.867987","1","18340.236","1233.5387","1","0.598402","0","383.16135","640.3077","0","0","0","0","0","144.1228","94.04117","50.08164","31.967678","0.790126"
"D:\HAA\dACC revisions\Run 4\Br2720_dlPFC_20x_img_011-MaxIP-Stitched_unmixed-rotated.nd2","Layer 1","dACC_v17_ FISH-IF v2.4.4","1045","3556","3583","1350","1377","0","0","0","0","1","1","2462.5522","0","387.6193","0","0","0","0","0","0","0","0","0","0","0","0","0","0","0","0","0","0","0","0","110.05992","78.71287","31.347055","24.458492","0.80637"
"D:\HAA\dACC revisions\Run 4\Br2720_dlPFC_20x_img_011-MaxIP-Stitched_unmixed-rotated.nd2","Layer 1","dACC_v17_ FISH-IF v2.4.4","1046","3759","3780","1362","1388","0","0","0","0","1","1","2082.0176","0","340.27682","0","0","0","0","0","0","0","0","0","0","0","0","0","0","0","0","0","0","0","0","79.77158","51.048286","28.723293","23.171202","0.795818"
"D:\HAA\dACC revisions\Run 4\Br2720_dlPFC_20x_img_011-MaxIP-Stitched_unmixed-rotated.nd2","Layer 1","dACC_v17_ FISH-IF v2.4.4","1047","3778","3798","1368","1390","0","0","0","0","1","1","1849.1974","0","479.30954","0","0","0","0","0","0","0","0","0","0","0","0","0","0","0","0","0","0","0","0","62.78617","38.06757","24.718603","20.596624","0.801541"
"D:\HAA\dACC revisions\Run 4\Br2720_dlPFC_20x_img_011-MaxIP-Stitched_unmixed-rotated.nd2","Layer 1","dACC_v17_ FISH-IF v2.4.4","1048","3732","3761","1373","1400","0","0","0","0","1","1","1388.7103","0","257.79044","0","0","0","0","0","0","0","0","0","0","0","0","0","0","0","0","0","0","0","0","106.423485","77.97637","28.447107","25.316685","0.752892"
"D:\HAA\dACC revisions\Run 4\Br2720_dlPFC_20x_img_011-MaxIP-Stitched_unmixed-rotated.nd2","Layer 1","dACC_v17_ FISH-IF v2.4.4","1049","3669","3702","1406","1439","1","0","0","0","1","1","1290.0428","0","232.50069","0","0","0","0","0","12","17.813965","2","19475.082","1082.064","0","0","0","0","0","0","0","0","0","0","162.90341","100.57755","62.325863","35.1859","0.891898"
"D:\HAA\dACC revisions\Run 4\Br2720_dlPFC_20x_img_011-MaxIP-Stitched_unmixed-rotated.nd2","Layer 1","dACC_v17_ FISH-IF v2.4.4","1050","3544","3573","1416","1443","0","0","0","0","1","1","1843.1687","0","354.423","0","0","0","0","0","0","0","0","0","0","0","0","0","0","0","0","0","0","0","0","108.03456","78.02241","30.012157","25.316685","0.78318"
"D:\HAA\dACC revisions\Run 4\Br2720_dlPFC_20x_img_011-MaxIP-Stitched_unmixed-rotated.nd2","Layer 1","dACC_v17_ FISH-IF v2.4.4","1051","3760","3794","1443","1478","0","0","0","0","1","1","1147.9473","0","266.17758","0","0","0","0","0","0","0","0","0","0","0","0","0","0","0","0","0","0","0","0","171.14294","103.93781","67.20514","37.331383","0.868469"
"D:\HAA\dACC revisions\Run 4\Br2720_dlPFC_20x_img_011-MaxIP-Stitched_unmixed-rotated.nd2","Layer 1","dACC_v17_ FISH-IF v2.4.4","1052","3561","3589","1476","1502","0","0","0","1","1","1","2349.1804","0","394.0168","5","15.190203","1","19911.916","1310.8394","0","0","0","0","0","0","0","0","0","0","0","0","0","0","0","105.779045","76.68751","29.09154","23.600298","0.803492"
"D:\HAA\dACC revisions\Run 4\Br2720_dlPFC_20x_img_011-MaxIP-Stitched_unmixed-rotated.nd2","Layer 1","dACC_v17_ FISH-IF v2.4.4","1053","1001","1022","3517","3537","0","0","1","0","1","1","715.4231","0","150.44273","0","0","0","0","0","0","0","0","0","0","0","0","0","0","0","8","20.944067","1","12455.092","594.68353","63.430603","53.856174","9.57443","13.301987","0.767865"
"D:\HAA\dACC revisions\Run 4\Br2720_dlPFC_20x_img_011-MaxIP-Stitched_unmixed-rotated.nd2","Layer 1","dACC_v17_ FISH-IF v2.4.4","1054","797","831","3526","3549","0","0","0","0","1","1","2320.4897","0","538.45215","0","0","0","0","0","0","0","0","0","0","0","0","0","0","0","0","0","0","0","0","110.42817","76.96369","33.464478","28.320358","0.627395"
"D:\HAA\dACC revisions\Run 4\Br2720_dlPFC_20x_img_011-MaxIP-Stitched_unmixed-rotated.nd2","Layer 1","dACC_v17_ FISH-IF v2.4.4","1055","753","773","3531","3551","0","0","0","0","1","1","700.64","0","152.76047","0","0","0","0","0","0","0","0","0","0","0","0","0","0","0","0","0","0","0","0","58.59736","50.541946","8.05541","12.443794","0.886673"
"D:\HAA\dACC revisions\Run 4\Br2720_dlPFC_20x_img_011-MaxIP-Stitched_unmixed-rotated.nd2","Layer 1","dACC_v17_ FISH-IF v2.4.4","1056","791","816","3546","3571","0","0","0","0","1","1","3269.7712","0","445.47656","0","0","0","0","0","0","0","0","0","0","0","0","0","0","0","0","0","0","0","0","90.95709","64.81153","26.145561","23.171202","0.804536"
"D:\HAA\dACC revisions\Run 4\Br2720_dlPFC_20x_img_011-MaxIP-Stitched_unmixed-rotated.nd2","Layer 1","dACC_v17_ FISH-IF v2.4.4","1057","752","780","3555","3587","0","0","0","0","1","1","2587.3687","0","484.2242","0","0","0","0","0","0","0","0","0","0","0","0","0","0","0","0","0","0","0","0","125.342186","74.524055","50.818134","31.75313","0.701461"
"D:\HAA\dACC revisions\Run 4\Br2720_dlPFC_20x_img_011-MaxIP-Stitched_unmixed-rotated.nd2","Layer 1","dACC_v17_ FISH-IF v2.4.4","1058","778","795","3564","3588","0","0","0","0","1","1","2681.3643","0","437.49094","0","0","0","0","0","0","0","0","0","0","0","0","0","0","0","0","0","0","0","0","61.451275","43.13097","18.320305","18.022047","0.774937"
"D:\HAA\dACC revisions\Run 4\Br2720_dlPFC_20x_img_011-MaxIP-Stitched_unmixed-rotated.nd2","Layer 1","dACC_v17_ FISH-IF v2.4.4","1059","758","781","3594","3615","0","0","0","0","1","1","1649.6211","0","310.24643","1","0.874587","0","876.981","828.34784","1","1.01268","0","750.30396","740.9091","0","0","0","0","0","0","0","0","0","0","64.53535","48.378494","16.156853","17.59295","0.858864"
"D:\HAA\dACC revisions\Run 4\Br2720_dlPFC_20x_img_011-MaxIP-Stitched_unmixed-rotated.nd2","Layer 1","dACC_v17_ FISH-IF v2.4.4","1060","871","900","3596","3627","0","0","0","0","1","1","1954.9337","0","511.88852","2","1.426958","0","1068.5157","748.80646","0","0","0","0","0","0","0","0","0","0","0","0","0","0","0","125.89456","86.30797","39.58659","28.749454","0.804163"
"D:\HAA\dACC revisions\Run 4\Br2720_dlPFC_20x_img_011-MaxIP-Stitched_unmixed-rotated.nd2","Layer 1","dACC_v17_ FISH-IF v2.4.4","1061","640","663","3599","3622","0","0","0","0","1","1","1683.9878","0","302.93857","1","1.565051","0","1251.4885","799.64703","0","0","0","0","0","0","0","0","0","0","0","0","0","0","0","76.59544","61.451275","15.144172","17.163853","0.807867"
"D:\HAA\dACC revisions\Run 4\Br2720_dlPFC_20x_img_011-MaxIP-Stitched_unmixed-rotated.nd2","Layer 1","dACC_v17_ FISH-IF v2.4.4","1062","763","786","3610","3632","0","0","0","0","1","1","1685.1438","0","339.12006","0","0","0","0","0","0","0","0","0","0","0","0","0","0","0","0","0","0","0","0","75.95101","54.822823","21.128191","21.02572","0.71452"
"D:\HAA\dACC revisions\Run 4\Br2720_dlPFC_20x_img_011-MaxIP-Stitched_unmixed-rotated.nd2","Layer 1","dACC_v17_ FISH-IF v2.4.4","1063","638","661","3625","3649","0","0","0","0","1","1","571.1045","0","180.76959","0","0","0","0","0","3","4.188814","0","4817.32","1026.0197","0","0","0","0","0","0","0","0","0","0","72.26854","59.932255","12.336286","17.163853","0.670399"
"D:\HAA\dACC revisions\Run 4\Br2720_dlPFC_20x_img_011-MaxIP-Stitched_unmixed-rotated.nd2","Layer 1","dACC_v17_ FISH-IF v2.4.4","1064","827","856","3659","3686","0","0","0","0","1","1","2788.2092","0","433.96698","0","0","0","0","0","0","0","0","0","0","0","0","0","0","0","0","0","0","0","0","109.09328","78.068436","31.024837","25.316685","0.823129"
"D:\HAA\dACC revisions\Run 4\Br2720_dlPFC_20x_img_011-MaxIP-Stitched_unmixed-rotated.nd2","Layer 1","dACC_v17_ FISH-IF v2.4.4","1065","875","907","3669","3695","1","0","0","0","1","1","1454.5442","0","304.63574","0","0","0","0","0","4","6.306236","1","7384.1416","1170.927","0","0","0","0","0","0","0","0","0","0","122.25812","86.30797","35.950146","27.891262","0.67887"
"D:\HAA\dACC revisions\Run 4\Br2720_dlPFC_20x_img_011-MaxIP-Stitched_unmixed-rotated.nd2","Layer 1","dACC_v17_ FISH-IF v2.4.4","1066","607","636","3674","3707","0","0","0","1","1","1","1489.9178","0","289.70612","8","22.002779","1","38215.234","1736.8368","2","0.966649","0","612.3033","633.4286","1","0.50634","0","338.51135","668.5455","0","0","0","0","0","139.61177","92.56818","47.0436","31.324034","0.759137"
"D:\HAA\dACC revisions\Run 4\Br2720_dlPFC_20x_img_011-MaxIP-Stitched_unmixed-rotated.nd2","Layer 1","dACC_v17_ FISH-IF v2.4.4","1067","744","770","3680","3705","0","0","0","0","1","1","3395.8767","0","418.1842","0","0","0","0","0","0","0","0","0","0","0","0","0","0","0","0","0","0","0","0","93.25864","70.473335","22.785305","21.454817","0.79965"
"D:\HAA\dACC revisions\Run 4\Br2720_dlPFC_20x_img_011-MaxIP-Stitched_unmixed-rotated.nd2","Layer 1","dACC_v17_ FISH-IF v2.4.4","1068","886","906","3725","3744","0","0","0","0","1","1","850.14087","0","177.51202","2","2.347577","0","1871.7091","797.2941","0","0","0","0","0","0","0","0","0","0","0","0","0","0","0","54.362514","47.826122","6.53639","10.727408","0.880795"
"D:\HAA\dACC revisions\Run 4\Br2720_dlPFC_20x_img_011-MaxIP-Stitched_unmixed-rotated.nd2","Layer 1","dACC_v17_ FISH-IF v2.4.4","1069","637","657","3738","3757","0","0","0","0","1","1","437.8623","0","171.25584","0","0","0","0","0","0","0","0","0","0","0","0","0","0","0","0","0","0","0","0","53.67205","47.319782","6.352267","10.727408","0.895803"
"D:\HAA\dACC revisions\Run 4\Br2720_dlPFC_20x_img_011-MaxIP-Stitched_unmixed-rotated.nd2","Layer 1","dACC_v17_ FISH-IF v2.4.4","1070","886","900","3762","3782","0","0","0","0","1","1","1249.9017","0","553.3007","2","1.841237","0","2048.2378","1112.425","0","0","0","0","0","0","0","0","0","0","1","1.01268","0","481.6215","475.5909","46.491226","32.912106","13.579121","15.447468","0.755672"
"D:\HAA\dACC revisions\Run 4\Br2720_dlPFC_20x_img_011-MaxIP-Stitched_unmixed-rotated.nd2","Layer 1","dACC_v17_ FISH-IF v2.4.4","1071","901","924","3763","3791","1","0","0","0","1","1","1883.6554","0","448.69257","3","4.464999","0","4602.5854","1030.8145","6","9.06809","1","8412.749","927.73096","2","2.117422","0","1910.0068","902.04346","2","1.51902","0","851.4799","486.78946","85.019104","55.099007","29.920095","27.03307","0.661549"
"D:\HAA\dACC revisions\Run 4\Br2720_dlPFC_20x_img_011-MaxIP-Stitched_unmixed-rotated.nd2","Layer 1","dACC_v17_ FISH-IF v2.4.4","1072","956","992","3774","3804","0","0","0","0","1","1","2483.4385","0","837.9769","0","0","0","0","0","0","0","0","0","0","0","0","0","0","0","0","0","0","0","0","150.6592","91.87771","58.781483","36.044094","0.771948"
"D:\HAA\dACC revisions\Run 4\Br2720_dlPFC_20x_img_011-MaxIP-Stitched_unmixed-rotated.nd2","Layer 1","dACC_v17_ FISH-IF v2.4.4","1073","883","912","3782","3805","0","0","0","1","1","1","2439.4978","0","469.77124","18","36.13427","3","100963.38","2741.7275","1","0.368247","0","263.29684","715","0","0","0","0","0","0","0","0","0","0","96.987144","64.99566","31.991488","25.74578","0.82939"
"D:\HAA\dACC revisions\Run 4\Br2720_dlPFC_20x_img_011-MaxIP-Stitched_unmixed-rotated.nd2","Layer 1","dACC_v17_ FISH-IF v2.4.4","1074","641","665","3781","3803","0","0","0","0","1","1","1376.5184","0","315.59637","0","0","0","0","0","0","0","0","0","0","0","0","0","0","0","0","0","0","0","0","74.75421","58.505295","16.248915","17.59295","0.738884"
"D:\HAA\dACC revisions\Run 4\Br2720_dlPFC_20x_img_011-MaxIP-Stitched_unmixed-rotated.nd2","Layer 1","dACC_v17_ FISH-IF v2.4.4","1075","659","687","3788","3817","0","0","0","0","1","1","2494.8452","0","480.15063","0","0","0","0","0","0","0","0","0","0","0","0","0","0","0","0","0","0","0","0","107.02188","76.0891","30.932777","26.174877","0.769562"
"D:\HAA\dACC revisions\Run 4\Br2720_dlPFC_20x_img_011-MaxIP-Stitched_unmixed-rotated.nd2","Layer 1","dACC_v17_ FISH-IF v2.4.4","1076","956","980","3796","3819","0","0","0","0","1","1","3524.423","0","508.9484","0","0","0","0","0","0","0","0","0","0","0","0","0","0","0","0","0","0","0","0","78.068436","56.20375","21.864685","20.596624","0.857459"
"D:\HAA\dACC revisions\Run 4\Br2720_dlPFC_20x_img_011-MaxIP-Stitched_unmixed-rotated.nd2","Layer 1","dACC_v17_ FISH-IF v2.4.4","1077","3365","3389","692","713","0","0","0","0","1","1","2509.4407","0","674.7372","0","0","0","0","0","0","0","0","0","0","0","0","0","0","0","0","0","0","0","0","65.77818","46.76741","19.010769","20.167528","0.752762"
"D:\HAA\dACC revisions\Run 4\Br2720_dlPFC_20x_img_011-MaxIP-Stitched_unmixed-rotated.nd2","Layer 1","dACC_v17_ FISH-IF v2.4.4","1078","3379","3413","696","719","0","0","0","0","1","1","2688.8218","0","543.2289","0","0","0","0","0","0","0","0","0","0","0","0","0","0","0","0","0","0","0","0","84.650856","53.902203","30.748653","28.10581","0.601698"
"D:\HAA\dACC revisions\Run 4\Br2720_dlPFC_20x_img_011-MaxIP-Stitched_unmixed-rotated.nd2","Layer 1","dACC_v17_ FISH-IF v2.4.4","1079","3312","3339","700","720","0","0","0","0","1","1","2829.4736","0","405.90018","0","0","0","0","0","0","0","0","0","0","0","0","0","0","0","0","0","0","0","0","71.62411","50.72607","20.898037","20.596624","0.776578"
"D:\HAA\dACC revisions\Run 4\Br2720_dlPFC_20x_img_011-MaxIP-Stitched_unmixed-rotated.nd2","Layer 1","dACC_v17_ FISH-IF v2.4.4","1080","3237","3262","767","789","1","0","0","0","1","1","2090.86","0","248.97023","0","0","0","0","0","4","6.306236","1","6241.332","989.708","0","0","0","0","0","1","0.368247","0","154.43373","419.375","79.17318","63.384575","15.788605","18.022047","0.727275"
"D:\HAA\dACC revisions\Run 4\Br2720_dlPFC_20x_img_011-MaxIP-Stitched_unmixed-rotated.nd2","Layer 1","dACC_v17_ FISH-IF v2.4.4","1081","3289","3317","810","833","1","0","0","0","1","1","860.4263","0","163.8925","0","0","0","0","0","7","11.369637","1","11390.488","1001.834","0","0","0","0","0","1","0.920618","0","396.7865","431","89.34601","69.36859","19.977419","21.02572","0.698661"
"D:\HAA\dACC revisions\Run 4\Br2720_dlPFC_20x_img_011-MaxIP-Stitched_unmixed-rotated.nd2","Layer 1","dACC_v17_ FISH-IF v2.4.4","1082","3232","3254","815","837","0","0","0","0","1","1","2274.6072","0","317.05786","0","0","0","0","0","1","1.242835","0","1537.0645","1236.7407","0","0","0","0","0","0","0","0","0","0","76.50339","61.26715","15.236234","16.30566","0.899962"
"D:\HAA\dACC revisions\Run 4\Br2720_dlPFC_20x_img_011-MaxIP-Stitched_unmixed-rotated.nd2","Layer 1","dACC_v17_ FISH-IF v2.4.4","1083","3134","3172","819","856","1","0","0","0","1","1","1115.7489","0","288.79608","0","0","0","0","0","6","6.904638","1","6223.334","844.9938","1","0.736495","0","536.6284","728.625","1","0.690464","0","296.53116","429.46667","190.47594","115.12332","75.352615","44.196922","0.756649"
"D:\HAA\dACC revisions\Run 4\Br2720_dlPFC_20x_img_011-MaxIP-Stitched_unmixed-rotated.nd2","Layer 1","dACC_v17_ FISH-IF v2.4.4","1084","3189","3232","822","848","0","0","0","0","1","1","1732.7327","0","266.7032","0","0","0","0","0","0","0","0","0","0","0","0","0","0","0","0","0","0","0","0","162.94945","107.15997","55.78947","36.47319","0.610438"
"D:\HAA\dACC revisions\Run 4\Br2720_dlPFC_20x_img_011-MaxIP-Stitched_unmixed-rotated.nd2","Layer 1","dACC_v17_ FISH-IF v2.4.4","1085","3042","3076","830","864","1","1","0","0","1","1","1323.4922","0","273.63058","0","0","0","0","0","24","37.14695","3","53413.68","1437.9021","4","3.866597","1","3352.6619","827.6705","2","2.163453","0","986.5346","456","173.03021","105.04256","67.98766","36.044094","0.868405"
"D:\HAA\dACC revisions\Run 4\Br2720_dlPFC_20x_img_011-MaxIP-Stitched_unmixed-rotated.nd2","Layer 1","dACC_v17_ FISH-IF v2.4.4","1086","3083","3107","834","860","1","0","0","0","1","1","1716.179","0","362.4507","0","0","0","0","0","4","7.503039","1","5842.336","778.6626","2","1.933299","0","1466.6831","758.6429","1","0.322216","0","135.9293","421.85715","88.33333","62.095707","26.237623","24.67304","0.674141"
"D:\HAA\dACC revisions\Run 4\Br2720_dlPFC_20x_img_011-MaxIP-Stitched_unmixed-rotated.nd2","Layer 1","dACC_v17_ FISH-IF v2.4.4","1087","3099","3132","846","873","0","0","0","1","1","1","2255.3123","0","477.26028","6","16.755255","1","23955.549","1429.7335","0","0","0","0","0","0","0","0","0","0","0","0","0","0","0","113.696365","77.28591","36.410458","30.894936","0.615522"
"D:\HAA\dACC revisions\Run 4\Br2720_dlPFC_20x_img_011-MaxIP-Stitched_unmixed-rotated.nd2","Layer 1","dACC_v17_ FISH-IF v2.4.4","1088","3189","3225","849","885","1","1","0","0","1","1","1059.3427","0","241.585","0","0","0","0","0","7","11.231544","1","11948.567","1063.8402","9","6.720514","1","5978.634","889.6096","2","0.966649","0","431.95413","446.85715","173.03021","107.48219","65.54803","38.61867","0.81063"
"D:\HAA\dACC revisions\Run 4\Br2720_dlPFC_20x_img_011-MaxIP-Stitched_unmixed-rotated.nd2","Layer 1","dACC_v17_ FISH-IF v2.4.4","1089","3023","3049","858","888","1","1","0","0","1","1","1548.9401","0","280.44263","0","0","0","0","0","31","34.983498","4","82525.47","2358.983","17","16.11082","3","15933.786","989.0114","0","0","0","0","0","96.75699","62.18777","34.569218","26.174877","0.816918"
"D:\HAA\dACC revisions\Run 4\Br2720_dlPFC_20x_img_011-MaxIP-Stitched_unmixed-rotated.nd2","Layer 1","dACC_v17_ FISH-IF v2.4.4","1090","3019","3036","874","886","0","0","0","0","1","1","1258.2072","0","490.85922","0","0","0","0","0","3","5.477679","0","9155.043","1671.3362","0","0","0","0","0","0","0","0","0","0","25.915407","15.696543","10.218863","13.945631","0.79162"
"D:\HAA\dACC revisions\Run 4\Br2720_dlPFC_20x_img_011-MaxIP-Stitched_unmixed-rotated.nd2","Layer 1","dACC_v17_ FISH-IF v2.4.4","1091","3357","3376","877","896","0","0","0","0","1","1","368.09525","0","125.4375","0","0","0","0","0","0","0","0","0","0","0","0","0","0","0","0","0","0","0","0","52.19906","46.399166","5.799896","10.298312","0.867985"
"D:\HAA\dACC revisions\Run 4\Br2720_dlPFC_20x_img_011-MaxIP-Stitched_unmixed-rotated.nd2","Layer 1","dACC_v17_ FISH-IF v2.4.4","1092","3018","3039","886","899","1","0","0","0","1","1","1203.7937","0","193.95697","0","0","0","0","0","8","11.277575","1","20721.6","1837.4164","2","2.347577","0","1736.6084","739.7451","0","0","0","0","0","38.389786","31.024837","7.364947","11.585601","0.765276"
"D:\HAA\dACC revisions\Run 4\Br2720_dlPFC_20x_img_011-MaxIP-Stitched_unmixed-rotated.nd2","Layer 1","dACC_v17_ FISH-IF v2.4.4","1093","3261","3288","892","913","1","1","0","0","1","1","764.4883","0","143.81245","0","0","0","0","0","4","5.707834","1","4732.2085","829.0726","7","6.306236","1","4637.845","735.4379","0","0","0","0","0","81.52075","65.77818","15.742574","18.88024","0.671059"
"D:\HAA\dACC revisions\Run 4\Br2720_dlPFC_20x_img_011-MaxIP-Stitched_unmixed-rotated.nd2","Layer 1","dACC_v17_ FISH-IF v2.4.4","1094","3316","3341","918","941","0","0","0","0","1","1","1930.3433","0","298.18066","0","0","0","0","0","0","0","0","0","0","0","0","0","0","0","0","0","0","0","0","84.37467","65.73215","18.64252","18.88024","0.795196"
"D:\HAA\dACC revisions\Run 4\Br2720_dlPFC_20x_img_011-MaxIP-Stitched_unmixed-rotated.nd2","Layer 1","dACC_v17_ FISH-IF v2.4.4","1095","3109","3147","931","957","0","0","0","0","1","1","1800.3232","0","305.58685","0","0","0","0","0","0","0","0","0","0","0","0","0","0","0","0","0","0","0","0","145.4577","98.04585","47.411846","32.182224","0.671813"
"D:\HAA\dACC revisions\Run 4\Br2720_dlPFC_20x_img_011-MaxIP-Stitched_unmixed-rotated.nd2","Layer 1","dACC_v17_ FISH-IF v2.4.4","1096","3073","3093","947","966","0","0","0","0","1","1","961.01776","0","166.80403","0","0","0","0","0","0","0","0","0","0","0","0","0","0","0","0","0","0","0","0","58.044987","50.265762","7.779225","12.014698","0.839763"
"D:\HAA\dACC revisions\Run 4\Br2720_dlPFC_20x_img_011-MaxIP-Stitched_unmixed-rotated.nd2","Layer 1","dACC_v17_ FISH-IF v2.4.4","1097","3051","3074","971","993","0","0","0","0","1","1","1243.83","0","273.52704","1","1.058711","0","887.10785","837.913","0","0","0","0","0","0","0","0","0","0","0","0","0","0","0","73.0971","59.564007","13.53309","15.447468","0.804448"
"D:\HAA\dACC revisions\Run 4\Br2720_dlPFC_20x_img_011-MaxIP-Stitched_unmixed-rotated.nd2","Layer 1","dACC_v17_ FISH-IF v2.4.4","1098","3336","3370","985","1013","1","0","0","0","1","1","1735.5243","0","271.27838","0","0","0","0","0","12","15.466389","2","15234.254","984.9911","3","2.071391","0","1425.1172","688","0","0","0","0","0","136.02136","90.45075","45.57061","30.46584","0.790154"
"D:\HAA\dACC revisions\Run 4\Br2720_dlPFC_20x_img_011-MaxIP-Stitched_unmixed-rotated.nd2","Layer 1","dACC_v17_ FISH-IF v2.4.4","1099","3405","3430","992","1015","0","0","1","0","1","1","2082.9697","0","323.48828","0","0","0","0","0","0","0","0","0","0","0","0","0","0","0","4","11.415668","1","6106.2773","534.9032","82.947716","64.7655","18.182213","18.451143","0.855906"
"D:\HAA\dACC revisions\Run 4\Br2720_dlPFC_20x_img_011-MaxIP-Stitched_unmixed-rotated.nd2","Layer 1","dACC_v17_ FISH-IF v2.4.4","1100","3031","3054","1023","1048","0","0","0","0","1","1","782.67346","0","181.5566","0","0","0","0","0","0","0","0","0","0","0","0","0","0","0","0","0","0","0","0","79.633484","63.844883","15.788605","18.451143","0.741213"
"D:\HAA\dACC revisions\Run 4\Br2720_dlPFC_20x_img_011-MaxIP-Stitched_unmixed-rotated.nd2","Layer 1","dACC_v17_ FISH-IF v2.4.4","1101","3145","3173","1053","1078","0","0","0","0","1","1","1275.4696","0","251.06898","0","0","0","0","0","3","3.452319","0","3135.58","908.25336","1","0.828557","0","615.80164","743.2222","0","0","0","0","0","96.158585","72.72885","23.429737","23.171202","0.719805"
"D:\HAA\dACC revisions\Run 4\Br2720_dlPFC_20x_img_011-MaxIP-Stitched_unmixed-rotated.nd2","Layer 1","dACC_v17_ FISH-IF v2.4.4","1102","3219","3241","1064","1085","0","0","0","0","1","1","1322.8517","0","245.33801","0","0","0","0","0","0","0","0","0","0","0","0","0","0","0","0","0","0","0","0","66.56071","55.69741","10.863297","14.160179","0.775684"
"D:\HAA\dACC revisions\Run 4\Br2720_dlPFC_20x_img_011-MaxIP-Stitched_unmixed-rotated.nd2","Layer 1","dACC_v17_ FISH-IF v2.4.4","1103","3184","3210","1071","1101","0","0","0","0","1","1","2216.5918","0","308.95065","0","0","0","0","0","0","0","0","0","0","0","0","0","0","0","0","0","0","0","0","109.645645","79.31127","30.334375","25.74578","0.768608"
"D:\HAA\dACC revisions\Run 4\Br2720_dlPFC_20x_img_011-MaxIP-Stitched_unmixed-rotated.nd2","Layer 1","dACC_v17_ FISH-IF v2.4.4","1104","2737","2758","1491","1510","0","0","0","0","1","1","514.7024","0","126.06063","0","0","0","0","0","2","1.51902","0","1033.9926","680.69696","1","1.334897","0","1028.4227","770.4138","0","0","0","0","0","58.59736","50.864162","7.733194","11.585601","0.777401"
"D:\HAA\dACC revisions\Run 4\Br2720_dlPFC_20x_img_011-MaxIP-Stitched_unmixed-rotated.nd2","Layer 1","dACC_v17_ FISH-IF v2.4.4","1105","2664","2684","1530","1548","0","0","0","0","1","1","874.06946","0","149.04376","0","0","0","0","0","0","0","0","0","0","0","0","0","0","0","0","0","0","0","0","55.006947","48.378494","6.628452","10.727408","0.810045"
"D:\HAA\dACC revisions\Run 4\Br2720_dlPFC_20x_img_011-MaxIP-Stitched_unmixed-rotated.nd2","Layer 1","dACC_v17_ FISH-IF v2.4.4","1106","2790","2818","1545","1576","0","0","0","0","1","1","2755.2722","0","391.35828","0","0","0","0","0","0","0","0","0","0","0","0","0","0","0","0","0","0","0","0","119.31214","83.638176","35.67396","27.891262","0.754529"
"D:\HAA\dACC revisions\Run 4\Br2720_dlPFC_20x_img_011-MaxIP-Stitched_unmixed-rotated.nd2","Layer 1","dACC_v17_ FISH-IF v2.4.4","1107","2672","2699","1568","1596","0","0","0","0","1","1","3058.1309","0","502.18906","0","0","0","0","0","0","0","0","0","0","2","1.795206","0","1347.555","750.64105","0","0","0","0","0","103.98384","72.314575","31.669271","26.174877","0.764864"
"D:\HAA\dACC revisions\Run 4\Br2720_dlPFC_20x_img_011-MaxIP-Stitched_unmixed-rotated.nd2","Layer 1","dACC_v17_ FISH-IF v2.4.4","1108","2691","2720","1580","1609","0","1","0","0","1","1","1593.5021","0","541.9552","2","1.887268","0","1500.0555","794.8293","0","0","0","0","0","5","4.096752","1","3418.0718","834.3371","0","0","0","0","0","110.75039","78.11446","32.63592","27.891262","0.765475"
"D:\HAA\dACC revisions\Run 4\Br2720_dlPFC_20x_img_011-MaxIP-Stitched_unmixed-rotated.nd2","Layer 1","dACC_v17_ FISH-IF v2.4.4","1109","2864","2883","1612","1631","0","0","0","0","1","1","532.28986","0","136.46228","0","0","0","0","0","0","0","0","0","0","0","0","0","0","0","0","0","0","0","0","53.948235","47.59597","6.352267","10.298312","0.864805"
"D:\HAA\dACC revisions\Run 4\Br2720_dlPFC_20x_img_011-MaxIP-Stitched_unmixed-rotated.nd2","Layer 1","dACC_v17_ FISH-IF v2.4.4","1110","2852","2878","1649","1670","0","0","0","0","1","1","3313.842","0","477.0037","0","0","0","0","0","0","0","0","0","0","0","0","0","0","0","0","0","0","0","0","75.536736","49.897514","25.639221","22.098461","0.734425"
"D:\HAA\dACC revisions\Run 4\Br2720_dlPFC_20x_img_011-MaxIP-Stitched_unmixed-rotated.nd2","Layer 1","dACC_v17_ FISH-IF v2.4.4","1111","2878","2905","1657","1685","0","0","0","1","1","1","3527.165","0","599.0432","5","13.625152","1","18642.568","1368.2466","0","0","0","0","0","0","0","0","0","0","0","0","0","0","0","94.04117","57.492615","36.54855","27.676714","0.785183"
"D:\HAA\dACC revisions\Run 4\Br2720_dlPFC_20x_img_011-MaxIP-Stitched_unmixed-rotated.nd2","Layer 1","dACC_v17_ FISH-IF v2.4.4","1112","2858","2890","1665","1692","0","0","0","0","1","1","3468.6746","0","589.94165","0","0","0","0","0","0","0","0","0","0","0","0","0","0","0","0","0","0","0","0","103.753685","51.278442","52.475246","35.829544","0.688662"
"D:\HAA\dACC revisions\Run 4\Br2720_dlPFC_20x_img_011-MaxIP-Stitched_unmixed-rotated.nd2","Layer 1","dACC_v17_ FISH-IF v2.4.4","1113","2959","2991","1661","1687","0","0","0","0","1","1","1766.3761","0","256.17596","0","0","0","0","0","0","0","0","0","0","0","0","0","0","0","0","0","0","0","0","113.92652","83.454056","30.472467","27.462166","0.667762"
"D:\HAA\dACC revisions\Run 4\Br2720_dlPFC_20x_img_011-MaxIP-Stitched_unmixed-rotated.nd2","Layer 1","dACC_v17_ FISH-IF v2.4.4","1114","2636","2657","1674","1695","0","0","0","0","1","1","2413.6875","0","283.90286","0","0","0","0","0","0","0","0","0","0","0","0","0","0","0","0","0","0","0","0","65.27184","54.960915","10.310925","13.731083","0.789218"
"D:\HAA\dACC revisions\Run 4\Br2720_dlPFC_20x_img_011-MaxIP-Stitched_unmixed-rotated.nd2","Layer 1","dACC_v17_ FISH-IF v2.4.4","1115","2775","2798","1727","1753","0","0","0","0","1","1","2788.2734","0","415.20853","0","0","0","0","0","0","0","0","0","0","0","0","0","0","0","0","0","0","0","0","83.454056","65.77818","17.675873","19.523884","0.757081"
"D:\HAA\dACC revisions\Run 4\Br2720_dlPFC_20x_img_011-MaxIP-Stitched_unmixed-rotated.nd2","Layer 1","dACC_v17_ FISH-IF v2.4.4","1116","2681","2708","1761","1790","1","0","0","0","1","1","1477.7914","0","306.4704","0","0","0","0","0","9","17.215563","1","18495.27","1074.3342","1","0.920618","0","673.5244","731.6","0","0","0","0","0","112.31544","77.00973","35.305714","27.03307","0.777082"
"D:\HAA\dACC revisions\Run 4\Br2720_dlPFC_20x_img_011-MaxIP-Stitched_unmixed-rotated.nd2","Layer 1","dACC_v17_ FISH-IF v2.4.4","1117","2651","2684","1766","1800","1","1","0","0","1","1","1349.0978","0","327.3928","0","0","0","0","0","22","29.321695","3","33222.492","1118.9814","11","10.587111","2","9556.939","902.6957","3","2.5317","0","1136.0891","448.74545","155.67656","94.455444","61.22112","35.614998","0.92969"
"D:\HAA\dACC revisions\Run 4\Br2720_dlPFC_20x_img_011-MaxIP-Stitched_unmixed-rotated.nd2","Layer 1","dACC_v17_ FISH-IF v2.4.4","1118","2776","2802","1770","1796","0","0","0","0","1","1","3411.8745","0","452.20972","0","0","0","0","0","0","0","0","0","0","0","0","0","0","0","0","0","0","0","0","100.025185","73.97169","26.0535","22.742105","0.797441"
"D:\HAA\dACC revisions\Run 4\Br2720_dlPFC_20x_img_011-MaxIP-Stitched_unmixed-rotated.nd2","Layer 1","dACC_v17_ FISH-IF v2.4.4","1119","2610","2634","1828","1852","0","0","0","0","1","1","1597.6222","0","315.05356","0","0","0","0","0","0","0","0","0","0","0","0","0","0","0","0","0","0","0","0","84.466736","66.19246","18.274275","19.309336","0.759891"
"D:\HAA\dACC revisions\Run 4\Br2720_dlPFC_20x_img_011-MaxIP-Stitched_unmixed-rotated.nd2","Layer 1","dACC_v17_ FISH-IF v2.4.4","1120","2909","2934","1854","1882","0","0","0","0","1","1","3278.0154","0","518.68945","0","0","0","0","0","0","0","0","0","0","0","0","0","0","0","0","0","0","0","0","100.9458","74.10978","26.836025","22.742105","0.82952"
"D:\HAA\dACC revisions\Run 4\Br2720_dlPFC_20x_img_011-MaxIP-Stitched_unmixed-rotated.nd2","Layer 1","dACC_v17_ FISH-IF v2.4.4","1121","2636","2672","1862","1885","0","0","0","0","1","1","2806.41","0","396.4771","0","0","0","0","0","0","0","0","0","0","0","0","0","0","0","0","0","0","0","0","118.89786","86.44606","32.451797","27.462166","0.62244"
"D:\HAA\dACC revisions\Run 4\Br2720_dlPFC_20x_img_011-MaxIP-Stitched_unmixed-rotated.nd2","Layer 1","dACC_v17_ FISH-IF v2.4.4","1122","2711","2759","1864","1894","0","0","0","0","1","1","1593.311","0","271.6199","0","0","0","0","0","0","0","0","0","0","0","0","0","0","0","0","0","0","0","0","185.64268","121.107346","64.53535","43.982376","0.534246"
"D:\HAA\dACC revisions\Run 4\Br2720_dlPFC_20x_img_011-MaxIP-Stitched_unmixed-rotated.nd2","Layer 1","dACC_v17_ FISH-IF v2.4.4","1123","2658","2686","1882","1911","0","0","0","0","1","1","2324.5962","0","485.73288","1","1.380928","0","1333.4696","965.63336","1","2.02536","0","1866.0013","921.3182","0","0","0","0","0","0","0","0","0","0","118.85183","82.71756","36.13427","27.03307","0.818861"
"D:\HAA\dACC revisions\Run 4\Br2720_dlPFC_20x_img_011-MaxIP-Stitched_unmixed-rotated.nd2","Layer 1","dACC_v17_ FISH-IF v2.4.4","1124","4883","4913","748","778","0","0","0","0","1","1","2294.1099","0","305.1557","1","0.828557","0","1114.6847","896.8889","0","0","0","0","0","0","0","0","0","0","0","0","0","0","0","130.68178","87.504776","43.177002","29.17855","0.856299"
"D:\HAA\dACC revisions\Run 4\Br2720_dlPFC_20x_img_011-MaxIP-Stitched_unmixed-rotated.nd2","Layer 1","dACC_v17_ FISH-IF v2.4.4","1125","4923","4952","778","803","0","0","0","0","1","1","1560.9647","0","281.217","0","0","0","0","0","0","0","0","0","0","0","0","0","0","0","0","0","0","0","0","109.78374","78.48271","31.301023","24.458492","0.841567"
"D:\HAA\dACC revisions\Run 4\Br2720_dlPFC_20x_img_011-MaxIP-Stitched_unmixed-rotated.nd2","Layer 1","dACC_v17_ FISH-IF v2.4.4","1126","4753","4781","779","803","0","0","0","1","1","1","2679.034","0","504.92593","10","26.697931","2","52119.52","1952.1931","0","0","0","0","0","1","1.196804","0","960.6192","802.6539","0","0","0","0","0","99.05853","73.327255","25.731283","22.742105","0.793887"
"D:\HAA\dACC revisions\Run 4\Br2720_dlPFC_20x_img_011-MaxIP-Stitched_unmixed-rotated.nd2","Layer 1","dACC_v17_ FISH-IF v2.4.4","1127","4743","4773","876","903","0","0","0","0","1","1","2716.0132","0","432.21674","0","0","0","0","0","0","0","0","0","0","0","0","0","0","0","3","4.51103","0","2384.816","528.66327","117.14868","81.981064","35.16762","26.603973","0.834062"
"D:\HAA\dACC revisions\Run 4\Br2720_dlPFC_20x_img_011-MaxIP-Stitched_unmixed-rotated.nd2","Layer 1","dACC_v17_ FISH-IF v2.4.4","1128","4875","4899","876","902","0","0","0","0","1","1","1849.3522","0","307.8575","1","0.828557","0","612.16516","738.8333","0","0","0","0","0","0","0","0","0","0","0","0","0","0","0","94.40941","70.74952","23.659891","21.02572","0.876468"
"D:\HAA\dACC revisions\Run 4\Br2720_dlPFC_20x_img_011-MaxIP-Stitched_unmixed-rotated.nd2","Layer 1","dACC_v17_ FISH-IF v2.4.4","1129","5007","5027","890","905","0","0","0","1","1","1","1314.1736","0","350.48276","5","13.02675","1","25204.045","1921.214","0","0","0","0","0","0","0","0","0","0","0","0","0","0","0","44.281742","38.712","5.569741","9.869216","0.774088"
"D:\HAA\dACC revisions\Run 4\Br2720_dlPFC_20x_img_011-MaxIP-Stitched_unmixed-rotated.nd2","Layer 1","dACC_v17_ FISH-IF v2.4.4","1130","4678","4703","903","928","0","0","0","0","1","1","2983.6096","0","498.76944","0","0","0","0","0","0","0","0","0","0","0","0","0","0","0","0","0","0","0","0","85.70957","63.890915","21.818655","20.596624","0.871167"
"D:\HAA\dACC revisions\Run 4\Br2720_dlPFC_20x_img_011-MaxIP-Stitched_unmixed-rotated.nd2","Layer 1","dACC_v17_ FISH-IF v2.4.4","1131","4624","4654","909","934","1","0","1","0","1","1","2855.6357","0","475.3685","0","0","0","0","0","5","5.799896","1","4934.284","850.75397","0","0","0","0","0","4","3.452319","1","1556.9037","450.97333","110.658325","78.94302","31.715302","24.887589","0.814685"
"D:\HAA\dACC revisions\Run 4\Br2720_dlPFC_20x_img_011-MaxIP-Stitched_unmixed-rotated.nd2","Layer 1","dACC_v17_ FISH-IF v2.4.4","1132","4695","4737","917","952","0","0","0","0","1","1","2060.4792","0","354.48654","0","0","0","0","0","0","0","0","0","0","0","0","0","0","0","0","0","0","0","0","157.84001","111.0726","46.76741","44.196922","0.473495"
"D:\HAA\dACC revisions\Run 4\Br2720_dlPFC_20x_img_011-MaxIP-Stitched_unmixed-rotated.nd2","Layer 1","dACC_v17_ FISH-IF v2.4.4","1133","4745","4776","920","947","0","0","1","0","1","1","2443.307","0","374.87878","0","0","0","0","0","2","4.188814","0","4293.1196","1024.9011","0","0","0","0","0","7","8.469688","1","4015.8752","474.14673","123.54698","85.43338","38.113598","28.320358","0.773797"
"D:\HAA\dACC revisions\Run 4\Br2720_dlPFC_20x_img_011-MaxIP-Stitched_unmixed-rotated.nd2","Layer 1","dACC_v17_ FISH-IF v2.4.4","1134","4988","5017","922","944","0","0","0","0","1","1","2299.5142","0","348.9879","0","0","0","0","0","0","0","0","0","0","0","0","0","0","0","0","0","0","0","0","95.23797","72.40663","22.831335","21.240269","0.740496"
"D:\HAA\dACC revisions\Run 4\Br2720_dlPFC_20x_img_011-MaxIP-Stitched_unmixed-rotated.nd2","Layer 1","dACC_v17_ FISH-IF v2.4.4","1135","4733","4761","948","975","0","0","0","0","1","1","3186.3071","0","404.05753","0","0","0","0","0","0","0","0","0","0","0","0","0","0","0","0","0","0","0","0","107.57426","77.60812","29.966127","24.887589","0.824883"
"D:\HAA\dACC revisions\Run 4\Br2720_dlPFC_20x_img_011-MaxIP-Stitched_unmixed-rotated.nd2","Layer 1","dACC_v17_ FISH-IF v2.4.4","1136","4664","4685","969","990","0","0","0","0","1","1","2007.6927","0","317.36563","0","0","0","0","0","0","0","0","0","0","0","0","0","0","0","0","0","0","0","0","59.471947","44.189682","15.282265","17.378403","0.716406"
"D:\HAA\dACC revisions\Run 4\Br2720_dlPFC_20x_img_011-MaxIP-Stitched_unmixed-rotated.nd2","Layer 1","dACC_v17_ FISH-IF v2.4.4","1137","4677","4696","974","996","0","0","0","0","1","1","2274.0295","0","366.32642","0","0","0","0","0","0","0","0","0","0","0","0","0","0","0","0","0","0","0","0","55.513287","39.908806","15.604481","17.378403","0.749722"
"D:\HAA\dACC revisions\Run 4\Br2720_dlPFC_20x_img_011-MaxIP-Stitched_unmixed-rotated.nd2","Layer 1","dACC_v17_ FISH-IF v2.4.4","1138","4696","4712","977","996","0","0","0","0","1","1","1152.2577","0","279.80667","0","0","0","0","0","0","0","0","0","0","0","0","0","0","0","0","0","0","0","0","44.465866","40.000866","4.464999","9.44012","0.829274"
"D:\HAA\dACC revisions\Run 4\Br2720_dlPFC_20x_img_011-MaxIP-Stitched_unmixed-rotated.nd2","Layer 1","dACC_v17_ FISH-IF v2.4.4","1139","4604","4651","980","1007","0","0","0","0","1","1","1541.4867","0","253.86453","0","0","0","0","0","0","0","0","0","0","0","0","0","0","0","0","0","0","0","0","188.58867","117.562965","71.0257","41.19325","0.638327"
"D:\HAA\dACC revisions\Run 4\Br2720_dlPFC_20x_img_011-MaxIP-Stitched_unmixed-rotated.nd2","Layer 1","dACC_v17_ FISH-IF v2.4.4","1140","4720","4739","1021","1040","0","0","0","0","1","1","431.96945","0","127.54902","0","0","0","0","0","0","0","0","0","0","0","0","0","0","0","0","0","0","0","0","52.981586","46.951534","6.03005","10.298312","0.857626"
"D:\HAA\dACC revisions\Run 4\Br2720_dlPFC_20x_img_011-MaxIP-Stitched_unmixed-rotated.nd2","Layer 1","dACC_v17_ FISH-IF v2.4.4","1141","4675","4705","1032","1060","0","0","0","0","1","1","1393.826","0","251.94923","0","0","0","0","0","0","0","0","0","0","0","0","0","0","0","0","0","0","0","0","110.19801","81.612816","28.5852","27.891262","0.658107"
"D:\HAA\dACC revisions\Run 4\Br2720_dlPFC_20x_img_011-MaxIP-Stitched_unmixed-rotated.nd2","Layer 1","dACC_v17_ FISH-IF v2.4.4","1142","4374","4402","1538","1566","0","0","0","0","1","1","1801.2788","0","273.1797","0","0","0","0","0","1","2.071391","0","1713.685","827.3111","0","0","0","0","0","0","0","0","0","0","109.59962","78.896996","30.702621","25.74578","0.790754"
"D:\HAA\dACC revisions\Run 4\Br2720_dlPFC_20x_img_011-MaxIP-Stitched_unmixed-rotated.nd2","Layer 1","dACC_v17_ FISH-IF v2.4.4","1143","4445","4477","1552","1583","0","0","0","0","1","1","1887.1868","0","336.23627","0","0","0","0","0","1","0.552371","0","369.0759","668.1667","0","0","0","0","0","0","0","0","0","0","146.9307","94.6856","52.24509","31.75313","0.850075"
"D:\HAA\dACC revisions\Run 4\Br2720_dlPFC_20x_img_011-MaxIP-Stitched_unmixed-rotated.nd2","Layer 1","dACC_v17_ FISH-IF v2.4.4","1144","4261","4284","1552","1573","0","0","0","0","1","1","2330.7183","0","318.7585","0","0","0","0","0","0","0","0","0","0","0","0","0","0","0","0","0","0","0","0","68.40195","56.80215","11.599792","14.589275","0.805828"
"D:\HAA\dACC revisions\Run 4\Br2720_dlPFC_20x_img_011-MaxIP-Stitched_unmixed-rotated.nd2","Layer 1","dACC_v17_ FISH-IF v2.4.4","1145","4310","4342","1555","1583","1","0","0","0","1","1","1804.4712","0","325.26132","0","0","0","0","0","13","19.240923","2","18508.617","937.2751","0","0","0","0","0","1","0.50634","0","223.89438","442.18182","127.82786","86.30797","41.519886","28.749454","0.867857"
"D:\HAA\dACC revisions\Run 4\Br2720_dlPFC_20x_img_011-MaxIP-Stitched_unmixed-rotated.nd2","Layer 1","dACC_v17_ FISH-IF v2.4.4","1146","4238","4261","1565","1588","0","0","0","1","1","1","1613.1145","0","236.8276","5","4.142783","1","3313.5815","799.8444","0","0","0","0","0","0","0","0","0","0","0","0","0","0","0","76.549416","61.68143","14.867987","17.163853","0.784117"
"D:\HAA\dACC revisions\Run 4\Br2720_dlPFC_20x_img_011-MaxIP-Stitched_unmixed-rotated.nd2","Layer 1","dACC_v17_ FISH-IF v2.4.4","1147","4515","4538","1568","1594","0","0","0","0","1","1","3169.2","0","549.82983","0","0","0","0","0","0","0","0","0","0","0","0","0","0","0","0","0","0","0","0","91.83168","66.28452","25.54716","22.742105","0.858394"
"D:\HAA\dACC revisions\Run 4\Br2720_dlPFC_20x_img_011-MaxIP-Stitched_unmixed-rotated.nd2","Layer 1","dACC_v17_ FISH-IF v2.4.4","1148","4536","4566","1570","1606","0","0","0","0","1","1","1340.0172","0","482.68683","0","0","0","0","0","0","0","0","0","0","0","0","0","0","0","0","0","0","0","0","146.65451","95.83637","50.818134","34.756805","0.697257"
"D:\HAA\dACC revisions\Run 4\Br2720_dlPFC_20x_img_011-MaxIP-Stitched_unmixed-rotated.nd2","Layer 1","dACC_v17_ FISH-IF v2.4.4","1149","4586","4610","1589","1610","0","0","0","0","1","1","980.2059","0","198.19263","0","0","0","0","0","0","0","0","0","0","0","0","0","0","0","0","0","0","0","0","70.93365","59.978287","10.955359","16.520208","0.58612"
"D:\HAA\dACC revisions\Run 4\Br2720_dlPFC_20x_img_011-MaxIP-Stitched_unmixed-rotated.nd2","Layer 1","dACC_v17_ FISH-IF v2.4.4","1150","4458","4483","1594","1616","0","0","0","1","1","1","1843.3436","0","273.06204","6","14.131492","1","19684.57","1392.9576","0","0","0","0","0","0","0","0","0","0","0","0","0","0","0","79.54143","63.06236","16.479069","18.022047","0.840165"
"D:\HAA\dACC revisions\Run 4\Br2720_dlPFC_20x_img_011-MaxIP-Stitched_unmixed-rotated.nd2","Layer 1","dACC_v17_ FISH-IF v2.4.4","1151","4601","4623","1613","1642","0","0","0","0","1","1","1968.3118","0","357.80536","0","0","0","0","0","0","0","0","0","0","0","0","0","0","0","0","0","0","0","0","98.22998","74.017715","24.212263","21.454817","0.725875"
"D:\HAA\dACC revisions\Run 4\Br2720_dlPFC_20x_img_011-MaxIP-Stitched_unmixed-rotated.nd2","Layer 1","dACC_v17_ FISH-IF v2.4.4","1152","4334","4361","1627","1648","0","0","0","0","1","1","791.4567","0","167.78922","0","0","0","0","0","0","0","0","0","0","0","0","0","0","0","0","0","0","0","0","77.28591","63.982975","13.302936","18.022047","0.593147"
"D:\HAA\dACC revisions\Run 4\Br2720_dlPFC_20x_img_011-MaxIP-Stitched_unmixed-rotated.nd2","Layer 1","dACC_v17_ FISH-IF v2.4.4","1153","4237","4263","1628","1656","0","0","0","0","1","1","2984.3933","0","431.79337","0","0","0","0","0","3","5.063401","0","4849.5415","957.7636","0","0","0","0","0","1","1.01268","0","480.7469","474.72726","105.917145","76.18117","29.735973","23.600298","0.903978"
"D:\HAA\dACC revisions\Run 4\Br2720_dlPFC_20x_img_011-MaxIP-Stitched_unmixed-rotated.nd2","Layer 1","dACC_v17_ FISH-IF v2.4.4","1154","4263","4285","1644","1664","0","0","0","0","1","1","1022.4923","0","165.3176","2","5.385617","0","6380.2993","1184.6923","0","0","0","0","0","0","0","0","0","0","0","0","0","0","0","62.602047","53.62602","8.976028","13.731083","0.715646"
"D:\HAA\dACC revisions\Run 4\Br2720_dlPFC_20x_img_011-MaxIP-Stitched_unmixed-rotated.nd2","Layer 1","dACC_v17_ FISH-IF v2.4.4","1155","4298","4329","1682","1712","0","0","0","0","1","1","1916.5845","0","434.21158","1","3.866597","0","3006.141","777.4643","2","3.406288","0","3179.6316","933.4595","0","0","0","0","0","1","1.150773","0","498.33072","433.04","134.50233","88.97776","45.52458","30.46584","0.880576"
"D:\HAA\dACC revisions\Run 4\Br2720_dlPFC_20x_img_011-MaxIP-Stitched_unmixed-rotated.nd2","Layer 1","dACC_v17_ FISH-IF v2.4.4","1156","4274","4292","1703","1722","0","0","0","0","1","1","662.2083","0","129.2427","0","0","0","0","0","0","0","0","0","0","0","0","0","0","0","0","0","0","0","0","51.23241","45.708702","5.52371","9.869216","0.90481"
"D:\HAA\dACC revisions\Run 4\Br2720_dlPFC_20x_img_011-MaxIP-Stitched_unmixed-rotated.nd2","Layer 1","dACC_v17_ FISH-IF v2.4.4","1157","4593","4620","1732","1757","0","0","0","0","1","1","1770.942","0","305.1623","0","0","0","0","0","1","2.761855","0","3614.67","1308.7833","0","0","0","0","0","0","0","0","0","0","96.664925","72.03838","24.626541","22.31301","0.844034"
"D:\HAA\dACC revisions\Run 4\Br2720_dlPFC_20x_img_011-MaxIP-Stitched_unmixed-rotated.nd2","Layer 1","dACC_v17_ FISH-IF v2.4.4","1158","4430","4461","1762","1793","0","0","0","0","1","1","1821.7174","0","396.82242","0","0","0","0","0","0","0","0","0","0","0","0","0","0","0","0","0","0","0","0","125.01997","73.87962","51.14035","31.75313","0.89107"
"D:\HAA\dACC revisions\Run 4\Br2720_dlPFC_20x_img_011-MaxIP-Stitched_unmixed-rotated.nd2","Layer 1","dACC_v17_ FISH-IF v2.4.4","1159","4529","4553","1763","1789","0","0","0","1","1","1","2531.1074","0","552.7015","8","20.437727","1","31588.21","1472.6158","1","1.242835","0","958.17957","770.96295","0","0","0","0","0","0","0","0","0","0","86.860344","56.433907","30.426437","24.887589","0.777658"
"D:\HAA\dACC revisions\Run 4\Br2720_dlPFC_20x_img_011-MaxIP-Stitched_unmixed-rotated.nd2","Layer 1","dACC_v17_ FISH-IF v2.4.4","1160","4243","4279","1765","1787","0","0","0","0","1","1","2449.5977","0","508.21704","0","0","0","0","0","0","0","0","0","0","0","0","0","0","0","0","0","0","0","0","103.70766","65.9623","37.745354","30.894936","0.613416"
"D:\HAA\dACC revisions\Run 4\Br2720_dlPFC_20x_img_011-MaxIP-Stitched_unmixed-rotated.nd2","Layer 1","dACC_v17_ FISH-IF v2.4.4","1161","4546","4573","1768","1797","0","0","0","0","1","1","2485.9988","0","449.62186","0","0","0","0","0","1","1.104742","0","879.3286","795.9583","0","0","0","0","0","3","3.038041","0","1639.0228","539.5","102.8791","66.100395","36.7787","28.10581","0.80133"
"D:\HAA\dACC revisions\Run 4\Br2720_dlPFC_20x_img_011-MaxIP-Stitched_unmixed-rotated.nd2","Layer 1","dACC_v17_ FISH-IF v2.4.4","1162","4443","4467","1780","1809","0","0","0","0","1","1","2292.497","0","403.1903","0","0","0","0","0","0","0","0","0","0","0","0","0","0","0","0","0","0","0","0","93.76498","48.378494","45.386486","29.607647","0.755957"
"D:\HAA\dACC revisions\Run 4\Br2720_dlPFC_20x_img_011-MaxIP-Stitched_unmixed-rotated.nd2","Layer 1","dACC_v17_ FISH-IF v2.4.4","1163","4247","4282","1783","1806","0","0","0","0","1","1","1909.5901","0","432.9737","0","0","0","0","0","0","0","0","0","0","0","0","0","0","0","0","0","0","0","0","114.98523","68.26385","46.721382","31.75313","0.762258"
"D:\HAA\dACC revisions\Run 4\Br2720_dlPFC_20x_img_011-MaxIP-Stitched_unmixed-rotated.nd2","Layer 1","dACC_v17_ FISH-IF v2.4.4","1164","4347","4377","1783","1809","0","0","0","0","1","1","1238.9336","0","276.582","0","0","0","0","0","2","2.209484","0","1721.0499","778.9375","0","0","0","0","0","0","0","0","0","0","110.93451","79.72555","31.208961","25.316685","0.773962"
"D:\HAA\dACC revisions\Run 4\Br2720_dlPFC_20x_img_011-MaxIP-Stitched_unmixed-rotated.nd2","Layer 1","dACC_v17_ FISH-IF v2.4.4","1165","4465","4488","1783","1811","0","0","0","0","1","1","2438.2134","0","449.16113","1","0.828557","0","613.13184","740","0","0","0","0","0","0","0","0","0","0","1","1.472989","0","668.8292","454.0625","80.73823","44.281742","36.456486","26.174877","0.848775"
"D:\HAA\dACC revisions\Run 4\Br2720_dlPFC_20x_img_011-MaxIP-Stitched_unmixed-rotated.nd2","Layer 1","dACC_v17_ FISH-IF v2.4.4","1166","4475","4506","1796","1820","0","0","0","0","1","1","2799.0217","0","387.097","0","0","0","0","0","0","0","0","0","0","0","0","0","0","0","0","0","0","0","0","98.73632","66.928955","31.807364","28.320358","0.653708"
"D:\HAA\dACC revisions\Run 4\Br2720_dlPFC_20x_img_011-MaxIP-Stitched_unmixed-rotated.nd2","Layer 1","dACC_v17_ FISH-IF v2.4.4","1167","4254","4287","1835","1864","0","0","0","0","1","1","1843.6176","0","349.7184","0","0","0","0","0","0","0","0","0","0","0","0","0","0","0","0","0","0","0","0","144.62915","94.31735","50.311794","30.894936","0.794123"
"D:\HAA\dACC revisions\Run 4\Br2720_dlPFC_20x_img_011-MaxIP-Stitched_unmixed-rotated.nd2","Layer 1","dACC_v17_ FISH-IF v2.4.4","1168","4265","4303","1864","1894","1","0","0","0","1","1","1493.9037","0","368.87006","0","0","0","0","0","6","12.382317","1","12434.838","1004.24164","0","0","0","0","0","0","0","0","0","0","162.1209","102.37276","59.74813","35.614998","0.792234"
"D:\HAA\dACC revisions\Run 4\Br2720_dlPFC_20x_img_011-MaxIP-Stitched_unmixed-rotated.nd2","Layer 1","dACC_v17_ FISH-IF v2.4.4","1169","4400","4433","1876","1902","0","0","0","1","1","1","1966.0531","0","436.77893","18","41.796074","3","105423.23","2522.3237","0","0","0","0","0","0","0","0","0","0","0","0","0","0","0","121.15337","84.74292","36.410458","27.462166","0.730372"
"D:\HAA\dACC revisions\Run 4\Br2720_dlPFC_20x_img_011-MaxIP-Stitched_unmixed-rotated.nd2","Layer 1","dACC_v17_ FISH-IF v2.4.4","1170","4233","4257","1878","1898","0","0","0","0","1","1","947.8616","0","176.34833","0","0","0","0","0","0","0","0","0","0","0","0","0","0","0","0","0","0","0","0","72.63679","59.33385","13.302936","15.876565","0.792229"
"D:\HAA\dACC revisions\Run 4\Br2720_dlPFC_20x_img_011-MaxIP-Stitched_unmixed-rotated.nd2","Layer 1","dACC_v17_ FISH-IF v2.4.4","1171","3593","3621","1557","1589","0","0","0","0","1","1","2385.2124","0","319.86703","0","0","0","0","0","0","0","0","0","0","0","0","0","0","0","0","0","0","0","0","121.84384","86.538124","35.305714","29.607647","0.686437"
"D:\HAA\dACC revisions\Run 4\Br2720_dlPFC_20x_img_011-MaxIP-Stitched_unmixed-rotated.nd2","Layer 1","dACC_v17_ FISH-IF v2.4.4","1172","3674","3694","1564","1586","0","0","0","0","1","1","605.63385","0","174.51064","1","1.196804","0","1010.37866","844.2308","2","3.544381","0","2875.3213","811.23376","0","0","0","0","0","0","0","0","0","0","61.451275","49.759422","11.691853","16.734756","0.669802"
"D:\HAA\dACC revisions\Run 4\Br2720_dlPFC_20x_img_011-MaxIP-Stitched_unmixed-rotated.nd2","Layer 1","dACC_v17_ FISH-IF v2.4.4","1173","3665","3678","1575","1590","0","0","0","0","1","1","532.06665","0","196.87038","0","0","0","0","0","3","1.979329","0","1880.7772","950.2093","0","0","0","0","0","0","0","0","0","0","25.54716","24.856695","0.690464","3.003675","0.71824"
"D:\HAA\dACC revisions\Run 4\Br2720_dlPFC_20x_img_011-MaxIP-Stitched_unmixed-rotated.nd2","Layer 1","dACC_v17_ FISH-IF v2.4.4","1174","3677","3701","1585","1600","1","0","0","0","1","1","1243.5665","0","194.32414","3","8.699843","0","12517.924","1438.8677","5","6.398297","1","7654.251","1196.2949","0","0","0","0","0","0","0","0","0","0","53.856174","41.750042","12.106132","15.876565","0.755584"
"D:\HAA\dACC revisions\Run 4\Br2720_dlPFC_20x_img_011-MaxIP-Stitched_unmixed-rotated.nd2","Layer 1","dACC_v17_ FISH-IF v2.4.4","1175","3562","3584","1585","1603","0","0","0","0","1","1","423.14124","0","125.08661","0","0","0","0","0","0","0","0","0","0","0","0","0","0","0","0","0","0","0","0","59.7021","51.554626","8.147472","12.014698","0.784773"
"D:\HAA\dACC revisions\Run 4\Br2720_dlPFC_20x_img_011-MaxIP-Stitched_unmixed-rotated.nd2","Layer 1","dACC_v17_ FISH-IF v2.4.4","1176","3668","3702","1598","1623","1","0","0","0","1","1","828.24524","0","204.38002","1","1.196804","0","967.10956","808.0769","31","42.394474","4","78196.68","1844.5016","1","0.50634","0","347.53342","686.36365","2","0.690464","0","295.88675","428.53333","123.73111","80.18586","43.545246","31.75313","0.730911"
"D:\HAA\dACC revisions\Run 4\Br2720_dlPFC_20x_img_011-MaxIP-Stitched_unmixed-rotated.nd2","Layer 1","dACC_v17_ FISH-IF v2.4.4","1177","3714","3737","1605","1626","0","0","0","0","1","1","1675.559","0","325.9206","0","0","0","0","0","0","0","0","0","0","0","0","0","0","0","0","0","0","0","0","74.98437","53.902203","21.08216","20.596624","0.757218"
"D:\HAA\dACC revisions\Run 4\Br2720_dlPFC_20x_img_011-MaxIP-Stitched_unmixed-rotated.nd2","Layer 1","dACC_v17_ FISH-IF v2.4.4","1178","3713","3736","1625","1643","0","0","0","0","1","1","1346.9009","0","277.41995","0","0","0","0","0","0","0","0","0","0","0","0","0","0","0","0","0","0","0","0","60.576687","45.708702","14.867987","17.378403","0.863368"
"D:\HAA\dACC revisions\Run 4\Br2720_dlPFC_20x_img_011-MaxIP-Stitched_unmixed-rotated.nd2","Layer 1","dACC_v17_ FISH-IF v2.4.4","1179","3759","3785","1623","1644","1","0","0","0","1","1","557.25073","0","109.92566","0","0","0","0","0","11","20.11551","2","21354.387","1049.5792","1","0.782526","0","587.4466","750.7059","0","0","0","0","0","80.73823","64.397255","16.340975","18.022047","0.725001"
"D:\HAA\dACC revisions\Run 4\Br2720_dlPFC_20x_img_011-MaxIP-Stitched_unmixed-rotated.nd2","Layer 1","dACC_v17_ FISH-IF v2.4.4","1180","3683","3703","1625","1645","0","0","0","0","1","1","893.2021","0","143.8821","0","0","0","0","0","2","2.255515","0","3146.3513","1394.9592","0","0","0","0","0","1","0.322216","0","137.17213","425.7143","60.806843","51.922874","8.883967","12.87289","0.869758"
"D:\HAA\dACC revisions\Run 4\Br2720_dlPFC_20x_img_011-MaxIP-Stitched_unmixed-rotated.nd2","Layer 1","dACC_v17_ FISH-IF v2.4.4","1181","3792","3819","1638","1663","1","0","0","0","1","1","1385.5907","0","241.68448","0","0","0","0","0","7","10.725204","1","13495.391","1191.7927","0","0","0","0","0","1","2.807886","0","1515.614","539.7705","96.11256","71.486015","24.626541","21.883913","0.862503"
"D:\HAA\dACC revisions\Run 4\Br2720_dlPFC_20x_img_011-MaxIP-Stitched_unmixed-rotated.nd2","Layer 1","dACC_v17_ FISH-IF v2.4.4","1182","3475","3493","1696","1715","0","0","0","0","1","1","867.7177","0","130.99701","0","0","0","0","0","0","0","0","0","0","0","0","0","0","0","0","0","0","0","0","51.830814","46.12298","5.707834","9.869216","0.876659"
"D:\HAA\dACC revisions\Run 4\Br2720_dlPFC_20x_img_011-MaxIP-Stitched_unmixed-rotated.nd2","Layer 1","dACC_v17_ FISH-IF v2.4.4","1183","3494","3513","1704","1723","0","0","0","0","1","1","840.625","0","130.6225","0","0","0","0","0","0","0","0","0","0","0","0","0","0","0","0","0","0","0","0","51.370502","45.846794","5.52371","9.44012","0.921318"
"D:\HAA\dACC revisions\Run 4\Br2720_dlPFC_20x_img_011-MaxIP-Stitched_unmixed-rotated.nd2","Layer 1","dACC_v17_ FISH-IF v2.4.4","1184","3640","3671","1732","1760","0","0","0","0","1","1","1883.3044","0","311.04517","0","0","0","0","0","0","0","0","0","0","0","0","0","0","0","0","0","0","0","0","126.58502","85.61751","40.967518","28.749454","0.861021"
"D:\HAA\dACC revisions\Run 4\Br2720_dlPFC_20x_img_011-MaxIP-Stitched_unmixed-rotated.nd2","Layer 1","dACC_v17_ FISH-IF v2.4.4","1185","3726","3752","1746","1773","0","0","0","0","1","1","1405.5422","0","254.19617","0","0","0","0","0","0","0","0","0","0","0","0","0","0","0","0","0","0","0","0","102.14261","74.38596","27.756643","23.171202","0.908386"
"D:\HAA\dACC revisions\Run 4\Br2720_dlPFC_20x_img_011-MaxIP-Stitched_unmixed-rotated.nd2","Layer 1","dACC_v17_ FISH-IF v2.4.4","1186","3564","3590","1773","1801","0","0","0","0","1","1","2375.0447","0","321.0474","0","0","0","0","0","0","0","0","0","0","0","0","0","0","0","0","0","0","0","0","110.6123","78.66684","31.945457","24.458492","0.845782"
"D:\HAA\dACC revisions\Run 4\Br2720_dlPFC_20x_img_011-MaxIP-Stitched_unmixed-rotated.nd2","Layer 1","dACC_v17_ FISH-IF v2.4.4","1187","3677","3699","1795","1815","0","0","0","0","1","1","926.4608","0","162.28656","0","0","0","0","0","0","0","0","0","0","0","0","0","0","0","0","0","0","0","0","64.44328","54.454575","9.988709","13.731083","0.797946"
"D:\HAA\dACC revisions\Run 4\Br2720_dlPFC_20x_img_011-MaxIP-Stitched_unmixed-rotated.nd2","Layer 1","dACC_v17_ FISH-IF v2.4.4","1188","3520","3542","1804","1823","0","0","0","0","1","1","924.9317","0","176.35641","0","0","0","0","0","0","0","0","0","0","0","0","0","0","0","0","0","0","0","0","63.29251","53.856174","9.436338","13.301987","0.743576"
"D:\HAA\dACC revisions\Run 4\Br2720_dlPFC_20x_img_011-MaxIP-Stitched_unmixed-rotated.nd2","Layer 1","dACC_v17_ FISH-IF v2.4.4","1189","3573","3603","1805","1831","0","0","0","1","1","1","1667.5095","0","347.65204","8","17.399687","1","20899.232","1201.127","0","0","0","0","0","0","0","0","0","0","0","0","0","0","0","114.57095","80.6922","33.878754","26.174877","0.821936"
"D:\HAA\dACC revisions\Run 4\Br2720_dlPFC_20x_img_011-MaxIP-Stitched_unmixed-rotated.nd2","Layer 1","dACC_v17_ FISH-IF v2.4.4","1190","3590","3610","1832","1852","0","0","0","0","1","1","1264.83","0","182.15526","0","0","0","0","0","0","0","0","0","0","0","0","0","0","0","0","0","0","0","0","61.405243","52.475246","8.929998","12.87289","0.799383"
"D:\HAA\dACC revisions\Run 4\Br2720_dlPFC_20x_img_011-MaxIP-Stitched_unmixed-rotated.nd2","Layer 1","dACC_v17_ FISH-IF v2.4.4","1191","3763","3791","1835","1857","1","0","0","0","1","1","1217.5149","0","299.45096","0","0","0","0","0","11","20.759943","2","24031.867","1157.6075","0","0","0","0","0","0","0","0","0","0","98.36807","73.695496","24.672571","21.454817","0.777354"
"D:\HAA\dACC revisions\Run 4\Br2720_dlPFC_20x_img_011-MaxIP-Stitched_unmixed-rotated.nd2","Layer 1","dACC_v17_ FISH-IF v2.4.4","1192","3509","3531","1844","1863","0","0","0","0","1","1","793.8173","0","146.637","0","0","0","0","0","0","0","0","0","0","0","0","0","0","0","0","0","0","0","0","63.338543","53.76411","9.57443","13.301987","0.798998"
"D:\HAA\dACC revisions\Run 4\Br2720_dlPFC_20x_img_011-MaxIP-Stitched_unmixed-rotated.nd2","Layer 1","dACC_v17_ FISH-IF v2.4.4","1193","3646","3674","1849","1877","0","0","0","0","1","1","1115.6061","0","215.83528","0","0","0","0","0","3","4.418968","0","3621.2983","819.48956","0","0","0","0","0","0","0","0","0","0","102.83307","78.52875","24.304325","26.174877","0.59595"
"D:\HAA\dACC revisions\Run 4\Br2720_dlPFC_20x_img_011-MaxIP-Stitched_unmixed-rotated.nd2","Layer 1","dACC_v17_ FISH-IF v2.4.4","1194","4548","4572","1107","1133","1","0","1","0","1","1","2978.6436","0","547.8029","0","0","0","0","0","6","9.390307","1","8567.873","912.4167","0","0","0","0","0","5","10.955359","1","6506.8384","593.94116","88.10317","56.986275","31.1169","23.600298","0.837658"
"D:\HAA\dACC revisions\Run 4\Br2720_dlPFC_20x_img_011-MaxIP-Stitched_unmixed-rotated.nd2","Layer 1","dACC_v17_ FISH-IF v2.4.4","1195","4315","4348","1109","1139","1","0","0","0","1","1","1867.0117","0","413.36755","0","0","0","0","0","8","8.745874","1","7500.0015","857.54736","0","0","0","0","0","2","3.866597","0","2015.4177","521.2381","144.7212","93.67292","51.048286","30.894936","0.845545"
"D:\HAA\dACC revisions\Run 4\Br2720_dlPFC_20x_img_011-MaxIP-Stitched_unmixed-rotated.nd2","Layer 1","dACC_v17_ FISH-IF v2.4.4","1196","4568","4591","1110","1138","0","0","0","0","1","1","2843.1023","0","437.23843","0","0","0","0","0","1","1.841237","0","1502.8634","816.225","0","0","0","0","0","1","1.104742","0","598.86224","542.0833","93.442764","59.65607","33.786694","25.74578","0.746088"
"D:\HAA\dACC revisions\Run 4\Br2720_dlPFC_20x_img_011-MaxIP-Stitched_unmixed-rotated.nd2","Layer 1","dACC_v17_ FISH-IF v2.4.4","1197","4460","4493","1137","1167","1","0","0","0","1","1","2110.2236","0","412.43262","1","0.782526","0","571.28973","730.05884","7","11.369637","1","11265.837","963.563","0","0","0","0","0","0","0","0","0","0","138.3229","91.18725","47.13566","31.324034","0.827482"
"D:\HAA\dACC revisions\Run 4\Br2720_dlPFC_20x_img_011-MaxIP-Stitched_unmixed-rotated.nd2","Layer 1","dACC_v17_ FISH-IF v2.4.4","1198","4531","4558","1149","1169","0","0","0","0","1","1","1306.9462","0","205.96997","0","0","0","0","0","0","0","0","0","0","0","0","0","0","0","1","0.920618","0","423.16223","459.65","82.165184","65.916275","16.248915","18.022047","0.699072"
"D:\HAA\dACC revisions\Run 4\Br2720_dlPFC_20x_img_011-MaxIP-Stitched_unmixed-rotated.nd2","Layer 1","dACC_v17_ FISH-IF v2.4.4","1199","4585","4612","1165","1192","0","0","0","1","1","1","2738.201","0","382.2197","15","36.13427","3","88732.33","2455.628","0","0","0","0","0","0","0","0","0","0","0","0","0","0","0","107.57426","77.10178","30.472467","24.458492","0.864587"
"D:\HAA\dACC revisions\Run 4\Br2720_dlPFC_20x_img_011-MaxIP-Stitched_unmixed-rotated.nd2","Layer 1","dACC_v17_ FISH-IF v2.4.4","1200","4320","4355","1168","1196","0","0","0","0","1","1","1405.768","0","254.19495","0","0","0","0","0","0","0","0","0","0","0","0","0","0","0","0","0","0","0","0","122.35018","92.79833","29.55185","31.324034","0.502991"
"D:\HAA\dACC revisions\Run 4\Br2720_dlPFC_20x_img_011-MaxIP-Stitched_unmixed-rotated.nd2","Layer 1","dACC_v17_ FISH-IF v2.4.4","1201","4419","4442","1171","1199","1","0","0","0","1","1","2045.5983","0","316.92383","0","0","0","0","0","4","5.339586","1","4398.8984","783.31146","0","0","0","0","0","0","0","0","0","0","91.5555","70.70349","20.852005","21.883913","0.716649"
"D:\HAA\dACC revisions\Run 4\Br2720_dlPFC_20x_img_011-MaxIP-Stitched_unmixed-rotated.nd2","Layer 1","dACC_v17_ FISH-IF v2.4.4","1202","4526","4555","1171","1199","0","0","0","0","1","1","1741.4835","0","354.44183","0","0","0","0","0","0","0","0","0","0","0","0","0","0","0","0","0","0","0","0","111.76307","83.86833","27.894735","27.03307","0.584156"
"D:\HAA\dACC revisions\Run 4\Br2720_dlPFC_20x_img_011-MaxIP-Stitched_unmixed-rotated.nd2","Layer 1","dACC_v17_ FISH-IF v2.4.4","1203","4455","4480","1176","1208","0","0","0","0","1","1","2337.1575","0","380.4197","0","0","0","0","0","0","0","0","0","0","0","0","0","0","0","1","1.01268","0","503.62427","497.31818","116.18204","82.25725","33.924786","26.174877","0.768538"
"D:\HAA\dACC revisions\Run 4\Br2720_dlPFC_20x_img_011-MaxIP-Stitched_unmixed-rotated.nd2","Layer 1","dACC_v17_ FISH-IF v2.4.4","1204","4391","4419","1195","1220","1","0","0","0","1","1","1985.2358","0","347.18008","0","0","0","0","0","7","12.198194","1","12349.957","1004.85767","0","0","0","0","0","1","0.322216","0","138.82925","430.85715","102.92513","75.39864","27.52649","23.600298","0.7703"
"D:\HAA\dACC revisions\Run 4\Br2720_dlPFC_20x_img_011-MaxIP-Stitched_unmixed-rotated.nd2","Layer 1","dACC_v17_ FISH-IF v2.4.4","1205","4308","4341","1217","1251","0","0","0","0","1","1","1857.7694","0","359.41385","0","0","0","0","0","0","0","0","0","0","0","0","0","0","0","0","0","0","0","0","154.06548","97.76967","56.29581","34.756805","0.835416"
"D:\HAA\dACC revisions\Run 4\Br2720_dlPFC_20x_img_011-MaxIP-Stitched_unmixed-rotated.nd2","Layer 1","dACC_v17_ FISH-IF v2.4.4","1206","4531","4551","1238","1257","0","0","0","0","1","1","993.68243","0","152.47293","0","0","0","0","0","0","0","0","0","0","0","0","0","0","0","0","0","0","0","0","55.28313","48.470554","6.812576","10.727408","0.847024"
"D:\HAA\dACC revisions\Run 4\Br2720_dlPFC_20x_img_011-MaxIP-Stitched_unmixed-rotated.nd2","Layer 1","dACC_v17_ FISH-IF v2.4.4","1207","4592","4622","1247","1281","0","0","0","0","1","1","2226.6372","0","339.30045","0","0","0","0","0","0","0","0","0","0","0","0","0","0","0","0","0","0","0","0","133.71982","93.76498","39.954838","33.040417","0.633599"
"D:\HAA\dACC revisions\Run 4\Br2720_dlPFC_20x_img_011-MaxIP-Stitched_unmixed-rotated.nd2","Layer 1","dACC_v17_ FISH-IF v2.4.4","1208","4501","4530","1295","1324","1","0","1","0","1","1","1734.1123","0","275.30545","0","0","0","0","0","7","10.54108","1","11110.068","1035.8842","0","0","0","0","0","5","2.99201","1","1339.914","447.83078","117.01059","82.57947","34.431126","27.891262","0.734823"
"D:\HAA\dACC revisions\Run 4\Br2720_dlPFC_20x_img_011-MaxIP-Stitched_unmixed-rotated.nd2","Layer 1","dACC_v17_ FISH-IF v2.4.4","1209","4544","4560","1311","1329","0","0","0","0","1","1","1425.8237","0","462.5779","0","0","0","0","0","0","0","0","0","0","0","0","0","0","0","0","0","0","0","0","46.07695","32.49783","13.579121","15.876565","0.799513"
"D:\HAA\dACC revisions\Run 4\Br2720_dlPFC_20x_img_011-MaxIP-Stitched_unmixed-rotated.nd2","Layer 1","dACC_v17_ FISH-IF v2.4.4","1210","4519","4544","1312","1341","0","0","0","0","1","1","1480.0721","0","417.9119","0","0","0","0","0","0","0","0","0","0","0","0","0","0","0","0","0","0","0","0","104.85843","65.31787","39.540558","28.964003","0.713323"
"D:\HAA\dACC revisions\Run 4\Br2720_dlPFC_20x_img_011-MaxIP-Stitched_unmixed-rotated.nd2","Layer 1","dACC_v17_ FISH-IF v2.4.4","1211","4308","4342","1321","1355","0","0","0","0","1","1","1488.348","0","310.47998","0","0","0","0","0","3","4.464999","0","3801.5554","851.41235","0","0","0","0","0","1","1.104742","0","490.36737","443.875","166.86208","102.32673","64.53535","35.614998","0.892462"
"D:\HAA\dACC revisions\Run 4\Br2720_dlPFC_20x_img_011-MaxIP-Stitched_unmixed-rotated.nd2","Layer 1","dACC_v17_ FISH-IF v2.4.4","1212","4442","4462","1325","1346","0","0","0","0","1","1","1135.6029","0","178.20566","0","0","0","0","0","0","0","0","0","0","0","0","0","0","0","0","0","0","0","0","63.108387","53.718082","9.390307","13.301987","0.777979"
"D:\HAA\dACC revisions\Run 4\Br2720_dlPFC_20x_img_011-MaxIP-Stitched_unmixed-rotated.nd2","Layer 1","dACC_v17_ FISH-IF v2.4.4","1213","4541","4569","1327","1354","0","0","0","0","1","1","2727.043","0","505.86383","0","0","0","0","0","0","0","0","0","0","0","0","0","0","0","0","0","0","0","0","108.17265","71.670135","36.502518","26.389425","0.781381"
"D:\HAA\dACC revisions\Run 4\Br2720_dlPFC_20x_img_011-MaxIP-Stitched_unmixed-rotated.nd2","Layer 1","dACC_v17_ FISH-IF v2.4.4","1214","4224","4261","1343","1371","0","0","0","1","1","1","3237.6226","0","470.75247","9","27.158241","1","43506.305","1601.9559","0","0","0","0","0","0","0","0","0","0","0","0","0","0","0","159.12888","102.64895","56.479935","35.1859","0.723018"
"D:\HAA\dACC revisions\Run 4\Br2720_dlPFC_20x_img_011-MaxIP-Stitched_unmixed-rotated.nd2","Layer 1","dACC_v17_ FISH-IF v2.4.4","1215","4581","4608","1362","1386","0","0","0","0","1","1","2724.9155","0","385.45328","0","0","0","0","0","0","0","0","0","0","0","0","0","0","0","0","0","0","0","0","92.29199","69.966995","22.324995","21.02572","0.822701"
"D:\HAA\dACC revisions\Run 4\Br2720_dlPFC_20x_img_011-MaxIP-Stitched_unmixed-rotated.nd2","Layer 1","dACC_v17_ FISH-IF v2.4.4","1216","4481","4511","1365","1392","1","0","1","0","1","1","2237.944","0","442.9795","2","1.703144","0","1266.6328","743.7027","11","17.62984","2","18829.545","1059.7487","0","0","0","0","0","5","6.858607","1","3343.1335","487.43625","124.09935","76.31926","47.780094","32.182224","0.712838"
"D:\HAA\dACC revisions\Run 4\Br2720_dlPFC_20x_img_011-MaxIP-Stitched_unmixed-rotated.nd2","Layer 1","dACC_v17_ FISH-IF v2.4.4","1217","4465","4481","1369","1391","1","0","0","0","1","1","2106.7302","0","392.36404","0","0","0","0","0","5","9.022059","1","10872.687","1192.9495","0","0","0","0","0","0","0","0","0","0","57.67674","42.486538","15.190203","16.30566","0.776404"
"D:\HAA\dACC revisions\Run 4\Br2720_dlPFC_20x_img_011-MaxIP-Stitched_unmixed-rotated.nd2","Layer 1","dACC_v17_ FISH-IF v2.4.4","1218","4342","4366","1373","1397","0","0","0","0","1","1","2662.3389","0","472.57645","0","0","0","0","0","0","0","0","0","0","0","0","0","0","0","0","0","0","0","0","83.8223","64.12107","19.701233","19.309336","0.844183"
"D:\HAA\dACC revisions\Run 4\Br2720_dlPFC_20x_img_011-MaxIP-Stitched_unmixed-rotated.nd2","Layer 1","dACC_v17_ FISH-IF v2.4.4","1219","4513","4532","1379","1399","0","0","0","0","1","1","1308.7406","0","177.24304","3","9.712523","0","15051.189","1549.6682","0","0","0","0","0","0","0","0","0","0","0","0","0","0","0","59.84019","51.324474","8.515719","12.014698","0.88791"
"D:\HAA\dACC revisions\Run 4\Br2720_dlPFC_20x_img_011-MaxIP-Stitched_unmixed-rotated.nd2","Layer 1","dACC_v17_ FISH-IF v2.4.4","1220","4329","4352","1390","1419","0","0","0","0","1","1","1585.2404","0","325.6225","0","0","0","0","0","1","1.01268","0","733.5947","724.4091","0","0","0","0","0","0","0","0","0","0","81.889","53.16571","28.723293","25.102137","0.739811"
"D:\HAA\dACC revisions\Run 4\Br2720_dlPFC_20x_img_011-MaxIP-Stitched_unmixed-rotated.nd2","Layer 1","dACC_v17_ FISH-IF v2.4.4","1221","4307","4334","1398","1422","0","0","0","0","1","1","1718.2542","0","264.12137","0","0","0","0","0","0","0","0","0","0","0","0","0","0","0","0","0","0","0","0","89.20792","58.413235","30.794683","25.74578","0.688905"
"D:\HAA\dACC revisions\Run 4\Br2720_dlPFC_20x_img_011-MaxIP-Stitched_unmixed-rotated.nd2","Layer 1","dACC_v17_ FISH-IF v2.4.4","1222","4296","4316","1413","1439","0","0","0","0","1","1","2021.0546","0","309.81644","0","0","0","0","0","0","0","0","0","0","0","0","0","0","0","0","0","0","0","0","77.377975","62.18777","15.190203","18.022047","0.697656"
"D:\HAA\dACC revisions\Run 4\Br2720_dlPFC_20x_img_011-MaxIP-Stitched_unmixed-rotated.nd2","Layer 1","dACC_v17_ FISH-IF v2.4.4","1223","4206","4241","1419","1445","1","0","0","0","1","1","1861.0964","0","293.34927","2","2.439639","0","1896.1056","777.2075","6","6.628452","1","5419.404","817.5972","0","0","0","0","0","0","0","0","0","0","127.27549","87.64287","39.63262","30.894936","0.682336"
"D:\HAA\dACC revisions\Run 4\Br2720_dlPFC_20x_img_011-MaxIP-Stitched_unmixed-rotated.nd2","Layer 1","dACC_v17_ FISH-IF v2.4.4","1224","4471","4500","1433","1461","0","0","0","1","1","1","2293.1082","0","412.5463","8","18.044119","1","23141.86","1282.5153","0","0","0","0","0","0","0","0","0","0","0","0","0","0","0","113.144","79.54143","33.60257","26.174877","0.883769"
"D:\HAA\dACC revisions\Run 4\Br2720_dlPFC_20x_img_011-MaxIP-Stitched_unmixed-rotated.nd2","Layer 1","dACC_v17_ FISH-IF v2.4.4","1225","4523","4545","1434","1455","0","0","0","0","1","1","2114.6611","0","301.94424","0","0","0","0","0","0","0","0","0","0","0","0","0","0","0","0","0","0","0","0","67.66545","53.67205","13.993399","16.520208","0.805675"
"D:\HAA\dACC revisions\Run 4\Br2720_dlPFC_20x_img_011-MaxIP-Stitched_unmixed-rotated.nd2","Layer 1","dACC_v17_ FISH-IF v2.4.4","1226","4542","4568","1438","1464","0","0","0","0","1","1","2175.4934","0","512.538","1","0.736495","0","546.2029","741.625","1","1.104742","0","871.9637","789.2917","0","0","0","0","0","1","1.749175","0","926.92456","529.9211","89.80632","55.099007","34.707314","26.818521","0.796939"
"D:\HAA\dACC revisions\Run 4\Br2720_dlPFC_20x_img_011-MaxIP-Stitched_unmixed-rotated.nd2","Layer 1","dACC_v17_ FISH-IF v2.4.4","1227","4209","4240","1443","1467","0","0","0","1","1","1","2773.0325","0","500.30807","8","23.245613","1","36515.867","1570.8713","1","1.334897","0","1119.518","838.65515","0","0","0","0","0","0","0","0","0","0","106.33142","76.50339","29.828035","24.887589","0.689581"
"D:\HAA\dACC revisions\Run 4\Br2720_dlPFC_20x_img_011-MaxIP-Stitched_unmixed-rotated.nd2","Layer 1","dACC_v17_ FISH-IF v2.4.4","1228","4560","4588","1445","1472","0","0","0","0","1","1","2879.005","0","528.0234","0","0","0","0","0","1","0.50634","0","735.38995","726.1818","0","0","0","0","0","0","0","0","0","0","102.2807","64.903595","37.377106","28.749454","0.75515"
"D:\HAA\dACC revisions\Run 4\Br2720_dlPFC_20x_img_011-MaxIP-Stitched_unmixed-rotated.nd2","Layer 1","dACC_v17_ FISH-IF v2.4.4","1229","4251","4278","1449","1474","0","0","0","0","1","1","3484.67","0","506.42627","0","0","0","0","0","0","0","0","0","0","0","0","0","0","0","0","0","0","0","0","95.00781","71.163795","23.844015","21.883913","0.838966"
"D:\HAA\dACC revisions\Run 4\Br2720_dlPFC_20x_img_011-MaxIP-Stitched_unmixed-rotated.nd2","Layer 1","dACC_v17_ FISH-IF v2.4.4","1230","4366","4394","1475","1501","0","0","0","0","1","1","2966.5322","0","430.89124","0","0","0","0","0","1","0.690464","0","422.28763","611.6","0","0","0","0","0","1","0.690464","0","306.61194","444.06668","110.79642","78.71287","32.08355","24.029396","0.868954"
"D:\HAA\dACC revisions\Run 4\Br2720_dlPFC_20x_img_011-MaxIP-Stitched_unmixed-rotated.nd2","Layer 1","dACC_v17_ FISH-IF v2.4.4","1231","4508","4534","1485","1510","0","0","0","0","1","1","2401.6643","0","470.8487","0","0","0","0","0","0","0","0","0","0","0","0","0","0","0","0","0","0","0","0","97.63158","72.40663","25.224943","22.31301","0.846401"
"D:\HAA\dACC revisions\Run 4\Br2720_dlPFC_20x_img_011-MaxIP-Stitched_unmixed-rotated.nd2","Layer 1","dACC_v17_ FISH-IF v2.4.4","1232","1985","2010","689","713","0","0","0","0","1","1","2061.4124","0","376.19592","0","0","0","0","0","0","0","0","0","0","3","2.669793","0","3203.7058","1199.9828","0","0","0","0","0","76.59544","49.805454","26.789993","23.600298","0.840104"
"D:\HAA\dACC revisions\Run 4\Br2720_dlPFC_20x_img_011-MaxIP-Stitched_unmixed-rotated.nd2","Layer 1","dACC_v17_ FISH-IF v2.4.4","1233","1952","1982","695","722","0","0","0","0","1","1","2259.6758","0","555.0915","2","2.117422","0","1666.8716","787.2174","0","0","0","0","0","0","0","0","0","0","0","0","0","0","0","118.16136","82.53343","35.62793","26.603973","0.833385"
"D:\HAA\dACC revisions\Run 4\Br2720_dlPFC_20x_img_011-MaxIP-Stitched_unmixed-rotated.nd2","Layer 1","dACC_v17_ FISH-IF v2.4.4","1234","1871","1899","695","722","0","1","0","0","1","1","1694.3334","0","310.94583","1","0.598402","0","437.33975","730.8461","0","0","0","0","0","17","16.57113","3","16615.459","1002.675","1","0.782526","0","371.42346","474.64706","110.474205","77.33194","33.14226","25.102137","0.88068"
"D:\HAA\dACC revisions\Run 4\Br2720_dlPFC_20x_img_011-MaxIP-Stitched_unmixed-rotated.nd2","Layer 1","dACC_v17_ FISH-IF v2.4.4","1235","1897","1924","703","728","0","0","0","1","1","1","1654.1565","0","377.20547","5","8.423658","1","7813.6562","927.5847","0","0","0","0","0","0","0","0","0","0","0","0","0","0","0","101.544205","72.13045","29.413755","24.029396","0.825169"
"D:\HAA\dACC revisions\Run 4\Br2720_dlPFC_20x_img_011-MaxIP-Stitched_unmixed-rotated.nd2","Layer 1","dACC_v17_ FISH-IF v2.4.4","1236","2001","2025","703","728","0","0","0","0","1","1","2222.2334","0","357.12048","0","0","0","0","0","0","0","0","0","0","3","3.360257","0","3175.627","945.0548","0","0","0","0","0","83.638176","59.978287","23.659891","21.02572","0.84652"
"D:\HAA\dACC revisions\Run 4\Br2720_dlPFC_20x_img_011-MaxIP-Stitched_unmixed-rotated.nd2","Layer 1","dACC_v17_ FISH-IF v2.4.4","1237","2013","2035","722","748","1","0","0","0","1","1","2871.121","0","679.92706","0","0","0","0","0","5","3.682473","1","3517.7747","868.4318","1","1.150773","0","862.25116","749.28","0","0","0","0","0","84.650856","58.044987","26.605871","23.171202","0.830654"
"D:\HAA\dACC revisions\Run 4\Br2720_dlPFC_20x_img_011-MaxIP-Stitched_unmixed-rotated.nd2","Layer 1","dACC_v17_ FISH-IF v2.4.4","1238","2133","2154","723","743","0","0","0","0","1","1","1303.1923","0","191.68481","0","0","0","0","0","0","0","0","0","0","0","0","0","0","0","0","0","0","0","0","59.932255","51.554626","8.377627","12.443794","0.824768"
"D:\HAA\dACC revisions\Run 4\Br2720_dlPFC_20x_img_011-MaxIP-Stitched_unmixed-rotated.nd2","Layer 1","dACC_v17_ FISH-IF v2.4.4","1239","2033","2054","725","755","1","1","0","0","1","1","1532.3407","0","605.994","0","0","0","0","0","9","16.57113","1","19034.844","1148.675","4","3.820566","1","2765.6296","723.8795","0","0","0","0","0","84.512764","61.543335","22.969427","22.742105","0.659508"
"D:\HAA\dACC revisions\Run 4\Br2720_dlPFC_20x_img_011-MaxIP-Stitched_unmixed-rotated.nd2","Layer 1","dACC_v17_ FISH-IF v2.4.4","1240","1864","1900","735","760","0","1","0","0","1","1","2486.262","0","450.37524","0","0","0","0","0","0","0","0","0","0","27","24.07417","3","24387.78","1013.0268","0","0","0","0","0","140.02605","95.56019","44.465866","31.324034","0.671655"
"D:\HAA\dACC revisions\Run 4\Br2720_dlPFC_20x_img_011-MaxIP-Stitched_unmixed-rotated.nd2","Layer 1","dACC_v17_ FISH-IF v2.4.4","1241","2030","2065","777","801","0","0","0","0","1","1","2051.617","0","367.3807","0","0","0","0","0","0","0","0","0","0","0","0","0","0","0","1","0.322216","0","136.43564","423.42856","123.22477","87.78096","35.443806","28.320358","0.669023"
"D:\HAA\dACC revisions\Run 4\Br2720_dlPFC_20x_img_011-MaxIP-Stitched_unmixed-rotated.nd2","Layer 1","dACC_v17_ FISH-IF v2.4.4","1242","2047","2076","854","881","0","1","0","0","1","1","2267.9736","0","474.28726","0","0","0","0","0","0","0","0","0","0","5","5.891957","1","4793.4297","813.5547","0","0","0","0","0","116.228065","81.24457","34.983498","26.174877","0.85272"
"D:\HAA\dACC revisions\Run 4\Br2720_dlPFC_20x_img_011-MaxIP-Stitched_unmixed-rotated.nd2","Layer 1","dACC_v17_ FISH-IF v2.4.4","1243","2197","2228","871","897","0","0","0","0","1","1","2828.4905","0","700.64795","0","0","0","0","0","0","0","0","0","0","0","0","0","0","0","0","0","0","0","0","112.499565","71.39395","41.10561","30.894936","0.788463"
"D:\HAA\dACC revisions\Run 4\Br2720_dlPFC_20x_img_011-MaxIP-Stitched_unmixed-rotated.nd2","Layer 1","dACC_v17_ FISH-IF v2.4.4","1244","2028","2053","877","909","0","0","0","0","1","1","1667.3802","0","308.99832","2","3.268195","0","2715.9622","831.0282","0","0","0","0","0","1","1.703144","0","1363.1135","800.3514","0","0","0","0","0","114.57095","82.487404","32.08355","26.174877","0.714077"
"D:\HAA\dACC revisions\Run 4\Br2720_dlPFC_20x_img_011-MaxIP-Stitched_unmixed-rotated.nd2","Layer 1","dACC_v17_ FISH-IF v2.4.4","1245","1878","1906","879","906","0","0","0","0","1","1","2090.6858","0","313.48837","0","0","0","0","0","0","0","0","0","0","0","0","0","0","0","0","0","0","0","0","111.02657","79.081116","31.945457","24.887589","0.807079"
"D:\HAA\dACC revisions\Run 4\Br2720_dlPFC_20x_img_011-MaxIP-Stitched_unmixed-rotated.nd2","Layer 1","dACC_v17_ FISH-IF v2.4.4","1246","2199","2225","895","916","0","0","0","0","1","1","1854.8427","0","486.22726","0","0","0","0","0","0","0","0","0","0","0","0","0","0","0","0","0","0","0","0","75.6288","51.64669","23.982107","23.171202","0.780646"
"D:\HAA\dACC revisions\Run 4\Br2720_dlPFC_20x_img_011-MaxIP-Stitched_unmixed-rotated.nd2","Layer 1","dACC_v17_ FISH-IF v2.4.4","1247","1999","2018","892","911","0","0","0","0","1","1","488.544","0","129.37476","0","0","0","0","0","0","0","0","0","0","0","0","0","0","0","0","0","0","0","0","52.060966","46.307102","5.753865","10.298312","0.867779"
"D:\HAA\dACC revisions\Run 4\Br2720_dlPFC_20x_img_011-MaxIP-Stitched_unmixed-rotated.nd2","Layer 1","dACC_v17_ FISH-IF v2.4.4","1248","1853","1869","930","955","0","0","0","0","1","1","2980.6526","0","397.36334","0","0","0","0","0","0","0","0","0","0","0","0","0","0","0","0","0","0","0","0","63.5687","43.959526","19.60917","18.451143","0.790721"
"D:\HAA\dACC revisions\Run 4\Br2720_dlPFC_20x_img_011-MaxIP-Stitched_unmixed-rotated.nd2","Layer 1","dACC_v17_ FISH-IF v2.4.4","1249","1867","1890","930","957","0","0","0","0","1","1","3141.3306","0","638.52496","0","0","0","0","0","0","0","0","0","0","0","0","0","0","0","0","0","0","0","0","94.0872","49.805454","44.281742","28.964003","0.770002"
"D:\HAA\dACC revisions\Run 4\Br2720_dlPFC_20x_img_011-MaxIP-Stitched_unmixed-rotated.nd2","Layer 1","dACC_v17_ FISH-IF v2.4.4","1250","1962","1992","942","965","0","1","0","0","1","1","1302.0261","0","232.2641","0","0","0","0","0","0","0","0","0","0","10","9.896647","2","9346.67","944.4279","0","0","0","0","0","103.10925","76.68751","26.421747","23.171202","0.71338"
"D:\HAA\dACC revisions\Run 4\Br2720_dlPFC_20x_img_011-MaxIP-Stitched_unmixed-rotated.nd2","Layer 1","dACC_v17_ FISH-IF v2.4.4","1251","1869","1894","954","976","0","0","0","0","1","1","2454.7546","0","460.57266","0","0","0","0","0","0","0","0","0","0","0","0","0","0","0","0","0","0","0","0","77.60812","53.211742","24.396387","21.669365","0.772576"
"D:\HAA\dACC revisions\Run 4\Br2720_dlPFC_20x_img_011-MaxIP-Stitched_unmixed-rotated.nd2","Layer 1","dACC_v17_ FISH-IF v2.4.4","1252","1975","2005","997","1025","0","0","0","1","1","1","1623.6296","0","272.7334","5","12.52041","1","11597.352","926.27576","0","0","0","0","0","1","1.104742","0","981.4252","888.375","0","0","0","0","0","120.83116","83.91436","36.916798","27.891262","0.802827"
"D:\HAA\dACC revisions\Run 4\Br2720_dlPFC_20x_img_011-MaxIP-Stitched_unmixed-rotated.nd2","Layer 1","dACC_v17_ FISH-IF v2.4.4","1253","2166","2196","1022","1049","0","0","0","0","1","1","2797.3953","0","501.94202","0","0","0","0","0","0","0","0","0","0","0","0","0","0","0","0","0","0","0","0","109.323425","79.403336","29.920095","26.389425","0.740881"
"D:\HAA\dACC revisions\Run 4\Br2720_dlPFC_20x_img_011-MaxIP-Stitched_unmixed-rotated.nd2","Layer 1","dACC_v17_ FISH-IF v2.4.4","1254","1933","1958","1023","1046","0","0","0","0","1","1","1525.1735","0","261.75778","0","0","0","0","0","0","0","0","0","0","0","0","0","0","0","0","0","0","0","0","83.03977","64.99566","18.044119","18.451143","0.848921"
"D:\HAA\dACC revisions\Run 4\Br2720_dlPFC_20x_img_011-MaxIP-Stitched_unmixed-rotated.nd2","Layer 1","dACC_v17_ FISH-IF v2.4.4","1255","1876","1900","1046","1069","0","1","0","0","1","1","985.89105","0","193.03499","0","0","0","0","0","0","0","0","0","0","10","9.252214","2","8199.718","886.2438","0","0","0","0","0","79.633484","63.15442","16.479069","18.022047","0.809081"
"D:\HAA\dACC revisions\Run 4\Br2720_dlPFC_20x_img_011-MaxIP-Stitched_unmixed-rotated.nd2","Layer 1","dACC_v17_ FISH-IF v2.4.4","1256","1870","1897","1081","1111","0","0","0","0","1","1","1847.4126","0","348.83038","0","0","0","0","0","0","0","0","0","0","0","0","0","0","0","0","0","0","0","0","120.41688","83.03977","37.377106","26.174877","0.881905"
"D:\HAA\dACC revisions\Run 4\Br2720_dlPFC_20x_img_011-MaxIP-Stitched_unmixed-rotated.nd2","Layer 1","dACC_v17_ FISH-IF v2.4.4","1257","845","864","1108","1126","0","0","0","0","1","1","1256.4722","0","224.32341","0","0","0","0","0","0","0","0","0","0","0","0","0","0","0","0","0","0","0","0","51.462566","44.834114","6.628452","10.298312","0.837127"
"D:\HAA\dACC revisions\Run 4\Br2720_dlPFC_20x_img_011-MaxIP-Stitched_unmixed-rotated.nd2","Layer 1","dACC_v17_ FISH-IF v2.4.4","1258","863","890","1112","1139","0","0","0","0","1","1","2863.2593","0","482.4807","0","0","0","0","0","0","0","0","0","0","0","0","0","0","0","0","0","0","0","0","102.32673","70.38127","31.945457","25.316685","0.871763"
"D:\HAA\dACC revisions\Run 4\Br2720_dlPFC_20x_img_011-MaxIP-Stitched_unmixed-rotated.nd2","Layer 1","dACC_v17_ FISH-IF v2.4.4","1259","848","874","1126","1149","0","0","0","0","1","1","2619.8054","0","573.36914","0","0","0","0","0","1","1.611082","0","1522.4265","944.97144","0","0","0","0","0","1","0.874587","0","406.3149","464.57895","80.78426","59.978287","20.805975","20.596624","0.828709"
"D:\HAA\dACC revisions\Run 4\Br2720_dlPFC_20x_img_011-MaxIP-Stitched_unmixed-rotated.nd2","Layer 1","dACC_v17_ FISH-IF v2.4.4","1260","992","1016","1131","1157","1","0","0","0","1","1","779.9364","0","178.62671","0","0","0","0","0","7","11.369637","1","11429.615","1005.2753","0","0","0","0","0","0","0","0","0","0","85.29529","67.20514","18.09015","20.382076","0.7238"
"D:\HAA\dACC revisions\Run 4\Br2720_dlPFC_20x_img_011-MaxIP-Stitched_unmixed-rotated.nd2","Layer 1","dACC_v17_ FISH-IF v2.4.4","1261","862","884","1176","1196","0","0","0","0","1","1","983.1415","0","168.19914","3","9.988709","0","11644.901","1165.8064","0","0","0","0","0","0","0","0","0","0","0","0","0","0","0","63.29251","53.856174","9.436338","13.731083","0.769519"
"D:\HAA\dACC revisions\Run 4\Br2720_dlPFC_20x_img_011-MaxIP-Stitched_unmixed-rotated.nd2","Layer 1","dACC_v17_ FISH-IF v2.4.4","1262","638","671","1176","1213","0","0","0","0","1","1","2538.3027","0","594.2921","0","0","0","0","0","0","0","0","0","0","0","0","0","0","0","0","0","0","0","0","143.84662","86.676216","57.1704","39.262314","0.663588"
"D:\HAA\dACC revisions\Run 4\Br2720_dlPFC_20x_img_011-MaxIP-Stitched_unmixed-rotated.nd2","Layer 1","dACC_v17_ FISH-IF v2.4.4","1263","757","790","1187","1215","0","0","0","0","1","1","1515.2057","0","355.1847","0","0","0","0","0","0","0","0","0","0","0","0","0","0","0","0","0","0","0","0","130.2675","87.73493","42.532566","29.607647","0.823328"
"D:\HAA\dACC revisions\Run 4\Br2720_dlPFC_20x_img_011-MaxIP-Stitched_unmixed-rotated.nd2","Layer 1","dACC_v17_ FISH-IF v2.4.4","1264","672","696","1193","1218","0","0","0","0","1","1","3211.1228","0","480.21182","0","0","0","0","0","0","0","0","0","0","0","0","0","0","0","0","0","0","0","0","89.20792","58.459267","30.748653","24.243944","0.805216"
"D:\HAA\dACC revisions\Run 4\Br2720_dlPFC_20x_img_011-MaxIP-Stitched_unmixed-rotated.nd2","Layer 1","dACC_v17_ FISH-IF v2.4.4","1265","653","676","1196","1223","0","0","0","0","1","1","2588.9336","0","667.77814","0","0","0","0","0","0","0","0","0","0","0","0","0","0","0","0","0","0","0","0","79.72555","42.946846","36.7787","27.676714","0.804494"
"D:\HAA\dACC revisions\Run 4\Br2720_dlPFC_20x_img_011-MaxIP-Stitched_unmixed-rotated.nd2","Layer 1","dACC_v17_ FISH-IF v2.4.4","1266","741","774","1241","1270","1","0","0","0","1","1","1561.8353","0","488.83325","0","0","0","0","0","24","36.7787","3","55778.1","1516.587","0","0","0","0","0","0","0","0","0","0","136.94199","91.095184","45.846794","30.894936","0.819103"
"D:\HAA\dACC revisions\Run 4\Br2720_dlPFC_20x_img_011-MaxIP-Stitched_unmixed-rotated.nd2","Layer 1","dACC_v17_ FISH-IF v2.4.4","1267","809","828","1297","1318","0","0","0","0","1","1","755.3125","0","176.41615","0","0","0","0","0","0","0","0","0","0","0","0","0","0","0","0","0","0","0","0","61.26715","52.429214","8.837936","12.87289","0.817078"
"D:\HAA\dACC revisions\Run 4\Br2720_dlPFC_20x_img_011-MaxIP-Stitched_unmixed-rotated.nd2","Layer 1","dACC_v17_ FISH-IF v2.4.4","1268","908","929","1311","1332","0","0","0","0","1","1","1768.0706","0","242.36191","0","0","0","0","0","0","0","0","0","0","0","0","0","0","0","0","0","0","0","0","66.928955","55.835503","11.093451","14.160179","0.827431"
"D:\HAA\dACC revisions\Run 4\Br2720_dlPFC_20x_img_011-MaxIP-Stitched_unmixed-rotated.nd2","Layer 1","dACC_v17_ FISH-IF v2.4.4","1269","613","640","1325","1359","0","0","0","1","1","1","2797.2178","0","410.84937","4","9.804585","1","14485.699","1398.6444","0","0","0","0","0","0","0","0","0","0","0","0","0","0","0","104.67431","69.36859","35.305714","35.829544","0.520074"
"D:\HAA\dACC revisions\Run 4\Br2720_dlPFC_20x_img_011-MaxIP-Stitched_unmixed-rotated.nd2","Layer 1","dACC_v17_ FISH-IF v2.4.4","1270","671","698","1326","1345","0","0","0","0","1","1","993.66736","0","293.86334","0","0","0","0","0","2","3.268195","0","2535.0146","775.662","0","0","0","0","0","0","0","0","0","0","72.40663","49.851482","22.55515","21.02572","0.688972"
"D:\HAA\dACC revisions\Run 4\Br2720_dlPFC_20x_img_011-MaxIP-Stitched_unmixed-rotated.nd2","Layer 1","dACC_v17_ FISH-IF v2.4.4","1271","853","882","1326","1354","0","0","0","0","1","1","2778.7944","0","489.40527","0","0","0","0","0","0","0","0","0","0","0","0","0","0","0","0","0","0","0","0","117.70106","81.889","35.812054","27.03307","0.864273"
"D:\HAA\dACC revisions\Run 4\Br2720_dlPFC_20x_img_011-MaxIP-Stitched_unmixed-rotated.nd2","Layer 1","dACC_v17_ FISH-IF v2.4.4","1272","674","700","1344","1366","0","0","0","0","1","1","1083.3302","0","299.734","0","0","0","0","0","2","2.669793","0","2135.144","799.7414","0","0","0","0","0","0","0","0","0","0","93.16658","58.32117","34.845406","24.887589","0.823816"
"D:\HAA\dACC revisions\Run 4\Br2720_dlPFC_20x_img_011-MaxIP-Stitched_unmixed-rotated.nd2","Layer 1","dACC_v17_ FISH-IF v2.4.4","1273","624","650","1358","1390","0","0","0","1","1","1","2329.5698","0","450.56247","6","16.755255","1","24629.764","1469.9725","0","0","0","0","0","0","0","0","0","0","0","0","0","0","0","121.9359","84.37467","37.56123","28.320358","0.746907"
"D:\HAA\dACC revisions\Run 4\Br2720_dlPFC_20x_img_011-MaxIP-Stitched_unmixed-rotated.nd2","Layer 1","dACC_v17_ FISH-IF v2.4.4","1274","946","972","1383","1406","0","0","0","0","1","1","1699.5374","0","334.40216","3","8.239534","0","9339.535","1133.5028","1","1.150773","0","877.9017","762.88","0","0","0","0","0","0","0","0","0","0","86.492096","67.98766","18.504429","20.382076","0.705193"
"D:\HAA\dACC revisions\Run 4\Br2720_dlPFC_20x_img_011-MaxIP-Stitched_unmixed-rotated.nd2","Layer 1","dACC_v17_ FISH-IF v2.4.4","1275","760","780","1402","1421","0","0","0","0","1","1","1843.128","0","215.45547","0","0","0","0","0","0","0","0","0","0","0","0","0","0","0","0","0","0","0","0","57.1704","49.62133","7.54907","11.585601","0.897455"
"D:\HAA\dACC revisions\Run 4\Br2720_dlPFC_20x_img_011-MaxIP-Stitched_unmixed-rotated.nd2","Layer 1","dACC_v17_ FISH-IF v2.4.4","1276","827","850","1412","1437","0","0","0","0","1","1","2077.4614","0","324.7906","0","0","0","0","0","0","0","0","0","0","0","0","0","0","0","0","0","0","0","0","86.26194","66.606735","19.655201","19.309336","0.866279"
"D:\HAA\dACC revisions\Run 4\Br2720_dlPFC_20x_img_011-MaxIP-Stitched_unmixed-rotated.nd2","Layer 1","dACC_v17_ FISH-IF v2.4.4","1277","731","752","1419","1439","0","0","0","0","1","1","511.3587","0","160.49174","0","0","0","0","0","0","0","0","0","0","0","0","0","0","0","0","0","0","0","0","61.451275","52.981586","8.469688","12.87289","0.690279"
"D:\HAA\dACC revisions\Run 4\Br2720_dlPFC_20x_img_011-MaxIP-Stitched_unmixed-rotated.nd2","Layer 1","dACC_v17_ FISH-IF v2.4.4","1278","799","825","1431","1458","0","0","0","0","1","1","3249.615","0","441.7161","0","0","0","0","0","0","0","0","0","0","0","0","0","0","0","0","0","0","0","0","106.929825","76.68751","30.242313","23.600298","0.880926"
"D:\HAA\dACC revisions\Run 4\Br2720_dlPFC_20x_img_011-MaxIP-Stitched_unmixed-rotated.nd2","Layer 1","dACC_v17_ FISH-IF v2.4.4","1279","729","757","1442","1472","0","0","0","1","1","1","2236.4976","0","449.0792","19","41.888134","3","104061.82","2484.279","0","0","0","0","0","0","0","0","0","0","0","0","0","0","0","123.823166","85.43338","38.389786","27.03307","0.825575"
"D:\HAA\dACC revisions\Run 4\Br2720_dlPFC_20x_img_011-MaxIP-Stitched_unmixed-rotated.nd2","Layer 1","dACC_v17_ FISH-IF v2.4.4","1280","622","660","1450","1480","0","0","0","0","1","1","1292.4718","0","329.02795","1","0.552371","0","422.14954","764.25","2","1.749175","0","1281.823","732.8158","0","0","0","0","0","0","0","0","0","0","160.83203","102.09657","58.73545","35.1859","0.747777"
"D:\HAA\dACC revisions\Run 4\Br2720_dlPFC_20x_img_011-MaxIP-Stitched_unmixed-rotated.nd2","Layer 1","dACC_v17_ FISH-IF v2.4.4","1281","675","700","1467","1491","0","0","0","1","1","1","1590.5","0","361.5866","4","12.704534","1","16404.13","1291.2029","0","0","0","0","0","0","0","0","0","0","0","0","0","0","0","84.144516","65.3639","18.780615","18.88024","0.87541"
"D:\HAA\dACC revisions\Run 4\Br2720_dlPFC_20x_img_011-MaxIP-Stitched_unmixed-rotated.nd2","Layer 1","dACC_v17_ FISH-IF v2.4.4","1282","876","903","1493","1522","0","0","0","1","1","1","2504.3103","0","416.26566","14","31.62324","2","66422.016","2100.4177","0","0","0","0","0","0","0","0","0","0","0","0","0","0","0","119.081985","82.30328","36.7787","26.174877","0.909202"
"D:\HAA\dACC revisions\Run 4\Br2720_dlPFC_20x_img_011-MaxIP-Stitched_unmixed-rotated.nd2","Layer 1","dACC_v17_ FISH-IF v2.4.4","1283","620","649","1532","1562","0","0","0","1","1","1","2212.9893","0","491.41977","7","13.717214","1","17409.537","1269.1744","0","0","0","0","0","0","0","0","0","0","0","0","0","0","0","122.626366","84.32864","38.29772","28.320358","0.862407"
"D:\HAA\dACC revisions\Run 4\Br2720_dlPFC_20x_img_011-MaxIP-Stitched_unmixed-rotated.nd2","Layer 1","dACC_v17_ FISH-IF v2.4.4","1284","905","930","1591","1620","0","0","0","1","1","1","3007.5327","0","533.44415","5","17.491749","1","22249.643","1272.0079","0","0","0","0","0","0","0","0","0","0","0","0","0","0","0","104.35209","76.27323","28.07886","24.458492","0.794838"
"D:\HAA\dACC revisions\Run 4\Br2720_dlPFC_20x_img_011-MaxIP-Stitched_unmixed-rotated.nd2","Layer 1","dACC_v17_ FISH-IF v2.4.4","1285","750","771","1608","1630","0","0","0","0","1","1","2399.2654","0","330.7387","0","0","0","0","0","0","0","0","0","0","0","0","0","0","0","0","0","0","0","0","66.19246","51.968906","14.223554","16.734756","0.754564"
"D:\HAA\dACC revisions\Run 4\Br2720_dlPFC_20x_img_011-MaxIP-Stitched_unmixed-rotated.nd2","Layer 1","dACC_v17_ FISH-IF v2.4.4","1286","996","1015","1617","1635","0","0","0","0","1","1","507.27585","0","133.88731","0","0","0","0","0","0","0","0","0","0","0","0","0","0","0","0","0","0","0","0","50.68004","45.340454","5.339586","9.869216","0.861205"
"D:\HAA\dACC revisions\Run 4\Br2720_dlPFC_20x_img_011-MaxIP-Stitched_unmixed-rotated.nd2","Layer 1","dACC_v17_ FISH-IF v2.4.4","1287","735","764","1625","1650","0","0","0","0","1","1","2522.8967","0","410.66464","0","0","0","0","0","0","0","0","0","0","0","0","0","0","0","1","2.117422","0","964.5779","455.5435","75.44467","52.705402","22.739273","25.74578","0.612373"
"D:\HAA\dACC revisions\Run 4\Br2720_dlPFC_20x_img_011-MaxIP-Stitched_unmixed-rotated.nd2","Layer 1","dACC_v17_ FISH-IF v2.4.4","1288","760","780","1634","1657","0","0","0","0","1","1","2570.7913","0","366.74878","0","0","0","0","0","0","0","0","0","0","0","0","0","0","0","1","1.426958","0","629.84106","441.3871","68.0337","47.08963","20.944067","18.88024","0.804842"
"D:\HAA\dACC revisions\Run 4\Br2720_dlPFC_20x_img_011-MaxIP-Stitched_unmixed-rotated.nd2","Layer 1","dACC_v17_ FISH-IF v2.4.4","1289","744","761","1638","1658","0","0","0","0","1","1","2452.208","0","478.67462","0","0","0","0","0","0","0","0","0","0","0","0","0","0","0","0","0","0","0","0","44.051586","27.02015","17.031439","17.59295","0.71251"
"D:\HAA\dACC revisions\Run 4\Br2720_dlPFC_20x_img_011-MaxIP-Stitched_unmixed-rotated.nd2","Layer 1","dACC_v17_ FISH-IF v2.4.4","1290","739","764","1658","1681","0","0","0","0","1","1","3591.7844","0","478.7035","0","0","0","0","0","0","0","0","0","0","0","0","0","0","0","0","0","0","0","0","68.494","45.018238","23.475767","23.171202","0.760687"
"D:\HAA\dACC revisions\Run 4\Br2720_dlPFC_20x_img_011-MaxIP-Stitched_unmixed-rotated.nd2","Layer 1","dACC_v17_ FISH-IF v2.4.4","1291","747","777","1664","1689","0","0","0","0","1","1","2966.8928","0","577.6376","0","0","0","0","0","0","0","0","0","0","0","0","0","0","0","0","0","0","0","0","90.26663","58.044987","32.22164","27.676714","0.700249"
"D:\HAA\dACC revisions\Run 4\Br2720_dlPFC_20x_img_011-MaxIP-Stitched_unmixed-rotated.nd2","Layer 1","dACC_v17_ FISH-IF v2.4.4","1292","607","638","1712","1740","0","0","0","0","1","1","1770.4017","0","468.92322","0","0","0","0","0","3","4.741185","0","3794.927","800.4175","0","0","0","0","0","0","0","0","0","0","117.83915","81.52075","36.318394","28.534906","0.733264"
"D:\HAA\dACC revisions\Run 4\Br2720_dlPFC_20x_img_011-MaxIP-Stitched_unmixed-rotated.nd2","Layer 1","dACC_v17_ FISH-IF v2.4.4","1293","799","817","1725","1744","0","0","0","0","1","1","699.2562","0","132.1892","0","0","0","0","0","0","0","0","0","0","0","0","0","0","0","0","0","0","0","0","51.554626","45.984886","5.569741","9.654668","0.874158"
"D:\HAA\dACC revisions\Run 4\Br2720_dlPFC_20x_img_011-MaxIP-Stitched_unmixed-rotated.nd2","Layer 1","dACC_v17_ FISH-IF v2.4.4","1294","699","723","1734","1754","0","0","0","0","1","1","1705.6951","0","458.76346","0","0","0","0","0","0","0","0","0","0","0","0","0","0","0","0","0","0","0","0","64.44328","50.403854","14.03943","16.734756","0.854904"
"D:\HAA\dACC revisions\Run 4\Br2720_dlPFC_20x_img_011-MaxIP-Stitched_unmixed-rotated.nd2","Layer 1","dACC_v17_ FISH-IF v2.4.4","1295","690","717","1749","1772","0","0","0","0","1","1","2390.5154","0","483.85767","0","0","0","0","0","0","0","0","0","0","0","0","0","0","0","0","0","0","0","0","86.031784","62.095707","23.936077","21.454817","0.844195"
"D:\HAA\dACC revisions\Run 4\Br2720_dlPFC_20x_img_011-MaxIP-Stitched_unmixed-rotated.nd2","Layer 1","dACC_v17_ FISH-IF v2.4.4","1296","953","973","1752","1771","0","0","0","0","1","1","950.00684","0","159.2887","1","1.565051","0","1554.6022","993.32355","0","0","0","0","0","0","0","0","0","0","0","0","0","0","0","55.19107","48.470554","6.720514","10.727408","0.816582"
"D:\HAA\dACC revisions\Run 4\Br2720_dlPFC_20x_img_011-MaxIP-Stitched_unmixed-rotated.nd2","Layer 1","dACC_v17_ FISH-IF v2.4.4","1297","607","630","1753","1775","0","0","0","0","1","1","734.0949","0","192.60371","0","0","0","0","0","1","1.150773","0","937.6958","783.5","0","0","0","0","0","0","0","0","0","0","72.08442","59.471947","12.612472","16.30566","0.734769"
"D:\HAA\dACC revisions\Run 4\Br2720_dlPFC_20x_img_011-MaxIP-Stitched_unmixed-rotated.nd2","Layer 1","dACC_v17_ FISH-IF v2.4.4","1298","618","643","1790","1818","0","0","0","1","1","1","2576.766","0","432.3597","12","29.505817","2","63376.75","2147.9407","0","0","0","0","0","0","0","0","0","0","0","0","0","0","0","103.43147","70.38127","33.050198","25.74578","0.759269"
"D:\HAA\dACC revisions\Run 4\Br2720_dlPFC_20x_img_011-MaxIP-Stitched_unmixed-rotated.nd2","Layer 1","dACC_v17_ FISH-IF v2.4.4","1299","948","970","1794","1815","0","0","0","0","1","1","1828.8228","0","207.59398","0","0","0","0","0","0","0","0","0","0","0","0","0","0","0","0","0","0","0","0","67.48132","56.572","10.909328","15.447468","0.754959"
"D:\HAA\dACC revisions\Run 4\Br2720_dlPFC_20x_img_011-MaxIP-Stitched_unmixed-rotated.nd2","Layer 1","dACC_v17_ FISH-IF v2.4.4","1300","613","639","1815","1840","0","0","0","1","1","1","2924.2334","0","753.697","7","16.06479","1","29467.428","1834.2865","0","0","0","0","0","0","0","0","0","0","0","0","0","0","0","93.25864","55.605347","37.65329","27.891262","0.773369"
"D:\HAA\dACC revisions\Run 4\Br2720_dlPFC_20x_img_011-MaxIP-Stitched_unmixed-rotated.nd2","Layer 1","dACC_v17_ FISH-IF v2.4.4","1301","681","713","1820","1856","0","0","0","0","1","1","1816.985","0","319.9349","1","0.598402","0","433.61124","724.61536","0","0","0","0","0","0","0","0","0","0","2","1.657113","0","759.3721","458.25","157.24161","99.012505","58.22911","36.47319","0.772674"
"D:\HAA\dACC revisions\Run 4\Br2720_dlPFC_20x_img_011-MaxIP-Stitched_unmixed-rotated.nd2","Layer 1","dACC_v17_ FISH-IF v2.4.4","1302","834","864","1821","1852","0","0","0","0","1","1","2065.0784","0","499.84424","0","0","0","0","0","0","0","0","0","0","0","0","0","0","0","0","0","0","0","0","119.72642","74.47803","45.24839","30.251291","0.848283"
"D:\HAA\dACC revisions\Run 4\Br2720_dlPFC_20x_img_011-MaxIP-Stitched_unmixed-rotated.nd2","Layer 1","dACC_v17_ FISH-IF v2.4.4","1303","617","638","1835","1852","0","0","0","1","1","1","2025.4037","0","505.36087","4","12.934688","1","24978.355","1931.1139","0","0","0","0","0","0","0","0","0","0","0","0","0","0","0","46.26107","36.226334","10.03474","13.945631","0.740232"
"D:\HAA\dACC revisions\Run 4\Br2720_dlPFC_20x_img_011-MaxIP-Stitched_unmixed-rotated.nd2","Layer 1","dACC_v17_ FISH-IF v2.4.4","1304","977","1013","1835","1869","0","1","0","0","1","1","1512.1609","0","271.8589","0","0","0","0","0","0","0","0","0","0","12","12.842626","2","9499.078","739.65234","0","0","0","0","0","174.08893","106.0092","68.07973","37.331383","0.783954"
"D:\HAA\dACC revisions\Run 4\Br2720_dlPFC_20x_img_011-MaxIP-Stitched_unmixed-rotated.nd2","Layer 1","dACC_v17_ FISH-IF v2.4.4","1305","830","848","1839","1855","0","0","0","0","1","1","1745","0","749.3794","0","0","0","0","0","0","0","0","0","0","0","0","0","0","0","0","0","0","0","0","35.12159","29.966127","5.155463","11.371053","0.564881"
"D:\HAA\dACC revisions\Run 4\Br2720_dlPFC_20x_img_011-MaxIP-Stitched_unmixed-rotated.nd2","Layer 1","dACC_v17_ FISH-IF v2.4.4","1306","698","718","1854","1871","0","0","0","0","1","1","976.6316","0","166.54707","0","0","0","0","0","0","0","0","0","0","0","0","0","0","0","0","0","0","0","0","52.567307","46.445194","6.122112","10.298312","0.788999"
"D:\HAA\dACC revisions\Run 4\Br2720_dlPFC_20x_img_011-MaxIP-Stitched_unmixed-rotated.nd2","Layer 1","dACC_v17_ FISH-IF v2.4.4","1307","800","828","1853","1877","0","0","0","0","1","1","3495.3865","0","453.26273","0","0","0","0","0","0","0","0","0","0","0","0","0","0","0","0","0","0","0","0","95.19194","71.486015","23.705923","22.098461","0.74959"
"D:\HAA\dACC revisions\Run 4\Br2720_dlPFC_20x_img_011-MaxIP-Stitched_unmixed-rotated.nd2","Layer 1","dACC_v17_ FISH-IF v2.4.4","1308","828","856","1855","1879","0","0","0","0","1","1","3337.309","0","662.7006","0","0","0","0","0","0","0","0","0","0","0","0","0","0","0","0","0","0","0","0","100.85374","72.26854","28.5852","23.600298","0.816357"
"D:\HAA\dACC revisions\Run 4\Br2720_dlPFC_20x_img_011-MaxIP-Stitched_unmixed-rotated.nd2","Layer 1","dACC_v17_ FISH-IF v2.4.4","1309","980","1003","1868","1892","0","0","0","0","1","1","1985.8477","0","289.32822","0","0","0","0","0","0","0","0","0","0","0","0","0","0","0","0","0","0","0","0","78.85096","62.832203","16.018759","18.022047","0.794628"
"D:\HAA\dACC revisions\Run 4\Br2720_dlPFC_20x_img_011-MaxIP-Stitched_unmixed-rotated.nd2","Layer 1","dACC_v17_ FISH-IF v2.4.4","1310","1427","1455","719","744","0","0","1","0","1","1","2169.8552","0","495.50162","0","0","0","0","0","1","0.782526","0","599.3686","765.94116","0","0","0","0","0","27","43.13097","3","43239.37","1002.51337","113.696365","71.7622","41.934166","29.17855","0.703674"
"D:\HAA\dACC revisions\Run 4\Br2720_dlPFC_20x_img_011-MaxIP-Stitched_unmixed-rotated.nd2","Layer 1","dACC_v17_ FISH-IF v2.4.4","1311","1454","1475","721","745","0","0","1","0","1","1","1160.1111","0","557.1017","0","0","0","0","0","3","2.807886","0","2035.4412","724.9016","0","0","0","0","0","34","48.14834","4","51137.633","1062.0851","71.90029","51.60066","20.299635","21.454817","0.704736"
"D:\HAA\dACC revisions\Run 4\Br2720_dlPFC_20x_img_011-MaxIP-Stitched_unmixed-rotated.nd2","Layer 1","dACC_v17_ FISH-IF v2.4.4","1312","1645","1675","735","764","0","1","1","0","1","1","1896.3763","0","227.7903","0","0","0","0","0","0","0","0","0","0","18","18.64252","3","16215.956","844.8057","27","56.479935","3","39647.027","701.9666","123.40889","84.512764","38.896126","28.534906","0.869667"
"D:\HAA\dACC revisions\Run 4\Br2720_dlPFC_20x_img_011-MaxIP-Stitched_unmixed-rotated.nd2","Layer 1","dACC_v17_ FISH-IF v2.4.4","1313","1530","1549","744","765","0","0","0","0","1","1","822.08673","0","175.06001","0","0","0","0","0","0","0","0","0","0","1","0.50634","0","341.3653","674.1818","0","0","0","0","0","62.2338","52.15303","10.08077","13.945631","0.836659"
"D:\HAA\dACC revisions\Run 4\Br2720_dlPFC_20x_img_011-MaxIP-Stitched_unmixed-rotated.nd2","Layer 1","dACC_v17_ FISH-IF v2.4.4","1314","1515","1529","747","764","0","0","0","0","1","1","357.07895","0","151.85306","0","0","0","0","0","0","0","0","0","0","0","0","0","0","0","0","0","0","0","0","35.581898","33.832726","1.749175","5.578252","0.731227"
"D:\HAA\dACC revisions\Run 4\Br2720_dlPFC_20x_img_011-MaxIP-Stitched_unmixed-rotated.nd2","Layer 1","dACC_v17_ FISH-IF v2.4.4","1315","1413","1433","760","775","0","0","0","0","1","1","1097.399","0","251.74033","0","0","0","0","0","0","0","0","0","0","0","0","0","0","0","0","0","0","0","0","46.905506","36.870766","10.03474","12.87289","0.826283"
"D:\HAA\dACC revisions\Run 4\Br2720_dlPFC_20x_img_011-MaxIP-Stitched_unmixed-rotated.nd2","Layer 1","dACC_v17_ FISH-IF v2.4.4","1316","1408","1434","774","808","0","0","0","0","1","1","1451.7153","0","320.5094","0","0","0","0","0","0","0","0","0","0","0","0","0","0","0","0","0","0","0","0","129.0707","80.87632","48.19437","32.82587","0.654096"
"D:\HAA\dACC revisions\Run 4\Br2720_dlPFC_20x_img_011-MaxIP-Stitched_unmixed-rotated.nd2","Layer 1","dACC_v17_ FISH-IF v2.4.4","1317","1770","1792","775","803","0","0","1","0","1","1","625.5644","0","141.44594","0","0","0","0","0","0","0","0","0","0","0","0","0","0","0","14","32.912106","2","19693.959","598.38043","85.341324","68.54004","16.801285","20.167528","0.603881"
"D:\HAA\dACC revisions\Run 4\Br2720_dlPFC_20x_img_011-MaxIP-Stitched_unmixed-rotated.nd2","Layer 1","dACC_v17_ FISH-IF v2.4.4","1318","1453","1478","786","815","0","0","1","1","1","1","2150.3286","0","349.54535","13","30.748653","2","59713.055","1941.973","0","0","0","0","0","1","0.690464","0","444.4285","643.6667","13","30.150251","2","20776.7","689.10535","110.658325","78.1605","32.49783","25.74578","0.725984"
"D:\HAA\dACC revisions\Run 4\Br2720_dlPFC_20x_img_011-MaxIP-Stitched_unmixed-rotated.nd2","Layer 1","dACC_v17_ FISH-IF v2.4.4","1319","1457","1488","814","841","0","1","1","0","1","1","694.64935","0","292.50082","0","0","0","0","0","0","0","0","0","0","5","3.636442","1","4044.0461","1112.0886","37","74.66215","4","57053.617","764.1572","124.4676","83.638176","40.829422","28.749454","0.840347"
"D:\HAA\dACC revisions\Run 4\Br2720_dlPFC_20x_img_011-MaxIP-Stitched_unmixed-rotated.nd2","Layer 1","dACC_v17_ FISH-IF v2.4.4","1320","1720","1740","831","851","0","0","0","0","1","1","545.72546","0","148.48727","0","0","0","0","0","0","0","0","0","0","1","0.598402","0","355.9571","594.8461","0","0","0","0","0","55.881535","48.838802","7.04273","11.585601","0.881338"
"D:\HAA\dACC revisions\Run 4\Br2720_dlPFC_20x_img_011-MaxIP-Stitched_unmixed-rotated.nd2","Layer 1","dACC_v17_ FISH-IF v2.4.4","1321","1530","1553","847","873","0","0","0","0","1","1","2754.6028","0","509.29526","0","0","0","0","0","0","0","0","0","0","0","0","0","0","0","0","0","0","0","0","88.33333","51.60066","36.732674","28.10581","0.752564"
"D:\HAA\dACC revisions\Run 4\Br2720_dlPFC_20x_img_011-MaxIP-Stitched_unmixed-rotated.nd2","Layer 1","dACC_v17_ FISH-IF v2.4.4","1322","1554","1571","848","871","0","0","0","0","1","1","2685.5444","0","442.82913","0","0","0","0","0","0","0","0","0","0","0","0","0","0","0","0","0","0","0","0","57.446587","38.251694","19.194893","19.523884","0.675642"
"D:\HAA\dACC revisions\Run 4\Br2720_dlPFC_20x_img_011-MaxIP-Stitched_unmixed-rotated.nd2","Layer 1","dACC_v17_ FISH-IF v2.4.4","1323","1715","1739","863","891","0","1","1","0","1","1","1517.157","0","209.33957","0","0","0","0","0","0","0","0","0","0","14","12.428348","2","13377.137","1076.3407","19","41.427826","3","28616.916","690.76556","98.96647","73.74153","25.224943","22.31301","0.791165"
"D:\HAA\dACC revisions\Run 4\Br2720_dlPFC_20x_img_011-MaxIP-Stitched_unmixed-rotated.nd2","Layer 1","dACC_v17_ FISH-IF v2.4.4","1324","1539","1564","868","891","0","0","0","0","1","1","2378.6885","0","521.7557","1","0.690464","0","724.66473","1049.5333","0","0","0","0","0","0","0","0","0","0","0","0","0","0","0","81.52075","50.49592","31.024837","24.458492","0.838766"
"D:\HAA\dACC revisions\Run 4\Br2720_dlPFC_20x_img_011-MaxIP-Stitched_unmixed-rotated.nd2","Layer 1","dACC_v17_ FISH-IF v2.4.4","1325","1429","1456","866","894","0","0","0","0","1","1","2128.55","0","414.22607","0","0","0","0","0","0","0","0","0","0","0","0","0","0","0","0","0","0","0","0","112.683685","73.0971","39.58659","27.462166","0.88286"
"D:\HAA\dACC revisions\Run 4\Br2720_dlPFC_20x_img_011-MaxIP-Stitched_unmixed-rotated.nd2","Layer 1","dACC_v17_ FISH-IF v2.4.4","1326","1561","1582","869","895","0","0","0","1","1","1","1648.7738","0","440.19876","4","8.56175","1","11435.553","1335.6559","0","0","0","0","0","0","0","0","0","0","0","0","0","0","0","75.536736","59.057667","16.479069","18.665691","0.70585"
"D:\HAA\dACC revisions\Run 4\Br2720_dlPFC_20x_img_011-MaxIP-Stitched_unmixed-rotated.nd2","Layer 1","dACC_v17_ FISH-IF v2.4.4","1327","1464","1487","876","897","0","0","0","0","1","1","1492.4307","0","228.02148","0","0","0","0","0","0","0","0","0","0","0","0","0","0","0","1","1.611082","0","833.2056","517.17145","70.979675","55.69741","15.282265","17.163853","0.796432"
"D:\HAA\dACC revisions\Run 4\Br2720_dlPFC_20x_img_011-MaxIP-Stitched_unmixed-rotated.nd2","Layer 1","dACC_v17_ FISH-IF v2.4.4","1328","1484","1502","880","901","0","0","0","0","1","1","1196.3777","0","206.47089","0","0","0","0","0","0","0","0","0","0","0","0","0","0","0","0","0","0","0","0","54.500607","45.846794","8.653812","12.443794","0.836777"
"D:\HAA\dACC revisions\Run 4\Br2720_dlPFC_20x_img_011-MaxIP-Stitched_unmixed-rotated.nd2","Layer 1","dACC_v17_ FISH-IF v2.4.4","1329","1764","1788","885","907","0","1","0","0","1","1","1012.67267","0","178.32735","0","0","0","0","0","0","0","0","0","0","8","6.950668","1","6002.0635","863.5232","1","1.150773","0","594.4893","516.6","76.77957","61.451275","15.328296","17.163853","0.849362"
"D:\HAA\dACC revisions\Run 4\Br2720_dlPFC_20x_img_011-MaxIP-Stitched_unmixed-rotated.nd2","Layer 1","dACC_v17_ FISH-IF v2.4.4","1330","1432","1465","889","916","1","0","1","0","1","1","1610.9769","0","334.48514","0","0","0","0","0","10","15.236234","2","12983.158","852.12384","0","0","0","0","0","19","40.369114","3","29591.666","733.02734","118.98992","79.03509","39.954838","30.036743","0.699533"
"D:\HAA\dACC revisions\Run 4\Br2720_dlPFC_20x_img_011-MaxIP-Stitched_unmixed-rotated.nd2","Layer 1","dACC_v17_ FISH-IF v2.4.4","1331","1504","1537","896","923","0","0","0","0","1","1","3134.0432","0","574.8271","0","0","0","0","0","0","0","0","0","0","0","0","0","0","0","2","4.418968","0","2952.147","668.0625","129.0707","89.71426","39.356434","29.393099","0.692636"
"D:\HAA\dACC revisions\Run 4\Br2720_dlPFC_20x_img_011-MaxIP-Stitched_unmixed-rotated.nd2","Layer 1","dACC_v17_ FISH-IF v2.4.4","1332","1777","1806","932","953","0","0","1","0","1","1","839.6609","0","154.78531","0","0","0","0","0","0","0","0","0","0","2","1.887268","0","1330.0634","704.7561","28","48.60865","3","42300.156","870.21875","93.3507","72.03838","21.312315","21.02572","0.695576"
"D:\HAA\dACC revisions\Run 4\Br2720_dlPFC_20x_img_011-MaxIP-Stitched_unmixed-rotated.nd2","Layer 1","dACC_v17_ FISH-IF v2.4.4","1333","1492","1522","940","969","0","0","1","0","1","1","644.1074","0","184.98453","0","0","0","0","0","0","0","0","0","0","0","0","0","0","0","6","10.771235","1","5299.9536","492.047","113.74239","83.31596","30.426437","28.320358","0.71164"
"D:\HAA\dACC revisions\Run 4\Br2720_dlPFC_20x_img_011-MaxIP-Stitched_unmixed-rotated.nd2","Layer 1","dACC_v17_ FISH-IF v2.4.4","1334","1471","1497","956","986","0","0","0","1","1","1","2437.7817","0","379.38104","8","22.278965","1","33638.52","1509.878","0","0","0","0","0","0","0","0","0","0","0","0","0","0","0","108.955185","78.1605","30.794683","25.316685","0.816714"
"D:\HAA\dACC revisions\Run 4\Br2720_dlPFC_20x_img_011-MaxIP-Stitched_unmixed-rotated.nd2","Layer 1","dACC_v17_ FISH-IF v2.4.4","1335","1406","1431","957","981","0","0","0","0","1","1","951.9478","0","200.20013","0","0","0","0","0","0","0","0","0","0","0","0","0","0","0","0","0","0","0","0","82.53343","65.77818","16.755255","19.738432","0.735799"
"D:\HAA\dACC revisions\Run 4\Br2720_dlPFC_20x_img_011-MaxIP-Stitched_unmixed-rotated.nd2","Layer 1","dACC_v17_ FISH-IF v2.4.4","1336","1660","1690","959","987","0","0","0","0","1","1","1794.0266","0","300.78366","0","0","0","0","0","0","0","0","0","0","0","0","0","0","0","1","3.038041","0","1376.9229","453.22726","121.38353","83.40802","37.975506","27.462166","0.860638"
"D:\HAA\dACC revisions\Run 4\Br2720_dlPFC_20x_img_011-MaxIP-Stitched_unmixed-rotated.nd2","Layer 1","dACC_v17_ FISH-IF v2.4.4","1337","1626","1655","962","989","0","0","1","0","1","1","1934.6827","0","379.47787","0","0","0","0","0","0","0","0","0","0","0","0","0","0","0","9","23.475767","1","13408.944","571.1824","115.35348","81.106476","34.247","26.174877","0.82734"
"D:\HAA\dACC revisions\Run 4\Br2720_dlPFC_20x_img_011-MaxIP-Stitched_unmixed-rotated.nd2","Layer 1","dACC_v17_ FISH-IF v2.4.4","1338","1534","1560","971","997","0","0","0","0","1","1","2665.9158","0","391.64517","1","0.782526","0","622.10785","795","0","0","0","0","0","0","0","0","0","0","0","0","0","0","0","93.626884","68.494","25.132881","21.883913","0.891878"
"D:\HAA\dACC revisions\Run 4\Br2720_dlPFC_20x_img_011-MaxIP-Stitched_unmixed-rotated.nd2","Layer 1","dACC_v17_ FISH-IF v2.4.4","1339","1778","1808","977","1005","0","1","1","0","1","1","1756.2749","0","307.45822","0","0","0","0","0","0","0","0","0","0","13","12.152163","2","10403.079","856.0682","11","27.802673","2","18323.48","659.0546","120.18672","83.17787","37.008858","27.462166","0.859199"
"D:\HAA\dACC revisions\Run 4\Br2720_dlPFC_20x_img_011-MaxIP-Stitched_unmixed-rotated.nd2","Layer 1","dACC_v17_ FISH-IF v2.4.4","1340","1707","1731","977","1003","0","0","0","0","1","1","2238.4077","0","449.94986","1","1.150773","0","815.5758","708.72","0","0","0","0","0","0","0","0","0","0","0","0","0","0","0","92.47611","69.78287","22.693243","21.02572","0.877042"
"D:\HAA\dACC revisions\Run 4\Br2720_dlPFC_20x_img_011-MaxIP-Stitched_unmixed-rotated.nd2","Layer 1","dACC_v17_ FISH-IF v2.4.4","1341","1511","1541","981","1012","0","0","0","0","1","1","1930.4304","0","350.3594","0","0","0","0","0","0","0","0","0","0","0","0","0","0","0","0","0","0","0","0","127.78183","84.144516","43.63731","30.036743","0.865178"
"D:\HAA\dACC revisions\Run 4\Br2720_dlPFC_20x_img_011-MaxIP-Stitched_unmixed-rotated.nd2","Layer 1","dACC_v17_ FISH-IF v2.4.4","1342","1576","1603","1044","1069","0","1","1","0","1","1","2093.1675","0","307.69333","0","0","0","0","0","0","0","0","0","0","26","22.969427","3","24991.383","1088.0281","5","8.607781","1","4227.6177","491.13904","103.66163","75.352615","28.309013","23.171202","0.835355"
"D:\HAA\dACC revisions\Run 4\Br2720_dlPFC_20x_img_011-MaxIP-Stitched_unmixed-rotated.nd2","Layer 1","dACC_v17_ FISH-IF v2.4.4","1343","1466","1491","1056","1082","0","0","0","0","1","1","2732.273","0","422.51285","0","0","0","0","0","0","0","0","0","0","0","0","0","0","0","0","0","0","0","0","90.86503","66.23849","24.626541","22.098461","0.861357"
"D:\HAA\dACC revisions\Run 4\Br2720_dlPFC_20x_img_011-MaxIP-Stitched_unmixed-rotated.nd2","Layer 1","dACC_v17_ FISH-IF v2.4.4","1344","1646","1665","1056","1076","0","0","0","0","1","1","565.44806","0","137.43336","0","0","0","0","0","0","0","0","0","0","0","0","0","0","0","1","0.828557","0","408.93866","493.55554","56.479935","49.391174","7.088761","11.585601","0.800234"
"D:\HAA\dACC revisions\Run 4\Br2720_dlPFC_20x_img_011-MaxIP-Stitched_unmixed-rotated.nd2","Layer 1","dACC_v17_ FISH-IF v2.4.4","1345","1450","1469","1064","1086","0","0","0","0","1","1","1674.802","0","392.0079","0","0","0","0","0","0","0","0","0","0","0","0","0","0","0","0","0","0","0","0","55.65138","46.58329","9.06809","13.301987","0.82213"
"D:\HAA\dACC revisions\Run 4\Br2720_dlPFC_20x_img_011-MaxIP-Stitched_unmixed-rotated.nd2","Layer 1","dACC_v17_ FISH-IF v2.4.4","1346","1425","1447","1070","1090","0","0","0","0","1","1","644.5622","0","148.35873","0","0","0","0","0","0","0","0","0","0","0","0","0","0","0","0","0","0","0","0","65.54803","55.55932","9.988709","14.160179","0.70003"
"D:\HAA\dACC revisions\Run 4\Br2720_dlPFC_20x_img_011-MaxIP-Stitched_unmixed-rotated.nd2","Layer 1","dACC_v17_ FISH-IF v2.4.4","1347","1462","1485","1084","1104","0","0","0","0","1","1","1919.2885","0","285.60272","0","0","0","0","0","0","0","0","0","0","0","0","0","0","0","0","0","0","0","0","69.78287","57.81483","11.968039","14.589275","0.804227"
"D:\HAA\dACC revisions\Run 4\Br2720_dlPFC_20x_img_011-MaxIP-Stitched_unmixed-rotated.nd2","Layer 1","dACC_v17_ FISH-IF v2.4.4","1348","5484","5516","2758","2784","0","0","0","0","1","1","2080.454","0","378.1798","0","0","0","0","0","0","0","0","0","0","0","0","0","0","0","0","0","0","0","0","119.03595","82.947716","36.088238","27.247618","0.791082"
"D:\HAA\dACC revisions\Run 4\Br2720_dlPFC_20x_img_011-MaxIP-Stitched_unmixed-rotated.nd2","Layer 1","dACC_v17_ FISH-IF v2.4.4","1349","5529","5556","2913","2938","0","0","0","0","1","1","2012.7035","0","311.19028","0","0","0","0","0","0","0","0","0","0","0","0","0","0","0","0","0","0","0","0","99.24266","73.78756","25.455097","23.171202","0.7958"
"D:\HAA\dACC revisions\Run 4\Br2720_dlPFC_20x_img_011-MaxIP-Stitched_unmixed-rotated.nd2","Layer 1","dACC_v17_ FISH-IF v2.4.4","1350","5430","5456","2919","2943","0","0","0","1","1","1","1478.2424","0","180.10458","9","26.697931","1","52476.44","1965.562","0","0","0","0","0","0","0","0","0","0","0","0","0","0","0","87.09049","67.34323","19.747263","20.596624","0.793388"
"D:\HAA\dACC revisions\Run 4\Br2720_dlPFC_20x_img_011-MaxIP-Stitched_unmixed-rotated.nd2","Layer 1","dACC_v17_ FISH-IF v2.4.4","1351","5503","5530","3023","3051","0","0","0","1","1","1","1867.5885","0","344.86142","18","36.364426","3","99278.375","2730.0962","0","0","0","0","0","0","0","0","0","0","0","0","0","0","0","108.632965","75.07642","33.556538","26.174877","0.867022"
"D:\HAA\dACC revisions\Run 4\Br2720_dlPFC_20x_img_011-MaxIP-Stitched_unmixed-rotated.nd2","Layer 1","dACC_v17_ FISH-IF v2.4.4","1352","5524","5546","3032","3061","0","0","0","1","1","1","1966.5558","0","334.78775","11","27.848705","2","58414.938","2097.5818","0","0","0","0","0","0","0","0","0","0","0","0","0","0","0","90.17457","68.30988","21.864685","21.02572","0.729837"
"D:\HAA\dACC revisions\Run 4\Br2720_dlPFC_20x_img_011-MaxIP-Stitched_unmixed-rotated.nd2","Layer 1","dACC_v17_ FISH-IF v2.4.4","1353","5488","5522","3052","3077","0","0","0","1","1","1","2340.3757","0","495.70493","27","52.981586","3","136543.48","2577.1877","0","0","0","0","0","1","1.288866","0","950.12415","737.1786","0","0","0","0","0","128.61038","68.954315","59.65607","33.89861","0.802682"
"D:\HAA\dACC revisions\Run 4\Br2720_dlPFC_20x_img_011-MaxIP-Stitched_unmixed-rotated.nd2","Layer 1","dACC_v17_ FISH-IF v2.4.4","1354","5465","5503","3071","3105","0","0","0","1","1","1","1607.6534","0","370.9875","29","59.425915","3","158516.08","2667.457","0","0","0","0","0","0","0","0","0","0","0","0","0","0","0","174.36511","91.87771","82.487404","40.764153","0.797032"
"D:\HAA\dACC revisions\Run 4\Br2720_dlPFC_20x_img_011-MaxIP-Stitched_unmixed-rotated.nd2","Layer 1","dACC_v17_ FISH-IF v2.4.4","1355","5497","5521","3078","3096","0","0","0","1","1","1","2266.0654","0","665.5777","6","13.164843","1","25274.748","1919.8672","0","0","0","0","0","0","0","0","0","0","0","0","0","0","0","61.6354","33.464478","28.170921","23.600298","0.751733"
"D:\HAA\dACC revisions\Run 4\Br2720_dlPFC_20x_img_011-MaxIP-Stitched_unmixed-rotated.nd2","Layer 1","dACC_v17_ FISH-IF v2.4.4","1356","2270","2290","1494","1516","0","0","0","0","1","1","1417.6132","0","228.45692","1","2.669793","0","2412.6646","903.68964","0","0","0","0","0","0","0","0","0","0","0","0","0","0","0","64.25916","54.500607","9.758554","13.731083","0.74144"
"D:\HAA\dACC revisions\Run 4\Br2720_dlPFC_20x_img_011-MaxIP-Stitched_unmixed-rotated.nd2","Layer 1","dACC_v17_ FISH-IF v2.4.4","1357","2382","2408","1507","1529","1","0","0","0","1","1","2955.5156","0","502.66718","0","0","0","0","0","4","6.628452","1","5218.525","787.2917","0","0","0","0","0","0","0","0","0","0","84.512764","59.61004","24.902727","23.600298","0.767743"
"D:\HAA\dACC revisions\Run 4\Br2720_dlPFC_20x_img_011-MaxIP-Stitched_unmixed-rotated.nd2","Layer 1","dACC_v17_ FISH-IF v2.4.4","1358","2399","2435","1505","1540","0","0","0","0","1","1","1697.8298","0","358.27634","0","0","0","0","0","0","0","0","0","0","0","0","0","0","0","0","0","0","0","0","149.64651","98.78235","50.864162","39.047768","0.597193"
"D:\HAA\dACC revisions\Run 4\Br2720_dlPFC_20x_img_011-MaxIP-Stitched_unmixed-rotated.nd2","Layer 1","dACC_v17_ FISH-IF v2.4.4","1359","2523","2557","1514","1544","1","1","0","0","1","1","1722.0221","0","292.35864","2","5.753865","0","12777.3545","2220.656","14","25.224943","2","27357.096","1084.5255","4","4.096752","1","2975.2544","726.2472","0","0","0","0","0","139.38162","91.50946","47.872154","32.182224","0.814391"
"D:\HAA\dACC revisions\Run 4\Br2720_dlPFC_20x_img_011-MaxIP-Stitched_unmixed-rotated.nd2","Layer 1","dACC_v17_ FISH-IF v2.4.4","1360","2506","2525","1514","1532","0","0","0","1","1","1","601.66876","0","143.38393","5","10.08077","1","15425.651","1530.2054","1","0.460309","0","277.47437","602.8","0","0","0","0","0","0","0","0","0","0","48.470554","41.243702","7.226854","10.941957","0.751694"
"D:\HAA\dACC revisions\Run 4\Br2720_dlPFC_20x_img_011-MaxIP-Stitched_unmixed-rotated.nd2","Layer 1","dACC_v17_ FISH-IF v2.4.4","1361","2453","2481","1524","1560","0","0","0","0","1","1","1721.1285","0","284.55554","2","2.393608","0","1879.9487","785.4039","0","0","0","0","0","2","1.242835","0","828.8327","666.8889","1","0.644433","0","286.95673","445.2857","126.76915","92.38405","34.385094","32.182224","0.544522"
"D:\HAA\dACC revisions\Run 4\Br2720_dlPFC_20x_img_011-MaxIP-Stitched_unmixed-rotated.nd2","Layer 1","dACC_v17_ FISH-IF v2.4.4","1362","2504","2524","1529","1548","0","0","0","0","1","1","437.2402","0","135.7106","2","1.749175","0","2043.8187","1168.4474","0","0","0","0","0","0","0","0","0","0","0","0","0","0","0","54.086327","44.696022","9.390307","13.516535","0.800967"
"D:\HAA\dACC revisions\Run 4\Br2720_dlPFC_20x_img_011-MaxIP-Stitched_unmixed-rotated.nd2","Layer 1","dACC_v17_ FISH-IF v2.4.4","1363","2258","2285","1539","1565","0","0","0","0","1","1","3034.2437","0","406.7477","0","0","0","0","0","1","1.242835","0","1010.4247","813","0","0","0","0","0","0","0","0","0","0","105.18065","75.720856","29.459787","23.600298","0.930163"
"D:\HAA\dACC revisions\Run 4\Br2720_dlPFC_20x_img_011-MaxIP-Stitched_unmixed-rotated.nd2","Layer 1","dACC_v17_ FISH-IF v2.4.4","1364","2563","2599","1543","1578","0","0","0","0","1","1","1390.8599","0","248.09872","0","0","0","0","0","0","0","0","0","0","0","0","0","0","0","0","0","0","0","0","179.75073","108.17265","71.57808","38.61867","0.843557"
"D:\HAA\dACC revisions\Run 4\Br2720_dlPFC_20x_img_011-MaxIP-Stitched_unmixed-rotated.nd2","Layer 1","dACC_v17_ FISH-IF v2.4.4","1365","2501","2521","1549","1574","0","0","0","0","1","1","1396.0968","0","286.56668","1","4.142783","0","5015.299","1210.6111","0","0","0","0","0","0","0","0","0","0","0","0","0","0","0","71.11777","59.7021","11.415668","15.876565","0.633135"
"D:\HAA\dACC revisions\Run 4\Br2720_dlPFC_20x_img_011-MaxIP-Stitched_unmixed-rotated.nd2","Layer 1","dACC_v17_ FISH-IF v2.4.4","1366","2324","2356","1590","1615","0","0","0","0","1","1","2401.7693","0","367.682","0","0","0","0","0","0","0","0","0","0","0","0","0","0","0","0","0","0","0","0","110.01389","82.07313","27.940767","25.74578","0.669608"
"D:\HAA\dACC revisions\Run 4\Br2720_dlPFC_20x_img_011-MaxIP-Stitched_unmixed-rotated.nd2","Layer 1","dACC_v17_ FISH-IF v2.4.4","1367","2265","2296","1593","1623","0","0","0","0","1","1","2996.0398","0","834.35284","0","0","0","0","0","1","0.598402","0","363.276","607.0769","0","0","0","0","0","0","0","0","0","0","136.71182","90.542816","46.16901","30.46584","0.850628"
"D:\HAA\dACC revisions\Run 4\Br2720_dlPFC_20x_img_011-MaxIP-Stitched_unmixed-rotated.nd2","Layer 1","dACC_v17_ FISH-IF v2.4.4","1368","2476","2496","1593","1613","0","0","0","0","1","1","858.51575","0","165.44702","0","0","0","0","0","1","1.657113","0","1530.1138","923.3611","0","0","0","0","0","0","0","0","0","0","56.848183","49.529266","7.318916","11.585601","0.831543"
"D:\HAA\dACC revisions\Run 4\Br2720_dlPFC_20x_img_011-MaxIP-Stitched_unmixed-rotated.nd2","Layer 1","dACC_v17_ FISH-IF v2.4.4","1369","2302","2320","1607","1627","0","0","0","0","1","1","972.1831","0","155.75673","0","0","0","0","0","0","0","0","0","0","0","0","0","0","0","0","0","0","0","0","54.408543","47.872154","6.53639","10.727408","0.842108"
"D:\HAA\dACC revisions\Run 4\Br2720_dlPFC_20x_img_011-MaxIP-Stitched_unmixed-rotated.nd2","Layer 1","dACC_v17_ FISH-IF v2.4.4","1370","2223","2260","1609","1636","1","1","0","0","1","1","989.7239","0","195.35445","0","0","0","0","0","14","23.01546","2","25670.752","1115.37","9","9.206183","1","7124.2974","773.86","0","0","0","0","0","148.91002","97.40142","51.5086","33.040417","0.724081"
"D:\HAA\dACC revisions\Run 4\Br2720_dlPFC_20x_img_011-MaxIP-Stitched_unmixed-rotated.nd2","Layer 1","dACC_v17_ FISH-IF v2.4.4","1371","2596","2616","1613","1633","0","0","0","0","1","1","1039.3125","0","246.51497","0","0","0","0","0","0","0","0","0","0","0","0","0","0","0","1","0.598402","0","274.9887","459.53845","53.487926","46.12298","7.364947","12.443794","0.794471"
"D:\HAA\dACC revisions\Run 4\Br2720_dlPFC_20x_img_011-MaxIP-Stitched_unmixed-rotated.nd2","Layer 1","dACC_v17_ FISH-IF v2.4.4","1372","2493","2519","1616","1638","0","0","0","0","1","1","3205.907","0","521.6529","0","0","0","0","0","2","2.071391","0","2132.152","1029.3334","2","1.887268","0","1496.0509","792.70734","0","0","0","0","0","83.2239","54.500607","28.723293","23.38575","0.818622"
"D:\HAA\dACC revisions\Run 4\Br2720_dlPFC_20x_img_011-MaxIP-Stitched_unmixed-rotated.nd2","Layer 1","dACC_v17_ FISH-IF v2.4.4","1373","2346","2374","1619","1650","0","0","0","0","1","1","2385.7395","0","408.04684","0","0","0","0","0","0","0","0","0","0","0","0","0","0","0","0","0","0","0","0","122.39621","85.479416","36.916798","28.749454","0.730639"
"D:\HAA\dACC revisions\Run 4\Br2720_dlPFC_20x_img_011-MaxIP-Stitched_unmixed-rotated.nd2","Layer 1","dACC_v17_ FISH-IF v2.4.4","1374","2597","2634","1627","1658","1","1","1","0","1","1","1557.9801","0","296.88852","2","1.380928","0","1059.1714","767","10","15.512419","2","17606.688","1124.9912","4","3.314226","1","2429.2817","732.9861","13","25.132881","2","13024.954","518.2436","157.33368","99.518845","57.81483","36.044094","0.747936"
"D:\HAA\dACC revisions\Run 4\Br2720_dlPFC_20x_img_011-MaxIP-Stitched_unmixed-rotated.nd2","Layer 1","dACC_v17_ FISH-IF v2.4.4","1375","2492","2514","1636","1654","1","0","0","0","1","1","3544.5173","0","418.99402","0","0","0","0","0","4","5.615772","1","6829.239","1216.0819","3","3.728504","0","2964.9895","715.7","1","2.347577","0","1463.8292","623.549","58.367203","38.527878","19.839325","18.88024","0.834919"
"D:\HAA\dACC revisions\Run 4\Br2720_dlPFC_20x_img_011-MaxIP-Stitched_unmixed-rotated.nd2","Layer 1","dACC_v17_ FISH-IF v2.4.4","1376","2509","2536","1633","1665","1","1","1","0","1","1","1851.1411","0","484.00058","0","0","0","0","0","30","39.08025","4","75573.61","1933.8057","14","14.453708","2","16009.415","1107.6338","4","6.306236","1","3222.2563","510.9635","117.01059","79.81761","37.19298","28.964003","0.74852"
"D:\HAA\dACC revisions\Run 4\Br2720_dlPFC_20x_img_011-MaxIP-Stitched_unmixed-rotated.nd2","Layer 1","dACC_v17_ FISH-IF v2.4.4","1377","2479","2499","1650","1671","0","0","0","0","1","1","2052.784","0","253.64778","1","0.598402","0","414.87665","693.3077","3","3.636442","0","7014.4214","1928.9241","2","2.071391","0","1524.59","736.0222","0","0","0","0","0","61.957615","52.797462","9.160152","12.87289","0.825973"
"D:\HAA\dACC revisions\Run 4\Br2720_dlPFC_20x_img_011-MaxIP-Stitched_unmixed-rotated.nd2","Layer 1","dACC_v17_ FISH-IF v2.4.4","1378","2606","2629","1657","1680","0","0","0","0","1","1","2616.1313","0","486.0848","0","0","0","0","0","0","0","0","0","0","0","0","0","0","0","0","0","0","0","0","79.44936","62.970295","16.479069","17.163853","0.835429"
"D:\HAA\dACC revisions\Run 4\Br2720_dlPFC_20x_img_011-MaxIP-Stitched_unmixed-rotated.nd2","Layer 1","dACC_v17_ FISH-IF v2.4.4","1379","2529","2549","1659","1678","0","0","0","0","1","1","641.0141","0","142.2254","0","0","0","0","0","3","5.201494","0","7145.7476","1373.7876","0","0","0","0","0","0","0","0","0","0","54.730762","48.19437","6.53639","11.156505","0.812506"
"D:\HAA\dACC revisions\Run 4\Br2720_dlPFC_20x_img_011-MaxIP-Stitched_unmixed-rotated.nd2","Layer 1","dACC_v17_ FISH-IF v2.4.4","1380","2217","2241","1669","1685","0","0","1","0","1","1","2571.354","0","448.688","0","0","0","0","0","0","0","0","0","0","0","0","0","0","0","5","12.566441","1","7143.0776","568.4249","61.12906","41.750042","19.379017","18.451143","0.767819"
"D:\HAA\dACC revisions\Run 4\Br2720_dlPFC_20x_img_011-MaxIP-Stitched_unmixed-rotated.nd2","Layer 1","dACC_v17_ FISH-IF v2.4.4","1381","2217","2236","1686","1707","0","0","1","0","1","1","2706.0059","0","445.63275","0","0","0","0","0","0","0","0","0","0","0","0","0","0","0","4","7.963349","1","4563.9653","573.1214","66.05437","34.845406","31.208961","23.171202","0.768601"
"D:\HAA\dACC revisions\Run 4\Br2720_dlPFC_20x_img_011-MaxIP-Stitched_unmixed-rotated.nd2","Layer 1","dACC_v17_ FISH-IF v2.4.4","1382","2236","2257","1681","1710","0","0","0","0","1","1","2724.7656","0","412.79984","0","0","0","0","0","1","1.196804","0","869.6161","726.61536","0","0","0","0","0","0","0","0","0","0","90.95709","55.421227","35.53587","26.174877","0.804361"
"D:\HAA\dACC revisions\Run 4\Br2720_dlPFC_20x_img_011-MaxIP-Stitched_unmixed-rotated.nd2","Layer 1","dACC_v17_ FISH-IF v2.4.4","1383","2551","2568","1692","1710","1","0","0","0","1","1","916.49426","0","218.31099","0","0","0","0","0","5","4.833246","1","7844.8193","1494.9562","3","2.623762","0","1981.8612","755.3509","0","0","0","0","0","43.821434","39.816742","4.00469","8.796475","0.744299"
"D:\HAA\dACC revisions\Run 4\Br2720_dlPFC_20x_img_011-MaxIP-Stitched_unmixed-rotated.nd2","Layer 1","dACC_v17_ FISH-IF v2.4.4","1384","2526","2556","1699","1725","1","0","0","0","1","1","1522.9744","0","318.81088","0","0","0","0","0","20","25.869375","3","35115.883","1357.4307","1","1.334897","0","1297.9338","972.31036","0","0","0","0","0","112.72971","78.620804","34.10891","25.74578","0.795236"
"D:\HAA\dACC revisions\Run 4\Br2720_dlPFC_20x_img_011-MaxIP-Stitched_unmixed-rotated.nd2","Layer 1","dACC_v17_ FISH-IF v2.4.4","1385","2571","2600","1736","1766","0","0","0","1","1","1","2479.602","0","462.384","6","20.11551","1","32480.889","1614.7185","0","0","0","0","0","0","0","0","0","0","0","0","0","0","0","121.88987","88.70158","33.18829","29.607647","0.631524"
"D:\HAA\dACC revisions\Run 4\Br2720_dlPFC_20x_img_011-MaxIP-Stitched_unmixed-rotated.nd2","Layer 1","dACC_v17_ FISH-IF v2.4.4","1386","2328","2354","1743","1770","0","0","0","0","1","1","2526.044","0","480.4749","1","2.715824","0","2327.4612","857","0","0","0","0","0","0","0","0","0","0","0","0","0","0","0","107.48219","77.055756","30.426437","24.029396","0.887979"
"D:\HAA\dACC revisions\Run 4\Br2720_dlPFC_20x_img_011-MaxIP-Stitched_unmixed-rotated.nd2","Layer 1","dACC_v17_ FISH-IF v2.4.4","1387","2444","2473","1749","1778","0","0","0","0","1","1","2815.1152","0","378.47586","0","0","0","0","0","0","0","0","0","0","0","0","0","0","0","0","0","0","0","0","117.240746","82.90168","34.339066","27.462166","0.751861"
"D:\HAA\dACC revisions\Run 4\Br2720_dlPFC_20x_img_011-MaxIP-Stitched_unmixed-rotated.nd2","Layer 1","dACC_v17_ FISH-IF v2.4.4","1388","2481","2499","1750","1766","0","0","0","0","1","1","448.49152","0","144.5731","0","0","0","0","0","0","0","0","0","0","0","0","0","0","0","0","0","0","0","0","42.072258","39.356434","2.715824","6.865541","0.747893"
"D:\HAA\dACC revisions\Run 4\Br2720_dlPFC_20x_img_011-MaxIP-Stitched_unmixed-rotated.nd2","Layer 1","dACC_v17_ FISH-IF v2.4.4","1389","2602","2628","1764","1800","1","0","1","0","1","1","1438.8673","0","259.35056","0","0","0","0","0","14","20.57582","2","20154.729","979.53467","1","0.50634","0","314.94354","622","12","19.471079","2","10354.701","531.7991","133.16745","93.626884","39.540558","30.894936","0.619965"
"D:\HAA\dACC revisions\Run 4\Br2720_dlPFC_20x_img_011-MaxIP-Stitched_unmixed-rotated.nd2","Layer 1","dACC_v17_ FISH-IF v2.4.4","1390","2473","2501","1766","1794","0","0","0","0","1","1","2400.5876","0","365.48447","0","0","0","0","0","0","0","0","0","0","0","0","0","0","0","0","0","0","0","0","107.620285","78.48271","29.137571","25.74578","0.713552"
"D:\HAA\dACC revisions\Run 4\Br2720_dlPFC_20x_img_011-MaxIP-Stitched_unmixed-rotated.nd2","Layer 1","dACC_v17_ FISH-IF v2.4.4","1391","2355","2376","1774","1792","0","0","0","0","1","1","644.4936","0","172.75885","0","0","0","0","0","0","0","0","0","0","0","0","0","0","0","0","0","0","0","0","55.28313","48.10231","7.180823","12.014698","0.711755"
"D:\HAA\dACC revisions\Run 4\Br2720_dlPFC_20x_img_011-MaxIP-Stitched_unmixed-rotated.nd2","Layer 1","dACC_v17_ FISH-IF v2.4.4","1392","2362","2382","1789","1808","0","0","0","0","1","1","1182.7764","0","186.38501","0","0","0","0","0","0","0","0","0","0","0","0","0","0","0","0","0","0","0","0","52.429214","45.432514","6.996699","10.941957","0.869695"
"D:\HAA\dACC revisions\Run 4\Br2720_dlPFC_20x_img_011-MaxIP-Stitched_unmixed-rotated.nd2","Layer 1","dACC_v17_ FISH-IF v2.4.4","1393","2555","2585","1794","1817","0","0","0","0","1","1","2446.2236","0","406.51718","1","1.380928","0","1328.084","961.73334","0","0","0","0","0","0","0","0","0","0","1","0.828557","0","433.24298","522.8889","100.25534","68.35591","31.899426","25.74578","0.771473"
"D:\HAA\dACC revisions\Run 4\Br2720_dlPFC_20x_img_011-MaxIP-Stitched_unmixed-rotated.nd2","Layer 1","dACC_v17_ FISH-IF v2.4.4","1394","2344","2364","1795","1816","0","0","0","0","1","1","1285.2523","0","231.95192","2","4.649123","0","4427.0234","952.2277","0","0","0","0","0","0","0","0","0","0","0","0","0","0","0","62.509987","52.65937","9.850616","13.731083","0.776508"
"D:\HAA\dACC revisions\Run 4\Br2720_dlPFC_20x_img_011-MaxIP-Stitched_unmixed-rotated.nd2","Layer 1","dACC_v17_ FISH-IF v2.4.4","1395","2555","2584","1816","1840","0","0","0","1","1","1","2467.0266","0","541.2079","6","10.172832","1","9596.618","943.3575","0","0","0","0","0","0","0","0","0","0","0","0","0","0","0","103.753685","69.09241","34.66128","26.603973","0.921318"
"D:\HAA\dACC revisions\Run 4\Br2720_dlPFC_20x_img_011-MaxIP-Stitched_unmixed-rotated.nd2","Layer 1","dACC_v17_ FISH-IF v2.4.4","1396","2351","2370","1816","1837","0","0","0","0","1","1","898.7892","0","157.0302","1","2.117422","0","1901.261","897.913","0","0","0","0","0","0","0","0","0","0","0","0","0","0","0","57.952927","50.311794","7.641132","11.585601","0.818898"
"D:\HAA\dACC revisions\Run 4\Br2720_dlPFC_20x_img_011-MaxIP-Stitched_unmixed-rotated.nd2","Layer 1","dACC_v17_ FISH-IF v2.4.4","1397","2421","2458","1845","1874","1","1","0","0","1","1","1269.4482","0","245.80365","0","0","0","0","0","18","30.748653","3","38112.402","1230.2734","11","11.231544","2","8265.403","735.90985","0","0","0","0","0","159.35904","101.037865","58.32117","35.614998","0.770783"
"D:\HAA\dACC revisions\Run 4\Br2720_dlPFC_20x_img_011-MaxIP-Stitched_unmixed-rotated.nd2","Layer 1","dACC_v17_ FISH-IF v2.4.4","1398","2316","2340","1863","1886","0","1","1","0","1","1","2889.321","0","401.99014","0","0","0","0","0","0","0","0","0","0","4","3.314226","1","2996.4746","904.125","4","7.687163","1","4173.8994","542.97003","79.49539","60.71478","18.780615","19.309336","0.830435"
"D:\HAA\dACC revisions\Run 4\Br2720_dlPFC_20x_img_011-MaxIP-Stitched_unmixed-rotated.nd2","Layer 1","dACC_v17_ FISH-IF v2.4.4","1399","2384","2416","1866","1901","1","1","0","0","1","1","1309.4644","0","391.69724","0","0","0","0","0","10","17.813965","2","18853.988","1058.3824","7","7.917318","1","6076.9556","767.5523","0","0","0","0","0","155.76863","96.38874","59.379883","35.614998","0.790498"
"D:\HAA\dACC revisions\Run 4\Br2720_dlPFC_20x_img_011-MaxIP-Stitched_unmixed-rotated.nd2","Layer 1","dACC_v17_ FISH-IF v2.4.4","1400","2324","2359","1877","1909","1","1","1","0","1","1","1382.8091","0","383.9009","0","0","0","0","0","10","12.336286","2","16423.693","1283.4425","14","15.742574","2","13290.737","844.2544","11","20.990099","2","10631.945","493.53418","139.01337","91.50946","47.503906","34.756805","0.807974"
"D:\HAA\dACC revisions\Run 4\Br2720_dlPFC_20x_img_011-MaxIP-Stitched_unmixed-rotated.nd2","Layer 1","dACC_v17_ FISH-IF v2.4.4","1401","3288","3316","1511","1550","0","0","0","0","1","1","1884.1366","0","295.39136","0","0","0","0","0","0","0","0","0","0","0","0","0","0","0","0","0","0","0","0","149.23224","101.037865","48.19437","34.97135","0.610536"
"D:\HAA\dACC revisions\Run 4\Br2720_dlPFC_20x_img_011-MaxIP-Stitched_unmixed-rotated.nd2","Layer 1","dACC_v17_ FISH-IF v2.4.4","1402","3112","3140","1524","1548","0","0","0","0","1","1","3026.1973","0","436.5447","0","0","0","0","0","0","0","0","0","0","0","0","0","0","0","0","0","0","0","0","101.95848","67.435295","34.52319","27.247618","0.696641"
"D:\HAA\dACC revisions\Run 4\Br2720_dlPFC_20x_img_011-MaxIP-Stitched_unmixed-rotated.nd2","Layer 1","dACC_v17_ FISH-IF v2.4.4","1403","3137","3164","1528","1553","0","0","0","0","1","1","2278.2827","0","420.3648","0","0","0","0","0","0","0","0","0","0","0","0","0","0","0","0","0","0","0","0","94.77766","63.844883","30.932777","24.887589","0.691071"
"D:\HAA\dACC revisions\Run 4\Br2720_dlPFC_20x_img_011-MaxIP-Stitched_unmixed-rotated.nd2","Layer 1","dACC_v17_ FISH-IF v2.4.4","1404","3048","3066","1533","1548","0","0","0","0","1","1","717.63416","0","200.62178","0","0","0","0","0","0","0","0","0","0","0","0","0","0","0","0","0","0","0","0","39.494526","37.607258","1.887268","5.578252","0.636467"
"D:\HAA\dACC revisions\Run 4\Br2720_dlPFC_20x_img_011-MaxIP-Stitched_unmixed-rotated.nd2","Layer 1","dACC_v17_ FISH-IF v2.4.4","1405","3195","3226","1540","1564","0","0","0","0","1","1","2577.4294","0","371.888","0","0","0","0","0","0","0","0","0","0","0","0","0","0","0","0","0","0","0","0","107.39013","79.31127","28.07886","25.102137","0.69117"
"D:\HAA\dACC revisions\Run 4\Br2720_dlPFC_20x_img_011-MaxIP-Stitched_unmixed-rotated.nd2","Layer 1","dACC_v17_ FISH-IF v2.4.4","1406","3051","3075","1547","1567","0","0","0","0","1","1","3151.5642","0","531.52124","1","5.477679","0","6794.67","1240.4286","0","0","0","0","0","0","0","0","0","0","0","0","0","0","0","64.48932","39.034218","25.455097","22.098461","0.80963"
"D:\HAA\dACC revisions\Run 4\Br2720_dlPFC_20x_img_011-MaxIP-Stitched_unmixed-rotated.nd2","Layer 1","dACC_v17_ FISH-IF v2.4.4","1407","3072","3096","1550","1578","0","0","0","1","1","1","2190.0598","0","508.39554","4","6.076081","1","6172.1475","1015.8106","1","1.196804","0","879.09845","734.53845","0","0","0","0","0","0","0","0","0","0","92.19993","53.76411","38.435818","27.891262","0.82092"
"D:\HAA\dACC revisions\Run 4\Br2720_dlPFC_20x_img_011-MaxIP-Stitched_unmixed-rotated.nd2","Layer 1","dACC_v17_ FISH-IF v2.4.4","1408","3054","3078","1565","1584","0","0","0","1","1","1","2886.7632","0","471.16605","4","10.126801","1","14155.842","1397.8591","0","0","0","0","0","0","0","0","0","0","0","0","0","0","0","62.74014","36.318394","26.421747","22.098461","0.731541"
"D:\HAA\dACC revisions\Run 4\Br2720_dlPFC_20x_img_011-MaxIP-Stitched_unmixed-rotated.nd2","Layer 1","dACC_v17_ FISH-IF v2.4.4","1409","3009","3039","1597","1630","1","1","0","0","1","1","1797.1167","0","283.8591","0","0","0","0","0","25","34.062878","3","52066.26","1526.471","6","7.180823","1","6507.5747","906.2436","1","0.460309","0","201.75351","438.3","145.77992","94.0872","51.69272","32.182224","0.837091"
"D:\HAA\dACC revisions\Run 4\Br2720_dlPFC_20x_img_011-MaxIP-Stitched_unmixed-rotated.nd2","Layer 1","dACC_v17_ FISH-IF v2.4.4","1410","3300","3329","1606","1634","0","0","0","0","1","1","2546.925","0","408.47693","0","0","0","0","0","0","0","0","0","0","0","0","0","0","0","0","0","0","0","0","114.24873","81.75091","32.49783","26.603973","0.726968"
"D:\HAA\dACC revisions\Run 4\Br2720_dlPFC_20x_img_011-MaxIP-Stitched_unmixed-rotated.nd2","Layer 1","dACC_v17_ FISH-IF v2.4.4","1411","3358","3379","1611","1633","0","0","0","0","1","1","618.26086","0","152.86552","0","0","0","0","0","0","0","0","0","0","0","0","0","0","0","0","0","0","0","0","68.125755","56.479935","11.645823","14.589275","0.838124"
"D:\HAA\dACC revisions\Run 4\Br2720_dlPFC_20x_img_011-MaxIP-Stitched_unmixed-rotated.nd2","Layer 1","dACC_v17_ FISH-IF v2.4.4","1412","3289","3316","1650","1678","0","0","0","1","1","1","2226.1145","0","483.92703","13","31.208961","2","69916.96","2240.2847","1","0.644433","0","430.15894","667.5","1","0.874587","0","646.4122","739.1053","0","0","0","0","0","106.05524","76.31926","29.735973","24.029396","0.88759"
"D:\HAA\dACC revisions\Run 4\Br2720_dlPFC_20x_img_011-MaxIP-Stitched_unmixed-rotated.nd2","Layer 1","dACC_v17_ FISH-IF v2.4.4","1413","3035","3062","1653","1679","0","0","0","0","1","1","1287.888","0","240.68901","0","0","0","0","0","0","0","0","0","0","0","0","0","0","0","0","0","0","0","0","101.26802","74.15581","27.112211","22.742105","0.84971"
"D:\HAA\dACC revisions\Run 4\Br2720_dlPFC_20x_img_011-MaxIP-Stitched_unmixed-rotated.nd2","Layer 1","dACC_v17_ FISH-IF v2.4.4","1414","3110","3132","1686","1707","0","0","0","0","1","1","1447.5955","0","207.5281","0","0","0","0","0","0","0","0","0","0","0","0","0","0","0","0","0","0","0","0","64.1671","54.0403","10.126801","13.731083","0.86197"
"D:\HAA\dACC revisions\Run 4\Br2720_dlPFC_20x_img_011-MaxIP-Stitched_unmixed-rotated.nd2","Layer 1","dACC_v17_ FISH-IF v2.4.4","1415","3257","3284","1703","1731","0","0","0","0","1","1","2775.304","0","442.086","0","0","0","0","0","0","0","0","0","0","0","0","0","0","0","0","0","0","0","0","109.04724","78.1605","30.886745","24.458492","0.799141"
"D:\HAA\dACC revisions\Run 4\Br2720_dlPFC_20x_img_011-MaxIP-Stitched_unmixed-rotated.nd2","Layer 1","dACC_v17_ FISH-IF v2.4.4","1416","3172","3204","1724","1750","0","0","0","0","1","1","2487.305","0","301.58792","0","0","0","0","0","0","0","0","0","0","0","0","0","0","0","0","0","0","0","0","123.823166","85.341324","38.481846","27.03307","0.81229"
"D:\HAA\dACC revisions\Run 4\Br2720_dlPFC_20x_img_011-MaxIP-Stitched_unmixed-rotated.nd2","Layer 1","dACC_v17_ FISH-IF v2.4.4","1417","3025","3052","1726","1747","0","0","0","0","1","1","2295.9148","0","406.0249","0","0","0","0","0","2","3.590412","0","3154.1306","878.4872","0","0","0","0","0","0","0","0","0","0","84.37467","66.56071","17.813965","18.88024","0.747014"
"D:\HAA\dACC revisions\Run 4\Br2720_dlPFC_20x_img_011-MaxIP-Stitched_unmixed-rotated.nd2","Layer 1","dACC_v17_ FISH-IF v2.4.4","1418","3053","3072","1746","1772","0","0","0","0","1","1","2080.6929","0","303.50217","0","0","0","0","0","0","0","0","0","0","0","0","0","0","0","1","1.058711","0","631.5442","596.5217","78.02241","63.338543","14.683863","17.163853","0.656378"
"D:\HAA\dACC revisions\Run 4\Br2720_dlPFC_20x_img_011-MaxIP-Stitched_unmixed-rotated.nd2","Layer 1","dACC_v17_ FISH-IF v2.4.4","1419","3400","3429","1752","1780","0","0","0","0","1","1","2476.3215","0","362.64594","0","0","0","0","0","0","0","0","0","0","0","0","0","0","0","1","0.598402","0","254.64304","425.53845","113.88049","79.9557","33.924786","25.531233","0.899648"
"D:\HAA\dACC revisions\Run 4\Br2720_dlPFC_20x_img_011-MaxIP-Stitched_unmixed-rotated.nd2","Layer 1","dACC_v17_ FISH-IF v2.4.4","1420","3302","3332","1759","1790","1","1","0","0","1","1","1771.1761","0","389.79114","0","0","0","0","0","22","36.870766","3","60221.652","1633.3171","4","3.406288","1","2658.9758","780.6081","0","0","0","0","0","129.6691","88.379364","41.289734","30.036743","0.789593"
"D:\HAA\dACC revisions\Run 4\Br2720_dlPFC_20x_img_011-MaxIP-Stitched_unmixed-rotated.nd2","Layer 1","dACC_v17_ FISH-IF v2.4.4","1421","3026","3062","1764","1801","0","0","1","0","1","1","1478.7576","0","315.44836","0","0","0","0","0","2","1.104742","0","725.8155","657","1","0.50634","0","327.00363","645.8182","5","5.01737","1","2369.2114","472.20184","174.77939","108.310745","66.46864","39.69141","0.77109"
"D:\HAA\dACC revisions\Run 4\Br2720_dlPFC_20x_img_011-MaxIP-Stitched_unmixed-rotated.nd2","Layer 1","dACC_v17_ FISH-IF v2.4.4","1422","3170","3201","1816","1846","1","0","0","0","1","1","1799.2935","0","445.42032","0","0","0","0","0","24","37.975506","3","62233.707","1638.7854","0","0","0","0","0","3","5.063401","0","2566.73","506.91818","128.05801","88.379364","39.67865","30.036743","0.750519"
"D:\HAA\dACC revisions\Run 4\Br2720_dlPFC_20x_img_011-MaxIP-Stitched_unmixed-rotated.nd2","Layer 1","dACC_v17_ FISH-IF v2.4.4","1423","2713","2732","732","751","0","0","0","0","1","1","1957.8662","0","210.49344","0","0","0","0","0","1","1.01268","0","756.56415","747.0909","0","0","0","0","0","0","0","0","0","0","52.843494","45.61664","7.226854","11.156505","0.872738"
"D:\HAA\dACC revisions\Run 4\Br2720_dlPFC_20x_img_011-MaxIP-Stitched_unmixed-rotated.nd2","Layer 1","dACC_v17_ FISH-IF v2.4.4","1424","2730","2749","736","756","0","0","0","0","1","1","864.0417","0","231.79436","0","0","0","0","0","0","0","0","0","0","0","0","0","0","0","0","0","0","0","0","52.291122","45.66267","6.628452","11.800149","0.798383"
"D:\HAA\dACC revisions\Run 4\Br2720_dlPFC_20x_img_011-MaxIP-Stitched_unmixed-rotated.nd2","Layer 1","dACC_v17_ FISH-IF v2.4.4","1425","2869","2901","752","777","0","0","0","0","1","1","2988.4902","0","416.65964","0","0","0","0","0","0","0","0","0","0","0","0","0","0","0","0","0","0","0","0","113.65034","83.03977","30.61056","27.462166","0.64095"
"D:\HAA\dACC revisions\Run 4\Br2720_dlPFC_20x_img_011-MaxIP-Stitched_unmixed-rotated.nd2","Layer 1","dACC_v17_ FISH-IF v2.4.4","1426","2654","2674","759","777","0","0","0","0","1","1","1781.2667","0","279.417","0","0","0","0","0","1","0.598402","0","847.4752","708.11536","0","0","0","0","0","0","0","0","0","0","53.62602","46.03092","7.595101","11.800149","0.835225"
"D:\HAA\dACC revisions\Run 4\Br2720_dlPFC_20x_img_011-MaxIP-Stitched_unmixed-rotated.nd2","Layer 1","dACC_v17_ FISH-IF v2.4.4","1427","2722","2754","772","808","0","0","0","0","1","1","2982.2856","0","534.02277","0","0","0","0","0","0","0","0","0","0","0","0","0","0","0","0","0","0","0","0","148.67987","100.99184","47.68803","36.044094","0.690524"
"D:\HAA\dACC revisions\Run 4\Br2720_dlPFC_20x_img_011-MaxIP-Stitched_unmixed-rotated.nd2","Layer 1","dACC_v17_ FISH-IF v2.4.4","1428","2650","2673","777","801","0","0","0","0","1","1","3239.3923","0","577.9567","0","0","0","0","0","0","0","0","0","0","0","0","0","0","0","0","0","0","0","0","91.83168","63.79885","28.03283","23.600298","0.836897"
"D:\HAA\dACC revisions\Run 4\Br2720_dlPFC_20x_img_011-MaxIP-Stitched_unmixed-rotated.nd2","Layer 1","dACC_v17_ FISH-IF v2.4.4","1429","2624","2650","778","806","0","0","0","0","1","1","2810.4363","0","480.01788","0","0","0","0","0","1","1.426958","0","1515.568","1062.0968","0","0","0","0","0","0","0","0","0","0","106.05524","72.08442","33.970818","26.174877","0.835953"
"D:\HAA\dACC revisions\Run 4\Br2720_dlPFC_20x_img_011-MaxIP-Stitched_unmixed-rotated.nd2","Layer 1","dACC_v17_ FISH-IF v2.4.4","1430","2885","2912","808","834","0","0","0","1","1","1","2380.8794","0","345.83365","10","28.07886","2","60261.098","2146.1377","0","0","0","0","0","1","0.874587","0","560.1963","640.5263","0","0","0","0","0","101.544205","74.43199","27.112211","23.171202","0.828359"
"D:\HAA\dACC revisions\Run 4\Br2720_dlPFC_20x_img_011-MaxIP-Stitched_unmixed-rotated.nd2","Layer 1","dACC_v17_ FISH-IF v2.4.4","1431","2852","2881","810","834","0","0","0","1","1","1","2250.0315","0","464.15112","8","16.248915","1","18405.555","1132.7252","0","0","0","0","0","0","0","0","0","0","0","0","0","0","0","100.30137","74.017715","26.283653","22.742105","0.808967"
"D:\HAA\dACC revisions\Run 4\Br2720_dlPFC_20x_img_011-MaxIP-Stitched_unmixed-rotated.nd2","Layer 1","dACC_v17_ FISH-IF v2.4.4","1432","2704","2732","822","850","0","0","0","0","1","1","2955.0933","0","365.79504","0","0","0","0","0","0","0","0","0","0","0","0","0","0","0","0","0","0","0","0","113.32812","79.72555","33.60257","25.74578","0.879449"
"D:\HAA\dACC revisions\Run 4\Br2720_dlPFC_20x_img_011-MaxIP-Stitched_unmixed-rotated.nd2","Layer 1","dACC_v17_ FISH-IF v2.4.4","1433","2881","2912","844","869","0","0","0","1","1","1","2605.8813","0","473.72513","5","7.503039","1","7526.285","1003.09814","0","0","0","0","0","0","0","0","0","0","0","0","0","0","0","113.55827","81.38266","32.17561","26.174877","0.707439"
"D:\HAA\dACC revisions\Run 4\Br2720_dlPFC_20x_img_011-MaxIP-Stitched_unmixed-rotated.nd2","Layer 1","dACC_v17_ FISH-IF v2.4.4","1434","2866","2888","866","885","0","0","0","0","1","1","1313.9943","0","184.28122","0","0","0","0","0","0","0","0","0","0","0","0","0","0","0","0","0","0","0","0","59.19576","51.23241","7.963349","12.443794","0.754594"
"D:\HAA\dACC revisions\Run 4\Br2720_dlPFC_20x_img_011-MaxIP-Stitched_unmixed-rotated.nd2","Layer 1","dACC_v17_ FISH-IF v2.4.4","1435","2613","2641","874","905","1","1","0","0","1","1","1012.16125","0","350.96283","0","0","0","0","0","7","9.390307","1","13131.5625","1398.4166","5","5.845926","1","5124.1616","876.53546","0","0","0","0","0","115.721725","81.75091","33.970818","29.17855","0.650659"
"D:\HAA\dACC revisions\Run 4\Br2720_dlPFC_20x_img_011-MaxIP-Stitched_unmixed-rotated.nd2","Layer 1","dACC_v17_ FISH-IF v2.4.4","1436","2911","2936","874","897","1","0","0","1","1","1","1864.3132","0","306.1181","4","13.53309","1","17724.988","1309.7517","5","4.00469","1","4108.5815","970.18475","0","0","0","0","0","0","0","0","0","0","81.889","63.522667","18.366337","18.88024","0.853279"
"D:\HAA\dACC revisions\Run 4\Br2720_dlPFC_20x_img_011-MaxIP-Stitched_unmixed-rotated.nd2","Layer 1","dACC_v17_ FISH-IF v2.4.4","1437","2934","2953","879","901","1","0","0","0","1","1","671.50507","0","157.16135","0","0","0","0","0","8","10.310925","1","10212.051","990.4107","1","0.552371","0","364.01248","659","0","0","0","0","0","61.036995","51.922874","9.114121","13.301987","0.735281"
"D:\HAA\dACC revisions\Run 4\Br2720_dlPFC_20x_img_011-MaxIP-Stitched_unmixed-rotated.nd2","Layer 1","dACC_v17_ FISH-IF v2.4.4","1438","2639","2668","881","907","0","0","0","1","1","1","2487.4128","0","423.3173","4","12.52041","1","17487.697","1396.7354","0","0","0","0","0","3","3.452319","0","2692.6245","779.94666","0","0","0","0","0","114.9392","78.48271","36.456486","27.03307","0.832552"
"D:\HAA\dACC revisions\Run 4\Br2720_dlPFC_20x_img_011-MaxIP-Stitched_unmixed-rotated.nd2","Layer 1","dACC_v17_ FISH-IF v2.4.4","1439","2873","2902","901","922","0","0","0","0","1","1","1601.3882","0","217.43767","0","0","0","0","0","0","0","0","0","0","0","0","0","0","0","0","0","0","0","0","90.31266","70.151115","20.161541","20.167528","0.722843"
"D:\HAA\dACC revisions\Run 4\Br2720_dlPFC_20x_img_011-MaxIP-Stitched_unmixed-rotated.nd2","Layer 1","dACC_v17_ FISH-IF v2.4.4","1440","2777","2820","908","937","0","0","0","0","1","1","1984.454","0","319.41437","0","0","0","0","0","1","1.749175","0","1494.4398","854.3684","0","0","0","0","0","0","0","0","0","0","155.7226","110.19801","45.52458","39.476864","0.485079"
"D:\HAA\dACC revisions\Run 4\Br2720_dlPFC_20x_img_011-MaxIP-Stitched_unmixed-rotated.nd2","Layer 1","dACC_v17_ FISH-IF v2.4.4","1441","2675","2700","923","948","0","0","0","0","1","1","2703.7214","0","394.47693","0","0","0","0","0","0","0","0","0","0","0","0","0","0","0","0","0","0","0","0","90.95709","68.81622","22.140871","20.167528","0.923241"
"D:\HAA\dACC revisions\Run 4\Br2720_dlPFC_20x_img_011-MaxIP-Stitched_unmixed-rotated.nd2","Layer 1","dACC_v17_ FISH-IF v2.4.4","1442","2967","3000","923","950","0","0","0","0","1","1","2098.122","0","410.5413","0","0","0","0","0","0","0","0","0","0","0","0","0","0","0","0","0","0","0","0","135.19281","90.31266","44.880146","28.749454","0.803722"
"D:\HAA\dACC revisions\Run 4\Br2720_dlPFC_20x_img_011-MaxIP-Stitched_unmixed-rotated.nd2","Layer 1","dACC_v17_ FISH-IF v2.4.4","1443","2766","2793","954","981","0","0","0","0","1","1","3062.6677","0","497.44455","0","0","0","0","0","0","0","0","0","0","0","0","0","0","0","0","0","0","0","0","86.492096","56.848183","29.643911","24.458492","0.799557"
"D:\HAA\dACC revisions\Run 4\Br2720_dlPFC_20x_img_011-MaxIP-Stitched_unmixed-rotated.nd2","Layer 1","dACC_v17_ FISH-IF v2.4.4","1444","2755","2787","965","993","0","0","0","0","1","1","2350.786","0","570.6147","0","0","0","0","0","0","0","0","0","0","0","0","0","0","0","0","0","0","0","0","104.30606","69.04638","35.25968","30.036743","0.636316"
"D:\HAA\dACC revisions\Run 4\Br2720_dlPFC_20x_img_011-MaxIP-Stitched_unmixed-rotated.nd2","Layer 1","dACC_v17_ FISH-IF v2.4.4","1445","2695","2715","979","998","0","0","0","0","1","1","418.13907","0","135.88542","0","0","0","0","0","0","0","0","0","0","0","0","0","0","0","0","0","0","0","0","55.55932","48.60865","6.950668","11.156505","0.870823"
"D:\HAA\dACC revisions\Run 4\Br2720_dlPFC_20x_img_011-MaxIP-Stitched_unmixed-rotated.nd2","Layer 1","dACC_v17_ FISH-IF v2.4.4","1446","2663","2680","980","993","0","0","0","0","1","1","473.80646","0","175.00706","0","0","0","0","0","0","0","0","0","0","0","0","0","0","0","0","0","0","0","0","33.970818","32.543858","1.426958","4.72006","0.741811"
"D:\HAA\dACC revisions\Run 4\Br2720_dlPFC_20x_img_011-MaxIP-Stitched_unmixed-rotated.nd2","Layer 1","dACC_v17_ FISH-IF v2.4.4","1447","2661","2681","994","1012","0","0","0","0","1","1","1327.3077","0","190.99814","0","0","0","0","0","0","0","0","0","0","0","0","0","0","0","0","0","0","0","0","57.72277","49.345142","8.377627","12.014698","0.916501"
"D:\HAA\dACC revisions\Run 4\Br2720_dlPFC_20x_img_011-MaxIP-Stitched_unmixed-rotated.nd2","Layer 1","dACC_v17_ FISH-IF v2.4.4","1448","2848","2885","1008","1040","1","1","0","0","1","1","1772.359","0","239.36356","0","0","0","0","0","22","34.10891","3","40691.793","1192.996","6","5.707834","1","4053.9429","710.24194","2","2.255515","0","1136.8716","504.0408","160.14156","102.050545","58.09102","37.331383","0.740429"
"D:\HAA\dACC revisions\Run 4\Br2720_dlPFC_20x_img_011-MaxIP-Stitched_unmixed-rotated.nd2","Layer 1","dACC_v17_ FISH-IF v2.4.4","1449","2918","2942","1026","1059","1","0","0","0","1","1","1459.4723","0","245.01212","0","0","0","0","0","11","15.55845","2","16195.933","1040.9734","1","1.242835","0","838.63727","674.7778","1","0.368247","0","157.0575","426.5","123.132706","87.366684","35.76602","27.462166","0.700386"
"D:\HAA\dACC revisions\Run 4\Br2720_dlPFC_20x_img_011-MaxIP-Stitched_unmixed-rotated.nd2","Layer 1","dACC_v17_ FISH-IF v2.4.4","1450","2632","2666","1030","1065","1","1","1","0","1","1","1410.8397","0","343.67908","0","0","0","0","0","5","4.603092","1","3712.3474","713.70795","17","17.445717","3","15514.122","875.4208","17","37.14695","3","22185.613","597.23914","153.55914","88.93173","64.62741","37.76048","0.793926"
"D:\HAA\dACC revisions\Run 4\Br2720_dlPFC_20x_img_011-MaxIP-Stitched_unmixed-rotated.nd2","Layer 1","dACC_v17_ FISH-IF v2.4.4","1451","2613","2643","1043","1076","0","0","1","1","1","1","2104.5935","0","524.6284","5","11.645823","1","13269.977","1139.4624","1","1.426958","0","1173.0519","822.0645","0","0","0","0","0","5","9.988709","1","5578.1646","558.447","119.4042","74.57008","44.834114","32.182224","0.675515"
"D:\HAA\dACC revisions\Run 4\Br2720_dlPFC_20x_img_011-MaxIP-Stitched_unmixed-rotated.nd2","Layer 1","dACC_v17_ FISH-IF v2.4.4","1452","2836","2867","1044","1074","0","0","0","0","1","1","2058.5688","0","405.56546","0","0","0","0","0","2","3.176133","0","3095.9014","974.73914","0","0","0","0","0","0","0","0","0","0","129.34688","89.29998","40.046898","29.607647","0.671653"
"D:\HAA\dACC revisions\Run 4\Br2720_dlPFC_20x_img_011-MaxIP-Stitched_unmixed-rotated.nd2","Layer 1","dACC_v17_ FISH-IF v2.4.4","1453","3001","3031","1050","1071","0","0","0","1","1","1","2106.9639","0","481.63467","8","21.036129","1","36390.34","1729.8971","0","0","0","0","0","0","0","0","0","0","0","0","0","0","0","94.27132","59.978287","34.293034","25.74578","0.850356"
"D:\HAA\dACC revisions\Run 4\Br2720_dlPFC_20x_img_011-MaxIP-Stitched_unmixed-rotated.nd2","Layer 1","dACC_v17_ FISH-IF v2.4.4","1454","3002","3032","1071","1093","0","0","0","1","1","1","2556.753","0","627.7655","6","14.223554","1","20869.865","1467.275","0","0","0","0","0","0","0","0","0","0","0","0","0","0","0","100.43946","62.417923","38.021538","27.462166","0.837764"
"D:\HAA\dACC revisions\Run 4\Br2720_dlPFC_20x_img_011-MaxIP-Stitched_unmixed-rotated.nd2","Layer 1","dACC_v17_ FISH-IF v2.4.4","1455","2776","2802","1073","1100","1","0","0","0","1","1","1555.7585","0","399.56433","0","0","0","0","0","13","21.450407","2","26543.36","1237.4292","1","0.782526","0","559.36774","714.82355","0","0","0","0","0","103.33941","75.12246","28.216953","23.600298","0.873747"
"D:\HAA\dACC revisions\Run 4\Br2720_dlPFC_20x_img_011-MaxIP-Stitched_unmixed-rotated.nd2","Layer 1","dACC_v17_ FISH-IF v2.4.4","1456","4376","4402","758","783","0","0","0","1","1","1","2763.4202","0","521.21814","7","14.03943","1","28415.162","2023.9541","0","0","0","0","0","0","0","0","0","0","0","0","0","0","0","87.59683","58.459267","29.137571","24.67304","0.759809"
"D:\HAA\dACC revisions\Run 4\Br2720_dlPFC_20x_img_011-MaxIP-Stitched_unmixed-rotated.nd2","Layer 1","dACC_v17_ FISH-IF v2.4.4","1457","4294","4317","761","786","0","0","0","0","1","1","647.36365","0","144.73566","0","0","0","0","0","1","0.644433","0","423.66858","657.4286","0","0","0","0","0","0","0","0","0","0","76.549416","63.384575","13.164843","18.665691","0.621211"
"D:\HAA\dACC revisions\Run 4\Br2720_dlPFC_20x_img_011-MaxIP-Stitched_unmixed-rotated.nd2","Layer 1","dACC_v17_ FISH-IF v2.4.4","1458","4206","4234","763","788","0","0","0","0","1","1","3086.5596","0","577.6487","0","0","0","0","0","0","0","0","0","0","0","0","0","0","0","0","0","0","0","0","102.8791","75.07642","27.802673","23.814846","0.821461"
"D:\HAA\dACC revisions\Run 4\Br2720_dlPFC_20x_img_011-MaxIP-Stitched_unmixed-rotated.nd2","Layer 1","dACC_v17_ FISH-IF v2.4.4","1459","4395","4420","765","790","0","0","0","1","1","1","3078.4243","0","532.5721","21","37.331074","3","119788.375","3208.8113","0","0","0","0","0","0","0","0","0","0","0","0","0","0","0","87.91905","58.413235","29.505817","24.243944","0.761886"
"D:\HAA\dACC revisions\Run 4\Br2720_dlPFC_20x_img_011-MaxIP-Stitched_unmixed-rotated.nd2","Layer 1","dACC_v17_ FISH-IF v2.4.4","1460","4323","4343","783","804","0","0","0","0","1","1","1204.1191","0","170.8469","0","0","0","0","0","0","0","0","0","0","0","0","0","0","0","2","4.050721","0","2602.1277","642.38635","61.497307","52.61334","8.883967","12.87289","0.798663"
"D:\HAA\dACC revisions\Run 4\Br2720_dlPFC_20x_img_011-MaxIP-Stitched_unmixed-rotated.nd2","Layer 1","dACC_v17_ FISH-IF v2.4.4","1461","4477","4507","799","826","1","0","0","0","1","1","2681.2886","0","400.64728","0","0","0","0","0","4","6.122112","1","6271.5283","1024.406","0","0","0","0","0","0","0","0","0","0","121.70575","83.91436","37.79138","27.462166","0.830335"
"D:\HAA\dACC revisions\Run 4\Br2720_dlPFC_20x_img_011-MaxIP-Stitched_unmixed-rotated.nd2","Layer 1","dACC_v17_ FISH-IF v2.4.4","1462","4209","4233","807","827","0","0","0","0","1","1","859.0473","0","168.59938","0","0","0","0","0","0","0","0","0","0","0","0","0","0","0","0","0","0","0","0","72.63679","59.978287","12.658503","15.876565","0.71372"
"D:\HAA\dACC revisions\Run 4\Br2720_dlPFC_20x_img_011-MaxIP-Stitched_unmixed-rotated.nd2","Layer 1","dACC_v17_ FISH-IF v2.4.4","1463","4412","4434","824","853","0","0","0","1","1","1","2769.1848","0","471.48743","6","12.52041","1","15158.901","1210.7354","1","1.104742","0","901.5615","816.0833","0","0","0","0","0","0","0","0","0","0","91.46343","60.346535","31.1169","25.531233","0.731491"
"D:\HAA\dACC revisions\Run 4\Br2720_dlPFC_20x_img_011-MaxIP-Stitched_unmixed-rotated.nd2","Layer 1","dACC_v17_ FISH-IF v2.4.4","1464","4465","4493","825","853","1","0","1","0","1","1","2961.4158","0","442.1041","0","0","0","0","0","5","7.779225","1","8148.347","1047.4497","0","0","0","0","0","4","9.344276","1","6134.4023","656.4877","109.2774","77.83828","31.439117","24.887589","0.901012"
"D:\HAA\dACC revisions\Run 4\Br2720_dlPFC_20x_img_011-MaxIP-Stitched_unmixed-rotated.nd2","Layer 1","dACC_v17_ FISH-IF v2.4.4","1465","4391","4416","827","852","0","0","0","0","1","1","2960.3557","0","395.8424","1","0.598402","0","461.13773","770.61536","0","0","0","0","0","0","0","0","0","0","0","0","0","0","0","89.85235","58.413235","31.439117","24.243944","0.784103"
"D:\HAA\dACC revisions\Run 4\Br2720_dlPFC_20x_img_011-MaxIP-Stitched_unmixed-rotated.nd2","Layer 1","dACC_v17_ FISH-IF v2.4.4","1466","4309","4338","830","859","1","0","1","0","1","1","2623.5012","0","322.33026","0","0","0","0","0","19","28.124891","3","43314.355","1540.072","0","0","0","0","0","5","12.796595","1","7507.8726","586.7086","124.835846","84.88101","39.954838","28.10581","0.873027"
"D:\HAA\dACC revisions\Run 4\Br2720_dlPFC_20x_img_011-MaxIP-Stitched_unmixed-rotated.nd2","Layer 1","dACC_v17_ FISH-IF v2.4.4","1467","4595","4624","837","864","0","0","0","0","1","1","2711.025","0","438.21875","0","0","0","0","0","0","0","0","0","0","0","0","0","0","0","2","1.380928","0","657.7358","476.3","114.202705","81.01441","33.18829","25.74578","0.798166"
"D:\HAA\dACC revisions\Run 4\Br2720_dlPFC_20x_img_011-MaxIP-Stitched_unmixed-rotated.nd2","Layer 1","dACC_v17_ FISH-IF v2.4.4","1468","4451","4479","888","917","1","0","1","0","1","1","2804.801","0","350.4425","1","0.782526","0","688.3463","879.64703","4","8.101441","1","7076.931","873.5398","0","0","0","0","0","4","7.226854","1","3746.3643","518.3949","116.64234","81.24457","35.397774","27.03307","0.899245"
"D:\HAA\dACC revisions\Run 4\Br2720_dlPFC_20x_img_011-MaxIP-Stitched_unmixed-rotated.nd2","Layer 1","dACC_v17_ FISH-IF v2.4.4","1469","4590","4622","915","939","0","0","0","0","1","1","2140.2842","0","331.9549","0","0","0","0","0","0","0","0","0","0","0","0","0","0","0","2","0.966649","0","418.83533","433.2857","114.24873","82.671524","31.57721","26.603973","0.690179"
"D:\HAA\dACC revisions\Run 4\Br2720_dlPFC_20x_img_011-MaxIP-Stitched_unmixed-rotated.nd2","Layer 1","dACC_v17_ FISH-IF v2.4.4","1470","4295","4333","938","964","0","0","0","0","1","1","1746.364","0","480.4354","0","0","0","0","0","0","0","0","0","0","0","0","0","0","0","0","0","0","0","0","126.9993","79.081116","47.918186","33.254967","0.667721"
"D:\HAA\dACC revisions\Run 4\Br2720_dlPFC_20x_img_011-MaxIP-Stitched_unmixed-rotated.nd2","Layer 1","dACC_v17_ FISH-IF v2.4.4","1471","4305","4337","956","982","0","0","0","0","1","1","2288.5999","0","490.64203","0","0","0","0","0","0","0","0","0","0","0","0","0","0","0","0","0","0","0","0","116.41219","70.979675","45.432514","29.607647","0.839313"
"D:\HAA\dACC revisions\Run 4\Br2720_dlPFC_20x_img_011-MaxIP-Stitched_unmixed-rotated.nd2","Layer 1","dACC_v17_ FISH-IF v2.4.4","1472","4443","4471","955","981","0","0","0","0","1","1","2618.338","0","459.20322","0","0","0","0","0","1","0.368247","0","245.0686","665.5","0","0","0","0","0","0","0","0","0","0","99.65694","62.74014","36.916798","26.818521","0.804737"
"D:\HAA\dACC revisions\Run 4\Br2720_dlPFC_20x_img_011-MaxIP-Stitched_unmixed-rotated.nd2","Layer 1","dACC_v17_ FISH-IF v2.4.4","1473","4471","4495","956","975","0","0","0","0","1","1","3143.72","0","475.47925","0","0","0","0","0","1","1.242835","0","933.6911","751.2593","0","0","0","0","0","0","0","0","0","0","66.23849","44.373806","21.864685","19.738432","0.769145"
"D:\HAA\dACC revisions\Run 4\Br2720_dlPFC_20x_img_011-MaxIP-Stitched_unmixed-rotated.nd2","Layer 1","dACC_v17_ FISH-IF v2.4.4","1474","4426","4451","962","988","0","0","1","0","1","1","2492.5503","0","493.07455","0","0","0","0","0","2","1.01268","0","679.92267","671.4091","0","0","0","0","0","6","9.712523","1","5377.838","553.7014","85.847664","52.475246","33.372414","25.96033","0.787887"
"D:\HAA\dACC revisions\Run 4\Br2720_dlPFC_20x_img_011-MaxIP-Stitched_unmixed-rotated.nd2","Layer 1","dACC_v17_ FISH-IF v2.4.4","1475","4209","4247","962","991","1","0","0","0","1","1","2133.686","0","341.4218","0","0","0","0","0","5","6.720514","1","7163.6074","1065.9315","0","0","0","0","0","3","4.51103","0","2122.2095","470.44897","153.60518","101.26802","52.337154","35.1859","0.641504"
"D:\HAA\dACC revisions\Run 4\Br2720_dlPFC_20x_img_011-MaxIP-Stitched_unmixed-rotated.nd2","Layer 1","dACC_v17_ FISH-IF v2.4.4","1476","4466","4493","972","991","0","0","0","0","1","1","2748.6653","0","643.04065","0","0","0","0","0","3","3.682473","0","4198.296","921.2727","0","0","0","0","0","1","0.460309","0","216.06912","469.4","61.589367","37.377106","24.212263","21.02572","0.746765"
"D:\HAA\dACC revisions\Run 4\Br2720_dlPFC_20x_img_011-MaxIP-Stitched_unmixed-rotated.nd2","Layer 1","dACC_v17_ FISH-IF v2.4.4","1477","4254","4281","972","997","0","0","0","0","1","1","2533.1033","0","452.85596","1","0.598402","0","477.2946","797.61536","3","5.615772","0","5460.5557","972.36066","0","0","0","0","0","1","2.02536","0","965.3144","476.61365","95.33003","71.25586","24.07417","22.098461","0.839115"
"D:\HAA\dACC revisions\Run 4\Br2720_dlPFC_20x_img_011-MaxIP-Stitched_unmixed-rotated.nd2","Layer 1","dACC_v17_ FISH-IF v2.4.4","1478","4512","4544","978","1015","0","0","0","0","1","1","2708.7095","0","570.18665","0","0","0","0","0","0","0","0","0","0","0","0","0","0","0","0","0","0","0","0","176.75873","108.77106","67.98766","37.331383","0.781219"
"D:\HAA\dACC revisions\Run 4\Br2720_dlPFC_20x_img_011-MaxIP-Stitched_unmixed-rotated.nd2","Layer 1","dACC_v17_ FISH-IF v2.4.4","1479","4418","4449","982","1006","0","0","0","0","1","1","2723.1985","0","485.64273","0","0","0","0","0","0","0","0","0","0","0","0","0","0","0","1","0.966649","0","459.8949","475.7619","100.209305","69.8289","30.380405","25.74578","0.741428"
"D:\HAA\dACC revisions\Run 4\Br2720_dlPFC_20x_img_011-MaxIP-Stitched_unmixed-rotated.nd2","Layer 1","dACC_v17_ FISH-IF v2.4.4","1480","4456","4484","984","1010","0","0","0","0","1","1","3352.924","0","439.15543","0","0","0","0","0","0","0","0","0","0","0","0","0","0","0","0","0","0","0","0","98.46013","67.52736","30.932777","24.458492","0.849859"
"D:\HAA\dACC revisions\Run 4\Br2720_dlPFC_20x_img_011-MaxIP-Stitched_unmixed-rotated.nd2","Layer 1","dACC_v17_ FISH-IF v2.4.4","1481","4324","4352","994","1022","0","0","0","1","1","1","2723.384","0","389.02502","14","37.05489","2","88202.79","2380.328","0","0","0","0","0","0","0","0","0","0","0","0","0","0","0","111.25673","79.127144","32.12958","26.174877","0.883816"
"D:\HAA\dACC revisions\Run 4\Br2720_dlPFC_20x_img_011-MaxIP-Stitched_unmixed-rotated.nd2","Layer 1","dACC_v17_ FISH-IF v2.4.4","1482","4234","4260","1015","1035","1","0","0","0","1","1","913.4763","0","189.35603","0","0","0","0","0","4","4.557061","1","3505.2083","769.1818","0","0","0","0","0","0","0","0","0","0","80.46204","64.903595","15.55845","18.022047","0.688478"
"D:\HAA\dACC revisions\Run 4\Br2720_dlPFC_20x_img_011-MaxIP-Stitched_unmixed-rotated.nd2","Layer 1","dACC_v17_ FISH-IF v2.4.4","1483","4432","4458","1018","1043","1","0","1","0","1","1","2516.324","0","483.36014","0","0","0","0","0","12","14.085461","2","23571.559","1673.4673","2","2.163453","0","2451.5605","1133.1702","6","10.771235","1","6202.3438","575.82477","96.664925","66.97498","29.689941","25.96033","0.63576"
"D:\HAA\dACC revisions\Run 4\Br2720_dlPFC_20x_img_011-MaxIP-Stitched_unmixed-rotated.nd2","Layer 1","dACC_v17_ FISH-IF v2.4.4","1484","4457","4475","1023","1043","0","0","0","0","1","1","1541.8738","0","309.68866","0","0","0","0","0","2","2.163453","0","1784.4806","824.8298","0","0","0","0","0","2","1.334897","0","592.87823","444.13794","51.69272","41.842106","9.850616","13.731083","0.760832"
"D:\HAA\dACC revisions\Run 4\Br2720_dlPFC_20x_img_011-MaxIP-Stitched_unmixed-rotated.nd2","Layer 1","dACC_v17_ FISH-IF v2.4.4","1485","4278","4309","1047","1075","0","0","0","0","1","1","2413.4802","0","631.4006","0","0","0","0","0","0","0","0","0","0","0","0","0","0","0","1","0.552371","0","247.27809","447.66666","127.045334","81.70488","45.340454","29.607647","0.879277"
"D:\HAA\dACC revisions\Run 4\Br2720_dlPFC_20x_img_011-MaxIP-Stitched_unmixed-rotated.nd2","Layer 1","dACC_v17_ FISH-IF v2.4.4","1486","4333","4365","1047","1072","0","0","0","0","1","1","2896.297","0","452.7389","0","0","0","0","0","0","0","0","0","0","0","0","0","0","0","0","0","0","0","0","109.36946","76.68751","32.68195","26.389425","0.724654"
"D:\HAA\dACC revisions\Run 4\Br2720_dlPFC_20x_img_011-MaxIP-Stitched_unmixed-rotated.nd2","Layer 1","dACC_v17_ FISH-IF v2.4.4","1487","4359","4396","1059","1094","0","0","0","0","1","1","1982.4153","0","344.18427","0","0","0","0","0","0","0","0","0","0","0","0","0","0","0","0","0","0","0","0","148.81796","97.171265","51.64669","40.335056","0.571629"
"D:\HAA\dACC revisions\Run 4\Br2720_dlPFC_20x_img_011-MaxIP-Stitched_unmixed-rotated.nd2","Layer 1","dACC_v17_ FISH-IF v2.4.4","1488","4273","4304","1072","1099","0","0","0","0","1","1","2580.5115","0","403.22778","0","0","0","0","0","0","0","0","0","0","0","0","0","0","0","0","0","0","0","0","118.34549","78.20653","40.13896","28.320358","0.868372"
"D:\HAA\dACC revisions\Run 4\Br2720_dlPFC_20x_img_011-MaxIP-Stitched_unmixed-rotated.nd2","Layer 1","dACC_v17_ FISH-IF v2.4.4","1489","4424","4447","1074","1105","0","0","0","0","1","1","2828.2712","0","405.0241","1","0.966649","0","784.82715","811.9048","0","0","0","0","0","0","0","0","0","0","0","0","0","0","0","105.50286","64.94962","40.553238","28.320358","0.910348"
"D:\HAA\dACC revisions\Run 4\Br2720_dlPFC_20x_img_011-MaxIP-Stitched_unmixed-rotated.nd2","Layer 1","dACC_v17_ FISH-IF v2.4.4","1490","4447","4472","1077","1105","0","0","0","0","1","1","2281.7156","0","377.7254","0","0","0","0","0","0","0","0","0","0","0","0","0","0","0","1","0.598402","0","256.30014","428.30768","109.92183","66.88292","43.038906","28.749454","0.83642"
"D:\HAA\dACC revisions\Run 4\Br2720_dlPFC_20x_img_011-MaxIP-Stitched_unmixed-rotated.nd2","Layer 1","dACC_v17_ FISH-IF v2.4.4","1491","4391","4414","1080","1105","0","0","0","0","1","1","1530.0803","0","295.58075","0","0","0","0","0","2","1.795206","0","1274.0897","709.71796","0","0","0","0","0","0","0","0","0","0","81.612816","62.14174","19.471079","20.167528","0.765531"
"D:\HAA\dACC revisions\Run 4\Br2720_dlPFC_20x_img_011-MaxIP-Stitched_unmixed-rotated.nd2","Layer 1","dACC_v17_ FISH-IF v2.4.4","1492","803","832","2705","2734","0","0","0","0","1","1","1444.062","0","452.73285","1","1.104742","0","1107.2737","1002.2917","0","0","0","0","0","0","0","0","0","0","0","0","0","0","0","120.41688","74.43199","45.984886","30.894936","0.754104"
"D:\HAA\dACC revisions\Run 4\Br2720_dlPFC_20x_img_011-MaxIP-Stitched_unmixed-rotated.nd2","Layer 1","dACC_v17_ FISH-IF v2.4.4","1493","753","776","2710","2730","0","0","0","0","1","1","966.453","0","427.34753","0","0","0","0","0","0","0","0","0","0","0","0","0","0","0","1","0.414278","0","177.95552","429.55554","64.81153","54.0403","10.771235","14.589275","0.759526"
"D:\HAA\dACC revisions\Run 4\Br2720_dlPFC_20x_img_011-MaxIP-Stitched_unmixed-rotated.nd2","Layer 1","dACC_v17_ FISH-IF v2.4.4","1494","809","835","2730","2757","0","0","0","0","1","1","2604.6865","0","588.05334","0","0","0","0","0","0","0","0","0","0","0","0","0","0","0","0","0","0","0","0","104.16797","67.2972","36.870766","27.462166","0.71013"
"D:\HAA\dACC revisions\Run 4\Br2720_dlPFC_20x_img_011-MaxIP-Stitched_unmixed-rotated.nd2","Layer 1","dACC_v17_ FISH-IF v2.4.4","1495","758","782","2729","2756","0","0","0","0","1","1","3432.5293","0","617.7525","0","0","0","0","0","0","0","0","0","0","0","0","0","0","0","0","0","0","0","0","99.42678","72.72885","26.697931","22.742105","0.791292"
"D:\HAA\dACC revisions\Run 4\Br2720_dlPFC_20x_img_011-MaxIP-Stitched_unmixed-rotated.nd2","Layer 1","dACC_v17_ FISH-IF v2.4.4","1496","715","734","2758","2776","0","0","0","0","1","1","710.0465","0","134.76854","0","0","0","0","0","0","0","0","0","0","0","0","0","0","0","0","0","0","0","0","52.475246","46.53726","5.937988","10.298312","0.875645"
"D:\HAA\dACC revisions\Run 4\Br2720_dlPFC_20x_img_011-MaxIP-Stitched_unmixed-rotated.nd2","Layer 1","dACC_v17_ FISH-IF v2.4.4","1497","873","893","2761","2781","0","0","0","0","1","1","1099.0963","0","172.35414","0","0","0","0","0","0","0","0","0","0","1","1.426958","0","1035.1433","725.4194","0","0","0","0","0","60.20844","51.60066","8.607781","12.443794","0.849491"
"D:\HAA\dACC revisions\Run 4\Br2720_dlPFC_20x_img_011-MaxIP-Stitched_unmixed-rotated.nd2","Layer 1","dACC_v17_ FISH-IF v2.4.4","1498","965","991","2775","2808","0","0","0","0","1","1","2375.4814","0","378.50613","0","0","0","0","0","0","0","0","0","0","0","0","0","0","0","0","0","0","0","0","125.98662","86.40003","39.58659","27.891262","0.796225"
"D:\HAA\dACC revisions\Run 4\Br2720_dlPFC_20x_img_011-MaxIP-Stitched_unmixed-rotated.nd2","Layer 1","dACC_v17_ FISH-IF v2.4.4","1499","924","957","2787","2822","0","1","0","0","1","1","1422.7983","0","280.37033","0","0","0","0","0","0","0","0","0","0","17","19.194893","3","14607.912","761.0312","0","0","0","0","0","160.6479","99.93312","60.71478","35.1859","0.822373"
"D:\HAA\dACC revisions\Run 4\Br2720_dlPFC_20x_img_011-MaxIP-Stitched_unmixed-rotated.nd2","Layer 1","dACC_v17_ FISH-IF v2.4.4","1500","800","834","2795","2826","0","0","0","0","1","1","2631.631","0","564.37976","0","0","0","0","0","0","0","0","0","0","0","0","0","0","0","0","0","0","0","0","146.0561","91.50946","54.54664","33.469513","0.792894"
"D:\HAA\dACC revisions\Run 4\Br2720_dlPFC_20x_img_011-MaxIP-Stitched_unmixed-rotated.nd2","Layer 1","dACC_v17_ FISH-IF v2.4.4","1501","648","678","2799","2828","0","0","0","0","1","1","1845.692","0","384.68045","0","0","0","0","0","0","0","0","0","0","0","0","0","0","0","0","0","0","0","0","121.06131","83.54611","37.515198","27.462166","0.875183"
"D:\HAA\dACC revisions\Run 4\Br2720_dlPFC_20x_img_011-MaxIP-Stitched_unmixed-rotated.nd2","Layer 1","dACC_v17_ FISH-IF v2.4.4","1502","762","786","2813","2837","0","0","0","0","1","1","1022.1425","0","233.04926","0","0","0","0","0","0","0","0","0","0","0","0","0","0","0","0","0","0","0","0","84.144516","65.409935","18.734583","18.88024","0.853859"
"D:\HAA\dACC revisions\Run 4\Br2720_dlPFC_20x_img_011-MaxIP-Stitched_unmixed-rotated.nd2","Layer 1","dACC_v17_ FISH-IF v2.4.4","1503","787","813","2816","2842","0","0","0","0","1","1","3305.1086","0","513.8511","0","0","0","0","0","0","0","0","0","0","0","0","0","0","0","0","0","0","0","0","92.430084","66.14643","26.283653","22.742105","0.838532"
"D:\HAA\dACC revisions\Run 4\Br2720_dlPFC_20x_img_011-MaxIP-Stitched_unmixed-rotated.nd2","Layer 1","dACC_v17_ FISH-IF v2.4.4","1504","704","734","2823","2854","0","0","0","1","1","1","1954.4606","0","439.7174","9","19.240923","1","27217.068","1414.5406","0","0","0","0","0","0","0","0","0","0","0","0","0","0","0","128.28816","88.60952","39.67865","29.393099","0.777811"
"D:\HAA\dACC revisions\Run 4\Br2720_dlPFC_20x_img_011-MaxIP-Stitched_unmixed-rotated.nd2","Layer 1","dACC_v17_ FISH-IF v2.4.4","1505","635","659","2826","2852","0","0","0","0","1","1","2043.1343","0","318.8487","0","0","0","0","0","0","0","0","0","0","0","0","0","0","0","0","0","0","0","0","92.936424","69.966995","22.969427","21.02572","0.879823"
"D:\HAA\dACC revisions\Run 4\Br2720_dlPFC_20x_img_011-MaxIP-Stitched_unmixed-rotated.nd2","Layer 1","dACC_v17_ FISH-IF v2.4.4","1506","969","996","2852","2881","0","0","0","0","1","1","2830.076","0","416.7812","0","0","0","0","0","0","0","0","0","0","0","0","0","0","0","0","0","0","0","0","111.8091","79.72555","32.08355","25.74578","0.785097"
"D:\HAA\dACC revisions\Run 4\Br2720_dlPFC_20x_img_011-MaxIP-Stitched_unmixed-rotated.nd2","Layer 1","dACC_v17_ FISH-IF v2.4.4","1507","653","681","2859","2889","0","0","0","0","1","1","2566.9985","0","448.09808","0","0","0","0","0","0","0","0","0","0","0","0","0","0","0","0","0","0","0","0","115.031265","81.19854","33.832726","26.603973","0.778229"
"D:\HAA\dACC revisions\Run 4\Br2720_dlPFC_20x_img_011-MaxIP-Stitched_unmixed-rotated.nd2","Layer 1","dACC_v17_ FISH-IF v2.4.4","1508","996","1024","2861","2887","0","0","0","1","1","1","2595.1428","0","450.30865","8","17.721903","1","31728.328","1790.3455","0","0","0","0","0","0","0","0","0","0","0","0","0","0","0","109.8758","78.29859","31.57721","23.814846","0.913426"
"D:\HAA\dACC revisions\Run 4\Br2720_dlPFC_20x_img_011-MaxIP-Stitched_unmixed-rotated.nd2","Layer 1","dACC_v17_ FISH-IF v2.4.4","1509","610","633","2863","2890","0","0","0","0","1","1","2337.888","0","364.39096","0","0","0","0","0","0","0","0","0","0","0","0","0","0","0","0","0","0","0","0","76.96369","51.922874","25.04082","21.883913","0.825077"
"D:\HAA\dACC revisions\Run 4\Br2720_dlPFC_20x_img_011-MaxIP-Stitched_unmixed-rotated.nd2","Layer 1","dACC_v17_ FISH-IF v2.4.4","1510","953","972","2869","2887","0","0","0","0","1","1","641.5975","0","324.77042","0","0","0","0","0","0","0","0","0","0","1","0.690464","0","453.86484","657.3333","0","0","0","0","0","42.808754","35.489838","7.318916","12.87289","0.728136"
"D:\HAA\dACC revisions\Run 4\Br2720_dlPFC_20x_img_011-MaxIP-Stitched_unmixed-rotated.nd2","Layer 1","dACC_v17_ FISH-IF v2.4.4","1511","942","962","2873","2892","0","0","0","0","1","1","943.57465","0","189.22678","0","0","0","0","0","1","0.322216","0","193.46794","600.4286","0","0","0","0","0","0","0","0","0","0","48.332462","38.15963","10.172832","13.731083","0.799954"
"D:\HAA\dACC revisions\Run 4\Br2720_dlPFC_20x_img_011-MaxIP-Stitched_unmixed-rotated.nd2","Layer 1","dACC_v17_ FISH-IF v2.4.4","1512","746","772","2873","2898","0","0","0","0","1","1","3432.987","0","462.33734","0","0","0","0","0","0","0","0","0","0","0","0","0","0","0","0","0","0","0","0","97.58555","72.59076","24.99479","21.669365","0.853438"
"D:\HAA\dACC revisions\Run 4\Br2720_dlPFC_20x_img_011-MaxIP-Stitched_unmixed-rotated.nd2","Layer 1","dACC_v17_ FISH-IF v2.4.4","1513","904","924","2876","2901","0","0","0","1","1","1","1922.3579","0","376.74887","10","23.844015","2","62761.867","2632.1853","0","0","0","0","0","0","0","0","0","0","0","0","0","0","0","76.45735","51.5086","24.948757","21.454817","0.792214"
"D:\HAA\dACC revisions\Run 4\Br2720_dlPFC_20x_img_011-MaxIP-Stitched_unmixed-rotated.nd2","Layer 1","dACC_v17_ FISH-IF v2.4.4","1514","887","904","2876","2899","0","0","0","1","1","1","1802.7224","0","326.81882","11","20.898037","2","60678.188","2903.5352","0","0","0","0","0","0","0","0","0","0","0","0","0","0","0","65.54803","45.984886","19.56314","18.022047","0.778645"
"D:\HAA\dACC revisions\Run 4\Br2720_dlPFC_20x_img_011-MaxIP-Stitched_unmixed-rotated.nd2","Layer 1","dACC_v17_ FISH-IF v2.4.4","1515","852","871","2888","2906","0","0","0","0","1","1","390.81195","0","143.73535","0","0","0","0","0","0","0","0","0","0","0","0","0","0","0","0","0","0","0","0","50.956226","45.57061","5.385617","9.44012","0.876289"
"D:\HAA\dACC revisions\Run 4\Br2720_dlPFC_20x_img_011-MaxIP-Stitched_unmixed-rotated.nd2","Layer 1","dACC_v17_ FISH-IF v2.4.4","1516","725","759","3011","3043","1","0","0","0","1","1","1090.2206","0","439.69556","0","0","0","0","0","12","12.428348","2","9654.57","762.6945","1","0.644433","0","451.05695","699.9286","0","0","0","0","0","137.63245","91.923744","45.708702","34.756805","0.727952"
"D:\HAA\dACC revisions\Run 4\Br2720_dlPFC_20x_img_011-MaxIP-Stitched_unmixed-rotated.nd2","Layer 1","dACC_v17_ FISH-IF v2.4.4","1517","783","814","3012","3037","0","0","0","0","1","1","2541.6763","0","432.8512","0","0","0","0","0","0","0","0","0","0","0","0","0","0","0","0","0","0","0","0","116.82647","81.981064","34.845406","26.174877","0.800206"
"D:\HAA\dACC revisions\Run 4\Br2720_dlPFC_20x_img_011-MaxIP-Stitched_unmixed-rotated.nd2","Layer 1","dACC_v17_ FISH-IF v2.4.4","1518","681","705","3017","3039","0","0","0","1","1","1","2179.162","0","363.17975","5","13.441028","1","21814.467","1622.9761","0","0","0","0","0","0","0","0","0","0","0","0","0","0","0","75.720856","60.944935","14.775925","16.30566","0.824899"
"D:\HAA\dACC revisions\Run 4\Br2720_dlPFC_20x_img_011-MaxIP-Stitched_unmixed-rotated.nd2","Layer 1","dACC_v17_ FISH-IF v2.4.4","1519","909","933","3023","3049","0","1","0","0","1","1","3368.2795","0","575.8308","0","0","0","0","0","0","0","0","0","0","9","8.653812","1","8174.1704","944.57446","0","0","0","0","0","96.02049","67.20514","28.815355","23.171202","0.915385"
"D:\HAA\dACC revisions\Run 4\Br2720_dlPFC_20x_img_011-MaxIP-Stitched_unmixed-rotated.nd2","Layer 1","dACC_v17_ FISH-IF v2.4.4","1520","709","736","3025","3054","0","0","0","0","1","1","2524.8645","0","514.82935","0","0","0","0","0","3","2.715824","0","2084.9705","767.71185","0","0","0","0","0","0","0","0","0","0","111.21069","76.871635","34.339066","25.74578","0.836184"
"D:\HAA\dACC revisions\Run 4\Br2720_dlPFC_20x_img_011-MaxIP-Stitched_unmixed-rotated.nd2","Layer 1","dACC_v17_ FISH-IF v2.4.4","1521","929","955","3029","3053","0","1","0","0","1","1","1686.7184","0","633.1307","0","0","0","0","0","0","0","0","0","0","14","12.796595","2","12521.422","978.4964","0","0","0","0","0","83.17787","58.82751","24.350355","22.31301","0.795053"
"D:\HAA\dACC revisions\Run 4\Br2720_dlPFC_20x_img_011-MaxIP-Stitched_unmixed-rotated.nd2","Layer 1","dACC_v17_ FISH-IF v2.4.4","1522","766","801","3037","3065","0","0","1","0","1","1","1790.7772","0","316.44495","0","0","0","0","0","0","0","0","0","0","0","0","0","0","0","4","5.569741","1","2685.3516","482.13223","143.01807","93.626884","49.391174","31.75313","0.788336"
"D:\HAA\dACC revisions\Run 4\Br2720_dlPFC_20x_img_011-MaxIP-Stitched_unmixed-rotated.nd2","Layer 1","dACC_v17_ FISH-IF v2.4.4","1523","920","945","3049","3071","0","0","0","0","1","1","3017.2092","0","528.1522","0","0","0","0","0","0","0","0","0","0","0","0","0","0","0","0","0","0","0","0","73.5574","41.427826","32.12958","24.887589","0.748244"
"D:\HAA\dACC revisions\Run 4\Br2720_dlPFC_20x_img_011-MaxIP-Stitched_unmixed-rotated.nd2","Layer 1","dACC_v17_ FISH-IF v2.4.4","1524","941","967","3050","3074","0","0","0","0","1","1","2670.4128","0","473.40143","0","0","0","0","0","0","0","0","0","0","0","0","0","0","0","0","0","0","0","0","84.23658","58.367203","25.869375","23.171202","0.759213"
"D:\HAA\dACC revisions\Run 4\Br2720_dlPFC_20x_img_011-MaxIP-Stitched_unmixed-rotated.nd2","Layer 1","dACC_v17_ FISH-IF v2.4.4","1525","921","947","3071","3088","0","0","0","0","1","1","3262.971","0","485.9045","0","0","0","0","0","0","0","0","0","0","0","0","0","0","0","0","0","0","0","0","64.30519","35.67396","28.631231","22.742105","0.790503"
"D:\HAA\dACC revisions\Run 4\Br2720_dlPFC_20x_img_011-MaxIP-Stitched_unmixed-rotated.nd2","Layer 1","dACC_v17_ FISH-IF v2.4.4","1526","822","844","3074","3098","0","1","0","0","1","1","906.4","0","170.80139","0","0","0","0","0","0","0","0","0","0","10","10.264894","2","7425.7534","723.41254","0","0","0","0","0","73.833595","59.794163","14.03943","16.30566","0.853202"
"D:\HAA\dACC revisions\Run 4\Br2720_dlPFC_20x_img_011-MaxIP-Stitched_unmixed-rotated.nd2","Layer 1","dACC_v17_ FISH-IF v2.4.4","1527","926","954","3080","3110","0","0","0","0","1","1","2449.296","0","506.94083","0","0","0","0","0","0","0","0","0","0","0","0","0","0","0","0","0","0","0","0","107.20601","70.01302","37.19298","28.320358","0.808798"
"D:\HAA\dACC revisions\Run 4\Br2720_dlPFC_20x_img_011-MaxIP-Stitched_unmixed-rotated.nd2","Layer 1","dACC_v17_ FISH-IF v2.4.4","1528","4187","4222","1085","1113","1","0","0","0","1","1","2320.4346","0","361.08447","0","0","0","0","0","13","18.044119","2","19402.078","1072.5216","0","0","0","0","0","0","0","0","0","0","136.15945","91.5555","44.60396","31.538582","0.720258"
"D:\HAA\dACC revisions\Run 4\Br2720_dlPFC_20x_img_011-MaxIP-Stitched_unmixed-rotated.nd2","Layer 1","dACC_v17_ FISH-IF v2.4.4","1529","3985","4016","1120","1147","0","0","0","0","1","1","1824.7671","0","348.2687","0","0","0","0","0","3","3.636442","0","2693.1309","731.3375","0","0","0","0","0","0","0","0","0","0","126.4009","86.676216","39.72468","28.320358","0.812758"
"D:\HAA\dACC revisions\Run 4\Br2720_dlPFC_20x_img_011-MaxIP-Stitched_unmixed-rotated.nd2","Layer 1","dACC_v17_ FISH-IF v2.4.4","1530","3960","3989","1154","1183","0","0","0","0","1","1","2222.6003","0","478.9292","0","0","0","0","0","1","1.01268","0","720.66003","711.63635","0","0","0","0","0","0","0","0","0","0","124.88188","85.157196","39.72468","27.891262","0.830035"
"D:\HAA\dACC revisions\Run 4\Br2720_dlPFC_20x_img_011-MaxIP-Stitched_unmixed-rotated.nd2","Layer 1","dACC_v17_ FISH-IF v2.4.4","1531","3929","3948","1155","1174","0","0","0","0","1","1","483.29324","0","125.28405","0","0","0","0","0","0","0","0","0","0","0","0","0","0","0","0","0","0","0","0","53.441895","47.319782","6.122112","10.298312","0.820313"
"D:\HAA\dACC revisions\Run 4\Br2720_dlPFC_20x_img_011-MaxIP-Stitched_unmixed-rotated.nd2","Layer 1","dACC_v17_ FISH-IF v2.4.4","1532","3888","3918","1200","1226","1","0","0","0","1","1","2681.5056","0","414.15256","0","0","0","0","0","7","11.139482","1","11482.919","1030.8306","0","0","0","0","0","0","0","0","0","0","113.190025","79.9557","33.23432","25.316685","0.841214"
"D:\HAA\dACC revisions\Run 4\Br2720_dlPFC_20x_img_011-MaxIP-Stitched_unmixed-rotated.nd2","Layer 1","dACC_v17_ FISH-IF v2.4.4","1533","3824","3853","1204","1231","0","0","1","0","1","1","2687.3076","0","368.50198","0","0","0","0","0","0","0","0","0","0","0","0","0","0","0","11","21.128191","2","11597.904","548.9303","113.74239","80.96838","32.774014","26.174877","0.77157"
"D:\HAA\dACC revisions\Run 4\Br2720_dlPFC_20x_img_011-MaxIP-Stitched_unmixed-rotated.nd2","Layer 1","dACC_v17_ FISH-IF v2.4.4","1534","4166","4188","1220","1240","0","0","0","0","1","1","536.7767","0","135.61424","0","0","0","0","0","0","0","0","0","0","0","0","0","0","0","0","0","0","0","0","62.049675","52.981586","9.06809","13.087439","0.79167"
"D:\HAA\dACC revisions\Run 4\Br2720_dlPFC_20x_img_011-MaxIP-Stitched_unmixed-rotated.nd2","Layer 1","dACC_v17_ FISH-IF v2.4.4","1535","4136","4162","1241","1268","0","0","0","0","1","1","2064.1228","0","434.08054","0","0","0","0","0","2","4.925308","0","4297.9067","872.6168","0","0","0","0","0","0","0","0","0","0","106.19333","76.59544","29.59788","23.600298","0.863623"
"D:\HAA\dACC revisions\Run 4\Br2720_dlPFC_20x_img_011-MaxIP-Stitched_unmixed-rotated.nd2","Layer 1","dACC_v17_ FISH-IF v2.4.4","1536","3985","4013","1338","1366","0","0","0","0","1","1","2649.43","0","393.8955","0","0","0","0","0","0","0","0","0","0","0","0","0","0","0","0","0","0","0","0","115.85982","81.06045","34.799374","26.174877","0.855994"
"D:\HAA\dACC revisions\Run 4\Br2720_dlPFC_20x_img_011-MaxIP-Stitched_unmixed-rotated.nd2","Layer 1","dACC_v17_ FISH-IF v2.4.4","1537","4137","4157","1349","1370","0","0","0","0","1","1","1759.0834","0","222.32668","3","4.603092","0","3880.9587","843.12","0","0","0","0","0","0","0","0","0","0","0","0","0","0","0","62.371895","52.981586","9.390307","12.87289","0.864791"
"D:\HAA\dACC revisions\Run 4\Br2720_dlPFC_20x_img_011-MaxIP-Stitched_unmixed-rotated.nd2","Layer 1","dACC_v17_ FISH-IF v2.4.4","1538","3971","3993","1364","1384","0","0","0","0","1","1","1939.0865","0","246.24245","0","0","0","0","0","0","0","0","0","0","0","0","0","0","0","0","0","0","0","0","62.924263","53.349834","9.57443","13.301987","0.855482"
"D:\HAA\dACC revisions\Run 4\Br2720_dlPFC_20x_img_011-MaxIP-Stitched_unmixed-rotated.nd2","Layer 1","dACC_v17_ FISH-IF v2.4.4","1539","3813","3837","1405","1435","0","0","0","0","1","1","2911.9805","0","417.90344","0","0","0","0","0","0","0","0","0","0","0","0","0","0","0","0","0","0","0","0","105.82508","77.70019","28.124891","23.814846","0.760949"
"D:\HAA\dACC revisions\Run 4\Br2720_dlPFC_20x_img_011-MaxIP-Stitched_unmixed-rotated.nd2","Layer 1","dACC_v17_ FISH-IF v2.4.4","1540","3841","3874","1409","1437","1","0","0","0","1","1","1950.8167","0","341.53348","0","0","0","0","0","13","17.399687","2","16216.14","931.9788","0","0","0","0","0","0","0","0","0","0","134.5944","89.392044","45.202362","30.036743","0.745411"
"D:\HAA\dACC revisions\Run 4\Br2720_dlPFC_20x_img_011-MaxIP-Stitched_unmixed-rotated.nd2","Layer 1","dACC_v17_ FISH-IF v2.4.4","1541","3911","3940","1413","1441","0","0","0","0","1","1","2202.0845","0","315.03018","0","0","0","0","0","1","2.393608","0","1943.0571","811.7692","0","0","0","0","0","0","0","0","0","0","117.79312","82.34931","35.443806","27.03307","0.825806"
"D:\HAA\dACC revisions\Run 4\Br2720_dlPFC_20x_img_011-MaxIP-Stitched_unmixed-rotated.nd2","Layer 1","dACC_v17_ FISH-IF v2.4.4","1542","4184","4206","1415","1435","0","0","0","0","1","1","538.9572","0","152.56096","0","0","0","0","0","0","0","0","0","0","0","0","0","0","0","0","0","0","0","0","60.71478","52.107","8.607781","12.658342","0.794693"
"D:\HAA\dACC revisions\Run 4\Br2720_dlPFC_20x_img_011-MaxIP-Stitched_unmixed-rotated.nd2","Layer 1","dACC_v17_ FISH-IF v2.4.4","1543","3869","3898","1418","1446","0","0","0","1","1","1","2314.5076","0","417.88916","12","34.01685","2","66112.59","1930.4637","0","0","0","0","0","0","0","0","0","0","0","0","0","0","0","111.993225","78.068436","33.924786","26.174877","0.889094"
"D:\HAA\dACC revisions\Run 4\Br2720_dlPFC_20x_img_011-MaxIP-Stitched_unmixed-rotated.nd2","Layer 1","dACC_v17_ FISH-IF v2.4.4","1544","4023","4044","1418","1437","0","0","0","0","1","1","1021.72064","0","167.14697","0","0","0","0","0","0","0","0","0","0","0","0","0","0","0","0","0","0","0","0","59.287823","51.048286","8.239534","12.014698","0.849479"
"D:\HAA\dACC revisions\Run 4\Br2720_dlPFC_20x_img_011-MaxIP-Stitched_unmixed-rotated.nd2","Layer 1","dACC_v17_ FISH-IF v2.4.4","1545","3978","4014","1429","1460","1","0","0","0","1","1","1537.4298","0","293.6098","0","0","0","0","0","6","8.929998","1","7020.3594","786.15466","0","0","0","0","0","0","0","0","0","0","165.25099","102.2807","62.970295","35.614998","0.798098"
"D:\HAA\dACC revisions\Run 4\Br2720_dlPFC_20x_img_011-MaxIP-Stitched_unmixed-rotated.nd2","Layer 1","dACC_v17_ FISH-IF v2.4.4","1546","4123","4156","1434","1472","1","0","0","1","1","1","2281.7297","0","482.4468","13","36.7787","2","73572.09","2000.3993","34","57.262463","4","82924.33","1448.1447","0","0","0","0","0","0","0","0","0","0","190.33784","117.240746","73.0971","40.764153","0.745715"
"D:\HAA\dACC revisions\Run 4\Br2720_dlPFC_20x_img_011-MaxIP-Stitched_unmixed-rotated.nd2","Layer 1","dACC_v17_ FISH-IF v2.4.4","1547","3888","3913","1442","1465","0","0","0","0","1","1","1309.1849","0","281.72916","2","2.209484","0","1820.3846","823.8958","0","0","0","0","0","0","0","0","0","0","0","0","0","0","0","85.20323","66.28452","18.918707","18.88024","0.853229"
"D:\HAA\dACC revisions\Run 4\Br2720_dlPFC_20x_img_011-MaxIP-Stitched_unmixed-rotated.nd2","Layer 1","dACC_v17_ FISH-IF v2.4.4","1548","4179","4209","1448","1476","0","0","0","0","1","1","2248.1318","0","321.84424","2","6.306236","0","6994.444","1109.1313","0","0","0","0","0","0","0","0","0","0","0","0","0","0","0","116.45822","81.56679","34.891434","26.603973","0.827201"
"D:\HAA\dACC revisions\Run 4\Br2720_dlPFC_20x_img_011-MaxIP-Stitched_unmixed-rotated.nd2","Layer 1","dACC_v17_ FISH-IF v2.4.4","1549","4014","4046","1468","1496","1","0","0","0","1","1","1707.6852","0","327.8542","0","0","0","0","0","8","10.909328","1","9136.539","837.49786","0","0","0","0","0","0","0","0","0","0","121.47559","84.92704","36.54855","28.320358","0.77305"
"D:\HAA\dACC revisions\Run 4\Br2720_dlPFC_20x_img_011-MaxIP-Stitched_unmixed-rotated.nd2","Layer 1","dACC_v17_ FISH-IF v2.4.4","1550","4790","4811","2698","2719","0","0","0","0","1","1","1179.0416","0","177.67526","0","0","0","0","0","0","0","0","0","0","0","0","0","0","0","0","0","0","0","0","60.576687","51.73875","8.837936","12.87289","0.894735"
"D:\HAA\dACC revisions\Run 4\Br2720_dlPFC_20x_img_011-MaxIP-Stitched_unmixed-rotated.nd2","Layer 1","dACC_v17_ FISH-IF v2.4.4","1551","4855","4883","2715","2739","0","0","0","0","1","1","3448.7659","0","445.27954","0","0","0","0","0","0","0","0","0","0","0","0","0","0","0","0","0","0","0","0","96.25065","72.45267","23.797985","22.31301","0.750482"
"D:\HAA\dACC revisions\Run 4\Br2720_dlPFC_20x_img_011-MaxIP-Stitched_unmixed-rotated.nd2","Layer 1","dACC_v17_ FISH-IF v2.4.4","1552","4793","4818","2737","2766","0","0","0","1","1","1","2214.1602","0","369.9096","12","24.58051","2","45801.27","1863.3165","0","0","0","0","0","0","0","0","0","0","0","0","0","0","0","100.4855","74.339935","26.145561","23.814846","0.786121"
"D:\HAA\dACC revisions\Run 4\Br2720_dlPFC_20x_img_011-MaxIP-Stitched_unmixed-rotated.nd2","Layer 1","dACC_v17_ FISH-IF v2.4.4","1553","4891","4920","2742","2770","0","0","0","0","1","1","1781.2258","0","358.2208","0","0","0","0","0","0","0","0","0","0","0","0","0","0","0","0","0","0","0","0","116.18204","81.935036","34.247","25.74578","0.778471"
"D:\HAA\dACC revisions\Run 4\Br2720_dlPFC_20x_img_011-MaxIP-Stitched_unmixed-rotated.nd2","Layer 1","dACC_v17_ FISH-IF v2.4.4","1554","4884","4913","2775","2802","0","0","0","1","1","1","2161.7522","0","459.40118","14","29.413755","2","56017.324","1904.4601","0","0","0","0","0","0","0","0","0","0","0","0","0","0","0","109.04724","78.02241","31.024837","25.102137","0.853463"
"D:\HAA\dACC revisions\Run 4\Br2720_dlPFC_20x_img_011-MaxIP-Stitched_unmixed-rotated.nd2","Layer 1","dACC_v17_ FISH-IF v2.4.4","1555","4845","4875","2787","2817","0","0","0","1","1","1","2035.732","0","315.30478","18","40.829422","3","102992.66","2522.5107","0","0","0","0","0","0","0","0","0","0","0","0","0","0","0","126.538994","85.479416","41.059578","28.320358","0.923165"
"D:\HAA\dACC revisions\Run 4\Br2720_dlPFC_20x_img_011-MaxIP-Stitched_unmixed-rotated.nd2","Layer 1","dACC_v17_ FISH-IF v2.4.4","1556","4634","4663","2793","2820","0","0","1","0","1","1","2783.908","0","382.0063","0","0","0","0","0","3","6.398297","0","6894.5107","1077.554","0","0","0","0","0","4","3.176133","1","1671.3365","526.2174","114.43286","80.46204","33.970818","26.174877","0.827567"
"D:\HAA\dACC revisions\Run 4\Br2720_dlPFC_20x_img_011-MaxIP-Stitched_unmixed-rotated.nd2","Layer 1","dACC_v17_ FISH-IF v2.4.4","1557","4703","4729","2846","2874","0","0","0","0","1","1","2421.4023","0","350.3062","0","0","0","0","0","1","0.690464","0","482.45004","698.73334","0","0","0","0","0","2","1.795206","0","837.0262","466.2564","108.17265","66.74483","41.427826","27.891262","0.807011"
"D:\HAA\dACC revisions\Run 4\Br2720_dlPFC_20x_img_011-MaxIP-Stitched_unmixed-rotated.nd2","Layer 1","dACC_v17_ FISH-IF v2.4.4","1558","4682","4706","2851","2881","0","0","0","0","1","1","2630.9812","0","479.28308","1","0.598402","0","444.2444","742.38464","0","0","0","0","0","0","0","0","0","0","0","0","0","0","0","101.40611","64.71947","36.68664","28.320358","0.713026"
"D:\HAA\dACC revisions\Run 4\Br2720_dlPFC_20x_img_011-MaxIP-Stitched_unmixed-rotated.nd2","Layer 1","dACC_v17_ FISH-IF v2.4.4","1559","4746","4779","2868","2894","0","0","0","0","1","1","3291.843","0","509.7918","0","0","0","0","0","0","0","0","0","0","0","0","0","0","0","0","0","0","0","0","118.94389","86.676216","32.267673","28.320358","0.591152"
"D:\HAA\dACC revisions\Run 4\Br2720_dlPFC_20x_img_011-MaxIP-Stitched_unmixed-rotated.nd2","Layer 1","dACC_v17_ FISH-IF v2.4.4","1560","4677","4701","2891","2916","0","0","0","0","1","1","1812.776","0","281.21045","0","0","0","0","0","1","1.51902","0","1165.1346","767.0303","0","0","0","0","0","0","0","0","0","0","85.57147","66.05437","19.517109","20.596624","0.774306"
"D:\HAA\dACC revisions\Run 4\Br2720_dlPFC_20x_img_011-MaxIP-Stitched_unmixed-rotated.nd2","Layer 1","dACC_v17_ FISH-IF v2.4.4","1561","4659","4678","2900","2918","0","0","0","0","1","1","806.2481","0","140.713","0","0","0","0","0","0","0","0","0","0","0","0","0","0","0","0","0","0","0","0","52.15303","46.03092","6.122112","10.298312","0.820839"
"D:\HAA\dACC revisions\Run 4\Br2720_dlPFC_20x_img_011-MaxIP-Stitched_unmixed-rotated.nd2","Layer 1","dACC_v17_ FISH-IF v2.4.4","1562","4695","4727","2919","2946","0","0","0","0","1","1","2320.319","0","357.89517","0","0","0","0","0","0","0","0","0","0","0","0","0","0","0","1","0.50634","0","221.86902","438.18182","128.79451","86.9524","41.842106","28.749454","0.829863"
"D:\HAA\dACC revisions\Run 4\Br2720_dlPFC_20x_img_011-MaxIP-Stitched_unmixed-rotated.nd2","Layer 1","dACC_v17_ FISH-IF v2.4.4","1563","4662","4685","2961","2983","0","0","0","0","1","1","1497.6892","0","264.18628","0","0","0","0","0","0","0","0","0","0","0","0","0","0","0","2","2.761855","0","1419.3173","513.9","72.682816","59.057667","13.625152","15.876565","0.860416"
"D:\HAA\dACC revisions\Run 4\Br2720_dlPFC_20x_img_011-MaxIP-Stitched_unmixed-rotated.nd2","Layer 1","dACC_v17_ FISH-IF v2.4.4","1564","4859","4886","2972","3000","0","0","0","0","1","1","2334.071","0","436.7777","0","0","0","0","0","0","0","0","0","0","0","0","0","0","0","0","0","0","0","0","111.30276","78.896996","32.405766","25.316685","0.855243"
"D:\HAA\dACC revisions\Run 4\Br2720_dlPFC_20x_img_011-MaxIP-Stitched_unmixed-rotated.nd2","Layer 1","dACC_v17_ FISH-IF v2.4.4","1565","4693","4723","2987","3013","0","0","0","1","1","1","2357.8342","0","364.81134","12","32.451797","2","62612.727","1929.4071","0","0","0","0","0","0","0","0","0","0","0","0","0","0","0","117.240746","81.981064","35.25968","26.174877","0.813986"
"D:\HAA\dACC revisions\Run 4\Br2720_dlPFC_20x_img_011-MaxIP-Stitched_unmixed-rotated.nd2","Layer 1","dACC_v17_ FISH-IF v2.4.4","1566","4988","5006","3018","3040","0","0","0","0","1","1","1479.5253","0","290.38037","3","4.971339","0","6322.4844","1271.787","0","0","0","0","0","1","0.552371","0","346.56677","627.4167","0","0","0","0","0","62.924263","49.253082","13.671183","15.876565","0.894826"
"D:\HAA\dACC revisions\Run 4\Br2720_dlPFC_20x_img_011-MaxIP-Stitched_unmixed-rotated.nd2","Layer 1","dACC_v17_ FISH-IF v2.4.4","1567","4857","4882","3022","3043","0","0","0","0","1","1","1130.7102","0","199.98192","0","0","0","0","0","0","0","0","0","0","0","0","0","0","0","0","0","0","0","0","74.10978","61.083027","13.02675","17.163853","0.696014"
"D:\HAA\dACC revisions\Run 4\Br2720_dlPFC_20x_img_011-MaxIP-Stitched_unmixed-rotated.nd2","Layer 1","dACC_v17_ FISH-IF v2.4.4","1568","4835","4862","3047","3071","0","0","0","0","1","1","1558.7219","0","275.5756","1","2.117422","0","2301.3157","909","2","1.380928","0","963.6112","697.8","0","0","0","0","0","0","0","0","0","0","90.77297","69.41463","21.358345","20.811172","0.756122"
"D:\HAA\dACC revisions\Run 4\Br2720_dlPFC_20x_img_011-MaxIP-Stitched_unmixed-rotated.nd2","Layer 1","dACC_v17_ FISH-IF v2.4.4","1569","4792","4821","3071","3096","0","0","0","1","1","1","2372.9646","0","372.3555","11","24.304325","2","42352.633","1742.5966","0","0","0","0","0","0","0","0","0","0","0","0","0","0","0","105.64095","67.84957","37.79138","26.603973","0.896875"
"D:\HAA\dACC revisions\Run 4\Br2720_dlPFC_20x_img_011-MaxIP-Stitched_unmixed-rotated.nd2","Layer 1","dACC_v17_ FISH-IF v2.4.4","1570","5297","5321","1944","1970","0","0","0","1","1","1","1139.42","0","242.79205","17","37.008858","3","101007.664","2729.2837","0","0","0","0","0","0","0","0","0","0","0","0","0","0","0","94.50147","70.61143","23.890047","21.02572","0.900162"
"D:\HAA\dACC revisions\Run 4\Br2720_dlPFC_20x_img_011-MaxIP-Stitched_unmixed-rotated.nd2","Layer 1","dACC_v17_ FISH-IF v2.4.4","1571","5359","5380","1966","1985","0","0","0","0","1","1","1233.6821","0","151.5159","3","7.687163","0","11810.475","1536.3893","0","0","0","0","0","0","0","0","0","0","0","0","0","0","0","58.64339","50.68004","7.963349","12.014698","0.823901"
"D:\HAA\dACC revisions\Run 4\Br2720_dlPFC_20x_img_011-MaxIP-Stitched_unmixed-rotated.nd2","Layer 1","dACC_v17_ FISH-IF v2.4.4","1572","5133","5159","1982","2008","0","0","0","0","1","1","2100.3435","0","290.10294","0","0","0","0","0","0","0","0","0","0","0","0","0","0","0","0","0","0","0","0","98.92044","73.327255","25.59319","22.742105","0.819527"
"D:\HAA\dACC revisions\Run 4\Br2720_dlPFC_20x_img_011-MaxIP-Stitched_unmixed-rotated.nd2","Layer 1","dACC_v17_ FISH-IF v2.4.4","1573","5366","5392","1991","2017","0","0","0","1","1","1","1766.1545","0","248.98366","17","37.515198","3","98031.766","2613.1216","0","0","0","0","0","0","0","0","0","0","0","0","0","0","0","94.133224","67.619415","26.51381","22.527557","0.852536"
"D:\HAA\dACC revisions\Run 4\Br2720_dlPFC_20x_img_011-MaxIP-Stitched_unmixed-rotated.nd2","Layer 1","dACC_v17_ FISH-IF v2.4.4","1574","5380","5408","2007","2030","0","0","0","0","1","1","2180.185","0","582.9893","1","0.736495","0","873.43665","1185.9375","0","0","0","0","0","0","0","0","0","0","0","0","0","0","0","70.24318","38.896126","31.347055","26.818521","0.774872"
"D:\HAA\dACC revisions\Run 4\Br2720_dlPFC_20x_img_011-MaxIP-Stitched_unmixed-rotated.nd2","Layer 1","dACC_v17_ FISH-IF v2.4.4","1575","5137","5174","2010","2047","0","0","0","0","1","1","1339.815","0","248.59918","0","0","0","0","0","0","0","0","0","0","0","0","0","0","0","0","0","0","0","0","177.54124","111.85513","65.68612","42.05144","0.658512"
"D:\HAA\dACC revisions\Run 4\Br2720_dlPFC_20x_img_011-MaxIP-Stitched_unmixed-rotated.nd2","Layer 1","dACC_v17_ FISH-IF v2.4.4","1576","5390","5415","2015","2043","0","0","0","0","1","1","2319.2336","0","429.8355","0","0","0","0","0","0","0","0","0","0","0","0","0","0","0","0","0","0","0","0","80.36998","49.253082","31.1169","27.247618","0.73435"
"D:\HAA\dACC revisions\Run 4\Br2720_dlPFC_20x_img_011-MaxIP-Stitched_unmixed-rotated.nd2","Layer 1","dACC_v17_ FISH-IF v2.4.4","1577","5370","5392","2021","2048","0","0","0","0","1","1","1847.2858","0","493.51508","1","1.657113","0","2416.255","1458.1111","0","0","0","0","0","0","0","0","0","0","0","0","0","0","0","77.884315","59.517975","18.366337","20.811172","0.618146"
"D:\HAA\dACC revisions\Run 4\Br2720_dlPFC_20x_img_011-MaxIP-Stitched_unmixed-rotated.nd2","Layer 1","dACC_v17_ FISH-IF v2.4.4","1578","5317","5338","2043","2064","0","0","0","1","1","1","869.99097","0","131.60272","4","14.315616","1","20865.447","1457.5305","0","0","0","0","0","0","0","0","0","0","0","0","0","0","0","64.1671","53.994267","10.172832","13.731083","0.896336"
"D:\HAA\dACC revisions\Run 4\Br2720_dlPFC_20x_img_011-MaxIP-Stitched_unmixed-rotated.nd2","Layer 1","dACC_v17_ FISH-IF v2.4.4","1579","5227","5246","2073","2091","0","0","0","0","1","1","366.375","0","117.10021","0","0","0","0","0","0","0","0","0","0","0","0","0","0","0","0","0","0","0","0","48.884834","44.09762","4.787215","9.011024","0.918379"
"D:\HAA\dACC revisions\Run 4\Br2720_dlPFC_20x_img_011-MaxIP-Stitched_unmixed-rotated.nd2","Layer 1","dACC_v17_ FISH-IF v2.4.4","1580","5075","5101","2083","2105","0","0","0","1","1","1","1616.4541","0","262.77344","8","17.62984","1","28311.361","1605.8773","0","0","0","0","0","0","0","0","0","0","0","0","0","0","0","86.81431","67.25117","19.56314","19.738432","0.782868"
"D:\HAA\dACC revisions\Run 4\Br2720_dlPFC_20x_img_011-MaxIP-Stitched_unmixed-rotated.nd2","Layer 1","dACC_v17_ FISH-IF v2.4.4","1581","5326","5350","2083","2107","0","0","0","1","1","1","860.4793","0","150.88083","9","21.036129","1","39653.29","1885.0088","0","0","0","0","0","0","0","0","0","0","0","0","0","0","0","80.83029","64.12107","16.709223","18.665691","0.782807"
"D:\HAA\dACC revisions\Run 4\Br2720_dlPFC_20x_img_011-MaxIP-Stitched_unmixed-rotated.nd2","Layer 1","dACC_v17_ FISH-IF v2.4.4","1582","5209","5238","2095","2124","0","0","0","0","1","1","2154.262","0","369.38495","0","0","0","0","0","0","0","0","0","0","0","0","0","0","0","0","0","0","0","0","118.575645","82.02709","36.54855","27.03307","0.925555"
"D:\HAA\dACC revisions\Run 4\Br2720_dlPFC_20x_img_011-MaxIP-Stitched_unmixed-rotated.nd2","Layer 1","dACC_v17_ FISH-IF v2.4.4","1583","5236","5264","2118","2145","0","0","0","1","1","1","1692.7189","0","349.45825","19","44.64999","3","109903.42","2461.4434","0","0","0","0","0","0","0","0","0","0","0","0","0","0","0","118.02327","82.165184","35.858086","25.74578","0.893405"
"D:\HAA\dACC revisions\Run 4\Br2720_dlPFC_20x_img_011-MaxIP-Stitched_unmixed-rotated.nd2","Layer 1","dACC_v17_ FISH-IF v2.4.4","1584","5032","5062","2178","2205","0","0","0","0","1","1","2098.377","0","415.95114","0","0","0","0","0","1","1.472989","0","1310.132","889.4375","0","0","0","0","0","0","0","0","0","0","115.81379","81.01441","34.799374","26.174877","0.859754"
"D:\HAA\dACC revisions\Run 4\Br2720_dlPFC_20x_img_011-MaxIP-Stitched_unmixed-rotated.nd2","Layer 1","dACC_v17_ FISH-IF v2.4.4","1585","5226","5247","2212","2232","0","0","0","0","1","1","842.4896","0","162.00734","3","5.845926","0","7057.368","1207.2284","0","0","0","0","0","0","0","0","0","0","0","0","0","0","0","65.73215","50.21973","15.512419","18.022047","0.629346"
"D:\HAA\dACC revisions\Run 4\Br2720_dlPFC_20x_img_011-MaxIP-Stitched_unmixed-rotated.nd2","Layer 1","dACC_v17_ FISH-IF v2.4.4","1586","5247","5261","2213","2233","0","0","0","0","1","1","673.96576","0","144.83287","3","9.942678","0","16977.076","1707.4954","0","0","0","0","0","0","0","0","0","0","0","0","0","0","0","39.770714","33.050198","6.720514","11.371053","0.770935"
"D:\HAA\dACC revisions\Run 4\Br2720_dlPFC_20x_img_011-MaxIP-Stitched_unmixed-rotated.nd2","Layer 1","dACC_v17_ FISH-IF v2.4.4","1587","5110","5136","2219","2246","0","0","0","0","1","1","3067.334","0","420.4374","1","1.150773","0","953.53046","828.6","0","0","0","0","0","0","0","0","0","0","0","0","0","0","0","100.30137","73.5574","26.743963","22.742105","0.888307"
"D:\HAA\dACC revisions\Run 4\Br2720_dlPFC_20x_img_011-MaxIP-Stitched_unmixed-rotated.nd2","Layer 1","dACC_v17_ FISH-IF v2.4.4","1588","5237","5261","2234","2263","0","0","0","0","1","1","1880.82","0","337.55844","0","0","0","0","0","0","0","0","0","0","0","0","0","0","0","0","0","0","0","0","93.67292","72.45267","21.220253","22.31301","0.658423"
"D:\HAA\dACC revisions\Run 4\Br2720_dlPFC_20x_img_011-MaxIP-Stitched_unmixed-rotated.nd2","Layer 1","dACC_v17_ FISH-IF v2.4.4","1589","5284","5308","2237","2259","0","0","0","0","1","1","2276.0947","0","529.24146","0","0","0","0","0","0","0","0","0","0","0","0","0","0","0","0","0","0","0","0","67.84957","48.424526","19.425047","19.309336","0.853404"
"D:\HAA\dACC revisions\Run 4\Br2720_dlPFC_20x_img_011-MaxIP-Stitched_unmixed-rotated.nd2","Layer 1","dACC_v17_ FISH-IF v2.4.4","1590","5295","5321","2244","2265","0","0","0","0","1","1","2057.8909","0","395.20483","0","0","0","0","0","0","0","0","0","0","0","0","0","0","0","0","0","0","0","0","65.87024","49.437206","16.433037","19.738432","0.652039"
"D:\HAA\dACC revisions\Run 4\Br2720_dlPFC_20x_img_011-MaxIP-Stitched_unmixed-rotated.nd2","Layer 1","dACC_v17_ FISH-IF v2.4.4","1591","5079","5098","2271","2290","0","0","0","0","1","1","847.5315","0","143.11058","0","0","0","0","0","0","0","0","0","0","0","0","0","0","0","0","0","0","0","0","54.454575","47.872154","6.582421","10.727408","0.901023"
"D:\HAA\dACC revisions\Run 4\Br2720_dlPFC_20x_img_011-MaxIP-Stitched_unmixed-rotated.nd2","Layer 1","dACC_v17_ FISH-IF v2.4.4","1592","5293","5318","2284","2309","0","0","0","1","1","1","1567.6108","0","324.31094","4","6.628452","1","5576.4614","841.2917","0","0","0","0","0","0","0","0","0","0","0","0","0","0","0","92.70627","69.87493","22.831335","20.596624","0.874793"
"D:\HAA\dACC revisions\Run 4\Br2720_dlPFC_20x_img_011-MaxIP-Stitched_unmixed-rotated.nd2","Layer 1","dACC_v17_ FISH-IF v2.4.4","1593","4708","4729","1905","1925","0","0","0","0","1","1","1299.2078","0","188.86186","2","4.557061","0","4384.813","962.202","0","0","0","0","0","0","0","0","0","0","0","0","0","0","0","62.509987","52.981586","9.528399","12.87289","0.883665"
"D:\HAA\dACC revisions\Run 4\Br2720_dlPFC_20x_img_011-MaxIP-Stitched_unmixed-rotated.nd2","Layer 1","dACC_v17_ FISH-IF v2.4.4","1594","4986","5013","1935","1961","0","0","0","0","1","1","2671.7068","0","366.02454","0","0","0","0","0","0","0","0","0","0","0","0","0","0","0","0","0","0","0","0","107.20601","76.91766","30.288343","23.600298","0.899711"
"D:\HAA\dACC revisions\Run 4\Br2720_dlPFC_20x_img_011-MaxIP-Stitched_unmixed-rotated.nd2","Layer 1","dACC_v17_ FISH-IF v2.4.4","1595","4991","5023","1965","1991","0","0","0","0","1","1","2237.9177","0","367.6246","0","0","0","0","0","0","0","0","0","0","0","0","0","0","0","0","0","0","0","0","120.278786","83.86833","36.410458","27.03307","0.782332"
"D:\HAA\dACC revisions\Run 4\Br2720_dlPFC_20x_img_011-MaxIP-Stitched_unmixed-rotated.nd2","Layer 1","dACC_v17_ FISH-IF v2.4.4","1596","4733","4756","1978","1999","0","0","0","0","1","1","1318.6182","0","207.66667","0","0","0","0","0","0","0","0","0","0","0","0","0","0","0","2","1.795206","0","851.4339","474.28204","68.58607","56.894215","11.691853","14.589275","0.798763"
"D:\HAA\dACC revisions\Run 4\Br2720_dlPFC_20x_img_011-MaxIP-Stitched_unmixed-rotated.nd2","Layer 1","dACC_v17_ FISH-IF v2.4.4","1597","4795","4824","2021","2045","0","0","0","0","1","1","1762.0577","0","355.43808","0","0","0","0","0","0","0","0","0","0","0","0","0","0","0","0","0","0","0","0","99.47282","73.97169","25.50113","22.742105","0.740779"
"D:\HAA\dACC revisions\Run 4\Br2720_dlPFC_20x_img_011-MaxIP-Stitched_unmixed-rotated.nd2","Layer 1","dACC_v17_ FISH-IF v2.4.4","1598","4660","4689","2025","2052","0","0","0","1","1","1","2341.4028","0","353.18286","16","39.356434","3","101611.59","2581.8293","0","0","0","0","0","1","0.598402","0","383.5296","640.9231","0","0","0","0","0","116.36616","81.06045","35.305714","25.74578","0.891174"
"D:\HAA\dACC revisions\Run 4\Br2720_dlPFC_20x_img_011-MaxIP-Stitched_unmixed-rotated.nd2","Layer 1","dACC_v17_ FISH-IF v2.4.4","1599","4855","4874","2031","2052","0","0","0","0","1","1","1254.8779","0","170.19078","0","0","0","0","0","0","0","0","0","0","0","0","0","0","0","0","0","0","0","0","58.82751","50.910194","7.917318","12.014698","0.829854"
"D:\HAA\dACC revisions\Run 4\Br2720_dlPFC_20x_img_011-MaxIP-Stitched_unmixed-rotated.nd2","Layer 1","dACC_v17_ FISH-IF v2.4.4","1600","4724","4746","2056","2079","0","0","0","0","1","1","1664.237","0","237.65283","0","0","0","0","0","0","0","0","0","0","0","0","0","0","0","0","0","0","0","0","76.13514","60.990967","15.144172","16.734756","0.893455"
"D:\HAA\dACC revisions\Run 4\Br2720_dlPFC_20x_img_011-MaxIP-Stitched_unmixed-rotated.nd2","Layer 1","dACC_v17_ FISH-IF v2.4.4","1601","4633","4653","2067","2087","0","0","0","0","1","1","1015.26086","0","154.93698","0","0","0","0","0","0","0","0","0","0","0","0","0","0","0","0","0","0","0","0","57.07834","49.66736","7.410978","11.585601","0.816193"
"D:\HAA\dACC revisions\Run 4\Br2720_dlPFC_20x_img_011-MaxIP-Stitched_unmixed-rotated.nd2","Layer 1","dACC_v17_ FISH-IF v2.4.4","1602","4709","4726","2069","2088","0","0","0","0","1","1","591.1233","0","137.0587","0","0","0","0","0","0","0","0","0","0","0","0","0","0","0","0","0","0","0","0","44.926174","41.565918","3.360257","7.509186","0.731908"
"D:\HAA\dACC revisions\Run 4\Br2720_dlPFC_20x_img_011-MaxIP-Stitched_unmixed-rotated.nd2","Layer 1","dACC_v17_ FISH-IF v2.4.4","1603","4823","4856","2094","2122","0","0","0","0","1","1","2039.9741","0","354.78772","0","0","0","0","0","0","0","0","0","0","0","0","0","0","0","0","0","0","0","0","135.19281","90.63488","44.55793","30.036743","0.750812"
"D:\HAA\dACC revisions\Run 4\Br2720_dlPFC_20x_img_011-MaxIP-Stitched_unmixed-rotated.nd2","Layer 1","dACC_v17_ FISH-IF v2.4.4","1604","4712","4741","2100","2126","0","0","0","0","1","1","1454.0234","0","305.66187","0","0","0","0","0","0","0","0","0","0","0","0","0","0","0","0","0","0","0","0","108.03456","76.64148","31.393085","27.462166","0.696528"
"D:\HAA\dACC revisions\Run 4\Br2720_dlPFC_20x_img_011-MaxIP-Stitched_unmixed-rotated.nd2","Layer 1","dACC_v17_ FISH-IF v2.4.4","1605","4740","4767","2100","2135","0","0","0","0","1","1","2043.0383","0","463.3245","0","0","0","0","0","0","0","0","0","0","0","0","0","0","0","0","0","0","0","0","138.69115","83.40802","55.28313","35.829544","0.700742"
"D:\HAA\dACC revisions\Run 4\Br2720_dlPFC_20x_img_011-MaxIP-Stitched_unmixed-rotated.nd2","Layer 1","dACC_v17_ FISH-IF v2.4.4","1606","4746","4767","2130","2147","0","0","0","0","1","1","1228.655","0","344.82312","0","0","0","0","0","0","0","0","0","0","0","0","0","0","0","0","0","0","0","0","49.5753","39.034218","10.54108","15.23292","0.653598"
"D:\HAA\dACC revisions\Run 4\Br2720_dlPFC_20x_img_011-MaxIP-Stitched_unmixed-rotated.nd2","Layer 1","dACC_v17_ FISH-IF v2.4.4","1607","4668","4701","2126","2153","0","0","0","0","1","1","2284.9138","0","377.17245","0","0","0","0","0","0","0","0","0","0","0","0","0","0","0","2","2.853917","0","1445.1406","506.37097","130.49765","88.885704","41.61195","30.036743","0.758477"
"D:\HAA\dACC revisions\Run 4\Br2720_dlPFC_20x_img_011-MaxIP-Stitched_unmixed-rotated.nd2","Layer 1","dACC_v17_ FISH-IF v2.4.4","1608","4715","4743","2204","2227","0","0","0","0","1","1","1841.2621","0","329.94904","0","0","0","0","0","0","0","0","0","0","0","0","0","0","0","0","0","0","0","0","94.17926","71.34792","22.831335","21.883913","0.738667"
"D:\HAA\dACC revisions\Run 4\Br2720_dlPFC_20x_img_011-MaxIP-Stitched_unmixed-rotated.nd2","Layer 1","dACC_v17_ FISH-IF v2.4.4","1609","4782","4801","2209","2229","0","0","0","0","1","1","824.6824","0","151.42215","2","5.753865","0","6167.9126","1071.96","0","0","0","0","0","0","0","0","0","0","0","0","0","0","0","58.965607","51.14035","7.825256","12.014698","0.737502"
"D:\HAA\dACC revisions\Run 4\Br2720_dlPFC_20x_img_011-MaxIP-Stitched_unmixed-rotated.nd2","Layer 1","dACC_v17_ FISH-IF v2.4.4","1610","4989","5023","2227","2253","0","0","0","0","1","1","2322.8389","0","353.52594","0","0","0","0","0","0","0","0","0","0","0","0","0","0","0","0","0","0","0","0","128.47229","88.74761","39.72468","29.607647","0.693162"
"D:\HAA\dACC revisions\Run 4\Br2720_dlPFC_20x_img_011-MaxIP-Stitched_unmixed-rotated.nd2","Layer 1","dACC_v17_ FISH-IF v2.4.4","1611","4688","4718","2265","2293","0","0","0","0","1","1","2288.6106","0","400.73178","0","0","0","0","0","0","0","0","0","0","0","0","0","0","0","0","0","0","0","0","128.10405","86.492096","41.61195","27.891262","0.884239"
"D:\HAA\dACC revisions\Run 4\Br2720_dlPFC_20x_img_011-MaxIP-Stitched_unmixed-rotated.nd2","Layer 1","dACC_v17_ FISH-IF v2.4.4","1612","4642","4661","2286","2310","0","0","0","0","1","1","2127.5833","0","495.15808","0","0","0","0","0","0","0","0","0","0","0","0","0","0","0","0","0","0","0","0","72.498695","50.08164","22.417057","20.596624","0.752636"
"D:\HAA\dACC revisions\Run 4\Br2720_dlPFC_20x_img_011-MaxIP-Stitched_unmixed-rotated.nd2","Layer 1","dACC_v17_ FISH-IF v2.4.4","1613","1155","1192","1487","1523","0","1","1","0","1","1","1335.6455","0","253.29099","0","0","0","0","0","0","0","0","0","0","15","14.453708","3","14640.777","1012.9427","22","48.70071","3","28962.93","594.71265","181.13165","108.67899","72.45267","39.476864","0.784368"
"D:\HAA\dACC revisions\Run 4\Br2720_dlPFC_20x_img_011-MaxIP-Stitched_unmixed-rotated.nd2","Layer 1","dACC_v17_ FISH-IF v2.4.4","1614","1397","1416","1504","1523","0","0","0","0","1","1","420.99295","0","129.8744","0","0","0","0","0","0","0","0","0","0","1","0.50634","0","350.20322","691.63635","0","0","0","0","0","45.386486","38.850094","6.53639","10.727408","0.813916"
"D:\HAA\dACC revisions\Run 4\Br2720_dlPFC_20x_img_011-MaxIP-Stitched_unmixed-rotated.nd2","Layer 1","dACC_v17_ FISH-IF v2.4.4","1615","1057","1079","1507","1532","0","0","0","0","1","1","3007.7805","0","417.2963","2","5.385617","0","6202.62","1151.7008","0","0","0","0","0","1","0.690464","0","443.00156","641.6","0","0","0","0","0","81.612816","64.62741","16.985409","17.807499","0.809875"
"D:\HAA\dACC revisions\Run 4\Br2720_dlPFC_20x_img_011-MaxIP-Stitched_unmixed-rotated.nd2","Layer 1","dACC_v17_ FISH-IF v2.4.4","1616","1110","1147","1508","1549","0","1","0","0","1","1","3209.0847","0","549.55347","1","0.828557","0","609.0351","735.05554","0","0","0","0","0","16","18.274275","3","15498.748","848.1184","0","0","0","0","0","205.02171","121.42956","83.59215","45.055115","0.724668"
"D:\HAA\dACC revisions\Run 4\Br2720_dlPFC_20x_img_011-MaxIP-Stitched_unmixed-rotated.nd2","Layer 1","dACC_v17_ FISH-IF v2.4.4","1617","1407","1423","1513","1527","0","0","0","0","1","1","377.4","0","154.4218","0","0","0","0","0","0","0","0","0","0","1","1.196804","0","953.48444","796.6923","1","1.933299","0","1077.5377","557.3571","28.262983","26.191591","2.071391","5.578252","0.790868"
"D:\HAA\dACC revisions\Run 4\Br2720_dlPFC_20x_img_011-MaxIP-Stitched_unmixed-rotated.nd2","Layer 1","dACC_v17_ FISH-IF v2.4.4","1618","1349","1376","1524","1546","0","0","0","0","1","1","2733.68","0","455.7074","0","0","0","0","0","1","0.828557","0","609.0351","735.05554","0","0","0","0","0","0","0","0","0","0","86.90637","59.14973","27.756643","24.029396","0.79819"
"D:\HAA\dACC revisions\Run 4\Br2720_dlPFC_20x_img_011-MaxIP-Stitched_unmixed-rotated.nd2","Layer 1","dACC_v17_ FISH-IF v2.4.4","1619","1400","1427","1526","1550","0","1","1","0","1","1","679.23737","0","134.33221","0","0","0","0","0","0","0","0","0","0","11","9.160152","2","9580.369","1045.8744","4","7.641132","1","4133.8525","501.7095","87.22859","69.00034","18.228243","21.883913","0.627278"
"D:\HAA\dACC revisions\Run 4\Br2720_dlPFC_20x_img_011-MaxIP-Stitched_unmixed-rotated.nd2","Layer 1","dACC_v17_ FISH-IF v2.4.4","1620","1346","1375","1544","1565","0","0","0","0","1","1","2560.3345","0","461.22623","0","0","0","0","0","3","4.234844","0","4063.7014","929.28424","0","0","0","0","0","0","0","0","0","0","86.58415","60.024315","26.55984","24.029396","0.786596"
"D:\HAA\dACC revisions\Run 4\Br2720_dlPFC_20x_img_011-MaxIP-Stitched_unmixed-rotated.nd2","Layer 1","dACC_v17_ FISH-IF v2.4.4","1621","1047","1071","1544","1574","0","1","1","0","1","1","1325.7294","0","268.70242","0","0","0","0","0","0","0","0","0","0","11","7.733194","2","7564.675","902.96155","4","5.01737","1","2785.2388","555.11926","105.68699","64.35122","41.335762","28.320358","0.771602"
"D:\HAA\dACC revisions\Run 4\Br2720_dlPFC_20x_img_011-MaxIP-Stitched_unmixed-rotated.nd2","Layer 1","dACC_v17_ FISH-IF v2.4.4","1622","1069","1087","1551","1577","0","1","0","0","1","1","1040.8096","0","248.38113","0","0","0","0","0","0","0","0","0","0","7","7.410978","1","5915.9854","747.22095","2","3.222164","0","1612.1409","500.32858","67.89561","46.859474","21.036129","19.95298","0.68479"
"D:\HAA\dACC revisions\Run 4\Br2720_dlPFC_20x_img_011-MaxIP-Stitched_unmixed-rotated.nd2","Layer 1","dACC_v17_ FISH-IF v2.4.4","1623","1203","1222","1569","1588","0","0","0","0","1","1","397.26828","0","143.09662","0","0","0","0","0","0","0","0","0","0","0","0","0","0","0","0","0","0","0","0","51.876842","46.215042","5.661803","9.869216","0.807009"
"D:\HAA\dACC revisions\Run 4\Br2720_dlPFC_20x_img_011-MaxIP-Stitched_unmixed-rotated.nd2","Layer 1","dACC_v17_ FISH-IF v2.4.4","1624","1094","1124","1578","1605","0","0","0","0","1","1","2681.8323","0","399.5182","0","0","0","0","0","0","0","0","0","0","3","2.853917","0","2557.0176","895.9677","2","1.703144","0","800.5697","470.05405","118.48358","82.25725","36.226334","27.03307","0.851907"
"D:\HAA\dACC revisions\Run 4\Br2720_dlPFC_20x_img_011-MaxIP-Stitched_unmixed-rotated.nd2","Layer 1","dACC_v17_ FISH-IF v2.4.4","1625","1191","1204","1578","1594","0","0","0","0","1","1","1271.5","0","272.67783","1","0.874587","0","916.70575","1048.1578","0","0","0","0","0","0","0","0","0","0","0","0","0","0","0","27.52649","26.145561","1.380928","4.505512","0.73539"
"D:\HAA\dACC revisions\Run 4\Br2720_dlPFC_20x_img_011-MaxIP-Stitched_unmixed-rotated.nd2","Layer 1","dACC_v17_ FISH-IF v2.4.4","1626","1171","1195","1581","1605","0","0","0","1","1","1","1707.8679","0","298.87778","5","5.385617","1","4551.0767","845.0427","0","0","0","0","0","0","0","0","0","0","0","0","0","0","0","75.214516","59.886223","15.328296","20.382076","0.552047"
"D:\HAA\dACC revisions\Run 4\Br2720_dlPFC_20x_img_011-MaxIP-Stitched_unmixed-rotated.nd2","Layer 1","dACC_v17_ FISH-IF v2.4.4","1627","1383","1426","1597","1635","0","0","1","0","1","1","3127.552","0","476.7611","0","0","0","0","0","0","0","0","0","0","0","0","0","0","0","53","74.10978","4","84205.19","1136.2224","212.43268","126.216774","86.21591","48.058792","0.720106"
"D:\HAA\dACC revisions\Run 4\Br2720_dlPFC_20x_img_011-MaxIP-Stitched_unmixed-rotated.nd2","Layer 1","dACC_v17_ FISH-IF v2.4.4","1628","1169","1190","1610","1630","0","0","0","0","1","1","1460.0195","0","197.21675","3","7.687163","0","11030.0205","1434.8623","0","0","0","0","0","0","0","0","0","0","0","0","0","0","0","62.74014","53.303802","9.436338","13.087439","0.815343"
"D:\HAA\dACC revisions\Run 4\Br2720_dlPFC_20x_img_011-MaxIP-Stitched_unmixed-rotated.nd2","Layer 1","dACC_v17_ FISH-IF v2.4.4","1629","1074","1102","1655","1680","0","0","0","0","1","1","2768.2576","0","619.3722","3","8.239534","0","10439.72","1267.028","0","0","0","0","0","0","0","0","0","0","0","0","0","0","0","102.41879","73.0971","29.321695","24.458492","0.773694"
"D:\HAA\dACC revisions\Run 4\Br2720_dlPFC_20x_img_011-MaxIP-Stitched_unmixed-rotated.nd2","Layer 1","dACC_v17_ FISH-IF v2.4.4","1630","1238","1261","1667","1694","0","0","0","0","1","1","2691.3274","0","400.02637","2","2.255515","0","2782.2468","1233.5306","0","0","0","0","0","0","0","0","0","0","0","0","0","0","0","95.51415","59.379883","36.13427","26.174877","0.824925"
"D:\HAA\dACC revisions\Run 4\Br2720_dlPFC_20x_img_011-MaxIP-Stitched_unmixed-rotated.nd2","Layer 1","dACC_v17_ FISH-IF v2.4.4","1631","1260","1284","1668","1696","0","0","0","1","1","1","2363.9038","0","366.1519","7","21.312315","1","34534.65","1620.4082","0","0","0","0","0","0","0","0","0","0","0","0","0","0","0","100.531525","62.74014","37.79138","27.462166","0.809371"
"D:\HAA\dACC revisions\Run 4\Br2720_dlPFC_20x_img_011-MaxIP-Stitched_unmixed-rotated.nd2","Layer 1","dACC_v17_ FISH-IF v2.4.4","1632","1058","1097","1677","1716","0","0","0","0","1","1","3283.9224","0","614.8457","0","0","0","0","0","0","0","0","0","0","0","0","0","0","0","0","0","0","0","0","200.41861","119.31214","81.106476","45.69876","0.691064"
"D:\HAA\dACC revisions\Run 4\Br2720_dlPFC_20x_img_011-MaxIP-Stitched_unmixed-rotated.nd2","Layer 1","dACC_v17_ FISH-IF v2.4.4","1633","1099","1140","1702","1738","0","1","1","0","1","1","989.24194","0","200.65485","0","0","0","0","0","0","0","0","0","0","44","39.356434","4","40129.66","1010.19464","32","75.6288","4","44911.08","593.8357","195.76949","114.15668","81.612816","42.909634","0.813591"
"D:\HAA\dACC revisions\Run 4\Br2720_dlPFC_20x_img_011-MaxIP-Stitched_unmixed-rotated.nd2","Layer 1","dACC_v17_ FISH-IF v2.4.4","1634","1223","1255","1713","1751","0","0","0","0","1","1","1730.9509","0","314.1664","0","0","0","0","0","0","0","0","0","0","0","0","0","0","0","0","0","0","0","0","152.13219","94.04117","58.09102","41.19325","0.604508"
"D:\HAA\dACC revisions\Run 4\Br2720_dlPFC_20x_img_011-MaxIP-Stitched_unmixed-rotated.nd2","Layer 1","dACC_v17_ FISH-IF v2.4.4","1635","1158","1184","1716","1743","0","1","0","0","1","1","1357.6173","0","249.54585","0","0","0","0","0","0","0","0","0","0","14","15.098141","2","13585.565","899.8171","0","0","0","0","0","96.71096","72.77488","23.936077","22.742105","0.81809"
"D:\HAA\dACC revisions\Run 4\Br2720_dlPFC_20x_img_011-MaxIP-Stitched_unmixed-rotated.nd2","Layer 1","dACC_v17_ FISH-IF v2.4.4","1636","1252","1273","1733","1759","0","0","0","0","1","1","1863.6311","0","315.7896","0","0","0","0","0","0","0","0","0","0","0","0","0","0","0","0","0","0","0","0","76.50339","55.78947","20.713913","22.742105","0.629864"
"D:\HAA\dACC revisions\Run 4\Br2720_dlPFC_20x_img_011-MaxIP-Stitched_unmixed-rotated.nd2","Layer 1","dACC_v17_ FISH-IF v2.4.4","1637","1173","1201","1757","1782","0","0","0","1","1","1","3035.244","0","452.77832","9","20.483759","1","26661.154","1292.8594","0","0","0","0","0","0","0","0","0","0","0","0","0","0","0","99.97916","73.92565","26.0535","23.171202","0.796551"
"D:\HAA\dACC revisions\Run 4\Br2720_dlPFC_20x_img_011-MaxIP-Stitched_unmixed-rotated.nd2","Layer 1","dACC_v17_ FISH-IF v2.4.4","1638","1049","1077","1799","1827","0","0","0","1","1","1","2624.6304","0","421.70175","7","17.859997","1","28472.654","1594.2139","0","0","0","0","0","0","0","0","0","0","1","0.322216","0","137.40228","426.42856","110.33611","78.71287","31.62324","25.316685","0.851749"
"D:\HAA\dACC revisions\Run 4\Br2720_dlPFC_20x_img_011-MaxIP-Stitched_unmixed-rotated.nd2","Layer 1","dACC_v17_ FISH-IF v2.4.4","1639","1014","1049","1808","1830","0","0","0","0","1","1","572.71405","0","139.95853","0","0","0","0","0","2","3.222164","0","2806.643","871.04285","1","1.380928","0","1167.0679","845.13336","3","2.163453","0","1015.16583","469.23404","111.53291","86.58415","24.948757","27.462166","0.529574"
"D:\HAA\dACC revisions\Run 4\Br2720_dlPFC_20x_img_011-MaxIP-Stitched_unmixed-rotated.nd2","Layer 1","dACC_v17_ FISH-IF v2.4.4","1640","1387","1402","1809","1826","0","0","0","0","1","1","826.475","0","259.98355","0","0","0","0","0","0","0","0","0","0","0","0","0","0","0","0","0","0","0","0","38.251694","36.410458","1.841237","5.578252","0.691813"
"D:\HAA\dACC revisions\Run 4\Br2720_dlPFC_20x_img_011-MaxIP-Stitched_unmixed-rotated.nd2","Layer 1","dACC_v17_ FISH-IF v2.4.4","1641","1141","1165","1809","1829","0","0","1","0","1","1","1099.4388","0","193.95439","0","0","0","0","0","0","0","0","0","0","0","0","0","0","0","7","11.968039","1","6833.704","570.99615","67.435295","56.525967","10.909328","14.589275","0.750854"
"D:\HAA\dACC revisions\Run 4\Br2720_dlPFC_20x_img_011-MaxIP-Stitched_unmixed-rotated.nd2","Layer 1","dACC_v17_ FISH-IF v2.4.4","1642","1177","1211","1815","1842","0","0","0","0","1","1","3330.5295","0","622.3185","0","0","0","0","0","0","0","0","0","0","0","0","0","0","0","1","1.196804","0","627.3093","524.1539","118.98992","77.60812","41.381794","32.182224","0.663353"
"D:\HAA\dACC revisions\Run 4\Br2720_dlPFC_20x_img_011-MaxIP-Stitched_unmixed-rotated.nd2","Layer 1","dACC_v17_ FISH-IF v2.4.4","1643","1367","1390","1818","1843","0","0","0","0","1","1","1903.5343","0","413.97083","0","0","0","0","0","0","0","0","0","0","0","0","0","0","0","0","0","0","0","0","79.403336","59.932255","19.471079","19.738432","0.787369"
"D:\HAA\dACC revisions\Run 4\Br2720_dlPFC_20x_img_011-MaxIP-Stitched_unmixed-rotated.nd2","Layer 1","dACC_v17_ FISH-IF v2.4.4","1644","1230","1257","1829","1856","0","1","1","0","1","1","2886.4536","0","375.76425","0","0","0","0","0","0","0","0","0","0","44","26.928087","4","43247.2","1606.0256","7","9.528399","1","5122.8267","537.6377","107.06792","76.733536","30.334375","23.600298","0.929845"
"D:\HAA\dACC revisions\Run 4\Br2720_dlPFC_20x_img_011-MaxIP-Stitched_unmixed-rotated.nd2","Layer 1","dACC_v17_ FISH-IF v2.4.4","1645","1378","1406","1832","1859","0","0","0","0","1","1","2598.4717","0","484.59912","0","0","0","0","0","0","0","0","0","0","0","0","0","0","0","0","0","0","0","0","105.5489","73.14313","32.405766","24.458492","0.849598"
"D:\HAA\dACC revisions\Run 4\Br2720_dlPFC_20x_img_011-MaxIP-Stitched_unmixed-rotated.nd2","Layer 1","dACC_v17_ FISH-IF v2.4.4","1646","1169","1195","1835","1859","0","0","0","0","1","1","3293.3381","0","678.73206","0","0","0","0","0","0","0","0","0","0","0","0","0","0","0","1","0.690464","0","379.24872","549.26666","90.35869","62.18777","28.170921","23.600298","0.848289"
"D:\HAA\dACC revisions\Run 4\Br2720_dlPFC_20x_img_011-MaxIP-Stitched_unmixed-rotated.nd2","Layer 1","dACC_v17_ FISH-IF v2.4.4","1647","1194","1219","1841","1860","0","0","1","0","1","1","1156.351","0","734.4","0","0","0","0","0","0","0","0","0","0","0","0","0","0","0","5","10.264894","1","5932.281","577.9193","67.89561","55.69741","12.198194","16.520208","0.580336"
"D:\HAA\dACC revisions\Run 4\Br2720_dlPFC_20x_img_011-MaxIP-Stitched_unmixed-rotated.nd2","Layer 1","dACC_v17_ FISH-IF v2.4.4","1648","1311","1333","1853","1872","0","0","0","0","1","1","1392.6649","0","193.5365","0","0","0","0","0","0","0","0","0","0","0","0","0","0","0","0","0","0","0","0","61.26715","52.337154","8.929998","12.658342","0.821469"
"D:\HAA\dACC revisions\Run 4\Br2720_dlPFC_20x_img_011-MaxIP-Stitched_unmixed-rotated.nd2","Layer 1","dACC_v17_ FISH-IF v2.4.4","1649","1272","1299","1863","1887","0","0","0","0","1","1","1678.4056","0","278.4309","0","0","0","0","0","0","0","0","0","0","0","0","0","0","0","0","0","0","0","0","91.417404","69.966995","21.450407","21.454817","0.739167"
"D:\HAA\dACC revisions\Run 4\Br2720_dlPFC_20x_img_011-MaxIP-Stitched_unmixed-rotated.nd2","Layer 1","dACC_v17_ FISH-IF v2.4.4","1650","1328","1357","1868","1896","0","0","0","0","1","1","2629.5662","0","445.9575","0","0","0","0","0","0","0","0","0","0","0","0","0","0","0","0","0","0","0","0","113.144","80.139824","33.00417","26.603973","0.826353"
"D:\HAA\dACC revisions\Run 4\Br2720_dlPFC_20x_img_011-MaxIP-Stitched_unmixed-rotated.nd2","Layer 1","dACC_v17_ FISH-IF v2.4.4","1651","1553","1580","1089","1123","0","1","1","0","1","1","1458.0908","0","190.21478","0","0","0","0","0","0","0","0","0","0","21","23.199583","3","19512.045","834.42914","75","85.24926","4","117470.26","1377.9622","140.94667","92.79833","48.14834","30.894936","0.810991"
"D:\HAA\dACC revisions\Run 4\Br2720_dlPFC_20x_img_011-MaxIP-Stitched_unmixed-rotated.nd2","Layer 1","dACC_v17_ FISH-IF v2.4.4","1652","1748","1783","1099","1133","1","0","1","0","1","1","840.6106","0","202.92401","1","1.01268","0","889.50146","878.36365","12","21.542469","2","19682.682","913.6688","0","0","0","0","0","25","55.421227","3","33178.395","598.6586","149.1862","102.37276","46.813442","36.902287","0.565175"
"D:\HAA\dACC revisions\Run 4\Br2720_dlPFC_20x_img_011-MaxIP-Stitched_unmixed-rotated.nd2","Layer 1","dACC_v17_ FISH-IF v2.4.4","1653","1497","1517","1103","1122","0","0","0","0","1","1","674.3457","0","149.97498","0","0","0","0","0","0","0","0","0","0","0","0","0","0","0","0","0","0","0","0","57.124367","49.66736","7.457009","11.585601","0.832798"
"D:\HAA\dACC revisions\Run 4\Br2720_dlPFC_20x_img_011-MaxIP-Stitched_unmixed-rotated.nd2","Layer 1","dACC_v17_ FISH-IF v2.4.4","1654","1651","1675","1110","1134","0","0","0","0","1","1","3261.0159","0","448.57492","0","0","0","0","0","0","0","0","0","0","0","0","0","0","0","0","0","0","0","0","89.069824","65.73215","23.337675","21.02572","0.860872"
"D:\HAA\dACC revisions\Run 4\Br2720_dlPFC_20x_img_011-MaxIP-Stitched_unmixed-rotated.nd2","Layer 1","dACC_v17_ FISH-IF v2.4.4","1655","1429","1456","1117","1143","0","0","0","0","1","1","1806.7703","0","355.8987","0","0","0","0","0","0","0","0","0","0","1","0.598402","0","985.06165","823.0769","0","0","0","0","0","103.89178","75.44467","28.447107","23.171202","0.862818"
"D:\HAA\dACC revisions\Run 4\Br2720_dlPFC_20x_img_011-MaxIP-Stitched_unmixed-rotated.nd2","Layer 1","dACC_v17_ FISH-IF v2.4.4","1656","1644","1678","1133","1169","0","1","1","1","1","1","2015.8419","0","386.21542","12","25.961437","2","61669.92","2375.4434","0","0","0","0","0","29","23.01546","3","26894.023","1168.52","42","66.33055","4","62051.01","935.4816","177.9095","105.13461","72.77488","38.61867","0.818207"
"D:\HAA\dACC revisions\Run 4\Br2720_dlPFC_20x_img_011-MaxIP-Stitched_unmixed-rotated.nd2","Layer 1","dACC_v17_ FISH-IF v2.4.4","1657","1752","1773","1141","1160","0","0","1","0","1","1","652.0729","0","126.746956","0","0","0","0","0","0","0","0","0","0","0","0","0","0","0","4","9.528399","1","4829.3335","506.83575","56.06566","49.11499","6.950668","10.941957","0.806431"
"D:\HAA\dACC revisions\Run 4\Br2720_dlPFC_20x_img_011-MaxIP-Stitched_unmixed-rotated.nd2","Layer 1","dACC_v17_ FISH-IF v2.4.4","1658","1637","1663","1167","1199","0","1","1","0","1","1","1052.752","0","204.52534","0","0","0","0","0","0","0","0","0","0","6","5.339586","1","4053.7126","759.181","45","64.7655","4","70098.51","1082.3433","121.3375","85.341324","35.996178","28.10581","0.696882"
"D:\HAA\dACC revisions\Run 4\Br2720_dlPFC_20x_img_011-MaxIP-Stitched_unmixed-rotated.nd2","Layer 1","dACC_v17_ FISH-IF v2.4.4","1659","1756","1771","1227","1242","0","0","0","0","1","1","1048.5","0","375.84814","0","0","0","0","0","0","0","0","0","0","1","0.552371","0","389.97394","706","0","0","0","0","0","30.56453","30.012157","0.552371","2.574578","0.661236"
"D:\HAA\dACC revisions\Run 4\Br2720_dlPFC_20x_img_011-MaxIP-Stitched_unmixed-rotated.nd2","Layer 1","dACC_v17_ FISH-IF v2.4.4","1660","1744","1768","1240","1261","0","1","1","0","1","1","2806.2607","0","515.726","0","0","0","0","0","0","0","0","0","0","12","10.633142","2","11905.667","1022.31226","15","27.480457","3","24063.674","875.665","65.77818","46.53726","19.240923","21.02572","0.713884"
"D:\HAA\dACC revisions\Run 4\Br2720_dlPFC_20x_img_011-MaxIP-Stitched_unmixed-rotated.nd2","Layer 1","dACC_v17_ FISH-IF v2.4.4","1661","1469","1493","1245","1268","0","1","0","0","1","1","3194.6025","0","552.46594","0","0","0","0","0","0","0","0","0","0","4","3.912628","1","3292.9138","841.61176","2","2.577731","0","1525.5106","591.8036","82.625496","57.492615","25.132881","21.883913","0.855321"
"D:\HAA\dACC revisions\Run 4\Br2720_dlPFC_20x_img_011-MaxIP-Stitched_unmixed-rotated.nd2","Layer 1","dACC_v17_ FISH-IF v2.4.4","1662","1659","1679","1250","1269","0","0","0","0","1","1","1481.2634","0","192.63252","0","0","0","0","0","0","0","0","0","0","0","0","0","0","0","1","2.761855","0","1618.401","585.98334","61.543335","51.23241","10.310925","13.731083","0.802454"
"D:\HAA\dACC revisions\Run 4\Br2720_dlPFC_20x_img_011-MaxIP-Stitched_unmixed-rotated.nd2","Layer 1","dACC_v17_ FISH-IF v2.4.4","1663","1748","1775","1253","1277","0","1","1","0","1","1","2026.4279","0","531.66693","0","0","0","0","0","0","0","0","0","0","6","7.226854","1","6546.2407","905.82166","14","32.958138","2","21668.088","657.44275","79.9557","54.454575","25.50113","22.956654","0.805214"
"D:\HAA\dACC revisions\Run 4\Br2720_dlPFC_20x_img_011-MaxIP-Stitched_unmixed-rotated.nd2","Layer 1","dACC_v17_ FISH-IF v2.4.4","1664","1491","1507","1261","1288","0","1","1","0","1","1","1709.0374","0","318.2936","0","0","0","0","0","0","0","0","0","0","21","13.671183","3","18463.139","1350.5151","15","29.782003","3","19411.697","651.7929","69.69081","47.503906","22.186903","20.167528","0.755532"
"D:\HAA\dACC revisions\Run 4\Br2720_dlPFC_20x_img_011-MaxIP-Stitched_unmixed-rotated.nd2","Layer 1","dACC_v17_ FISH-IF v2.4.4","1665","1478","1490","1265","1289","0","1","1","0","1","1","1868.5416","0","941.3742","0","0","0","0","0","0","0","0","0","0","15","11.00139","3","15519.37","1410.6736","11","17.952057","2","14507.519","808.1257","48.65468","22.140871","26.51381","21.883913","0.751976"
"D:\HAA\dACC revisions\Run 4\Br2720_dlPFC_20x_img_011-MaxIP-Stitched_unmixed-rotated.nd2","Layer 1","dACC_v17_ FISH-IF v2.4.4","1666","1446","1477","1264","1297","0","1","0","0","1","1","2960.8774","0","704.5956","0","0","0","0","0","1","1.242835","0","1039.7003","836.55554","39","29.920095","4","37804.918","1263.5292","2","1.979329","0","903.63293","456.53488","162.48914","83.54611","78.94302","42.909634","0.709271"
"D:\HAA\dACC revisions\Run 4\Br2720_dlPFC_20x_img_011-MaxIP-Stitched_unmixed-rotated.nd2","Layer 1","dACC_v17_ FISH-IF v2.4.4","1667","1421","1447","1268","1294","0","1","0","0","1","1","2546.1118","0","386.82202","0","0","0","0","0","0","0","0","0","0","21","18.09015","3","19958.314","1103.2698","1","1.058711","0","520.51764","491.65216","101.91245","69.8289","32.08355","25.316685","0.838632"
"D:\HAA\dACC revisions\Run 4\Br2720_dlPFC_20x_img_011-MaxIP-Stitched_unmixed-rotated.nd2","Layer 1","dACC_v17_ FISH-IF v2.4.4","1668","1655","1682","1270","1300","0","1","1","0","1","1","1738.5276","0","343.663","0","0","0","0","0","0","0","0","0","0","10","10.909328","2","10106.778","926.4346","32","57.952927","4","46528.19","802.8618","122.58033","83.31596","39.264374","27.891262","0.817993"
"D:\HAA\dACC revisions\Run 4\Br2720_dlPFC_20x_img_011-MaxIP-Stitched_unmixed-rotated.nd2","Layer 1","dACC_v17_ FISH-IF v2.4.4","1669","1794","1821","1312","1340","0","0","0","0","1","1","2690.3193","0","684.9676","0","0","0","0","0","0","0","0","0","0","1","0.552371","0","354.39203","641.5833","0","0","0","0","0","96.25065","61.083027","35.16762","27.676714","0.83284"
"D:\HAA\dACC revisions\Run 4\Br2720_dlPFC_20x_img_011-MaxIP-Stitched_unmixed-rotated.nd2","Layer 1","dACC_v17_ FISH-IF v2.4.4","1670","1763","1791","1316","1349","0","1","0","0","1","1","1617.204","0","316.4082","0","0","0","0","0","0","0","0","0","0","18","19.14886","3","17253.033","900.9952","0","0","0","0","0","130.49765","88.74761","41.750042","29.607647","0.783946"
"D:\HAA\dACC revisions\Run 4\Br2720_dlPFC_20x_img_011-MaxIP-Stitched_unmixed-rotated.nd2","Layer 1","dACC_v17_ FISH-IF v2.4.4","1671","1660","1682","1323","1344","0","0","0","0","1","1","461.69263","0","125.95612","0","0","0","0","0","0","0","0","0","0","3","3.406288","0","3096.1316","840.775","3","3.866597","0","2159.2183","533.0455","66.23849","55.605347","10.633142","14.374727","0.785435"
"D:\HAA\dACC revisions\Run 4\Br2720_dlPFC_20x_img_011-MaxIP-Stitched_unmixed-rotated.nd2","Layer 1","dACC_v17_ FISH-IF v2.4.4","1672","1803","1830","1329","1353","0","0","0","0","1","1","2493.0684","0","503.0665","0","0","0","0","0","0","0","0","0","0","0","0","0","0","0","0","0","0","0","0","84.28261","55.375195","28.907415","24.887589","0.839948"
"D:\HAA\dACC revisions\Run 4\Br2720_dlPFC_20x_img_011-MaxIP-Stitched_unmixed-rotated.nd2","Layer 1","dACC_v17_ FISH-IF v2.4.4","1673","1570","1599","1355","1383","0","0","0","0","1","1","1874.6925","0","403.93353","0","0","0","0","0","1","0.782526","0","514.0733","656.94116","0","0","0","0","0","0","0","0","0","0","119.91054","83.08581","36.824734","26.603973","0.829045"
"D:\HAA\dACC revisions\Run 4\Br2720_dlPFC_20x_img_011-MaxIP-Stitched_unmixed-rotated.nd2","Layer 1","dACC_v17_ FISH-IF v2.4.4","1674","1455","1484","1360","1388","0","0","0","0","1","1","2893.7832","0","588.87366","0","0","0","0","0","0","0","0","0","0","0","0","0","0","0","0","0","0","0","0","110.658325","74.339935","36.318394","27.03307","0.8365"
"D:\HAA\dACC revisions\Run 4\Br2720_dlPFC_20x_img_011-MaxIP-Stitched_unmixed-rotated.nd2","Layer 1","dACC_v17_ FISH-IF v2.4.4","1675","1431","1460","1369","1395","0","0","0","0","1","1","2505.6553","0","449.49472","0","0","0","0","0","0","0","0","0","0","0","0","0","0","0","0","0","0","0","0","110.56626","74.24787","36.318394","27.03307","0.790499"
"D:\HAA\dACC revisions\Run 4\Br2720_dlPFC_20x_img_011-MaxIP-Stitched_unmixed-rotated.nd2","Layer 1","dACC_v17_ FISH-IF v2.4.4","1676","1736","1764","1397","1422","0","0","0","0","1","1","2450.666","0","324.58502","1","1.472989","0","1467.7418","996.4375","0","0","0","0","0","1","0.552371","0","380.30743","688.5","0","0","0","0","0","101.17596","74.43199","26.743963","22.31301","0.803832"
"D:\HAA\dACC revisions\Run 4\Br2720_dlPFC_20x_img_011-MaxIP-Stitched_unmixed-rotated.nd2","Layer 1","dACC_v17_ FISH-IF v2.4.4","1677","1493","1522","1408","1432","0","0","0","0","1","1","2193.9165","0","443.1146","0","0","0","0","0","0","0","0","0","0","0","0","0","0","0","2","2.301546","0","1070.541","465.14","96.158585","63.06236","33.09623","25.96033","0.861227"
"D:\HAA\dACC revisions\Run 4\Br2720_dlPFC_20x_img_011-MaxIP-Stitched_unmixed-rotated.nd2","Layer 1","dACC_v17_ FISH-IF v2.4.4","1678","1485","1515","1426","1452","0","0","0","0","1","1","2416.474","0","381.99933","3","3.360257","0","2766.182","823.2055","0","0","0","0","0","0","0","0","0","0","1","0.414278","0","176.62064","426.33334","108.17265","69.138435","39.034218","28.10581","0.81072"
"D:\HAA\dACC revisions\Run 4\Br2720_dlPFC_20x_img_011-MaxIP-Stitched_unmixed-rotated.nd2","Layer 1","dACC_v17_ FISH-IF v2.4.4","1679","1801","1818","1443","1460","0","0","0","0","1","1","370.75","0","153.14645","0","0","0","0","0","0","0","0","0","0","0","0","0","0","0","1","2.807886","0","1573.7971","560.4918","42.808754","40.23102","2.577731","7.08009","0.615555"
"D:\HAA\dACC revisions\Run 4\Br2720_dlPFC_20x_img_011-MaxIP-Stitched_unmixed-rotated.nd2","Layer 1","dACC_v17_ FISH-IF v2.4.4","1680","1446","1471","1463","1489","0","0","1","0","1","1","3120.1814","0","398.7508","0","0","0","0","0","3","7.04273","0","6254.957","888.1438","0","0","0","0","0","6","11.093451","1","5305.754","478.278","97.63158","72.77488","24.856695","21.883913","0.792023"
"D:\HAA\dACC revisions\Run 4\Br2720_dlPFC_20x_img_011-MaxIP-Stitched_unmixed-rotated.nd2","Layer 1","dACC_v17_ FISH-IF v2.4.4","1681","1636","1657","1474","1493","0","0","0","0","1","1","418.30768","0","147.29254","0","0","0","0","0","0","0","0","0","0","0","0","0","0","0","0","0","0","0","0","57.21643","50.035606","7.180823","11.585601","0.71115"
"D:\HAA\dACC revisions\Run 4\Br2720_dlPFC_20x_img_011-MaxIP-Stitched_unmixed-rotated.nd2","Layer 1","dACC_v17_ FISH-IF v2.4.4","1682","1456","1489","1485","1508","1","0","1","0","1","1","752.7114","0","94.28815","0","0","0","0","0","8","12.428348","1","10597.238","852.6667","0","0","0","0","0","16","32.405766","3","24394.82","752.7926","106.51554","81.152504","25.363035","25.74578","0.58307"
"D:\HAA\dACC revisions\Run 4\Br2720_dlPFC_20x_img_011-MaxIP-Stitched_unmixed-rotated.nd2","Layer 1","dACC_v17_ FISH-IF v2.4.4","1683","1589","1608","1488","1507","0","0","0","0","1","1","877.9315","0","131.77959","1","3.130102","0","2723.051","869.9559","0","0","0","0","0","0","0","0","0","0","0","0","0","0","0","54.960915","48.240402","6.720514","10.727408","0.831741"
"D:\HAA\dACC revisions\Run 4\Br2720_dlPFC_20x_img_011-MaxIP-Stitched_unmixed-rotated.nd2","Layer 1","dACC_v17_ FISH-IF v2.4.4","1684","2798","2818","1109","1133","0","0","0","0","1","1","2102.0715","0","425.05695","0","0","0","0","0","0","0","0","0","0","0","0","0","0","0","0","0","0","0","0","75.214516","53.349834","21.864685","20.596624","0.736552"
"D:\HAA\dACC revisions\Run 4\Br2720_dlPFC_20x_img_011-MaxIP-Stitched_unmixed-rotated.nd2","Layer 1","dACC_v17_ FISH-IF v2.4.4","1685","2819","2836","1111","1133","0","0","0","0","1","1","2701.017","0","389.55457","0","0","0","0","0","0","0","0","0","0","0","0","0","0","0","0","0","0","0","0","62.14174","45.984886","16.156853","17.59295","0.750835"
"D:\HAA\dACC revisions\Run 4\Br2720_dlPFC_20x_img_011-MaxIP-Stitched_unmixed-rotated.nd2","Layer 1","dACC_v17_ FISH-IF v2.4.4","1686","2616","2634","1125","1143","0","0","0","0","1","1","351.11","0","127.59368","0","0","0","0","0","0","0","0","0","0","0","0","0","0","0","0","0","0","0","0","48.332462","43.72937","4.603092","8.581926","0.875681"
"D:\HAA\dACC revisions\Run 4\Br2720_dlPFC_20x_img_011-MaxIP-Stitched_unmixed-rotated.nd2","Layer 1","dACC_v17_ FISH-IF v2.4.4","1687","2745","2768","1181","1203","0","0","0","0","1","1","882.682","0","196.6341","2","5.339586","0","6404.7417","1199.4828","0","0","0","0","0","0","0","0","0","0","0","0","0","0","0","70.88761","58.873543","12.01407","16.30566","0.695055"
"D:\HAA\dACC revisions\Run 4\Br2720_dlPFC_20x_img_011-MaxIP-Stitched_unmixed-rotated.nd2","Layer 1","dACC_v17_ FISH-IF v2.4.4","1688","2952","2980","1184","1211","0","0","0","1","1","1","2644.2576","0","488.04797","12","29.275663","2","55349.418","1890.6289","0","0","0","0","0","1","0.736495","0","506.3401","687.5","0","0","0","0","0","106.101265","76.77957","29.321695","24.458492","0.847757"
"D:\HAA\dACC revisions\Run 4\Br2720_dlPFC_20x_img_011-MaxIP-Stitched_unmixed-rotated.nd2","Layer 1","dACC_v17_ FISH-IF v2.4.4","1689","2717","2746","1197","1224","0","0","0","0","1","1","2752.5828","0","465.12372","0","0","0","0","0","0","0","0","0","0","0","0","0","0","0","0","0","0","0","0","114.57095","80.36998","34.200974","25.74578","0.866919"
"D:\HAA\dACC revisions\Run 4\Br2720_dlPFC_20x_img_011-MaxIP-Stitched_unmixed-rotated.nd2","Layer 1","dACC_v17_ FISH-IF v2.4.4","1690","2608","2633","1246","1275","0","0","0","0","1","1","2975.688","0","401.91644","0","0","0","0","0","0","0","0","0","0","0","0","0","0","0","0","0","0","0","0","98.36807","64.44328","33.924786","26.818521","0.802994"
"D:\HAA\dACC revisions\Run 4\Br2720_dlPFC_20x_img_011-MaxIP-Stitched_unmixed-rotated.nd2","Layer 1","dACC_v17_ FISH-IF v2.4.4","1691","2878","2903","1260","1282","0","1","0","0","1","1","1255.0679","0","243.0529","0","0","0","0","0","1","1.150773","0","915.8311","795.84","4","4.741185","1","3954.8843","834.15533","0","0","0","0","0","78.25256","62.64808","15.604481","18.022047","0.793992"
"D:\HAA\dACC revisions\Run 4\Br2720_dlPFC_20x_img_011-MaxIP-Stitched_unmixed-rotated.nd2","Layer 1","dACC_v17_ FISH-IF v2.4.4","1692","2829","2845","1293","1320","0","0","0","0","1","1","1688.9465","0","430.79257","0","0","0","0","0","0","0","0","0","0","0","0","0","0","0","0","0","0","0","0","64.02901","45.938854","18.09015","19.523884","0.718826"
"D:\HAA\dACC revisions\Run 4\Br2720_dlPFC_20x_img_011-MaxIP-Stitched_unmixed-rotated.nd2","Layer 1","dACC_v17_ FISH-IF v2.4.4","1693","2846","2865","1294","1313","0","0","0","0","1","1","1859.7766","0","727.8688","0","0","0","0","0","0","0","0","0","0","0","0","0","0","0","0","0","0","0","0","61.6354","30.518497","31.1169","26.603973","0.644677"
"D:\HAA\dACC revisions\Run 4\Br2720_dlPFC_20x_img_011-MaxIP-Stitched_unmixed-rotated.nd2","Layer 1","dACC_v17_ FISH-IF v2.4.4","1694","2865","2881","1294","1321","0","0","0","0","1","1","1304.5706","0","465.30338","0","0","0","0","0","0","0","0","0","0","0","0","0","0","0","0","0","0","0","0","67.71148","51.73875","15.972729","19.738432","0.646526"
"D:\HAA\dACC revisions\Run 4\Br2720_dlPFC_20x_img_011-MaxIP-Stitched_unmixed-rotated.nd2","Layer 1","dACC_v17_ FISH-IF v2.4.4","1695","2842","2867","1313","1332","0","0","0","0","1","1","2841.209","0","615.17676","0","0","0","0","0","0","0","0","0","0","0","0","0","0","0","0","0","0","0","0","69.8289","47.13566","22.693243","20.382076","0.802782"
"D:\HAA\dACC revisions\Run 4\Br2720_dlPFC_20x_img_011-MaxIP-Stitched_unmixed-rotated.nd2","Layer 1","dACC_v17_ FISH-IF v2.4.4","1696","2950","2982","1320","1347","0","0","0","0","1","1","1917.7385","0","324.97195","0","0","0","0","0","0","0","0","0","0","0","0","0","0","0","0","0","0","0","0","101.728325","65.64009","36.088238","31.538582","0.642979"
"D:\HAA\dACC revisions\Run 4\Br2720_dlPFC_20x_img_011-MaxIP-Stitched_unmixed-rotated.nd2","Layer 1","dACC_v17_ FISH-IF v2.4.4","1697","2734","2753","1329","1347","0","0","0","0","1","1","392.63934","0","128.60939","0","0","0","0","0","0","0","0","0","0","0","0","0","0","0","0","0","0","0","0","51.69272","46.07695","5.615772","9.869216","0.866436"
"D:\HAA\dACC revisions\Run 4\Br2720_dlPFC_20x_img_011-MaxIP-Stitched_unmixed-rotated.nd2","Layer 1","dACC_v17_ FISH-IF v2.4.4","1698","2943","2966","1332","1355","0","0","0","0","1","1","2428.9348","0","564.7219","0","0","0","0","0","0","0","0","0","0","0","0","0","0","0","0","0","0","0","0","49.805454","25.823345","23.982107","25.316685","0.772205"
"D:\HAA\dACC revisions\Run 4\Br2720_dlPFC_20x_img_011-MaxIP-Stitched_unmixed-rotated.nd2","Layer 1","dACC_v17_ FISH-IF v2.4.4","1699","2934","2954","1340","1369","0","0","0","0","1","1","2762.202","0","544.34955","0","0","0","0","0","0","0","0","0","0","0","0","0","0","0","0","0","0","0","0","65.594055","36.870766","28.723293","26.603973","0.737546"
"D:\HAA\dACC revisions\Run 4\Br2720_dlPFC_20x_img_011-MaxIP-Stitched_unmixed-rotated.nd2","Layer 1","dACC_v17_ FISH-IF v2.4.4","1700","2966","2990","1343","1368","0","0","0","1","1","1","2188.1814","0","496.58905","4","8.976028","1","9664.651","1076.7179","0","0","0","0","0","0","0","0","0","0","0","0","0","0","0","81.01441","59.7021","21.312315","20.382076","0.830825"
"D:\HAA\dACC revisions\Run 4\Br2720_dlPFC_20x_img_011-MaxIP-Stitched_unmixed-rotated.nd2","Layer 1","dACC_v17_ FISH-IF v2.4.4","1701","2734","2760","1349","1371","1","1","1","0","1","1","1432.4576","0","232.71918","0","0","0","0","0","7","12.382317","1","14497.207","1170.7993","17","15.55845","3","16990.887","1092.068","13","33.00417","2","21110.7","639.6374","81.981064","64.581375","17.399687","19.094788","0.774829"
"D:\HAA\dACC revisions\Run 4\Br2720_dlPFC_20x_img_011-MaxIP-Stitched_unmixed-rotated.nd2","Layer 1","dACC_v17_ FISH-IF v2.4.4","1702","2638","2661","1351","1375","1","0","0","0","1","1","994.9533","0","186.46964","0","0","0","0","0","5","5.937988","1","4975.0215","837.82947","2","1.933299","0","1440.0312","744.8571","3","3.314226","0","1651.083","498.18054","79.67952","62.924263","16.755255","17.59295","0.904925"
"D:\HAA\dACC revisions\Run 4\Br2720_dlPFC_20x_img_011-MaxIP-Stitched_unmixed-rotated.nd2","Layer 1","dACC_v17_ FISH-IF v2.4.4","1703","2943","2972","1354","1379","0","0","0","0","1","1","3242.3242","0","599.7181","1","0.552371","0","412.80527","747.3333","0","0","0","0","0","0","0","0","0","0","0","0","0","0","0","92.38405","57.30849","35.075558","27.247618","0.727535"
"D:\HAA\dACC revisions\Run 4\Br2720_dlPFC_20x_img_011-MaxIP-Stitched_unmixed-rotated.nd2","Layer 1","dACC_v17_ FISH-IF v2.4.4","1704","3003","3032","1355","1385","0","0","0","0","1","1","2138.8167","0","410.83136","0","0","0","0","0","1","1.288866","0","969.87146","752.5","0","0","0","0","0","0","0","0","0","0","128.10405","85.43338","42.670662","28.320358","0.9026"
"D:\HAA\dACC revisions\Run 4\Br2720_dlPFC_20x_img_011-MaxIP-Stitched_unmixed-rotated.nd2","Layer 1","dACC_v17_ FISH-IF v2.4.4","1705","2976","3005","1363","1394","0","0","0","0","1","1","1998.4032","0","389.42032","0","0","0","0","0","0","0","0","0","0","0","0","0","0","0","0","0","0","0","0","125.94059","82.90168","43.038906","30.036743","0.805561"
"D:\HAA\dACC revisions\Run 4\Br2720_dlPFC_20x_img_011-MaxIP-Stitched_unmixed-rotated.nd2","Layer 1","dACC_v17_ FISH-IF v2.4.4","1706","2881","2907","1393","1419","0","0","0","0","1","1","3033.5535","0","451.44452","0","0","0","0","0","3","1.703144","0","2240.8772","1315.7297","0","0","0","0","0","1","0.460309","0","291.88205","452.92856","96.664925","61.819523","34.845406","26.603973","0.817042"
"D:\HAA\dACC revisions\Run 4\Br2720_dlPFC_20x_img_011-MaxIP-Stitched_unmixed-rotated.nd2","Layer 1","dACC_v17_ FISH-IF v2.4.4","1707","2677","2695","1398","1419","0","0","0","0","1","1","1545.6559","0","292.31787","0","0","0","0","0","0","0","0","0","0","0","0","0","0","0","0","0","0","0","0","52.060966","40.69133","11.369637","14.589275","0.750878"
"D:\HAA\dACC revisions\Run 4\Br2720_dlPFC_20x_img_011-MaxIP-Stitched_unmixed-rotated.nd2","Layer 1","dACC_v17_ FISH-IF v2.4.4","1708","2692","2722","1400","1429","0","0","0","0","1","1","2128.7188","0","378.4639","0","0","0","0","0","0","0","0","0","0","0","0","0","0","0","0","0","0","0","0","129.02466","81.56679","47.457874","31.75313","0.676572"
"D:\HAA\dACC revisions\Run 4\Br2720_dlPFC_20x_img_011-MaxIP-Stitched_unmixed-rotated.nd2","Layer 1","dACC_v17_ FISH-IF v2.4.4","1709","2863","2890","1401","1426","1","0","0","0","1","1","2292.7126","0","508.35336","0","0","0","0","0","9","15.788605","1","23570.545","1438.3679","0","0","0","0","0","0","0","0","0","0","89.29998","59.011635","30.288343","25.102137","0.759804"
"D:\HAA\dACC revisions\Run 4\Br2720_dlPFC_20x_img_011-MaxIP-Stitched_unmixed-rotated.nd2","Layer 1","dACC_v17_ FISH-IF v2.4.4","1710","2996","3028","1401","1432","0","0","0","0","1","1","1761.5721","0","332.7774","0","0","0","0","0","0","0","0","0","0","1","0.782526","0","521.80646","666.82355","1","0.368247","0","156.22893","424.25","150.29094","95.74431","54.54664","32.182224","0.870112"
"D:\HAA\dACC revisions\Run 4\Br2720_dlPFC_20x_img_011-MaxIP-Stitched_unmixed-rotated.nd2","Layer 1","dACC_v17_ FISH-IF v2.4.4","1711","2729","2751","1404","1426","0","0","0","0","1","1","1801.4907","0","241.38406","0","0","0","0","0","0","0","0","0","0","0","0","0","0","0","0","0","0","0","0","70.24318","57.768803","12.474379","15.662017","0.829594"
"D:\HAA\dACC revisions\Run 4\Br2720_dlPFC_20x_img_011-MaxIP-Stitched_unmixed-rotated.nd2","Layer 1","dACC_v17_ FISH-IF v2.4.4","1712","2877","2909","1421","1454","1","1","0","0","1","1","1559.8667","0","313.69397","0","0","0","0","0","52","60.71478","4","135851.64","2237.5383","6","5.385617","1","4474.8496","830.8889","0","0","0","0","0","149.1862","96.71096","52.475246","33.469513","0.753768"
"D:\HAA\dACC revisions\Run 4\Br2720_dlPFC_20x_img_011-MaxIP-Stitched_unmixed-rotated.nd2","Layer 1","dACC_v17_ FISH-IF v2.4.4","1713","2736","2764","1426","1453","0","0","0","0","1","1","3440.8042","0","417.42075","0","0","0","0","0","0","0","0","0","0","0","0","0","0","0","0","0","0","0","0","102.92513","76.365295","26.55984","24.458492","0.708331"
"D:\HAA\dACC revisions\Run 4\Br2720_dlPFC_20x_img_011-MaxIP-Stitched_unmixed-rotated.nd2","Layer 1","dACC_v17_ FISH-IF v2.4.4","1714","2923","2957","1459","1485","0","0","0","0","1","1","2209.068","0","461.60712","0","0","0","0","0","0","0","0","0","0","0","0","0","0","0","2","1.01268","0","506.89246","500.54544","127.1374","87.873024","39.264374","29.17855","0.68553"
"D:\HAA\dACC revisions\Run 4\Br2720_dlPFC_20x_img_011-MaxIP-Stitched_unmixed-rotated.nd2","Layer 1","dACC_v17_ FISH-IF v2.4.4","1715","2635","2675","1462","1492","1","0","0","0","1","1","1496.012","0","249.89499","2","2.715824","0","2420.0754","891.1017","17","23.56783","3","29428.395","1215.4335","1","0.782526","0","517.0653","660.7647","3","4.51103","0","2189.967","485.4694","173.39847","108.26472","65.13375","37.76048","0.677744"
"D:\HAA\dACC revisions\Run 4\Br2720_dlPFC_20x_img_011-MaxIP-Stitched_unmixed-rotated.nd2","Layer 1","dACC_v17_ FISH-IF v2.4.4","1716","1819","1846","1887","1912","0","0","0","0","1","1","1382.2935","0","207.20285","0","0","0","0","0","0","0","0","0","0","0","0","0","0","0","3","2.577731","0","1246.8855","483.7143","87.96508","71.0257","16.939377","22.31301","0.604261"
"D:\HAA\dACC revisions\Run 4\Br2720_dlPFC_20x_img_011-MaxIP-Stitched_unmixed-rotated.nd2","Layer 1","dACC_v17_ FISH-IF v2.4.4","1717","1943","1968","1888","1913","0","0","0","0","1","1","1551.6426","0","281.66733","0","0","0","0","0","0","0","0","0","0","0","0","0","0","0","1","0.414278","0","183.111","442","90.12854","70.42731","19.701233","21.02572","0.724109"
"D:\HAA\dACC revisions\Run 4\Br2720_dlPFC_20x_img_011-MaxIP-Stitched_unmixed-rotated.nd2","Layer 1","dACC_v17_ FISH-IF v2.4.4","1718","1811","1834","1918","1939","0","0","0","0","1","1","1380.4373","0","207.84976","0","0","0","0","0","0","0","0","0","0","0","0","0","0","0","0","0","0","0","0","70.01302","57.906895","12.106132","15.447468","0.783777"
"D:\HAA\dACC revisions\Run 4\Br2720_dlPFC_20x_img_011-MaxIP-Stitched_unmixed-rotated.nd2","Layer 1","dACC_v17_ FISH-IF v2.4.4","1719","1852","1879","1952","1975","0","0","0","0","1","1","3269.7258","0","433.40027","0","0","0","0","0","0","0","0","0","0","0","0","0","0","0","0","0","0","0","0","89.76029","68.77019","20.990099","20.167528","0.789402"
"D:\HAA\dACC revisions\Run 4\Br2720_dlPFC_20x_img_011-MaxIP-Stitched_unmixed-rotated.nd2","Layer 1","dACC_v17_ FISH-IF v2.4.4","1720","1886","1909","1974","1991","0","0","1","0","1","1","1327.9688","0","238.93614","0","0","0","0","0","0","0","0","0","0","3","2.301546","0","1558.1926","677.02","6","10.264894","1","9303.171","906.3094","55.006947","44.696022","10.310925","14.803823","0.702857"
"D:\HAA\dACC revisions\Run 4\Br2720_dlPFC_20x_img_011-MaxIP-Stitched_unmixed-rotated.nd2","Layer 1","dACC_v17_ FISH-IF v2.4.4","1721","1886","1912","1989","2015","0","1","1","0","1","1","1366.6566","0","293.70892","0","0","0","0","0","0","0","0","0","0","12","10.863297","2","8678.577","798.88983","52","69.8289","4","82508.164","1181.5762","100.531525","68.632095","31.899426","25.316685","0.764532"
"D:\HAA\dACC revisions\Run 4\Br2720_dlPFC_20x_img_011-MaxIP-Stitched_unmixed-rotated.nd2","Layer 1","dACC_v17_ FISH-IF v2.4.4","1722","2076","2102","2013","2039","0","0","0","0","1","1","1917.5735","0","382.85898","0","0","0","0","0","0","0","0","0","0","0","0","0","0","0","0","0","0","0","0","93.25864","67.89561","25.363035","22.742105","0.854691"
"D:\HAA\dACC revisions\Run 4\Br2720_dlPFC_20x_img_011-MaxIP-Stitched_unmixed-rotated.nd2","Layer 1","dACC_v17_ FISH-IF v2.4.4","1723","1812","1842","2015","2048","1","0","0","0","1","1","1296.8162","0","251.39522","0","0","0","0","0","8","11.415668","1","12989.557","1128.768","2","1.841237","0","1253.7902","680.95","1","0.368247","0","161.9828","439.875","144.81326","94.22529","50.58798","31.324034","0.791062"
"D:\HAA\dACC revisions\Run 4\Br2720_dlPFC_20x_img_011-MaxIP-Stitched_unmixed-rotated.nd2","Layer 1","dACC_v17_ FISH-IF v2.4.4","1724","2098","2117","2023","2043","0","0","0","0","1","1","997.38684","0","294.6005","0","0","0","0","0","0","0","0","0","0","0","0","0","0","0","0","0","0","0","0","50.63401","38.021538","12.612472","15.876565","0.762483"
"D:\HAA\dACC revisions\Run 4\Br2720_dlPFC_20x_img_011-MaxIP-Stitched_unmixed-rotated.nd2","Layer 1","dACC_v17_ FISH-IF v2.4.4","1725","2087","2114","2035","2051","0","0","0","0","1","1","947.7239","0","521.73004","0","0","0","0","0","0","0","0","0","0","0","0","0","0","0","0","0","0","0","0","47.08963","33.418446","13.671183","19.309336","0.585998"
"D:\HAA\dACC revisions\Run 4\Br2720_dlPFC_20x_img_011-MaxIP-Stitched_unmixed-rotated.nd2","Layer 1","dACC_v17_ FISH-IF v2.4.4","1726","2093","2117","2048","2069","0","0","0","0","1","1","1779.7969","0","383.1513","0","0","0","0","0","0","0","0","0","0","0","0","0","0","0","0","0","0","0","0","76.8256","55.973595","20.852005","21.883913","0.663802"
"D:\HAA\dACC revisions\Run 4\Br2720_dlPFC_20x_img_011-MaxIP-Stitched_unmixed-rotated.nd2","Layer 1","dACC_v17_ FISH-IF v2.4.4","1727","1932","1964","2052","2081","0","0","0","0","1","1","1813.7716","0","413.04877","1","3.038041","0","2771.7976","912.36365","2","2.899948","0","2372.7556","818.20636","1","0.644433","0","447.0983","693.7857","0","0","0","0","0","125.43425","76.45735","48.976894","33.254967","0.786483"
"D:\HAA\dACC revisions\Run 4\Br2720_dlPFC_20x_img_011-MaxIP-Stitched_unmixed-rotated.nd2","Layer 1","dACC_v17_ FISH-IF v2.4.4","1728","2077","2102","2061","2091","0","0","0","0","1","1","1880.4735","0","350.9733","0","0","0","0","0","0","0","0","0","0","0","0","0","0","0","0","0","0","0","0","113.23605","79.31127","33.924786","25.74578","0.807176"
"D:\HAA\dACC revisions\Run 4\Br2720_dlPFC_20x_img_011-MaxIP-Stitched_unmixed-rotated.nd2","Layer 1","dACC_v17_ FISH-IF v2.4.4","1729","1942","1974","2076","2099","1","1","0","0","1","1","1287.4078","0","340.15808","0","0","0","0","0","5","9.804585","1","8912.138","868.2153","13","13.02675","2","10355.346","775.7414","0","0","0","0","0","99.42678","65.22581","34.200974","28.964003","0.669693"
"D:\HAA\dACC revisions\Run 4\Br2720_dlPFC_20x_img_011-MaxIP-Stitched_unmixed-rotated.nd2","Layer 1","dACC_v17_ FISH-IF v2.4.4","1730","1987","2015","2072","2099","0","0","0","0","1","1","1613.4589","0","326.31213","0","0","0","0","0","0","0","0","0","0","0","0","0","0","0","0","0","0","0","0","113.37415","80.36998","33.00417","24.887589","0.808408"
"D:\HAA\dACC revisions\Run 4\Br2720_dlPFC_20x_img_011-MaxIP-Stitched_unmixed-rotated.nd2","Layer 1","dACC_v17_ FISH-IF v2.4.4","1731","1966","1985","2117","2136","0","0","0","0","1","1","363.25662","0","116.49234","0","0","0","0","0","0","0","0","0","0","0","0","0","0","0","0","0","0","0","0","50.265762","45.06427","5.201494","9.654668","0.876666"
"D:\HAA\dACC revisions\Run 4\Br2720_dlPFC_20x_img_011-MaxIP-Stitched_unmixed-rotated.nd2","Layer 1","dACC_v17_ FISH-IF v2.4.4","1732","2191","2217","2142","2167","0","0","0","0","1","1","2337.2258","0","436.63046","0","0","0","0","0","0","0","0","0","0","0","0","0","0","0","0","0","0","0","0","95.74431","72.498695","23.245613","21.02572","0.703125"
"D:\HAA\dACC revisions\Run 4\Br2720_dlPFC_20x_img_011-MaxIP-Stitched_unmixed-rotated.nd2","Layer 1","dACC_v17_ FISH-IF v2.4.4","1733","1882","1912","2150","2183","0","1","0","0","1","1","1710.9958","0","280.77557","0","0","0","0","0","0","0","0","0","0","15","15.420358","3","12766.537","827.9015","0","0","0","0","0","135.05472","90.86503","44.189682","31.75313","0.785838"
"D:\HAA\dACC revisions\Run 4\Br2720_dlPFC_20x_img_011-MaxIP-Stitched_unmixed-rotated.nd2","Layer 1","dACC_v17_ FISH-IF v2.4.4","1734","1957","1986","2154","2183","0","0","0","0","1","1","2492.4285","0","612.13684","0","0","0","0","0","0","0","0","0","0","0","0","0","0","0","0","0","0","0","0","104.214","66.928955","37.28504","29.17855","0.732558"
"D:\HAA\dACC revisions\Run 4\Br2720_dlPFC_20x_img_011-MaxIP-Stitched_unmixed-rotated.nd2","Layer 1","dACC_v17_ FISH-IF v2.4.4","1735","1976","2001","2161","2187","0","0","0","0","1","1","2163.8171","0","419.43665","0","0","0","0","0","0","0","0","0","0","0","0","0","0","0","0","0","0","0","0","87.73493","57.032307","30.702621","25.74578","0.820581"
"D:\HAA\dACC revisions\Run 4\Br2720_dlPFC_20x_img_011-MaxIP-Stitched_unmixed-rotated.nd2","Layer 1","dACC_v17_ FISH-IF v2.4.4","1736","1927","1955","2171","2202","0","1","0","0","1","1","1653.1824","0","234.46243","0","0","0","0","0","0","0","0","0","0","47","30.702621","4","47092.62","1533.8306","0","0","0","0","0","127.27549","86.40003","40.875454","27.891262","0.848762"
"D:\HAA\dACC revisions\Run 4\Br2720_dlPFC_20x_img_011-MaxIP-Stitched_unmixed-rotated.nd2","Layer 1","dACC_v17_ FISH-IF v2.4.4","1737","1987","2028","2201","2225","0","0","0","0","1","1","1868.9459","0","330.1457","0","0","0","0","0","0","0","0","0","0","1","0.828557","0","565.4898","682.5","0","0","0","0","0","134.45631","99.518845","34.937466","33.469513","0.501531"
"D:\HAA\dACC revisions\Run 4\Br2720_dlPFC_20x_img_011-MaxIP-Stitched_unmixed-rotated.nd2","Layer 1","dACC_v17_ FISH-IF v2.4.4","1738","2031","2060","2202","2227","0","0","0","0","1","1","2224.2622","0","309.81955","0","0","0","0","0","0","0","0","0","0","0","0","0","0","0","0","0","0","0","0","105.779045","76.27323","29.505817","23.814846","0.856318"
"D:\HAA\dACC revisions\Run 4\Br2720_dlPFC_20x_img_011-MaxIP-Stitched_unmixed-rotated.nd2","Layer 1","dACC_v17_ FISH-IF v2.4.4","1739","1807","1832","2205","2229","0","0","0","0","1","1","1754.7164","0","323.63412","0","0","0","0","0","0","0","0","0","0","0","0","0","0","0","0","0","0","0","0","78.896996","54.224422","24.672571","22.31301","0.803096"
"D:\HAA\dACC revisions\Run 4\Br2720_dlPFC_20x_img_011-MaxIP-Stitched_unmixed-rotated.nd2","Layer 1","dACC_v17_ FISH-IF v2.4.4","1740","2086","2121","2216","2240","0","0","0","0","1","1","1577.9336","0","317.0505","0","0","0","0","0","0","0","0","0","0","0","0","0","0","0","0","0","0","0","0","123.04064","88.379364","34.66128","28.749454","0.646802"
"D:\HAA\dACC revisions\Run 4\Br2720_dlPFC_20x_img_011-MaxIP-Stitched_unmixed-rotated.nd2","Layer 1","dACC_v17_ FISH-IF v2.4.4","1741","1811","1836","2222","2245","0","0","0","0","1","1","1890.1388","0","444.29504","0","0","0","0","0","0","0","0","0","0","0","0","0","0","0","0","0","0","0","0","75.76689","52.889523","22.877365","21.454817","0.842837"
"D:\HAA\dACC revisions\Run 4\Br2720_dlPFC_20x_img_011-MaxIP-Stitched_unmixed-rotated.nd2","Layer 1","dACC_v17_ FISH-IF v2.4.4","1742","1877","1902","2220","2245","0","0","0","0","1","1","1041.6155","0","220.29634","0","0","0","0","0","0","0","0","0","0","0","0","0","0","0","0","0","0","0","0","93.626884","70.51936","23.107521","21.02572","0.838301"
"D:\HAA\dACC revisions\Run 4\Br2720_dlPFC_20x_img_011-MaxIP-Stitched_unmixed-rotated.nd2","Layer 1","dACC_v17_ FISH-IF v2.4.4","1743","2147","2179","2239","2269","0","0","0","0","1","1","1316.1244","0","301.58737","0","0","0","0","0","0","0","0","0","0","0","0","0","0","0","0","0","0","0","0","135.10074","89.576164","45.52458","30.894936","0.860887"
"D:\HAA\dACC revisions\Run 4\Br2720_dlPFC_20x_img_011-MaxIP-Stitched_unmixed-rotated.nd2","Layer 1","dACC_v17_ FISH-IF v2.4.4","1744","1910","1944","2245","2273","0","0","0","0","1","1","1520.6012","0","325.61395","0","0","0","0","0","0","0","0","0","0","0","0","0","0","0","0","0","0","0","0","134.22615","89.66823","44.55793","30.894936","0.789162"
"D:\HAA\dACC revisions\Run 4\Br2720_dlPFC_20x_img_011-MaxIP-Stitched_unmixed-rotated.nd2","Layer 1","dACC_v17_ FISH-IF v2.4.4","1745","1967","1993","2254","2278","0","0","0","0","1","1","2112.1738","0","381.63983","0","0","0","0","0","0","0","0","0","0","0","0","0","0","0","0","0","0","0","0","92.56818","69.78287","22.785305","21.454817","0.852439"
"D:\HAA\dACC revisions\Run 4\Br2720_dlPFC_20x_img_011-MaxIP-Stitched_unmixed-rotated.nd2","Layer 1","dACC_v17_ FISH-IF v2.4.4","1746","2143","2179","2269","2305","0","0","0","0","1","1","1144.284","0","316.15182","0","0","0","0","0","0","0","0","0","0","0","0","0","0","0","0","0","0","0","0","175.74605","109.139305","66.606735","41.622345","0.753312"
"D:\HAA\dACC revisions\Run 4\Br2720_dlPFC_20x_img_011-MaxIP-Stitched_unmixed-rotated.nd2","Layer 1","dACC_v17_ FISH-IF v2.4.4","1747","1949","1967","2279","2299","0","0","0","0","1","1","506.36734","0","119.879395","0","0","0","0","0","0","0","0","0","0","2","2.48567","0","2002.2988","805.53705","0","0","0","0","0","55.237103","48.470554","6.766545","10.727408","0.860518"
"D:\HAA\dACC revisions\Run 4\Br2720_dlPFC_20x_img_011-MaxIP-Stitched_unmixed-rotated.nd2","Layer 1","dACC_v17_ FISH-IF v2.4.4","1748","4631","4659","1103","1129","1","0","1","0","1","1","3262.142","0","388.72754","0","0","0","0","0","4","6.168143","1","6394.569","1036.709","0","0","0","0","0","4","5.109432","1","2586.8455","506.2883","108.17265","77.377975","30.794683","24.029396","0.872998"
"D:\HAA\dACC revisions\Run 4\Br2720_dlPFC_20x_img_011-MaxIP-Stitched_unmixed-rotated.nd2","Layer 1","dACC_v17_ FISH-IF v2.4.4","1749","4671","4699","1111","1137","0","0","0","0","1","1","3177.3545","0","401.36618","0","0","0","0","0","2","2.807886","0","2618.4226","849.01495","0","0","0","0","0","2","2.301546","0","1138.7589","494.78","107.57426","77.055756","30.518497","24.029396","0.901698"
"D:\HAA\dACC revisions\Run 4\Br2720_dlPFC_20x_img_011-MaxIP-Stitched_unmixed-rotated.nd2","Layer 1","dACC_v17_ FISH-IF v2.4.4","1750","4699","4730","1131","1153","1","0","1","0","1","1","2350.3765","0","414.6391","0","0","0","0","0","4","7.318916","1","8111.5225","1108.2957","0","0","0","0","0","5","8.515719","1","4820.542","566.0757","106.69967","70.151115","36.54855","26.603973","0.808964"
"D:\HAA\dACC revisions\Run 4\Br2720_dlPFC_20x_img_011-MaxIP-Stitched_unmixed-rotated.nd2","Layer 1","dACC_v17_ FISH-IF v2.4.4","1751","5002","5030","1132","1168","0","0","0","0","1","1","2344.6077","0","375.82068","0","0","0","0","0","0","0","0","0","0","0","0","0","0","0","0","0","0","0","0","131.9246","93.442764","38.481846","32.61132","0.639704"
"D:\HAA\dACC revisions\Run 4\Br2720_dlPFC_20x_img_011-MaxIP-Stitched_unmixed-rotated.nd2","Layer 1","dACC_v17_ FISH-IF v2.4.4","1752","4668","4692","1145","1164","1","0","0","0","1","1","1325.3289","0","282.01056","0","0","0","0","0","4","5.247525","1","4493.0776","800.082","0","0","0","0","0","2","1.933299","0","972.265","502.90475","67.06705","56.71009","10.356956","14.160179","0.683737"
"D:\HAA\dACC revisions\Run 4\Br2720_dlPFC_20x_img_011-MaxIP-Stitched_unmixed-rotated.nd2","Layer 1","dACC_v17_ FISH-IF v2.4.4","1753","4690","4726","1152","1182","0","0","0","0","1","1","2991.3079","0","696.5534","0","0","0","0","0","0","0","0","0","0","0","0","0","0","0","0","0","0","0","0","147.02275","81.84297","65.17978","39.047768","0.731426"
"D:\HAA\dACC revisions\Run 4\Br2720_dlPFC_20x_img_011-MaxIP-Stitched_unmixed-rotated.nd2","Layer 1","dACC_v17_ FISH-IF v2.4.4","1754","4894","4923","1158","1186","0","0","0","1","1","1","2057.2104","0","430.56143","19","40.829422","3","96701.336","2368.4229","0","0","0","0","0","0","0","0","0","0","0","0","0","0","0","116.64234","81.658844","34.983498","26.174877","0.818791"
"D:\HAA\dACC revisions\Run 4\Br2720_dlPFC_20x_img_011-MaxIP-Stitched_unmixed-rotated.nd2","Layer 1","dACC_v17_ FISH-IF v2.4.4","1755","4679","4698","1162","1188","0","0","0","0","1","1","2692.3323","0","500.0319","0","0","0","0","0","0","0","0","0","0","0","0","0","0","0","0","0","0","0","0","65.31787","50.49592","14.821956","17.163853","0.684391"
"D:\HAA\dACC revisions\Run 4\Br2720_dlPFC_20x_img_011-MaxIP-Stitched_unmixed-rotated.nd2","Layer 1","dACC_v17_ FISH-IF v2.4.4","1756","4759","4785","1204","1231","1","0","1","0","1","1","3006.4736","0","501.0206","0","0","0","0","0","7","13.348966","1","13940.602","1044.3207","0","0","0","0","0","6","7.272885","1","3922.0183","539.2658","105.64095","75.99705","29.643911","23.171202","0.918411"
"D:\HAA\dACC revisions\Run 4\Br2720_dlPFC_20x_img_011-MaxIP-Stitched_unmixed-rotated.nd2","Layer 1","dACC_v17_ FISH-IF v2.4.4","1757","4725","4754","1208","1236","1","0","0","0","1","1","2643.1536","0","399.79544","0","0","0","0","0","7","11.231544","1","15159.362","1349.7131","0","0","0","0","0","1","0.966649","0","450.64267","466.1905","120.50894","83.03977","37.469166","26.174877","0.910484"
"D:\HAA\dACC revisions\Run 4\Br2720_dlPFC_20x_img_011-MaxIP-Stitched_unmixed-rotated.nd2","Layer 1","dACC_v17_ FISH-IF v2.4.4","1758","4843","4871","1210","1237","0","0","0","0","1","1","2134.2075","0","452.12897","0","0","0","0","0","0","0","0","0","0","0","0","0","0","0","0","0","0","0","0","106.83776","77.10178","29.735973","24.458492","0.842189"
"D:\HAA\dACC revisions\Run 4\Br2720_dlPFC_20x_img_011-MaxIP-Stitched_unmixed-rotated.nd2","Layer 1","dACC_v17_ FISH-IF v2.4.4","1759","4893","4922","1210","1233","0","0","0","0","1","1","2369.4893","0","400.56934","0","0","0","0","0","0","0","0","0","0","0","0","0","0","0","0","0","0","0","0","95.145905","69.36859","25.777313","24.029396","0.681599"
"D:\HAA\dACC revisions\Run 4\Br2720_dlPFC_20x_img_011-MaxIP-Stitched_unmixed-rotated.nd2","Layer 1","dACC_v17_ FISH-IF v2.4.4","1760","4919","4937","1215","1233","0","0","0","0","1","1","1656.2059","0","306.6734","0","0","0","0","0","0","0","0","0","0","0","0","0","0","0","0","0","0","0","0","47.273754","41.013546","6.260205","10.941957","0.699013"
"D:\HAA\dACC revisions\Run 4\Br2720_dlPFC_20x_img_011-MaxIP-Stitched_unmixed-rotated.nd2","Layer 1","dACC_v17_ FISH-IF v2.4.4","1761","4651","4681","1231","1258","1","0","0","0","1","1","2485.6719","0","408.9319","3","3.636442","0","2992.654","822.96204","15","25.455097","3","29941.041","1176.2296","0","0","0","0","0","3","4.00469","0","2091.5527","522.2759","109.73771","79.72555","30.012157","26.174877","0.713158"
"D:\HAA\dACC revisions\Run 4\Br2720_dlPFC_20x_img_011-MaxIP-Stitched_unmixed-rotated.nd2","Layer 1","dACC_v17_ FISH-IF v2.4.4","1762","4687","4719","1246","1271","0","0","0","1","1","1","2564.305","0","403.23883","8","22.693243","1","45856.645","2020.718","1","1.242835","0","1101.2897","886.1111","0","0","0","0","0","0","0","0","0","0","105.31874","63.79885","41.519886","29.17855","0.805761"
"D:\HAA\dACC revisions\Run 4\Br2720_dlPFC_20x_img_011-MaxIP-Stitched_unmixed-rotated.nd2","Layer 1","dACC_v17_ FISH-IF v2.4.4","1763","4681","4709","1262","1288","0","0","0","1","1","1","2113.4946","0","392.99295","18","33.694633","3","80421.766","2386.7827","0","0","0","0","0","1","0.598402","0","426.2463","712.3077","0","0","0","0","0","93.25864","58.64339","34.61525","27.247618","0.742585"
"D:\HAA\dACC revisions\Run 4\Br2720_dlPFC_20x_img_011-MaxIP-Stitched_unmixed-rotated.nd2","Layer 1","dACC_v17_ FISH-IF v2.4.4","1764","4754","4780","1268","1295","0","0","1","0","1","1","2477.4482","0","353.11844","0","0","0","0","0","1","2.347577","0","1947.292","829.4902","0","0","0","0","0","5","12.612472","1","6541.4995","518.65326","107.942505","68.40195","39.540558","29.17855","0.720793"
"D:\HAA\dACC revisions\Run 4\Br2720_dlPFC_20x_img_011-MaxIP-Stitched_unmixed-rotated.nd2","Layer 1","dACC_v17_ FISH-IF v2.4.4","1765","4781","4800","1272","1295","0","0","0","0","1","1","2302.6003","0","386.03516","0","0","0","0","0","0","0","0","0","0","0","0","0","0","0","2","2.255515","0","1154.0872","511.67346","69.73684","48.424526","21.312315","19.309336","0.78981"
"D:\HAA\dACC revisions\Run 4\Br2720_dlPFC_20x_img_011-MaxIP-Stitched_unmixed-rotated.nd2","Layer 1","dACC_v17_ FISH-IF v2.4.4","1766","4718","4743","1284","1307","0","0","0","0","1","1","1230.9954","0","217.12474","1","1.795206","0","1727.1721","962.10254","0","0","0","0","0","0","0","0","0","0","0","0","0","0","0","86.12385","66.422615","19.701233","19.738432","0.806447"
"D:\HAA\dACC revisions\Run 4\Br2720_dlPFC_20x_img_011-MaxIP-Stitched_unmixed-rotated.nd2","Layer 1","dACC_v17_ FISH-IF v2.4.4","1767","4743","4767","1290","1306","0","0","1","0","1","1","2186.7163","0","352.87323","0","0","0","0","0","2","1.196804","0","802.1808","670.2692","0","0","0","0","0","4","7.503039","1","4428.6807","590.2515","58.18308","42.11829","16.06479","17.163853","0.849468"
"D:\HAA\dACC revisions\Run 4\Br2720_dlPFC_20x_img_011-MaxIP-Stitched_unmixed-rotated.nd2","Layer 1","dACC_v17_ FISH-IF v2.4.4","1768","4741","4765","1306","1324","0","0","0","0","1","1","2026.1986","0","322.62247","0","0","0","0","0","2","4.050721","0","4362.212","1076.8977","0","0","0","0","0","2","4.603092","0","2640.2415","573.58","66.79086","47.54994","19.240923","18.451143","0.759159"
"D:\HAA\dACC revisions\Run 4\Br2720_dlPFC_20x_img_011-MaxIP-Stitched_unmixed-rotated.nd2","Layer 1","dACC_v17_ FISH-IF v2.4.4","1769","4605","4638","1318","1351","0","0","0","0","1","1","1695.1584","0","383.83185","0","0","0","0","0","0","0","0","0","0","0","0","0","0","0","1","1.242835","0","588.7815","473.74075","156.64322","98.55219","58.09102","34.11316","0.850821"
"D:\HAA\dACC revisions\Run 4\Br2720_dlPFC_20x_img_011-MaxIP-Stitched_unmixed-rotated.nd2","Layer 1","dACC_v17_ FISH-IF v2.4.4","1770","4684","4707","1346","1366","0","0","0","0","1","1","1452.6141","0","214.51532","0","0","0","0","0","0","0","0","0","0","0","0","0","0","0","1","1.565051","0","766.5989","489.82352","68.77019","57.07834","11.691853","14.589275","0.792655"
"D:\HAA\dACC revisions\Run 4\Br2720_dlPFC_20x_img_011-MaxIP-Stitched_unmixed-rotated.nd2","Layer 1","dACC_v17_ FISH-IF v2.4.4","1771","4971","5004","1351","1382","0","0","0","0","1","1","1838.7759","0","332.87567","0","0","0","0","0","0","0","0","0","0","0","0","0","0","0","0","0","0","0","0","146.83862","94.04117","52.797462","32.182224","0.902373"
"D:\HAA\dACC revisions\Run 4\Br2720_dlPFC_20x_img_011-MaxIP-Stitched_unmixed-rotated.nd2","Layer 1","dACC_v17_ FISH-IF v2.4.4","1772","4642","4674","1354","1382","1","0","0","0","1","1","2317.2798","0","436.80515","0","0","0","0","0","5","8.56175","1","9591.324","1120.2527","0","0","0","0","0","3","1.51902","0","654.7898","431.0606","126.07868","85.7556","40.323082","28.534906","0.831138"
"D:\HAA\dACC revisions\Run 4\Br2720_dlPFC_20x_img_011-MaxIP-Stitched_unmixed-rotated.nd2","Layer 1","dACC_v17_ FISH-IF v2.4.4","1773","4918","4937","1357","1371","0","0","0","0","1","1","2393.1177","0","402.39725","0","0","0","0","0","0","0","0","0","0","0","0","0","0","0","0","0","0","0","0","42.21035","36.732674","5.477679","10.083764","0.76241"
"D:\HAA\dACC revisions\Run 4\Br2720_dlPFC_20x_img_011-MaxIP-Stitched_unmixed-rotated.nd2","Layer 1","dACC_v17_ FISH-IF v2.4.4","1774","4893","4915","1365","1386","0","0","0","0","1","1","1703.1941","0","264.51105","0","0","0","0","0","0","0","0","0","0","0","0","0","0","0","0","0","0","0","0","70.93365","58.367203","12.566441","15.447468","0.783163"
"D:\HAA\dACC revisions\Run 4\Br2720_dlPFC_20x_img_011-MaxIP-Stitched_unmixed-rotated.nd2","Layer 1","dACC_v17_ FISH-IF v2.4.4","1775","4915","4946","1371","1401","0","0","0","0","1","1","3205.8816","0","740.1533","0","0","0","0","0","0","0","0","0","0","0","0","0","0","0","0","0","0","0","0","135.28487","85.57147","49.71339","32.182224","0.797756"
"D:\HAA\dACC revisions\Run 4\Br2720_dlPFC_20x_img_011-MaxIP-Stitched_unmixed-rotated.nd2","Layer 1","dACC_v17_ FISH-IF v2.4.4","1776","4629","4644","1373","1389","0","0","0","0","1","1","540.9474","0","240.96353","0","0","0","0","0","0","0","0","0","0","0","0","0","0","0","0","0","0","0","0","33.694633","32.820045","0.874587","3.647319","0.588105"
"D:\HAA\dACC revisions\Run 4\Br2720_dlPFC_20x_img_011-MaxIP-Stitched_unmixed-rotated.nd2","Layer 1","dACC_v17_ FISH-IF v2.4.4","1777","4690","4718","1379","1410","0","0","1","0","1","1","2200.095","0","376.25983","0","0","0","0","0","1","1.51902","0","1167.7583","768.75757","0","0","0","0","0","4","6.582421","1","4305.2256","654.04895","133.53569","88.93173","44.60396","29.17855","0.860015"
"D:\HAA\dACC revisions\Run 4\Br2720_dlPFC_20x_img_011-MaxIP-Stitched_unmixed-rotated.nd2","Layer 1","dACC_v17_ FISH-IF v2.4.4","1778","4694","4721","1415","1442","0","0","0","0","1","1","2684.653","0","450.51697","0","0","0","0","0","0","0","0","0","0","0","0","0","0","0","0","0","0","0","0","106.56158","77.377975","29.183601","24.029396","0.783213"
"D:\HAA\dACC revisions\Run 4\Br2720_dlPFC_20x_img_011-MaxIP-Stitched_unmixed-rotated.nd2","Layer 1","dACC_v17_ FISH-IF v2.4.4","1779","4747","4781","1418","1445","0","0","1","0","1","1","2258.13","0","318.6372","0","0","0","0","0","0","0","0","0","0","0","0","0","0","0","4","5.01737","1","2682.1294","534.5688","133.67378","90.082504","43.591278","30.036743","0.769507"
"D:\HAA\dACC revisions\Run 4\Br2720_dlPFC_20x_img_011-MaxIP-Stitched_unmixed-rotated.nd2","Layer 1","dACC_v17_ FISH-IF v2.4.4","1780","4995","5024","1432","1454","0","0","0","1","1","1","2333.4663","0","345.1349","21","38.619938","3","110140.84","2851.9165","0","0","0","0","0","0","0","0","0","0","0","0","0","0","0","92.7523","58.68942","34.062878","25.531233","0.836111"
"D:\HAA\dACC revisions\Run 4\Br2720_dlPFC_20x_img_011-MaxIP-Stitched_unmixed-rotated.nd2","Layer 1","dACC_v17_ FISH-IF v2.4.4","1781","4669","4691","1434","1459","0","0","0","0","1","1","2205.028","0","375.29477","0","0","0","0","0","0","0","0","0","0","0","0","0","0","0","0","0","0","0","0","83.26993","65.27184","17.998089","18.451143","0.797727"
"D:\HAA\dACC revisions\Run 4\Br2720_dlPFC_20x_img_011-MaxIP-Stitched_unmixed-rotated.nd2","Layer 1","dACC_v17_ FISH-IF v2.4.4","1782","4762","4783","1453","1472","0","0","0","0","1","1","784.4593","0","139.24707","1","0.598402","0","482.49606","806.3077","0","0","0","0","0","0","0","0","0","0","1","0.552371","0","245.94319","445.25","58.965607","51.048286","7.917318","12.014698","0.784583"
"D:\HAA\dACC revisions\Run 4\Br2720_dlPFC_20x_img_011-MaxIP-Stitched_unmixed-rotated.nd2","Layer 1","dACC_v17_ FISH-IF v2.4.4","1783","4704","4726","1459","1480","0","0","0","1","1","1","529.64734","0","133.82576","4","4.464999","1","3651.8628","817.8866","0","0","0","0","0","0","0","0","0","0","0","0","0","0","0","64.21313","54.68473","9.528399","14.374727","0.717932"
"D:\HAA\dACC revisions\Run 4\Br2720_dlPFC_20x_img_011-MaxIP-Stitched_unmixed-rotated.nd2","Layer 1","dACC_v17_ FISH-IF v2.4.4","1784","1846","1866","1098","1118","0","0","0","0","1","1","728.0647","0","145.55637","0","0","0","0","0","0","0","0","0","0","2","2.807886","0","1976.5676","703.93445","1","0.552371","0","243.08928","440.08334","58.459267","50.63401","7.825256","12.014698","0.803723"
"D:\HAA\dACC revisions\Run 4\Br2720_dlPFC_20x_img_011-MaxIP-Stitched_unmixed-rotated.nd2","Layer 1","dACC_v17_ FISH-IF v2.4.4","1785","2191","2222","1099","1128","0","0","0","0","1","1","2152.777","0","372.42834","0","0","0","0","0","0","0","0","0","0","0","0","0","0","0","0","0","0","0","0","128.84055","86.72225","42.11829","28.749454","0.853997"
"D:\HAA\dACC revisions\Run 4\Br2720_dlPFC_20x_img_011-MaxIP-Stitched_unmixed-rotated.nd2","Layer 1","dACC_v17_ FISH-IF v2.4.4","1786","2099","2126","1110","1136","0","0","0","0","1","1","2964.3323","0","459.29465","0","0","0","0","0","0","0","0","0","0","0","0","0","0","0","0","0","0","0","0","103.52354","74.98437","28.53917","23.600298","0.912171"
"D:\HAA\dACC revisions\Run 4\Br2720_dlPFC_20x_img_011-MaxIP-Stitched_unmixed-rotated.nd2","Layer 1","dACC_v17_ FISH-IF v2.4.4","1787","1885","1910","1147","1176","0","0","0","0","1","1","1972.2782","0","300.15234","0","0","0","0","0","0","0","0","0","0","0","0","0","0","0","0","0","0","0","0","103.20132","77.055756","26.145561","24.029396","0.69618"
"D:\HAA\dACC revisions\Run 4\Br2720_dlPFC_20x_img_011-MaxIP-Stitched_unmixed-rotated.nd2","Layer 1","dACC_v17_ FISH-IF v2.4.4","1788","2205","2230","1152","1175","0","0","0","0","1","1","3411.7637","0","526.15375","0","0","0","0","0","0","0","0","0","0","0","0","0","0","0","0","0","0","0","0","85.93972","66.46864","19.471079","19.309336","0.840409"
"D:\HAA\dACC revisions\Run 4\Br2720_dlPFC_20x_img_011-MaxIP-Stitched_unmixed-rotated.nd2","Layer 1","dACC_v17_ FISH-IF v2.4.4","1789","2064","2099","1157","1182","0","0","0","0","1","1","3280.4006","0","672.4761","0","0","0","0","0","0","0","0","0","0","0","0","0","0","0","0","0","0","0","0","126.58502","88.563484","38.021538","28.964003","0.657456"
"D:\HAA\dACC revisions\Run 4\Br2720_dlPFC_20x_img_011-MaxIP-Stitched_unmixed-rotated.nd2","Layer 1","dACC_v17_ FISH-IF v2.4.4","1790","1971","1997","1178","1206","0","0","0","0","1","1","1896.5934","0","307.55008","0","0","0","0","0","0","0","0","0","0","0","0","0","0","0","0","0","0","0","0","111.71703","76.733536","34.983498","26.174877","0.888279"
"D:\HAA\dACC revisions\Run 4\Br2720_dlPFC_20x_img_011-MaxIP-Stitched_unmixed-rotated.nd2","Layer 1","dACC_v17_ FISH-IF v2.4.4","1791","1997","2026","1181","1205","0","0","0","0","1","1","1643.1262","0","328.1925","0","0","0","0","0","0","0","0","0","0","0","0","0","0","0","0","0","0","0","0","109.59962","67.66545","41.934166","30.036743","0.798268"
"D:\HAA\dACC revisions\Run 4\Br2720_dlPFC_20x_img_011-MaxIP-Stitched_unmixed-rotated.nd2","Layer 1","dACC_v17_ FISH-IF v2.4.4","1792","1997","2024","1205","1241","0","0","0","0","1","1","1742.1022","0","325.48633","0","0","0","0","0","0","0","0","0","0","0","0","0","0","0","0","0","0","0","0","151.57982","94.36338","57.21643","38.189575","0.617538"
"D:\HAA\dACC revisions\Run 4\Br2720_dlPFC_20x_img_011-MaxIP-Stitched_unmixed-rotated.nd2","Layer 1","dACC_v17_ FISH-IF v2.4.4","1793","1971","1998","1212","1244","0","0","0","0","1","1","1520.6245","0","374.83057","0","0","0","0","0","0","0","0","0","0","0","0","0","0","0","0","0","0","0","0","125.57234","85.847664","39.72468","28.749454","0.802317"
"D:\HAA\dACC revisions\Run 4\Br2720_dlPFC_20x_img_011-MaxIP-Stitched_unmixed-rotated.nd2","Layer 1","dACC_v17_ FISH-IF v2.4.4","1794","1819","1847","1216","1240","0","0","0","1","1","1","1622.4543","0","291.49298","5","13.02675","1","17171.19","1318.1484","0","0","0","0","0","0","0","0","0","0","0","0","0","0","0","96.38874","72.176476","24.212263","21.883913","0.81412"
"D:\HAA\dACC revisions\Run 4\Br2720_dlPFC_20x_img_011-MaxIP-Stitched_unmixed-rotated.nd2","Layer 1","dACC_v17_ FISH-IF v2.4.4","1795","1919","1946","1218","1250","1","1","1","0","1","1","1131.7357","0","173.48776","0","0","0","0","0","7","15.696543","1","17296.486","1101.9296","9","9.022059","1","6953.016","770.6684","122","82.57947","4","195884.56","2372.0735","120.87719","84.650856","36.226334","28.10581","0.758276"
"D:\HAA\dACC revisions\Run 4\Br2720_dlPFC_20x_img_011-MaxIP-Stitched_unmixed-rotated.nd2","Layer 1","dACC_v17_ FISH-IF v2.4.4","1796","2056","2077","1242","1266","0","0","0","0","1","1","507.44568","0","166.44106","0","0","0","0","0","1","1.703144","0","1311.3748","769.97296","1","1.565051","0","1333.6538","852.14703","1","0.50634","0","209.48671","413.72726","71.25586","58.965607","12.290255","16.734756","0.643129"
"D:\HAA\dACC revisions\Run 4\Br2720_dlPFC_20x_img_011-MaxIP-Stitched_unmixed-rotated.nd2","Layer 1","dACC_v17_ FISH-IF v2.4.4","1797","1957","1985","1243","1267","1","1","0","0","1","1","1476.1016","0","223.80063","0","0","0","0","0","6","11.369637","1","13132.851","1155.0809","5","5.707834","1","4287.872","751.2258","2","3.360257","0","2331.8804","693.9589","96.52683","72.95901","23.56783","22.31301","0.718014"
"D:\HAA\dACC revisions\Run 4\Br2720_dlPFC_20x_img_011-MaxIP-Stitched_unmixed-rotated.nd2","Layer 1","dACC_v17_ FISH-IF v2.4.4","1798","2105","2154","1244","1273","0","0","0","0","1","1","2772.302","0","572.1488","0","0","0","0","0","0","0","0","0","0","0","0","0","0","0","0","0","0","0","0","205.98836","128.38023","77.60812","48.058792","0.57068"
"D:\HAA\dACC revisions\Run 4\Br2720_dlPFC_20x_img_011-MaxIP-Stitched_unmixed-rotated.nd2","Layer 1","dACC_v17_ FISH-IF v2.4.4","1799","1808","1836","1252","1276","0","0","0","0","1","1","2203.979","0","405.55548","0","0","0","0","0","0","0","0","0","0","1","0.50634","0","357.89038","706.8182","0","0","0","0","0","97.86173","62.64808","35.213654","25.74578","0.849578"
"D:\HAA\dACC revisions\Run 4\Br2720_dlPFC_20x_img_011-MaxIP-Stitched_unmixed-rotated.nd2","Layer 1","dACC_v17_ FISH-IF v2.4.4","1800","2042","2060","1257","1274","0","0","0","0","1","1","370.9643","0","143.2936","0","0","0","0","0","0","0","0","0","0","1","1.01268","0","735.1598","725.9545","0","0","0","0","0","46.07695","40.921486","5.155463","9.44012","0.787281"
"D:\HAA\dACC revisions\Run 4\Br2720_dlPFC_20x_img_011-MaxIP-Stitched_unmixed-rotated.nd2","Layer 1","dACC_v17_ FISH-IF v2.4.4","1801","1872","1896","1259","1281","0","1","1","1","1","1","1295.2551","0","197.12292","9","17.767935","1","50154.32","2822.7434","0","0","0","0","0","5","4.050721","1","2931.0186","723.5795","14","27.158241","2","22212.633","817.8966","75.81292","55.421227","20.391697","22.31301","0.699664"
"D:\HAA\dACC revisions\Run 4\Br2720_dlPFC_20x_img_011-MaxIP-Stitched_unmixed-rotated.nd2","Layer 1","dACC_v17_ FISH-IF v2.4.4","1802","1814","1845","1269","1294","0","1","0","0","1","1","2012.6687","0","333.8502","2","2.301546","0","2050.7234","891.02","1","0.414278","0","274.48236","662.55554","9","10.218863","1","9152.051","895.6036","1","0.368247","0","156.73528","425.625","103.0172","66.05437","36.962826","27.462166","0.769838"
"D:\HAA\dACC revisions\Run 4\Br2720_dlPFC_20x_img_011-MaxIP-Stitched_unmixed-rotated.nd2","Layer 1","dACC_v17_ FISH-IF v2.4.4","1803","2039","2061","1274","1293","0","0","0","0","1","1","523.9433","0","134.93321","0","0","0","0","0","0","0","0","0","0","0","0","0","0","0","1","0.414278","0","177.9095","429.44446","59.932255","51.00226","8.929998","14.160179","0.68677"
"D:\HAA\dACC revisions\Run 4\Br2720_dlPFC_20x_img_011-MaxIP-Stitched_unmixed-rotated.nd2","Layer 1","dACC_v17_ FISH-IF v2.4.4","1804","1872","1897","1280","1298","1","0","1","1","1","1","790.50635","0","249.12477","19","37.837414","3","119237.16","3151.303","4","2.761855","1","3054.4275","839.94934","1","1.288866","0","962.0462","746.4286","32","47.0436","4","47963.617","1019.55676","69.36859","51.278442","18.09015","21.02572","0.729674"
"D:\HAA\dACC revisions\Run 4\Br2720_dlPFC_20x_img_011-MaxIP-Stitched_unmixed-rotated.nd2","Layer 1","dACC_v17_ FISH-IF v2.4.4","1805","2153","2183","1285","1309","0","0","0","0","1","1","2256.7314","0","377.83478","2","6.582421","0","5966.4814","906.4266","0","0","0","0","0","0","0","0","0","0","0","0","0","0","0","109.00121","79.67952","29.321695","24.458492","0.743966"
"D:\HAA\dACC revisions\Run 4\Br2720_dlPFC_20x_img_011-MaxIP-Stitched_unmixed-rotated.nd2","Layer 1","dACC_v17_ FISH-IF v2.4.4","1806","1834","1860","1339","1367","0","0","0","0","1","1","2211.5898","0","325.70374","3","7.963349","0","9800.213","1230.6648","0","0","0","0","0","0","0","0","0","0","0","0","0","0","0","110.6123","78.620804","31.991488","24.887589","0.860741"
"D:\HAA\dACC revisions\Run 4\Br2720_dlPFC_20x_img_011-MaxIP-Stitched_unmixed-rotated.nd2","Layer 1","dACC_v17_ FISH-IF v2.4.4","1807","1846","1874","1412","1440","0","0","0","0","1","1","2283.8794","0","626.8891","0","0","0","0","0","0","0","0","0","0","1","0.736495","0","653.1787","746.8421","0","0","0","0","0","104.214","71.39395","32.820045","31.324034","0.554449"
"D:\HAA\dACC revisions\Run 4\Br2720_dlPFC_20x_img_011-MaxIP-Stitched_unmixed-rotated.nd2","Layer 1","dACC_v17_ FISH-IF v2.4.4","1808","1913","1940","1418","1445","0","1","0","0","1","1","1860.0741","0","305.50598","0","0","0","0","0","0","0","0","0","0","27","22.371025","3","22236.662","993.99384","0","0","0","0","0","106.607605","76.77957","29.828035","24.458492","0.883766"
"D:\HAA\dACC revisions\Run 4\Br2720_dlPFC_20x_img_011-MaxIP-Stitched_unmixed-rotated.nd2","Layer 1","dACC_v17_ FISH-IF v2.4.4","1809","1814","1841","1420","1449","0","0","1","1","1","1","2116.3838","0","429.451","4","7.733194","1","7589.8076","981.4583","0","0","0","0","0","1","1.334897","0","1070.541","801.9655","6","9.896647","1","7182.6646","725.76746","112.31544","79.81761","32.49783","27.462166","0.703307"
"D:\HAA\dACC revisions\Run 4\Br2720_dlPFC_20x_img_011-MaxIP-Stitched_unmixed-rotated.nd2","Layer 1","dACC_v17_ FISH-IF v2.4.4","1810","1864","1893","1424","1451","0","0","0","0","1","1","1720.9309","0","408.0028","0","0","0","0","0","0","0","0","0","0","0","0","0","0","0","0","0","0","0","0","98.4141","65.77818","32.63592","25.316685","0.85946"
"D:\HAA\dACC revisions\Run 4\Br2720_dlPFC_20x_img_011-MaxIP-Stitched_unmixed-rotated.nd2","Layer 1","dACC_v17_ FISH-IF v2.4.4","1811","2130","2162","1435","1458","0","0","0","0","1","1","2763.6992","0","409.0034","0","0","0","0","0","0","0","0","0","0","0","0","0","0","0","0","0","0","0","0","109.645645","81.33663","28.309013","25.316685","0.631875"
"D:\HAA\dACC revisions\Run 4\Br2720_dlPFC_20x_img_011-MaxIP-Stitched_unmixed-rotated.nd2","Layer 1","dACC_v17_ FISH-IF v2.4.4","1812","1823","1855","1447","1479","1","1","1","0","1","1","1265.3071","0","209.6698","0","0","0","0","0","8","10.03474","1","8701.408","867.1284","39","32.774014","4","37360.074","1135.1469","78","108.955185","4","127652.94","1171.6096","146.0561","92.84436","53.211742","33.469513","0.842971"
"D:\HAA\dACC revisions\Run 4\Br2720_dlPFC_20x_img_011-MaxIP-Stitched_unmixed-rotated.nd2","Layer 1","dACC_v17_ FISH-IF v2.4.4","1813","1994","2017","1461","1488","1","0","0","1","1","1","1481.0017","0","266.83295","8","14.637832","1","18406.521","1257.4623","4","5.753865","1","7007.931","1189.4062","3","3.452319","0","2978.6606","808.875","0","0","0","0","0","88.517456","61.72746","26.789993","22.31301","0.894839"
"D:\HAA\dACC revisions\Run 4\Br2720_dlPFC_20x_img_011-MaxIP-Stitched_unmixed-rotated.nd2","Layer 1","dACC_v17_ FISH-IF v2.4.4","1814","1977","2001","1468","1492","0","1","0","0","1","1","1630.0293","0","273.3181","1","0.50634","0","368.70764","728.1818","1","1.334897","0","1092.4058","818.34485","15","12.612472","3","13859.955","1098.9088","0","0","0","0","0","74.24787","55.421227","18.826645","20.382076","0.774389"
"D:\HAA\dACC revisions\Run 4\Br2720_dlPFC_20x_img_011-MaxIP-Stitched_unmixed-rotated.nd2","Layer 1","dACC_v17_ FISH-IF v2.4.4","1815","2040","2066","1476","1504","0","0","0","0","1","1","1824.393","0","351.85876","0","0","0","0","0","0","0","0","0","0","0","0","0","0","0","0","0","0","0","0","97.26333","68.447975","28.815355","23.600298","0.822269"
"D:\HAA\dACC revisions\Run 4\Br2720_dlPFC_20x_img_011-MaxIP-Stitched_unmixed-rotated.nd2","Layer 1","dACC_v17_ FISH-IF v2.4.4","1816","2144","2174","1480","1511","0","0","0","0","1","1","1978.286","0","363.60657","0","0","0","0","0","0","0","0","0","0","0","0","0","0","0","0","0","0","0","0","138.461","91.14122","47.319782","30.036743","0.848944"
"D:\HAA\dACC revisions\Run 4\Br2720_dlPFC_20x_img_011-MaxIP-Stitched_unmixed-rotated.nd2","Layer 1","dACC_v17_ FISH-IF v2.4.4","1817","1956","1979","1482","1505","0","0","0","1","1","1","2227.8594","0","311.4132","4","14.407678","1","19770.646","1372.23","0","0","0","0","0","0","0","0","0","0","0","0","0","0","0","77.424","62.049675","15.374327","17.163853","0.795096"
"D:\HAA\dACC revisions\Run 4\Br2720_dlPFC_20x_img_011-MaxIP-Stitched_unmixed-rotated.nd2","Layer 1","dACC_v17_ FISH-IF v2.4.4","1818","1564","1585","1530","1551","0","0","0","0","1","1","388.71796","0","128.45416","0","0","0","0","0","0","0","0","0","0","0","0","0","0","0","0","0","0","0","0","63.20045","54.224422","8.976028","14.160179","0.699945"
"D:\HAA\dACC revisions\Run 4\Br2720_dlPFC_20x_img_011-MaxIP-Stitched_unmixed-rotated.nd2","Layer 1","dACC_v17_ FISH-IF v2.4.4","1819","1731","1750","1548","1568","0","0","1","0","1","1","612.26117","0","129.65106","0","0","0","0","0","0","0","0","0","0","1","0.966649","0","703.9968","728.2857","26","31.254993","3","42711.4","1366.5464","57.354523","50.12767","7.226854","11.585601","0.742886"
"D:\HAA\dACC revisions\Run 4\Br2720_dlPFC_20x_img_011-MaxIP-Stitched_unmixed-rotated.nd2","Layer 1","dACC_v17_ FISH-IF v2.4.4","1820","1700","1733","1554","1579","0","0","1","0","1","1","2370.7185","0","342.33206","0","0","0","0","0","0","0","0","0","0","1","0.874587","0","714.39984","816.8421","27","30.56453","3","41896.742","1370.7635","119.12801","84.28261","34.845406","27.247618","0.709202"
"D:\HAA\dACC revisions\Run 4\Br2720_dlPFC_20x_img_011-MaxIP-Stitched_unmixed-rotated.nd2","Layer 1","dACC_v17_ FISH-IF v2.4.4","1821","1572","1594","1565","1586","0","0","0","0","1","1","664.22986","0","157.28972","0","0","0","0","0","0","0","0","0","0","0","0","0","0","0","0","0","0","0","0","67.34323","55.927567","11.415668","14.589275","0.869621"
"D:\HAA\dACC revisions\Run 4\Br2720_dlPFC_20x_img_011-MaxIP-Stitched_unmixed-rotated.nd2","Layer 1","dACC_v17_ FISH-IF v2.4.4","1822","1736","1763","1579","1607","0","0","0","0","1","1","2322.1614","0","324.50616","3","7.503039","0","7700.144","1026.2699","0","0","0","0","0","0","0","0","0","0","0","0","0","0","0","110.33611","78.390656","31.945457","24.887589","0.881258"
"D:\HAA\dACC revisions\Run 4\Br2720_dlPFC_20x_img_011-MaxIP-Stitched_unmixed-rotated.nd2","Layer 1","dACC_v17_ FISH-IF v2.4.4","1823","1799","1827","1584","1609","0","0","0","0","1","1","2464.6106","0","568.3385","0","0","0","0","0","0","0","0","0","0","0","0","0","0","0","0","0","0","0","0","96.11256","62.417923","33.694633","25.102137","0.769805"
"D:\HAA\dACC revisions\Run 4\Br2720_dlPFC_20x_img_011-MaxIP-Stitched_unmixed-rotated.nd2","Layer 1","dACC_v17_ FISH-IF v2.4.4","1824","1776","1807","1613","1645","0","1","0","0","1","1","1537.8447","0","290.18167","0","0","0","0","0","0","0","0","0","0","27","26.09953","3","25033.777","959.1658","0","0","0","0","0","146.47038","93.99513","52.475246","31.75313","0.898352"
"D:\HAA\dACC revisions\Run 4\Br2720_dlPFC_20x_img_011-MaxIP-Stitched_unmixed-rotated.nd2","Layer 1","dACC_v17_ FISH-IF v2.4.4","1825","1748","1777","1624","1653","0","0","0","0","1","1","2029.5331","0","352.08456","1","0.552371","0","439.5032","795.6667","0","0","0","0","0","0","0","0","0","0","0","0","0","0","0","124.00729","84.37467","39.63262","27.462166","0.904908"
"D:\HAA\dACC revisions\Run 4\Br2720_dlPFC_20x_img_011-MaxIP-Stitched_unmixed-rotated.nd2","Layer 1","dACC_v17_ FISH-IF v2.4.4","1826","1792","1817","1652","1680","0","0","0","0","1","1","2827.1008","0","358.3729","0","0","0","0","0","0","0","0","0","0","0","0","0","0","0","3","5.937988","0","3338.6226","562.24805","104.8124","76.043076","28.769323","23.171202","0.838446"
"D:\HAA\dACC revisions\Run 4\Br2720_dlPFC_20x_img_011-MaxIP-Stitched_unmixed-rotated.nd2","Layer 1","dACC_v17_ FISH-IF v2.4.4","1827","1622","1644","1654","1675","0","1","1","0","1","1","979.31665","0","145.21365","0","0","0","0","0","0","0","0","0","0","4","4.925308","1","3884.4111","788.6636","19","41.565918","3","29444.734","708.3865","67.71148","56.66406","11.047421","14.803823","0.760047"
"D:\HAA\dACC revisions\Run 4\Br2720_dlPFC_20x_img_011-MaxIP-Stitched_unmixed-rotated.nd2","Layer 1","dACC_v17_ FISH-IF v2.4.4","1828","1691","1720","1660","1685","0","1","1","0","1","1","1452.4011","0","191.26651","0","0","0","0","0","0","0","0","0","0","9","8.976028","1","8234.194","872.60486","12","19.14886","2","20523.252","1071.774","100.89977","75.99705","24.902727","24.458492","0.657253"
"D:\HAA\dACC revisions\Run 4\Br2720_dlPFC_20x_img_011-MaxIP-Stitched_unmixed-rotated.nd2","Layer 1","dACC_v17_ FISH-IF v2.4.4","1829","1532","1564","1671","1700","0","0","0","0","1","1","3020.1921","0","681.5318","0","0","0","0","0","0","0","0","0","0","0","0","0","0","0","0","0","0","0","0","138.18481","93.39673","44.788082","30.46584","0.821539"
"D:\HAA\dACC revisions\Run 4\Br2720_dlPFC_20x_img_011-MaxIP-Stitched_unmixed-rotated.nd2","Layer 1","dACC_v17_ FISH-IF v2.4.4","1830","1429","1454","1684","1711","0","0","0","1","1","1","2818.0688","0","404.33353","7","17.58381","1","22888.873","1294.9219","0","0","0","0","0","1","0.874587","0","648.43756","741.4211","0","0","0","0","0","104.62827","75.90498","28.723293","22.742105","0.8472"
"D:\HAA\dACC revisions\Run 4\Br2720_dlPFC_20x_img_011-MaxIP-Stitched_unmixed-rotated.nd2","Layer 1","dACC_v17_ FISH-IF v2.4.4","1831","1648","1687","1698","1733","0","1","1","0","1","1","1005.2895","0","245.15282","0","0","0","0","0","0","0","0","0","0","14","14.361647","2","11355.413","790.6763","56","103.063225","4","86177.016","836.15674","199.08372","116.8725","82.21122","42.05144","0.809535"
"D:\HAA\dACC revisions\Run 4\Br2720_dlPFC_20x_img_011-MaxIP-Stitched_unmixed-rotated.nd2","Layer 1","dACC_v17_ FISH-IF v2.4.4","1832","1792","1818","1699","1730","0","1","1","0","1","1","2500.3208","0","332.03003","0","0","0","0","0","0","0","0","0","0","4","3.958659","1","3379.3137","853.6512","8","16.11082","1","11371.616","705.83716","102.234665","64.35122","37.883446","30.251291","0.754484"
"D:\HAA\dACC revisions\Run 4\Br2720_dlPFC_20x_img_011-MaxIP-Stitched_unmixed-rotated.nd2","Layer 1","dACC_v17_ FISH-IF v2.4.4","1833","1730","1757","1699","1727","0","0","0","0","1","1","1706.8042","0","272.20203","0","0","0","0","0","0","0","0","0","0","0","0","0","0","0","0","0","0","0","0","103.569565","77.00973","26.55984","24.887589","0.731947"
"D:\HAA\dACC revisions\Run 4\Br2720_dlPFC_20x_img_011-MaxIP-Stitched_unmixed-rotated.nd2","Layer 1","dACC_v17_ FISH-IF v2.4.4","1834","1777","1806","1714","1738","0","1","1","0","1","1","1781.2562","0","516.07153","0","0","0","0","0","0","0","0","0","0","7","6.674483","1","6014.446","901.11035","18","33.280354","3","26064.822","783.1895","85.57147","57.906895","27.664581","26.389425","0.73378"
"D:\HAA\dACC revisions\Run 4\Br2720_dlPFC_20x_img_011-MaxIP-Stitched_unmixed-rotated.nd2","Layer 1","dACC_v17_ FISH-IF v2.4.4","1835","1704","1730","1727","1765","0","0","0","0","1","1","1841.4528","0","327.96735","0","0","0","0","0","0","0","0","0","0","0","0","0","0","0","0","0","0","0","0","144.53708","97.26333","47.273754","32.182224","0.654975"
"D:\HAA\dACC revisions\Run 4\Br2720_dlPFC_20x_img_011-MaxIP-Stitched_unmixed-rotated.nd2","Layer 1","dACC_v17_ FISH-IF v2.4.4","1836","1720","1740","1774","1794","0","0","0","0","1","1","1317.2756","0","184.11478","0","0","0","0","0","0","0","0","0","0","0","0","0","0","0","0","0","0","0","0","56.111687","48.930866","7.180823","11.156505","0.913438"
"D:\HAA\dACC revisions\Run 4\Br2720_dlPFC_20x_img_011-MaxIP-Stitched_unmixed-rotated.nd2","Layer 1","dACC_v17_ FISH-IF v2.4.4","1837","1531","1557","1781","1809","0","1","0","0","1","1","2747.5183","0","322.48834","0","0","0","0","0","0","0","0","0","0","40","26.836025","4","38873.617","1448.5609","1","0.828557","0","372.71234","449.83334","107.113945","76.91766","30.196281","23.600298","0.887166"
"D:\HAA\dACC revisions\Run 4\Br2720_dlPFC_20x_img_011-MaxIP-Stitched_unmixed-rotated.nd2","Layer 1","dACC_v17_ FISH-IF v2.4.4","1838","1558","1579","1795","1815","0","0","0","0","1","1","702.05524","0","153.77005","0","0","0","0","0","0","0","0","0","0","1","0.920618","0","617.6889","670.95","2","2.761855","0","1672.6715","605.63336","59.978287","51.64669","8.331596","12.87289","0.757171"
"D:\HAA\dACC revisions\Run 4\Br2720_dlPFC_20x_img_011-MaxIP-Stitched_unmixed-rotated.nd2","Layer 1","dACC_v17_ FISH-IF v2.4.4","1839","1807","1827","1804","1823","0","0","0","0","1","1","975.9786","0","140.651","0","0","0","0","0","0","0","0","0","0","0","0","0","0","0","0","0","0","0","0","54.454575","48.010246","6.444328","10.727408","0.834045"
"D:\HAA\dACC revisions\Run 4\Br2720_dlPFC_20x_img_011-MaxIP-Stitched_unmixed-rotated.nd2","Layer 1","dACC_v17_ FISH-IF v2.4.4","1840","1499","1533","1844","1877","0","0","1","0","1","1","1527.8539","0","343.42307","0","0","0","0","0","1","1.058711","0","748.4627","706.95654","0","0","0","0","0","7","10.172832","1","9050.737","889.69684","158.99078","96.94111","62.049675","35.614998","0.876159"
"D:\HAA\dACC revisions\Run 4\Br2720_dlPFC_20x_img_011-MaxIP-Stitched_unmixed-rotated.nd2","Layer 1","dACC_v17_ FISH-IF v2.4.4","1841","1487","1505","1845","1862","0","0","1","0","1","1","949.94794","0","283.8","0","0","0","0","0","0","0","0","0","0","3","3.682473","0","2462.3318","668.6625","30","35.02953","4","46738.734","1334.2667","42.854786","38.435818","4.418968","8.581926","0.742783"
"D:\HAA\dACC revisions\Run 4\Br2720_dlPFC_20x_img_011-MaxIP-Stitched_unmixed-rotated.nd2","Layer 1","dACC_v17_ FISH-IF v2.4.4","1842","1712","1731","1856","1876","0","0","0","0","1","1","426.22916","0","123.788666","1","2.071391","0","3425.6208","1240.3334","0","0","0","0","0","2","2.071391","0","2386.8872","1152.3112","0","0","0","0","0","54.54664","47.918186","6.628452","10.727408","0.862575"
"D:\HAA\dACC revisions\Run 4\Br2720_dlPFC_20x_img_011-MaxIP-Stitched_unmixed-rotated.nd2","Layer 1","dACC_v17_ FISH-IF v2.4.4","1843","1424","1440","1858","1871","0","0","0","0","1","1","1991.3","0","719.8277","0","0","0","0","0","0","0","0","0","0","0","0","0","0","0","0","0","0","0","0","28.216953","25.915407","2.301546","6.221897","0.668148"
"D:\HAA\dACC revisions\Run 4\Br2720_dlPFC_20x_img_011-MaxIP-Stitched_unmixed-rotated.nd2","Layer 1","dACC_v17_ FISH-IF v2.4.4","1844","1573","1598","1860","1890","0","1","1","0","1","1","3089.3955","0","662.20624","0","0","0","0","0","0","0","0","0","0","8","6.076081","1","6711.8604","1104.6364","4","5.984019","1","3461.295","569.6591","105.36477","53.349834","52.01494","32.182224","0.762157"
"D:\HAA\dACC revisions\Run 4\Br2720_dlPFC_20x_img_011-MaxIP-Stitched_unmixed-rotated.nd2","Layer 1","dACC_v17_ FISH-IF v2.4.4","1845","1560","1576","1865","1890","0","0","0","0","1","1","3036.3564","0","550.0577","0","0","0","0","0","0","0","0","0","0","1","0.828557","0","583.626","704.3889","0","0","0","0","0","55.78947","39.908806","15.880667","17.807499","0.761403"
"D:\HAA\dACC revisions\Run 4\Br2720_dlPFC_20x_img_011-MaxIP-Stitched_unmixed-rotated.nd2","Layer 1","dACC_v17_ FISH-IF v2.4.4","1846","1417","1446","1867","1895","0","0","0","0","1","1","2825.4304","0","446.30997","0","0","0","0","0","0","0","0","0","0","0","0","0","0","0","0","0","0","0","0","107.25204","74.846275","32.405766","28.749454","0.697092"
"D:\HAA\dACC revisions\Run 4\Br2720_dlPFC_20x_img_011-MaxIP-Stitched_unmixed-rotated.nd2","Layer 1","dACC_v17_ FISH-IF v2.4.4","1847","1639","1666","1868","1894","0","1","0","0","1","1","2269.3708","0","567.1619","0","0","0","0","0","0","0","0","0","0","46","27.756643","4","45943.645","1655.2305","0","0","0","0","0","88.60952","61.68143","26.928087","24.243944","0.784835"
"D:\HAA\dACC revisions\Run 4\Br2720_dlPFC_20x_img_011-MaxIP-Stitched_unmixed-rotated.nd2","Layer 1","dACC_v17_ FISH-IF v2.4.4","1848","1590","1617","1871","1900","1","0","0","0","1","1","2341.2048","0","426.81918","0","0","0","0","0","6","9.022059","1","7568.818","838.92346","1","1.104742","0","816.5424","739.125","0","0","0","0","0","105.73302","66.19246","39.540558","28.534906","0.800959"
"D:\HAA\dACC revisions\Run 4\Br2720_dlPFC_20x_img_011-MaxIP-Stitched_unmixed-rotated.nd2","Layer 1","dACC_v17_ FISH-IF v2.4.4","1849","1620","1648","1876","1903","0","1","0","0","1","1","3488.2473","0","521.80457","0","0","0","0","0","0","0","0","0","0","8","5.477679","1","6952.1416","1269.1765","0","0","0","0","0","99.1506","66.19246","32.958138","25.74578","0.824443"
"D:\HAA\dACC revisions\Run 4\Br2720_dlPFC_20x_img_011-MaxIP-Stitched_unmixed-rotated.nd2","Layer 1","dACC_v17_ FISH-IF v2.4.4","1850","1681","1710","1882","1908","0","1","1","0","1","1","2333.2107","0","315.08533","0","0","0","0","0","0","0","0","0","0","21","18.734583","3","17779.074","948.99756","64","67.941635","4","102782.44","1512.8049","107.52822","77.14782","30.380405","24.029396","0.87291"
"D:\HAA\dACC revisions\Run 4\Br2720_dlPFC_20x_img_011-MaxIP-Stitched_unmixed-rotated.nd2","Layer 1","dACC_v17_ FISH-IF v2.4.4","1851","4046","4078","1890","1922","0","0","0","0","1","1","1773.3671","0","262.87872","1","0.598402","0","436.05087","728.6923","0","0","0","0","0","0","0","0","0","0","0","0","0","0","0","151.57982","96.02049","55.55932","32.61132","0.89852"
"D:\HAA\dACC revisions\Run 4\Br2720_dlPFC_20x_img_011-MaxIP-Stitched_unmixed-rotated.nd2","Layer 1","dACC_v17_ FISH-IF v2.4.4","1852","3992","4020","1908","1930","0","0","0","0","1","1","2259.1748","0","564.3609","1","1.611082","0","1162.3267","721.45715","0","0","0","0","0","0","0","0","0","0","0","0","0","0","0","87.45874","55.605347","31.853395","24.243944","0.815235"
"D:\HAA\dACC revisions\Run 4\Br2720_dlPFC_20x_img_011-MaxIP-Stitched_unmixed-rotated.nd2","Layer 1","dACC_v17_ FISH-IF v2.4.4","1853","3815","3836","1909","1929","0","0","0","0","1","1","1168.4589","0","198.5389","0","0","0","0","0","0","0","0","0","0","0","0","0","0","0","0","0","0","0","0","60.852875","49.11499","11.737884","16.30566","0.61361"
"D:\HAA\dACC revisions\Run 4\Br2720_dlPFC_20x_img_011-MaxIP-Stitched_unmixed-rotated.nd2","Layer 1","dACC_v17_ FISH-IF v2.4.4","1854","3835","3846","1910","1924","0","0","0","0","1","1","992.9643","0","264.03668","0","0","0","0","0","0","0","0","0","0","0","0","0","0","0","0","0","0","0","0","25.132881","23.844015","1.288866","4.934608","0.465599"
"D:\HAA\dACC revisions\Run 4\Br2720_dlPFC_20x_img_011-MaxIP-Stitched_unmixed-rotated.nd2","Layer 1","dACC_v17_ FISH-IF v2.4.4","1855","4126","4157","1910","1936","0","0","0","0","1","1","1423.541","0","276.3468","0","0","0","0","0","2","3.222164","0","2378.4636","738.15717","0","0","0","0","0","0","0","0","0","0","116.228065","82.02709","34.200974","26.174877","0.74771"
"D:\HAA\dACC revisions\Run 4\Br2720_dlPFC_20x_img_011-MaxIP-Stitched_unmixed-rotated.nd2","Layer 1","dACC_v17_ FISH-IF v2.4.4","1856","3896","3918","1913","1932","0","0","0","0","1","1","1222.0834","0","223.02365","0","0","0","0","0","0","0","0","0","0","0","0","0","0","0","0","0","0","0","0","64.44328","54.500607","9.942678","13.301987","0.801208"
"D:\HAA\dACC revisions\Run 4\Br2720_dlPFC_20x_img_011-MaxIP-Stitched_unmixed-rotated.nd2","Layer 1","dACC_v17_ FISH-IF v2.4.4","1857","3996","4023","1925","1950","0","0","0","0","1","1","2536.029","0","523.2118","0","0","0","0","0","0","0","0","0","0","0","0","0","0","0","0","0","0","0","0","93.25864","58.459267","34.799374","25.531233","0.793355"
"D:\HAA\dACC revisions\Run 4\Br2720_dlPFC_20x_img_011-MaxIP-Stitched_unmixed-rotated.nd2","Layer 1","dACC_v17_ FISH-IF v2.4.4","1858","3884","3907","1939","1962","0","0","0","0","1","1","1714.0406","0","340.3021","0","0","0","0","0","0","0","0","0","0","0","0","0","0","0","0","0","0","0","0","77.70019","61.865555","15.834636","16.734756","0.905874"
"D:\HAA\dACC revisions\Run 4\Br2720_dlPFC_20x_img_011-MaxIP-Stitched_unmixed-rotated.nd2","Layer 1","dACC_v17_ FISH-IF v2.4.4","1859","4128","4156","1952","1980","0","0","0","0","1","1","2147.368","0","371.38495","0","0","0","0","0","0","0","0","0","0","0","0","0","0","0","0","0","0","0","0","117.93121","82.02709","35.904114","25.74578","0.873239"
"D:\HAA\dACC revisions\Run 4\Br2720_dlPFC_20x_img_011-MaxIP-Stitched_unmixed-rotated.nd2","Layer 1","dACC_v17_ FISH-IF v2.4.4","1860","4051","4086","1953","1981","1","0","0","0","1","1","1706.1713","0","310.4276","0","0","0","0","0","11","14.821956","2","14661.813","989.1957","0","0","0","0","0","0","0","0","0","0","144.81326","95.37606","49.437206","31.75313","0.724916"
"D:\HAA\dACC revisions\Run 4\Br2720_dlPFC_20x_img_011-MaxIP-Stitched_unmixed-rotated.nd2","Layer 1","dACC_v17_ FISH-IF v2.4.4","1861","4192","4215","1972","2000","0","0","0","0","1","1","1414.547","0","421.64642","0","0","0","0","0","0","0","0","0","0","0","0","0","0","0","0","0","0","0","0","96.94111","69.00034","27.940767","23.600298","0.807347"
"D:\HAA\dACC revisions\Run 4\Br2720_dlPFC_20x_img_011-MaxIP-Stitched_unmixed-rotated.nd2","Layer 1","dACC_v17_ FISH-IF v2.4.4","1862","4025","4059","1999","2023","1","0","0","0","1","1","1830.2167","0","302.65454","0","0","0","0","0","9","17.1235","1","18975.002","1087.6597","0","0","0","0","0","0","0","0","0","0","115.30745","68.35591","46.951534","30.894936","0.731668"
"D:\HAA\dACC revisions\Run 4\Br2720_dlPFC_20x_img_011-MaxIP-Stitched_unmixed-rotated.nd2","Layer 1","dACC_v17_ FISH-IF v2.4.4","1863","3823","3852","2005","2028","0","0","0","0","1","1","1682.0378","0","278.363","0","0","0","0","0","0","0","0","0","0","0","0","0","0","0","0","0","0","0","0","98.73632","74.43199","24.304325","22.31301","0.711803"
"D:\HAA\dACC revisions\Run 4\Br2720_dlPFC_20x_img_011-MaxIP-Stitched_unmixed-rotated.nd2","Layer 1","dACC_v17_ FISH-IF v2.4.4","1864","3931","3958","2005","2030","0","0","0","0","1","1","2201.216","0","386.05664","0","0","0","0","0","0","0","0","0","0","0","0","0","0","0","0","0","0","0","0","102.64895","70.70349","31.945457","25.74578","0.736432"
"D:\HAA\dACC revisions\Run 4\Br2720_dlPFC_20x_img_011-MaxIP-Stitched_unmixed-rotated.nd2","Layer 1","dACC_v17_ FISH-IF v2.4.4","1865","3957","3978","2008","2029","0","0","0","0","1","1","1720.2617","0","335.9432","0","0","0","0","0","0","0","0","0","0","0","0","0","0","0","0","0","0","0","0","66.65277","51.876842","14.775925","16.734756","0.778541"
"D:\HAA\dACC revisions\Run 4\Br2720_dlPFC_20x_img_011-MaxIP-Stitched_unmixed-rotated.nd2","Layer 1","dACC_v17_ FISH-IF v2.4.4","1866","3981","4003","2009","2032","0","0","0","0","1","1","2006.3724","0","264.2704","0","0","0","0","0","0","0","0","0","0","0","0","0","0","0","0","0","0","0","0","72.08442","58.73545","13.348966","15.876565","0.852333"
"D:\HAA\dACC revisions\Run 4\Br2720_dlPFC_20x_img_011-MaxIP-Stitched_unmixed-rotated.nd2","Layer 1","dACC_v17_ FISH-IF v2.4.4","1867","4023","4051","2019","2039","0","0","0","0","1","1","1588.7963","0","335.58392","0","0","0","0","0","0","0","0","0","0","0","0","0","0","0","0","0","0","0","0","83.73024","52.107","31.62324","24.243944","0.754037"
"D:\HAA\dACC revisions\Run 4\Br2720_dlPFC_20x_img_011-MaxIP-Stitched_unmixed-rotated.nd2","Layer 1","dACC_v17_ FISH-IF v2.4.4","1868","3864","3889","2020","2042","0","0","0","0","1","1","1668.7576","0","249.55183","0","0","0","0","0","0","0","0","0","0","0","0","0","0","0","0","0","0","0","0","76.91766","61.72746","15.190203","17.163853","0.812751"
"D:\HAA\dACC revisions\Run 4\Br2720_dlPFC_20x_img_011-MaxIP-Stitched_unmixed-rotated.nd2","Layer 1","dACC_v17_ FISH-IF v2.4.4","1869","4098","4127","2035","2060","0","0","0","0","1","1","2715.733","0","351.41052","0","0","0","0","0","0","0","0","0","0","0","0","0","0","0","0","0","0","0","0","108.448845","77.93034","30.518497","24.458492","0.815026"
"D:\HAA\dACC revisions\Run 4\Br2720_dlPFC_20x_img_011-MaxIP-Stitched_unmixed-rotated.nd2","Layer 1","dACC_v17_ FISH-IF v2.4.4","1870","4032","4060","2038","2066","0","0","0","1","1","1","1902.5566","0","386.12997","4","12.01407","1","12943.203","1077.3372","0","0","0","0","0","0","0","0","0","0","0","0","0","0","0","119.12801","82.165184","36.962826","27.247618","0.836573"
"D:\HAA\dACC revisions\Run 4\Br2720_dlPFC_20x_img_011-MaxIP-Stitched_unmixed-rotated.nd2","Layer 1","dACC_v17_ FISH-IF v2.4.4","1871","3875","3899","2049","2075","0","0","0","0","1","1","2344.0557","0","373.72882","0","0","0","0","0","0","0","0","0","0","0","0","0","0","0","0","0","0","0","0","93.30467","70.10509","23.199583","21.02572","0.8516"
"D:\HAA\dACC revisions\Run 4\Br2720_dlPFC_20x_img_011-MaxIP-Stitched_unmixed-rotated.nd2","Layer 1","dACC_v17_ FISH-IF v2.4.4","1872","4167","4202","2049","2077","0","0","0","0","1","1","1777.6967","0","400.09845","0","0","0","0","0","2","3.820566","0","4283.269","1121.1084","0","0","0","0","0","0","0","0","0","0","144.53708","95.83637","48.70071","33.469513","0.749087"
"D:\HAA\dACC revisions\Run 4\Br2720_dlPFC_20x_img_011-MaxIP-Stitched_unmixed-rotated.nd2","Layer 1","dACC_v17_ FISH-IF v2.4.4","1873","3841","3876","2051","2082","0","0","0","0","1","1","2247.2139","0","392.04007","0","0","0","0","0","0","0","0","0","0","0","0","0","0","0","0","0","0","0","0","141.8673","98.82838","43.038906","34.756805","0.576895"
"D:\HAA\dACC revisions\Run 4\Br2720_dlPFC_20x_img_011-MaxIP-Stitched_unmixed-rotated.nd2","Layer 1","dACC_v17_ FISH-IF v2.4.4","1874","4124","4145","2068","2091","0","0","0","0","1","1","1570.0077","0","236.07536","1","4.096752","0","3626.2695","885.1573","0","0","0","0","0","0","0","0","0","0","0","0","0","0","0","68.72416","56.80215","11.922008","15.018372","0.845495"
"D:\HAA\dACC revisions\Run 4\Br2720_dlPFC_20x_img_011-MaxIP-Stitched_unmixed-rotated.nd2","Layer 1","dACC_v17_ FISH-IF v2.4.4","1875","4199","4229","2142","2169","0","0","0","0","1","1","2519.7168","0","397.22995","0","0","0","0","0","0","0","0","0","0","0","0","0","0","0","0","0","0","0","0","117.056625","81.474724","35.581898","25.74578","0.88272"
"D:\HAA\dACC revisions\Run 4\Br2720_dlPFC_20x_img_011-MaxIP-Stitched_unmixed-rotated.nd2","Layer 1","dACC_v17_ FISH-IF v2.4.4","1876","4039","4070","2147","2179","0","0","0","0","1","1","2497.0813","0","577.4872","0","0","0","0","0","0","0","0","0","0","0","0","0","0","0","0","0","0","0","0","134.04204","91.5555","42.486538","31.75313","0.698067"
"D:\HAA\dACC revisions\Run 4\Br2720_dlPFC_20x_img_011-MaxIP-Stitched_unmixed-rotated.nd2","Layer 1","dACC_v17_ FISH-IF v2.4.4","1877","3952","3980","2157","2185","0","0","1","0","1","1","2481.4016","0","407.12595","0","0","0","0","0","2","1.01268","0","669.2435","660.86365","0","0","0","0","0","10","21.864685","2","11630.816","531.94525","113.512245","80.04777","33.464478","25.74578","0.858381"
"D:\HAA\dACC revisions\Run 4\Br2720_dlPFC_20x_img_011-MaxIP-Stitched_unmixed-rotated.nd2","Layer 1","dACC_v17_ FISH-IF v2.4.4","1878","4074","4102","2172","2199","0","0","0","0","1","1","2349.2615","0","382.21313","0","0","0","0","0","0","0","0","0","0","0","0","0","0","0","0","0","0","0","0","104.260025","65.87024","38.389786","28.10581","0.784315"
"D:\HAA\dACC revisions\Run 4\Br2720_dlPFC_20x_img_011-MaxIP-Stitched_unmixed-rotated.nd2","Layer 1","dACC_v17_ FISH-IF v2.4.4","1879","4111","4139","2173","2200","0","0","0","0","1","1","1825.9644","0","279.26678","3","5.569741","0","5089.4546","913.7686","0","0","0","0","0","0","0","0","0","0","0","0","0","0","0","98.73632","76.77957","21.956747","24.887589","0.614552"
"D:\HAA\dACC revisions\Run 4\Br2720_dlPFC_20x_img_011-MaxIP-Stitched_unmixed-rotated.nd2","Layer 1","dACC_v17_ FISH-IF v2.4.4","1880","4054","4081","2178","2202","0","0","0","0","1","1","2400.554","0","343.7277","0","0","0","0","0","0","0","0","0","0","0","0","0","0","0","2","0.874587","0","386.98193","442.4737","90.082504","59.84019","30.242313","25.531233","0.72391"
"D:\HAA\dACC revisions\Run 4\Br2720_dlPFC_20x_img_011-MaxIP-Stitched_unmixed-rotated.nd2","Layer 1","dACC_v17_ FISH-IF v2.4.4","1881","3941","3968","2182","2204","1","0","0","0","1","1","891.11646","0","199.99728","0","0","0","0","0","12","16.801285","2","21612.113","1229.0917","2","1.058711","0","722.13306","682.087","0","0","0","0","0","85.985756","67.80354","18.182213","20.167528","0.664519"
"D:\HAA\dACC revisions\Run 4\Br2720_dlPFC_20x_img_011-MaxIP-Stitched_unmixed-rotated.nd2","Layer 1","dACC_v17_ FISH-IF v2.4.4","1882","4188","4215","2191","2222","0","0","0","0","1","1","2572.8008","0","384.8609","0","0","0","0","0","0","0","0","0","0","0","0","0","0","0","0","0","0","0","0","121.01528","84.05245","36.962826","27.891262","0.787993"
"D:\HAA\dACC revisions\Run 4\Br2720_dlPFC_20x_img_011-MaxIP-Stitched_unmixed-rotated.nd2","Layer 1","dACC_v17_ FISH-IF v2.4.4","1883","4012","4041","2205","2236","0","0","0","0","1","1","2125.5625","0","361.0717","0","0","0","0","0","0","0","0","0","0","0","0","0","0","0","0","0","0","0","0","127.689766","86.031784","41.65798","29.17855","0.889901"
"D:\HAA\dACC revisions\Run 4\Br2720_dlPFC_20x_img_011-MaxIP-Stitched_unmixed-rotated.nd2","Layer 1","dACC_v17_ FISH-IF v2.4.4","1884","3973","3999","2218","2244","0","0","0","0","1","1","2104.9358","0","346.51175","0","0","0","0","0","1","0.644433","0","435.22232","675.3571","0","0","0","0","0","0","0","0","0","0","97.58555","72.498695","25.08685","22.31301","0.839245"
"D:\HAA\dACC revisions\Run 4\Br2720_dlPFC_20x_img_011-MaxIP-Stitched_unmixed-rotated.nd2","Layer 1","dACC_v17_ FISH-IF v2.4.4","1885","4112","4132","2223","2243","0","0","0","0","1","1","381.7436","0","119.1061","1","3.728504","0","6137.118","1646","0","0","0","0","0","0","0","0","0","0","0","0","0","0","0","56.20375","49.022926","7.180823","11.371053","0.867109"
"D:\HAA\dACC revisions\Run 4\Br2720_dlPFC_20x_img_011-MaxIP-Stitched_unmixed-rotated.nd2","Layer 1","dACC_v17_ FISH-IF v2.4.4","1886","3887","3916","2263","2286","0","0","0","0","1","1","851.1148","0","190.27133","0","0","0","0","0","1","1.288866","0","1012.358","785.4643","0","0","0","0","0","0","0","0","0","0","98.64426","74.98437","23.659891","23.600298","0.697986"
"D:\HAA\dACC revisions\Run 4\Br2720_dlPFC_20x_img_011-MaxIP-Stitched_unmixed-rotated.nd2","Layer 1","dACC_v17_ FISH-IF v2.4.4","1887","3990","4017","2276","2302","0","0","0","0","1","1","2111.127","0","380.73383","0","0","0","0","0","0","0","0","0","0","0","0","0","0","0","0","0","0","0","0","101.91245","74.708176","27.204271","23.171202","0.812294"
"D:\HAA\dACC revisions\Run 4\Br2720_dlPFC_20x_img_011-MaxIP-Stitched_unmixed-rotated.nd2","Layer 1","dACC_v17_ FISH-IF v2.4.4","1888","2396","2427","1896","1922","0","0","0","1","1","1","2233.9182","0","369.10294","9","24.810665","1","40432.637","1576.9839","1","2.347577","0","2039.2157","868.64703","2","3.130102","0","2464.2651","787.2794","0","0","0","0","0","112.499565","76.45735","36.04221","27.03307","0.854894"
"D:\HAA\dACC revisions\Run 4\Br2720_dlPFC_20x_img_011-MaxIP-Stitched_unmixed-rotated.nd2","Layer 1","dACC_v17_ FISH-IF v2.4.4","1889","2460","2494","1916","1942","0","0","1","0","1","1","2213.918","0","426.01465","0","0","0","0","0","2","2.02536","0","1498.0302","739.63635","3","2.945979","0","2576.1663","874.46875","15","37.515198","3","24102.709","642.4785","117.056625","81.658844","35.397774","30.036743","0.667709"
"D:\HAA\dACC revisions\Run 4\Br2720_dlPFC_20x_img_011-MaxIP-Stitched_unmixed-rotated.nd2","Layer 1","dACC_v17_ FISH-IF v2.4.4","1890","2393","2415","1927","1946","0","0","0","0","1","1","2023.9138","0","217.53026","0","0","0","0","0","0","0","0","0","0","0","0","0","0","0","0","0","0","0","0","58.965607","50.956226","8.009379","12.229246","0.797539"
"D:\HAA\dACC revisions\Run 4\Br2720_dlPFC_20x_img_011-MaxIP-Stitched_unmixed-rotated.nd2","Layer 1","dACC_v17_ FISH-IF v2.4.4","1891","2464","2495","1937","1961","1","1","1","0","1","1","1350.1522","0","320.87714","0","0","0","0","0","5","6.53639","1","8130.533","1243.8873","10","13.579121","2","10457.027","770.08136","36","60.392563","4","58692.043","971.8422","94.6856","72.314575","22.371025","24.887589","0.539592"
"D:\HAA\dACC revisions\Run 4\Br2720_dlPFC_20x_img_011-MaxIP-Stitched_unmixed-rotated.nd2","Layer 1","dACC_v17_ FISH-IF v2.4.4","1892","2426","2451","1946","1968","0","0","0","0","1","1","2181.7744","0","286.44296","2","3.728504","0","4268.0327","1144.7037","0","0","0","0","0","0","0","0","0","0","0","0","0","0","0","78.068436","62.556015","15.512419","17.59295","0.786994"
"D:\HAA\dACC revisions\Run 4\Br2720_dlPFC_20x_img_011-MaxIP-Stitched_unmixed-rotated.nd2","Layer 1","dACC_v17_ FISH-IF v2.4.4","1893","2591","2615","1965","1992","1","0","0","0","1","1","2707.7776","0","400.68225","0","0","0","0","0","6","11.691853","1","13417.645","1147.6063","1","0.874587","0","593.4766","678.5789","0","0","0","0","0","99.61091","64.02901","35.581898","27.462166","0.815342"
"D:\HAA\dACC revisions\Run 4\Br2720_dlPFC_20x_img_011-MaxIP-Stitched_unmixed-rotated.nd2","Layer 1","dACC_v17_ FISH-IF v2.4.4","1894","2552","2576","1988","2015","0","0","0","0","1","1","3432.4023","0","474.48315","0","0","0","0","0","0","0","0","0","0","0","0","0","0","0","0","0","0","0","0","76.365295","53.25777","23.107521","22.956654","0.732701"
"D:\HAA\dACC revisions\Run 4\Br2720_dlPFC_20x_img_011-MaxIP-Stitched_unmixed-rotated.nd2","Layer 1","dACC_v17_ FISH-IF v2.4.4","1895","2540","2560","1998","2019","0","0","0","0","1","1","3266.7366","0","433.48065","0","0","0","0","0","0","0","0","0","0","0","0","0","0","0","0","0","0","0","0","57.21643","41.65798","15.55845","17.807499","0.787197"
"D:\HAA\dACC revisions\Run 4\Br2720_dlPFC_20x_img_011-MaxIP-Stitched_unmixed-rotated.nd2","Layer 1","dACC_v17_ FISH-IF v2.4.4","1896","2294","2320","2035","2064","0","0","0","0","1","1","2230.3596","0","554.02185","3","3.590412","0","2918.7744","812.9359","0","0","0","0","0","0","0","0","0","0","0","0","0","0","0","113.92652","80.139824","33.786694","25.316685","0.905676"
"D:\HAA\dACC revisions\Run 4\Br2720_dlPFC_20x_img_011-MaxIP-Stitched_unmixed-rotated.nd2","Layer 1","dACC_v17_ FISH-IF v2.4.4","1897","2523","2547","2070","2090","0","0","0","0","1","1","1279.0447","0","207.37257","0","0","0","0","0","0","0","0","0","0","0","0","0","0","0","0","0","0","0","0","68.40195","57.07834","11.323606","14.589275","0.778022"
"D:\HAA\dACC revisions\Run 4\Br2720_dlPFC_20x_img_011-MaxIP-Stitched_unmixed-rotated.nd2","Layer 1","dACC_v17_ FISH-IF v2.4.4","1898","2208","2234","2082","2102","0","0","0","0","1","1","1014.8237","0","200.54694","0","0","0","0","0","0","0","0","0","0","0","0","0","0","0","0","0","0","0","0","75.858955","62.27983","13.579121","17.378403","0.667273"
"D:\HAA\dACC revisions\Run 4\Br2720_dlPFC_20x_img_011-MaxIP-Stitched_unmixed-rotated.nd2","Layer 1","dACC_v17_ FISH-IF v2.4.4","1899","2393","2422","2084","2107","0","0","0","0","1","1","2542.856","0","342.27426","0","0","0","0","0","0","0","0","0","0","0","0","0","0","0","0","0","0","0","0","97.171265","73.511375","23.659891","21.883913","0.700224"
"D:\HAA\dACC revisions\Run 4\Br2720_dlPFC_20x_img_011-MaxIP-Stitched_unmixed-rotated.nd2","Layer 1","dACC_v17_ FISH-IF v2.4.4","1900","2465","2492","2106","2135","1","0","0","0","1","1","2810.4714","0","531.0018","0","0","0","0","0","6","9.758554","1","11254.697","1153.316","0","0","0","0","0","0","0","0","0","0","106.83776","76.96369","29.874065","24.887589","0.8404"
"D:\HAA\dACC revisions\Run 4\Br2720_dlPFC_20x_img_011-MaxIP-Stitched_unmixed-rotated.nd2","Layer 1","dACC_v17_ FISH-IF v2.4.4","1901","2486","2514","2142","2177","0","0","0","0","1","1","2234.6304","0","430.9352","0","0","0","0","0","0","0","0","0","0","0","0","0","0","0","0","0","0","0","0","128.3342","90.2206","38.113598","31.75313","0.624076"
"D:\HAA\dACC revisions\Run 4\Br2720_dlPFC_20x_img_011-MaxIP-Stitched_unmixed-rotated.nd2","Layer 1","dACC_v17_ FISH-IF v2.4.4","1902","2503","2544","2166","2197","0","0","0","0","1","1","2375.4175","0","414.50546","0","0","0","0","0","0","0","0","0","0","0","0","0","0","0","0","0","0","0","0","165.94145","109.2774","56.66406","39.476864","0.59462"
"D:\HAA\dACC revisions\Run 4\Br2720_dlPFC_20x_img_011-MaxIP-Stitched_unmixed-rotated.nd2","Layer 1","dACC_v17_ FISH-IF v2.4.4","1903","2394","2421","2174","2207","0","0","0","1","1","1","2080.562","0","403.63773","7","13.809276","1","14260.654","1032.6866","3","2.071391","0","1433.5869","692.08887","0","0","0","0","0","0","0","0","0","0","126.03265","85.89369","40.13896","29.17855","0.822002"
"D:\HAA\dACC revisions\Run 4\Br2720_dlPFC_20x_img_011-MaxIP-Stitched_unmixed-rotated.nd2","Layer 1","dACC_v17_ FISH-IF v2.4.4","1904","2236","2264","2215","2244","1","0","0","0","1","1","1683.9156","0","340.09464","0","0","0","0","0","8","12.382317","1","10013.565","808.6989","0","0","0","0","0","1","0.598402","0","282.95206","472.84616","119.35817","72.95901","46.399166","31.109486","0.754327"
"D:\HAA\dACC revisions\Run 4\Br2720_dlPFC_20x_img_011-MaxIP-Stitched_unmixed-rotated.nd2","Layer 1","dACC_v17_ FISH-IF v2.4.4","1905","2504","2531","2215","2243","0","0","0","1","1","1","2161.0374","0","437.44357","6","8.56175","1","7400.667","864.3871","0","0","0","0","0","0","0","0","0","0","0","0","0","0","0","105.45683","77.10178","28.355045","25.316685","0.824068"
"D:\HAA\dACC revisions\Run 4\Br2720_dlPFC_20x_img_011-MaxIP-Stitched_unmixed-rotated.nd2","Layer 1","dACC_v17_ FISH-IF v2.4.4","1906","2573","2602","2234","2255","1","0","0","0","1","1","659.61975","0","166.36998","0","0","0","0","0","4","4.557061","1","3521.043","742.6505","0","0","0","0","0","0","0","0","0","0","84.92704","60.71478","24.212263","22.742105","0.706172"
"D:\HAA\dACC revisions\Run 4\Br2720_dlPFC_20x_img_011-MaxIP-Stitched_unmixed-rotated.nd2","Layer 1","dACC_v17_ FISH-IF v2.4.4","1907","2240","2267","2241","2265","0","0","0","1","1","1","1821.3129","0","422.7892","4","6.950668","1","5547.6924","798.15234","0","0","0","0","0","1","0.598402","0","390.94058","653.3077","0","0","0","0","0","100.89977","58.965607","41.934166","31.109486","0.716291"
"D:\HAA\dACC revisions\Run 4\Br2720_dlPFC_20x_img_011-MaxIP-Stitched_unmixed-rotated.nd2","Layer 1","dACC_v17_ FISH-IF v2.4.4","1908","2579","2599","2253","2268","0","0","0","0","1","1","689.37573","0","160.5486","0","0","0","0","0","0","0","0","0","0","0","0","0","0","0","0","0","0","0","0","43.591278","35.996178","7.595101","12.014698","0.833852"
"D:\HAA\dACC revisions\Run 4\Br2720_dlPFC_20x_img_011-MaxIP-Stitched_unmixed-rotated.nd2","Layer 1","dACC_v17_ FISH-IF v2.4.4","1909","2517","2542","2249","2273","0","0","0","0","1","1","3481.655","0","418.1526","0","0","0","0","0","0","0","0","0","0","0","0","0","0","0","0","0","0","0","0","86.860344","66.97498","19.885357","19.309336","0.837988"
"D:\HAA\dACC revisions\Run 4\Br2720_dlPFC_20x_img_011-MaxIP-Stitched_unmixed-rotated.nd2","Layer 1","dACC_v17_ FISH-IF v2.4.4","1910","2242","2273","2264","2288","1","0","0","0","1","1","1393.2637","0","385.11453","0","0","0","0","0","4","5.569741","1","4905.791","801.3233","3","1.795206","0","1103.4991","614.6923","1","0.460309","0","193.56001","420.5","102.18864","64.30519","37.883446","29.17855","0.755267"
"D:\HAA\dACC revisions\Run 4\Br2720_dlPFC_20x_img_011-MaxIP-Stitched_unmixed-rotated.nd2","Layer 1","dACC_v17_ FISH-IF v2.4.4","1911","2217","2247","2265","2292","0","0","0","0","1","1","1782.8981","0","347.84286","0","0","0","0","0","3","5.01737","0","4530.4087","902.94495","2","1.979329","0","1586.8699","801.72095","0","0","0","0","0","120.23276","77.33194","42.900814","28.749454","0.831627"
"D:\HAA\dACC revisions\Run 4\Br2720_dlPFC_20x_img_011-MaxIP-Stitched_unmixed-rotated.nd2","Layer 1","dACC_v17_ FISH-IF v2.4.4","1912","2597","2623","2265","2291","1","1","0","0","1","1","3349.162","0","590.4408","0","0","0","0","0","10","11.231544","2","11267.586","1003.20905","4","4.188814","1","2724.478","650.4176","0","0","0","0","0","96.20462","69.2305","26.974117","22.31301","0.90668"
"D:\HAA\dACC revisions\Run 4\Br2720_dlPFC_20x_img_011-MaxIP-Stitched_unmixed-rotated.nd2","Layer 1","dACC_v17_ FISH-IF v2.4.4","1913","4563","4595","1898","1926","0","0","0","0","1","1","2139.4136","0","353.43933","0","0","0","0","0","0","0","0","0","0","0","0","0","0","0","0","0","0","0","0","119.86451","77.00973","42.854786","30.036743","0.777356"
"D:\HAA\dACC revisions\Run 4\Br2720_dlPFC_20x_img_011-MaxIP-Stitched_unmixed-rotated.nd2","Layer 1","dACC_v17_ FISH-IF v2.4.4","1914","4353","4382","1911","1944","0","0","0","0","1","1","1797.5566","0","378.82303","0","0","0","0","0","0","0","0","0","0","0","0","0","0","0","0","0","0","0","0","138.27687","95.19194","43.084938","31.75313","0.685767"
"D:\HAA\dACC revisions\Run 4\Br2720_dlPFC_20x_img_011-MaxIP-Stitched_unmixed-rotated.nd2","Layer 1","dACC_v17_ FISH-IF v2.4.4","1915","4567","4586","1921","1934","0","0","0","0","1","1","2035.7134","0","389.6872","0","0","0","0","0","0","0","0","0","0","0","0","0","0","0","0","0","0","0","0","36.68664","29.137571","7.54907","11.585601","0.765372"
"D:\HAA\dACC revisions\Run 4\Br2720_dlPFC_20x_img_011-MaxIP-Stitched_unmixed-rotated.nd2","Layer 1","dACC_v17_ FISH-IF v2.4.4","1916","4601","4627","1930","1951","0","0","0","0","1","1","1158.8284","0","179.1715","2","3.452319","0","3414.7117","989.1067","0","0","0","0","0","0","0","0","0","0","0","0","0","0","0","80.50807","65.22581","15.282265","18.665691","0.667865"
"D:\HAA\dACC revisions\Run 4\Br2720_dlPFC_20x_img_011-MaxIP-Stitched_unmixed-rotated.nd2","Layer 1","dACC_v17_ FISH-IF v2.4.4","1917","4561","4592","1933","1957","0","0","0","0","1","1","1551.592","0","299.82928","0","0","0","0","0","0","0","0","0","0","0","0","0","0","0","0","0","0","0","0","105.18065","74.15581","31.024837","25.74578","0.741749"
"D:\HAA\dACC revisions\Run 4\Br2720_dlPFC_20x_img_011-MaxIP-Stitched_unmixed-rotated.nd2","Layer 1","dACC_v17_ FISH-IF v2.4.4","1918","4271","4291","1934","1953","0","0","0","0","1","1","553.0274","0","123.85593","0","0","0","0","0","0","0","0","0","0","0","0","0","0","0","0","0","0","0","0","55.28313","48.56262","6.720514","11.156505","0.799021"
"D:\HAA\dACC revisions\Run 4\Br2720_dlPFC_20x_img_011-MaxIP-Stitched_unmixed-rotated.nd2","Layer 1","dACC_v17_ FISH-IF v2.4.4","1919","4224","4254","1936","1961","0","0","0","0","1","1","1501.9037","0","270.47385","0","0","0","0","0","0","0","0","0","0","0","0","0","0","0","0","0","0","0","0","101.17596","73.92565","27.250303","25.102137","0.696908"
"D:\HAA\dACC revisions\Run 4\Br2720_dlPFC_20x_img_011-MaxIP-Stitched_unmixed-rotated.nd2","Layer 1","dACC_v17_ FISH-IF v2.4.4","1920","4252","4266","1948","1965","0","0","0","0","1","1","567.03705","0","184.84795","0","0","0","0","0","0","0","0","0","0","0","0","0","0","0","0","0","0","0","0","34.845406","33.60257","1.242835","4.290963","0.672183"
"D:\HAA\dACC revisions\Run 4\Br2720_dlPFC_20x_img_011-MaxIP-Stitched_unmixed-rotated.nd2","Layer 1","dACC_v17_ FISH-IF v2.4.4","1921","4354","4387","1952","1976","0","0","0","0","1","1","1289.1744","0","241.80884","0","0","0","0","0","0","0","0","0","0","0","0","0","0","0","0","0","0","0","0","122.07399","86.44606","35.62793","27.462166","0.718998"
"D:\HAA\dACC revisions\Run 4\Br2720_dlPFC_20x_img_011-MaxIP-Stitched_unmixed-rotated.nd2","Layer 1","dACC_v17_ FISH-IF v2.4.4","1922","4222","4252","1959","1991","0","0","0","0","1","1","2484.4358","0","463.68552","0","0","0","0","0","0","0","0","0","0","0","0","0","0","0","0","0","0","0","0","133.996","77.28591","56.71009","34.327705","0.74962"
"D:\HAA\dACC revisions\Run 4\Br2720_dlPFC_20x_img_011-MaxIP-Stitched_unmixed-rotated.nd2","Layer 1","dACC_v17_ FISH-IF v2.4.4","1923","4595","4620","1977","2001","0","0","0","1","1","1","2022.3026","0","373.7666","7","14.683863","1","19534.371","1330.3291","0","0","0","0","0","0","0","0","0","0","0","0","0","0","0","81.981064","64.48932","17.491749","19.309336","0.835463"
"D:\HAA\dACC revisions\Run 4\Br2720_dlPFC_20x_img_011-MaxIP-Stitched_unmixed-rotated.nd2","Layer 1","dACC_v17_ FISH-IF v2.4.4","1924","4215","4243","1980","2007","0","0","0","1","1","1","2333.7073","0","400.064","6","11.231544","1","13461.742","1198.5656","0","0","0","0","0","0","0","0","0","0","0","0","0","0","0","95.42209","61.12906","34.293034","28.320358","0.689029"
"D:\HAA\dACC revisions\Run 4\Br2720_dlPFC_20x_img_011-MaxIP-Stitched_unmixed-rotated.nd2","Layer 1","dACC_v17_ FISH-IF v2.4.4","1925","4548","4584","1981","2007","1","0","0","0","1","1","1923.7714","0","280.68954","0","0","0","0","0","17","29.137571","3","36466.797","1249.5647","0","0","0","0","0","2","3.406288","0","1593.4983","467.81082","140.16414","93.25864","46.905506","30.680387","0.77389"
"D:\HAA\dACC revisions\Run 4\Br2720_dlPFC_20x_img_011-MaxIP-Stitched_unmixed-rotated.nd2","Layer 1","dACC_v17_ FISH-IF v2.4.4","1926","4440","4470","1994","2022","0","0","0","0","1","1","2419.659","0","424.65057","2","3.820566","0","3579.318","936.8554","3","6.628452","0","6569.855","991.1597","0","0","0","0","0","2","1.841237","0","853.22906","463.4","120.601006","74.43199","46.16901","32.396774","0.72394"
"D:\HAA\dACC revisions\Run 4\Br2720_dlPFC_20x_img_011-MaxIP-Stitched_unmixed-rotated.nd2","Layer 1","dACC_v17_ FISH-IF v2.4.4","1927","4295","4329","1994","2019","1","0","0","0","1","1","1236.7894","0","293.73163","0","0","0","0","0","4","4.925308","1","3974.8618","807.028","0","0","0","0","0","0","0","0","0","0","125.38822","87.13653","38.251694","28.10581","0.728265"
"D:\HAA\dACC revisions\Run 4\Br2720_dlPFC_20x_img_011-MaxIP-Stitched_unmixed-rotated.nd2","Layer 1","dACC_v17_ FISH-IF v2.4.4","1928","4425","4442","1997","2020","0","0","0","0","1","1","2012.9893","0","353.15494","3","6.628452","0","6149.5923","927.75696","0","0","0","0","0","0","0","0","0","0","0","0","0","0","0","52.01494","39.21834","12.796595","15.662017","0.707569"
"D:\HAA\dACC revisions\Run 4\Br2720_dlPFC_20x_img_011-MaxIP-Stitched_unmixed-rotated.nd2","Layer 1","dACC_v17_ FISH-IF v2.4.4","1929","4344","4373","2003","2034","0","0","0","0","1","1","2046.341","0","350.54852","0","0","0","0","0","0","0","0","0","0","0","0","0","0","0","0","0","0","0","0","133.90395","89.6222","44.281742","28.749454","0.851413"
"D:\HAA\dACC revisions\Run 4\Br2720_dlPFC_20x_img_011-MaxIP-Stitched_unmixed-rotated.nd2","Layer 1","dACC_v17_ FISH-IF v2.4.4","1930","4468","4490","2009","2031","0","0","0","0","1","1","1075.1661","0","203.64241","0","0","0","0","0","1","1.749175","0","1416.8317","810","0","0","0","0","0","1","0.460309","0","195.40125","424.5","72.40663","58.82751","13.579121","15.876565","0.896176"
"D:\HAA\dACC revisions\Run 4\Br2720_dlPFC_20x_img_011-MaxIP-Stitched_unmixed-rotated.nd2","Layer 1","dACC_v17_ FISH-IF v2.4.4","1931","4488","4511","2056","2074","0","0","0","0","1","1","681.4422","0","149.3225","0","0","0","0","0","0","0","0","0","0","0","0","0","0","0","0","0","0","0","0","62.970295","53.810143","9.160152","12.87289","0.751834"
"D:\HAA\dACC revisions\Run 4\Br2720_dlPFC_20x_img_011-MaxIP-Stitched_unmixed-rotated.nd2","Layer 1","dACC_v17_ FISH-IF v2.4.4","1932","4207","4239","2084","2113","1","1","0","0","1","1","1927.3645","0","309.97113","0","0","0","0","0","45","46.859474","4","120321.96","2555.1692","4","3.958659","1","4060.157","1025.6395","0","0","0","0","0","134.50233","89.29998","45.202362","30.46584","0.820269"
"D:\HAA\dACC revisions\Run 4\Br2720_dlPFC_20x_img_011-MaxIP-Stitched_unmixed-rotated.nd2","Layer 1","dACC_v17_ FISH-IF v2.4.4","1933","4290","4321","2091","2121","0","0","0","0","1","1","1965.2086","0","379.7571","0","0","0","0","0","0","0","0","0","0","0","0","0","0","0","0","0","0","0","0","138.461","90.588844","47.872154","30.036743","0.916933"
"D:\HAA\dACC revisions\Run 4\Br2720_dlPFC_20x_img_011-MaxIP-Stitched_unmixed-rotated.nd2","Layer 1","dACC_v17_ FISH-IF v2.4.4","1934","4376","4409","2103","2130","1","0","1","0","1","1","2216.2441","0","319.8813","0","0","0","0","0","10","20.345665","2","21780.174","1070.5068","0","0","0","0","0","9","16.61716","1","10035.845","603.9446","130.2675","88.79364","41.473858","29.17855","0.764032"
"D:\HAA\dACC revisions\Run 4\Br2720_dlPFC_20x_img_011-MaxIP-Stitched_unmixed-rotated.nd2","Layer 1","dACC_v17_ FISH-IF v2.4.4","1935","4474","4506","2105","2123","0","0","0","0","1","1","1340.7576","0","388.6132","2","2.99201","0","2373.124","793.1539","0","0","0","0","0","0","0","0","0","0","0","0","0","0","0","84.05245","56.525967","27.52649","26.818521","0.59571"
"D:\HAA\dACC revisions\Run 4\Br2720_dlPFC_20x_img_011-MaxIP-Stitched_unmixed-rotated.nd2","Layer 1","dACC_v17_ FISH-IF v2.4.4","1936","4469","4486","2114","2131","0","0","0","0","1","1","1381.7693","0","234.41467","3","8.05541","0","15444.708","1917.3086","0","0","0","0","0","0","0","0","0","0","0","0","0","0","0","34.845406","28.861385","5.984019","10.51286","0.762283"
"D:\HAA\dACC revisions\Run 4\Br2720_dlPFC_20x_img_011-MaxIP-Stitched_unmixed-rotated.nd2","Layer 1","dACC_v17_ FISH-IF v2.4.4","1937","4482","4507","2123","2144","0","0","0","0","1","1","2134.8635","0","499.62103","0","0","0","0","0","0","0","0","0","0","0","0","0","0","0","0","0","0","0","0","76.733536","55.14504","21.588501","19.738432","0.913337"
"D:\HAA\dACC revisions\Run 4\Br2720_dlPFC_20x_img_011-MaxIP-Stitched_unmixed-rotated.nd2","Layer 1","dACC_v17_ FISH-IF v2.4.4","1938","4507","4533","2124","2152","0","0","0","0","1","1","2554.6543","0","356.89096","1","3.222164","0","3848.9673","1194.5286","0","0","0","0","0","0","0","0","0","0","0","0","0","0","0","106.23936","76.41132","29.828035","23.600298","0.892382"
"D:\HAA\dACC revisions\Run 4\Br2720_dlPFC_20x_img_011-MaxIP-Stitched_unmixed-rotated.nd2","Layer 1","dACC_v17_ FISH-IF v2.4.4","1939","4582","4611","2140","2166","0","0","0","0","1","1","2977.7866","0","398.18393","0","0","0","0","0","0","0","0","0","0","0","0","0","0","0","1","0.414278","0","186.24109","449.55554","108.90915","77.83828","31.07087","24.458492","0.852269"
"D:\HAA\dACC revisions\Run 4\Br2720_dlPFC_20x_img_011-MaxIP-Stitched_unmixed-rotated.nd2","Layer 1","dACC_v17_ FISH-IF v2.4.4","1940","4327","4356","2141","2170","0","0","0","1","1","1","2299.2178","0","395.1704","11","32.359734","2","59851.84","1849.5775","0","0","0","0","0","0","0","0","0","0","0","0","0","0","0","117.97724","81.84297","36.13427","27.03307","0.895404"
"D:\HAA\dACC revisions\Run 4\Br2720_dlPFC_20x_img_011-MaxIP-Stitched_unmixed-rotated.nd2","Layer 1","dACC_v17_ FISH-IF v2.4.4","1941","4534","4567","2196","2221","0","0","0","0","1","1","1720.102","0","320.46338","0","0","0","0","0","0","0","0","0","0","0","0","0","0","0","0","0","0","0","0","124.60569","86.72225","37.883446","27.891262","0.751873"
"D:\HAA\dACC revisions\Run 4\Br2720_dlPFC_20x_img_011-MaxIP-Stitched_unmixed-rotated.nd2","Layer 1","dACC_v17_ FISH-IF v2.4.4","1942","4276","4309","2197","2227","0","0","0","0","1","1","2079.6592","0","320.14743","0","0","0","0","0","1","1.334897","0","1146.6301","858.9655","0","0","0","0","0","0","0","0","0","0","137.1261","90.542816","46.58329","30.680387","0.825868"
"D:\HAA\dACC revisions\Run 4\Br2720_dlPFC_20x_img_011-MaxIP-Stitched_unmixed-rotated.nd2","Layer 1","dACC_v17_ FISH-IF v2.4.4","1943","4589","4619","2216","2244","0","0","0","0","1","1","2763.5212","0","370.2142","0","0","0","0","0","0","0","0","0","0","0","0","0","0","0","2","3.222164","0","1620.6565","502.97144","115.62966","81.01441","34.61525","26.603973","0.840747"
"D:\HAA\dACC revisions\Run 4\Br2720_dlPFC_20x_img_011-MaxIP-Stitched_unmixed-rotated.nd2","Layer 1","dACC_v17_ FISH-IF v2.4.4","1944","4347","4371","2243","2274","0","0","0","0","1","1","1843.5253","0","303.6646","0","0","0","0","0","0","0","0","0","0","0","0","0","0","0","0","0","0","0","0","116.228065","82.487404","33.74066","25.316685","0.756186"
"D:\HAA\dACC revisions\Run 4\Br2720_dlPFC_20x_img_011-MaxIP-Stitched_unmixed-rotated.nd2","Layer 1","dACC_v17_ FISH-IF v2.4.4","1945","4483","4513","2246","2274","0","0","0","0","1","1","2467.2996","0","424.00662","0","0","0","0","0","0","0","0","0","0","0","0","0","0","0","0","0","0","0","0","120.094666","83.36199","36.732674","27.03307","0.828474"
"D:\HAA\dACC revisions\Run 4\Br2720_dlPFC_20x_img_011-MaxIP-Stitched_unmixed-rotated.nd2","Layer 1","dACC_v17_ FISH-IF v2.4.4","1946","4529","4548","2262","2278","0","0","0","0","1","1","424.3846","0","140.41226","0","0","0","0","0","0","0","0","0","0","0","0","0","0","0","0","0","0","0","0","47.734062","43.545246","4.188814","8.581926","0.751609"
"D:\HAA\dACC revisions\Run 4\Br2720_dlPFC_20x_img_011-MaxIP-Stitched_unmixed-rotated.nd2","Layer 1","dACC_v17_ FISH-IF v2.4.4","1947","4226","4258","2268","2301","1","0","0","0","1","1","1557.7799","0","318.2913","1","0.644433","0","495.01648","768.1429","5","7.364947","1","5984.4795","812.5625","0","0","0","0","0","2","1.104742","0","487.6055","441.375","154.70992","97.8157","56.894215","33.469513","0.901602"
"D:\HAA\dACC revisions\Run 4\Br2720_dlPFC_20x_img_011-MaxIP-Stitched_unmixed-rotated.nd2","Layer 1","dACC_v17_ FISH-IF v2.4.4","1948","4515","4558","2279","2316","0","0","0","0","1","1","2483.301","0","534.1345","0","0","0","0","0","0","0","0","0","0","0","0","0","0","0","1","0.828557","0","418.375","504.94446","199.72815","124.191414","75.536736","47.629692","0.638883"
"D:\HAA\dACC revisions\Run 4\Br2720_dlPFC_20x_img_011-MaxIP-Stitched_unmixed-rotated.nd2","Layer 1","dACC_v17_ FISH-IF v2.4.4","1949","3078","3098","1089","1112","0","0","0","0","1","1","1747.2039","0","293.5643","0","0","0","0","0","0","0","0","0","0","0","0","0","0","0","0","0","0","0","0","69.69081","55.467255","14.223554","16.30566","0.855217"
"D:\HAA\dACC revisions\Run 4\Br2720_dlPFC_20x_img_011-MaxIP-Stitched_unmixed-rotated.nd2","Layer 1","dACC_v17_ FISH-IF v2.4.4","1950","3097","3132","1089","1116","0","0","0","0","1","1","2201.2737","0","410.70605","0","0","0","0","0","0","0","0","0","0","0","0","0","0","0","0","0","0","0","0","135.97533","91.923744","44.051586","32.182224","0.635795"
"D:\HAA\dACC revisions\Run 4\Br2720_dlPFC_20x_img_011-MaxIP-Stitched_unmixed-rotated.nd2","Layer 1","dACC_v17_ FISH-IF v2.4.4","1951","3168","3196","1106","1132","0","0","0","0","1","1","2765.2666","0","429.01456","0","0","0","0","0","0","0","0","0","0","0","0","0","0","0","0","0","0","0","0","105.22668","72.77488","32.451797","24.458492","0.891444"
"D:\HAA\dACC revisions\Run 4\Br2720_dlPFC_20x_img_011-MaxIP-Stitched_unmixed-rotated.nd2","Layer 1","dACC_v17_ FISH-IF v2.4.4","1952","3063","3085","1119","1141","0","0","0","0","1","1","2342.649","0","350.76083","3","6.352267","0","8389.871","1320.7681","1","2.163453","0","2162.4866","999.55316","0","0","0","0","0","0","0","0","0","0","73.37328","59.471947","13.901337","15.876565","0.871926"
"D:\HAA\dACC revisions\Run 4\Br2720_dlPFC_20x_img_011-MaxIP-Stitched_unmixed-rotated.nd2","Layer 1","dACC_v17_ FISH-IF v2.4.4","1953","3177","3201","1127","1148","0","0","0","0","1","1","2476.2603","0","345.55383","0","0","0","0","0","0","0","0","0","0","0","0","0","0","0","0","0","0","0","0","71.11777","56.433907","14.683863","16.734756","0.779972"
"D:\HAA\dACC revisions\Run 4\Br2720_dlPFC_20x_img_011-MaxIP-Stitched_unmixed-rotated.nd2","Layer 1","dACC_v17_ FISH-IF v2.4.4","1954","3268","3296","1190","1216","0","0","0","0","1","1","1738.3785","0","311.22202","0","0","0","0","0","0","0","0","0","0","0","0","0","0","0","0","0","0","0","0","102.69498","74.846275","27.848705","23.600298","0.888048"
"D:\HAA\dACC revisions\Run 4\Br2720_dlPFC_20x_img_011-MaxIP-Stitched_unmixed-rotated.nd2","Layer 1","dACC_v17_ FISH-IF v2.4.4","1955","3073","3101","1235","1259","0","0","0","0","1","1","1679.7535","0","327.85492","0","0","0","0","0","0","0","0","0","0","0","0","0","0","0","0","0","0","0","0","99.38075","73.60344","25.777313","22.742105","0.808387"
"D:\HAA\dACC revisions\Run 4\Br2720_dlPFC_20x_img_011-MaxIP-Stitched_unmixed-rotated.nd2","Layer 1","dACC_v17_ FISH-IF v2.4.4","1956","3040","3069","1238","1265","0","0","0","0","1","1","2079.7788","0","361.1778","0","0","0","0","0","0","0","0","0","0","0","0","0","0","0","0","0","0","0","0","116.08997","73.005035","43.084938","30.036743","0.796175"
"D:\HAA\dACC revisions\Run 4\Br2720_dlPFC_20x_img_011-MaxIP-Stitched_unmixed-rotated.nd2","Layer 1","dACC_v17_ FISH-IF v2.4.4","1957","3209","3236","1241","1259","0","0","0","0","1","1","1674.6178","0","237.91653","2","3.084071","0","2558.9048","829.71643","0","0","0","0","0","0","0","0","0","0","0","0","0","0","0","70.19715","55.14504","15.05211","19.094788","0.638766"
"D:\HAA\dACC revisions\Run 4\Br2720_dlPFC_20x_img_011-MaxIP-Stitched_unmixed-rotated.nd2","Layer 1","dACC_v17_ FISH-IF v2.4.4","1958","3136","3162","1243","1274","0","0","0","0","1","1","2316.8982","0","359.65714","0","0","0","0","0","1","0.966649","0","681.90204","705.4286","0","0","0","0","0","0","0","0","0","0","100.99184","67.52736","33.464478","28.534906","0.716267"
"D:\HAA\dACC revisions\Run 4\Br2720_dlPFC_20x_img_011-MaxIP-Stitched_unmixed-rotated.nd2","Layer 1","dACC_v17_ FISH-IF v2.4.4","1959","3219","3258","1258","1286","1","1","0","0","1","1","1636.5679","0","229.36938","2","7.04273","0","8219.603","1167.1046","20","27.848705","3","35673.133","1280.962","12","11.323606","2","8197.37","723.9187","0","0","0","0","0","167.23032","103.43147","63.79885","41.19325","0.653326"
"D:\HAA\dACC revisions\Run 4\Br2720_dlPFC_20x_img_011-MaxIP-Stitched_unmixed-rotated.nd2","Layer 1","dACC_v17_ FISH-IF v2.4.4","1960","3019","3043","1256","1286","0","0","0","1","1","1","2369.225","0","466.75305","6","13.072781","1","16926.305","1294.7747","0","0","0","0","0","0","0","0","0","0","0","0","0","0","0","104.67431","67.84957","36.824734","26.603973","0.884949"
"D:\HAA\dACC revisions\Run 4\Br2720_dlPFC_20x_img_011-MaxIP-Stitched_unmixed-rotated.nd2","Layer 1","dACC_v17_ FISH-IF v2.4.4","1961","3150","3176","1258","1281","0","0","0","0","1","1","2546.0066","0","514.38794","0","0","0","0","0","0","0","0","0","0","2","1.426958","0","1051.4843","736.871","0","0","0","0","0","68.67813","48.05628","20.621851","22.956654","0.694115"
"D:\HAA\dACC revisions\Run 4\Br2720_dlPFC_20x_img_011-MaxIP-Stitched_unmixed-rotated.nd2","Layer 1","dACC_v17_ FISH-IF v2.4.4","1962","3037","3065","1264","1291","0","0","0","1","1","1","2219.3655","0","441.65335","6","13.717214","1","15960.162","1163.5134","0","0","0","0","0","0","0","0","0","0","0","0","0","0","0","104.35209","62.27983","42.072258","30.894936","0.723955"
"D:\HAA\dACC revisions\Run 4\Br2720_dlPFC_20x_img_011-MaxIP-Stitched_unmixed-rotated.nd2","Layer 1","dACC_v17_ FISH-IF v2.4.4","1963","3163","3183","1276","1294","0","0","0","0","1","1","1167.7703","0","360.82416","0","0","0","0","0","0","0","0","0","0","0","0","0","0","0","1","0.414278","0","204.10109","443.4","53.67205","46.859474","6.812576","11.156505","0.820759"
"D:\HAA\dACC revisions\Run 4\Br2720_dlPFC_20x_img_011-MaxIP-Stitched_unmixed-rotated.nd2","Layer 1","dACC_v17_ FISH-IF v2.4.4","1964","3289","3314","1309","1329","0","0","0","0","1","1","1004.56274","0","177.2125","0","0","0","0","0","0","0","0","0","0","1","1.058711","0","867.959","819.8261","0","0","0","0","0","72.54472","60.438595","12.106132","16.30566","0.657644"
"D:\HAA\dACC revisions\Run 4\Br2720_dlPFC_20x_img_011-MaxIP-Stitched_unmixed-rotated.nd2","Layer 1","dACC_v17_ FISH-IF v2.4.4","1965","3072","3099","1325","1347","0","0","0","0","1","1","3366.4106","0","486.3807","0","0","0","0","0","1","1.058711","0","888.44275","839.1739","0","0","0","0","0","0","0","0","0","0","90.63488","65.409935","25.224943","22.31301","0.730612"
"D:\HAA\dACC revisions\Run 4\Br2720_dlPFC_20x_img_011-MaxIP-Stitched_unmixed-rotated.nd2","Layer 1","dACC_v17_ FISH-IF v2.4.4","1966","3049","3075","1325","1351","0","0","0","0","1","1","3139.5283","0","457.04312","0","0","0","0","0","2","2.48567","0","1871.571","752.94446","0","0","0","0","0","0","0","0","0","0","94.59354","66.19246","28.401075","23.171202","0.873081"
"D:\HAA\dACC revisions\Run 4\Br2720_dlPFC_20x_img_011-MaxIP-Stitched_unmixed-rotated.nd2","Layer 1","dACC_v17_ FISH-IF v2.4.4","1967","3226","3247","1356","1377","0","0","0","0","1","1","818.54224","0","157.13058","0","0","0","0","0","3","5.109432","0","5134.795","945.3475","0","0","0","0","0","0","0","0","0","0","64.99566","54.6387","10.356956","14.160179","0.821912"
"D:\HAA\dACC revisions\Run 4\Br2720_dlPFC_20x_img_011-MaxIP-Stitched_unmixed-rotated.nd2","Layer 1","dACC_v17_ FISH-IF v2.4.4","1968","3198","3217","1360","1380","0","0","0","0","1","1","820.457","0","138.0436","0","0","0","0","0","0","0","0","0","0","0","0","0","0","0","0","0","0","0","0","55.513287","48.56262","6.950668","10.941957","0.890076"
"D:\HAA\dACC revisions\Run 4\Br2720_dlPFC_20x_img_011-MaxIP-Stitched_unmixed-rotated.nd2","Layer 1","dACC_v17_ FISH-IF v2.4.4","1969","3330","3364","1368","1399","1","0","0","0","1","1","1503.9854","0","276.2246","0","0","0","0","0","30","43.72937","4","64598.777","1477.24","0","0","0","0","0","2","0.920618","0","424.72726","461.35","150.47507","96.94111","53.53396","33.89861","0.772351"
"D:\HAA\dACC revisions\Run 4\Br2720_dlPFC_20x_img_011-MaxIP-Stitched_unmixed-rotated.nd2","Layer 1","dACC_v17_ FISH-IF v2.4.4","1970","3081","3116","1372","1408","0","0","0","0","1","1","1464.5176","0","317.12317","0","0","0","0","0","0","0","0","0","0","0","0","0","0","0","0","0","0","0","0","172.56992","104.260025","68.30988","38.189575","0.907525"
"D:\HAA\dACC revisions\Run 4\Br2720_dlPFC_20x_img_011-MaxIP-Stitched_unmixed-rotated.nd2","Layer 1","dACC_v17_ FISH-IF v2.4.4","1971","3080","3103","1421","1442","1","0","0","0","1","1","921.19403","0","210.6453","0","0","0","0","0","4","6.674483","1","6163.4478","923.4345","1","0.50634","0","329.71945","651.1818","0","0","0","0","0","70.473335","58.13705","12.336286","15.018372","0.784216"
"D:\HAA\dACC revisions\Run 4\Br2720_dlPFC_20x_img_011-MaxIP-Stitched_unmixed-rotated.nd2","Layer 1","dACC_v17_ FISH-IF v2.4.4","1972","3202","3229","1427","1446","1","0","0","0","1","1","1434.765","0","730.7271","1","0.644433","0","487.6055","756.6429","8","14.960048","1","17212.434","1150.56","0","0","0","0","0","0","0","0","0","0","77.239876","60.392563","16.847317","19.309336","0.659511"
"D:\HAA\dACC revisions\Run 4\Br2720_dlPFC_20x_img_011-MaxIP-Stitched_unmixed-rotated.nd2","Layer 1","dACC_v17_ FISH-IF v2.4.4","1973","3031","3061","1440","1468","1","1","1","0","1","1","1558.0558","0","315.05716","0","0","0","0","0","8","9.942678","1","13875.79","1395.5787","13","14.361647","2","12620.343","878.75323","10","25.224943","2","14406.94","571.1387","118.43755","82.947716","35.489838","27.247618","0.816939"
"D:\HAA\dACC revisions\Run 4\Br2720_dlPFC_20x_img_011-MaxIP-Stitched_unmixed-rotated.nd2","Layer 1","dACC_v17_ FISH-IF v2.4.4","1974","3192","3221","1442","1469","1","0","0","0","1","1","3307.3972","0","739.4297","0","0","0","0","0","6","9.160152","1","12133.474","1324.593","0","0","0","0","0","1","1.104742","0","527.1921","477.20834","112.45353","75.95101","36.502518","27.03307","0.806623"
"D:\HAA\dACC revisions\Run 4\Br2720_dlPFC_20x_img_011-MaxIP-Stitched_unmixed-rotated.nd2","Layer 1","dACC_v17_ FISH-IF v2.4.4","1975","3300","3330","1452","1477","0","0","0","0","1","1","2849.0388","0","393.50293","0","0","0","0","0","0","0","0","0","0","0","0","0","0","0","0","0","0","0","0","107.942505","78.34462","29.59788","24.458492","0.736957"
"D:\HAA\dACC revisions\Run 4\Br2720_dlPFC_20x_img_011-MaxIP-Stitched_unmixed-rotated.nd2","Layer 1","dACC_v17_ FISH-IF v2.4.4","1976","5043","5074","1151","1181","0","0","1","0","1","1","1917.1702","0","328.83392","2","2.117422","0","1792.628","846.6087","0","0","0","0","0","0","0","0","0","0","4","4.280875","1","2069.642","483.46237","139.61177","91.18725","48.424526","30.894936","0.899684"
"D:\HAA\dACC revisions\Run 4\Br2720_dlPFC_20x_img_011-MaxIP-Stitched_unmixed-rotated.nd2","Layer 1","dACC_v17_ FISH-IF v2.4.4","1977","5408","5428","1179","1199","0","0","0","0","1","1","1381.7427","0","166.45123","3","13.256905","0","22679.156","1710.743","0","0","0","0","0","0","0","0","0","0","0","0","0","0","0","58.367203","50.49592","7.871287","11.800149","0.856529"
"D:\HAA\dACC revisions\Run 4\Br2720_dlPFC_20x_img_011-MaxIP-Stitched_unmixed-rotated.nd2","Layer 1","dACC_v17_ FISH-IF v2.4.4","1978","5019","5046","1232","1261","0","0","0","1","1","1","1831.9496","0","426.46478","10","27.02015","2","46293.293","1684.5896","0","0","0","0","0","1","0.552371","0","382.42487","692.3333","0","0","0","0","0","117.28678","81.70488","35.581898","26.389425","0.904043"
"D:\HAA\dACC revisions\Run 4\Br2720_dlPFC_20x_img_011-MaxIP-Stitched_unmixed-rotated.nd2","Layer 1","dACC_v17_ FISH-IF v2.4.4","1979","5079","5111","1233","1265","0","0","0","0","1","1","1813.0101","0","359.31046","0","0","0","0","0","0","0","0","0","0","0","0","0","0","0","0","0","0","0","0","141.91331","91.923744","49.98958","31.75313","0.945751"
"D:\HAA\dACC revisions\Run 4\Br2720_dlPFC_20x_img_011-MaxIP-Stitched_unmixed-rotated.nd2","Layer 1","dACC_v17_ FISH-IF v2.4.4","1980","5280","5298","1249","1267","0","0","0","0","1","1","479.01","0","113.547844","0","0","0","0","0","0","0","0","0","0","0","0","0","0","0","0","0","0","0","0","48.378494","43.775402","4.603092","8.581926","0.882354"
"D:\HAA\dACC revisions\Run 4\Br2720_dlPFC_20x_img_011-MaxIP-Stitched_unmixed-rotated.nd2","Layer 1","dACC_v17_ FISH-IF v2.4.4","1981","5131","5165","1260","1290","0","0","0","1","1","1","1703.9448","0","324.48273","4","2.715824","1","2101.6335","773.8475","0","0","0","0","0","0","0","0","0","0","0","0","0","0","0","146.7926","93.3507","53.441895","33.040417","0.784587"
"D:\HAA\dACC revisions\Run 4\Br2720_dlPFC_20x_img_011-MaxIP-Stitched_unmixed-rotated.nd2","Layer 1","dACC_v17_ FISH-IF v2.4.4","1982","5332","5360","1262","1285","0","0","0","0","1","1","2469.317","0","475.3869","0","0","0","0","0","0","0","0","0","0","0","0","0","0","0","0","0","0","0","0","93.81101","61.865555","31.945457","24.887589","0.845545"
"D:\HAA\dACC revisions\Run 4\Br2720_dlPFC_20x_img_011-MaxIP-Stitched_unmixed-rotated.nd2","Layer 1","dACC_v17_ FISH-IF v2.4.4","1983","5095","5133","1265","1301","0","0","0","0","1","1","2562.4695","0","585.24097","2","1.242835","0","957.305","770.2593","1","0.368247","0","219.52144","596.125","0","0","0","0","0","0","0","0","0","0","183.61732","122.44224","61.17509","48.48789","0.614336"
"D:\HAA\dACC revisions\Run 4\Br2720_dlPFC_20x_img_011-MaxIP-Stitched_unmixed-rotated.nd2","Layer 1","dACC_v17_ FISH-IF v2.4.4","1984","5367","5392","1273","1298","0","0","0","0","1","1","1380.0181","0","304.85913","1","1.611082","0","1814.6769","1010.8461","0","0","0","0","0","0","0","0","0","0","0","0","0","0","0","92.47611","69.59875","22.877365","21.02572","0.890154"
"D:\HAA\dACC revisions\Run 4\Br2720_dlPFC_20x_img_011-MaxIP-Stitched_unmixed-rotated.nd2","Layer 1","dACC_v17_ FISH-IF v2.4.4","1985","5323","5357","1276","1304","0","0","0","0","1","1","1986.7601","0","529.1274","2","1.242835","0","891.38873","717.2222","0","0","0","0","0","0","0","0","0","0","0","0","0","0","0","115.721725","77.33194","38.389786","31.538582","0.678581"
"D:\HAA\dACC revisions\Run 4\Br2720_dlPFC_20x_img_011-MaxIP-Stitched_unmixed-rotated.nd2","Layer 1","dACC_v17_ FISH-IF v2.4.4","1986","5131","5156","1290","1315","0","0","0","0","1","1","1486.8398","0","272.30106","0","0","0","0","0","0","0","0","0","0","0","0","0","0","0","0","0","0","0","0","93.90307","70.33524","23.56783","21.883913","0.838015"
"D:\HAA\dACC revisions\Run 4\Br2720_dlPFC_20x_img_011-MaxIP-Stitched_unmixed-rotated.nd2","Layer 1","dACC_v17_ FISH-IF v2.4.4","1987","5057","5084","1300","1330","0","0","0","0","1","1","2347.8403","0","386.85168","1","1.01268","0","778.7971","769.0455","0","0","0","0","0","0","0","0","0","0","0","0","0","0","0","122.44224","84.09849","38.343754","26.603973","0.846437"
"D:\HAA\dACC revisions\Run 4\Br2720_dlPFC_20x_img_011-MaxIP-Stitched_unmixed-rotated.nd2","Layer 1","dACC_v17_ FISH-IF v2.4.4","1988","5256","5279","1320","1343","0","0","0","1","1","1","1736.6844","0","301.95395","9","22.094841","1","48707.66","2204.4812","0","0","0","0","0","0","0","0","0","0","0","0","0","0","0","69.55272","47.964214","21.588501","20.382076","0.799655"
"D:\HAA\dACC revisions\Run 4\Br2720_dlPFC_20x_img_011-MaxIP-Stitched_unmixed-rotated.nd2","Layer 1","dACC_v17_ FISH-IF v2.4.4","1989","5215","5246","1322","1350","0","0","0","1","1","1","1583.7596","0","268.53946","24","50.68004","3","124298.9","2452.6204","0","0","0","0","0","0","0","0","0","0","0","0","0","0","0","132.6611","85.157196","47.503906","30.036743","0.856221"
"D:\HAA\dACC revisions\Run 4\Br2720_dlPFC_20x_img_011-MaxIP-Stitched_unmixed-rotated.nd2","Layer 1","dACC_v17_ FISH-IF v2.4.4","1990","5244","5273","1330","1354","0","0","0","1","1","1","2081.1326","0","368.03314","8","17.859997","1","37466.035","2097.763","0","0","0","0","0","0","0","0","0","0","0","0","0","0","0","85.7556","41.65798","44.09762","30.251291","0.851865"
"D:\HAA\dACC revisions\Run 4\Br2720_dlPFC_20x_img_011-MaxIP-Stitched_unmixed-rotated.nd2","Layer 1","dACC_v17_ FISH-IF v2.4.4","1991","5055","5086","1340","1371","0","0","0","0","1","1","1722.3013","0","457.73633","0","0","0","0","0","1","0.644433","0","429.3764","666.2857","1","0.50634","0","531.0587","721.0625","0","0","0","0","0","138.3229","90.95709","47.365814","31.324034","0.870436"
"D:\HAA\dACC revisions\Run 4\Br2720_dlPFC_20x_img_011-MaxIP-Stitched_unmixed-rotated.nd2","Layer 1","dACC_v17_ FISH-IF v2.4.4","1992","5314","5340","1344","1377","0","0","0","1","1","1","2666.47","0","684.93536","4","6.812576","1","7642.375","1121.8041","0","0","0","0","0","0","0","0","0","0","0","0","0","0","0","124.651726","83.31596","41.335762","31.324034","0.650485"
"D:\HAA\dACC revisions\Run 4\Br2720_dlPFC_20x_img_011-MaxIP-Stitched_unmixed-rotated.nd2","Layer 1","dACC_v17_ FISH-IF v2.4.4","1993","5237","5272","1351","1373","0","0","0","1","1","1","1456.1299","0","384.78125","21","41.61195","3","115989.945","2787.4192","0","0","0","0","0","0","0","0","0","0","0","0","0","0","0","110.70435","69.2305","41.473858","31.109486","0.742499"
"D:\HAA\dACC revisions\Run 4\Br2720_dlPFC_20x_img_011-MaxIP-Stitched_unmixed-rotated.nd2","Layer 1","dACC_v17_ FISH-IF v2.4.4","1994","5025","5057","1372","1401","0","0","0","1","1","1","1868.1877","0","290.90228","15","36.594578","3","74883.46","2046.2993","0","0","0","0","0","0","0","0","0","0","0","0","0","0","0","133.90395","89.023796","44.880146","30.036743","0.862758"
"D:\HAA\dACC revisions\Run 4\Br2720_dlPFC_20x_img_011-MaxIP-Stitched_unmixed-rotated.nd2","Layer 1","dACC_v17_ FISH-IF v2.4.4","1995","5313","5335","1375","1392","0","0","0","0","1","1","1594.6096","0","583.7091","2","2.99201","0","3024.7837","1010.95386","0","0","0","0","0","0","0","0","0","0","0","0","0","0","0","51.968906","43.361126","8.607781","12.443794","0.732926"
"D:\HAA\dACC revisions\Run 4\Br2720_dlPFC_20x_img_011-MaxIP-Stitched_unmixed-rotated.nd2","Layer 1","dACC_v17_ FISH-IF v2.4.4","1996","5143","5163","1378","1399","0","0","0","0","1","1","1427.8811","0","222.55807","1","0.552371","0","407.0514","736.9167","0","0","0","0","0","0","0","0","0","0","0","0","0","0","0","57.21643","46.76741","10.449018","13.731083","0.89185"
"D:\HAA\dACC revisions\Run 4\Br2720_dlPFC_20x_img_011-MaxIP-Stitched_unmixed-rotated.nd2","Layer 1","dACC_v17_ FISH-IF v2.4.4","1997","5405","5423","1385","1404","0","0","0","0","1","1","905.9531","0","135.62079","0","0","0","0","0","0","0","0","0","0","0","0","0","0","0","0","0","0","0","0","52.383183","46.491226","5.891957","9.869216","0.897559"
"D:\HAA\dACC revisions\Run 4\Br2720_dlPFC_20x_img_011-MaxIP-Stitched_unmixed-rotated.nd2","Layer 1","dACC_v17_ FISH-IF v2.4.4","1998","5158","5171","1387","1401","0","0","0","0","1","1","1144.4584","0","376.2965","0","0","0","0","0","0","0","0","0","0","0","0","0","0","0","0","0","0","0","0","26.09953","24.99479","1.104742","4.505512","0.615904"
"D:\HAA\dACC revisions\Run 4\Br2720_dlPFC_20x_img_011-MaxIP-Stitched_unmixed-rotated.nd2","Layer 1","dACC_v17_ FISH-IF v2.4.4","1999","5365","5389","1403","1424","0","0","0","0","1","1","1014.2857","0","177.90564","0","0","0","0","0","0","0","0","0","0","0","0","0","0","0","0","0","0","0","0","76.45735","61.957615","14.499739","17.163853","0.722714"
"D:\HAA\dACC revisions\Run 4\Br2720_dlPFC_20x_img_011-MaxIP-Stitched_unmixed-rotated.nd2","Layer 1","dACC_v17_ FISH-IF v2.4.4","2000","5000","5037","1414","1438","0","0","0","1","1","1","1942.1959","0","329.42813","5","13.118812","1","23827.398","1816.2772","0","0","0","0","0","0","0","0","0","0","1","0.322216","0","143.20218","444.42856","124.145386","76.227196","47.918186","31.967678","0.674938"
"D:\HAA\dACC revisions\Run 4\Br2720_dlPFC_20x_img_011-MaxIP-Stitched_unmixed-rotated.nd2","Layer 1","dACC_v17_ FISH-IF v2.4.4","2001","5251","5286","1422","1446","0","0","0","0","1","1","1639.1691","0","312.30438","0","0","0","0","0","0","0","0","0","0","0","0","0","0","0","0","0","0","0","0","117.4709","85.89369","31.57721","28.10581","0.603025"
"D:\HAA\dACC revisions\Run 4\Br2720_dlPFC_20x_img_011-MaxIP-Stitched_unmixed-rotated.nd2","Layer 1","dACC_v17_ FISH-IF v2.4.4","2002","5336","5374","1449","1473","0","0","0","0","1","1","1861.5557","0","339.85046","0","0","0","0","0","0","0","0","0","0","0","0","0","0","0","0","0","0","0","0","127.367546","92.66024","34.707314","30.46584","0.565628"
"D:\HAA\dACC revisions\Run 4\Br2720_dlPFC_20x_img_011-MaxIP-Stitched_unmixed-rotated.nd2","Layer 1","dACC_v17_ FISH-IF v2.4.4","2003","5237","5256","1478","1506","0","0","0","1","1","1","1883.5204","0","348.62585","20","38.527878","3","123485.99","3205.1074","0","0","0","0","0","0","0","0","0","0","0","0","0","0","0","90.542816","47.734062","42.808754","29.17855","0.704244"
"D:\HAA\dACC revisions\Run 4\Br2720_dlPFC_20x_img_011-MaxIP-Stitched_unmixed-rotated.nd2","Layer 1","dACC_v17_ FISH-IF v2.4.4","2004","5253","5281","1482","1510","0","0","0","1","1","1","2061.5261","0","379.5604","40","67.71148","4","233536.02","3448.987","0","0","0","0","0","0","0","0","0","0","0","0","0","0","0","104.95049","67.84957","37.100918","29.607647","0.640937"
"D:\HAA\dACC revisions\Run 4\Br2720_dlPFC_20x_img_011-MaxIP-Stitched_unmixed-rotated.nd2","Layer 1","dACC_v17_ FISH-IF v2.4.4","2005","5220","5236","1485","1507","0","0","0","1","1","1","1421.2709","0","378.68958","6","13.993399","1","34515.04","2466.523","0","0","0","0","0","1","0.966649","0","778.52094","805.381","0","0","0","0","0","51.278442","37.515198","13.763245","14.803823","0.808231"
"D:\HAA\dACC revisions\Run 4\Br2720_dlPFC_20x_img_011-MaxIP-Stitched_unmixed-rotated.nd2","Layer 1","dACC_v17_ FISH-IF v2.4.4","2006","4118","4148","2286","2317","0","0","0","0","1","1","2125.8982","0","369.99478","0","0","0","0","0","3","2.715824","0","1974.0359","726.8644","0","0","0","0","0","1","0.966649","0","436.6953","451.7619","131.97064","88.14921","43.821434","30.036743","0.87602"
"D:\HAA\dACC revisions\Run 4\Br2720_dlPFC_20x_img_011-MaxIP-Stitched_unmixed-rotated.nd2","Layer 1","dACC_v17_ FISH-IF v2.4.4","2007","4177","4197","2291","2311","0","0","0","0","1","1","567.2727","0","134.85068","0","0","0","0","0","0","0","0","0","0","0","0","0","0","0","0","0","0","0","0","58.965607","50.864162","8.101441","12.443794","0.820144"
"D:\HAA\dACC revisions\Run 4\Br2720_dlPFC_20x_img_011-MaxIP-Stitched_unmixed-rotated.nd2","Layer 1","dACC_v17_ FISH-IF v2.4.4","2008","3810","3841","2291","2317","0","0","0","1","1","1","1465.3779","0","342.37186","8","24.442417","1","36032.863","1474.194","0","0","0","0","0","0","0","0","0","0","0","0","0","0","0","107.620285","72.91297","34.707314","29.17855","0.621968"
"D:\HAA\dACC revisions\Run 4\Br2720_dlPFC_20x_img_011-MaxIP-Stitched_unmixed-rotated.nd2","Layer 1","dACC_v17_ FISH-IF v2.4.4","2009","4024","4048","2299","2318","0","0","0","0","1","1","698.0693","0","157.36932","0","0","0","0","0","1","0.736495","0","490.2753","665.6875","0","0","0","0","0","1","0.782526","0","331.4226","423.52942","67.34323","56.71009","10.633142","14.160179","0.716211"
"D:\HAA\dACC revisions\Run 4\Br2720_dlPFC_20x_img_011-MaxIP-Stitched_unmixed-rotated.nd2","Layer 1","dACC_v17_ FISH-IF v2.4.4","2010","3833","3860","2302","2330","0","0","0","0","1","1","1720.6289","0","335.98944","3","7.825256","0","10182.592","1301.2471","0","0","0","0","0","0","0","0","0","0","0","0","0","0","0","106.791725","69.8289","36.962826","26.389425","0.750154"
"D:\HAA\dACC revisions\Run 4\Br2720_dlPFC_20x_img_011-MaxIP-Stitched_unmixed-rotated.nd2","Layer 1","dACC_v17_ FISH-IF v2.4.4","2011","3964","3999","2325","2356","1","0","0","0","1","1","1558.5807","0","263.2159","0","0","0","0","0","19","35.489838","3","41773.75","1177.0623","0","0","0","0","0","2","1.565051","0","701.6033","448.29413","157.9781","98.92044","59.057667","34.327705","0.840667"
"D:\HAA\dACC revisions\Run 4\Br2720_dlPFC_20x_img_011-MaxIP-Stitched_unmixed-rotated.nd2","Layer 1","dACC_v17_ FISH-IF v2.4.4","2012","3844","3869","2333","2357","0","0","0","0","1","1","2187.3308","0","305.69113","0","0","0","0","0","0","0","0","0","0","0","0","0","0","0","0","0","0","0","0","84.650856","65.87024","18.780615","19.309336","0.822526"
"D:\HAA\dACC revisions\Run 4\Br2720_dlPFC_20x_img_011-MaxIP-Stitched_unmixed-rotated.nd2","Layer 1","dACC_v17_ FISH-IF v2.4.4","2013","4030","4052","2346","2361","1","0","0","0","1","1","1390.2883","0","693.65875","0","0","0","0","0","4","5.661803","1","5729.883","1012.0244","0","0","0","0","0","1","0.322216","0","134.91663","418.7143","50.265762","42.762722","7.503039","12.443794","0.695288"
"D:\HAA\dACC revisions\Run 4\Br2720_dlPFC_20x_img_011-MaxIP-Stitched_unmixed-rotated.nd2","Layer 1","dACC_v17_ FISH-IF v2.4.4","2014","4072","4102","2354","2375","0","0","0","0","1","1","1825.6384","0","311.3413","3","3.406288","0","2731.6587","801.9459","0","0","0","0","0","0","0","0","0","0","0","0","0","0","0","97.90776","75.12246","22.785305","21.883913","0.654159"
"D:\HAA\dACC revisions\Run 4\Br2720_dlPFC_20x_img_011-MaxIP-Stitched_unmixed-rotated.nd2","Layer 1","dACC_v17_ FISH-IF v2.4.4","2015","4033","4061","2358","2384","1","0","0","0","1","1","2828.3218","0","702.0834","1","2.117422","0","2038.3411","962.65216","9","17.031439","1","15632.468","917.85944","0","0","0","0","0","0","0","0","0","0","97.72364","69.55272","28.170921","25.316685","0.761937"
"D:\HAA\dACC revisions\Run 4\Br2720_dlPFC_20x_img_011-MaxIP-Stitched_unmixed-rotated.nd2","Layer 1","dACC_v17_ FISH-IF v2.4.4","2016","3817","3847","2380","2405","0","0","0","0","1","1","1042.2827","0","225.91113","0","0","0","0","0","1","0.644433","0","552.32495","857.0714","0","0","0","0","0","0","0","0","0","0","110.70435","79.77158","30.932777","24.887589","0.748496"
"D:\HAA\dACC revisions\Run 4\Br2720_dlPFC_20x_img_011-MaxIP-Stitched_unmixed-rotated.nd2","Layer 1","dACC_v17_ FISH-IF v2.4.4","2017","4026","4056","2394","2427","0","0","0","0","1","1","2107.5815","0","395.65317","0","0","0","0","0","0","0","0","0","0","0","0","0","0","0","0","0","0","0","0","136.5277","91.96977","44.55793","31.75313","0.728236"
"D:\HAA\dACC revisions\Run 4\Br2720_dlPFC_20x_img_011-MaxIP-Stitched_unmixed-rotated.nd2","Layer 1","dACC_v17_ FISH-IF v2.4.4","2018","3817","3849","2405","2435","1","0","0","0","1","1","1528.0939","0","258.20615","0","0","0","0","0","12","15.512419","2","18192.846","1172.7922","1","0.552371","0","360.33002","652.3333","3","2.117422","0","1375.6339","482.01614","132.89127","89.76029","43.13097","31.109486","0.757065"
"D:\HAA\dACC revisions\Run 4\Br2720_dlPFC_20x_img_011-MaxIP-Stitched_unmixed-rotated.nd2","Layer 1","dACC_v17_ FISH-IF v2.4.4","2019","4093","4122","2408","2436","0","0","0","0","1","1","2291.6619","0","454.70023","1","0.966649","0","765.17194","791.5714","1","2.945979","0","3459.1775","1174.2031","0","0","0","0","0","1","1.611082","0","725.5853","450.37143","115.16936","80.46204","34.707314","26.174877","0.91405"
"D:\HAA\dACC revisions\Run 4\Br2720_dlPFC_20x_img_011-MaxIP-Stitched_unmixed-rotated.nd2","Layer 1","dACC_v17_ FISH-IF v2.4.4","2020","3999","4018","2409","2427","0","0","0","0","1","1","1284.3021","0","161.00693","0","0","0","0","0","0","0","0","0","0","0","0","0","0","0","0","0","0","0","0","52.889523","46.491226","6.398297","10.727408","0.91042"
"D:\HAA\dACC revisions\Run 4\Br2720_dlPFC_20x_img_011-MaxIP-Stitched_unmixed-rotated.nd2","Layer 1","dACC_v17_ FISH-IF v2.4.4","2021","4000","4019","2428","2444","0","0","0","0","1","1","350.71912","0","127.835724","0","0","0","0","0","0","0","0","0","0","0","0","0","0","0","0","0","0","0","0","45.846794","41.750042","4.096752","8.581926","0.836948"
"D:\HAA\dACC revisions\Run 4\Br2720_dlPFC_20x_img_011-MaxIP-Stitched_unmixed-rotated.nd2","Layer 1","dACC_v17_ FISH-IF v2.4.4","2022","4054","4096","2441","2468","0","0","0","0","1","1","1241.5475","0","212.46783","0","0","0","0","0","1","0.322216","0","193.88222","601.7143","0","0","0","0","0","0","0","0","0","0","140.3943","104.49018","35.904114","36.902287","0.490505"
"D:\HAA\dACC revisions\Run 4\Br2720_dlPFC_20x_img_011-MaxIP-Stitched_unmixed-rotated.nd2","Layer 1","dACC_v17_ FISH-IF v2.4.4","2023","3827","3853","2453","2475","0","0","0","0","1","1","1173.2979","0","196.2024","0","0","0","0","0","0","0","0","0","0","0","0","0","0","0","1","0.414278","0","182.19037","439.77777","82.57947","65.27184","17.307625","18.665691","0.76891"
"D:\HAA\dACC revisions\Run 4\Br2720_dlPFC_20x_img_011-MaxIP-Stitched_unmixed-rotated.nd2","Layer 1","dACC_v17_ FISH-IF v2.4.4","2024","3974","3993","2455","2473","0","0","0","0","1","1","635.0593","0","129.61089","0","0","0","0","0","0","0","0","0","0","0","0","0","0","0","0","0","0","0","0","51.09432","45.66267","5.431648","9.44012","0.847023"
"D:\HAA\dACC revisions\Run 4\Br2720_dlPFC_20x_img_011-MaxIP-Stitched_unmixed-rotated.nd2","Layer 1","dACC_v17_ FISH-IF v2.4.4","2025","3994","4031","2460","2484","0","0","0","0","1","1","2035.2832","0","400.22647","0","0","0","0","0","0","0","0","0","0","0","0","0","0","0","0","0","0","0","0","126.861206","90.45075","36.410458","29.607647","0.632855"
"D:\HAA\dACC revisions\Run 4\Br2720_dlPFC_20x_img_011-MaxIP-Stitched_unmixed-rotated.nd2","Layer 1","dACC_v17_ FISH-IF v2.4.4","2026","3820","3848","2527","2556","1","0","0","0","1","1","1798.7081","0","334.6327","0","0","0","0","0","7","8.653812","1","16368.687","1891.5","0","0","0","0","0","0","0","0","0","0","120.785126","83.08581","37.69932","26.603973","0.88158"
"D:\HAA\dACC revisions\Run 4\Br2720_dlPFC_20x_img_011-MaxIP-Stitched_unmixed-rotated.nd2","Layer 1","dACC_v17_ FISH-IF v2.4.4","2027","4010","4043","2528","2565","1","0","0","0","1","1","1325.042","0","303.11975","0","0","0","0","0","9","16.294945","1","15397.986","944.9548","0","0","0","0","0","1","0.552371","0","250.77644","454","168.8414","104.16797","64.67344","37.76048","0.77005"
"D:\HAA\dACC revisions\Run 4\Br2720_dlPFC_20x_img_011-MaxIP-Stitched_unmixed-rotated.nd2","Layer 1","dACC_v17_ FISH-IF v2.4.4","2028","4168","4200","2539","2568","0","0","0","0","1","1","1675.3783","0","403.95538","0","0","0","0","0","0","0","0","0","0","0","0","0","0","0","0","0","0","0","0","132.01668","88.70158","43.315094","29.822195","0.818273"
"D:\HAA\dACC revisions\Run 4\Br2720_dlPFC_20x_img_011-MaxIP-Stitched_unmixed-rotated.nd2","Layer 1","dACC_v17_ FISH-IF v2.4.4","2029","3810","3839","2578","2601","0","0","0","1","1","1","1218.3276","0","208.98994","5","16.847317","1","31441.74","1866.276","3","3.682473","0","2894.24","785.95","0","0","0","0","0","0","0","0","0","0","94.91575","73.28122","21.634531","22.31301","0.662231"
"D:\HAA\dACC revisions\Run 4\Br2720_dlPFC_20x_img_011-MaxIP-Stitched_unmixed-rotated.nd2","Layer 1","dACC_v17_ FISH-IF v2.4.4","2030","4145","4166","2579","2599","0","0","0","0","1","1","1096.2461","0","171.13539","0","0","0","0","0","0","0","0","0","0","0","0","0","0","0","0","0","0","0","0","60.806843","52.01494","8.791905","12.443794","0.859084"
"D:\HAA\dACC revisions\Run 4\Br2720_dlPFC_20x_img_011-MaxIP-Stitched_unmixed-rotated.nd2","Layer 1","dACC_v17_ FISH-IF v2.4.4","2031","3998","4020","2585","2608","0","0","0","0","1","1","588.17444","0","138.89168","0","0","0","0","0","0","0","0","0","0","0","0","0","0","0","0","0","0","0","0","69.460655","58.64339","10.817266","16.091112","0.629564"
"D:\HAA\dACC revisions\Run 4\Br2720_dlPFC_20x_img_011-MaxIP-Stitched_unmixed-rotated.nd2","Layer 1","dACC_v17_ FISH-IF v2.4.4","2032","3890","3926","2588","2613","0","0","0","0","1","1","1786.7032","0","271.89557","0","0","0","0","0","0","0","0","0","0","0","0","0","0","0","0","0","0","0","0","131.18811","92.56818","38.619938","30.036743","0.634045"
"D:\HAA\dACC revisions\Run 4\Br2720_dlPFC_20x_img_011-MaxIP-Stitched_unmixed-rotated.nd2","Layer 1","dACC_v17_ FISH-IF v2.4.4","2033","4006","4022","2608","2627","0","0","0","0","1","1","1487.8757","0","333.63953","0","0","0","0","0","0","0","0","0","0","0","0","0","0","0","0","0","0","0","0","42.256382","34.477158","7.779225","11.371053","0.808073"
"D:\HAA\dACC revisions\Run 4\Br2720_dlPFC_20x_img_011-MaxIP-Stitched_unmixed-rotated.nd2","Layer 1","dACC_v17_ FISH-IF v2.4.4","2034","3826","3858","2610","2634","0","0","0","0","1","1","1922.0175","0","334.82422","0","0","0","0","0","1","1.288866","0","1587.8826","884.5128","0","0","0","0","0","2","0.920618","0","416.21155","452.1","117.60899","83.26993","34.339066","25.74578","0.754418"
"D:\HAA\dACC revisions\Run 4\Br2720_dlPFC_20x_img_011-MaxIP-Stitched_unmixed-rotated.nd2","Layer 1","dACC_v17_ FISH-IF v2.4.4","2035","3988","4013","2611","2641","0","0","0","0","1","1","1881.5891","0","374.44653","0","0","0","0","0","0","0","0","0","0","0","0","0","0","0","0","0","0","0","0","98.55219","66.28452","32.267673","25.96033","0.752013"
"D:\HAA\dACC revisions\Run 4\Br2720_dlPFC_20x_img_011-MaxIP-Stitched_unmixed-rotated.nd2","Layer 1","dACC_v17_ FISH-IF v2.4.4","2036","4114","4147","2652","2683","1","0","0","0","1","1","1689.7332","0","303.60214","0","0","0","0","0","24","32.267673","3","41116.152","1249.2714","2","1.657113","0","1526.4313","921.1389","3","1.933299","0","904.69165","467.9524","144.90533","94.17926","50.72607","32.182224","0.82871"
"D:\HAA\dACC revisions\Run 4\Br2720_dlPFC_20x_img_011-MaxIP-Stitched_unmixed-rotated.nd2","Layer 1","dACC_v17_ FISH-IF v2.4.4","2037","3976","3994","2662","2683","0","0","0","0","1","1","640.47516","0","152.85715","0","0","0","0","0","1","1.104742","0","811.1568","734.25","0","0","0","0","0","0","0","0","0","0","54.822823","48.332462","6.490359","10.727408","0.717095"
"D:\HAA\dACC revisions\Run 4\Br2720_dlPFC_20x_img_011-MaxIP-Stitched_unmixed-rotated.nd2","Layer 1","dACC_v17_ FISH-IF v2.4.4","2038","3944","3977","2663","2689","0","0","0","0","1","1","2047.0536","0","367.4615","0","0","0","0","0","0","0","0","0","0","0","0","0","0","0","0","0","0","0","0","126.63106","83.68421","42.946846","29.393099","0.776054"
"D:\HAA\dACC revisions\Run 4\Br2720_dlPFC_20x_img_011-MaxIP-Stitched_unmixed-rotated.nd2","Layer 1","dACC_v17_ FISH-IF v2.4.4","2039","4174","4206","2666","2695","0","0","0","0","1","1","1860.6776","0","339.7129","0","0","0","0","0","0","0","0","0","0","0","0","0","0","0","0","0","0","0","0","135.88327","89.6222","46.26107","30.251291","0.863154"
"D:\HAA\dACC revisions\Run 4\Br2720_dlPFC_20x_img_011-MaxIP-Stitched_unmixed-rotated.nd2","Layer 1","dACC_v17_ FISH-IF v2.4.4","2040","3813","3842","2678","2707","1","0","0","0","1","1","814.91943","0","198.01495","0","0","0","0","0","7","13.210874","1","12336.147","933.7875","0","0","0","0","0","0","0","0","0","0","120.23276","83.08581","37.14695","27.03307","0.908834"
"D:\HAA\dACC revisions\Run 4\Br2720_dlPFC_20x_img_011-MaxIP-Stitched_unmixed-rotated.nd2","Layer 1","dACC_v17_ FISH-IF v2.4.4","2041","4033","4072","2679","2705","0","0","0","0","1","1","1394.9382","0","319.25482","0","0","0","0","0","0","0","0","0","0","0","0","0","0","0","0","0","0","0","0","146.47038","100.25534","46.215042","33.89861","0.589713"
"D:\HAA\dACC revisions\Run 4\Br2720_dlPFC_20x_img_011-MaxIP-Stitched_unmixed-rotated.nd2","Layer 1","dACC_v17_ FISH-IF v2.4.4","2042","3945","3966","2688","2708","0","0","0","0","1","1","1698.5734","0","634.3483","0","0","0","0","0","0","0","0","0","0","0","0","0","0","0","0","0","0","0","0","68.26385","45.06427","23.199583","21.454817","0.720995"
"D:\HAA\dACC revisions\Run 4\Br2720_dlPFC_20x_img_011-MaxIP-Stitched_unmixed-rotated.nd2","Layer 1","dACC_v17_ FISH-IF v2.4.4","2043","3020","3039","2293","2310","0","0","0","0","1","1","1065.8636","0","150.94606","0","0","0","0","0","0","0","0","0","0","0","0","0","0","0","0","0","0","0","0","47.734062","42.670662","5.063401","9.44012","0.785787"
"D:\HAA\dACC revisions\Run 4\Br2720_dlPFC_20x_img_011-MaxIP-Stitched_unmixed-rotated.nd2","Layer 1","dACC_v17_ FISH-IF v2.4.4","2044","3125","3156","2338","2365","0","0","0","0","1","1","2182.6663","0","320.9104","0","0","0","0","0","0","0","0","0","0","0","0","0","0","0","0","0","0","0","0","124.329506","85.29529","39.034218","27.03307","0.842979"
"D:\HAA\dACC revisions\Run 4\Br2720_dlPFC_20x_img_011-MaxIP-Stitched_unmixed-rotated.nd2","Layer 1","dACC_v17_ FISH-IF v2.4.4","2045","3161","3200","2345","2369","1","0","0","0","1","1","1132.163","0","192.48514","0","0","0","0","0","6","10.633142","1","13022.745","1224.7316","1","0.552371","0","365.76166","662.1667","1","1.01268","0","532.3936","525.7273","133.02936","83.59215","49.437206","35.614998","0.671006"
"D:\HAA\dACC revisions\Run 4\Br2720_dlPFC_20x_img_011-MaxIP-Stitched_unmixed-rotated.nd2","Layer 1","dACC_v17_ FISH-IF v2.4.4","2046","3171","3192","2368","2382","0","0","0","0","1","1","1096.6373","0","178.80492","0","0","0","0","0","1","0.690464","0","1234.5492","788.82355","0","0","0","0","0","0","0","0","0","0","44.005558","35.62793","8.377627","13.301987","0.659118"
"D:\HAA\dACC revisions\Run 4\Br2720_dlPFC_20x_img_011-MaxIP-Stitched_unmixed-rotated.nd2","Layer 1","dACC_v17_ FISH-IF v2.4.4","2047","3328","3353","2362","2382","0","0","0","0","1","1","2818.0046","0","513.2181","0","0","0","0","0","0","0","0","0","0","0","0","0","0","0","0","0","0","0","0","65.27184","45.386486","19.885357","19.738432","0.717007"
"D:\HAA\dACC revisions\Run 4\Br2720_dlPFC_20x_img_011-MaxIP-Stitched_unmixed-rotated.nd2","Layer 1","dACC_v17_ FISH-IF v2.4.4","2048","3330","3356","2377","2399","0","0","0","0","1","1","3105.625","0","456.30405","0","0","0","0","0","0","0","0","0","0","0","0","0","0","0","0","0","0","0","0","76.365295","51.324474","25.04082","21.669365","0.736843"
"D:\HAA\dACC revisions\Run 4\Br2720_dlPFC_20x_img_011-MaxIP-Stitched_unmixed-rotated.nd2","Layer 1","dACC_v17_ FISH-IF v2.4.4","2049","3155","3187","2395","2427","0","0","0","0","1","1","1934.8309","0","299.79657","0","0","0","0","0","0","0","0","0","0","0","0","0","0","0","0","0","0","0","0","145.64183","96.6189","49.022926","33.040417","0.676432"
"D:\HAA\dACC revisions\Run 4\Br2720_dlPFC_20x_img_011-MaxIP-Stitched_unmixed-rotated.nd2","Layer 1","dACC_v17_ FISH-IF v2.4.4","2050","3386","3412","2398","2424","0","0","0","0","1","1","1954.3523","0","345.019","0","0","0","0","0","2","3.222164","0","2935.7139","911.1","0","0","0","0","0","0","0","0","0","0","98.55219","72.682816","25.869375","22.31301","0.893663"
"D:\HAA\dACC revisions\Run 4\Br2720_dlPFC_20x_img_011-MaxIP-Stitched_unmixed-rotated.nd2","Layer 1","dACC_v17_ FISH-IF v2.4.4","2051","3228","3252","2425","2455","1","0","0","0","1","1","2316.948","0","429.1074","0","0","0","0","0","10","14.269585","2","15151.721","1061.8193","0","0","0","0","0","0","0","0","0","0","107.48219","68.58607","38.896126","29.17855","0.71926"
"D:\HAA\dACC revisions\Run 4\Br2720_dlPFC_20x_img_011-MaxIP-Stitched_unmixed-rotated.nd2","Layer 1","dACC_v17_ FISH-IF v2.4.4","2052","3204","3228","2426","2448","0","0","0","0","1","1","3224.3877","0","383.05344","0","0","0","0","0","1","1.242835","0","1026.3053","825.7778","0","0","0","0","0","0","0","0","0","0","81.658844","56.848183","24.810665","21.883913","0.710807"
"D:\HAA\dACC revisions\Run 4\Br2720_dlPFC_20x_img_011-MaxIP-Stitched_unmixed-rotated.nd2","Layer 1","dACC_v17_ FISH-IF v2.4.4","2053","3361","3384","2456","2479","0","0","0","0","1","1","2304.7651","0","334.64355","2","9.252214","0","12506.232","1351.7015","1","0.50634","0","319.9609","631.9091","0","0","0","0","0","0","0","0","0","0","76.365295","61.083027","15.282265","16.949305","0.909807"
"D:\HAA\dACC revisions\Run 4\Br2720_dlPFC_20x_img_011-MaxIP-Stitched_unmixed-rotated.nd2","Layer 1","dACC_v17_ FISH-IF v2.4.4","2054","3150","3179","2468","2494","1","0","0","0","1","1","864.9939","0","161.01682","0","0","0","0","0","19","25.961437","3","44883.32","1692.8281","1","0.874587","0","735.02167","840.4211","1","1.01268","0","491.7943","485.63635","99.28869","76.64148","22.647211","24.887589","0.60824"
"D:\HAA\dACC revisions\Run 4\Br2720_dlPFC_20x_img_011-MaxIP-Stitched_unmixed-rotated.nd2","Layer 1","dACC_v17_ FISH-IF v2.4.4","2055","3026","3058","2495","2520","0","1","0","0","1","1","2010.3208","0","303.93274","0","0","0","0","0","2","2.071391","0","1581.4382","763.4667","5","5.247525","1","5162.4136","983.7807","0","0","0","0","0","117.10265","82.80962","34.293034","26.603973","0.740052"
"D:\HAA\dACC revisions\Run 4\Br2720_dlPFC_20x_img_011-MaxIP-Stitched_unmixed-rotated.nd2","Layer 1","dACC_v17_ FISH-IF v2.4.4","2056","3360","3385","2502","2527","0","0","0","1","1","1","1944.6466","0","271.60977","8","19.931387","1","40329.85","1938.3783","0","0","0","0","0","0","0","0","0","0","0","0","0","0","0","90.12854","68.77019","21.358345","20.811172","0.825269"
"D:\HAA\dACC revisions\Run 4\Br2720_dlPFC_20x_img_011-MaxIP-Stitched_unmixed-rotated.nd2","Layer 1","dACC_v17_ FISH-IF v2.4.4","2057","3130","3161","2541","2568","0","0","0","0","1","1","2030.038","0","464.99945","0","0","0","0","0","0","0","0","0","0","0","0","0","0","0","0","0","0","0","0","124.191414","81.79694","42.394474","28.749454","0.83986"
"D:\HAA\dACC revisions\Run 4\Br2720_dlPFC_20x_img_011-MaxIP-Stitched_unmixed-rotated.nd2","Layer 1","dACC_v17_ FISH-IF v2.4.4","2058","3316","3335","2548","2568","0","0","0","0","1","1","540.3446","0","142.53365","0","0","0","0","0","0","0","0","0","0","0","0","0","0","0","0","0","0","0","0","55.375195","48.56262","6.812576","10.941957","0.839009"
"D:\HAA\dACC revisions\Run 4\Br2720_dlPFC_20x_img_011-MaxIP-Stitched_unmixed-rotated.nd2","Layer 1","dACC_v17_ FISH-IF v2.4.4","2059","3405","3429","2550","2571","1","0","0","0","1","1","612.3309","0","123.109825","0","0","0","0","0","9","13.993399","1","16685.24","1192.3651","0","0","0","0","0","0","0","0","0","0","72.03838","59.517975","12.52041","16.30566","0.709665"
"D:\HAA\dACC revisions\Run 4\Br2720_dlPFC_20x_img_011-MaxIP-Stitched_unmixed-rotated.nd2","Layer 1","dACC_v17_ FISH-IF v2.4.4","2060","3156","3183","2553","2578","0","0","0","0","1","1","3217.1594","0","452.9693","0","0","0","0","0","0","0","0","0","0","0","0","0","0","0","0","0","0","0","0","94.40941","69.00034","25.409067","21.883913","0.864274"
"D:\HAA\dACC revisions\Run 4\Br2720_dlPFC_20x_img_011-MaxIP-Stitched_unmixed-rotated.nd2","Layer 1","dACC_v17_ FISH-IF v2.4.4","2061","3031","3056","2561","2581","0","0","0","0","1","1","1145.8582","0","213.85509","0","0","0","0","0","0","0","0","0","0","0","0","0","0","0","0","0","0","0","0","73.327255","60.66875","12.658503","16.734756","0.665298"
"D:\HAA\dACC revisions\Run 4\Br2720_dlPFC_20x_img_011-MaxIP-Stitched_unmixed-rotated.nd2","Layer 1","dACC_v17_ FISH-IF v2.4.4","2062","3243","3275","2564","2589","0","0","0","0","1","1","2002.2477","0","354.45187","0","0","0","0","0","0","0","0","0","0","0","0","0","0","0","0","0","0","0","0","117.97724","83.2239","34.75334","26.603973","0.733073"
"D:\HAA\dACC revisions\Run 4\Br2720_dlPFC_20x_img_011-MaxIP-Stitched_unmixed-rotated.nd2","Layer 1","dACC_v17_ FISH-IF v2.4.4","2063","3124","3160","2568","2597","0","0","0","0","1","1","1611.7014","0","302.80777","0","0","0","0","0","0","0","0","0","0","0","0","0","0","0","0","0","0","0","0","149.83064","96.02049","53.810143","32.61132","0.791454"
"D:\HAA\dACC revisions\Run 4\Br2720_dlPFC_20x_img_011-MaxIP-Stitched_unmixed-rotated.nd2","Layer 1","dACC_v17_ FISH-IF v2.4.4","2064","3371","3398","2601","2625","0","0","0","0","1","1","2185.1194","0","298.75098","0","0","0","0","0","0","0","0","0","0","0","0","0","0","0","0","0","0","0","0","97.95379","70.979675","26.974117","23.171202","0.762849"
"D:\HAA\dACC revisions\Run 4\Br2720_dlPFC_20x_img_011-MaxIP-Stitched_unmixed-rotated.nd2","Layer 1","dACC_v17_ FISH-IF v2.4.4","2065","3398","3421","2603","2627","0","0","0","0","1","1","1673.3937","0","323.2404","0","0","0","0","0","0","0","0","0","0","0","0","0","0","0","0","0","0","0","0","81.2906","62.2338","19.056799","19.738432","0.796702"
"D:\HAA\dACC revisions\Run 4\Br2720_dlPFC_20x_img_011-MaxIP-Stitched_unmixed-rotated.nd2","Layer 1","dACC_v17_ FISH-IF v2.4.4","2066","3015","3039","2680","2708","0","0","0","0","1","1","1909.396","0","329.048","0","0","0","0","0","0","0","0","0","0","0","0","0","0","0","0","0","0","0","0","99.28869","73.833595","25.455097","21.883913","0.797192"
"D:\HAA\dACC revisions\Run 4\Br2720_dlPFC_20x_img_011-MaxIP-Stitched_unmixed-rotated.nd2","Layer 1","dACC_v17_ FISH-IF v2.4.4","2067","3105","3139","2682","2711","0","0","0","0","1","1","1970.514","0","358.2998","0","0","0","0","0","0","0","0","0","0","0","0","0","0","0","0","0","0","0","0","139.42764","91.96977","47.457874","31.75313","0.791406"
"D:\HAA\dACC revisions\Run 4\Br2720_dlPFC_20x_img_011-MaxIP-Stitched_unmixed-rotated.nd2","Layer 1","dACC_v17_ FISH-IF v2.4.4","2068","847","891","1888","1928","1","0","0","0","1","1","1414.124","0","364.98193","1","1.51902","0","1488.778","980.0909","11","14.775925","2","17011.922","1119.9272","0","0","0","0","0","0","0","0","0","0","225.78165","130.03734","95.74431","49.775177","0.713828"
"D:\HAA\dACC revisions\Run 4\Br2720_dlPFC_20x_img_011-MaxIP-Stitched_unmixed-rotated.nd2","Layer 1","dACC_v17_ FISH-IF v2.4.4","2069","936","966","1897","1926","0","0","0","0","1","1","2480.7053","0","510.48965","0","0","0","0","0","0","0","0","0","0","0","0","0","0","0","0","0","0","0","0","120.601006","84.512764","36.088238","27.891262","0.80278"
"D:\HAA\dACC revisions\Run 4\Br2720_dlPFC_20x_img_011-MaxIP-Stitched_unmixed-rotated.nd2","Layer 1","dACC_v17_ FISH-IF v2.4.4","2070","996","1024","1925","1953","0","0","0","0","1","1","2840.6091","0","381.37698","1","0.828557","0","678.4497","818.8333","0","0","0","0","0","0","0","0","0","0","0","0","0","0","0","113.37415","78.7589","34.61525","26.174877","0.907923"
"D:\HAA\dACC revisions\Run 4\Br2720_dlPFC_20x_img_011-MaxIP-Stitched_unmixed-rotated.nd2","Layer 1","dACC_v17_ FISH-IF v2.4.4","2071","841","870","1928","1955","0","0","0","0","1","1","2683.4778","0","516.27325","0","0","0","0","0","0","0","0","0","0","0","0","0","0","0","0","0","0","0","0","112.22337","79.17318","33.050198","24.887589","0.900528"
"D:\HAA\dACC revisions\Run 4\Br2720_dlPFC_20x_img_011-MaxIP-Stitched_unmixed-rotated.nd2","Layer 1","dACC_v17_ FISH-IF v2.4.4","2072","800","822","1931","1951","0","0","0","0","1","1","1748.8253","0","254.17938","0","0","0","0","0","0","0","0","0","0","0","0","0","0","0","0","0","0","0","0","65.45596","54.914886","10.54108","13.731083","0.831896"
"D:\HAA\dACC revisions\Run 4\Br2720_dlPFC_20x_img_011-MaxIP-Stitched_unmixed-rotated.nd2","Layer 1","dACC_v17_ FISH-IF v2.4.4","2073","637","666","1941","1969","0","0","0","0","1","1","2728.9365","0","441.1017","0","0","0","0","0","0","0","0","0","0","0","0","0","0","0","0","0","0","0","0","114.3408","81.01441","33.326385","26.603973","0.806636"
"D:\HAA\dACC revisions\Run 4\Br2720_dlPFC_20x_img_011-MaxIP-Stitched_unmixed-rotated.nd2","Layer 1","dACC_v17_ FISH-IF v2.4.4","2074","717","742","1942","1970","0","0","0","0","1","1","2995.5168","0","453.7719","0","0","0","0","0","0","0","0","0","0","0","0","0","0","0","0","0","0","0","0","104.260025","75.67483","28.5852","23.171202","0.871395"
"D:\HAA\dACC revisions\Run 4\Br2720_dlPFC_20x_img_011-MaxIP-Stitched_unmixed-rotated.nd2","Layer 1","dACC_v17_ FISH-IF v2.4.4","2075","1000","1022","1953","1974","0","0","0","0","1","1","1347.7664","0","248.94809","0","0","0","0","0","0","0","0","0","0","0","0","0","0","0","1","1.334897","0","649.128","486.27585","71.0257","57.63071","13.394997","15.447468","0.890427"
"D:\HAA\dACC revisions\Run 4\Br2720_dlPFC_20x_img_011-MaxIP-Stitched_unmixed-rotated.nd2","Layer 1","dACC_v17_ FISH-IF v2.4.4","2076","672","691","1995","2015","0","0","0","0","1","1","637.8274","0","137.97523","0","0","0","0","0","0","0","0","0","0","0","0","0","0","0","0","0","0","0","0","57.906895","50.1737","7.733194","11.585601","0.843048"
"D:\HAA\dACC revisions\Run 4\Br2720_dlPFC_20x_img_011-MaxIP-Stitched_unmixed-rotated.nd2","Layer 1","dACC_v17_ FISH-IF v2.4.4","2077","679","702","2014","2034","0","0","1","0","1","1","852.537","0","174.54204","0","0","0","0","0","0","0","0","0","0","0","0","0","0","0","15","30.794683","3","23893.453","775.8954","69.32256","57.492615","11.829946","15.447468","0.779935"
"D:\HAA\dACC revisions\Run 4\Br2720_dlPFC_20x_img_011-MaxIP-Stitched_unmixed-rotated.nd2","Layer 1","dACC_v17_ FISH-IF v2.4.4","2078","662","692","2042","2067","0","0","0","0","1","1","2736.7087","0","434.484","0","0","0","0","0","0","0","0","0","0","0","0","0","0","0","3","6.444328","0","5077.3945","787.88574","110.52023","79.21921","31.301023","24.887589","0.789249"
"D:\HAA\dACC revisions\Run 4\Br2720_dlPFC_20x_img_011-MaxIP-Stitched_unmixed-rotated.nd2","Layer 1","dACC_v17_ FISH-IF v2.4.4","2079","817","838","2067","2088","0","0","0","0","1","1","1849.6462","0","314.89374","0","0","0","0","0","0","0","0","0","0","0","0","0","0","0","0","0","0","0","0","64.30519","51.554626","12.750565","15.447468","0.842934"
"D:\HAA\dACC revisions\Run 4\Br2720_dlPFC_20x_img_011-MaxIP-Stitched_unmixed-rotated.nd2","Layer 1","dACC_v17_ FISH-IF v2.4.4","2080","797","821","2073","2097","0","0","0","0","1","1","2181.9902","0","377.8521","0","0","0","0","0","0","0","0","0","0","0","0","0","0","0","0","0","0","0","0","78.94302","60.070347","18.872677","20.167528","0.737428"
"D:\HAA\dACC revisions\Run 4\Br2720_dlPFC_20x_img_011-MaxIP-Stitched_unmixed-rotated.nd2","Layer 1","dACC_v17_ FISH-IF v2.4.4","2081","665","694","2096","2124","0","0","0","0","1","1","2618.9233","0","437.86444","1","1.150773","0","910.35345","791.08","0","0","0","0","0","0","0","0","0","0","0","0","0","0","0","117.240746","81.84297","35.397774","26.603973","0.809658"
"D:\HAA\dACC revisions\Run 4\Br2720_dlPFC_20x_img_011-MaxIP-Stitched_unmixed-rotated.nd2","Layer 1","dACC_v17_ FISH-IF v2.4.4","2082","856","880","2103","2127","0","0","0","0","1","1","2271.9473","0","344.9876","0","0","0","0","0","0","0","0","0","0","0","0","0","0","0","0","0","0","0","0","86.031784","66.79086","19.240923","18.88024","0.843524"
"D:\HAA\dACC revisions\Run 4\Br2720_dlPFC_20x_img_011-MaxIP-Stitched_unmixed-rotated.nd2","Layer 1","dACC_v17_ FISH-IF v2.4.4","2083","998","1020","2154","2174","0","0","0","0","1","1","1285.8878","0","194.7269","3","6.122112","0","6847.9277","1118.5564","0","0","0","0","0","0","0","0","0","0","0","0","0","0","0","64.62741","54.77679","9.850616","14.160179","0.72826"
"D:\HAA\dACC revisions\Run 4\Br2720_dlPFC_20x_img_011-MaxIP-Stitched_unmixed-rotated.nd2","Layer 1","dACC_v17_ FISH-IF v2.4.4","2084","896","922","2160","2183","0","0","0","0","1","1","1050.995","0","272.0894","1","2.577731","0","2631.8638","952.93335","0","0","0","0","0","0","0","0","0","0","1","0.414278","0","204.33124","493.22223","93.30467","65.916275","27.388395","25.316685","0.644856"
"D:\HAA\dACC revisions\Run 4\Br2720_dlPFC_20x_img_011-MaxIP-Stitched_unmixed-rotated.nd2","Layer 1","dACC_v17_ FISH-IF v2.4.4","2085","923","935","2161","2178","0","0","0","0","1","1","940.49036","0","175.56963","0","0","0","0","0","0","0","0","0","0","0","0","0","0","0","0","0","0","0","0","33.878754","29.09154","4.787215","8.796475","0.782725"
"D:\HAA\dACC revisions\Run 4\Br2720_dlPFC_20x_img_011-MaxIP-Stitched_unmixed-rotated.nd2","Layer 1","dACC_v17_ FISH-IF v2.4.4","2086","674","692","2182","2203","1","0","0","0","1","1","1301.4521","0","600.2209","0","0","0","0","0","5","5.984019","1","5241.2183","875.8692","0","0","0","0","0","0","0","0","0","0","57.67674","42.302414","15.374327","18.451143","0.649095"
"D:\HAA\dACC revisions\Run 4\Br2720_dlPFC_20x_img_011-MaxIP-Stitched_unmixed-rotated.nd2","Layer 1","dACC_v17_ FISH-IF v2.4.4","2087","693","708","2183","2201","1","0","0","0","1","1","1441.4819","0","471.88474","0","0","0","0","0","4","6.674483","1","6548.9565","981.1931","0","0","0","0","0","0","0","0","0","0","43.407154","31.945457","11.461699","14.589275","0.744971"
"D:\HAA\dACC revisions\Run 4\Br2720_dlPFC_20x_img_011-MaxIP-Stitched_unmixed-rotated.nd2","Layer 1","dACC_v17_ FISH-IF v2.4.4","2088","729","761","2184","2211","0","0","0","0","1","1","1749.1284","0","447.54294","0","0","0","0","0","0","0","0","0","0","0","0","0","0","0","0","0","0","0","0","119.95657","85.20323","34.75334","28.320358","0.691347"
"D:\HAA\dACC revisions\Run 4\Br2720_dlPFC_20x_img_011-MaxIP-Stitched_unmixed-rotated.nd2","Layer 1","dACC_v17_ FISH-IF v2.4.4","2089","680","709","2201","2227","1","0","0","0","1","1","2589.76","0","855.8383","0","0","0","0","0","5","9.482369","1","10499.79","1107.2961","0","0","0","0","0","0","0","0","0","0","113.23605","75.44467","37.79138","26.603973","0.832291"
"D:\HAA\dACC revisions\Run 4\Br2720_dlPFC_20x_img_011-MaxIP-Stitched_unmixed-rotated.nd2","Layer 1","dACC_v17_ FISH-IF v2.4.4","2090","929","948","2230","2249","0","0","0","0","1","1","540.6754","0","123.56008","0","0","0","0","0","0","0","0","0","0","0","0","0","0","0","0","0","0","0","0","50.449886","45.202362","5.247525","9.869216","0.875064"
"D:\HAA\dACC revisions\Run 4\Br2720_dlPFC_20x_img_011-MaxIP-Stitched_unmixed-rotated.nd2","Layer 1","dACC_v17_ FISH-IF v2.4.4","2091","960","989","2235","2274","0","1","0","0","1","1","3022.609","0","639.1873","0","0","0","0","0","0","0","0","0","0","11","9.620461","2","9500.92","987.57416","0","0","0","0","0","154.9861","100.025185","54.960915","35.614998","0.705768"
"D:\HAA\dACC revisions\Run 4\Br2720_dlPFC_20x_img_011-MaxIP-Stitched_unmixed-rotated.nd2","Layer 1","dACC_v17_ FISH-IF v2.4.4","2092","989","1009","2235","2256","0","0","0","0","1","1","544.4383","0","176.89854","0","0","0","0","0","0","0","0","0","0","0","0","0","0","0","0","0","0","0","0","57.81483","50.357822","7.457009","12.014698","0.751518"
"D:\HAA\dACC revisions\Run 4\Br2720_dlPFC_20x_img_011-MaxIP-Stitched_unmixed-rotated.nd2","Layer 1","dACC_v17_ FISH-IF v2.4.4","2093","640","666","2242","2271","1","0","0","1","1","1","2941.676","0","551.365","6","12.704534","1","15536.401","1222.9022","7","7.180823","1","6881.1616","864.10406","0","0","0","0","0","0","0","0","0","0","100.11725","68.86225","31.254993","25.74578","0.740724"
"D:\HAA\dACC revisions\Run 4\Br2720_dlPFC_20x_img_011-MaxIP-Stitched_unmixed-rotated.nd2","Layer 1","dACC_v17_ FISH-IF v2.4.4","2094","701","733","2247","2283","0","0","0","0","1","1","2959.004","0","510.4993","0","0","0","0","0","0","0","0","0","0","0","0","0","0","0","0","0","0","0","0","159.313","99.749","59.564007","35.614998","0.830132"
"D:\HAA\dACC revisions\Run 4\Br2720_dlPFC_20x_img_011-MaxIP-Stitched_unmixed-rotated.nd2","Layer 1","dACC_v17_ FISH-IF v2.4.4","2095","659","678","2261","2281","0","0","0","0","1","1","1368.0242","0","546","0","0","0","0","0","1","0.690464","0","471.8169","683.3333","0","0","0","0","0","0","0","0","0","0","48.470554","42.762722","5.707834","11.371053","0.671119"
"D:\HAA\dACC revisions\Run 4\Br2720_dlPFC_20x_img_011-MaxIP-Stitched_unmixed-rotated.nd2","Layer 1","dACC_v17_ FISH-IF v2.4.4","2096","795","823","2262","2300","1","0","0","0","1","1","831.8203","0","204.0359","0","0","0","0","0","6","9.758554","1","8901.735","903.6729","0","0","0","0","0","2","2.761855","0","1418.9491","513.76666","164.05418","103.84575","60.20844","35.1859","0.726965"
"D:\HAA\dACC revisions\Run 4\Br2720_dlPFC_20x_img_011-MaxIP-Stitched_unmixed-rotated.nd2","Layer 1","dACC_v17_ FISH-IF v2.4.4","2097","749","774","2263","2291","0","0","0","1","1","1","2709.3796","0","450.5805","7","22.002779","1","40267.25","1830.0983","0","0","0","0","0","0","0","0","0","0","0","0","0","0","0","107.298065","77.47003","29.828035","24.029396","0.808795"
"D:\HAA\dACC revisions\Run 4\Br2720_dlPFC_20x_img_011-MaxIP-Stitched_unmixed-rotated.nd2","Layer 1","dACC_v17_ FISH-IF v2.4.4","2098","895","919","2263","2291","0","0","0","0","1","1","3503.9524","0","453.3243","0","0","0","0","0","0","0","0","0","0","0","0","0","0","0","0","0","0","0","0","94.54751","71.39395","23.153551","21.883913","0.768366"
"D:\HAA\dACC revisions\Run 4\Br2720_dlPFC_20x_img_011-MaxIP-Stitched_unmixed-rotated.nd2","Layer 1","dACC_v17_ FISH-IF v2.4.4","2099","981","1005","2264","2285","0","0","0","0","1","1","1820.215","0","326.06854","0","0","0","0","0","0","0","0","0","0","0","0","0","0","0","0","0","0","0","0","74.57008","60.438595","14.131492","16.520208","0.779806"
"D:\HAA\dACC revisions\Run 4\Br2720_dlPFC_20x_img_011-MaxIP-Stitched_unmixed-rotated.nd2","Layer 1","dACC_v17_ FISH-IF v2.4.4","2100","630","660","2279","2313","1","0","0","0","1","1","1503.716","0","306.9206","0","0","0","0","0","5","5.984019","1","4804.477","802.88464","0","0","0","0","0","0","0","0","0","0","136.20549","93.90307","42.302414","32.61132","0.644246"
"D:\HAA\dACC revisions\Run 4\Br2720_dlPFC_20x_img_011-MaxIP-Stitched_unmixed-rotated.nd2","Layer 1","dACC_v17_ FISH-IF v2.4.4","2101","1940","1964","2301","2330","0","1","0","0","1","1","1569.8173","0","317.28827","0","0","0","0","0","0","0","0","0","0","28","25.823345","3","27763.549","1075.1337","0","0","0","0","0","98.96647","58.919575","40.046898","27.247618","0.868982"
"D:\HAA\dACC revisions\Run 4\Br2720_dlPFC_20x_img_011-MaxIP-Stitched_unmixed-rotated.nd2","Layer 1","dACC_v17_ FISH-IF v2.4.4","2102","1918","1944","2304","2334","0","1","0","0","1","1","1661.9142","0","324.3585","0","0","0","0","0","0","0","0","0","0","10","9.160152","2","8975.799","911.1916","0","0","0","0","0","110.38214","65.87024","44.511898","29.17855","0.864762"
"D:\HAA\dACC revisions\Run 4\Br2720_dlPFC_20x_img_011-MaxIP-Stitched_unmixed-rotated.nd2","Layer 1","dACC_v17_ FISH-IF v2.4.4","2103","1893","1914","2313","2334","0","0","0","0","1","1","1210.1931","0","231.11652","2","5.52371","0","9116.516","1650.4333","0","0","0","0","0","0","0","0","0","0","0","0","0","0","0","65.64009","54.914886","10.725204","13.731083","0.905867"
"D:\HAA\dACC revisions\Run 4\Br2720_dlPFC_20x_img_011-MaxIP-Stitched_unmixed-rotated.nd2","Layer 1","dACC_v17_ FISH-IF v2.4.4","2104","1944","1968","2329","2349","0","1","0","0","1","1","918.40625","0","186.96089","0","0","0","0","0","0","0","0","0","0","8","8.193503","1","8168.4624","996.94385","0","0","0","0","0","72.40663","57.67674","14.729894","16.30566","0.804448"
"D:\HAA\dACC revisions\Run 4\Br2720_dlPFC_20x_img_011-MaxIP-Stitched_unmixed-rotated.nd2","Layer 1","dACC_v17_ FISH-IF v2.4.4","2105","2057","2079","2329","2348","0","0","0","0","1","1","472.4023","0","142.48111","0","0","0","0","0","0","0","0","0","0","0","0","0","0","0","0","0","0","0","0","59.19576","51.18638","8.009379","12.229246","0.789963"
"D:\HAA\dACC revisions\Run 4\Br2720_dlPFC_20x_img_011-MaxIP-Stitched_unmixed-rotated.nd2","Layer 1","dACC_v17_ FISH-IF v2.4.4","2106","2039","2065","2344","2373","1","1","0","0","1","1","1259.1752","0","262.31848","0","0","0","0","0","8","11.139482","1","9116.423","815.02057","9","8.515719","1","7397.905","868.7351","0","0","0","0","0","112.82178","80.50807","32.313705","25.74578","0.78601"
"D:\HAA\dACC revisions\Run 4\Br2720_dlPFC_20x_img_011-MaxIP-Stitched_unmixed-rotated.nd2","Layer 1","dACC_v17_ FISH-IF v2.4.4","2107","1814","1835","2382","2399","0","0","0","0","1","1","1265.5923","0","258.43256","0","0","0","0","0","0","0","0","0","0","0","0","0","0","0","0","0","0","0","0","50.772102","41.289734","9.482369","13.945631","0.776097"
"D:\HAA\dACC revisions\Run 4\Br2720_dlPFC_20x_img_011-MaxIP-Stitched_unmixed-rotated.nd2","Layer 1","dACC_v17_ FISH-IF v2.4.4","2108","2102","2130","2397","2444","0","1","0","0","1","1","2136.242","0","424.80176","0","0","0","0","0","1","1.150773","0","805.35693","699.84","6","6.490359","1","6790.619","1038.8944","0","0","0","0","0","181.40785","120.50894","60.898903","42.909634","0.519245"
"D:\HAA\dACC revisions\Run 4\Br2720_dlPFC_20x_img_011-MaxIP-Stitched_unmixed-rotated.nd2","Layer 1","dACC_v17_ FISH-IF v2.4.4","2109","1883","1906","2431","2462","0","0","0","0","1","1","2103.6658","0","596.6406","0","0","0","0","0","0","0","0","0","0","3","2.715824","0","2545.4177","937.2542","0","0","0","0","0","92.614204","61.22112","31.393085","26.603973","0.738396"
"D:\HAA\dACC revisions\Run 4\Br2720_dlPFC_20x_img_011-MaxIP-Stitched_unmixed-rotated.nd2","Layer 1","dACC_v17_ FISH-IF v2.4.4","2110","1896","1926","2439","2467","0","1","0","0","1","1","1323.5748","0","412.0039","0","0","0","0","0","2","3.360257","0","3329.5083","990.8493","10","12.060101","2","9111.176","755.4809","0","0","0","0","0","107.98853","70.74952","37.239014","31.109486","0.734858"
"D:\HAA\dACC revisions\Run 4\Br2720_dlPFC_20x_img_011-MaxIP-Stitched_unmixed-rotated.nd2","Layer 1","dACC_v17_ FISH-IF v2.4.4","2111","2187","2222","2482","2520","0","0","0","0","1","1","1528.3424","0","293.2747","0","0","0","0","0","2","1.472989","0","1207.437","749.45715","0","0","0","0","0","0","0","0","0","0","165.52718","109.59962","55.927567","40.335056","0.596693"
"D:\HAA\dACC revisions\Run 4\Br2720_dlPFC_20x_img_011-MaxIP-Stitched_unmixed-rotated.nd2","Layer 1","dACC_v17_ FISH-IF v2.4.4","2112","1948","1982","2510","2544","1","1","0","0","1","1","1231.6866","0","232.5644","0","0","0","0","0","7","10.633142","1","9484.946","892.01733","7","8.285565","1","5980.2905","721.7722","1","0.460309","0","216.4834","470.3","160.92409","101.12993","59.794163","36.47319","0.786158"
"D:\HAA\dACC revisions\Run 4\Br2720_dlPFC_20x_img_011-MaxIP-Stitched_unmixed-rotated.nd2","Layer 1","dACC_v17_ FISH-IF v2.4.4","2113","1843","1872","2524","2555","0","1","1","0","1","1","1493.0869","0","247.63007","0","0","0","0","0","3","4.787215","0","3651.909","762.8461","15","15.328296","3","11856.46","773.5015","48","83.8223","4","75311.51","898.46625","132.98332","88.47142","44.511898","29.607647","0.88426"
"D:\HAA\dACC revisions\Run 4\Br2720_dlPFC_20x_img_011-MaxIP-Stitched_unmixed-rotated.nd2","Layer 1","dACC_v17_ FISH-IF v2.4.4","2114","1986","2016","2540","2566","0","0","0","0","1","1","1545.3324","0","379.8993","0","0","0","0","0","1","2.439639","0","2221.498","910.5849","2","1.242835","0","850.92755","684.6667","0","0","0","0","0","113.05193","78.1605","34.891434","27.676714","0.765171"
"D:\HAA\dACC revisions\Run 4\Br2720_dlPFC_20x_img_011-MaxIP-Stitched_unmixed-rotated.nd2","Layer 1","dACC_v17_ FISH-IF v2.4.4","2115","2014","2031","2550","2568","0","0","0","0","1","1","740.0194","0","321.43155","0","0","0","0","0","1","0.50634","0","314.06894","620.2727","1","0.50634","0","333.72415","659.0909","0","0","0","0","0","44.419834","39.67865","4.741185","9.011024","0.845296"
"D:\HAA\dACC revisions\Run 4\Br2720_dlPFC_20x_img_011-MaxIP-Stitched_unmixed-rotated.nd2","Layer 1","dACC_v17_ FISH-IF v2.4.4","2116","2178","2214","2551","2577","0","0","0","0","1","1","1903.9882","0","323.57574","0","0","0","0","0","0","0","0","0","0","0","0","0","0","0","0","0","0","0","0","137.08008","94.50147","42.578598","31.324034","0.632039"
"D:\HAA\dACC revisions\Run 4\Br2720_dlPFC_20x_img_011-MaxIP-Stitched_unmixed-rotated.nd2","Layer 1","dACC_v17_ FISH-IF v2.4.4","2117","2025","2053","2570","2597","0","0","0","0","1","1","1867.0177","0","417.62665","3","6.628452","0","6802.679","1026.2847","0","0","0","0","0","0","0","0","0","0","0","0","0","0","0","104.02988","72.86694","31.162931","26.174877","0.779661"
"D:\HAA\dACC revisions\Run 4\Br2720_dlPFC_20x_img_011-MaxIP-Stitched_unmixed-rotated.nd2","Layer 1","dACC_v17_ FISH-IF v2.4.4","2118","2169","2188","2577","2595","0","0","0","0","1","1","377.5625","0","139.67899","0","0","0","0","0","0","0","0","0","0","1","1.150773","0","721.8569","627.28","0","0","0","0","0","48.010246","43.591278","4.418968","9.011024","0.707556"
"D:\HAA\dACC revisions\Run 4\Br2720_dlPFC_20x_img_011-MaxIP-Stitched_unmixed-rotated.nd2","Layer 1","dACC_v17_ FISH-IF v2.4.4","2119","1908","1926","2589","2607","0","0","0","0","1","1","414.22937","0","127.03292","0","0","0","0","0","0","0","0","0","0","0","0","0","0","0","0","0","0","0","0","49.759422","44.74205","5.01737","9.011024","0.879595"
"D:\HAA\dACC revisions\Run 4\Br2720_dlPFC_20x_img_011-MaxIP-Stitched_unmixed-rotated.nd2","Layer 1","dACC_v17_ FISH-IF v2.4.4","2120","1874","1902","2591","2622","0","0","0","1","1","1","1690.5062","0","335.57675","4","8.469688","1","8209.2","969.24457","0","0","0","0","0","1","0.50634","0","336.57806","664.7273","0","0","0","0","0","128.38023","87.550804","40.829422","28.749454","0.770485"
"D:\HAA\dACC revisions\Run 4\Br2720_dlPFC_20x_img_011-MaxIP-Stitched_unmixed-rotated.nd2","Layer 1","dACC_v17_ FISH-IF v2.4.4","2121","2159","2177","2591","2610","0","0","0","0","1","1","922.20636","0","139.79276","0","0","0","0","0","0","0","0","0","0","0","0","0","0","0","0","0","0","0","0","51.554626","45.75473","5.799896","9.869216","0.895861"
"D:\HAA\dACC revisions\Run 4\Br2720_dlPFC_20x_img_011-MaxIP-Stitched_unmixed-rotated.nd2","Layer 1","dACC_v17_ FISH-IF v2.4.4","2122","2021","2043","2594","2614","0","0","0","0","1","1","1453.8914","0","318.88004","1","0.50634","0","364.749","720.36365","0","0","0","0","0","0","0","0","0","0","0","0","0","0","0","62.556015","50.265762","12.290255","15.018372","0.885364"
"D:\HAA\dACC revisions\Run 4\Br2720_dlPFC_20x_img_011-MaxIP-Stitched_unmixed-rotated.nd2","Layer 1","dACC_v17_ FISH-IF v2.4.4","2123","2111","2131","2592","2622","1","1","0","0","1","1","1237.6252","0","408.79446","0","0","0","0","0","9","14.637832","1","18417.43","1227.3313","16","15.098141","3","15284.796","1009.2857","0","0","0","0","0","82.80962","63.15442","19.655201","22.956654","0.586684"
"D:\HAA\dACC revisions\Run 4\Br2720_dlPFC_20x_img_011-MaxIP-Stitched_unmixed-rotated.nd2","Layer 1","dACC_v17_ FISH-IF v2.4.4","2124","2090","2112","2597","2622","1","1","0","0","1","1","2235.8809","0","507.85922","0","0","0","0","0","6","8.515719","1","7750.4556","910.13513","10","9.712523","2","10557.882","1087.038","0","0","0","0","0","83.26993","60.484627","22.785305","21.454817","0.830209"
"D:\HAA\dACC revisions\Run 4\Br2720_dlPFC_20x_img_011-MaxIP-Stitched_unmixed-rotated.nd2","Layer 1","dACC_v17_ FISH-IF v2.4.4","2125","1960","1988","2608","2640","0","1","0","0","1","1","1402.9927","0","249.14816","0","0","0","0","0","3","5.109432","0","5050.6045","988.4865","19","15.420358","3","16903.014","1096.1493","0","0","0","0","0","122.94858","85.43338","37.515198","28.320358","0.77108"
"D:\HAA\dACC revisions\Run 4\Br2720_dlPFC_20x_img_011-MaxIP-Stitched_unmixed-rotated.nd2","Layer 1","dACC_v17_ FISH-IF v2.4.4","2126","1847","1878","2636","2663","0","1","0","0","1","1","1807.741","0","291.23544","0","0","0","0","0","0","0","0","0","0","34","26.882055","4","31744.578","1180.8835","0","0","0","0","0","119.86451","83.08581","36.7787","27.03307","0.841629"
"D:\HAA\dACC revisions\Run 4\Br2720_dlPFC_20x_img_011-MaxIP-Stitched_unmixed-rotated.nd2","Layer 1","dACC_v17_ FISH-IF v2.4.4","2127","2021","2049","2646","2669","0","0","0","0","1","1","2108.8682","0","444.68265","0","0","0","0","0","0","0","0","0","0","0","0","0","0","0","0","0","0","0","0","92.38405","62.371895","30.012157","24.029396","0.875077"
"D:\HAA\dACC revisions\Run 4\Br2720_dlPFC_20x_img_011-MaxIP-Stitched_unmixed-rotated.nd2","Layer 1","dACC_v17_ FISH-IF v2.4.4","2128","1907","1918","2651","2668","0","0","0","0","1","1","1468.462","0","288.54486","0","0","0","0","0","0","0","0","0","0","0","0","0","0","0","0","0","0","0","0","20.529789","13.855307","6.674483","10.941957","0.75952"
"D:\HAA\dACC revisions\Run 4\Br2720_dlPFC_20x_img_011-MaxIP-Stitched_unmixed-rotated.nd2","Layer 1","dACC_v17_ FISH-IF v2.4.4","2129","1918","1933","2652","2672","0","0","0","0","1","1","1351.0153","0","240.07692","0","0","0","0","0","0","0","0","0","0","0","0","0","0","0","1","0.460309","0","210.2232","456.7","44.373806","35.305714","9.06809","12.443794","0.73392"
"D:\HAA\dACC revisions\Run 4\Br2720_dlPFC_20x_img_011-MaxIP-Stitched_unmixed-rotated.nd2","Layer 1","dACC_v17_ FISH-IF v2.4.4","2130","1896","1917","2655","2680","0","0","0","0","1","1","1599.9618","0","260.38773","0","0","0","0","0","0","0","0","0","0","1","1.334897","0","1055.1207","790.4138","0","0","0","0","0","64.81153","47.964214","16.847317","19.738432","0.746082"
"D:\HAA\dACC revisions\Run 4\Br2720_dlPFC_20x_img_011-MaxIP-Stitched_unmixed-rotated.nd2","Layer 1","dACC_v17_ FISH-IF v2.4.4","2131","1931","1960","2658","2684","0","0","0","0","1","1","2169.0386","0","321.71088","0","0","0","0","0","0","0","0","0","0","1","0.644433","0","443.9682","688.9286","1","1.01268","0","495.06253","488.86365","105.779045","77.055756","28.723293","24.458492","0.769002"
"D:\HAA\dACC revisions\Run 4\Br2720_dlPFC_20x_img_011-MaxIP-Stitched_unmixed-rotated.nd2","Layer 1","dACC_v17_ FISH-IF v2.4.4","2132","2026","2053","2666","2687","0","0","0","0","1","1","2483.5754","0","429.3211","0","0","0","0","0","0","0","0","0","0","0","0","0","0","0","0","0","0","0","0","85.157196","58.919575","26.237623","22.742105","0.846853"
"D:\HAA\dACC revisions\Run 4\Br2720_dlPFC_20x_img_011-MaxIP-Stitched_unmixed-rotated.nd2","Layer 1","dACC_v17_ FISH-IF v2.4.4","2133","2711","2743","2285","2319","0","1","1","0","1","1","1564.5425","0","380.31253","0","0","0","0","0","3","3.590412","0","2770.1868","771.5513","5","5.707834","1","4284.7417","750.6774","7","13.671183","1","6741.826","493.14142","148.54176","94.40941","54.13236","33.89861","0.743864"
"D:\HAA\dACC revisions\Run 4\Br2720_dlPFC_20x_img_011-MaxIP-Stitched_unmixed-rotated.nd2","Layer 1","dACC_v17_ FISH-IF v2.4.4","2134","2632","2669","2287","2319","0","0","0","0","1","1","2473.1787","0","453.90958","0","0","0","0","0","0","0","0","0","0","0","0","0","0","0","0","0","0","0","0","142.46568","86.031784","56.433907","39.90596","0.696262"
"D:\HAA\dACC revisions\Run 4\Br2720_dlPFC_20x_img_011-MaxIP-Stitched_unmixed-rotated.nd2","Layer 1","dACC_v17_ FISH-IF v2.4.4","2135","2691","2716","2297","2323","0","0","0","0","1","1","3258.666","0","434.26596","0","0","0","0","0","0","0","0","0","0","0","0","0","0","0","2","2.209484","0","1142.7175","517.1875","97.35539","69.92097","27.434427","23.171202","0.901177"
"D:\HAA\dACC revisions\Run 4\Br2720_dlPFC_20x_img_011-MaxIP-Stitched_unmixed-rotated.nd2","Layer 1","dACC_v17_ FISH-IF v2.4.4","2136","2853","2888","2301","2326","1","0","1","0","1","1","652.5063","0","154.92535","0","0","0","0","0","7","12.796595","1","12536.612","979.6835","3","2.255515","0","1717.966","761.67346","5","11.185513","1","5927.5854","529.93414","121.88987","88.79364","33.09623","29.607647","0.602764"
"D:\HAA\dACC revisions\Run 4\Br2720_dlPFC_20x_img_011-MaxIP-Stitched_unmixed-rotated.nd2","Layer 1","dACC_v17_ FISH-IF v2.4.4","2137","2972","2992","2323","2343","0","0","0","0","1","1","1405.1416","0","329.72546","1","5.615772","0","7840.124","1396.0902","1","0.874587","0","634.07587","725","0","0","0","0","0","0","0","0","0","0","54.17839","44.09762","10.08077","14.160179","0.742156"
"D:\HAA\dACC revisions\Run 4\Br2720_dlPFC_20x_img_011-MaxIP-Stitched_unmixed-rotated.nd2","Layer 1","dACC_v17_ FISH-IF v2.4.4","2138","2621","2649","2333","2358","0","0","0","0","1","1","3214.0913","0","422.7581","0","0","0","0","0","0","0","0","0","0","0","0","0","0","0","0","0","0","0","0","99.749","74.017715","25.731283","23.171202","0.782842"
"D:\HAA\dACC revisions\Run 4\Br2720_dlPFC_20x_img_011-MaxIP-Stitched_unmixed-rotated.nd2","Layer 1","dACC_v17_ FISH-IF v2.4.4","2139","2956","2986","2335","2362","0","0","0","0","1","1","1781.7478","0","289.91965","2","5.431648","0","5865.904","1079.9491","1","1.196804","0","1135.4907","948.7692","0","0","0","0","0","0","0","0","0","0","102.050545","71.0257","31.024837","26.174877","0.671394"
"D:\HAA\dACC revisions\Run 4\Br2720_dlPFC_20x_img_011-MaxIP-Stitched_unmixed-rotated.nd2","Layer 1","dACC_v17_ FISH-IF v2.4.4","2140","2926","2949","2345","2370","0","0","0","0","1","1","2165.2964","0","410.0258","0","0","0","0","0","0","0","0","0","0","0","0","0","0","0","0","0","0","0","0","77.377975","55.329163","22.04881","22.098461","0.695275"
"D:\HAA\dACC revisions\Run 4\Br2720_dlPFC_20x_img_011-MaxIP-Stitched_unmixed-rotated.nd2","Layer 1","dACC_v17_ FISH-IF v2.4.4","2141","2720","2747","2350","2379","0","0","0","0","1","1","2718.571","0","416.52286","0","0","0","0","0","0","0","0","0","0","0","0","0","0","0","0","0","0","0","0","112.95987","79.587456","33.372414","25.102137","0.902766"
"D:\HAA\dACC revisions\Run 4\Br2720_dlPFC_20x_img_011-MaxIP-Stitched_unmixed-rotated.nd2","Layer 1","dACC_v17_ FISH-IF v2.4.4","2142","2941","2961","2356","2380","0","0","0","0","1","1","1408.088","0","369.0492","0","0","0","0","0","0","0","0","0","0","0","0","0","0","0","0","0","0","0","0","63.936943","47.734062","16.202883","17.807499","0.783939"
"D:\HAA\dACC revisions\Run 4\Br2720_dlPFC_20x_img_011-MaxIP-Stitched_unmixed-rotated.nd2","Layer 1","dACC_v17_ FISH-IF v2.4.4","2143","2859","2883","2373","2398","0","0","0","0","1","1","1287.2235","0","265.1231","3","6.720514","0","6675.864","993.35614","3","5.109432","0","5807.0767","1136.5405","0","0","0","0","0","0","0","0","0","0","86.07781","66.928955","19.14886","19.309336","0.800767"
"D:\HAA\dACC revisions\Run 4\Br2720_dlPFC_20x_img_011-MaxIP-Stitched_unmixed-rotated.nd2","Layer 1","dACC_v17_ FISH-IF v2.4.4","2144","2606","2640","2383","2418","1","0","0","0","1","1","1533.1006","0","293.2402","0","0","0","0","0","27","42.532566","3","58497.15","1375.3496","2","1.749175","0","1237.311","707.3684","0","0","0","0","0","163.63991","102.32673","61.313183","36.902287","0.773047"
"D:\HAA\dACC revisions\Run 4\Br2720_dlPFC_20x_img_011-MaxIP-Stitched_unmixed-rotated.nd2","Layer 1","dACC_v17_ FISH-IF v2.4.4","2145","2954","2980","2389","2415","0","0","0","0","1","1","2907.0776","0","515.2582","0","0","0","0","0","0","0","0","0","0","0","0","0","0","0","0","0","0","0","0","96.664925","68.81622","27.848705","23.171202","0.866124"
"D:\HAA\dACC revisions\Run 4\Br2720_dlPFC_20x_img_011-MaxIP-Stitched_unmixed-rotated.nd2","Layer 1","dACC_v17_ FISH-IF v2.4.4","2146","2830","2862","2399","2435","0","0","0","0","1","1","1572.2792","0","413.65082","0","0","0","0","0","1","1.288866","0","1050.1033","814.75","0","0","0","0","0","1","0.874587","0","430.34305","492.05264","156.04482","99.65694","56.387875","35.614998","0.776834"
"D:\HAA\dACC revisions\Run 4\Br2720_dlPFC_20x_img_011-MaxIP-Stitched_unmixed-rotated.nd2","Layer 1","dACC_v17_ FISH-IF v2.4.4","2147","2878","2909","2405","2440","1","1","0","0","1","1","1478.7175","0","266.09628","0","0","0","0","0","40","49.345142","4","90365.69","1801.0569","8","6.628452","1","4557.7974","687.6111","2","1.703144","0","823.40106","483.45947","157.60986","99.93312","57.67674","34.756805","0.770703"
"D:\HAA\dACC revisions\Run 4\Br2720_dlPFC_20x_img_011-MaxIP-Stitched_unmixed-rotated.nd2","Layer 1","dACC_v17_ FISH-IF v2.4.4","2148","2943","2975","2409","2436","0","0","0","0","1","1","2156.422","0","443.23477","0","0","0","0","0","0","0","0","0","0","0","0","0","0","0","0","0","0","0","0","117.33281","81.56679","35.76602","28.749454","0.702334"
"D:\HAA\dACC revisions\Run 4\Br2720_dlPFC_20x_img_011-MaxIP-Stitched_unmixed-rotated.nd2","Layer 1","dACC_v17_ FISH-IF v2.4.4","2149","2977","3003","2421","2442","0","0","0","0","1","1","2835.0708","0","622.6546","0","0","0","0","0","2","2.393608","0","4040.1335","1687.8846","0","0","0","0","0","0","0","0","0","0","80.27792","48.378494","31.899426","24.67304","0.83502"
"D:\HAA\dACC revisions\Run 4\Br2720_dlPFC_20x_img_011-MaxIP-Stitched_unmixed-rotated.nd2","Layer 1","dACC_v17_ FISH-IF v2.4.4","2150","2631","2658","2423","2454","0","0","0","0","1","1","2973.899","0","493.0087","0","0","0","0","0","1","1.795206","0","1649.3799","918.7692","0","0","0","0","0","0","0","0","0","0","120.094666","84.60483","35.489838","27.891262","0.751046"
"D:\HAA\dACC revisions\Run 4\Br2720_dlPFC_20x_img_011-MaxIP-Stitched_unmixed-rotated.nd2","Layer 1","dACC_v17_ FISH-IF v2.4.4","2151","3000","3026","2426","2462","1","0","0","0","1","1","1719.6538","0","473.90512","0","0","0","0","0","23","38.113598","3","50647.863","1328.866","1","1.196804","0","817.32495","682.9231","3","5.431648","0","2886.3228","513.9672","126.216774","81.01441","45.202362","32.396774","0.651631"
"D:\HAA\dACC revisions\Run 4\Br2720_dlPFC_20x_img_011-MaxIP-Stitched_unmixed-rotated.nd2","Layer 1","dACC_v17_ FISH-IF v2.4.4","2152","2858","2878","2427","2449","1","0","0","0","1","1","524.03784","0","147.10321","0","0","0","0","0","4","3.544381","1","3903.2837","1034.1097","0","0","0","0","0","0","0","0","0","0","60.25447","51.73875","8.515719","12.87289","0.824773"
"D:\HAA\dACC revisions\Run 4\Br2720_dlPFC_20x_img_011-MaxIP-Stitched_unmixed-rotated.nd2","Layer 1","dACC_v17_ FISH-IF v2.4.4","2153","2975","3001","2441","2459","0","0","0","0","1","1","2861.819","0","710.154","0","0","0","0","0","2","3.084071","0","4729.5845","1533.5522","0","0","0","0","0","0","0","0","0","0","59.61004","26.00747","33.60257","25.531233","0.888871"
"D:\HAA\dACC revisions\Run 4\Br2720_dlPFC_20x_img_011-MaxIP-Stitched_unmixed-rotated.nd2","Layer 1","dACC_v17_ FISH-IF v2.4.4","2154","2969","2998","2450","2476","0","0","0","0","1","1","2761.8245","0","414.4117","0","0","0","0","0","2","2.117422","0","1724.5483","814.45654","0","0","0","0","0","0","0","0","0","0","96.38874","59.7021","36.68664","27.462166","0.867115"
"D:\HAA\dACC revisions\Run 4\Br2720_dlPFC_20x_img_011-MaxIP-Stitched_unmixed-rotated.nd2","Layer 1","dACC_v17_ FISH-IF v2.4.4","2155","2785","2810","2452","2485","0","0","0","0","1","1","2523.1006","0","399.948","0","0","0","0","0","2","2.439639","0","2287.3684","828.2","0","0","0","0","0","0","0","0","0","0","124.74379","86.72225","38.021538","27.03307","0.761814"
"D:\HAA\dACC revisions\Run 4\Br2720_dlPFC_20x_img_011-MaxIP-Stitched_unmixed-rotated.nd2","Layer 1","dACC_v17_ FISH-IF v2.4.4","2156","2712","2740","2454","2479","1","0","0","0","1","1","1520.9177","0","302.48773","0","0","0","0","0","9","12.52041","1","12487.451","997.3677","0","0","0","0","0","1","1.334897","0","628.36804","470.72415","97.30936","73.23519","24.07417","22.742105","0.723691"
"D:\HAA\dACC revisions\Run 4\Br2720_dlPFC_20x_img_011-MaxIP-Stitched_unmixed-rotated.nd2","Layer 1","dACC_v17_ FISH-IF v2.4.4","2157","2603","2634","2483","2509","0","0","0","0","1","1","2527.1633","0","405.07217","0","0","0","0","0","1","0.920618","0","712.78876","774.25","0","0","0","0","0","3","3.038041","0","1460.515","480.74243","121.65971","84.19055","37.469166","27.03307","0.82158"
"D:\HAA\dACC revisions\Run 4\Br2720_dlPFC_20x_img_011-MaxIP-Stitched_unmixed-rotated.nd2","Layer 1","dACC_v17_ FISH-IF v2.4.4","2158","2927","2956","2485","2509","0","0","0","0","1","1","963.6737","0","222.7525","0","0","0","0","0","0","0","0","0","0","2","2.853917","0","1926.2559","674.9516","2","1.657113","0","745.4247","449.83334","99.702965","73.46535","26.237623","23.171202","0.73819"
"D:\HAA\dACC revisions\Run 4\Br2720_dlPFC_20x_img_011-MaxIP-Stitched_unmixed-rotated.nd2","Layer 1","dACC_v17_ FISH-IF v2.4.4","2159","2920","2947","2508","2541","0","0","0","0","1","1","2260.9502","0","444.7255","0","0","0","0","0","0","0","0","0","0","0","0","0","0","0","0","0","0","0","0","127.183426","87.366684","39.816742","30.036743","0.677013"
"D:\HAA\dACC revisions\Run 4\Br2720_dlPFC_20x_img_011-MaxIP-Stitched_unmixed-rotated.nd2","Layer 1","dACC_v17_ FISH-IF v2.4.4","2160","2765","2793","2507","2541","1","1","0","0","1","1","1477.4207","0","263.1301","1","1.058711","0","903.1266","853.04346","57","54.54664","4","151950.5","2785.6987","8","7.318916","1","7969.195","1088.849","1","2.071391","0","1005.59143","485.46667","133.62775","91.27931","42.348446","30.894936","0.695818"
"D:\HAA\dACC revisions\Run 4\Br2720_dlPFC_20x_img_011-MaxIP-Stitched_unmixed-rotated.nd2","Layer 1","dACC_v17_ FISH-IF v2.4.4","2161","2718","2749","2540","2570","0","0","0","0","1","1","2091.8525","0","440.6691","0","0","0","0","0","1","1.703144","0","1411.6761","828.86487","0","0","0","0","0","0","0","0","0","0","132.33888","88.60952","43.72937","29.607647","0.857985"
"D:\HAA\dACC revisions\Run 4\Br2720_dlPFC_20x_img_011-MaxIP-Stitched_unmixed-rotated.nd2","Layer 1","dACC_v17_ FISH-IF v2.4.4","2162","2679","2705","2554","2576","0","0","0","0","1","1","2199.1536","0","334.49582","2","4.050721","0","4494.1367","1109.466","0","0","0","0","0","0","0","0","0","0","0","0","0","0","0","84.09849","66.100395","17.998089","18.88024","0.754306"
"D:\HAA\dACC revisions\Run 4\Br2720_dlPFC_20x_img_011-MaxIP-Stitched_unmixed-rotated.nd2","Layer 1","dACC_v17_ FISH-IF v2.4.4","2163","2958","2985","2570","2600","0","0","0","0","1","1","2519.9902","0","385.35278","0","0","0","0","0","0","0","0","0","0","0","0","0","0","0","0","0","0","0","0","122.35018","84.4207","37.929478","27.03307","0.80708"
"D:\HAA\dACC revisions\Run 4\Br2720_dlPFC_20x_img_011-MaxIP-Stitched_unmixed-rotated.nd2","Layer 1","dACC_v17_ FISH-IF v2.4.4","2164","2737","2756","2618","2637","0","0","0","0","1","1","389.2857","0","115.867195","0","0","0","0","0","3","2.853917","0","2145.501","751.7742","2","3.176133","0","2136.8013","672.7681","1","0.598402","0","260.71912","435.69232","52.24509","46.445194","5.799896","9.869216","0.85363"
"D:\HAA\dACC revisions\Run 4\Br2720_dlPFC_20x_img_011-MaxIP-Stitched_unmixed-rotated.nd2","Layer 1","dACC_v17_ FISH-IF v2.4.4","2165","2772","2797","2620","2647","0","0","0","0","1","1","3441.9348","0","436.17136","0","0","0","0","0","2","1.657113","0","1315.4255","793.80554","2","2.209484","0","1703.0519","770.7917","0","0","0","0","0","100.4855","73.60344","26.882055","22.742105","0.889019"
"D:\HAA\dACC revisions\Run 4\Br2720_dlPFC_20x_img_011-MaxIP-Stitched_unmixed-rotated.nd2","Layer 1","dACC_v17_ FISH-IF v2.4.4","2166","3004","3032","2648","2672","0","0","0","0","1","1","2214.0208","0","342.30383","0","0","0","0","0","0","0","0","0","0","0","0","0","0","0","0","0","0","0","0","92.98245","70.74952","22.232933","21.454817","0.763864"
"D:\HAA\dACC revisions\Run 4\Br2720_dlPFC_20x_img_011-MaxIP-Stitched_unmixed-rotated.nd2","Layer 1","dACC_v17_ FISH-IF v2.4.4","2167","2629","2659","2666","2696","0","0","0","0","1","1","1873.7876","0","451.50308","0","0","0","0","0","0","0","0","0","0","0","0","0","0","0","0","0","0","0","0","128.47229","82.53343","45.938854","29.607647","0.886936"
"D:\HAA\dACC revisions\Run 4\Br2720_dlPFC_20x_img_011-MaxIP-Stitched_unmixed-rotated.nd2","Layer 1","dACC_v17_ FISH-IF v2.4.4","2168","2655","2683","2672","2703","0","0","0","0","1","1","2953.2478","0","761.9565","0","0","0","0","0","1","0.690464","0","1195.9753","866.06665","1","0.690464","0","466.38525","675.4667","0","0","0","0","0","98.87441","57.07834","41.796074","31.324034","0.766423"
"D:\HAA\dACC revisions\Run 4\Br2720_dlPFC_20x_img_011-MaxIP-Stitched_unmixed-rotated.nd2","Layer 1","dACC_v17_ FISH-IF v2.4.4","2169","2674","2701","2682","2714","1","1","0","0","1","1","2047.2704","0","416.63406","0","0","0","0","0","11","18.13618","2","16891.092","931.3477","4","5.201494","1","3832.7183","736.84955","1","0.414278","0","177.58728","428.66666","118.43755","74.846275","43.591278","29.607647","0.831206"
"D:\HAA\dACC revisions\Run 4\Br2720_dlPFC_20x_img_011-MaxIP-Stitched_unmixed-rotated.nd2","Layer 1","dACC_v17_ FISH-IF v2.4.4","2170","3519","3550","2317","2349","0","0","0","0","1","1","1552.6196","0","302.85046","0","0","0","0","0","0","0","0","0","0","0","0","0","0","0","0","0","0","0","0","142.83394","93.58086","49.253082","31.324034","0.847575"
"D:\HAA\dACC revisions\Run 4\Br2720_dlPFC_20x_img_011-MaxIP-Stitched_unmixed-rotated.nd2","Layer 1","dACC_v17_ FISH-IF v2.4.4","2171","3570","3602","2323","2349","0","0","0","0","1","1","1849.6967","0","340.2406","0","0","0","0","0","3","2.5317","0","1832.2146","723.7091","0","0","0","0","0","0","0","0","0","0","115.07729","72.13045","42.946846","28.749454","0.799521"
"D:\HAA\dACC revisions\Run 4\Br2720_dlPFC_20x_img_011-MaxIP-Stitched_unmixed-rotated.nd2","Layer 1","dACC_v17_ FISH-IF v2.4.4","2172","3608","3641","2324","2350","1","0","0","0","1","1","1782.713","0","306.84827","0","0","0","0","0","9","14.914018","1","24527.436","1644.5895","0","0","0","0","0","0","0","0","0","0","120.601006","75.536736","45.06427","29.607647","0.759062"
"D:\HAA\dACC revisions\Run 4\Br2720_dlPFC_20x_img_011-MaxIP-Stitched_unmixed-rotated.nd2","Layer 1","dACC_v17_ FISH-IF v2.4.4","2173","3802","3821","2324","2342","0","0","1","0","1","1","455.5403","0","112.43456","0","0","0","0","0","0","0","0","0","0","0","0","0","0","0","4","6.03005","1","3009.5935","499.09924","51.784782","46.07695","5.707834","9.869216","0.867391"
"D:\HAA\dACC revisions\Run 4\Br2720_dlPFC_20x_img_011-MaxIP-Stitched_unmixed-rotated.nd2","Layer 1","dACC_v17_ FISH-IF v2.4.4","2174","3594","3622","2332","2363","1","0","0","0","1","1","1213.2954","0","652.032","0","0","0","0","0","15","23.475767","3","36140.484","1530.4775","1","1.150773","0","921.585","800.84","2","2.301546","0","1225.9874","532.68","94.17926","56.15772","38.021538","33.684063","0.679524"
"D:\HAA\dACC revisions\Run 4\Br2720_dlPFC_20x_img_011-MaxIP-Stitched_unmixed-rotated.nd2","Layer 1","dACC_v17_ FISH-IF v2.4.4","2175","3671","3693","2332","2361","0","0","0","0","1","1","1667.0474","0","309.89386","1","0.644433","0","471.44867","731.5714","0","0","0","0","0","0","0","0","0","0","0","0","0","0","0","93.3507","71.992355","21.358345","21.883913","0.66932"
"D:\HAA\dACC revisions\Run 4\Br2720_dlPFC_20x_img_011-MaxIP-Stitched_unmixed-rotated.nd2","Layer 1","dACC_v17_ FISH-IF v2.4.4","2176","3426","3454","2333","2358","1","0","0","0","1","1","2797.6782","0","431.78967","0","0","0","0","0","8","14.775925","1","20991.434","1420.6511","3","2.623762","0","2416.5771","749.9857","1","0.322216","0","138.41496","429.57144","87.873024","57.124367","30.748653","24.887589","0.76498"
"D:\HAA\dACC revisions\Run 4\Br2720_dlPFC_20x_img_011-MaxIP-Stitched_unmixed-rotated.nd2","Layer 1","dACC_v17_ FISH-IF v2.4.4","2177","3568","3595","2346","2371","0","0","0","0","1","1","2349.9626","0","368.255","0","0","0","0","0","2","2.715824","0","3046.5562","1121.7797","0","0","0","0","0","0","0","0","0","0","98.87441","66.79086","32.08355","24.887589","0.887168"
"D:\HAA\dACC revisions\Run 4\Br2720_dlPFC_20x_img_011-MaxIP-Stitched_unmixed-rotated.nd2","Layer 1","dACC_v17_ FISH-IF v2.4.4","2178","3416","3443","2348","2373","1","0","0","0","1","1","2430.6868","0","462.2832","0","0","0","0","0","4","4.925308","1","5314.4536","1030.8392","0","0","0","0","0","0","0","0","0","0","89.43807","57.538647","31.899426","25.74578","0.8799"
"D:\HAA\dACC revisions\Run 4\Br2720_dlPFC_20x_img_011-MaxIP-Stitched_unmixed-rotated.nd2","Layer 1","dACC_v17_ FISH-IF v2.4.4","2179","3451","3477","2345","2373","1","0","0","0","1","1","916.61334","0","333.78745","0","0","0","0","0","17","24.120201","3","38705.375","1574.6367","3","1.887268","0","1216.367","644.5122","0","0","0","0","0","75.99705","49.805454","26.191591","25.96033","0.69041"
"D:\HAA\dACC revisions\Run 4\Br2720_dlPFC_20x_img_011-MaxIP-Stitched_unmixed-rotated.nd2","Layer 1","dACC_v17_ FISH-IF v2.4.4","2180","3442","3469","2356","2379","1","0","0","0","1","1","1034.9812","0","415.2154","0","0","0","0","0","17","22.186903","3","43364.992","1926.5521","3","2.48567","0","1788.8995","719.6852","1","2.439639","0","1295.6322","531.0755","74.8923","47.872154","27.02015","24.887589","0.716081"
"D:\HAA\dACC revisions\Run 4\Br2720_dlPFC_20x_img_011-MaxIP-Stitched_unmixed-rotated.nd2","Layer 1","dACC_v17_ FISH-IF v2.4.4","2181","3594","3621","2358","2388","1","0","0","0","1","1","1933.1057","0","378.49692","0","0","0","0","0","4","5.247525","1","5611.6753","1069.3948","0","0","0","0","0","1","0.368247","0","331.14642","449.625","113.144","74.846275","38.29772","29.17855","0.680289"
"D:\HAA\dACC revisions\Run 4\Br2720_dlPFC_20x_img_011-MaxIP-Stitched_unmixed-rotated.nd2","Layer 1","dACC_v17_ FISH-IF v2.4.4","2182","3770","3799","2383","2416","1","0","0","0","1","1","1441.288","0","222.23991","0","0","0","0","0","35","42.808754","4","78474.16","1809.7814","3","3.222164","0","2653.084","823.38574","2","1.426958","0","648.5756","454.51614","135.88327","90.17457","45.708702","30.894936","0.817095"
"D:\HAA\dACC revisions\Run 4\Br2720_dlPFC_20x_img_011-MaxIP-Stitched_unmixed-rotated.nd2","Layer 1","dACC_v17_ FISH-IF v2.4.4","2183","3574","3607","2394","2415","0","0","0","1","1","1","1957.6857","0","262.78976","12","27.52649","2","53529.63","1944.6588","0","0","0","0","0","0","0","0","0","0","0","0","0","0","0","99.47282","79.26524","20.207573","24.458492","0.519166"
"D:\HAA\dACC revisions\Run 4\Br2720_dlPFC_20x_img_011-MaxIP-Stitched_unmixed-rotated.nd2","Layer 1","dACC_v17_ FISH-IF v2.4.4","2184","3738","3765","2416","2448","0","0","0","0","1","1","2037.1569","0","316.0822","0","0","0","0","0","0","0","0","0","0","0","0","0","0","0","1","1.242835","0","616.2619","495.85184","115.58363","79.49539","36.088238","28.320358","0.747967"
"D:\HAA\dACC revisions\Run 4\Br2720_dlPFC_20x_img_011-MaxIP-Stitched_unmixed-rotated.nd2","Layer 1","dACC_v17_ FISH-IF v2.4.4","2185","3716","3738","2420","2445","0","0","0","0","1","1","1149.0934","0","183.37462","0","0","0","0","0","0","0","0","0","0","0","0","0","0","0","0","0","0","0","0","75.12246","61.313183","13.809276","17.807499","0.698713"
"D:\HAA\dACC revisions\Run 4\Br2720_dlPFC_20x_img_011-MaxIP-Stitched_unmixed-rotated.nd2","Layer 1","dACC_v17_ FISH-IF v2.4.4","2186","3762","3791","2431","2459","0","0","0","0","1","1","1777.8381","0","359.9488","0","0","0","0","0","0","0","0","0","0","1","0.598402","0","407.32758","680.6923","0","0","0","0","0","100.66962","61.12906","39.540558","28.749454","0.860124"
"D:\HAA\dACC revisions\Run 4\Br2720_dlPFC_20x_img_011-MaxIP-Stitched_unmixed-rotated.nd2","Layer 1","dACC_v17_ FISH-IF v2.4.4","2187","3729","3756","2442","2468","0","0","0","0","1","1","2212.9263","0","379.6742","0","0","0","0","0","0","0","0","0","0","0","0","0","0","0","0","0","0","0","0","103.063225","71.20983","31.853395","25.316685","0.835717"
"D:\HAA\dACC revisions\Run 4\Br2720_dlPFC_20x_img_011-MaxIP-Stitched_unmixed-rotated.nd2","Layer 1","dACC_v17_ FISH-IF v2.4.4","2188","3757","3784","2448","2473","0","0","0","0","1","1","1798.7864","0","530.67944","0","0","0","0","0","2","2.02536","0","1511.7935","746.4318","1","0.736495","0","532.8999","723.5625","0","0","0","0","0","86.676216","54.13236","32.543858","25.74578","0.74797"
"D:\HAA\dACC revisions\Run 4\Br2720_dlPFC_20x_img_011-MaxIP-Stitched_unmixed-rotated.nd2","Layer 1","dACC_v17_ FISH-IF v2.4.4","2189","3421","3454","2450","2476","0","0","0","0","1","1","2319.4922","0","336.8118","0","0","0","0","0","0","0","0","0","0","0","0","0","0","0","0","0","0","0","0","124.37554","86.58415","37.79138","28.749454","0.751174"
"D:\HAA\dACC revisions\Run 4\Br2720_dlPFC_20x_img_011-MaxIP-Stitched_unmixed-rotated.nd2","Layer 1","dACC_v17_ FISH-IF v2.4.4","2190","3803","3823","2474","2493","0","0","0","0","1","1","541.2361","0","128.51483","0","0","0","0","0","0","0","0","0","0","0","0","0","0","0","0","0","0","0","0","54.730762","48.10231","6.628452","10.727408","0.888022"
"D:\HAA\dACC revisions\Run 4\Br2720_dlPFC_20x_img_011-MaxIP-Stitched_unmixed-rotated.nd2","Layer 1","dACC_v17_ FISH-IF v2.4.4","2191","3481","3509","2477","2506","0","0","0","1","1","1","2682.137","0","533.9298","6","16.202883","1","20108.191","1241.0255","0","0","0","0","0","0","0","0","0","0","0","0","0","0","0","114.24873","80.646164","33.60257","26.174877","0.813812"
"D:\HAA\dACC revisions\Run 4\Br2720_dlPFC_20x_img_011-MaxIP-Stitched_unmixed-rotated.nd2","Layer 1","dACC_v17_ FISH-IF v2.4.4","2192","3532","3557","2511","2536","0","0","0","0","1","1","3081.0916","0","431.39697","0","0","0","0","0","0","0","0","0","0","0","0","0","0","0","0","0","0","0","0","88.885704","66.79086","22.094841","20.382076","0.85902"
"D:\HAA\dACC revisions\Run 4\Br2720_dlPFC_20x_img_011-MaxIP-Stitched_unmixed-rotated.nd2","Layer 1","dACC_v17_ FISH-IF v2.4.4","2193","3678","3704","2515","2541","0","0","0","0","1","1","1675.363","0","338.20114","0","0","0","0","0","0","0","0","0","0","0","0","0","0","0","0","0","0","0","0","96.664925","64.075035","32.58989","26.818521","0.760535"
"D:\HAA\dACC revisions\Run 4\Br2720_dlPFC_20x_img_011-MaxIP-Stitched_unmixed-rotated.nd2","Layer 1","dACC_v17_ FISH-IF v2.4.4","2194","3645","3675","2530","2570","0","0","0","0","1","1","1852.6499","0","398.06555","0","0","0","0","0","0","0","0","0","0","0","0","0","0","0","0","0","0","0","0","177.26506","99.702965","77.562096","41.622345","0.821143"
"D:\HAA\dACC revisions\Run 4\Br2720_dlPFC_20x_img_011-MaxIP-Stitched_unmixed-rotated.nd2","Layer 1","dACC_v17_ FISH-IF v2.4.4","2195","3525","3551","2534","2562","0","0","0","0","1","1","2411.5151","0","465.80624","0","0","0","0","0","0","0","0","0","0","0","0","0","0","0","0","0","0","0","0","102.64895","73.87962","28.769323","24.458492","0.850727"
"D:\HAA\dACC revisions\Run 4\Br2720_dlPFC_20x_img_011-MaxIP-Stitched_unmixed-rotated.nd2","Layer 1","dACC_v17_ FISH-IF v2.4.4","2196","3672","3700","2537","2561","0","0","0","0","1","1","1835.4827","0","401.7488","0","0","0","0","0","0","0","0","0","0","0","0","0","0","0","0","0","0","0","0","98.64426","57.538647","41.10561","30.036743","0.73154"
"D:\HAA\dACC revisions\Run 4\Br2720_dlPFC_20x_img_011-MaxIP-Stitched_unmixed-rotated.nd2","Layer 1","dACC_v17_ FISH-IF v2.4.4","2197","3805","3822","2546","2560","1","1","0","0","1","1","532.7059","0","225.45479","0","0","0","0","0","15","14.775925","3","37731.13","2553.5544","5","5.293556","1","4485.805","847.4087","0","0","0","0","0","34.385094","33.60257","0.782526","3.647319","0.543586"
"D:\HAA\dACC revisions\Run 4\Br2720_dlPFC_20x_img_011-MaxIP-Stitched_unmixed-rotated.nd2","Layer 1","dACC_v17_ FISH-IF v2.4.4","2198","3572","3605","2560","2591","1","1","0","0","1","1","1409.7201","0","249.05919","0","0","0","0","0","20","30.978807","3","39973.895","1273.3344","7","6.628452","1","5319.8394","770.4733","0","0","0","0","0","149.9227","95.652245","54.27045","33.040417","0.858093"
"D:\HAA\dACC revisions\Run 4\Br2720_dlPFC_20x_img_011-MaxIP-Stitched_unmixed-rotated.nd2","Layer 1","dACC_v17_ FISH-IF v2.4.4","2199","3446","3468","2684","2701","0","0","0","0","1","1","1269.5958","0","226.61145","0","0","0","0","0","2","3.084071","0","2713.2004","879.7463","0","0","0","0","0","0","0","0","0","0","51.00226","37.79138","13.210874","16.091112","0.881094"
"D:\HAA\dACC revisions\Run 4\Br2720_dlPFC_20x_img_011-MaxIP-Stitched_unmixed-rotated.nd2","Layer 1","dACC_v17_ FISH-IF v2.4.4","2200","3786","3807","2684","2703","0","0","0","0","1","1","1378.5104","0","194.54497","0","0","0","0","0","0","0","0","0","0","0","0","0","0","0","0","0","0","0","0","61.036995","52.19906","8.837936","12.443794","0.853582"
"D:\HAA\dACC revisions\Run 4\Br2720_dlPFC_20x_img_011-MaxIP-Stitched_unmixed-rotated.nd2","Layer 1","dACC_v17_ FISH-IF v2.4.4","2201","3556","3588","2684","2714","0","0","0","0","1","1","1737.0734","0","361.87167","0","0","0","0","0","0","0","0","0","0","0","0","0","0","0","0","0","0","0","0","136.43564","90.036476","46.399166","30.894936","0.838501"
"D:\HAA\dACC revisions\Run 4\Br2720_dlPFC_20x_img_011-MaxIP-Stitched_unmixed-rotated.nd2","Layer 1","dACC_v17_ FISH-IF v2.4.4","2202","3952","3981","3118","3148","0","0","0","0","1","1","1817.6423","0","309.0827","0","0","0","0","0","0","0","0","0","0","0","0","0","0","0","0","0","0","0","0","120.69307","83.500084","37.19298","27.891262","0.812311"
"D:\HAA\dACC revisions\Run 4\Br2720_dlPFC_20x_img_011-MaxIP-Stitched_unmixed-rotated.nd2","Layer 1","dACC_v17_ FISH-IF v2.4.4","2203","3996","4017","3158","3179","0","0","0","0","1","1","887.76807","0","152.87334","0","0","0","0","0","2","1.749175","0","1229.4858","702.8947","0","0","0","0","0","0","0","0","0","0","60.898903","51.968906","8.929998","12.87289","0.883481"
"D:\HAA\dACC revisions\Run 4\Br2720_dlPFC_20x_img_011-MaxIP-Stitched_unmixed-rotated.nd2","Layer 1","dACC_v17_ FISH-IF v2.4.4","2204","3823","3855","3194","3224","1","1","0","0","1","1","1508.3666","0","300.947","0","0","0","0","0","8","18.13618","1","19392.09","1069.2488","4","3.130102","1","2316.9663","740.2206","0","0","0","0","0","131.3262","82.487404","48.838802","31.967678","0.909028"
"D:\HAA\dACC revisions\Run 4\Br2720_dlPFC_20x_img_011-MaxIP-Stitched_unmixed-rotated.nd2","Layer 1","dACC_v17_ FISH-IF v2.4.4","2205","3854","3883","3207","3233","0","0","0","1","1","1","1962.6228","0","354.07126","9","22.463087","1","29028.754","1292.2869","0","0","0","0","0","0","0","0","0","0","0","0","0","0","0","107.15997","74.93833","32.22164","25.316685","0.804403"
"D:\HAA\dACC revisions\Run 4\Br2720_dlPFC_20x_img_011-MaxIP-Stitched_unmixed-rotated.nd2","Layer 1","dACC_v17_ FISH-IF v2.4.4","2206","4136","4166","3212","3240","1","0","0","0","1","1","2445.3706","0","409.06937","0","0","0","0","0","5","9.022059","1","11547.408","1279.9082","0","0","0","0","0","1","0.644433","0","278.21088","431.7143","113.92652","80.27792","33.6486","26.603973","0.839072"
"D:\HAA\dACC revisions\Run 4\Br2720_dlPFC_20x_img_011-MaxIP-Stitched_unmixed-rotated.nd2","Layer 1","dACC_v17_ FISH-IF v2.4.4","2207","3833","3862","3219","3248","0","0","0","0","1","1","1737.095","0","332.25015","0","0","0","0","0","0","0","0","0","0","0","0","0","0","0","0","0","0","0","0","115.39951","73.23519","42.16432","28.749454","0.884396"
"D:\HAA\dACC revisions\Run 4\Br2720_dlPFC_20x_img_011-MaxIP-Stitched_unmixed-rotated.nd2","Layer 1","dACC_v17_ FISH-IF v2.4.4","2208","4194","4217","3230","3257","0","0","0","0","1","1","1223.5272","0","259.2936","0","0","0","0","0","0","0","0","0","0","0","0","0","0","0","0","0","0","0","0","88.60952","69.138435","19.471079","20.811172","0.725923"
"D:\HAA\dACC revisions\Run 4\Br2720_dlPFC_20x_img_011-MaxIP-Stitched_unmixed-rotated.nd2","Layer 1","dACC_v17_ FISH-IF v2.4.4","2209","3918","3937","3236","3257","0","0","0","0","1","1","684.6258","0","136.15887","0","0","0","0","0","0","0","0","0","0","0","0","0","0","0","0","0","0","0","0","56.387875","49.253082","7.134792","11.585601","0.814105"
"D:\HAA\dACC revisions\Run 4\Br2720_dlPFC_20x_img_011-MaxIP-Stitched_unmixed-rotated.nd2","Layer 1","dACC_v17_ FISH-IF v2.4.4","2210","4109","4143","3325","3356","1","0","0","0","1","1","1675.9197","0","339.55685","0","0","0","0","0","12","19.885357","2","23818.055","1197.7686","0","0","0","0","0","0","0","0","0","0","146.14816","95.145905","51.00226","32.61132","0.777061"
"D:\HAA\dACC revisions\Run 4\Br2720_dlPFC_20x_img_011-MaxIP-Stitched_unmixed-rotated.nd2","Layer 1","dACC_v17_ FISH-IF v2.4.4","2211","3904","3932","3344","3368","0","0","1","0","1","1","1728.1261","0","269.13068","0","0","0","0","0","0","0","0","0","0","0","0","0","0","0","14","31.439117","2","18611.635","591.98975","98.09189","72.91297","25.178911","22.098461","0.817175"
"D:\HAA\dACC revisions\Run 4\Br2720_dlPFC_20x_img_011-MaxIP-Stitched_unmixed-rotated.nd2","Layer 1","dACC_v17_ FISH-IF v2.4.4","2212","4179","4207","3363","3390","0","0","0","0","1","1","2377.6152","0","461.198","2","1.841237","0","1555.0625","844.575","0","0","0","0","0","0","0","0","0","0","0","0","0","0","0","110.05992","78.11446","31.945457","24.887589","0.899752"
"D:\HAA\dACC revisions\Run 4\Br2720_dlPFC_20x_img_011-MaxIP-Stitched_unmixed-rotated.nd2","Layer 1","dACC_v17_ FISH-IF v2.4.4","2213","4065","4088","3424","3446","0","0","0","0","1","1","1443.0161","0","238.49039","3","2.853917","0","2222.6028","778.79034","0","0","0","0","0","1","0.50634","0","357.338","705.7273","0","0","0","0","0","74.15581","59.886223","14.269585","15.876565","0.88388"
"D:\HAA\dACC revisions\Run 4\Br2720_dlPFC_20x_img_011-MaxIP-Stitched_unmixed-rotated.nd2","Layer 1","dACC_v17_ FISH-IF v2.4.4","2214","3836","3866","3445","3474","0","0","0","0","1","1","1944.5315","0","320.16327","0","0","0","0","0","0","0","0","0","0","0","0","0","0","0","0","0","0","0","0","122.44224","83.73024","38.712","27.891262","0.882495"
"D:\HAA\dACC revisions\Run 4\Br2720_dlPFC_20x_img_011-MaxIP-Stitched_unmixed-rotated.nd2","Layer 1","dACC_v17_ FISH-IF v2.4.4","2215","4144","4167","3450","3474","0","0","0","0","1","1","1315.3362","0","283.48132","0","0","0","0","0","0","0","0","0","0","0","0","0","0","0","0","0","0","0","0","65.594055","44.373806","21.220253","21.883913","0.780179"
"D:\HAA\dACC revisions\Run 4\Br2720_dlPFC_20x_img_011-MaxIP-Stitched_unmixed-rotated.nd2","Layer 1","dACC_v17_ FISH-IF v2.4.4","2216","4152","4184","3456","3483","0","0","0","0","1","1","1581.8096","0","254.0094","0","0","0","0","0","0","0","0","0","0","0","0","0","0","0","0","0","0","0","0","102.37276","63.70679","38.66597","30.894936","0.718502"
"D:\HAA\dACC revisions\Run 4\Br2720_dlPFC_20x_img_011-MaxIP-Stitched_unmixed-rotated.nd2","Layer 1","dACC_v17_ FISH-IF v2.4.4","2217","4118","4142","3465","3487","0","0","0","0","1","1","1390.1326","0","265.64514","0","0","0","0","0","0","0","0","0","0","0","0","0","0","0","0","0","0","0","0","79.403336","63.430603","15.972729","17.59295","0.735359"
"D:\HAA\dACC revisions\Run 4\Br2720_dlPFC_20x_img_011-MaxIP-Stitched_unmixed-rotated.nd2","Layer 1","dACC_v17_ FISH-IF v2.4.4","2218","4191","4216","3481","3508","0","0","0","0","1","1","1846.0087","0","361.20685","0","0","0","0","0","0","0","0","0","0","0","0","0","0","0","0","0","0","0","0","102.00452","75.44467","26.55984","22.742105","0.764429"
"D:\HAA\dACC revisions\Run 4\Br2720_dlPFC_20x_img_011-MaxIP-Stitched_unmixed-rotated.nd2","Layer 1","dACC_v17_ FISH-IF v2.4.4","2219","4074","4102","3486","3512","0","0","0","0","1","1","2096.2402","0","329.4006","2","4.418968","0","4350.888","984.59375","0","0","0","0","0","0","0","0","0","0","0","0","0","0","0","102.050545","75.030396","27.02015","23.600298","0.776826"
"D:\HAA\dACC revisions\Run 4\Br2720_dlPFC_20x_img_011-MaxIP-Stitched_unmixed-rotated.nd2","Layer 1","dACC_v17_ FISH-IF v2.4.4","2220","2657","2681","3502","3525","0","0","0","0","1","1","2312.9736","0","323.73343","0","0","0","0","0","0","0","0","0","0","0","0","0","0","0","0","0","0","0","0","81.2906","63.890915","17.399687","18.022047","0.876144"
"D:\HAA\dACC revisions\Run 4\Br2720_dlPFC_20x_img_011-MaxIP-Stitched_unmixed-rotated.nd2","Layer 1","dACC_v17_ FISH-IF v2.4.4","2221","2701","2720","3503","3522","0","0","0","0","1","1","511.58182","0","118.89425","0","0","0","0","0","0","0","0","0","0","0","0","0","0","0","0","0","0","0","0","49.897514","44.834114","5.063401","9.44012","0.878298"
"D:\HAA\dACC revisions\Run 4\Br2720_dlPFC_20x_img_011-MaxIP-Stitched_unmixed-rotated.nd2","Layer 1","dACC_v17_ FISH-IF v2.4.4","2222","2861","2893","3509","3534","1","1","0","0","1","1","1284.7504","0","309.52625","1","0.782526","0","632.41876","808.17645","7","9.850616","1","9534.891","958.9861","7","7.134792","1","6385.1787","894.9355","1","0.368247","0","156.78131","425.75","112.13132","81.52075","30.61056","26.603973","0.623799"
"D:\HAA\dACC revisions\Run 4\Br2720_dlPFC_20x_img_011-MaxIP-Stitched_unmixed-rotated.nd2","Layer 1","dACC_v17_ FISH-IF v2.4.4","2223","2839","2864","3517","3545","0","0","0","1","1","1","2583.7144","0","566.0454","6","15.144172","1","18070.725","1193.2462","1","0.736495","0","465.3726","631.875","2","1.472989","0","1327.1635","720.8","1","0.460309","0","196.04568","425.9","99.702965","71.992355","27.710613","24.029396","0.812614"
"D:\HAA\dACC revisions\Run 4\Br2720_dlPFC_20x_img_011-MaxIP-Stitched_unmixed-rotated.nd2","Layer 1","dACC_v17_ FISH-IF v2.4.4","2224","2625","2660","3528","3561","1","0","0","0","1","1","1376.314","0","234.26842","3","2.899948","0","3165.8223","904.9474","24","41.335762","3","53965.957","1304.099","0","0","0","0","0","0","0","0","0","0","162.25899","101.86642","60.392563","35.614998","0.751148"
"D:\HAA\dACC revisions\Run 4\Br2720_dlPFC_20x_img_011-MaxIP-Stitched_unmixed-rotated.nd2","Layer 1","dACC_v17_ FISH-IF v2.4.4","2225","2708","2729","3591","3611","0","0","0","0","1","1","1210.8282","0","191.27","0","0","0","0","0","0","0","0","0","0","0","0","0","0","0","0","0","0","0","0","61.451275","52.337154","9.114121","12.87289","0.893478"
"D:\HAA\dACC revisions\Run 4\Br2720_dlPFC_20x_img_011-MaxIP-Stitched_unmixed-rotated.nd2","Layer 1","dACC_v17_ FISH-IF v2.4.4","2226","2954","2985","3600","3630","1","0","0","0","1","1","2808.6277","0","538.1281","0","0","0","0","0","14","20.852005","2","23551.674","1129.468","0","0","0","0","0","0","0","0","0","0","111.90116","71.85426","40.046898","31.75313","0.73346"
"D:\HAA\dACC revisions\Run 4\Br2720_dlPFC_20x_img_011-MaxIP-Stitched_unmixed-rotated.nd2","Layer 1","dACC_v17_ FISH-IF v2.4.4","2227","2913","2935","3603","3622","0","0","0","0","1","1","1607.9684","0","241.23276","0","0","0","0","0","1","1.795206","0","1494.5319","832.5128","0","0","0","0","0","0","0","0","0","0","65.54803","55.375195","10.172832","13.516535","0.778888"
"D:\HAA\dACC revisions\Run 4\Br2720_dlPFC_20x_img_011-MaxIP-Stitched_unmixed-rotated.nd2","Layer 1","dACC_v17_ FISH-IF v2.4.4","2228","2971","2997","3613","3639","1","0","0","0","1","1","1651.06","0","590.5516","0","0","0","0","0","7","10.172832","1","11426.761","1065.412","0","0","0","0","0","1","0.322216","0","135.42296","420.2857","80.04777","53.994267","26.0535","24.243944","0.83559"
"D:\HAA\dACC revisions\Run 4\Br2720_dlPFC_20x_img_011-MaxIP-Stitched_unmixed-rotated.nd2","Layer 1","dACC_v17_ FISH-IF v2.4.4","2229","2840","2869","3632","3660","0","0","0","0","1","1","2459.7192","0","361.55612","0","0","0","0","0","2","2.393608","0","1940.9857","810.9039","1","0.644433","0","409.07675","634.7857","1","0.874587","0","401.1134","458.6316","120.55497","82.85565","37.69932","27.03307","0.893742"
"D:\HAA\dACC revisions\Run 4\Br2720_dlPFC_20x_img_011-MaxIP-Stitched_unmixed-rotated.nd2","Layer 1","dACC_v17_ FISH-IF v2.4.4","2230","2784","2815","3632","3661","1","0","0","0","1","1","1690.4163","0","300.40738","0","0","0","0","0","40","52.01494","4","103799.21","1995.5654","3","3.452319","0","2671.9568","773.96","0","0","0","0","0","124.697754","86.21591","38.481846","29.17855","0.762962"
"D:\HAA\dACC revisions\Run 4\Br2720_dlPFC_20x_img_011-MaxIP-Stitched_unmixed-rotated.nd2","Layer 1","dACC_v17_ FISH-IF v2.4.4","2231","2727","2760","3634","3664","0","0","0","0","1","1","3447.9805","0","596.2078","0","0","0","0","0","1","0.690464","0","483.46274","700.2","0","0","0","0","0","0","0","0","0","0","134.08806","89.4841","44.60396","31.75313","0.743862"
"D:\HAA\dACC revisions\Run 4\Br2720_dlPFC_20x_img_011-MaxIP-Stitched_unmixed-rotated.nd2","Layer 1","dACC_v17_ FISH-IF v2.4.4","2232","2759","2781","3639","3661","0","0","0","0","1","1","1948.4381","0","279.48782","0","0","0","0","0","0","0","0","0","0","0","0","0","0","0","0","0","0","0","0","69.73684","56.71009","13.02675","15.447468","0.885716"
"D:\HAA\dACC revisions\Run 4\Br2720_dlPFC_20x_img_011-MaxIP-Stitched_unmixed-rotated.nd2","Layer 1","dACC_v17_ FISH-IF v2.4.4","2233","2642","2666","3684","3717","0","0","0","1","1","1","2627.881","0","457.03534","4","9.850616","1","11352.099","1152.4253","0","0","0","0","0","0","0","0","0","0","0","0","0","0","0","111.993225","83.36199","28.631231","27.03307","0.640152"
"D:\HAA\dACC revisions\Run 4\Br2720_dlPFC_20x_img_011-MaxIP-Stitched_unmixed-rotated.nd2","Layer 1","dACC_v17_ FISH-IF v2.4.4","2234","2980","3011","3721","3757","1","0","0","0","1","1","1554.92","0","292.98694","1","0.598402","0","442.9555","740.2308","21","34.937466","3","46381.67","1327.5626","0","0","0","0","0","0","0","0","0","0","155.63054","98.59823","57.032307","34.327705","0.809842"
"D:\HAA\dACC revisions\Run 4\Br2720_dlPFC_20x_img_011-MaxIP-Stitched_unmixed-rotated.nd2","Layer 1","dACC_v17_ FISH-IF v2.4.4","2235","2732","2766","3743","3776","1","0","0","0","1","1","1377.4178","0","289.9493","0","0","0","0","0","33","45.294422","4","80692.06","1781.501","0","0","0","0","0","0","0","0","0","0","157.79399","98.96647","58.82751","34.756805","0.857618"
"D:\HAA\dACC revisions\Run 4\Br2720_dlPFC_20x_img_011-MaxIP-Stitched_unmixed-rotated.nd2","Layer 1","dACC_v17_ FISH-IF v2.4.4","2236","2793","2825","3746","3777","0","0","0","0","1","1","2647.6646","0","602.16864","0","0","0","0","0","0","0","0","0","0","0","0","0","0","0","0","0","0","0","0","119.63435","77.79225","41.842106","34.542255","0.628398"
"D:\HAA\dACC revisions\Run 4\Br2720_dlPFC_20x_img_011-MaxIP-Stitched_unmixed-rotated.nd2","Layer 1","dACC_v17_ FISH-IF v2.4.4","2237","2781","2807","3766","3793","0","0","0","0","1","1","2872.0874","0","449.88995","0","0","0","0","0","0","0","0","0","0","0","0","0","0","0","0","0","0","0","0","77.97637","42.670662","35.305714","28.10581","0.746665"
"D:\HAA\dACC revisions\Run 4\Br2720_dlPFC_20x_img_011-MaxIP-Stitched_unmixed-rotated.nd2","Layer 1","dACC_v17_ FISH-IF v2.4.4","2238","2824","2843","3765","3784","0","0","0","0","1","1","429.57266","0","132.84306","0","0","0","0","0","0","0","0","0","0","0","0","0","0","0","0","0","0","0","0","51.14035","45.75473","5.385617","9.869216","0.842169"
"D:\HAA\dACC revisions\Run 4\Br2720_dlPFC_20x_img_011-MaxIP-Stitched_unmixed-rotated.nd2","Layer 1","dACC_v17_ FISH-IF v2.4.4","2239","2775","2802","3781","3805","0","0","0","0","1","1","3053.9104","0","477.19766","0","0","0","0","0","0","0","0","0","0","0","0","0","0","0","0","0","0","0","0","81.01441","51.23241","29.782003","25.74578","0.787027"
"D:\HAA\dACC revisions\Run 4\Br2720_dlPFC_20x_img_011-MaxIP-Stitched_unmixed-rotated.nd2","Layer 1","dACC_v17_ FISH-IF v2.4.4","2240","4647","4683","3497","3526","0","0","0","0","1","1","1808.1846","0","328.94824","0","0","0","0","0","3","3.314226","0","2424.1262","731.43054","0","0","0","0","0","2","1.565051","0","689.359","440.47058","147.43703","96.06653","51.370502","33.040417","0.751706"
"D:\HAA\dACC revisions\Run 4\Br2720_dlPFC_20x_img_011-MaxIP-Stitched_unmixed-rotated.nd2","Layer 1","dACC_v17_ FISH-IF v2.4.4","2241","4691","4728","3502","3533","0","0","0","0","1","1","1883.8279","0","345.9602","0","0","0","0","0","2","1.334897","0","834.86273","625.4138","0","0","0","0","0","0","0","0","0","0","141.95935","95.974464","45.984886","37.76048","0.553709"
"D:\HAA\dACC revisions\Run 4\Br2720_dlPFC_20x_img_011-MaxIP-Stitched_unmixed-rotated.nd2","Layer 1","dACC_v17_ FISH-IF v2.4.4","2242","4713","4732","3518","3534","0","0","0","0","1","1","1453.909","0","395.6317","0","0","0","0","0","2","3.222164","0","2970.6052","921.9286","0","0","0","0","0","0","0","0","0","0","44.23571","35.12159","9.114121","13.301987","0.765489"
"D:\HAA\dACC revisions\Run 4\Br2720_dlPFC_20x_img_011-MaxIP-Stitched_unmixed-rotated.nd2","Layer 1","dACC_v17_ FISH-IF v2.4.4","2243","4715","4739","3529","3549","0","0","0","0","1","1","1390.6586","0","240.75107","0","0","0","0","0","1","0.782526","0","505.05124","645.41174","0","0","0","0","0","1","0.644433","0","294.55185","457.07144","67.52736","54.17839","13.348966","16.30566","0.725539"
"D:\HAA\dACC revisions\Run 4\Br2720_dlPFC_20x_img_011-MaxIP-Stitched_unmixed-rotated.nd2","Layer 1","dACC_v17_ FISH-IF v2.4.4","2244","4664","4699","3551","3579","0","0","0","0","1","1","2000.8866","0","304.2617","0","0","0","0","0","0","0","0","0","0","0","0","0","0","0","0","0","0","0","0","139.1975","92.52214","46.67535","31.324034","0.772362"
"D:\HAA\dACC revisions\Run 4\Br2720_dlPFC_20x_img_011-MaxIP-Stitched_unmixed-rotated.nd2","Layer 1","dACC_v17_ FISH-IF v2.4.4","2245","4724","4750","3566","3591","0","0","0","0","1","1","2451.2666","0","365.97928","0","0","0","0","0","1","1.565051","0","1147.7809","733.3823","0","0","0","0","0","0","0","0","0","0","95.468124","71.11777","24.350355","21.883913","0.903043"
"D:\HAA\dACC revisions\Run 4\Br2720_dlPFC_20x_img_011-MaxIP-Stitched_unmixed-rotated.nd2","Layer 1","dACC_v17_ FISH-IF v2.4.4","2246","4916","4947","3572","3602","0","0","0","1","1","1","1646.8157","0","273.4565","15","37.100918","3","74385.55","2004.9517","0","0","0","0","0","0","0","0","0","0","0","0","0","0","0","133.62775","88.93173","44.696022","29.607647","0.88874"
"D:\HAA\dACC revisions\Run 4\Br2720_dlPFC_20x_img_011-MaxIP-Stitched_unmixed-rotated.nd2","Layer 1","dACC_v17_ FISH-IF v2.4.4","2247","4619","4643","3612","3638","0","0","0","0","1","1","3175.6133","0","504.09943","0","0","0","0","0","0","0","0","0","0","0","0","0","0","0","0","0","0","0","0","95.468124","71.30189","24.166231","21.240269","0.860011"
"D:\HAA\dACC revisions\Run 4\Br2720_dlPFC_20x_img_011-MaxIP-Stitched_unmixed-rotated.nd2","Layer 1","dACC_v17_ FISH-IF v2.4.4","2248","4699","4718","3656","3678","0","0","0","0","1","1","1264.2153","0","196.0869","1","0.644433","0","485.44205","753.2857","0","0","0","0","0","0","0","0","0","0","0","0","0","0","0","51.69272","39.72468","11.968039","16.091112","0.782073"
"D:\HAA\dACC revisions\Run 4\Br2720_dlPFC_20x_img_011-MaxIP-Stitched_unmixed-rotated.nd2","Layer 1","dACC_v17_ FISH-IF v2.4.4","2249","4706","4727","3665","3685","0","0","0","0","1","1","1188.8","0","207.93202","0","0","0","0","0","1","1.51902","0","1351.2375","889.5455","0","0","0","0","0","1","1.104742","0","530.6904","480.375","52.843494","39.954838","12.888657","16.520208","0.799092"
"D:\HAA\dACC revisions\Run 4\Br2720_dlPFC_20x_img_011-MaxIP-Stitched_unmixed-rotated.nd2","Layer 1","dACC_v17_ FISH-IF v2.4.4","2250","4921","4944","3700","3724","0","0","0","0","1","1","1366.0947","0","224.53491","0","0","0","0","0","0","0","0","0","0","0","0","0","0","0","0","0","0","0","0","84.37467","65.916275","18.458399","18.88024","0.767578"
"D:\HAA\dACC revisions\Run 4\Br2720_dlPFC_20x_img_011-MaxIP-Stitched_unmixed-rotated.nd2","Layer 1","dACC_v17_ FISH-IF v2.4.4","2251","4886","4917","3752","3780","0","0","0","0","1","1","1759.1881","0","453.15552","0","0","0","0","0","0","0","0","0","0","0","0","0","0","0","0","0","0","0","0","117.14868","71.62411","45.52458","30.036743","0.841869"
"D:\HAA\dACC revisions\Run 4\Br2720_dlPFC_20x_img_011-MaxIP-Stitched_unmixed-rotated.nd2","Layer 1","dACC_v17_ FISH-IF v2.4.4","2252","4864","4902","3760","3794","0","0","0","0","1","1","2447.3997","0","608.2378","0","0","0","0","0","0","0","0","0","0","0","0","0","0","0","0","0","0","0","0","158.76064","91.37137","67.38927","39.476864","0.767841"
"D:\HAA\dACC revisions\Run 4\Br2720_dlPFC_20x_img_011-MaxIP-Stitched_unmixed-rotated.nd2","Layer 1","dACC_v17_ FISH-IF v2.4.4","2253","5218","5242","2293","2314","0","0","0","0","1","1","1039.9136","0","190.65779","0","0","0","0","0","0","0","0","0","0","0","0","0","0","0","0","0","0","0","0","71.0257","58.781483","12.244224","15.662017","0.744134"
"D:\HAA\dACC revisions\Run 4\Br2720_dlPFC_20x_img_011-MaxIP-Stitched_unmixed-rotated.nd2","Layer 1","dACC_v17_ FISH-IF v2.4.4","2254","5119","5138","2310","2329","0","0","0","0","1","1","351.16534","0","122.04175","0","0","0","0","0","0","0","0","0","0","0","0","0","0","0","0","0","0","0","0","52.15303","46.307102","5.845926","10.298312","0.884964"
"D:\HAA\dACC revisions\Run 4\Br2720_dlPFC_20x_img_011-MaxIP-Stitched_unmixed-rotated.nd2","Layer 1","dACC_v17_ FISH-IF v2.4.4","2255","5081","5101","2324","2343","0","0","0","0","1","1","1162.5972","0","151.53558","0","0","0","0","0","0","0","0","0","0","0","0","0","0","0","0","0","0","0","0","54.500607","47.872154","6.628452","10.727408","0.902022"
"D:\HAA\dACC revisions\Run 4\Br2720_dlPFC_20x_img_011-MaxIP-Stitched_unmixed-rotated.nd2","Layer 1","dACC_v17_ FISH-IF v2.4.4","2256","5210","5240","2337","2363","0","0","0","0","1","1","2112.7021","0","341.30774","0","0","0","0","0","0","0","0","0","0","1","0.598402","0","422.5178","706.0769","0","0","0","0","0","117.65502","82.119156","35.53587","25.74578","0.844094"
"D:\HAA\dACC revisions\Run 4\Br2720_dlPFC_20x_img_011-MaxIP-Stitched_unmixed-rotated.nd2","Layer 1","dACC_v17_ FISH-IF v2.4.4","2257","5115","5145","2340","2370","0","0","0","0","1","1","2300.5435","0","426.95776","0","0","0","0","0","0","0","0","0","0","0","0","0","0","0","3","3.774535","0","1746.7352","462.76828","126.861206","86.12385","40.737362","28.10581","0.829777"
"D:\HAA\dACC revisions\Run 4\Br2720_dlPFC_20x_img_011-MaxIP-Stitched_unmixed-rotated.nd2","Layer 1","dACC_v17_ FISH-IF v2.4.4","2258","5041","5062","2349","2368","0","0","0","0","1","1","1083.4375","0","168.41302","0","0","0","0","0","0","0","0","0","0","0","0","0","0","0","0","0","0","0","0","59.7021","51.60066","8.101441","12.443794","0.758378"
"D:\HAA\dACC revisions\Run 4\Br2720_dlPFC_20x_img_011-MaxIP-Stitched_unmixed-rotated.nd2","Layer 1","dACC_v17_ FISH-IF v2.4.4","2259","5143","5171","2382","2407","0","0","0","1","1","1","2374.5017","0","385.21555","22","43.13097","3","130657.1","3029.3105","0","0","0","0","0","0","0","0","0","0","0","0","0","0","0","103.15529","75.81292","27.342365","23.600298","0.775385"
"D:\HAA\dACC revisions\Run 4\Br2720_dlPFC_20x_img_011-MaxIP-Stitched_unmixed-rotated.nd2","Layer 1","dACC_v17_ FISH-IF v2.4.4","2260","5103","5125","2403","2425","0","0","0","1","1","1","967.3893","0","129.24455","13","25.132881","2","61248.69","2436.9944","0","0","0","0","0","0","0","0","0","0","0","0","0","0","0","72.820915","59.1037","13.717214","15.876565","0.877924"
"D:\HAA\dACC revisions\Run 4\Br2720_dlPFC_20x_img_011-MaxIP-Stitched_unmixed-rotated.nd2","Layer 1","dACC_v17_ FISH-IF v2.4.4","2261","5377","5396","2405","2424","0","0","0","0","1","1","704.6294","0","133.04115","1","0.598402","0","443.18567","740.61536","0","0","0","0","0","0","0","0","0","0","0","0","0","0","0","54.68473","48.10231","6.582421","10.727408","0.829979"
"D:\HAA\dACC revisions\Run 4\Br2720_dlPFC_20x_img_011-MaxIP-Stitched_unmixed-rotated.nd2","Layer 1","dACC_v17_ FISH-IF v2.4.4","2262","5124","5159","2420","2452","0","0","0","1","1","1","1683.5908","0","349.78265","9","23.01546","1","37384.008","1614.6123","0","0","0","0","0","0","0","0","0","0","0","0","0","0","0","160.69394","100.39343","60.300503","34.756805","0.842725"
"D:\HAA\dACC revisions\Run 4\Br2720_dlPFC_20x_img_011-MaxIP-Stitched_unmixed-rotated.nd2","Layer 1","dACC_v17_ FISH-IF v2.4.4","2263","5308","5338","2421","2456","0","0","0","0","1","1","1706.6354","0","293.81058","1","0.552371","0","492.25464","891.1667","0","0","0","0","0","0","0","0","0","0","0","0","0","0","0","150.29094","98.4141","51.876842","33.040417","0.743665"
"D:\HAA\dACC revisions\Run 4\Br2720_dlPFC_20x_img_011-MaxIP-Stitched_unmixed-rotated.nd2","Layer 1","dACC_v17_ FISH-IF v2.4.4","2264","5220","5248","2424","2445","0","0","0","1","1","1","1202.9727","0","165.96031","17","35.443806","3","102338.19","2887.3364","0","0","0","0","0","0","0","0","0","0","0","0","0","0","0","88.10317","69.59875","18.504429","20.167528","0.634919"
"D:\HAA\dACC revisions\Run 4\Br2720_dlPFC_20x_img_011-MaxIP-Stitched_unmixed-rotated.nd2","Layer 1","dACC_v17_ FISH-IF v2.4.4","2265","5163","5190","2430","2452","0","0","0","1","1","1","1147.5591","0","167.7047","9","21.680563","1","49255.2","2271.8599","0","0","0","0","0","1","1.058711","0","798.9126","754.6087","0","0","0","0","0","88.83967","68.58607","20.253603","19.738432","0.774404"
"D:\HAA\dACC revisions\Run 4\Br2720_dlPFC_20x_img_011-MaxIP-Stitched_unmixed-rotated.nd2","Layer 1","dACC_v17_ FISH-IF v2.4.4","2266","5076","5107","2433","2460","0","0","0","0","1","1","2540.6191","0","487.44754","0","0","0","0","0","0","0","0","0","0","0","0","0","0","0","0","0","0","0","0","115.49157","78.98905","36.502518","27.462166","0.805842"
"D:\HAA\dACC revisions\Run 4\Br2720_dlPFC_20x_img_011-MaxIP-Stitched_unmixed-rotated.nd2","Layer 1","dACC_v17_ FISH-IF v2.4.4","2267","5190","5209","2438","2459","0","0","0","1","1","1","490.67615","0","90.562164","6","14.223554","1","35134.34","2470.152","0","0","0","0","0","0","0","0","0","0","0","0","0","0","0","59.19576","51.09432","8.101441","12.014698","0.81184"
"D:\HAA\dACC revisions\Run 4\Br2720_dlPFC_20x_img_011-MaxIP-Stitched_unmixed-rotated.nd2","Layer 1","dACC_v17_ FISH-IF v2.4.4","2268","5005","5058","2442","2466","0","0","0","0","1","1","1467.8197","0","258.98096","1","1.51902","0","1323.2969","871.1515","0","0","0","0","0","0","0","0","0","0","0","0","0","0","0","195.53934","128.15007","67.38927","43.767826","0.517695"
"D:\HAA\dACC revisions\Run 4\Br2720_dlPFC_20x_img_011-MaxIP-Stitched_unmixed-rotated.nd2","Layer 1","dACC_v17_ FISH-IF v2.4.4","2269","5104","5145","2443","2475","0","0","0","0","1","1","1178.7177","0","361.53653","0","0","0","0","0","0","0","0","0","0","0","0","0","0","0","0","0","0","0","0","157.47177","97.63158","59.84019","42.480537","0.580072"
"D:\HAA\dACC revisions\Run 4\Br2720_dlPFC_20x_img_011-MaxIP-Stitched_unmixed-rotated.nd2","Layer 1","dACC_v17_ FISH-IF v2.4.4","2270","5339","5362","2444","2460","0","0","0","1","1","1","1058.8595","0","229.25255","7","12.474379","1","23992.143","1923.3136","0","0","0","0","0","0","0","0","0","0","0","0","0","0","0","54.730762","40.6453","14.085461","16.091112","0.815951"
"D:\HAA\dACC revisions\Run 4\Br2720_dlPFC_20x_img_011-MaxIP-Stitched_unmixed-rotated.nd2","Layer 1","dACC_v17_ FISH-IF v2.4.4","2271","5338","5363","2459","2484","0","0","0","1","1","1","1372.2101","0","354.16592","15","32.820045","3","79068.414","2409.1501","0","0","0","0","0","0","0","0","0","0","0","0","0","0","0","97.8157","62.970295","34.845406","25.74578","0.776812"
"D:\HAA\dACC revisions\Run 4\Br2720_dlPFC_20x_img_011-MaxIP-Stitched_unmixed-rotated.nd2","Layer 1","dACC_v17_ FISH-IF v2.4.4","2272","5278","5327","2454","2476","0","0","0","0","1","1","2025.5996","0","332.0996","0","0","0","0","0","0","0","0","0","0","0","0","0","0","0","0","0","0","0","0","146.97672","104.44415","42.532566","39.047768","0.433864"
"D:\HAA\dACC revisions\Run 4\Br2720_dlPFC_20x_img_011-MaxIP-Stitched_unmixed-rotated.nd2","Layer 1","dACC_v17_ FISH-IF v2.4.4","2273","5126","5179","2467","2499","0","0","0","0","1","1","1189.9174","0","235.55852","0","0","0","0","0","0","0","0","0","0","0","0","0","0","0","0","0","0","0","0","207.87563","124.28348","83.59215","50.204273","0.563304"
"D:\HAA\dACC revisions\Run 4\Br2720_dlPFC_20x_img_011-MaxIP-Stitched_unmixed-rotated.nd2","Layer 1","dACC_v17_ FISH-IF v2.4.4","2274","5260","5305","2468","2498","0","0","0","0","1","1","1209.2812","0","325.64847","0","0","0","0","0","0","0","0","0","0","0","0","0","0","0","0","0","0","0","0","184.16971","107.89647","76.27323","42.05144","0.651108"
"D:\HAA\dACC revisions\Run 4\Br2720_dlPFC_20x_img_011-MaxIP-Stitched_unmixed-rotated.nd2","Layer 1","dACC_v17_ FISH-IF v2.4.4","2275","5215","5245","2494","2520","0","0","0","0","1","1","2563.9827","0","492.8564","0","0","0","0","0","0","0","0","0","0","0","0","0","0","0","0","0","0","0","0","105.088585","73.41931","31.669271","26.174877","0.740575"
"D:\HAA\dACC revisions\Run 4\Br2720_dlPFC_20x_img_011-MaxIP-Stitched_unmixed-rotated.nd2","Layer 1","dACC_v17_ FISH-IF v2.4.4","2276","5167","5196","2509","2536","0","0","0","0","1","1","1861.7914","0","294.66992","0","0","0","0","0","0","0","0","0","0","0","0","0","0","0","0","0","0","0","0","112.13132","79.909676","32.22164","25.74578","0.811119"
"D:\HAA\dACC revisions\Run 4\Br2720_dlPFC_20x_img_011-MaxIP-Stitched_unmixed-rotated.nd2","Layer 1","dACC_v17_ FISH-IF v2.4.4","2277","5233","5262","2511","2534","0","0","0","0","1","1","1961.3468","0","356.61874","0","0","0","0","0","0","0","0","0","0","0","0","0","0","0","0","0","0","0","0","88.97776","66.28452","22.693243","22.742105","0.703794"
"D:\HAA\dACC revisions\Run 4\Br2720_dlPFC_20x_img_011-MaxIP-Stitched_unmixed-rotated.nd2","Layer 1","dACC_v17_ FISH-IF v2.4.4","2278","5226","5254","2545","2572","0","0","0","1","1","1","2446.4683","0","403.82635","7","11.139482","1","9963.53","894.4339","0","0","0","0","0","0","0","0","0","0","0","0","0","0","0","110.84245","78.98905","31.853395","24.887589","0.847361"
"D:\HAA\dACC revisions\Run 4\Br2720_dlPFC_20x_img_011-MaxIP-Stitched_unmixed-rotated.nd2","Layer 1","dACC_v17_ FISH-IF v2.4.4","2279","5153","5183","2624","2655","0","0","0","1","1","1","1774.4115","0","304.71625","10","32.820045","2","48823.293","1487.6058","0","0","0","0","0","0","0","0","0","0","0","0","0","0","0","138.87527","91.00312","47.872154","30.46584","0.874922"
"D:\HAA\dACC revisions\Run 4\Br2720_dlPFC_20x_img_011-MaxIP-Stitched_unmixed-rotated.nd2","Layer 1","dACC_v17_ FISH-IF v2.4.4","2280","5206","5231","2627","2648","0","0","0","0","1","1","1175.9143","0","200.5388","0","0","0","0","0","0","0","0","0","0","0","0","0","0","0","0","0","0","0","0","79.587456","63.476635","16.11082","17.163853","0.775726"
"D:\HAA\dACC revisions\Run 4\Br2720_dlPFC_20x_img_011-MaxIP-Stitched_unmixed-rotated.nd2","Layer 1","dACC_v17_ FISH-IF v2.4.4","2281","2814","2841","3145","3176","0","0","0","0","1","1","2345.0706","0","413.42715","0","0","0","0","0","0","0","0","0","0","0","0","0","0","0","0","0","0","0","0","120.55497","84.05245","36.502518","27.462166","0.82939"
"D:\HAA\dACC revisions\Run 4\Br2720_dlPFC_20x_img_011-MaxIP-Stitched_unmixed-rotated.nd2","Layer 1","dACC_v17_ FISH-IF v2.4.4","2282","2696","2728","3163","3189","0","0","0","0","1","1","2358.416","0","314.24814","0","0","0","0","0","1","1.749175","0","1682.8444","962.0789","0","0","0","0","0","0","0","0","0","0","121.84384","85.89369","35.950146","27.462166","0.69485"
"D:\HAA\dACC revisions\Run 4\Br2720_dlPFC_20x_img_011-MaxIP-Stitched_unmixed-rotated.nd2","Layer 1","dACC_v17_ FISH-IF v2.4.4","2283","2914","2938","3167","3191","0","0","0","0","1","1","2938.8767","0","377.3052","0","0","0","0","0","0","0","0","0","0","0","0","0","0","0","0","0","0","0","0","79.3573","53.994267","25.363035","22.527557","0.800972"
"D:\HAA\dACC revisions\Run 4\Br2720_dlPFC_20x_img_011-MaxIP-Stitched_unmixed-rotated.nd2","Layer 1","dACC_v17_ FISH-IF v2.4.4","2284","2917","2944","3183","3211","0","0","0","0","1","1","2920.574","0","456.5499","0","0","0","0","0","0","0","0","0","0","0","0","0","0","0","0","0","0","0","0","105.779045","66.88292","38.896126","27.891262","0.809462"
"D:\HAA\dACC revisions\Run 4\Br2720_dlPFC_20x_img_011-MaxIP-Stitched_unmixed-rotated.nd2","Layer 1","dACC_v17_ FISH-IF v2.4.4","2285","2653","2679","3180","3203","0","0","0","0","1","1","1053.8607","0","216.65613","0","0","0","0","0","1","0.460309","0","281.61716","611.8","0","0","0","0","0","2","1.242835","0","537.68713","432.62964","93.02848","66.928955","26.09953","25.74578","0.57986"
"D:\HAA\dACC revisions\Run 4\Br2720_dlPFC_20x_img_011-MaxIP-Stitched_unmixed-rotated.nd2","Layer 1","dACC_v17_ FISH-IF v2.4.4","2286","2640","2653","3182","3203","0","0","0","0","1","1","796.2154","0","237.11037","0","0","0","0","0","2","3.130102","0","3212.82","1026.4265","1","0.782526","0","534.7872","683.41174","0","0","0","0","0","40.18499","34.200974","5.984019","11.371053","0.62209"
"D:\HAA\dACC revisions\Run 4\Br2720_dlPFC_20x_img_011-MaxIP-Stitched_unmixed-rotated.nd2","Layer 1","dACC_v17_ FISH-IF v2.4.4","2287","2827","2856","3184","3212","0","0","0","0","1","1","2204.8008","0","400.504","0","0","0","0","0","0","0","0","0","0","0","0","0","0","0","0","0","0","0","0","124.651726","86.30797","38.343754","26.603973","0.776884"
"D:\HAA\dACC revisions\Run 4\Br2720_dlPFC_20x_img_011-MaxIP-Stitched_unmixed-rotated.nd2","Layer 1","dACC_v17_ FISH-IF v2.4.4","2288","2752","2771","3232","3251","0","0","0","0","1","1","922.2331","0","145.97255","0","0","0","0","0","0","0","0","0","0","0","0","0","0","0","0","0","0","0","0","53.073647","46.951534","6.122112","10.298312","0.881359"
"D:\HAA\dACC revisions\Run 4\Br2720_dlPFC_20x_img_011-MaxIP-Stitched_unmixed-rotated.nd2","Layer 1","dACC_v17_ FISH-IF v2.4.4","2289","2712","2748","3254","3279","0","0","0","0","1","1","3297.0586","0","634.19824","0","0","0","0","0","0","0","0","0","0","0","0","0","0","0","3","2.393608","0","1144.973","478.34616","139.10544","94.27132","44.834114","30.036743","0.695956"
"D:\HAA\dACC revisions\Run 4\Br2720_dlPFC_20x_img_011-MaxIP-Stitched_unmixed-rotated.nd2","Layer 1","dACC_v17_ FISH-IF v2.4.4","2290","2928","2957","3288","3315","0","0","0","0","1","1","2160.9565","0","324.72247","0","0","0","0","0","0","0","0","0","0","0","0","0","0","0","0","0","0","0","0","115.99791","81.106476","34.891434","25.316685","0.906109"
"D:\HAA\dACC revisions\Run 4\Br2720_dlPFC_20x_img_011-MaxIP-Stitched_unmixed-rotated.nd2","Layer 1","dACC_v17_ FISH-IF v2.4.4","2291","2937","2958","3322","3344","0","0","0","0","1","1","1172.4153","0","275.2747","0","0","0","0","0","2","1.150773","0","763.56085","663.52","1","0.598402","0","384.17404","642","0","0","0","0","0","62.14174","51.278442","10.863297","14.589275","0.824768"
"D:\HAA\dACC revisions\Run 4\Br2720_dlPFC_20x_img_011-MaxIP-Stitched_unmixed-rotated.nd2","Layer 1","dACC_v17_ FISH-IF v2.4.4","2292","2920","2942","3326","3348","0","0","0","0","1","1","2128.4746","0","291.3866","0","0","0","0","0","1","0.460309","0","283.0441","614.9","2","2.163453","0","2023.9795","935.5319","0","0","0","0","0","67.71148","55.006947","12.704534","15.876565","0.751652"
"D:\HAA\dACC revisions\Run 4\Br2720_dlPFC_20x_img_011-MaxIP-Stitched_unmixed-rotated.nd2","Layer 1","dACC_v17_ FISH-IF v2.4.4","2293","2753","2785","3376","3409","0","0","0","0","1","1","1827.5775","0","317.93832","0","0","0","0","0","0","0","0","0","0","0","0","0","0","0","0","0","0","0","0","149.87666","95.51415","54.362514","33.469513","0.89121"
"D:\HAA\dACC revisions\Run 4\Br2720_dlPFC_20x_img_011-MaxIP-Stitched_unmixed-rotated.nd2","Layer 1","dACC_v17_ FISH-IF v2.4.4","2294","2643","2671","3388","3413","0","0","0","0","1","1","3042.28","0","426.06723","0","0","0","0","0","0","0","0","0","0","0","0","0","0","0","0","0","0","0","0","106.97585","77.377975","29.59788","24.029396","0.820257"
"D:\HAA\dACC revisions\Run 4\Br2720_dlPFC_20x_img_011-MaxIP-Stitched_unmixed-rotated.nd2","Layer 1","dACC_v17_ FISH-IF v2.4.4","2295","2831","2862","3394","3424","1","1","1","0","1","1","1933.838","0","335.31003","0","0","0","0","0","38","43.63731","4","91976.86","2107.7573","5","4.649123","1","3649.6995","785.0297","4","2.761855","1","1326.3809","480.25","132.70714","88.93173","43.775402","29.607647","0.797189"
"D:\HAA\dACC revisions\Run 4\Br2720_dlPFC_20x_img_011-MaxIP-Stitched_unmixed-rotated.nd2","Layer 1","dACC_v17_ FISH-IF v2.4.4","2296","2795","2814","3399","3417","0","0","0","0","1","1","411.64865","0","118.74438","0","0","0","0","0","1","3.360257","0","3218.0215","957.6712","0","0","0","0","0","0","0","0","0","0","50.12767","45.018238","5.109432","9.011024","0.875837"
"D:\HAA\dACC revisions\Run 4\Br2720_dlPFC_20x_img_011-MaxIP-Stitched_unmixed-rotated.nd2","Layer 1","dACC_v17_ FISH-IF v2.4.4","2297","2612","2648","3429","3463","0","0","0","0","1","1","1300.3059","0","298.41376","0","0","0","0","0","3","3.590412","0","3236.664","748.0319","3","2.301546","0","1698.4489","709.5769","0","0","0","0","0","164.65259","86.998436","77.65416","40.335056","0.851973"
"D:\HAA\dACC revisions\Run 4\Br2720_dlPFC_20x_img_011-MaxIP-Stitched_unmixed-rotated.nd2","Layer 1","dACC_v17_ FISH-IF v2.4.4","2298","2665","2685","3447","3465","0","0","0","0","1","1","431.96454","0","140.75143","0","0","0","0","0","0","0","0","0","0","0","0","0","0","0","0","0","0","0","0","54.6387","48.14834","6.490359","10.727408","0.79832"
"D:\HAA\dACC revisions\Run 4\Br2720_dlPFC_20x_img_011-MaxIP-Stitched_unmixed-rotated.nd2","Layer 1","dACC_v17_ FISH-IF v2.4.4","2299","2755","2785","3448","3471","0","0","0","0","1","1","1499.1893","0","246.35918","0","0","0","0","0","0","0","0","0","0","0","0","0","0","0","0","0","0","0","0","101.77436","75.99705","25.777313","23.171202","0.726558"
"D:\HAA\dACC revisions\Run 4\Br2720_dlPFC_20x_img_011-MaxIP-Stitched_unmixed-rotated.nd2","Layer 1","dACC_v17_ FISH-IF v2.4.4","2300","2821","2854","3453","3484","0","0","0","0","1","1","1855.6014","0","311.28085","0","0","0","0","0","0","0","0","0","0","0","0","0","0","0","0","0","0","0","0","135.19281","92.107864","43.084938","33.040417","0.700371"
"D:\HAA\dACC revisions\Run 4\Br2720_dlPFC_20x_img_011-MaxIP-Stitched_unmixed-rotated.nd2","Layer 1","dACC_v17_ FISH-IF v2.4.4","2301","1748","1773","2696","2723","0","0","0","1","1","1","2291.033","0","586.6175","5","11.185513","1","13385.515","1196.6831","0","0","0","0","0","0","0","0","0","0","0","0","0","0","0","97.90776","72.682816","25.224943","22.31301","0.854196"
"D:\HAA\dACC revisions\Run 4\Br2720_dlPFC_20x_img_011-MaxIP-Stitched_unmixed-rotated.nd2","Layer 1","dACC_v17_ FISH-IF v2.4.4","2302","1470","1493","2723","2750","0","0","0","0","1","1","2858.7654","0","401.53143","0","0","0","0","0","0","0","0","0","0","0","0","0","0","0","0","0","0","0","0","86.21591","64.44328","21.772623","20.596624","0.798494"
"D:\HAA\dACC revisions\Run 4\Br2720_dlPFC_20x_img_011-MaxIP-Stitched_unmixed-rotated.nd2","Layer 1","dACC_v17_ FISH-IF v2.4.4","2303","1481","1509","2741","2767","0","0","0","0","1","1","2676.8806","0","445.55954","0","0","0","0","0","0","0","0","0","0","0","0","0","0","0","0","0","0","0","0","100.80771","71.90029","28.907415","24.029396","0.7926"
"D:\HAA\dACC revisions\Run 4\Br2720_dlPFC_20x_img_011-MaxIP-Stitched_unmixed-rotated.nd2","Layer 1","dACC_v17_ FISH-IF v2.4.4","2304","1791","1811","2742","2760","0","0","0","0","1","1","767.9281","0","158.1062","0","0","0","0","0","0","0","0","0","0","0","0","0","0","0","0","0","0","0","0","56.019627","48.976894","7.04273","10.727408","0.84286"
"D:\HAA\dACC revisions\Run 4\Br2720_dlPFC_20x_img_011-MaxIP-Stitched_unmixed-rotated.nd2","Layer 1","dACC_v17_ FISH-IF v2.4.4","2305","1465","1485","2787","2806","0","0","0","0","1","1","903.3732","0","141.71553","0","0","0","0","0","0","0","0","0","0","0","0","0","0","0","0","0","0","0","0","54.27045","47.734062","6.53639","10.727408","0.858649"
"D:\HAA\dACC revisions\Run 4\Br2720_dlPFC_20x_img_011-MaxIP-Stitched_unmixed-rotated.nd2","Layer 1","dACC_v17_ FISH-IF v2.4.4","2306","1804","1828","2789","2813","0","0","0","0","1","1","719.61163","0","162.7274","0","0","0","0","0","0","0","0","0","0","0","0","0","0","0","0","0","0","0","0","77.884315","63.66076","14.223554","18.451143","0.638094"
"D:\HAA\dACC revisions\Run 4\Br2720_dlPFC_20x_img_011-MaxIP-Stitched_unmixed-rotated.nd2","Layer 1","dACC_v17_ FISH-IF v2.4.4","2307","1756","1776","2802","2822","0","1","0","0","1","1","691.7759","0","142.17877","0","0","0","0","0","0","0","0","0","0","7","6.53639","1","6401.3354","979.338","0","0","0","0","0","58.73545","50.72607","8.009379","12.014698","0.836242"
"D:\HAA\dACC revisions\Run 4\Br2720_dlPFC_20x_img_011-MaxIP-Stitched_unmixed-rotated.nd2","Layer 1","dACC_v17_ FISH-IF v2.4.4","2308","1682","1704","2857","2877","0","0","0","0","1","1","950.2556","0","183.80034","0","0","0","0","0","0","0","0","0","0","0","0","0","0","0","1","0.322216","0","137.8626","427.85715","65.82421","55.55932","10.264894","14.160179","0.734382"
"D:\HAA\dACC revisions\Run 4\Br2720_dlPFC_20x_img_011-MaxIP-Stitched_unmixed-rotated.nd2","Layer 1","dACC_v17_ FISH-IF v2.4.4","2309","1715","1729","2860","2876","0","1","0","0","1","1","1980.579","0","667.8","0","0","0","0","0","0","0","0","0","0","28","15.55845","3","27941.135","1795.8817","0","0","0","0","0","34.339066","26.467777","7.871287","12.229246","0.773359"
"D:\HAA\dACC revisions\Run 4\Br2720_dlPFC_20x_img_011-MaxIP-Stitched_unmixed-rotated.nd2","Layer 1","dACC_v17_ FISH-IF v2.4.4","2310","1719","1746","2861","2897","0","1","0","0","1","1","2733.5679","0","534.0535","0","0","0","0","0","0","0","0","0","0","33","21.956747","4","30503.906","1389.2726","0","0","0","0","0","121.613686","76.549416","45.06427","31.538582","0.677055"
"D:\HAA\dACC revisions\Run 4\Br2720_dlPFC_20x_img_011-MaxIP-Stitched_unmixed-rotated.nd2","Layer 1","dACC_v17_ FISH-IF v2.4.4","2311","1605","1634","2867","2898","1","1","1","0","1","1","1838.7502","0","230.95291","0","0","0","0","0","15","21.404377","3","32455.756","1516.314","15","14.637832","3","15186.658","1037.4937","126","93.21261","4","200614.25","2152.2222","125.48028","86.031784","39.448498","28.749454","0.817418"
"D:\HAA\dACC revisions\Run 4\Br2720_dlPFC_20x_img_011-MaxIP-Stitched_unmixed-rotated.nd2","Layer 1","dACC_v17_ FISH-IF v2.4.4","2312","1437","1466","2870","2901","0","1","1","0","1","1","1985.7672","0","316.22256","0","0","0","0","0","0","0","0","0","0","23","26.789993","3","23002.387","858.6185","50","81.889","4","76801.484","937.873","127.183426","86.44606","40.737362","29.393099","0.842965"
"D:\HAA\dACC revisions\Run 4\Br2720_dlPFC_20x_img_011-MaxIP-Stitched_unmixed-rotated.nd2","Layer 1","dACC_v17_ FISH-IF v2.4.4","2313","1652","1673","2870","2890","0","0","0","0","1","1","1193.3604","0","182.44115","0","0","0","0","0","0","0","0","0","0","0","0","0","0","0","0","0","0","0","0","61.865555","52.797462","9.06809","12.87289","0.807893"
"D:\HAA\dACC revisions\Run 4\Br2720_dlPFC_20x_img_011-MaxIP-Stitched_unmixed-rotated.nd2","Layer 1","dACC_v17_ FISH-IF v2.4.4","2314","1532","1564","2874","2896","0","0","0","0","1","1","1591.1346","0","276.37704","0","0","0","0","0","0","0","0","0","0","2","2.347577","0","1550.2753","660.37256","2","4.51103","0","2441.756","541.2857","105.272705","78.25256","27.02015","25.102137","0.663695"
"D:\HAA\dACC revisions\Run 4\Br2720_dlPFC_20x_img_011-MaxIP-Stitched_unmixed-rotated.nd2","Layer 1","dACC_v17_ FISH-IF v2.4.4","2315","1509","1535","2878","2905","0","0","0","0","1","1","3305.1694","0","439.17056","0","0","0","0","0","0","0","0","0","0","2","1.058711","0","857.87823","690.2593","2","4.418968","0","2384.2634","539.55206","97.86173","70.979675","26.882055","23.171202","0.84287"
"D:\HAA\dACC revisions\Run 4\Br2720_dlPFC_20x_img_011-MaxIP-Stitched_unmixed-rotated.nd2","Layer 1","dACC_v17_ FISH-IF v2.4.4","2316","1642","1677","2900","2931","0","0","0","0","1","1","1639.9934","0","341.06952","0","0","0","0","0","0","0","0","0","0","0","0","0","0","0","1","2.209484","0","1333.976","603.75","149.46239","94.04117","55.421227","35.1859","0.819393"
"D:\HAA\dACC revisions\Run 4\Br2720_dlPFC_20x_img_011-MaxIP-Stitched_unmixed-rotated.nd2","Layer 1","dACC_v17_ FISH-IF v2.4.4","2317","1682","1705","2920","2941","0","1","0","0","1","1","1567.9711","0","245.3","0","0","0","0","0","0","0","0","0","0","7","8.05541","1","7083.928","879.4","0","0","0","0","0","71.163795","58.459267","12.704534","15.876565","0.799004"
"D:\HAA\dACC revisions\Run 4\Br2720_dlPFC_20x_img_011-MaxIP-Stitched_unmixed-rotated.nd2","Layer 1","dACC_v17_ FISH-IF v2.4.4","2318","1656","1682","2929","2954","0","1","0","0","1","1","1934.1687","0","349.60538","0","0","0","0","0","0","0","0","0","0","36","25.317005","4","34844.07","1376.3109","0","0","0","0","0","95.974464","70.33524","25.639221","22.31301","0.859798"
"D:\HAA\dACC revisions\Run 4\Br2720_dlPFC_20x_img_011-MaxIP-Stitched_unmixed-rotated.nd2","Layer 1","dACC_v17_ FISH-IF v2.4.4","2319","1776","1797","2931","2952","0","0","0","0","1","1","1740.8868","0","234.56207","0","0","0","0","0","0","0","0","0","0","0","0","0","0","0","0","0","0","0","0","63.15442","53.395863","9.758554","13.301987","0.844212"
"D:\HAA\dACC revisions\Run 4\Br2720_dlPFC_20x_img_011-MaxIP-Stitched_unmixed-rotated.nd2","Layer 1","dACC_v17_ FISH-IF v2.4.4","2320","1787","1807","2985","3005","0","0","0","0","1","1","1185.1451","0","188.20018","0","0","0","0","0","0","0","0","0","0","0","0","0","0","0","0","0","0","0","0","60.070347","51.5086","8.56175","12.229246","0.900892"
"D:\HAA\dACC revisions\Run 4\Br2720_dlPFC_20x_img_011-MaxIP-Stitched_unmixed-rotated.nd2","Layer 1","dACC_v17_ FISH-IF v2.4.4","2321","1678","1697","3014","3035","0","0","0","0","1","1","357.10526","0","152.04787","0","0","0","0","0","0","0","0","0","0","1","0.644433","0","455.38388","706.6429","0","0","0","0","0","60.66875","51.922874","8.745874","12.443794","0.878097"
"D:\HAA\dACC revisions\Run 4\Br2720_dlPFC_20x_img_011-MaxIP-Stitched_unmixed-rotated.nd2","Layer 1","dACC_v17_ FISH-IF v2.4.4","2322","1430","1450","3047","3065","0","0","0","0","1","1","400.3203","0","128.77112","0","0","0","0","0","0","0","0","0","0","1","2.071391","0","1379.5466","666","2","3.176133","0","1726.2054","543.49274","52.75143","46.859474","5.891957","10.083764","0.817196"
"D:\HAA\dACC revisions\Run 4\Br2720_dlPFC_20x_img_011-MaxIP-Stitched_unmixed-rotated.nd2","Layer 1","dACC_v17_ FISH-IF v2.4.4","2323","1468","1499","3052","3079","0","1","1","0","1","1","2170.419","0","307.88193","0","0","0","0","0","0","0","0","0","0","31","30.288343","4","30082.172","993.193","25","52.65937","3","37034.957","703.29285","121.613686","83.8223","37.79138","27.03307","0.803131"
"D:\HAA\dACC revisions\Run 4\Br2720_dlPFC_20x_img_011-MaxIP-Stitched_unmixed-rotated.nd2","Layer 1","dACC_v17_ FISH-IF v2.4.4","2324","1494","1521","3064","3091","1","1","1","0","1","1","1822.0474","0","308.1787","0","0","0","0","0","7","6.904638","1","5505.528","781.73206","8","7.917318","1","6827.0293","862.2907","88","75.81292","4","140176.8","1848.983","103.43147","75.214516","28.216953","23.600298","0.866722"
"D:\HAA\dACC revisions\Run 4\Br2720_dlPFC_20x_img_011-MaxIP-Stitched_unmixed-rotated.nd2","Layer 1","dACC_v17_ FISH-IF v2.4.4","2325","1579","1608","3066","3093","0","0","0","0","1","1","1050.9279","0","220.13663","0","0","0","0","0","0","0","0","0","0","0","0","0","0","0","1","0.552371","0","244.10196","441.91666","106.607605","79.17318","27.434427","25.74578","0.669521"
"D:\HAA\dACC revisions\Run 4\Br2720_dlPFC_20x_img_011-MaxIP-Stitched_unmixed-rotated.nd2","Layer 1","dACC_v17_ FISH-IF v2.4.4","2326","1622","1650","3075","3104","0","0","0","0","1","1","2058.0415","0","322.71643","0","0","0","0","0","0","0","0","0","0","0","0","0","0","0","0","0","0","0","0","112.36147","80.18586","32.17561","26.174877","0.785167"
"D:\HAA\dACC revisions\Run 4\Br2720_dlPFC_20x_img_011-MaxIP-Stitched_unmixed-rotated.nd2","Layer 1","dACC_v17_ FISH-IF v2.4.4","2327","1696","1716","3083","3103","0","0","0","0","1","1","591.29877","0","153.64862","0","0","0","0","0","0","0","0","0","0","0","0","0","0","0","1","1.01268","0","461.92026","456.13635","57.72277","50.1737","7.54907","12.014698","0.788511"
"D:\HAA\dACC revisions\Run 4\Br2720_dlPFC_20x_img_011-MaxIP-Stitched_unmixed-rotated.nd2","Layer 1","dACC_v17_ FISH-IF v2.4.4","2328","1902","1936","2692","2726","0","0","0","0","1","1","1123.2026","0","246.81609","0","0","0","0","0","0","0","0","0","0","0","0","0","0","0","0","0","0","0","0","163.40976","104.12193","59.287823","36.47319","0.721956"
"D:\HAA\dACC revisions\Run 4\Br2720_dlPFC_20x_img_011-MaxIP-Stitched_unmixed-rotated.nd2","Layer 1","dACC_v17_ FISH-IF v2.4.4","2329","1980","2008","2714","2750","0","1","0","0","1","1","750.43677","0","224.48445","0","0","0","0","0","0","0","0","0","0","5","4.326906","1","4052.2397","907.5567","1","0.368247","0","163.36372","443.625","145.04343","96.25065","48.792774","32.61132","0.736494"
"D:\HAA\dACC revisions\Run 4\Br2720_dlPFC_20x_img_011-MaxIP-Stitched_unmixed-rotated.nd2","Layer 1","dACC_v17_ FISH-IF v2.4.4","2330","2193","2220","2789","2815","1","1","0","0","1","1","2497.496","0","423.14304","0","0","0","0","0","6","8.837936","1","8657.127","979.5417","5","4.879277","1","3637.4092","745.48114","0","0","0","0","0","99.97916","71.11777","28.861385","24.029396","0.888768"
"D:\HAA\dACC revisions\Run 4\Br2720_dlPFC_20x_img_011-MaxIP-Stitched_unmixed-rotated.nd2","Layer 1","dACC_v17_ FISH-IF v2.4.4","2331","1838","1867","2797","2823","0","0","0","1","1","1","2248.995","0","496.5295","5","12.336286","1","12998.072","1053.6455","0","0","0","0","0","0","0","0","0","0","0","0","0","0","0","103.33941","75.6288","27.710613","24.029396","0.802395"
"D:\HAA\dACC revisions\Run 4\Br2720_dlPFC_20x_img_011-MaxIP-Stitched_unmixed-rotated.nd2","Layer 1","dACC_v17_ FISH-IF v2.4.4","2332","1994","2019","2822","2845","0","0","0","0","1","1","1317.98","0","246.9916","0","0","0","0","0","0","0","0","0","0","0","0","0","0","0","0","0","0","0","0","84.09849","65.68612","18.412367","18.88024","0.804373"
"D:\HAA\dACC revisions\Run 4\Br2720_dlPFC_20x_img_011-MaxIP-Stitched_unmixed-rotated.nd2","Layer 1","dACC_v17_ FISH-IF v2.4.4","2333","2155","2173","2824","2847","0","0","0","0","1","1","1644.2556","0","279.09848","0","0","0","0","0","1","1.565051","0","1275.2405","814.82355","0","0","0","0","0","0","0","0","0","0","67.113075","54.68473","12.428348","15.447468","0.76194"
"D:\HAA\dACC revisions\Run 4\Br2720_dlPFC_20x_img_011-MaxIP-Stitched_unmixed-rotated.nd2","Layer 1","dACC_v17_ FISH-IF v2.4.4","2334","2140","2154","2828","2845","0","0","0","0","1","1","733.05884","0","273.5202","0","0","0","0","0","1","0.460309","0","1021.84033","739.9667","0","0","0","0","0","0","0","0","0","0","39.58659","36.456486","3.130102","7.294638","0.838822"
"D:\HAA\dACC revisions\Run 4\Br2720_dlPFC_20x_img_011-MaxIP-Stitched_unmixed-rotated.nd2","Layer 1","dACC_v17_ FISH-IF v2.4.4","2335","1877","1905","2860","2890","1","1","1","0","1","1","1385.5249","0","241.09258","0","0","0","0","0","5","7.318916","1","7484.6733","1022.6478","45","30.932777","4","44436.176","1425.9305","15","31.162931","3","19865.84","637.48303","122.44224","78.068436","44.373806","29.17855","0.889688"
"D:\HAA\dACC revisions\Run 4\Br2720_dlPFC_20x_img_011-MaxIP-Stitched_unmixed-rotated.nd2","Layer 1","dACC_v17_ FISH-IF v2.4.4","2336","1867","1881","2872","2888","0","1","0","0","1","1","1126.0632","0","289.3235","0","0","0","0","0","1","1.104742","0","849.7307","769.1667","4","3.636442","1","3822.3613","1051.1266","1","1.334897","0","804.43634","602.62067","33.23432","29.59788","3.636442","7.723734","0.725235"
"D:\HAA\dACC revisions\Run 4\Br2720_dlPFC_20x_img_011-MaxIP-Stitched_unmixed-rotated.nd2","Layer 1","dACC_v17_ FISH-IF v2.4.4","2337","1966","1989","2872","2895","0","1","0","0","1","1","1020.6174","0","218.7382","0","0","0","0","0","1","3.314226","0","3991.4329","1204.3334","4","5.385617","1","4292.429","797.0171","0","0","0","0","0","74.80024","60.484627","14.315616","16.734756","0.81857"
"D:\HAA\dACC revisions\Run 4\Br2720_dlPFC_20x_img_011-MaxIP-Stitched_unmixed-rotated.nd2","Layer 1","dACC_v17_ FISH-IF v2.4.4","2338","1996","2026","2883","2918","1","1","1","0","1","1","922.7014","0","210.3472","1","0.644433","0","460.26315","714.2143","4","7.503039","1","6741.044","892.96344","4","4.372937","1","3482.1929","796.30524","4","3.682473","1","1979.7898","537.625","139.10544","96.25065","42.854786","33.469513","0.597466"
"D:\HAA\dACC revisions\Run 4\Br2720_dlPFC_20x_img_011-MaxIP-Stitched_unmixed-rotated.nd2","Layer 1","dACC_v17_ FISH-IF v2.4.4","2339","2110","2138","2886","2914","0","0","0","0","1","1","2054.272","0","320.2953","0","0","0","0","0","0","0","0","0","0","0","0","0","0","0","0","0","0","0","0","113.09796","80.27792","32.820045","26.603973","0.796452"
"D:\HAA\dACC revisions\Run 4\Br2720_dlPFC_20x_img_011-MaxIP-Stitched_unmixed-rotated.nd2","Layer 1","dACC_v17_ FISH-IF v2.4.4","2340","1963","1995","2923","2946","0","0","0","0","1","1","2051.4336","0","344.3232","0","0","0","0","0","0","0","0","0","0","1","1.104742","0","869.3859","786.9583","0","0","0","0","0","108.90915","80.46204","28.447107","24.887589","0.683294"
"D:\HAA\dACC revisions\Run 4\Br2720_dlPFC_20x_img_011-MaxIP-Stitched_unmixed-rotated.nd2","Layer 1","dACC_v17_ FISH-IF v2.4.4","2341","2168","2189","2944","2964","0","0","1","0","1","1","966.0792","0","160.34004","0","0","0","0","0","0","0","0","0","0","0","0","0","0","0","6","11.50773","1","7819.1797","679.472","61.957615","52.65937","9.298245","12.87289","0.866044"
"D:\HAA\dACC revisions\Run 4\Br2720_dlPFC_20x_img_011-MaxIP-Stitched_unmixed-rotated.nd2","Layer 1","dACC_v17_ FISH-IF v2.4.4","2342","1888","1908","3028","3048","0","0","0","0","1","1","1008.26556","0","160.33215","1","0.828557","0","676.88464","816.94446","0","0","0","0","0","1","0.736495","0","544.2696","739","0","0","0","0","0","59.84019","51.69272","8.147472","12.443794","0.750902"
"D:\HAA\dACC revisions\Run 4\Br2720_dlPFC_20x_img_011-MaxIP-Stitched_unmixed-rotated.nd2","Layer 1","dACC_v17_ FISH-IF v2.4.4","2343","1961","1989","3034","3061","0","0","0","0","1","1","2437.3855","0","380.20477","0","0","0","0","0","0","0","0","0","0","0","0","0","0","0","0","0","0","0","0","109.82977","78.896996","30.932777","24.887589","0.782939"
"D:\HAA\dACC revisions\Run 4\Br2720_dlPFC_20x_img_011-MaxIP-Stitched_unmixed-rotated.nd2","Layer 1","dACC_v17_ FISH-IF v2.4.4","2344","1921","1941","3055","3075","0","0","0","0","1","1","972.69183","0","164.93272","0","0","0","0","0","0","0","0","0","0","0","0","0","0","0","0","0","0","0","0","58.551327","50.63401","7.917318","12.014698","0.807093"
"D:\HAA\dACC revisions\Run 4\Br2720_dlPFC_20x_img_011-MaxIP-Stitched_unmixed-rotated.nd2","Layer 1","dACC_v17_ FISH-IF v2.4.4","2345","1812","1842","3068","3093","0","0","0","0","1","1","2493.0735","0","349.96","0","0","0","0","0","0","0","0","0","0","0","0","0","0","0","0","0","0","0","0","108.0806","73.64947","34.431126","26.174877","0.778843"
"D:\HAA\dACC revisions\Run 4\Br2720_dlPFC_20x_img_011-MaxIP-Stitched_unmixed-rotated.nd2","Layer 1","dACC_v17_ FISH-IF v2.4.4","2346","1893","1918","3081","3111","0","0","0","1","1","1","2312.4688","0","411.1967","5","11.093451","1","11446.646","1031.8381","0","0","0","0","0","0","0","0","0","0","0","0","0","0","0","112.13132","80.50807","31.62324","25.316685","0.74733"
"D:\HAA\dACC revisions\Run 4\Br2720_dlPFC_20x_img_011-MaxIP-Stitched_unmixed-rotated.nd2","Layer 1","dACC_v17_ FISH-IF v2.4.4","2347","2028","2055","3081","3103","1","1","0","0","1","1","1280.3296","0","213.63297","0","0","0","0","0","6","11.047421","1","12119.803","1097.0708","10","10.310925","2","9510.172","922.3393","0","0","0","0","0","90.911064","70.10509","20.805975","20.382076","0.712367"
"D:\HAA\dACC revisions\Run 4\Br2720_dlPFC_20x_img_011-MaxIP-Stitched_unmixed-rotated.nd2","Layer 1","dACC_v17_ FISH-IF v2.4.4","2348","2334","2359","3100","3128","0","0","0","0","1","1","458.2633","0","141.24814","0","0","0","0","0","0","0","0","0","0","0","0","0","0","0","0","0","0","0","0","92.56818","74.38596","18.182213","23.814846","0.579548"
"D:\HAA\dACC revisions\Run 4\Br2720_dlPFC_20x_img_011-MaxIP-Stitched_unmixed-rotated.nd2","Layer 1","dACC_v17_ FISH-IF v2.4.4","2349","2238","2265","3112","3130","0","0","0","0","1","1","2338.6372","0","606.2546","0","0","0","0","0","0","0","0","0","0","0","0","0","0","0","0","0","0","0","0","70.05906","47.734062","22.324995","22.31301","0.718635"
"D:\HAA\dACC revisions\Run 4\Br2720_dlPFC_20x_img_011-MaxIP-Stitched_unmixed-rotated.nd2","Layer 1","dACC_v17_ FISH-IF v2.4.4","2350","2231","2250","3120","3140","0","0","0","0","1","1","2235.1218","0","460.23947","0","0","0","0","0","0","0","0","0","0","0","0","0","0","0","0","0","0","0","0","43.545246","27.296333","16.248915","18.88024","0.811545"
"D:\HAA\dACC revisions\Run 4\Br2720_dlPFC_20x_img_011-MaxIP-Stitched_unmixed-rotated.nd2","Layer 1","dACC_v17_ FISH-IF v2.4.4","2351","2238","2267","3130","3155","0","0","0","0","1","1","1643.3193","0","442.21933","0","0","0","0","0","0","0","0","0","0","0","0","0","0","0","0","0","0","0","0","93.626884","61.911583","31.715302","28.10581","0.727537"
"D:\HAA\dACC revisions\Run 4\Br2720_dlPFC_20x_img_011-MaxIP-Stitched_unmixed-rotated.nd2","Layer 1","dACC_v17_ FISH-IF v2.4.4","2352","2298","2332","3132","3162","0","0","0","0","1","1","1728.8527","0","336.6189","0","0","0","0","0","0","0","0","0","0","0","0","0","0","0","0","0","0","0","0","145.64183","94.0872","51.554626","32.61132","0.832324"
"D:\HAA\dACC revisions\Run 4\Br2720_dlPFC_20x_img_011-MaxIP-Stitched_unmixed-rotated.nd2","Layer 1","dACC_v17_ FISH-IF v2.4.4","2353","2537","2568","3142","3169","1","0","0","0","1","1","2627.6892","0","399.0515","0","0","0","0","0","5","10.126801","1","11125.627","1098.6318","1","0.644433","0","456.35052","708.1429","0","0","0","0","0","117.747086","83.08581","34.66128","27.03307","0.72917"
"D:\HAA\dACC revisions\Run 4\Br2720_dlPFC_20x_img_011-MaxIP-Stitched_unmixed-rotated.nd2","Layer 1","dACC_v17_ FISH-IF v2.4.4","2354","2278","2308","3163","3199","1","1","0","0","1","1","1474.4052","0","268.52585","0","0","0","0","0","10","16.893347","2","16681.512","987.4605","4","3.360257","1","2475.681","736.7534","0","0","0","0","0","154.61786","98.82838","55.78947","34.327705","0.751604"
"D:\HAA\dACC revisions\Run 4\Br2720_dlPFC_20x_img_011-MaxIP-Stitched_unmixed-rotated.nd2","Layer 1","dACC_v17_ FISH-IF v2.4.4","2355","2343","2369","3180","3215","0","0","0","1","1","1","2628.8022","0","426.7086","4","9.482369","1","13058.097","1377.0923","0","0","0","0","0","0","0","0","0","0","0","0","0","0","0","130.4056","92.24596","38.15963","30.894936","0.60654"
"D:\HAA\dACC revisions\Run 4\Br2720_dlPFC_20x_img_011-MaxIP-Stitched_unmixed-rotated.nd2","Layer 1","dACC_v17_ FISH-IF v2.4.4","2356","2217","2244","3195","3232","1","1","0","0","1","1","924.2255","0","208.27507","1","0.552371","0","397.10873","718.9167","16","26.743963","3","29526.947","1104.0602","7","6.904638","1","5264.9243","762.52","2","3.084071","0","1632.3484","529.28357","146.60847","98.22998","48.378494","33.040417","0.697258"
"D:\HAA\dACC revisions\Run 4\Br2720_dlPFC_20x_img_011-MaxIP-Stitched_unmixed-rotated.nd2","Layer 1","dACC_v17_ FISH-IF v2.4.4","2357","2557","2587","3215","3240","0","0","0","1","1","1","2612.3079","0","453.34436","4","18.320305","1","21475.264","1172.211","0","0","0","0","0","0","0","0","0","0","0","0","0","0","0","111.11864","79.26524","31.853395","24.887589","0.795334"
"D:\HAA\dACC revisions\Run 4\Br2720_dlPFC_20x_img_011-MaxIP-Stitched_unmixed-rotated.nd2","Layer 1","dACC_v17_ FISH-IF v2.4.4","2358","2380","2415","3226","3257","0","0","0","0","1","1","1973.615","0","335.81287","0","0","0","0","0","0","0","0","0","0","0","0","0","0","0","0","0","0","0","0","140.90063","96.664925","44.23571","34.756805","0.64085"
"D:\HAA\dACC revisions\Run 4\Br2720_dlPFC_20x_img_011-MaxIP-Stitched_unmixed-rotated.nd2","Layer 1","dACC_v17_ FISH-IF v2.4.4","2359","2502","2532","3261","3286","0","0","0","0","1","1","2894.5815","0","445.24588","0","0","0","0","0","2","2.669793","0","1997.5117","748.18964","0","0","0","0","0","0","0","0","0","0","108.49487","78.25256","30.242313","24.458492","0.802679"
"D:\HAA\dACC revisions\Run 4\Br2720_dlPFC_20x_img_011-MaxIP-Stitched_unmixed-rotated.nd2","Layer 1","dACC_v17_ FISH-IF v2.4.4","2360","2470","2498","3263","3295","0","0","0","0","1","1","1987.7626","0","319.83575","0","0","0","0","0","0","0","0","0","0","1","0.50634","0","319.9149","631.8182","0","0","0","0","0","133.90395","89.11586","44.788082","29.17855","0.868182"
"D:\HAA\dACC revisions\Run 4\Br2720_dlPFC_20x_img_011-MaxIP-Stitched_unmixed-rotated.nd2","Layer 1","dACC_v17_ FISH-IF v2.4.4","2361","2212","2239","3321","3352","0","0","0","0","1","1","1921.199","0","366.48978","0","0","0","0","0","0","0","0","0","0","0","0","0","0","0","0","0","0","0","0","117.747086","83.26993","34.477158","27.03307","0.74891"
"D:\HAA\dACC revisions\Run 4\Br2720_dlPFC_20x_img_011-MaxIP-Stitched_unmixed-rotated.nd2","Layer 1","dACC_v17_ FISH-IF v2.4.4","2362","2297","2316","3342","3360","0","0","0","0","1","1","455.5","0","136.201","0","0","0","0","0","0","0","0","0","0","0","0","0","0","0","0","0","0","0","0","51.64669","46.03092","5.615772","9.44012","0.87268"
"D:\HAA\dACC revisions\Run 4\Br2720_dlPFC_20x_img_011-MaxIP-Stitched_unmixed-rotated.nd2","Layer 1","dACC_v17_ FISH-IF v2.4.4","2363","2335","2365","3354","3383","0","0","0","0","1","1","2176.7332","0","367.99683","0","0","0","0","0","0","0","0","0","0","0","0","0","0","0","0","0","0","0","0","127.32152","86.76828","40.553238","28.749454","0.768422"
"D:\HAA\dACC revisions\Run 4\Br2720_dlPFC_20x_img_011-MaxIP-Stitched_unmixed-rotated.nd2","Layer 1","dACC_v17_ FISH-IF v2.4.4","2364","2228","2257","3358","3385","0","0","0","0","1","1","1526.6262","0","376.0996","3","10.495049","0","10951.262","1043.4692","0","0","0","0","0","2","2.02536","0","1649.4719","814.4091","0","0","0","0","0","114.15668","82.25725","31.899426","27.03307","0.711325"
"D:\HAA\dACC revisions\Run 4\Br2720_dlPFC_20x_img_011-MaxIP-Stitched_unmixed-rotated.nd2","Layer 1","dACC_v17_ FISH-IF v2.4.4","2365","2486","2516","3374","3401","0","0","0","0","1","1","1161.6532","0","240.34409","0","0","0","0","0","0","0","0","0","0","0","0","0","0","0","0","0","0","0","0","108.126625","78.52875","29.59788","25.74578","0.74881"
"D:\HAA\dACC revisions\Run 4\Br2720_dlPFC_20x_img_011-MaxIP-Stitched_unmixed-rotated.nd2","Layer 1","dACC_v17_ FISH-IF v2.4.4","2366","2569","2597","3382","3408","0","0","0","1","1","1","2754.291","0","451.4711","9","24.212263","1","37907.84","1565.6464","0","0","0","0","0","0","0","0","0","0","0","0","0","0","0","103.93781","75.6288","28.309013","23.600298","0.845956"
"D:\HAA\dACC revisions\Run 4\Br2720_dlPFC_20x_img_011-MaxIP-Stitched_unmixed-rotated.nd2","Layer 1","dACC_v17_ FISH-IF v2.4.4","2367","2536","2559","3391","3413","0","0","0","0","1","1","1101.89","0","485.26917","0","0","0","0","0","1","1.841237","0","1482.7479","805.3","1","0.828557","0","534.55707","645.1667","0","0","0","0","0","69.41463","56.433907","12.980719","20.596624","0.563188"
"D:\HAA\dACC revisions\Run 4\Br2720_dlPFC_20x_img_011-MaxIP-Stitched_unmixed-rotated.nd2","Layer 1","dACC_v17_ FISH-IF v2.4.4","2368","2415","2445","3398","3426","0","0","0","1","1","1","2153.4707","0","401.54596","6","20.805975","1","33772.332","1623.2035","3","2.761855","0","2153.4644","779.7167","0","0","0","0","0","0","0","0","0","0","122.67239","84.144516","38.527878","27.462166","0.840098"
"D:\HAA\dACC revisions\Run 4\Br2720_dlPFC_20x_img_011-MaxIP-Stitched_unmixed-rotated.nd2","Layer 1","dACC_v17_ FISH-IF v2.4.4","2369","2512","2543","3404","3436","0","0","0","0","1","1","3267.596","0","531.25183","0","0","0","0","0","2","3.176133","0","2660.2188","837.56525","1","0.920618","0","723.0997","785.45","0","0","0","0","0","134.1341","88.10317","46.03092","32.82587","0.716749"
"D:\HAA\dACC revisions\Run 4\Br2720_dlPFC_20x_img_011-MaxIP-Stitched_unmixed-rotated.nd2","Layer 1","dACC_v17_ FISH-IF v2.4.4","2370","2291","2329","3406","3436","0","0","0","0","1","1","2087.7178","0","523.6298","0","0","0","0","0","0","0","0","0","0","0","0","0","0","0","0","0","0","0","0","150.42903","100.3474","50.08164","36.044094","0.674108"
"D:\HAA\dACC revisions\Run 4\Br2720_dlPFC_20x_img_011-MaxIP-Stitched_unmixed-rotated.nd2","Layer 1","dACC_v17_ FISH-IF v2.4.4","2371","2539","2569","3412","3440","1","0","0","0","1","1","1498.4146","0","486.08377","0","0","0","0","0","15","24.626541","3","36083.13","1448.963","2","2.301546","0","1731.0387","752.12","3","5.845926","0","3071.275","525.37006","108.310745","70.33524","37.975506","30.036743","0.703061"
"D:\HAA\dACC revisions\Run 4\Br2720_dlPFC_20x_img_011-MaxIP-Stitched_unmixed-rotated.nd2","Layer 1","dACC_v17_ FISH-IF v2.4.4","2372","2549","2579","3434","3459","0","0","0","0","1","1","2240.921","0","412.158","0","0","0","0","0","0","0","0","0","0","0","0","0","0","0","0","0","0","0","0","115.35348","78.66684","36.68664","27.462166","0.812685"
"D:\HAA\dACC revisions\Run 4\Br2720_dlPFC_20x_img_011-MaxIP-Stitched_unmixed-rotated.nd2","Layer 1","dACC_v17_ FISH-IF v2.4.4","2373","2607","2629","3448","3471","0","0","0","0","1","1","1705.1138","0","287.13727","0","0","0","0","0","0","0","0","0","0","2","2.255515","0","1778.3124","788.4286","0","0","0","0","0","62.602047","43.591278","19.010769","20.382076","0.78142"
"D:\HAA\dACC revisions\Run 4\Br2720_dlPFC_20x_img_011-MaxIP-Stitched_unmixed-rotated.nd2","Layer 1","dACC_v17_ FISH-IF v2.4.4","2374","1286","1314","2304","2331","0","1","1","0","1","1","1483.4236","0","259.57904","0","0","0","0","0","1","0.322216","0","194.38857","603.2857","13","12.198194","2","11895.77","975.2075","38","57.492615","4","59146.508","1028.767","103.38544","75.99705","27.388395","24.243944","0.81574"
"D:\HAA\dACC revisions\Run 4\Br2720_dlPFC_20x_img_011-MaxIP-Stitched_unmixed-rotated.nd2","Layer 1","dACC_v17_ FISH-IF v2.4.4","2375","1210","1235","2306","2328","0","0","0","0","1","1","1473.6936","0","225.2466","0","0","0","0","0","0","0","0","0","0","0","0","0","0","0","0","0","0","0","0","81.33663","64.21313","17.1235","18.022047","0.806246"
"D:\HAA\dACC revisions\Run 4\Br2720_dlPFC_20x_img_011-MaxIP-Stitched_unmixed-rotated.nd2","Layer 1","dACC_v17_ FISH-IF v2.4.4","2376","1205","1233","2329","2355","0","0","0","0","1","1","2576.9429","0","480.03278","0","0","0","0","0","0","0","0","0","0","0","0","0","0","0","0","0","0","0","0","104.85843","75.81292","29.04551","24.029396","0.853162"
"D:\HAA\dACC revisions\Run 4\Br2720_dlPFC_20x_img_011-MaxIP-Stitched_unmixed-rotated.nd2","Layer 1","dACC_v17_ FISH-IF v2.4.4","2377","1403","1430","2336","2361","0","0","0","0","1","1","3156.3494","0","587.7083","0","0","0","0","0","0","0","0","0","0","2","1.472989","0","1092.9581","742","1","0.644433","0","292.48044","453.85715","102.78704","75.12246","27.664581","22.31301","0.855624"
"D:\HAA\dACC revisions\Run 4\Br2720_dlPFC_20x_img_011-MaxIP-Stitched_unmixed-rotated.nd2","Layer 1","dACC_v17_ FISH-IF v2.4.4","2378","1362","1391","2347","2375","0","0","0","1","1","1","2132.0352","0","468.65448","6","11.277575","1","11501.745","1019.87756","0","0","0","0","0","0","0","0","0","0","0","0","0","0","0","113.23605","80.600136","32.63592","25.74578","0.76084"
"D:\HAA\dACC revisions\Run 4\Br2720_dlPFC_20x_img_011-MaxIP-Stitched_unmixed-rotated.nd2","Layer 1","dACC_v17_ FISH-IF v2.4.4","2379","1036","1061","2365","2390","0","0","0","1","1","1","3097.727","0","530.3638","7","16.202883","1","21534.553","1329.0568","0","0","0","0","0","0","0","0","0","0","0","0","0","0","0","91.18725","69.09241","22.094841","20.382076","0.873492"
"D:\HAA\dACC revisions\Run 4\Br2720_dlPFC_20x_img_011-MaxIP-Stitched_unmixed-rotated.nd2","Layer 1","dACC_v17_ FISH-IF v2.4.4","2380","1268","1289","2371","2398","0","0","1","0","1","1","2013.5632","0","370.29926","0","0","0","0","0","0","0","0","0","0","1","1.104742","0","993.8996","899.6667","7","13.210874","1","12038.006","911.2195","76.0891","49.529266","26.55984","23.171202","0.748481"
"D:\HAA\dACC revisions\Run 4\Br2720_dlPFC_20x_img_011-MaxIP-Stitched_unmixed-rotated.nd2","Layer 1","dACC_v17_ FISH-IF v2.4.4","2381","1283","1310","2374","2400","0","1","1","0","1","1","1810.4087","0","480.91388","0","0","0","0","0","0","0","0","0","0","16","16.479069","3","14842.347","900.6788","31","60.25447","4","48553.824","805.8128","96.80302","57.72277","39.08025","29.17855","0.735037"
"D:\HAA\dACC revisions\Run 4\Br2720_dlPFC_20x_img_011-MaxIP-Stitched_unmixed-rotated.nd2","Layer 1","dACC_v17_ FISH-IF v2.4.4","2382","1277","1304","2398","2423","0","0","1","0","1","1","1644.6396","0","340.476","0","0","0","0","0","0","0","0","0","0","0","0","0","0","0","5","14.269585","1","9036.422","633.2645","94.40941","70.01302","24.396387","24.887589","0.663007"
"D:\HAA\dACC revisions\Run 4\Br2720_dlPFC_20x_img_011-MaxIP-Stitched_unmixed-rotated.nd2","Layer 1","dACC_v17_ FISH-IF v2.4.4","2383","1337","1364","2410","2435","0","0","0","0","1","1","3034.3152","0","470.60062","0","0","0","0","0","0","0","0","0","0","0","0","0","0","0","0","0","0","0","0","99.93312","73.64947","26.283653","22.527557","0.833388"
"D:\HAA\dACC revisions\Run 4\Br2720_dlPFC_20x_img_011-MaxIP-Stitched_unmixed-rotated.nd2","Layer 1","dACC_v17_ FISH-IF v2.4.4","2384","1260","1286","2453","2476","0","0","0","0","1","1","2239.0564","0","319.07242","0","0","0","0","0","0","0","0","0","0","0","0","0","0","0","1","0.782526","0","352.32065","450.2353","85.525444","66.74483","18.780615","19.309336","0.789591"
"D:\HAA\dACC revisions\Run 4\Br2720_dlPFC_20x_img_011-MaxIP-Stitched_unmixed-rotated.nd2","Layer 1","dACC_v17_ FISH-IF v2.4.4","2385","1166","1182","2480","2493","0","0","0","0","1","1","638.0909","0","358.7156","0","0","0","0","0","0","0","0","0","0","0","0","0","0","0","0","0","0","0","0","30.288343","29.782003","0.50634","2.36003","0.556"
"D:\HAA\dACC revisions\Run 4\Br2720_dlPFC_20x_img_011-MaxIP-Stitched_unmixed-rotated.nd2","Layer 1","dACC_v17_ FISH-IF v2.4.4","2386","1164","1192","2492","2517","0","0","0","0","1","1","3069.9568","0","503.9437","0","0","0","0","0","0","0","0","0","0","0","0","0","0","0","0","0","0","0","0","97.44745","71.94633","25.50113","22.527557","0.85163"
"D:\HAA\dACC revisions\Run 4\Br2720_dlPFC_20x_img_011-MaxIP-Stitched_unmixed-rotated.nd2","Layer 1","dACC_v17_ FISH-IF v2.4.4","2387","1138","1161","2523","2548","0","0","0","0","1","1","2465.859","0","349.42575","0","0","0","0","0","0","0","0","0","0","0","0","0","0","0","0","0","0","0","0","84.32864","65.409935","18.918707","18.88024","0.896808"
"D:\HAA\dACC revisions\Run 4\Br2720_dlPFC_20x_img_011-MaxIP-Stitched_unmixed-rotated.nd2","Layer 1","dACC_v17_ FISH-IF v2.4.4","2388","1030","1059","2524","2553","0","0","0","0","1","1","1158.6294","0","243.83905","0","0","0","0","0","0","0","0","0","0","0","0","0","0","0","0","0","0","0","0","117.19472","81.79694","35.397774","27.462166","0.848"
"D:\HAA\dACC revisions\Run 4\Br2720_dlPFC_20x_img_011-MaxIP-Stitched_unmixed-rotated.nd2","Layer 1","dACC_v17_ FISH-IF v2.4.4","2389","1059","1085","2556","2580","0","0","0","0","1","1","1434.9236","0","280.96182","0","0","0","0","0","0","0","0","0","0","0","0","0","0","0","0","0","0","0","0","89.80632","68.72416","21.08216","20.596624","0.800169"
"D:\HAA\dACC revisions\Run 4\Br2720_dlPFC_20x_img_011-MaxIP-Stitched_unmixed-rotated.nd2","Layer 1","dACC_v17_ FISH-IF v2.4.4","2390","1195","1221","2609","2651","0","1","1","0","1","1","1507.2645","0","247.78426","0","0","0","0","0","0","0","0","0","0","25","23.429737","3","22933.248","978.80945","22","58.044987","3","34436.56","593.2736","164.92877","106.46951","58.459267","35.614998","0.680275"
"D:\HAA\dACC revisions\Run 4\Br2720_dlPFC_20x_img_011-MaxIP-Stitched_unmixed-rotated.nd2","Layer 1","dACC_v17_ FISH-IF v2.4.4","2391","1135","1165","2617","2648","0","1","1","0","1","1","2216.0942","0","313.23898","0","0","0","0","0","0","0","0","0","0","7","6.628452","1","5054.701","757.31726","7","11.645823","1","6053.572","519.80634","129.62306","86.676216","42.946846","29.607647","0.852576"
"D:\HAA\dACC revisions\Run 4\Br2720_dlPFC_20x_img_011-MaxIP-Stitched_unmixed-rotated.nd2","Layer 1","dACC_v17_ FISH-IF v2.4.4","2392","1107","1136","2624","2650","0","1","1","0","1","1","2106.5254","0","304.69678","0","0","0","0","0","0","0","0","0","0","15","14.499739","3","14134.4375","974.80634","14","37.837414","2","23322.393","616.3844","109.139305","77.424","31.715302","24.887589","0.833718"
"D:\HAA\dACC revisions\Run 4\Br2720_dlPFC_20x_img_011-MaxIP-Stitched_unmixed-rotated.nd2","Layer 1","dACC_v17_ FISH-IF v2.4.4","2393","1066","1087","2639","2663","0","1","1","0","1","1","1206.9585","0","182.24692","0","0","0","0","0","0","0","0","0","0","4","3.452319","1","2399.3616","695","7","16.61716","1","10170.024","612.0194","72.95901","59.65607","13.302936","15.876565","0.79649"
"D:\HAA\dACC revisions\Run 4\Br2720_dlPFC_20x_img_011-MaxIP-Stitched_unmixed-rotated.nd2","Layer 1","dACC_v17_ FISH-IF v2.4.4","2394","1363","1393","2663","2693","0","1","1","0","1","1","1145.9637","0","166.44884","0","0","0","0","0","0","0","0","0","0","14","11.783915","2","9057.826","768.66016","66","87.45874","4","104889.82","1199.3063","133.02936","88.60952","44.419834","29.607647","0.873455"
"D:\HAA\dACC revisions\Run 4\Br2720_dlPFC_20x_img_011-MaxIP-Stitched_unmixed-rotated.nd2","Layer 1","dACC_v17_ FISH-IF v2.4.4","2395","999","1023","3110","3133","0","0","0","1","1","1","2842.2822","0","412.23914","8","19.56314","1","31939.979","1632.6611","0","0","0","0","0","0","0","0","0","0","0","0","0","0","0","80.646164","63.522667","17.1235","18.022047","0.863882"
"D:\HAA\dACC revisions\Run 4\Br2720_dlPFC_20x_img_011-MaxIP-Stitched_unmixed-rotated.nd2","Layer 1","dACC_v17_ FISH-IF v2.4.4","2396","938","964","3116","3144","0","0","0","0","1","1","3376.1658","0","459.52615","0","0","0","0","0","0","0","0","0","0","0","0","0","0","0","0","0","0","0","0","100.85374","73.92565","26.928087","23.171202","0.849327"
"D:\HAA\dACC revisions\Run 4\Br2720_dlPFC_20x_img_011-MaxIP-Stitched_unmixed-rotated.nd2","Layer 1","dACC_v17_ FISH-IF v2.4.4","2397","761","782","3167","3187","0","0","0","0","1","1","423.58563","0","149.51341","0","0","0","0","0","0","0","0","0","0","0","0","0","0","0","0","0","0","0","0","59.794163","51.462566","8.331596","12.443794","0.783367"
"D:\HAA\dACC revisions\Run 4\Br2720_dlPFC_20x_img_011-MaxIP-Stitched_unmixed-rotated.nd2","Layer 1","dACC_v17_ FISH-IF v2.4.4","2398","990","1012","3171","3187","0","0","0","0","1","1","2112.3816","0","385.06503","0","0","0","0","0","0","0","0","0","0","0","0","0","0","0","0","0","0","0","0","54.086327","41.059578","13.02675","15.447468","0.80537"
"D:\HAA\dACC revisions\Run 4\Br2720_dlPFC_20x_img_011-MaxIP-Stitched_unmixed-rotated.nd2","Layer 1","dACC_v17_ FISH-IF v2.4.4","2399","987","1017","3187","3209","0","0","0","0","1","1","2454.1226","0","477.84592","0","0","0","0","0","0","0","0","0","0","0","0","0","0","0","0","0","0","0","0","98.04585","56.756123","41.289734","29.17855","0.845424"
"D:\HAA\dACC revisions\Run 4\Br2720_dlPFC_20x_img_011-MaxIP-Stitched_unmixed-rotated.nd2","Layer 1","dACC_v17_ FISH-IF v2.4.4","2400","995","1020","3205","3232","0","0","0","0","1","1","2948.1187","0","487.1606","0","0","0","0","0","0","0","0","0","0","0","0","0","0","0","3","1.703144","0","856.8195","443.1905","98.87441","67.06705","31.807364","26.603973","0.754076"
"D:\HAA\dACC revisions\Run 4\Br2720_dlPFC_20x_img_011-MaxIP-Stitched_unmixed-rotated.nd2","Layer 1","dACC_v17_ FISH-IF v2.4.4","2401","877","904","3204","3233","0","0","0","0","1","1","2933.26","0","412.65518","0","0","0","0","0","0","0","0","0","0","0","0","0","0","0","0","0","0","0","0","111.30276","78.896996","32.405766","25.316685","0.846656"
"D:\HAA\dACC revisions\Run 4\Br2720_dlPFC_20x_img_011-MaxIP-Stitched_unmixed-rotated.nd2","Layer 1","dACC_v17_ FISH-IF v2.4.4","2402","760","786","3229","3255","0","0","0","0","1","1","2654.0786","0","387.4148","0","0","0","0","0","0","0","0","0","0","0","0","0","0","0","0","0","0","0","0","93.81101","71.57808","22.232933","21.669365","0.729425"
"D:\HAA\dACC revisions\Run 4\Br2720_dlPFC_20x_img_011-MaxIP-Stitched_unmixed-rotated.nd2","Layer 1","dACC_v17_ FISH-IF v2.4.4","2403","725","744","3252","3273","0","0","0","0","1","1","626.10126","0","157.82474","1","3.958659","0","3837.9658","969.51166","0","0","0","0","0","0","0","0","0","0","0","0","0","0","0","56.387875","49.11499","7.272885","11.585601","0.865269"
"D:\HAA\dACC revisions\Run 4\Br2720_dlPFC_20x_img_011-MaxIP-Stitched_unmixed-rotated.nd2","Layer 1","dACC_v17_ FISH-IF v2.4.4","2404","652","678","3265","3291","0","0","0","0","1","1","1778.4385","0","268.69565","0","0","0","0","0","0","0","0","0","0","0","0","0","0","0","0","0","0","0","0","97.72364","73.05106","24.672571","22.527557","0.774657"
"D:\HAA\dACC revisions\Run 4\Br2720_dlPFC_20x_img_011-MaxIP-Stitched_unmixed-rotated.nd2","Layer 1","dACC_v17_ FISH-IF v2.4.4","2405","952","967","3270","3287","0","0","0","0","1","1","717.9872","0","275.38293","0","0","0","0","0","0","0","0","0","0","0","0","0","0","0","0","0","0","0","0","31.1169","27.52649","3.590412","8.581926","0.677204"
"D:\HAA\dACC revisions\Run 4\Br2720_dlPFC_20x_img_011-MaxIP-Stitched_unmixed-rotated.nd2","Layer 1","dACC_v17_ FISH-IF v2.4.4","2406","935","957","3273","3293","0","0","0","0","1","1","888.0609","0","217.6766","0","0","0","0","0","0","0","0","0","0","0","0","0","0","0","0","0","0","0","0","60.66875","47.826122","12.842626","16.520208","0.632729"
"D:\HAA\dACC revisions\Run 4\Br2720_dlPFC_20x_img_011-MaxIP-Stitched_unmixed-rotated.nd2","Layer 1","dACC_v17_ FISH-IF v2.4.4","2407","954","982","3282","3306","0","0","0","0","1","1","1892.4668","0","306.7394","3","6.168143","0","5927.309","960.9552","0","0","0","0","0","0","0","0","0","0","0","0","0","0","0","89.76029","71.71617","18.044119","22.742105","0.603561"
"D:\HAA\dACC revisions\Run 4\Br2720_dlPFC_20x_img_011-MaxIP-Stitched_unmixed-rotated.nd2","Layer 1","dACC_v17_ FISH-IF v2.4.4","2408","721","752","3295","3324","0","0","0","1","1","1","3109.2678","0","678.491","7","16.340975","1","20248.08","1239.0986","0","0","0","0","0","0","0","0","0","0","0","0","0","0","0","130.5897","87.27462","43.315094","30.036743","0.830357"
"D:\HAA\dACC revisions\Run 4\Br2720_dlPFC_20x_img_011-MaxIP-Stitched_unmixed-rotated.nd2","Layer 1","dACC_v17_ FISH-IF v2.4.4","2409","680","700","3297","3317","0","0","0","0","1","1","823.4944","0","168.2054","0","0","0","0","0","0","0","0","0","0","0","0","0","0","0","0","0","0","0","0","59.287823","51.09432","8.193503","12.443794","0.830674"
"D:\HAA\dACC revisions\Run 4\Br2720_dlPFC_20x_img_011-MaxIP-Stitched_unmixed-rotated.nd2","Layer 1","dACC_v17_ FISH-IF v2.4.4","2410","752","783","3297","3332","1","0","0","0","1","1","1202.7336","0","287.5343","0","0","0","0","0","10","17.07747","2","16715.299","978.7925","0","0","0","0","0","0","0","0","0","0","161.79868","99.93312","61.865555","34.756805","0.863224"
"D:\HAA\dACC revisions\Run 4\Br2720_dlPFC_20x_img_011-MaxIP-Stitched_unmixed-rotated.nd2","Layer 1","dACC_v17_ FISH-IF v2.4.4","2411","827","854","3321","3352","0","0","0","0","1","1","2261.9543","0","463.66254","0","0","0","0","0","0","0","0","0","0","0","0","0","0","0","0","0","0","0","0","114.29477","81.981064","32.313705","26.818521","0.740107"
"D:\HAA\dACC revisions\Run 4\Br2720_dlPFC_20x_img_011-MaxIP-Stitched_unmixed-rotated.nd2","Layer 1","dACC_v17_ FISH-IF v2.4.4","2412","721","747","3325","3347","0","0","0","0","1","1","2493.75","0","312.19156","2","1.657113","0","1210.7052","730.6111","0","0","0","0","0","0","0","0","0","0","0","0","0","0","0","83.2239","65.3639","17.859997","18.451143","0.794093"
"D:\HAA\dACC revisions\Run 4\Br2720_dlPFC_20x_img_011-MaxIP-Stitched_unmixed-rotated.nd2","Layer 1","dACC_v17_ FISH-IF v2.4.4","2413","956","987","3341","3376","0","1","1","0","1","1","1684.5696","0","271.98535","0","0","0","0","0","3","4.695154","0","4495.057","957.3823","25","23.01546","3","24295.441","1026.8618","4","2.301546","1","1027.364","446.38","153.92738","97.35539","56.572","34.756805","0.756923"
"D:\HAA\dACC revisions\Run 4\Br2720_dlPFC_20x_img_011-MaxIP-Stitched_unmixed-rotated.nd2","Layer 1","dACC_v17_ FISH-IF v2.4.4","2414","722","749","3362","3388","0","0","0","0","1","1","2838.2336","0","434.60303","0","0","0","0","0","0","0","0","0","0","0","0","0","0","0","0","0","0","0","0","100.30137","70.151115","30.150251","24.029396","0.883418"
"D:\HAA\dACC revisions\Run 4\Br2720_dlPFC_20x_img_011-MaxIP-Stitched_unmixed-rotated.nd2","Layer 1","dACC_v17_ FISH-IF v2.4.4","2415","939","965","3372","3405","0","0","0","1","1","1","2166.2375","0","361.1934","11","28.999477","2","43810.8","1510.7444","0","0","0","0","0","0","0","0","0","0","0","0","0","0","0","126.07868","86.169876","39.908806","28.749454","0.759229"
"D:\HAA\dACC revisions\Run 4\Br2720_dlPFC_20x_img_011-MaxIP-Stitched_unmixed-rotated.nd2","Layer 1","dACC_v17_ FISH-IF v2.4.4","2416","965","979","3376","3390","0","0","0","0","1","1","425","0","207.33934","0","0","0","0","0","0","0","0","0","0","1","1.979329","0","1428.2473","721.5814","0","0","0","0","0","28.677261","28.07886","0.598402","2.574578","0.650533"
"D:\HAA\dACC revisions\Run 4\Br2720_dlPFC_20x_img_011-MaxIP-Stitched_unmixed-rotated.nd2","Layer 1","dACC_v17_ FISH-IF v2.4.4","2417","732","754","3385","3399","0","0","1","0","1","1","2253.4219","0","873.895","0","0","0","0","0","0","0","0","0","0","0","0","0","0","0","6","15.972729","1","9937.246","622.1383","44.788082","35.075558","9.712523","13.731083","0.729477"
"D:\HAA\dACC revisions\Run 4\Br2720_dlPFC_20x_img_011-MaxIP-Stitched_unmixed-rotated.nd2","Layer 1","dACC_v17_ FISH-IF v2.4.4","2418","731","761","3396","3421","0","0","0","0","1","1","3428.3599","0","662.85583","0","0","0","0","0","0","0","0","0","0","0","0","0","0","0","1","1.196804","0","805.9553","460.76315","107.52822","69.92097","37.607258","27.891262","0.89738"
"D:\HAA\dACC revisions\Run 4\Br2720_dlPFC_20x_img_011-MaxIP-Stitched_unmixed-rotated.nd2","Layer 1","dACC_v17_ FISH-IF v2.4.4","2419","867","896","3400","3430","0","0","0","0","1","1","1537.4744","0","265.4972","0","0","0","0","0","1","1.887268","0","1640.0355","869","0","0","0","0","0","0","0","0","0","0","118.2074","82.30328","35.904114","27.462166","0.823968"
"D:\HAA\dACC revisions\Run 4\Br2720_dlPFC_20x_img_011-MaxIP-Stitched_unmixed-rotated.nd2","Layer 1","dACC_v17_ FISH-IF v2.4.4","2420","669","691","3408","3436","0","0","0","1","1","1","2825.7346","0","486.05426","9","22.094841","1","36378.88","1646.4875","1","0.598402","0","376.94717","629.9231","0","0","0","0","0","0","0","0","0","0","96.20462","72.95901","23.245613","21.454817","0.726588"
"D:\HAA\dACC revisions\Run 4\Br2720_dlPFC_20x_img_011-MaxIP-Stitched_unmixed-rotated.nd2","Layer 1","dACC_v17_ FISH-IF v2.4.4","2421","807","836","3424","3453","0","0","0","0","1","1","3497.5637","0","683.6576","0","0","0","0","0","0","0","0","0","0","0","0","0","0","0","0","0","0","0","0","119.45023","82.947716","36.502518","27.03307","0.816453"
"D:\HAA\dACC revisions\Run 4\Br2720_dlPFC_20x_img_011-MaxIP-Stitched_unmixed-rotated.nd2","Layer 1","dACC_v17_ FISH-IF v2.4.4","2422","748","778","3448","3481","0","0","0","0","1","1","1788.7935","0","265.6336","0","0","0","0","0","0","0","0","0","0","3","4.050721","0","2839.3252","700.9432","0","0","0","0","0","146.60847","94.22529","52.383183","31.324034","0.869049"
"D:\HAA\dACC revisions\Run 4\Br2720_dlPFC_20x_img_011-MaxIP-Stitched_unmixed-rotated.nd2","Layer 1","dACC_v17_ FISH-IF v2.4.4","2423","863","895","3471","3501","0","0","0","0","1","1","1958.2416","0","376.72354","0","0","0","0","0","0","0","0","0","0","0","0","0","0","0","0","0","0","0","0","138.73718","90.911064","47.826122","30.894936","0.879232"
"D:\HAA\dACC revisions\Run 4\Br2720_dlPFC_20x_img_011-MaxIP-Stitched_unmixed-rotated.nd2","Layer 1","dACC_v17_ FISH-IF v2.4.4","2424","802","835","3472","3508","0","0","0","0","1","1","1608.7709","0","267.01425","0","0","0","0","0","1","0.50634","0","320.2371","632.4545","0","0","0","0","0","0","0","0","0","0","164.65259","103.38544","61.26715","37.331383","0.737262"
"D:\HAA\dACC revisions\Run 4\Br2720_dlPFC_20x_img_011-MaxIP-Stitched_unmixed-rotated.nd2","Layer 1","dACC_v17_ FISH-IF v2.4.4","2425","659","692","3477","3510","1","0","0","0","1","1","1489.7681","0","337.70267","0","0","0","0","0","20","32.313705","3","31947.113","988.6553","0","0","0","0","0","0","0","0","0","0","153.60518","95.05385","58.551327","35.1859","0.85341"
"D:\HAA\dACC revisions\Run 4\Br2720_dlPFC_20x_img_011-MaxIP-Stitched_unmixed-rotated.nd2","Layer 1","dACC_v17_ FISH-IF v2.4.4","2426","642","660","3480","3501","0","0","0","0","1","1","2178.8518","0","259.54324","0","0","0","0","0","1","0.368247","0","232.8704","632.375","0","0","0","0","0","0","0","0","0","0","56.06566","47.365814","8.699843","12.443794","0.906618"
"D:\HAA\dACC revisions\Run 4\Br2720_dlPFC_20x_img_011-MaxIP-Stitched_unmixed-rotated.nd2","Layer 1","dACC_v17_ FISH-IF v2.4.4","2427","1453","1482","2294","2320","0","0","0","0","1","1","2045.3348","0","432.2921","0","0","0","0","0","0","0","0","0","0","0","0","0","0","0","1","1.01268","0","542.8886","536.0909","109.36946","78.1605","31.208961","25.316685","0.837373"
"D:\HAA\dACC revisions\Run 4\Br2720_dlPFC_20x_img_011-MaxIP-Stitched_unmixed-rotated.nd2","Layer 1","dACC_v17_ FISH-IF v2.4.4","2428","1640","1666","2338","2361","0","0","0","0","1","1","2605.4832","0","502.83838","0","0","0","0","0","0","0","0","0","0","0","0","0","0","0","0","0","0","0","0","84.006424","60.66875","23.337675","21.883913","0.735309"
"D:\HAA\dACC revisions\Run 4\Br2720_dlPFC_20x_img_011-MaxIP-Stitched_unmixed-rotated.nd2","Layer 1","dACC_v17_ FISH-IF v2.4.4","2429","1616","1644","2340","2371","0","0","0","0","1","1","1513.2695","0","396.73102","0","0","0","0","0","0","0","0","0","0","0","0","0","0","0","0","0","0","0","0","119.54229","80.600136","38.942158","29.17855","0.725588"
"D:\HAA\dACC revisions\Run 4\Br2720_dlPFC_20x_img_011-MaxIP-Stitched_unmixed-rotated.nd2","Layer 1","dACC_v17_ FISH-IF v2.4.4","2430","1655","1684","2350","2376","0","0","0","0","1","1","1403.1455","0","410.6827","0","0","0","0","0","0","0","0","0","0","0","0","0","0","0","0","0","0","0","0","96.664925","71.670135","24.99479","24.67304","0.751186"
"D:\HAA\dACC revisions\Run 4\Br2720_dlPFC_20x_img_011-MaxIP-Stitched_unmixed-rotated.nd2","Layer 1","dACC_v17_ FISH-IF v2.4.4","2431","1544","1568","2358","2382","0","0","0","0","1","1","1928.3545","0","285.8244","0","0","0","0","0","0","0","0","0","0","0","0","0","0","0","0","0","0","0","0","84.88101","66.05437","18.826645","18.88024","0.809697"
"D:\HAA\dACC revisions\Run 4\Br2720_dlPFC_20x_img_011-MaxIP-Stitched_unmixed-rotated.nd2","Layer 1","dACC_v17_ FISH-IF v2.4.4","2432","1483","1512","2364","2388","0","0","0","0","1","1","3066.884","0","423.51578","2","5.569741","0","7731.0767","1388.0496","0","0","0","0","0","0","0","0","0","0","0","0","0","0","0","89.4841","61.313183","28.170921","24.029396","0.696561"
"D:\HAA\dACC revisions\Run 4\Br2720_dlPFC_20x_img_011-MaxIP-Stitched_unmixed-rotated.nd2","Layer 1","dACC_v17_ FISH-IF v2.4.4","2433","1495","1515","2383","2398","0","0","1","0","1","1","2688.2856","0","480.69525","2","1.565051","0","1800.2231","1150.2646","0","0","0","0","0","2","1.749175","0","1975.647","1129.4736","4","4.050721","1","1966.8551","485.55682","42.21035","28.999477","13.210874","16.30566","0.714806"
"D:\HAA\dACC revisions\Run 4\Br2720_dlPFC_20x_img_011-MaxIP-Stitched_unmixed-rotated.nd2","Layer 1","dACC_v17_ FISH-IF v2.4.4","2434","1503","1531","2389","2418","0","1","1","0","1","1","2172.8167","0","313.72647","2","3.866597","0","4533.769","1172.5476","0","0","0","0","0","35","28.53917","4","36029.457","1262.4564","10","21.680563","2","12577.3955","580.12317","106.7457","72.3606","34.385094","26.389425","0.877517"
"D:\HAA\dACC revisions\Run 4\Br2720_dlPFC_20x_img_011-MaxIP-Stitched_unmixed-rotated.nd2","Layer 1","dACC_v17_ FISH-IF v2.4.4","2435","1804","1830","2395","2414","0","0","0","0","1","1","1419.964","0","286.4394","0","0","0","0","0","0","0","0","0","0","0","0","0","0","0","0","0","0","0","0","68.125755","52.797462","15.328296","19.309336","0.684526"
"D:\HAA\dACC revisions\Run 4\Br2720_dlPFC_20x_img_011-MaxIP-Stitched_unmixed-rotated.nd2","Layer 1","dACC_v17_ FISH-IF v2.4.4","2436","1599","1631","2406","2433","0","0","0","1","1","1","1958.4077","0","371.718","5","14.361647","1","19432.273","1353.0673","1","0.368247","0","222.55948","604.375","0","0","0","0","0","0","0","0","0","0","121.65971","83.73024","37.929478","27.891262","0.790538"
"D:\HAA\dACC revisions\Run 4\Br2720_dlPFC_20x_img_011-MaxIP-Stitched_unmixed-rotated.nd2","Layer 1","dACC_v17_ FISH-IF v2.4.4","2437","1631","1657","2412","2437","0","1","0","0","1","1","1408.6422","0","198.05643","1","1.749175","0","1592.1174","910.2105","0","0","0","0","0","26","21.542469","3","26396.246","1225.312","0","0","0","0","0","100.43946","73.41931","27.02015","22.31301","0.848545"
"D:\HAA\dACC revisions\Run 4\Br2720_dlPFC_20x_img_011-MaxIP-Stitched_unmixed-rotated.nd2","Layer 1","dACC_v17_ FISH-IF v2.4.4","2438","1553","1579","2416","2440","0","0","0","0","1","1","1617.195","0","350.3276","1","1.288866","0","1085.8234","842.4643","0","0","0","0","0","0","0","0","0","0","0","0","0","0","0","89.85235","64.35122","25.50113","22.31301","0.8692"
"D:\HAA\dACC revisions\Run 4\Br2720_dlPFC_20x_img_011-MaxIP-Stitched_unmixed-rotated.nd2","Layer 1","dACC_v17_ FISH-IF v2.4.4","2439","1687","1717","2419","2449","0","0","0","0","1","1","2178.7925","0","316.45004","0","0","0","0","0","0","0","0","0","0","0","0","0","0","0","0","0","0","0","0","117.37884","83.86833","33.51051","28.749454","0.711129"
"D:\HAA\dACC revisions\Run 4\Br2720_dlPFC_20x_img_011-MaxIP-Stitched_unmixed-rotated.nd2","Layer 1","dACC_v17_ FISH-IF v2.4.4","2440","1475","1504","2420","2447","0","0","0","0","1","1","2258.414","0","340.78934","0","0","0","0","0","0","0","0","0","0","0","0","0","0","0","0","0","0","0","0","113.97255","80.18586","33.786694","26.174877","0.835015"
"D:\HAA\dACC revisions\Run 4\Br2720_dlPFC_20x_img_011-MaxIP-Stitched_unmixed-rotated.nd2","Layer 1","dACC_v17_ FISH-IF v2.4.4","2441","1556","1584","2438","2462","0","0","0","1","1","1","2278.4148","0","425.18344","7","23.337675","1","38997.668","1671.0177","0","0","0","0","0","0","0","0","0","0","0","0","0","0","0","98.4141","69.00034","29.413755","24.029396","0.848251"
"D:\HAA\dACC revisions\Run 4\Br2720_dlPFC_20x_img_011-MaxIP-Stitched_unmixed-rotated.nd2","Layer 1","dACC_v17_ FISH-IF v2.4.4","2442","1768","1797","2443","2471","0","1","0","0","1","1","1991.3934","0","299.94028","1","0.552371","0","389.28348","704.75","0","0","0","0","0","29","25.54716","3","28156.975","1102.1567","0","0","0","0","0","116.136","80.922356","35.213654","26.174877","0.896869"
"D:\HAA\dACC revisions\Run 4\Br2720_dlPFC_20x_img_011-MaxIP-Stitched_unmixed-rotated.nd2","Layer 1","dACC_v17_ FISH-IF v2.4.4","2443","1717","1737","2516","2536","0","0","0","0","1","1","939.3121","0","151.6174","0","0","0","0","0","0","0","0","0","0","1","0.690464","0","1197.4482","867.13336","0","0","0","0","0","56.433907","49.20705","7.226854","11.585601","0.841206"
"D:\HAA\dACC revisions\Run 4\Br2720_dlPFC_20x_img_011-MaxIP-Stitched_unmixed-rotated.nd2","Layer 1","dACC_v17_ FISH-IF v2.4.4","2444","1742","1765","2527","2560","0","1","1","0","1","1","752.361","0","166.25522","0","0","0","0","0","1","2.071391","0","2149.69","1037.8","8","8.469688","1","7250.698","856.0761","14","26.00747","2","17303.943","665.34515","110.52023","81.70488","28.815355","25.74578","0.649291"
"D:\HAA\dACC revisions\Run 4\Br2720_dlPFC_20x_img_011-MaxIP-Stitched_unmixed-rotated.nd2","Layer 1","dACC_v17_ FISH-IF v2.4.4","2445","1501","1520","2532","2550","0","0","0","0","1","1","1243.4683","0","162.14201","0","0","0","0","0","0","0","0","0","0","0","0","0","0","0","0","0","0","0","0","52.15303","46.353134","5.799896","9.869216","0.883798"
"D:\HAA\dACC revisions\Run 4\Br2720_dlPFC_20x_img_011-MaxIP-Stitched_unmixed-rotated.nd2","Layer 1","dACC_v17_ FISH-IF v2.4.4","2446","1598","1618","2541","2562","0","0","0","0","1","1","731.581","0","159.54604","0","0","0","0","0","0","0","0","0","0","0","0","0","0","0","0","0","0","0","0","59.24179","51.00226","8.239534","12.443794","0.847538"
"D:\HAA\dACC revisions\Run 4\Br2720_dlPFC_20x_img_011-MaxIP-Stitched_unmixed-rotated.nd2","Layer 1","dACC_v17_ FISH-IF v2.4.4","2447","1635","1658","2551","2578","0","1","0","0","1","1","2230.7783","0","386.78006","0","0","0","0","0","0","0","0","0","0","8","7.54907","1","8186.0005","1084.372","0","0","0","0","0","100.16328","62.78617","37.377106","26.174877","0.825126"
"D:\HAA\dACC revisions\Run 4\Br2720_dlPFC_20x_img_011-MaxIP-Stitched_unmixed-rotated.nd2","Layer 1","dACC_v17_ FISH-IF v2.4.4","2448","1659","1679","2552","2580","0","1","0","0","1","1","2158.9353","0","312.70956","0","0","0","0","0","0","0","0","0","0","16","16.847317","3","16598.38","985.22406","1","0.598402","0","306.56592","512.3077","88.517456","57.21643","31.301023","24.887589","0.770732"
"D:\HAA\dACC revisions\Run 4\Br2720_dlPFC_20x_img_011-MaxIP-Stitched_unmixed-rotated.nd2","Layer 1","dACC_v17_ FISH-IF v2.4.4","2449","1500","1523","2559","2585","0","0","0","0","1","1","3002.6995","0","628.1656","0","0","0","0","0","0","0","0","0","0","0","0","0","0","0","0","0","0","0","0","91.23328","65.04169","26.191591","22.956654","0.714043"
"D:\HAA\dACC revisions\Run 4\Br2720_dlPFC_20x_img_011-MaxIP-Stitched_unmixed-rotated.nd2","Layer 1","dACC_v17_ FISH-IF v2.4.4","2450","1439","1470","2561","2588","0","0","0","1","1","1","2117.44","0","418.48785","6","18.366337","1","26682.512","1452.7944","0","0","0","0","0","0","0","0","0","0","0","0","0","0","0","119.72642","83.31596","36.410458","27.462166","0.826695"
"D:\HAA\dACC revisions\Run 4\Br2720_dlPFC_20x_img_011-MaxIP-Stitched_unmixed-rotated.nd2","Layer 1","dACC_v17_ FISH-IF v2.4.4","2451","1523","1539","2564","2585","0","0","0","0","1","1","1693.5176","0","543.077","0","0","0","0","0","0","0","0","0","0","0","0","0","0","0","0","0","0","0","0","53.395863","44.23571","9.160152","14.803823","0.667977"
"D:\HAA\dACC revisions\Run 4\Br2720_dlPFC_20x_img_011-MaxIP-Stitched_unmixed-rotated.nd2","Layer 1","dACC_v17_ FISH-IF v2.4.4","2452","1555","1584","2565","2591","0","0","0","1","1","1","2245.6287","0","461.34506","5","15.926698","1","20229.484","1270.1619","0","0","0","0","0","1","0.644433","0","456.6267","708.5714","3","1.51902","0","899.35205","465.1905","109.18533","78.574776","30.61056","24.67304","0.81953"
"D:\HAA\dACC revisions\Run 4\Br2720_dlPFC_20x_img_011-MaxIP-Stitched_unmixed-rotated.nd2","Layer 1","dACC_v17_ FISH-IF v2.4.4","2453","1681","1721","2576","2603","0","1","1","0","1","1","2683.8943","0","830.5857","1","2.301546","0","1751.9828","761.22","0","0","0","0","0","11","10.587111","2","9992.069","943.79565","61","57.906895","4","96122.086","1659.942","143.24821","99.65694","43.591278","36.044094","0.533362"
"D:\HAA\dACC revisions\Run 4\Br2720_dlPFC_20x_img_011-MaxIP-Stitched_unmixed-rotated.nd2","Layer 1","dACC_v17_ FISH-IF v2.4.4","2454","1753","1773","2583","2603","0","0","0","0","1","1","571.1024","0","135.05307","0","0","0","0","0","0","0","0","0","0","0","0","0","0","0","0","0","0","0","0","57.952927","50.311794","7.641132","12.014698","0.795727"
"D:\HAA\dACC revisions\Run 4\Br2720_dlPFC_20x_img_011-MaxIP-Stitched_unmixed-rotated.nd2","Layer 1","dACC_v17_ FISH-IF v2.4.4","2455","1507","1537","2584","2615","0","0","0","0","1","1","1884.9186","0","363.6284","0","0","0","0","0","1","0.322216","0","197.01233","611.4286","0","0","0","0","0","0","0","0","0","0","133.81187","88.563484","45.24839","30.46584","0.863086"
"D:\HAA\dACC revisions\Run 4\Br2720_dlPFC_20x_img_011-MaxIP-Stitched_unmixed-rotated.nd2","Layer 1","dACC_v17_ FISH-IF v2.4.4","2456","1536","1559","2585","2606","0","0","0","0","1","1","2148.9268","0","287.72934","0","0","0","0","0","0","0","0","0","0","1","1.242835","0","757.16254","609.2222","2","1.150773","0","519.13666","451.12","68.72416","56.80215","11.922008","14.803823","0.84681"
"D:\HAA\dACC revisions\Run 4\Br2720_dlPFC_20x_img_011-MaxIP-Stitched_unmixed-rotated.nd2","Layer 1","dACC_v17_ FISH-IF v2.4.4","2457","1701","1722","2602","2619","0","0","0","0","1","1","1209.2615","0","310.50345","0","0","0","0","0","0","0","0","0","0","0","0","0","0","0","3","5.891957","0","4034.794","684.7969","53.856174","46.813442","7.04273","11.156505","0.802767"
"D:\HAA\dACC revisions\Run 4\Br2720_dlPFC_20x_img_011-MaxIP-Stitched_unmixed-rotated.nd2","Layer 1","dACC_v17_ FISH-IF v2.4.4","2458","1647","1674","2602","2636","0","1","1","0","1","1","1340.3651","0","266.7101","0","0","0","0","0","3","2.209484","0","1625.766","735.8125","6","6.766545","1","5038.9126","744.6803","42","72.91297","4","67681.33","928.2481","137.03404","91.14122","45.892826","30.46584","0.795551"
"D:\HAA\dACC revisions\Run 4\Br2720_dlPFC_20x_img_011-MaxIP-Stitched_unmixed-rotated.nd2","Layer 1","dACC_v17_ FISH-IF v2.4.4","2459","1774","1795","2610","2630","0","0","0","0","1","1","855.5022","0","189.67929","0","0","0","0","0","0","0","0","0","0","0","0","0","0","0","0","0","0","0","0","65.22581","54.68473","10.54108","13.301987","0.88425"
"D:\HAA\dACC revisions\Run 4\Br2720_dlPFC_20x_img_011-MaxIP-Stitched_unmixed-rotated.nd2","Layer 1","dACC_v17_ FISH-IF v2.4.4","2460","1542","1573","2647","2671","0","0","0","1","1","1","1894.4071","0","452.87903","7","18.734583","1","32310.713","1667.3041","0","0","0","0","0","0","0","0","0","0","0","0","0","0","0","92.52214","62.78617","29.735973","25.316685","0.697734"
"D:\HAA\dACC revisions\Run 4\Br2720_dlPFC_20x_img_011-MaxIP-Stitched_unmixed-rotated.nd2","Layer 1","dACC_v17_ FISH-IF v2.4.4","2461","1427","1469","2649","2686","0","1","1","0","1","1","959.4828","0","217.83704","0","0","0","0","0","0","0","0","0","0","18","16.847317","3","15822.115","939.1475","72","137.49435","4","111459.91","810.6508","219.65955","122.02796","97.63158","45.48421","0.812264"
"D:\HAA\dACC revisions\Run 4\Br2720_dlPFC_20x_img_011-MaxIP-Stitched_unmixed-rotated.nd2","Layer 1","dACC_v17_ FISH-IF v2.4.4","2462","1551","1582","2663","2684","0","0","0","1","1","1","2296.7896","0","472.74857","6","17.07747","1","30106.705","1762.9487","0","0","0","0","0","0","0","0","0","0","0","0","0","0","0","93.3507","64.25916","29.09154","27.891262","0.587862"
"D:\HAA\dACC revisions\Run 4\Br2720_dlPFC_20x_img_011-MaxIP-Stitched_unmixed-rotated.nd2","Layer 1","dACC_v17_ FISH-IF v2.4.4","2463","1481","1501","2662","2681","0","0","0","0","1","1","383.83554","0","146.92351","0","0","0","0","0","0","0","0","0","0","0","0","0","0","0","1","0.368247","0","287.46307","446.07144","55.743443","48.746742","6.996699","11.156505","0.875111"
"D:\HAA\dACC revisions\Run 4\Br2720_dlPFC_20x_img_011-MaxIP-Stitched_unmixed-rotated.nd2","Layer 1","dACC_v17_ FISH-IF v2.4.4","2464","1758","1788","2663","2691","0","1","0","0","1","1","1870.5527","0","281.38492","1","1.104742","0","881.9064","798.2917","0","0","0","0","0","56","35.67396","4","54468.707","1526.8478","2","1.058711","0","491.51813","464.26086","122.99461","84.19055","38.80406","27.462166","0.883858"
"D:\HAA\dACC revisions\Run 4\Br2720_dlPFC_20x_img_011-MaxIP-Stitched_unmixed-rotated.nd2","Layer 1","dACC_v17_ FISH-IF v2.4.4","2465","3155","3186","2700","2730","0","0","0","1","1","1","2023.4254","0","350.8923","12","28.999477","2","54616.05","1883.3461","0","0","0","0","0","0","0","0","0","0","0","0","0","0","0","133.58173","89.76029","43.821434","30.036743","0.80716"
"D:\HAA\dACC revisions\Run 4\Br2720_dlPFC_20x_img_011-MaxIP-Stitched_unmixed-rotated.nd2","Layer 1","dACC_v17_ FISH-IF v2.4.4","2466","3080","3110","2760","2792","1","1","0","0","1","1","1433.3844","0","437.53998","0","0","0","0","0","12","14.683863","2","16164.493","1090.5776","4","2.945979","1","2095.6035","711.34375","0","0","0","0","0","124.145386","82.34931","41.796074","30.894936","0.773619"
"D:\HAA\dACC revisions\Run 4\Br2720_dlPFC_20x_img_011-MaxIP-Stitched_unmixed-rotated.nd2","Layer 1","dACC_v17_ FISH-IF v2.4.4","2467","3220","3252","2765","2796","0","0","0","0","1","1","1928.1503","0","376.3635","0","0","0","0","0","2","1.933299","0","1470.1355","760.4286","0","0","0","0","0","0","0","0","0","0","136.48167","90.542816","45.938854","31.324034","0.824493"
"D:\HAA\dACC revisions\Run 4\Br2720_dlPFC_20x_img_011-MaxIP-Stitched_unmixed-rotated.nd2","Layer 1","dACC_v17_ FISH-IF v2.4.4","2468","3057","3085","2770","2797","0","0","0","0","1","1","2591.892","0","413.47162","0","0","0","0","0","3","3.958659","0","3824.5708","903.11957","3","3.544381","0","2786.7578","786.24677","0","0","0","0","0","104.67431","70.5654","34.10891","26.174877","0.830728"
"D:\HAA\dACC revisions\Run 4\Br2720_dlPFC_20x_img_011-MaxIP-Stitched_unmixed-rotated.nd2","Layer 1","dACC_v17_ FISH-IF v2.4.4","2469","3015","3039","2780","2806","0","0","0","0","1","1","2183.2166","0","369.44666","0","0","0","0","0","2","3.038041","0","3007.8904","990.07574","0","0","0","0","0","0","0","0","0","0","91.78565","69.460655","22.324995","20.596624","0.853945"
"D:\HAA\dACC revisions\Run 4\Br2720_dlPFC_20x_img_011-MaxIP-Stitched_unmixed-rotated.nd2","Layer 1","dACC_v17_ FISH-IF v2.4.4","2470","3134","3162","2780","2806","0","0","0","0","1","1","2235.1365","0","328.98624","0","0","0","0","0","0","0","0","0","0","0","0","0","0","0","0","0","0","0","0","107.298065","76.91766","30.380405","24.458492","0.866663"
"D:\HAA\dACC revisions\Run 4\Br2720_dlPFC_20x_img_011-MaxIP-Stitched_unmixed-rotated.nd2","Layer 1","dACC_v17_ FISH-IF v2.4.4","2471","3125","3152","2806","2833","0","0","0","0","1","1","2376.864","0","329.00836","0","0","0","0","0","1","1.611082","0","1839.8557","1024.8718","0","0","0","0","0","0","0","0","0","0","106.7457","76.96369","29.782003","23.600298","0.833693"
"D:\HAA\dACC revisions\Run 4\Br2720_dlPFC_20x_img_011-MaxIP-Stitched_unmixed-rotated.nd2","Layer 1","dACC_v17_ FISH-IF v2.4.4","2472","3350","3377","2810","2844","1","0","1","0","1","1","1749.699","0","404.05472","0","0","0","0","0","14","20.437727","2","21839.414","1040.4628","0","0","0","0","0","4","2.807886","1","1266.8629","451.18033","130.63574","84.144516","46.491226","30.894936","0.767541"
"D:\HAA\dACC revisions\Run 4\Br2720_dlPFC_20x_img_011-MaxIP-Stitched_unmixed-rotated.nd2","Layer 1","dACC_v17_ FISH-IF v2.4.4","2473","3325","3351","2816","2844","0","0","0","0","1","1","2507.7996","0","404.63626","0","0","0","0","0","2","2.945979","0","2775.2961","942.0625","0","0","0","0","0","0","0","0","0","0","110.88848","74.15581","36.732674","27.03307","0.849595"
"D:\HAA\dACC revisions\Run 4\Br2720_dlPFC_20x_img_011-MaxIP-Stitched_unmixed-rotated.nd2","Layer 1","dACC_v17_ FISH-IF v2.4.4","2474","3017","3045","2829","2852","0","0","0","0","1","1","1759.0428","0","271.57986","0","0","0","0","0","0","0","0","0","0","0","0","0","0","0","0","0","0","0","0","93.25864","71.7622","21.496439","21.454817","0.685734"
"D:\HAA\dACC revisions\Run 4\Br2720_dlPFC_20x_img_011-MaxIP-Stitched_unmixed-rotated.nd2","Layer 1","dACC_v17_ FISH-IF v2.4.4","2475","3375","3402","2837","2865","0","0","0","0","1","1","1615.3323","0","264.79","2","3.728504","0","3482.377","933.9877","1","1.196804","0","918.22473","767.2308","1","0.966649","0","682.59247","706.1429","0","0","0","0","0","106.285385","76.50339","29.782003","24.458492","0.898741"
"D:\HAA\dACC revisions\Run 4\Br2720_dlPFC_20x_img_011-MaxIP-Stitched_unmixed-rotated.nd2","Layer 1","dACC_v17_ FISH-IF v2.4.4","2476","3359","3391","2866","2893","1","0","1","0","1","1","1337.5687","0","483.75592","0","0","0","0","0","24","34.61525","3","54952.4","1560.5425","1","1.51902","0","1382.5386","910.1515","10","8.469688","2","4004.828","472.84238","128.88657","75.6288","53.25777","32.61132","0.89297"
"D:\HAA\dACC revisions\Run 4\Br2720_dlPFC_20x_img_011-MaxIP-Stitched_unmixed-rotated.nd2","Layer 1","dACC_v17_ FISH-IF v2.4.4","2477","3195","3226","2874","2899","0","0","0","1","1","1","2234.806","0","472.73254","4","8.745874","1","9408.213","1075.7316","0","0","0","0","0","0","0","0","0","0","0","0","0","0","0","113.32812","81.06045","32.267673","26.603973","0.724357"
"D:\HAA\dACC revisions\Run 4\Br2720_dlPFC_20x_img_011-MaxIP-Stitched_unmixed-rotated.nd2","Layer 1","dACC_v17_ FISH-IF v2.4.4","2478","3363","3393","2891","2916","1","0","0","0","1","1","2007.7251","0","392.69992","0","0","0","0","0","6","7.272885","1","7239.5127","995.4114","0","0","0","0","0","2","1.657113","0","727.38055","438.94446","111.62498","68.26385","43.361126","29.607647","0.808856"
"D:\HAA\dACC revisions\Run 4\Br2720_dlPFC_20x_img_011-MaxIP-Stitched_unmixed-rotated.nd2","Layer 1","dACC_v17_ FISH-IF v2.4.4","2479","3101","3133","2890","2922","1","0","0","0","1","1","1787.25","0","286.03546","0","0","0","0","0","41","44.511898","4","108179.1","2430.3413","3","2.48567","0","2307.576","928.35187","1","1.104742","0","549.10284","497.04166","142.64981","93.48879","49.16102","32.182224","0.777307"
"D:\HAA\dACC revisions\Run 4\Br2720_dlPFC_20x_img_011-MaxIP-Stitched_unmixed-rotated.nd2","Layer 1","dACC_v17_ FISH-IF v2.4.4","2480","3005","3032","2905","2931","0","0","0","0","1","1","3356.2056","0","426.03394","0","0","0","0","0","0","0","0","0","0","0","0","0","0","0","0","0","0","0","0","102.60291","74.61612","27.986797","22.956654","0.918711"
"D:\HAA\dACC revisions\Run 4\Br2720_dlPFC_20x_img_011-MaxIP-Stitched_unmixed-rotated.nd2","Layer 1","dACC_v17_ FISH-IF v2.4.4","2481","3347","3369","2919","2939","0","0","0","0","1","1","1245.7559","0","209.66315","0","0","0","0","0","0","0","0","0","0","0","0","0","0","0","0","0","0","0","0","68.26385","56.572","11.691853","14.589275","0.824873"
"D:\HAA\dACC revisions\Run 4\Br2720_dlPFC_20x_img_011-MaxIP-Stitched_unmixed-rotated.nd2","Layer 1","dACC_v17_ FISH-IF v2.4.4","2482","3365","3398","2934","2961","0","0","0","0","1","1","2296.244","0","328.62192","0","0","0","0","0","0","0","0","0","0","0","0","0","0","0","0","0","0","0","0","131.18811","88.14921","43.038906","28.749454","0.837142"
"D:\HAA\dACC revisions\Run 4\Br2720_dlPFC_20x_img_011-MaxIP-Stitched_unmixed-rotated.nd2","Layer 1","dACC_v17_ FISH-IF v2.4.4","2483","3119","3146","3014","3043","0","0","0","0","1","1","1969.1206","0","413.01562","0","0","0","0","0","0","0","0","0","0","0","0","0","0","0","0","0","0","0","0","108.90915","70.74952","38.15963","28.320358","0.817844"
"D:\HAA\dACC revisions\Run 4\Br2720_dlPFC_20x_img_011-MaxIP-Stitched_unmixed-rotated.nd2","Layer 1","dACC_v17_ FISH-IF v2.4.4","2484","3141","3161","3021","3044","0","0","0","0","1","1","2345.2625","0","357.92596","0","0","0","0","0","0","0","0","0","0","0","0","0","0","0","0","0","0","0","0","65.594055","49.11499","16.479069","17.163853","0.869433"
"D:\HAA\dACC revisions\Run 4\Br2720_dlPFC_20x_img_011-MaxIP-Stitched_unmixed-rotated.nd2","Layer 1","dACC_v17_ FISH-IF v2.4.4","2485","3038","3071","3029","3068","1","0","0","0","1","1","1196.4749","0","311.39365","2","2.577731","0","2392.687","928.2143","15","25.59319","3","26343.125","1012.9062","1","0.736495","0","467.76617","635.125","0","0","0","0","0","184.95222","111.671005","73.28122","39.476864","0.752689"
"D:\HAA\dACC revisions\Run 4\Br2720_dlPFC_20x_img_011-MaxIP-Stitched_unmixed-rotated.nd2","Layer 1","dACC_v17_ FISH-IF v2.4.4","2486","3405","3429","3051","3076","0","0","0","0","1","1","2580.112","0","385.52353","1","0.690464","0","630.8998","913.73334","0","0","0","0","0","0","0","0","0","0","1","0.644433","0","303.94214","471.64285","89.576164","61.6354","27.940767","24.029396","0.69585"
"D:\HAA\dACC revisions\Run 4\Br2720_dlPFC_20x_img_011-MaxIP-Stitched_unmixed-rotated.nd2","Layer 1","dACC_v17_ FISH-IF v2.4.4","2487","3306","3346","3059","3088","1","1","0","0","1","1","1032.8605","0","214.59709","0","0","0","0","0","8","11.783915","1","14170.388","1202.5195","8","7.180823","1","5380.1396","735.10065","1","1.841237","0","993.8996","539.8","153.92738","107.39013","46.53726","37.76048","0.543509"
"D:\HAA\dACC revisions\Run 4\Br2720_dlPFC_20x_img_011-MaxIP-Stitched_unmixed-rotated.nd2","Layer 1","dACC_v17_ FISH-IF v2.4.4","2488","3369","3387","3073","3095","0","0","0","0","1","1","438.78058","0","140.70984","1","0.828557","0","673.01807","812.2778","0","0","0","0","0","0","0","0","0","0","0","0","0","0","0","49.299114","38.389786","10.909328","14.374727","0.79595"
"D:\HAA\dACC revisions\Run 4\Br2720_dlPFC_20x_img_011-MaxIP-Stitched_unmixed-rotated.nd2","Layer 1","dACC_v17_ FISH-IF v2.4.4","2489","3362","3378","3079","3099","0","0","0","0","1","1","476.63315","0","130.9079","3","6.352267","0","6771.47","1065.9928","1","1.887268","0","1742.6384","923.36584","0","0","0","0","0","0","0","0","0","0","39.264374","31.485147","7.779225","12.658342","0.799106"
"D:\HAA\dACC revisions\Run 4\Br2720_dlPFC_20x_img_011-MaxIP-Stitched_unmixed-rotated.nd2","Layer 1","dACC_v17_ FISH-IF v2.4.4","2490","1756","1778","1891","1912","0","1","1","0","1","1","1050.7427","0","144.50084","0","0","0","0","0","0","0","0","0","0","8","8.515719","1","8112.765","952.6811","4","6.720514","1","3498.2117","520.5274","64.075035","54.592667","9.482369","14.160179","0.711951"
"D:\HAA\dACC revisions\Run 4\Br2720_dlPFC_20x_img_011-MaxIP-Stitched_unmixed-rotated.nd2","Layer 1","dACC_v17_ FISH-IF v2.4.4","2491","1606","1634","1911","1939","0","0","0","0","1","1","2531.3567","0","388.36694","0","0","0","0","0","0","0","0","0","0","0","0","0","0","0","0","0","0","0","0","109.323425","75.76689","33.556538","25.316685","0.897968"
"D:\HAA\dACC revisions\Run 4\Br2720_dlPFC_20x_img_011-MaxIP-Stitched_unmixed-rotated.nd2","Layer 1","dACC_v17_ FISH-IF v2.4.4","2492","1713","1741","1919","1945","0","0","0","0","1","1","2128.055","0","305.20767","0","0","0","0","0","0","0","0","0","0","0","0","0","0","0","0","0","0","0","0","103.247345","75.58276","27.664581","24.029396","0.802495"
"D:\HAA\dACC revisions\Run 4\Br2720_dlPFC_20x_img_011-MaxIP-Stitched_unmixed-rotated.nd2","Layer 1","dACC_v17_ FISH-IF v2.4.4","2493","1751","1769","1927","1945","0","0","0","0","1","1","454.68103","0","123.771805","0","0","0","0","0","0","0","0","0","0","1","1.058711","0","813.41235","768.3043","0","0","0","0","0","50.72607","45.386486","5.339586","9.44012","0.87557"
"D:\HAA\dACC revisions\Run 4\Br2720_dlPFC_20x_img_011-MaxIP-Stitched_unmixed-rotated.nd2","Layer 1","dACC_v17_ FISH-IF v2.4.4","2494","1588","1622","1934","1965","0","0","0","0","1","1","1658.989","0","369.78442","0","0","0","0","0","0","0","0","0","0","0","0","0","0","0","0","0","0","0","0","143.84662","93.30467","50.541946","33.040417","0.719065"
"D:\HAA\dACC revisions\Run 4\Br2720_dlPFC_20x_img_011-MaxIP-Stitched_unmixed-rotated.nd2","Layer 1","dACC_v17_ FISH-IF v2.4.4","2495","1778","1797","1939","1960","0","0","0","0","1","1","1175.0515","0","190.7832","2","8.101441","0","10167.171","1254.9829","0","0","0","0","0","0","0","0","0","0","0","0","0","0","0","60.62272","49.897514","10.725204","14.803823","0.770596"
"D:\HAA\dACC revisions\Run 4\Br2720_dlPFC_20x_img_011-MaxIP-Stitched_unmixed-rotated.nd2","Layer 1","dACC_v17_ FISH-IF v2.4.4","2496","1681","1703","1942","1966","0","0","1","0","1","1","811.6893","0","142.87685","0","0","0","0","0","0","0","0","0","0","2","1.933299","0","1410.4794","729.5714","34","50.12767","4","54086.42","1078.9734","78.71287","62.417923","16.294945","17.163853","0.885018"
"D:\HAA\dACC revisions\Run 4\Br2720_dlPFC_20x_img_011-MaxIP-Stitched_unmixed-rotated.nd2","Layer 1","dACC_v17_ FISH-IF v2.4.4","2497","1797","1811","1943","1959","0","0","0","0","1","1","638.6042","0","179.60056","0","0","0","0","0","0","0","0","0","0","0","0","0","0","0","0","0","0","0","0","34.937466","32.72798","2.209484","6.221897","0.68477"
"D:\HAA\dACC revisions\Run 4\Br2720_dlPFC_20x_img_011-MaxIP-Stitched_unmixed-rotated.nd2","Layer 1","dACC_v17_ FISH-IF v2.4.4","2498","1722","1749","1949","1977","0","1","0","0","1","1","2300.076","0","335.12872","0","0","0","0","0","0","0","0","0","0","42","30.242313","4","41517.22","1372.8188","2","1.150773","0","523.3715","454.8","110.84245","78.66684","32.17561","25.316685","0.846803"
"D:\HAA\dACC revisions\Run 4\Br2720_dlPFC_20x_img_011-MaxIP-Stitched_unmixed-rotated.nd2","Layer 1","dACC_v17_ FISH-IF v2.4.4","2499","1752","1785","1971","2002","0","1","1","0","1","1","1213.7347","0","259.3448","0","0","0","0","0","0","0","0","0","0","15","17.399687","3","13933.973","800.81744","54","87.27462","4","83356.56","955.10657","138.50703","92.52214","45.984886","32.82587","0.744915"
"D:\HAA\dACC revisions\Run 4\Br2720_dlPFC_20x_img_011-MaxIP-Stitched_unmixed-rotated.nd2","Layer 1","dACC_v17_ FISH-IF v2.4.4","2500","1650","1685","1977","2008","0","1","1","0","1","1","1489.5443","0","182.64357","0","0","0","0","0","0","0","0","0","0","27","24.258293","3","25714.252","1042.2201","73","105.96317","4","116516.5","1099.5942","154.29564","97.63158","56.66406","33.89861","0.832137"
"D:\HAA\dACC revisions\Run 4\Br2720_dlPFC_20x_img_011-MaxIP-Stitched_unmixed-rotated.nd2","Layer 1","dACC_v17_ FISH-IF v2.4.4","2501","1521","1546","2017","2039","0","0","0","0","1","1","2586.1477","0","388.2691","0","0","0","0","0","0","0","0","0","0","0","0","0","0","0","1","0.598402","0","286.03613","478","81.935036","64.48932","17.445717","18.022047","0.795943"
"D:\HAA\dACC revisions\Run 4\Br2720_dlPFC_20x_img_011-MaxIP-Stitched_unmixed-rotated.nd2","Layer 1","dACC_v17_ FISH-IF v2.4.4","2502","1491","1517","2017","2052","0","0","1","0","1","1","1106.2369","0","257.49973","0","0","0","0","0","0","0","0","0","0","1","0.598402","0","390.8485","653.1539","45","74.47803","4","68934.11","925.56305","121.84384","86.676216","35.16762","29.607647","0.658127"
"D:\HAA\dACC revisions\Run 4\Br2720_dlPFC_20x_img_011-MaxIP-Stitched_unmixed-rotated.nd2","Layer 1","dACC_v17_ FISH-IF v2.4.4","2503","1724","1746","2021","2042","0","0","0","0","1","1","1567.6744","0","242.4976","0","0","0","0","0","0","0","0","0","0","0","0","0","0","0","0","0","0","0","0","69.50668","57.63071","11.875977","15.018372","0.776008"
"D:\HAA\dACC revisions\Run 4\Br2720_dlPFC_20x_img_011-MaxIP-Stitched_unmixed-rotated.nd2","Layer 1","dACC_v17_ FISH-IF v2.4.4","2504","1753","1780","2021","2047","0","0","0","0","1","1","1959.4015","0","352.47345","0","0","0","0","0","0","0","0","0","0","0","0","0","0","0","0","0","0","0","0","104.766365","73.695496","31.07087","24.458492","0.852093"
"D:\HAA\dACC revisions\Run 4\Br2720_dlPFC_20x_img_011-MaxIP-Stitched_unmixed-rotated.nd2","Layer 1","dACC_v17_ FISH-IF v2.4.4","2505","1760","1791","2044","2075","0","0","0","0","1","1","1367.0823","0","290.56815","0","0","0","0","0","0","0","0","0","0","0","0","0","0","0","0","0","0","0","0","136.8039","88.14921","48.65468","30.894936","0.906998"
"D:\HAA\dACC revisions\Run 4\Br2720_dlPFC_20x_img_011-MaxIP-Stitched_unmixed-rotated.nd2","Layer 1","dACC_v17_ FISH-IF v2.4.4","2506","1717","1741","2067","2088","0","0","1","0","1","1","2166.5935","0","279.2124","0","0","0","0","0","0","0","0","0","0","3","3.268195","0","2868.6008","877.7324","4","5.845926","1","4017.1182","666.1832","76.64148","60.898903","15.742574","17.163853","0.754513"
"D:\HAA\dACC revisions\Run 4\Br2720_dlPFC_20x_img_011-MaxIP-Stitched_unmixed-rotated.nd2","Layer 1","dACC_v17_ FISH-IF v2.4.4","2507","1692","1719","2070","2098","0","1","1","0","1","1","2256.3125","0","394.92148","0","0","0","0","0","0","0","0","0","0","15","11.783915","3","13319.092","1130.2773","14","32.774014","2","22320.76","681.05054","111.11864","77.377975","33.74066","25.316685","0.908364"
"D:\HAA\dACC revisions\Run 4\Br2720_dlPFC_20x_img_011-MaxIP-Stitched_unmixed-rotated.nd2","Layer 1","dACC_v17_ FISH-IF v2.4.4","2508","1475","1503","2079","2107","0","0","0","0","1","1","2378.5361","0","418.10712","0","0","0","0","0","0","0","0","0","0","0","0","0","0","0","0","0","0","0","0","115.215385","80.78426","34.431126","25.74578","0.832394"
"D:\HAA\dACC revisions\Run 4\Br2720_dlPFC_20x_img_011-MaxIP-Stitched_unmixed-rotated.nd2","Layer 1","dACC_v17_ FISH-IF v2.4.4","2509","1419","1453","2080","2121","0","1","1","0","1","1","892.51337","0","197.38547","0","0","0","0","0","0","0","0","0","0","7","8.009379","1","6001.971","749.3678","220","156.9194","4","348637.56","2221.7622","203.13445","115.35348","87.78096","42.909634","0.783846"
"D:\HAA\dACC revisions\Run 4\Br2720_dlPFC_20x_img_011-MaxIP-Stitched_unmixed-rotated.nd2","Layer 1","dACC_v17_ FISH-IF v2.4.4","2510","1452","1477","2091","2124","0","0","1","1","1","1","2159.1646","0","360.14993","9","12.980719","1","12265.444","944.89716","0","0","0","0","0","2","2.02536","0","2482.3552","946.1053","45","44.55793","4","71129.97","1596.3481","122.25812","85.341324","36.916798","28.749454","0.674569"
"D:\HAA\dACC revisions\Run 4\Br2720_dlPFC_20x_img_011-MaxIP-Stitched_unmixed-rotated.nd2","Layer 1","dACC_v17_ FISH-IF v2.4.4","2511","1741","1764","2095","2115","0","0","1","0","1","1","526.1","0","97.651436","0","0","0","0","0","0","0","0","0","0","1","1.841237","0","1428.5234","775.85","16","31.485147","3","22319.148","708.87866","64.075035","54.408543","9.666492","13.731083","0.730415"
"D:\HAA\dACC revisions\Run 4\Br2720_dlPFC_20x_img_011-MaxIP-Stitched_unmixed-rotated.nd2","Layer 1","dACC_v17_ FISH-IF v2.4.4","2512","1648","1674","2109","2140","1","1","1","0","1","1","1476.243","0","345.61298","0","0","0","0","0","5","7.04273","1","5744.3823","815.64703","11","12.612472","2","10925.99","866.28467","53","54.13236","4","84780.664","1566.1735","94.31735","64.581375","29.735973","27.03307","0.649696"
"D:\HAA\dACC revisions\Run 4\Br2720_dlPFC_20x_img_011-MaxIP-Stitched_unmixed-rotated.nd2","Layer 1","dACC_v17_ FISH-IF v2.4.4","2513","1492","1518","2114","2138","0","0","0","1","1","1","2940.04","0","427.03986","15","32.22164","3","94276.11","2925.8628","0","0","0","0","0","0","0","0","0","0","0","0","0","0","0","93.442764","70.473335","22.969427","21.02572","0.817668"
"D:\HAA\dACC revisions\Run 4\Br2720_dlPFC_20x_img_011-MaxIP-Stitched_unmixed-rotated.nd2","Layer 1","dACC_v17_ FISH-IF v2.4.4","2514","1631","1656","2119","2146","0","1","1","0","1","1","2391.8875","0","387.46786","0","0","0","0","0","1","2.209484","0","2099.516","950.2292","9","7.687163","1","7011.2915","832.3333","29","34.339066","3","42777.727","1245.7454","96.34271","61.589367","34.75334","26.174877","0.702115"
"D:\HAA\dACC revisions\Run 4\Br2720_dlPFC_20x_img_011-MaxIP-Stitched_unmixed-rotated.nd2","Layer 1","dACC_v17_ FISH-IF v2.4.4","2515","1408","1435","2156","2179","0","0","1","0","1","1","2794.316","0","579.40656","0","0","0","0","0","0","0","0","0","0","0","0","0","0","0","21","25.409067","3","31289.332","1231.424","91.73962","61.589367","30.150251","24.458492","0.810462"
"D:\HAA\dACC revisions\Run 4\Br2720_dlPFC_20x_img_011-MaxIP-Stitched_unmixed-rotated.nd2","Layer 1","dACC_v17_ FISH-IF v2.4.4","2516","1676","1697","2169","2190","0","0","0","0","1","1","948.73785","0","159.95035","2","3.452319","0","4406.5396","1276.4","0","0","0","0","0","0","0","0","0","0","0","0","0","0","0","62.325863","52.843494","9.482369","13.301987","0.881798"
"D:\HAA\dACC revisions\Run 4\Br2720_dlPFC_20x_img_011-MaxIP-Stitched_unmixed-rotated.nd2","Layer 1","dACC_v17_ FISH-IF v2.4.4","2517","1787","1818","2173","2203","0","1","0","0","1","1","1681.1171","0","277.568","0","0","0","0","0","2","1.380928","0","941.93066","682.1","61","40.875454","4","58561.547","1432.6824","0","0","0","0","0","131.74048","87.688896","44.051586","29.607647","0.911971"
"D:\HAA\dACC revisions\Run 4\Br2720_dlPFC_20x_img_011-MaxIP-Stitched_unmixed-rotated.nd2","Layer 1","dACC_v17_ FISH-IF v2.4.4","2518","1417","1440","2177","2203","0","0","1","0","1","1","2582.6438","0","426.93533","0","0","0","0","0","0","0","0","0","0","1","0.552371","0","360.4221","652.5","8","14.177523","1","9645.181","680.31494","84.006424","49.11499","34.891434","25.74578","0.874593"
"D:\HAA\dACC revisions\Run 4\Br2720_dlPFC_20x_img_011-MaxIP-Stitched_unmixed-rotated.nd2","Layer 1","dACC_v17_ FISH-IF v2.4.4","2519","1616","1641","2176","2200","0","0","1","0","1","1","2304.336","0","310.22064","0","0","0","0","0","1","0.736495","0","535.6158","727.25","0","0","0","0","0","5","11.461699","1","6499.5195","567.0643","78.85096","54.868855","23.982107","23.171202","0.713374"
"D:\HAA\dACC revisions\Run 4\Br2720_dlPFC_20x_img_011-MaxIP-Stitched_unmixed-rotated.nd2","Layer 1","dACC_v17_ FISH-IF v2.4.4","2520","1634","1654","2184","2205","0","0","0","0","1","1","2035.6593","0","319.51248","0","0","0","0","0","0","0","0","0","0","0","0","0","0","0","0","0","0","0","0","56.986275","42.394474","14.591801","16.949305","0.783558"
"D:\HAA\dACC revisions\Run 4\Br2720_dlPFC_20x_img_011-MaxIP-Stitched_unmixed-rotated.nd2","Layer 1","dACC_v17_ FISH-IF v2.4.4","2521","1523","1557","2187","2223","1","1","1","0","1","1","839.98376","0","169.53156","0","0","0","0","0","5","11.139482","1","14481.695","1300.0331","6","5.569741","1","4089.893","734.3058","68","97.90776","4","108188.08","1105","164.60657","105.04256","59.564007","37.76048","0.681936"
"D:\HAA\dACC revisions\Run 4\Br2720_dlPFC_20x_img_011-MaxIP-Stitched_unmixed-rotated.nd2","Layer 1","dACC_v17_ FISH-IF v2.4.4","2522","1568","1597","2211","2237","0","1","1","0","1","1","1956.8329","0","371.07745","0","0","0","0","0","0","0","0","0","0","15","15.144172","3","13734.106","906.89056","30","54.454575","4","45413.734","833.9747","110.38214","78.43668","31.945457","25.316685","0.852452"
"D:\HAA\dACC revisions\Run 4\Br2720_dlPFC_20x_img_011-MaxIP-Stitched_unmixed-rotated.nd2","Layer 1","dACC_v17_ FISH-IF v2.4.4","2523","1429","1457","2214","2233","0","0","0","0","1","1","1469.7662","0","400.80206","0","0","0","0","0","0","0","0","0","0","0","0","0","0","0","1","0.644433","0","298.3724","463","71.71617","49.06896","22.647211","21.883913","0.703661"
"D:\HAA\dACC revisions\Run 4\Br2720_dlPFC_20x_img_011-MaxIP-Stitched_unmixed-rotated.nd2","Layer 1","dACC_v17_ FISH-IF v2.4.4","2524","1436","1460","2228","2245","0","0","0","0","1","1","1403.7921","0","349.00165","0","0","0","0","0","0","0","0","0","0","0","0","0","0","0","0","0","0","0","0","43.038906","27.756643","15.282265","19.738432","0.623957"
"D:\HAA\dACC revisions\Run 4\Br2720_dlPFC_20x_img_011-MaxIP-Stitched_unmixed-rotated.nd2","Layer 1","dACC_v17_ FISH-IF v2.4.4","2525","1428","1448","2233","2252","0","0","0","0","1","1","1700.9727","0","290.788","0","0","0","0","0","0","0","0","0","0","0","0","0","0","0","0","0","0","0","0","47.826122","36.04221","11.783915","15.662017","0.769494"
"D:\HAA\dACC revisions\Run 4\Br2720_dlPFC_20x_img_011-MaxIP-Stitched_unmixed-rotated.nd2","Layer 1","dACC_v17_ FISH-IF v2.4.4","2526","1418","1445","2255","2285","0","0","0","1","1","1","1958.6919","0","381.87268","5","13.901337","1","16187.646","1164.4669","0","0","0","0","0","0","0","0","0","0","0","0","0","0","0","117.562965","81.70488","35.858086","26.603973","0.867707"
"D:\HAA\dACC revisions\Run 4\Br2720_dlPFC_20x_img_011-MaxIP-Stitched_unmixed-rotated.nd2","Layer 1","dACC_v17_ FISH-IF v2.4.4","2527","1803","1830","2261","2285","0","0","0","1","1","1","2265.3647","0","435.8861","8","10.449018","1","9178.749","878.4317","0","0","0","0","0","0","0","0","0","0","0","0","0","0","0","96.80302","71.94633","24.856695","21.883913","0.862172"
"D:\HAA\dACC revisions\Run 4\Br2720_dlPFC_20x_img_011-MaxIP-Stitched_unmixed-rotated.nd2","Layer 1","dACC_v17_ FISH-IF v2.4.4","2528","2376","2412","3518","3555","1","0","0","0","1","1","1228.3506","0","379.62332","0","0","0","0","0","27","40.461178","3","52360.63","1294.0956","1","0.782526","0","588.137","751.58826","0","0","0","0","0","165.29703","105.82508","59.471947","40.9787","0.721549"
"D:\HAA\dACC revisions\Run 4\Br2720_dlPFC_20x_img_011-MaxIP-Stitched_unmixed-rotated.nd2","Layer 1","dACC_v17_ FISH-IF v2.4.4","2529","2360","2387","3534","3561","1","0","0","0","1","1","2545.048","0","365.47656","0","0","0","0","0","6","12.244224","1","17096.572","1396.297","1","0.736495","0","484.93573","658.4375","0","0","0","0","0","107.06792","73.60344","33.464478","25.316685","0.940789"
"D:\HAA\dACC revisions\Run 4\Br2720_dlPFC_20x_img_011-MaxIP-Stitched_unmixed-rotated.nd2","Layer 1","dACC_v17_ FISH-IF v2.4.4","2530","2464","2490","3534","3561","0","0","0","0","1","1","2237.216","0","359.99692","0","0","0","0","0","2","0.828557","0","519.3668","626.8333","1","0.598402","0","398.8579","666.53845","0","0","0","0","0","102.14261","74.43199","27.710613","23.171202","0.896357"
"D:\HAA\dACC revisions\Run 4\Br2720_dlPFC_20x_img_011-MaxIP-Stitched_unmixed-rotated.nd2","Layer 1","dACC_v17_ FISH-IF v2.4.4","2531","2302","2324","3544","3572","0","0","0","0","1","1","2026.4938","0","407.5631","0","0","0","0","0","0","0","0","0","0","0","0","0","0","0","0","0","0","0","0","92.66024","70.38127","22.278965","20.596624","0.790445"
"D:\HAA\dACC revisions\Run 4\Br2720_dlPFC_20x_img_011-MaxIP-Stitched_unmixed-rotated.nd2","Layer 1","dACC_v17_ FISH-IF v2.4.4","2532","2358","2384","3604","3633","0","0","0","0","1","1","2533.9119","0","460.07486","2","3.176133","0","2898.751","912.6667","0","0","0","0","0","0","0","0","0","0","0","0","0","0","0","106.101265","76.871635","29.229633","24.029396","0.796334"
"D:\HAA\dACC revisions\Run 4\Br2720_dlPFC_20x_img_011-MaxIP-Stitched_unmixed-rotated.nd2","Layer 1","dACC_v17_ FISH-IF v2.4.4","2533","2310","2336","3613","3641","0","0","0","0","1","1","2125.4338","0","456.8728","2","9.390307","0","10372.192","1104.5637","0","0","0","0","0","0","0","0","0","0","0","0","0","0","0","105.5489","76.365295","29.183601","24.243944","0.84148"
"D:\HAA\dACC revisions\Run 4\Br2720_dlPFC_20x_img_011-MaxIP-Stitched_unmixed-rotated.nd2","Layer 1","dACC_v17_ FISH-IF v2.4.4","2534","2268","2287","3625","3643","0","0","0","0","1","1","629.23895","0","116.51222","0","0","0","0","0","0","0","0","0","0","0","0","0","0","0","0","0","0","0","0","50.403854","45.202362","5.201494","9.011024","0.876879"
"D:\HAA\dACC revisions\Run 4\Br2720_dlPFC_20x_img_011-MaxIP-Stitched_unmixed-rotated.nd2","Layer 1","dACC_v17_ FISH-IF v2.4.4","2535","2512","2545","3640","3668","0","0","0","0","1","1","2065.0256","0","391.04556","0","0","0","0","0","0","0","0","0","0","0","0","0","0","0","0","0","0","0","0","132.0627","88.885704","43.177002","30.036743","0.77888"
"D:\HAA\dACC revisions\Run 4\Br2720_dlPFC_20x_img_011-MaxIP-Stitched_unmixed-rotated.nd2","Layer 1","dACC_v17_ FISH-IF v2.4.4","2536","2584","2620","3654","3688","0","0","0","0","1","1","2531.0127","0","638.5361","0","0","0","0","0","0","0","0","0","0","0","0","0","0","0","0","0","0","0","0","158.20827","89.29998","68.90829","41.622345","0.65934"
"D:\HAA\dACC revisions\Run 4\Br2720_dlPFC_20x_img_011-MaxIP-Stitched_unmixed-rotated.nd2","Layer 1","dACC_v17_ FISH-IF v2.4.4","2537","2554","2573","3656","3675","0","0","0","0","1","1","2350.1064","0","398.7427","0","0","0","0","0","0","0","0","0","0","0","0","0","0","0","0","0","0","0","0","49.06896","42.578598","6.490359","11.156505","0.776475"
"D:\HAA\dACC revisions\Run 4\Br2720_dlPFC_20x_img_011-MaxIP-Stitched_unmixed-rotated.nd2","Layer 1","dACC_v17_ FISH-IF v2.4.4","2538","2565","2587","3662","3689","0","0","0","0","1","1","2945.9775","0","465.43732","0","0","0","0","0","0","0","0","0","0","0","0","0","0","0","0","0","0","0","0","79.633484","48.838802","30.794683","24.243944","0.792503"
"D:\HAA\dACC revisions\Run 4\Br2720_dlPFC_20x_img_011-MaxIP-Stitched_unmixed-rotated.nd2","Layer 1","dACC_v17_ FISH-IF v2.4.4","2539","2315","2341","3668","3698","0","0","0","0","1","1","2294.3938","0","347.58557","0","0","0","0","0","0","0","0","0","0","0","0","0","0","0","0","0","0","0","0","113.37415","80.416016","32.958138","25.74578","0.800232"
"D:\HAA\dACC revisions\Run 4\Br2720_dlPFC_20x_img_011-MaxIP-Stitched_unmixed-rotated.nd2","Layer 1","dACC_v17_ FISH-IF v2.4.4","2540","2571","2592","3708","3728","0","0","0","0","1","1","1328.8895","0","182.22821","0","0","0","0","0","0","0","0","0","0","0","0","0","0","0","0","0","0","0","0","59.564007","51.23241","8.331596","12.443794","0.870014"
"D:\HAA\dACC revisions\Run 4\Br2720_dlPFC_20x_img_011-MaxIP-Stitched_unmixed-rotated.nd2","Layer 1","dACC_v17_ FISH-IF v2.4.4","2541","2477","2509","3777","3818","0","0","0","0","1","1","1472.2234","0","298.79324","0","0","0","0","0","0","0","0","0","0","0","0","0","0","0","0","0","0","0","0","168.65729","109.09328","59.564007","40.335056","0.641103"
"D:\HAA\dACC revisions\Run 4\Br2720_dlPFC_20x_img_011-MaxIP-Stitched_unmixed-rotated.nd2","Layer 1","dACC_v17_ FISH-IF v2.4.4","2542","2281","2301","3790","3812","0","0","0","0","1","1","480","0","134.70111","0","0","0","0","0","1","2.439639","0","2032.219","833","1","1.426958","0","1053.5557","738.3226","0","0","0","0","0","63.108387","53.902203","9.206183","13.301987","0.742712"
"D:\HAA\dACC revisions\Run 4\Br2720_dlPFC_20x_img_011-MaxIP-Stitched_unmixed-rotated.nd2","Layer 1","dACC_v17_ FISH-IF v2.4.4","2543","1334","1365","3086","3122","0","1","1","0","1","1","1570.0049","0","222.79759","0","0","0","0","0","0","0","0","0","0","23","24.166231","3","20946.322","866.76","62","99.05853","4","97164.69","980.88153","155.5845","99.38075","56.20375","34.327705","0.749886"
"D:\HAA\dACC revisions\Run 4\Br2720_dlPFC_20x_img_011-MaxIP-Stitched_unmixed-rotated.nd2","Layer 1","dACC_v17_ FISH-IF v2.4.4","2544","1076","1110","3107","3132","0","1","1","0","1","1","1599.2502","0","385.6331","0","0","0","0","0","1","0.50634","0","317.84348","627.7273","17","18.918707","3","16021.567","846.8638","44","69.460655","4","69268.43","997.2326","111.21069","70.38127","40.829422","30.680387","0.715782"
"D:\HAA\dACC revisions\Run 4\Br2720_dlPFC_20x_img_011-MaxIP-Stitched_unmixed-rotated.nd2","Layer 1","dACC_v17_ FISH-IF v2.4.4","2545","1136","1159","3120","3151","0","0","0","0","1","1","2045.3643","0","348.51154","0","0","0","0","0","0","0","0","0","0","0","0","0","0","0","0","0","0","0","0","107.113945","79.81761","27.296333","24.458492","0.654214"
"D:\HAA\dACC revisions\Run 4\Br2720_dlPFC_20x_img_011-MaxIP-Stitched_unmixed-rotated.nd2","Layer 1","dACC_v17_ FISH-IF v2.4.4","2546","1087","1113","3129","3153","1","1","0","0","1","1","1747.778","0","780.92554","0","0","0","0","0","5","7.364947","1","6082.986","825.9375","10","11.047421","2","9982.449","881.561","0","0","0","0","0","94.82369","54.408543","40.415146","28.320358","0.740636"
"D:\HAA\dACC revisions\Run 4\Br2720_dlPFC_20x_img_011-MaxIP-Stitched_unmixed-rotated.nd2","Layer 1","dACC_v17_ FISH-IF v2.4.4","2547","1065","1088","3129","3153","0","0","1","0","1","1","3263.834","0","513.11194","0","0","0","0","0","0","0","0","0","0","0","0","0","0","0","19","37.239014","3","28330.832","760.7837","82.76359","60.024315","22.739273","21.02572","0.84358"
"D:\HAA\dACC revisions\Run 4\Br2720_dlPFC_20x_img_011-MaxIP-Stitched_unmixed-rotated.nd2","Layer 1","dACC_v17_ FISH-IF v2.4.4","2548","1285","1314","3140","3169","0","0","0","1","1","1","2047.8867","0","424.4683","11","26.421747","2","47704.05","1805.4844","0","0","0","0","0","0","0","0","0","0","0","0","0","0","0","119.72642","82.76359","36.962826","27.03307","0.888002"
"D:\HAA\dACC revisions\Run 4\Br2720_dlPFC_20x_img_011-MaxIP-Stitched_unmixed-rotated.nd2","Layer 1","dACC_v17_ FISH-IF v2.4.4","2549","1097","1112","3150","3175","0","0","0","0","1","1","3217.3113","0","573.47485","0","0","0","0","0","2","1.887268","0","1607.4917","812.1395","2","2.163453","0","1952.9537","902.70215","0","0","0","0","0","55.835503","27.434427","28.401075","22.956654","0.795159"
"D:\HAA\dACC revisions\Run 4\Br2720_dlPFC_20x_img_011-MaxIP-Stitched_unmixed-rotated.nd2","Layer 1","dACC_v17_ FISH-IF v2.4.4","2550","1113","1132","3149","3173","0","0","0","0","1","1","3447.7686","0","556.91296","0","0","0","0","0","1","0.920618","0","827.4518","898.8","0","0","0","0","0","0","0","0","0","0","69.87493","44.419834","25.455097","21.454817","0.798937"
"D:\HAA\dACC revisions\Run 4\Br2720_dlPFC_20x_img_011-MaxIP-Stitched_unmixed-rotated.nd2","Layer 1","dACC_v17_ FISH-IF v2.4.4","2551","1079","1102","3152","3180","0","0","0","0","1","1","2942.912","0","476.4281","0","0","0","0","0","0","0","0","0","0","1","0.50634","0","333.17178","658","0","0","0","0","0","89.023796","57.63071","31.393085","24.67304","0.874172"
"D:\HAA\dACC revisions\Run 4\Br2720_dlPFC_20x_img_011-MaxIP-Stitched_unmixed-rotated.nd2","Layer 1","dACC_v17_ FISH-IF v2.4.4","2552","1034","1064","3152","3181","0","0","0","1","1","1","2385.634","0","373.41638","6","20.11551","1","36332.387","1806.1876","0","0","0","0","0","0","0","0","0","0","0","0","0","0","0","121.291466","83.68421","37.607258","27.891262","0.835997"
"D:\HAA\dACC revisions\Run 4\Br2720_dlPFC_20x_img_011-MaxIP-Stitched_unmixed-rotated.nd2","Layer 1","dACC_v17_ FISH-IF v2.4.4","2553","1405","1431","3154","3181","0","0","0","0","1","1","2755.8264","0","530.98785","0","0","0","0","0","0","0","0","0","0","1","1.334897","0","941.0101","704.931","1","0.368247","0","155.5845","422.5","103.15529","75.858955","27.296333","24.029396","0.754292"
"D:\HAA\dACC revisions\Run 4\Br2720_dlPFC_20x_img_011-MaxIP-Stitched_unmixed-rotated.nd2","Layer 1","dACC_v17_ FISH-IF v2.4.4","2554","1371","1397","3161","3190","0","1","1","0","1","1","2777.4539","0","459.0404","0","0","0","0","0","0","0","0","0","0","7","5.569741","1","5092.4927","914.314","17","21.772623","3","24305.383","1116.3276","98.64426","67.20514","31.439117","25.316685","0.812206"
"D:\HAA\dACC revisions\Run 4\Br2720_dlPFC_20x_img_011-MaxIP-Stitched_unmixed-rotated.nd2","Layer 1","dACC_v17_ FISH-IF v2.4.4","2555","1108","1136","3171","3199","0","0","0","0","1","1","2236.9797","0","438.8236","0","0","0","0","0","0","0","0","0","0","0","0","0","0","0","0","0","0","0","0","117.60899","78.80493","38.80406","27.03307","0.83464"
"D:\HAA\dACC revisions\Run 4\Br2720_dlPFC_20x_img_011-MaxIP-Stitched_unmixed-rotated.nd2","Layer 1","dACC_v17_ FISH-IF v2.4.4","2556","1354","1382","3171","3200","0","1","1","0","1","1","1950.2667","0","500.2364","0","0","0","0","0","0","0","0","0","0","13","13.348966","2","13449.037","1007.4966","65","76.043076","4","103563.72","1361.9086","108.26472","71.85426","36.410458","26.818521","0.836452"
"D:\HAA\dACC revisions\Run 4\Br2720_dlPFC_20x_img_011-MaxIP-Stitched_unmixed-rotated.nd2","Layer 1","dACC_v17_ FISH-IF v2.4.4","2557","1328","1353","3175","3200","0","0","0","0","1","1","3355.5027","0","460.5742","1","0.552371","0","411.42435","744.8333","0","0","0","0","0","0","0","0","0","0","3","5.109432","0","3616.097","707.72974","96.80302","71.34792","25.455097","22.31301","0.886492"
"D:\HAA\dACC revisions\Run 4\Br2720_dlPFC_20x_img_011-MaxIP-Stitched_unmixed-rotated.nd2","Layer 1","dACC_v17_ FISH-IF v2.4.4","2558","1330","1350","3206","3224","0","0","0","0","1","1","1025.9542","0","142.75465","0","0","0","0","0","0","0","0","0","0","0","0","0","0","0","1","1.841237","0","829.7994","450.675","52.935555","46.905506","6.03005","10.298312","0.868071"
"D:\HAA\dACC revisions\Run 4\Br2720_dlPFC_20x_img_011-MaxIP-Stitched_unmixed-rotated.nd2","Layer 1","dACC_v17_ FISH-IF v2.4.4","2559","1255","1279","3211","3239","0","0","0","0","1","1","2023.5225","0","290.2172","0","0","0","0","0","0","0","0","0","0","0","0","0","0","0","0","0","0","0","0","98.96647","73.327255","25.639221","21.883913","0.823862"
"D:\HAA\dACC revisions\Run 4\Br2720_dlPFC_20x_img_011-MaxIP-Stitched_unmixed-rotated.nd2","Layer 1","dACC_v17_ FISH-IF v2.4.4","2560","1056","1084","3232","3264","0","0","0","0","1","1","2266.0706","0","420.52567","0","0","0","0","0","0","0","0","0","0","0","0","0","0","0","0","0","0","0","0","126.81518","86.9524","39.862774","28.964003","0.771919"
"D:\HAA\dACC revisions\Run 4\Br2720_dlPFC_20x_img_011-MaxIP-Stitched_unmixed-rotated.nd2","Layer 1","dACC_v17_ FISH-IF v2.4.4","2561","1237","1266","3236","3261","0","0","0","0","1","1","2104.6677","0","368.2423","0","0","0","0","0","0","0","0","0","0","0","0","0","0","0","0","0","0","0","0","104.30606","76.18117","28.124891","23.600298","0.797708"
"D:\HAA\dACC revisions\Run 4\Br2720_dlPFC_20x_img_011-MaxIP-Stitched_unmixed-rotated.nd2","Layer 1","dACC_v17_ FISH-IF v2.4.4","2562","1374","1400","3239","3262","0","0","0","0","1","1","3317.9092","0","302.06915","0","0","0","0","0","0","0","0","0","0","0","0","0","0","0","1","0.598402","0","266.15076","444.76923","87.32065","66.56071","20.759943","19.738432","0.824512"
"D:\HAA\dACC revisions\Run 4\Br2720_dlPFC_20x_img_011-MaxIP-Stitched_unmixed-rotated.nd2","Layer 1","dACC_v17_ FISH-IF v2.4.4","2563","1098","1128","3248","3275","0","0","0","0","1","1","2622.904","0","391.80704","0","0","0","0","0","0","0","0","0","0","0","0","0","0","0","0","0","0","0","0","119.03595","82.53343","36.502518","26.603973","0.849935"
"D:\HAA\dACC revisions\Run 4\Br2720_dlPFC_20x_img_011-MaxIP-Stitched_unmixed-rotated.nd2","Layer 1","dACC_v17_ FISH-IF v2.4.4","2564","1379","1404","3262","3292","0","0","0","0","1","1","2745.2126","0","402.66934","0","0","0","0","0","0","0","0","0","0","0","0","0","0","0","0","0","0","0","0","114.57095","80.600136","33.970818","26.174877","0.776441"
"D:\HAA\dACC revisions\Run 4\Br2720_dlPFC_20x_img_011-MaxIP-Stitched_unmixed-rotated.nd2","Layer 1","dACC_v17_ FISH-IF v2.4.4","2565","1251","1284","3269","3298","0","0","0","1","1","1","2094.511","0","317.6389","13","31.899426","2","60843.023","1907.3391","0","0","0","0","0","0","0","0","0","0","0","0","0","0","0","131.69446","89.99044","41.70401","30.894936","0.722849"
"D:\HAA\dACC revisions\Run 4\Br2720_dlPFC_20x_img_011-MaxIP-Stitched_unmixed-rotated.nd2","Layer 1","dACC_v17_ FISH-IF v2.4.4","2566","1359","1382","3300","3320","0","0","0","0","1","1","2312.4211","0","257.0016","0","0","0","0","0","0","0","0","0","0","0","0","0","0","0","0","0","0","0","0","68.90829","57.538647","11.369637","15.447468","0.738783"
"D:\HAA\dACC revisions\Run 4\Br2720_dlPFC_20x_img_011-MaxIP-Stitched_unmixed-rotated.nd2","Layer 1","dACC_v17_ FISH-IF v2.4.4","2567","1079","1098","3330","3352","0","0","1","0","1","1","1920.8759","0","261.85934","0","0","0","0","0","0","0","0","0","0","0","0","0","0","0","10","14.085461","2","15782.345","1120.4706","62.2338","47.780094","14.453708","17.59295","0.703585"
"D:\HAA\dACC revisions\Run 4\Br2720_dlPFC_20x_img_011-MaxIP-Stitched_unmixed-rotated.nd2","Layer 1","dACC_v17_ FISH-IF v2.4.4","2568","1232","1262","3331","3357","0","0","1","0","1","1","2115.4106","0","383.8142","2","3.176133","0","2826.4824","889.913","0","0","0","0","0","0","0","0","0","0","58","64.1671","4","90839.44","1415.67","111.02657","77.055756","33.970818","26.174877","0.757192"
"D:\HAA\dACC revisions\Run 4\Br2720_dlPFC_20x_img_011-MaxIP-Stitched_unmixed-rotated.nd2","Layer 1","dACC_v17_ FISH-IF v2.4.4","2569","1098","1121","3332","3353","0","0","1","0","1","1","1569.2665","0","278.57986","0","0","0","0","0","0","0","0","0","0","0","0","0","0","0","17","31.715302","3","26109.979","823.2612","72.08442","55.329163","16.755255","21.02572","0.573231"
"D:\HAA\dACC revisions\Run 4\Br2720_dlPFC_20x_img_011-MaxIP-Stitched_unmixed-rotated.nd2","Layer 1","dACC_v17_ FISH-IF v2.4.4","2570","1125","1144","3335","3350","0","0","0","0","1","1","897.26447","0","196.10924","0","0","0","0","0","0","0","0","0","0","0","0","0","0","0","1","4.464999","0","2386.2888","534.4433","46.445194","40.875454","5.569741","9.869216","0.846115"
"D:\HAA\dACC revisions\Run 4\Br2720_dlPFC_20x_img_011-MaxIP-Stitched_unmixed-rotated.nd2","Layer 1","dACC_v17_ FISH-IF v2.4.4","2571","1017","1044","3348","3377","0","0","1","0","1","1","2647.5864","0","342.8971","0","0","0","0","0","0","0","0","0","0","0","0","0","0","0","45","50.357822","4","71006.92","1410.0475","113.144","79.633484","33.51051","25.316685","0.880774"
"D:\HAA\dACC revisions\Run 4\Br2720_dlPFC_20x_img_011-MaxIP-Stitched_unmixed-rotated.nd2","Layer 1","dACC_v17_ FISH-IF v2.4.4","2572","1126","1147","3351","3369","0","0","0","0","1","1","1470.598","0","215.22087","1","1.795206","0","1467.4197","817.4103","0","0","0","0","0","0","0","0","0","0","0","0","0","0","0","58.781483","49.391174","9.390307","13.087439","0.807634"
"D:\HAA\dACC revisions\Run 4\Br2720_dlPFC_20x_img_011-MaxIP-Stitched_unmixed-rotated.nd2","Layer 1","dACC_v17_ FISH-IF v2.4.4","2573","1238","1266","3354","3376","0","0","0","1","1","1","1637.234","0","243.13503","9","16.847317","1","21469.74","1274.3716","0","0","0","0","0","0","0","0","0","0","1","1.334897","0","929.088","696","82.76359","65.45596","17.307625","21.240269","0.595613"
"D:\HAA\dACC revisions\Run 4\Br2720_dlPFC_20x_img_011-MaxIP-Stitched_unmixed-rotated.nd2","Layer 1","dACC_v17_ FISH-IF v2.4.4","2574","1258","1286","3422","3454","0","0","0","0","1","1","2051.8645","0","351.1453","0","0","0","0","0","0","0","0","0","0","0","0","0","0","0","0","0","0","0","0","134.22615","89.34601","44.880146","29.393099","0.850263"
"D:\HAA\dACC revisions\Run 4\Br2720_dlPFC_20x_img_011-MaxIP-Stitched_unmixed-rotated.nd2","Layer 1","dACC_v17_ FISH-IF v2.4.4","2575","1330","1357","3424","3451","0","0","0","1","1","1","2493.269","0","484.53625","5","16.61716","1","28457.143","1712.5153","0","0","0","0","0","0","0","0","0","0","1","0.598402","0","299.8454","501.07693","109.41549","78.11446","31.301023","24.243944","0.898833"
"D:\HAA\dACC revisions\Run 4\Br2720_dlPFC_20x_img_011-MaxIP-Stitched_unmixed-rotated.nd2","Layer 1","dACC_v17_ FISH-IF v2.4.4","2576","1173","1193","3424","3442","0","0","0","0","1","1","401.61157","0","142.8969","0","0","0","0","0","0","0","0","0","0","0","0","0","0","0","0","0","0","0","0","51.554626","45.984886","5.569741","9.869216","0.8419"
"D:\HAA\dACC revisions\Run 4\Br2720_dlPFC_20x_img_011-MaxIP-Stitched_unmixed-rotated.nd2","Layer 1","dACC_v17_ FISH-IF v2.4.4","2577","1213","1235","3450","3470","0","0","0","0","1","1","381.37442","0","147.54614","0","0","0","0","0","0","0","0","0","0","0","0","0","0","0","1","3.682473","0","1997.6958","542.4875","64.581375","54.868855","9.712523","15.018372","0.666289"
"D:\HAA\dACC revisions\Run 4\Br2720_dlPFC_20x_img_011-MaxIP-Stitched_unmixed-rotated.nd2","Layer 1","dACC_v17_ FISH-IF v2.4.4","2578","1236","1259","3451","3472","0","0","0","0","1","1","994.6097","0","224.42346","0","0","0","0","0","0","0","0","0","0","0","0","0","0","0","0","0","0","0","0","74.708176","60.438595","14.269585","17.163853","0.731932"
"D:\HAA\dACC revisions\Run 4\Br2720_dlPFC_20x_img_011-MaxIP-Stitched_unmixed-rotated.nd2","Layer 1","dACC_v17_ FISH-IF v2.4.4","2579","1147","1178","3457","3484","0","0","0","1","1","1","2147.9114","0","376.68182","6","13.394997","1","18563.855","1385.8798","0","0","0","0","0","0","0","0","0","0","0","0","0","0","0","120.96925","84.05245","36.916798","27.891262","0.76878"
"D:\HAA\dACC revisions\Run 4\Br2720_dlPFC_20x_img_011-MaxIP-Stitched_unmixed-rotated.nd2","Layer 1","dACC_v17_ FISH-IF v2.4.4","2580","1336","1362","3483","3510","0","0","0","0","1","1","3385.9375","0","494.5625","0","0","0","0","0","0","0","0","0","0","0","0","0","0","0","1","0.460309","0","209.39464","454.9","101.59023","74.38596","27.204271","23.171202","0.838233"
"D:\HAA\dACC revisions\Run 4\Br2720_dlPFC_20x_img_011-MaxIP-Stitched_unmixed-rotated.nd2","Layer 1","dACC_v17_ FISH-IF v2.4.4","2581","1213","1240","3487","3510","0","0","0","1","1","1","3241.5452","0","503.77722","10","21.818655","2","38633.242","1766.9242","0","0","0","0","0","0","0","0","0","0","0","0","0","0","0","86.998436","63.016327","23.982107","21.883913","0.879163"
"D:\HAA\dACC revisions\Run 4\Br2720_dlPFC_20x_img_011-MaxIP-Stitched_unmixed-rotated.nd2","Layer 1","dACC_v17_ FISH-IF v2.4.4","2582","3101","3127","3494","3514","0","0","0","0","1","1","3011.9827","0","483.49445","0","0","0","0","0","0","0","0","0","0","0","0","0","0","0","0","0","0","0","0","83.08581","53.902203","29.183601","22.742105","0.830478"
"D:\HAA\dACC revisions\Run 4\Br2720_dlPFC_20x_img_011-MaxIP-Stitched_unmixed-rotated.nd2","Layer 1","dACC_v17_ FISH-IF v2.4.4","2583","3378","3410","3506","3530","0","0","0","0","1","1","2840.9297","0","355.5565","0","0","0","0","0","0","0","0","0","0","0","0","0","0","0","0","0","0","0","0","113.92652","81.889","32.037518","25.316685","0.747739"
"D:\HAA\dACC revisions\Run 4\Br2720_dlPFC_20x_img_011-MaxIP-Stitched_unmixed-rotated.nd2","Layer 1","dACC_v17_ FISH-IF v2.4.4","2584","3099","3126","3514","3534","0","0","0","0","1","1","3123.0107","0","474.5595","0","0","0","0","0","0","0","0","0","0","0","0","0","0","0","0","0","0","0","0","84.32864","54.13236","30.196281","23.600298","0.833452"
"D:\HAA\dACC revisions\Run 4\Br2720_dlPFC_20x_img_011-MaxIP-Stitched_unmixed-rotated.nd2","Layer 1","dACC_v17_ FISH-IF v2.4.4","2585","3157","3177","3520","3539","0","0","0","0","1","1","359.55225","0","129.25217","0","0","0","0","0","0","0","0","0","0","0","0","0","0","0","0","0","0","0","0","53.810143","47.642","6.168143","10.727408","0.793723"
"D:\HAA\dACC revisions\Run 4\Br2720_dlPFC_20x_img_011-MaxIP-Stitched_unmixed-rotated.nd2","Layer 1","dACC_v17_ FISH-IF v2.4.4","2586","3279","3310","3523","3549","1","0","0","0","1","1","1804.2891","0","480.11832","0","0","0","0","0","11","21.358345","2","28867.645","1351.5862","2","1.51902","0","1152.384","758.63635","0","0","0","0","0","107.25204","68.07973","39.17231","28.749454","0.821293"
"D:\HAA\dACC revisions\Run 4\Br2720_dlPFC_20x_img_011-MaxIP-Stitched_unmixed-rotated.nd2","Layer 1","dACC_v17_ FISH-IF v2.4.4","2587","3287","3316","3542","3566","0","0","0","1","1","1","2398.95","0","404.63962","7","20.483759","1","32995.79","1610.827","2","2.255515","0","2473.103","1096.4694","1","1.288866","0","1017.1912","789.2143","0","0","0","0","0","92.38405","62.970295","29.413755","24.029396","0.756844"
"D:\HAA\dACC revisions\Run 4\Br2720_dlPFC_20x_img_011-MaxIP-Stitched_unmixed-rotated.nd2","Layer 1","dACC_v17_ FISH-IF v2.4.4","2588","3398","3419","3554","3572","0","0","0","0","1","1","701.7417","0","137.95607","0","0","0","0","0","0","0","0","0","0","0","0","0","0","0","0","0","0","0","0","56.20375","49.253082","6.950668","11.156505","0.787134"
"D:\HAA\dACC revisions\Run 4\Br2720_dlPFC_20x_img_011-MaxIP-Stitched_unmixed-rotated.nd2","Layer 1","dACC_v17_ FISH-IF v2.4.4","2589","3178","3207","3555","3582","0","0","0","1","1","1","2667.8035","0","432.86548","4","15.282265","1","19352.135","1266.3132","0","0","0","0","0","0","0","0","0","0","0","0","0","0","0","109.41549","78.02241","31.393085","24.887589","0.883046"
"D:\HAA\dACC revisions\Run 4\Br2720_dlPFC_20x_img_011-MaxIP-Stitched_unmixed-rotated.nd2","Layer 1","dACC_v17_ FISH-IF v2.4.4","2590","3273","3299","3575","3611","0","0","0","1","1","1","1994.5592","0","335.9782","8","14.960048","1","19493.035","1303.0061","0","0","0","0","0","0","0","0","0","0","1","0.920618","0","439.73337","477.65","134.45631","92.89039","41.565918","31.324034","0.64736"
"D:\HAA\dACC revisions\Run 4\Br2720_dlPFC_20x_img_011-MaxIP-Stitched_unmixed-rotated.nd2","Layer 1","dACC_v17_ FISH-IF v2.4.4","2591","3179","3211","3604","3625","1","1","0","0","1","1","1259.2559","0","450.79523","0","0","0","0","0","9","16.801285","1","17797.9","1059.3177","10","8.239534","2","6861.967","832.81006","1","0.828557","0","366.222","442","98.73632","69.2305","29.505817","27.03307","0.709655"
"D:\HAA\dACC revisions\Run 4\Br2720_dlPFC_20x_img_011-MaxIP-Stitched_unmixed-rotated.nd2","Layer 1","dACC_v17_ FISH-IF v2.4.4","2592","3179","3203","3623","3644","1","0","0","0","1","1","2401.3555","0","534.6129","1","0.552371","0","414.0481","749.5833","7","9.666492","1","15582.708","1567.2546","1","0.782526","0","505.51154","646","0","0","0","0","0","72.03838","53.395863","18.64252","18.88024","0.794786"
"D:\HAA\dACC revisions\Run 4\Br2720_dlPFC_20x_img_011-MaxIP-Stitched_unmixed-rotated.nd2","Layer 1","dACC_v17_ FISH-IF v2.4.4","2593","3090","3118","3623","3651","1","0","0","0","1","1","2527.1306","0","423.7088","0","0","0","0","0","10","13.072781","2","16994.201","1299.9683","0","0","0","0","0","1","1.01268","0","458.3759","452.63635","113.46621","76.8256","36.64061","27.03307","0.84413"
"D:\HAA\dACC revisions\Run 4\Br2720_dlPFC_20x_img_011-MaxIP-Stitched_unmixed-rotated.nd2","Layer 1","dACC_v17_ FISH-IF v2.4.4","2594","3269","3297","3623","3658","1","1","0","0","1","1","1485.6554","0","491.86417","2","1.657113","0","1282.7435","774.0833","6","9.022059","1","8555.8125","880.9052","4","3.866597","1","3450.4316","892.369","0","0","0","0","0","135.83723","87.09049","48.746742","33.89861","0.695857"
"D:\HAA\dACC revisions\Run 4\Br2720_dlPFC_20x_img_011-MaxIP-Stitched_unmixed-rotated.nd2","Layer 1","dACC_v17_ FISH-IF v2.4.4","2595","3242","3270","3624","3658","0","0","0","0","1","1","2902.8994","0","693.7817","1","1.334897","0","1067.1808","799.4483","1","1.288866","0","1196.7578","928.5357","0","0","0","0","0","0","0","0","0","0","143.24821","87.91905","55.329163","34.327705","0.794843"
"D:\HAA\dACC revisions\Run 4\Br2720_dlPFC_20x_img_011-MaxIP-Stitched_unmixed-rotated.nd2","Layer 1","dACC_v17_ FISH-IF v2.4.4","2596","3104","3137","3641","3672","1","0","0","0","1","1","1420.5145","0","482.76047","0","0","0","0","0","25","34.983498","3","47516.473","1358.2539","0","0","0","0","0","0","0","0","0","0","133.44363","88.97776","44.465866","32.396774","0.781288"
"D:\HAA\dACC revisions\Run 4\Br2720_dlPFC_20x_img_011-MaxIP-Stitched_unmixed-rotated.nd2","Layer 1","dACC_v17_ FISH-IF v2.4.4","2597","3301","3330","3650","3678","0","0","0","0","1","1","2137.7925","0","435.65894","3","11.783915","0","18256.23","1549.25","1","0.966649","0","754.7229","780.7619","0","0","0","0","0","0","0","0","0","0","118.52961","83.26993","35.25968","26.603973","0.834647"
"D:\HAA\dACC revisions\Run 4\Br2720_dlPFC_20x_img_011-MaxIP-Stitched_unmixed-rotated.nd2","Layer 1","dACC_v17_ FISH-IF v2.4.4","2598","3370","3391","3666","3688","0","0","0","0","1","1","1237.7422","0","178.2734","0","0","0","0","0","0","0","0","0","0","0","0","0","0","0","0","0","0","0","0","65.409935","55.05298","10.356956","13.945631","0.785067"
"D:\HAA\dACC revisions\Run 4\Br2720_dlPFC_20x_img_011-MaxIP-Stitched_unmixed-rotated.nd2","Layer 1","dACC_v17_ FISH-IF v2.4.4","2599","3272","3304","3669","3702","0","0","0","0","1","1","1953.9666","0","331.046","0","0","0","0","0","0","0","0","0","0","0","0","0","0","0","0","0","0","0","0","138.461","93.07452","45.386486","32.61132","0.721207"
"D:\HAA\dACC revisions\Run 4\Br2720_dlPFC_20x_img_011-MaxIP-Stitched_unmixed-rotated.nd2","Layer 1","dACC_v17_ FISH-IF v2.4.4","2600","3373","3401","3696","3720","0","0","0","0","1","1","2536.4966","0","408.4718","0","0","0","0","0","0","0","0","0","0","0","0","0","0","0","0","0","0","0","0","94.77766","60.392563","34.385094","25.316685","0.801633"
"D:\HAA\dACC revisions\Run 4\Br2720_dlPFC_20x_img_011-MaxIP-Stitched_unmixed-rotated.nd2","Layer 1","dACC_v17_ FISH-IF v2.4.4","2601","3379","3415","3716","3739","0","0","0","0","1","1","2257.05","0","492.09875","0","0","0","0","0","0","0","0","0","0","0","0","0","0","0","0","0","0","0","0","110.151985","58.73545","51.416534","37.116833","0.614591"
"D:\HAA\dACC revisions\Run 4\Br2720_dlPFC_20x_img_011-MaxIP-Stitched_unmixed-rotated.nd2","Layer 1","dACC_v17_ FISH-IF v2.4.4","2602","3038","3064","3728","3752","0","0","0","0","1","1","3602.612","0","399.6298","0","0","0","0","0","0","0","0","0","0","0","0","0","0","0","0","0","0","0","0","92.89039","69.87493","23.01546","21.02572","0.863493"
"D:\HAA\dACC revisions\Run 4\Br2720_dlPFC_20x_img_011-MaxIP-Stitched_unmixed-rotated.nd2","Layer 1","dACC_v17_ FISH-IF v2.4.4","2603","3401","3435","3734","3762","0","0","0","0","1","1","2665.1775","0","422.70557","0","0","0","0","0","0","0","0","0","0","0","0","0","0","0","0","0","0","0","0","120.50894","66.28452","54.224422","37.331383","0.652079"
"D:\HAA\dACC revisions\Run 4\Br2720_dlPFC_20x_img_011-MaxIP-Stitched_unmixed-rotated.nd2","Layer 1","dACC_v17_ FISH-IF v2.4.4","2604","3073","3103","3736","3765","0","0","0","0","1","1","2291.447","0","344.7261","0","0","0","0","0","0","0","0","0","0","0","0","0","0","0","0","0","0","0","0","126.07868","85.70957","40.369114","28.749454","0.838653"
"D:\HAA\dACC revisions\Run 4\Br2720_dlPFC_20x_img_011-MaxIP-Stitched_unmixed-rotated.nd2","Layer 1","dACC_v17_ FISH-IF v2.4.4","2605","3387","3408","3739","3762","0","0","0","0","1","1","2462.8718","0","362.98996","0","0","0","0","0","0","0","0","0","0","0","0","0","0","0","0","0","0","0","0","69.92097","45.846794","24.07417","22.527557","0.81959"
"D:\HAA\dACC revisions\Run 4\Br2720_dlPFC_20x_img_011-MaxIP-Stitched_unmixed-rotated.nd2","Layer 1","dACC_v17_ FISH-IF v2.4.4","2606","3136","3163","3771","3794","0","0","0","0","1","1","1845.429","0","293.82935","0","0","0","0","0","0","0","0","0","0","0","0","0","0","0","0","0","0","0","0","85.57147","67.435295","18.13618","20.167528","0.70422"
"D:\HAA\dACC revisions\Run 4\Br2720_dlPFC_20x_img_011-MaxIP-Stitched_unmixed-rotated.nd2","Layer 1","dACC_v17_ FISH-IF v2.4.4","2607","3180","3199","3808","3826","0","0","0","0","1","1","758.9225","0","144.46397","0","0","0","0","0","0","0","0","0","0","0","0","0","0","0","0","0","0","0","0","52.567307","46.62932","5.937988","9.869216","0.906136"
"D:\HAA\dACC revisions\Run 4\Br2720_dlPFC_20x_img_011-MaxIP-Stitched_unmixed-rotated.nd2","Layer 1","dACC_v17_ FISH-IF v2.4.4","2608","4552","4571","2694","2714","0","0","0","0","1","1","985.7683","0","161.45833","0","0","0","0","0","0","0","0","0","0","0","0","0","0","0","0","0","0","0","0","57.262463","49.71339","7.54907","11.585601","0.853855"
"D:\HAA\dACC revisions\Run 4\Br2720_dlPFC_20x_img_011-MaxIP-Stitched_unmixed-rotated.nd2","Layer 1","dACC_v17_ FISH-IF v2.4.4","2609","4436","4458","2706","2726","0","0","0","0","1","1","1901.0172","0","253.23071","1","5.753865","0","6510.613","1131.52","0","0","0","0","0","0","0","0","0","0","0","0","0","0","0","66.19246","55.467255","10.725204","14.160179","0.803604"
"D:\HAA\dACC revisions\Run 4\Br2720_dlPFC_20x_img_011-MaxIP-Stitched_unmixed-rotated.nd2","Layer 1","dACC_v17_ FISH-IF v2.4.4","2610","4241","4259","2722","2740","0","0","0","0","1","1","371.14706","0","119.7542","0","0","0","0","0","0","0","0","0","0","0","0","0","0","0","0","0","0","0","0","48.516586","43.821434","4.695154","9.011024","0.917681"
"D:\HAA\dACC revisions\Run 4\Br2720_dlPFC_20x_img_011-MaxIP-Stitched_unmixed-rotated.nd2","Layer 1","dACC_v17_ FISH-IF v2.4.4","2611","4247","4273","2739","2760","0","0","0","0","1","1","702.9331","0","151.50337","0","0","0","0","0","1","0.920618","0","632.69495","687.25","0","0","0","0","0","0","0","0","0","0","74.61612","61.543335","13.072781","17.163853","0.664435"
"D:\HAA\dACC revisions\Run 4\Br2720_dlPFC_20x_img_011-MaxIP-Stitched_unmixed-rotated.nd2","Layer 1","dACC_v17_ FISH-IF v2.4.4","2612","4329","4363","2776","2807","1","0","0","0","1","1","1994.5605","0","342.02362","0","0","0","0","0","6","8.285565","1","7531.993","909.05","0","0","0","0","0","0","0","0","0","0","142.09744","93.48879","48.60865","33.040417","0.794807"
"D:\HAA\dACC revisions\Run 4\Br2720_dlPFC_20x_img_011-MaxIP-Stitched_unmixed-rotated.nd2","Layer 1","dACC_v17_ FISH-IF v2.4.4","2613","4357","4386","2805","2833","0","0","0","1","1","1","2418.4412","0","514.46045","7","19.425047","1","25180.615","1296.2963","0","0","0","0","0","0","0","0","0","0","0","0","0","0","0","112.95987","79.77158","33.18829","26.174877","0.887404"
"D:\HAA\dACC revisions\Run 4\Br2720_dlPFC_20x_img_011-MaxIP-Stitched_unmixed-rotated.nd2","Layer 1","dACC_v17_ FISH-IF v2.4.4","2614","4548","4571","2811","2831","0","0","0","0","1","1","1536.1292","0","212.24533","0","0","0","0","0","0","0","0","0","0","0","0","0","0","0","0","0","0","0","0","67.71148","56.66406","11.047421","15.018372","0.748628"
"D:\HAA\dACC revisions\Run 4\Br2720_dlPFC_20x_img_011-MaxIP-Stitched_unmixed-rotated.nd2","Layer 1","dACC_v17_ FISH-IF v2.4.4","2615","4285","4314","2821","2852","0","0","0","0","1","1","1921.1797","0","356.71292","0","0","0","0","0","3","7.088761","0","5765.8325","813.37665","0","0","0","0","0","3","4.096752","0","1998.9386","487.9326","130.77383","87.22859","43.545246","29.607647","0.914882"
"D:\HAA\dACC revisions\Run 4\Br2720_dlPFC_20x_img_011-MaxIP-Stitched_unmixed-rotated.nd2","Layer 1","dACC_v17_ FISH-IF v2.4.4","2616","4323","4345","2826","2845","0","0","0","0","1","1","632.779","0","143.61913","0","0","0","0","0","0","0","0","0","0","0","0","0","0","0","0","0","0","0","0","60.300503","51.968906","8.331596","12.443794","0.767562"
"D:\HAA\dACC revisions\Run 4\Br2720_dlPFC_20x_img_011-MaxIP-Stitched_unmixed-rotated.nd2","Layer 1","dACC_v17_ FISH-IF v2.4.4","2617","4431","4458","2848","2871","0","0","0","0","1","1","2335.6643","0","358.30774","0","0","0","0","0","1","0.50634","0","322.9069","637.7273","0","0","0","0","0","1","3.038041","0","1669.8636","549.6515","88.65555","68.35591","20.299635","20.596624","0.758999"
"D:\HAA\dACC revisions\Run 4\Br2720_dlPFC_20x_img_011-MaxIP-Stitched_unmixed-rotated.nd2","Layer 1","dACC_v17_ FISH-IF v2.4.4","2618","4323","4355","2851","2882","0","0","0","0","1","1","2476.412","0","462.04956","0","0","0","0","0","0","0","0","0","0","0","0","0","0","0","0","0","0","0","0","137.7245","91.923744","45.800762","30.894936","0.833704"
"D:\HAA\dACC revisions\Run 4\Br2720_dlPFC_20x_img_011-MaxIP-Stitched_unmixed-rotated.nd2","Layer 1","dACC_v17_ FISH-IF v2.4.4","2619","4284","4314","2864","2888","0","0","0","0","1","1","1932.8325","0","333.32248","0","0","0","0","0","0","0","0","0","0","0","0","0","0","0","0","0","0","0","0","106.929825","77.79225","29.137571","24.458492","0.761604"
"D:\HAA\dACC revisions\Run 4\Br2720_dlPFC_20x_img_011-MaxIP-Stitched_unmixed-rotated.nd2","Layer 1","dACC_v17_ FISH-IF v2.4.4","2620","4209","4228","2882","2901","0","0","0","0","1","1","832.931","0","115.341324","3","7.134792","0","7142.387","1001.0645","0","0","0","0","0","0","0","0","0","0","0","0","0","0","0","54.68473","48.010246","6.674483","10.727408","0.904486"
"D:\HAA\dACC revisions\Run 4\Br2720_dlPFC_20x_img_011-MaxIP-Stitched_unmixed-rotated.nd2","Layer 1","dACC_v17_ FISH-IF v2.4.4","2621","4315","4342","2894","2914","0","0","0","0","1","1","635.2925","0","161.17647","0","0","0","0","0","1","1.104742","0","812.1695","735.1667","0","0","0","0","0","0","0","0","0","0","78.80493","64.1671","14.637832","17.807499","0.630707"
"D:\HAA\dACC revisions\Run 4\Br2720_dlPFC_20x_img_011-MaxIP-Stitched_unmixed-rotated.nd2","Layer 1","dACC_v17_ FISH-IF v2.4.4","2622","4388","4411","2897","2920","0","0","0","0","1","1","1286.7859","0","235.37018","0","0","0","0","0","3","3.084071","0","2398.3489","777.65674","0","0","0","0","0","0","0","0","0","0","75.858955","60.806843","15.05211","17.163853","0.861056"
"D:\HAA\dACC revisions\Run 4\Br2720_dlPFC_20x_img_011-MaxIP-Stitched_unmixed-rotated.nd2","Layer 1","dACC_v17_ FISH-IF v2.4.4","2623","4595","4628","2897","2922","0","0","0","1","1","1","2065.6848","0","456.84143","15","41.796074","3","83671.23","2001.8921","1","1.150773","0","1030.264","895.28","0","0","0","0","0","1","0.644433","0","302.19296","468.92856","120.55497","82.441376","38.113598","29.607647","0.690362"
"D:\HAA\dACC revisions\Run 4\Br2720_dlPFC_20x_img_011-MaxIP-Stitched_unmixed-rotated.nd2","Layer 1","dACC_v17_ FISH-IF v2.4.4","2624","4597","4626","2921","2948","0","0","0","0","1","1","2712.294","0","393.80084","0","0","0","0","0","2","2.761855","0","2385.4602","863.7167","0","0","0","0","0","3","3.774535","0","1842.9858","488.26828","114.98523","77.884315","37.100918","26.603973","0.883905"
"D:\HAA\dACC revisions\Run 4\Br2720_dlPFC_20x_img_011-MaxIP-Stitched_unmixed-rotated.nd2","Layer 1","dACC_v17_ FISH-IF v2.4.4","2625","4380","4408","2968","2998","0","0","0","0","1","1","1980.1089","0","392.32208","0","0","0","0","0","0","0","0","0","0","0","0","0","0","0","0","0","0","0","0","124.51363","86.031784","38.481846","28.320358","0.758625"
"D:\HAA\dACC revisions\Run 4\Br2720_dlPFC_20x_img_011-MaxIP-Stitched_unmixed-rotated.nd2","Layer 1","dACC_v17_ FISH-IF v2.4.4","2626","4463","4489","2996","3019","0","0","0","0","1","1","1516.2858","0","236.82875","0","0","0","0","0","0","0","0","0","0","0","0","0","0","0","0","0","0","0","0","89.16189","68.54004","20.621851","20.167528","0.776111"
"D:\HAA\dACC revisions\Run 4\Br2720_dlPFC_20x_img_011-MaxIP-Stitched_unmixed-rotated.nd2","Layer 1","dACC_v17_ FISH-IF v2.4.4","2627","4500","4524","3024","3049","0","0","0","0","1","1","2221.5312","0","327.48456","0","0","0","0","0","0","0","0","0","0","0","0","0","0","0","0","0","0","0","0","83.91436","65.54803","18.366337","19.094788","0.819645"
"D:\HAA\dACC revisions\Run 4\Br2720_dlPFC_20x_img_011-MaxIP-Stitched_unmixed-rotated.nd2","Layer 1","dACC_v17_ FISH-IF v2.4.4","2628","4600","4630","3041","3067","0","0","0","0","1","1","2803.7014","0","416.56223","0","0","0","0","0","0","0","0","0","0","0","0","0","0","0","0","0","0","0","0","112.91384","79.909676","33.00417","25.316685","0.834605"
"D:\HAA\dACC revisions\Run 4\Br2720_dlPFC_20x_img_011-MaxIP-Stitched_unmixed-rotated.nd2","Layer 1","dACC_v17_ FISH-IF v2.4.4","2629","4421","4437","3044","3059","0","0","0","0","1","1","677.7436","0","220.50928","0","0","0","0","0","0","0","0","0","0","0","0","0","0","0","0","0","0","0","0","36.502518","34.707314","1.795206","5.149156","0.840746"
"D:\HAA\dACC revisions\Run 4\Br2720_dlPFC_20x_img_011-MaxIP-Stitched_unmixed-rotated.nd2","Layer 1","dACC_v17_ FISH-IF v2.4.4","2630","4524","4552","3056","3088","1","0","0","0","1","1","2123.4963","0","383.8113","0","0","0","0","0","15","25.869375","3","31540.89","1219.2367","0","0","0","0","0","1","0.368247","0","158.99078","431.75","133.12141","88.79364","44.327774","29.17855","0.862767"
"D:\HAA\dACC revisions\Run 4\Br2720_dlPFC_20x_img_011-MaxIP-Stitched_unmixed-rotated.nd2","Layer 1","dACC_v17_ FISH-IF v2.4.4","2631","4423","4447","3058","3081","0","0","0","0","1","1","1775.5537","0","370.51273","0","0","0","0","0","0","0","0","0","0","0","0","0","0","0","0","0","0","0","0","80.416016","63.29251","17.1235","18.022047","0.786054"
"D:\HAA\dACC revisions\Run 4\Br2720_dlPFC_20x_img_011-MaxIP-Stitched_unmixed-rotated.nd2","Layer 1","dACC_v17_ FISH-IF v2.4.4","2632","4275","4305","3063","3093","0","0","0","0","1","1","2051.1968","0","386.31094","0","0","0","0","0","1","1.01268","0","711.45386","702.5455","0","0","0","0","0","0","0","0","0","0","122.16605","84.973076","37.19298","28.534906","0.768139"
"D:\HAA\dACC revisions\Run 4\Br2720_dlPFC_20x_img_011-MaxIP-Stitched_unmixed-rotated.nd2","Layer 1","dACC_v17_ FISH-IF v2.4.4","2633","4217","4245","3069","3097","0","0","0","0","1","1","2590.251","0","361.21863","0","0","0","0","0","0","0","0","0","0","0","0","0","0","0","0","0","0","0","0","114.29477","80.00173","34.293034","26.174877","0.92732"
"D:\HAA\dACC revisions\Run 4\Br2720_dlPFC_20x_img_011-MaxIP-Stitched_unmixed-rotated.nd2","Layer 1","dACC_v17_ FISH-IF v2.4.4","2634","5130","5150","3110","3130","0","0","0","0","1","1","452.88626","0","129.17407","0","0","0","0","0","0","0","0","0","0","0","0","0","0","0","0","0","0","0","0","61.543335","51.830814","9.712523","14.160179","0.713241"
"D:\HAA\dACC revisions\Run 4\Br2720_dlPFC_20x_img_011-MaxIP-Stitched_unmixed-rotated.nd2","Layer 1","dACC_v17_ FISH-IF v2.4.4","2635","5076","5110","3121","3156","0","0","0","0","1","1","1344.4249","0","271.7934","0","0","0","0","0","0","0","0","0","0","0","0","0","0","0","0","0","0","0","0","150.19888","100.25534","49.943546","36.47319","0.786496"
"D:\HAA\dACC revisions\Run 4\Br2720_dlPFC_20x_img_011-MaxIP-Stitched_unmixed-rotated.nd2","Layer 1","dACC_v17_ FISH-IF v2.4.4","2636","5134","5151","3131","3143","0","0","0","0","1","1","390.15625","0","140.80228","0","0","0","0","0","0","0","0","0","0","0","0","0","0","0","0","0","0","0","0","33.832726","32.359734","1.472989","5.149156","0.633379"
"D:\HAA\dACC revisions\Run 4\Br2720_dlPFC_20x_img_011-MaxIP-Stitched_unmixed-rotated.nd2","Layer 1","dACC_v17_ FISH-IF v2.4.4","2637","5126","5153","3143","3165","0","0","0","0","1","1","1688.5587","0","283.60944","0","0","0","0","0","0","0","0","0","0","0","0","0","0","0","0","0","0","0","0","90.35869","69.18447","21.174223","20.167528","0.768788"
"D:\HAA\dACC revisions\Run 4\Br2720_dlPFC_20x_img_011-MaxIP-Stitched_unmixed-rotated.nd2","Layer 1","dACC_v17_ FISH-IF v2.4.4","2638","5327","5357","3149","3180","0","0","0","1","1","1","1616.1206","0","246.88626","14","33.832726","2","67283.44","1988.7089","0","0","0","0","0","1","0.552371","0","360.65225","652.9167","0","0","0","0","0","127.367546","85.38735","41.980198","30.251291","0.808188"
"D:\HAA\dACC revisions\Run 4\Br2720_dlPFC_20x_img_011-MaxIP-Stitched_unmixed-rotated.nd2","Layer 1","dACC_v17_ FISH-IF v2.4.4","2639","5302","5330","3160","3189","0","0","0","1","1","1","1807.4651","0","287.98178","21","42.11829","3","120709.086","2865.954","0","0","0","0","0","0","0","0","0","0","0","0","0","0","0","119.17404","80.87632","38.29772","27.03307","0.879986"
"D:\HAA\dACC revisions\Run 4\Br2720_dlPFC_20x_img_011-MaxIP-Stitched_unmixed-rotated.nd2","Layer 1","dACC_v17_ FISH-IF v2.4.4","2640","5258","5278","3170","3189","0","0","0","0","1","1","971.7847","0","157.76645","0","0","0","0","0","0","0","0","0","0","0","0","0","0","0","0","0","0","0","0","54.914886","48.286434","6.628452","10.727408","0.831706"
"D:\HAA\dACC revisions\Run 4\Br2720_dlPFC_20x_img_011-MaxIP-Stitched_unmixed-rotated.nd2","Layer 1","dACC_v17_ FISH-IF v2.4.4","2641","5374","5404","3176","3209","0","0","0","1","1","1","2056.4546","0","493.0113","7","11.369637","1","11652.543","981.18604","0","0","0","0","0","0","0","0","0","0","0","0","0","0","0","130.22147","93.76498","36.456486","32.61132","0.598365"
"D:\HAA\dACC revisions\Run 4\Br2720_dlPFC_20x_img_011-MaxIP-Stitched_unmixed-rotated.nd2","Layer 1","dACC_v17_ FISH-IF v2.4.4","2642","5086","5118","3179","3211","0","0","0","1","1","1","1472.8628","0","227.67822","28","56.525967","3","152040.44","2689.745","0","0","0","0","0","1","0.874587","0","774.0099","885","0","0","0","0","0","150.56714","95.56019","55.006947","33.040417","0.910683"
"D:\HAA\dACC revisions\Run 4\Br2720_dlPFC_20x_img_011-MaxIP-Stitched_unmixed-rotated.nd2","Layer 1","dACC_v17_ FISH-IF v2.4.4","2643","5052","5085","3193","3221","0","0","0","0","1","1","2466.203","0","530.913","0","0","0","0","0","0","0","0","0","0","0","0","0","0","0","0","0","0","0","0","126.677086","75.16849","51.5086","32.61132","0.737943"
"D:\HAA\dACC revisions\Run 4\Br2720_dlPFC_20x_img_011-MaxIP-Stitched_unmixed-rotated.nd2","Layer 1","dACC_v17_ FISH-IF v2.4.4","2644","5285","5306","3197","3219","0","0","0","0","1","1","1100.4274","0","148.88971","3","10.264894","0","16131.028","1571.4753","0","0","0","0","0","0","0","0","0","0","0","0","0","0","0","67.435295","56.341843","11.093451","14.589275","0.768578"
"D:\HAA\dACC revisions\Run 4\Br2720_dlPFC_20x_img_011-MaxIP-Stitched_unmixed-rotated.nd2","Layer 1","dACC_v17_ FISH-IF v2.4.4","2645","5053","5078","3219","3237","0","0","0","0","1","1","1894.6188","0","387.86023","0","0","0","0","0","0","0","0","0","0","0","0","0","0","0","0","0","0","0","0","68.86225","46.76741","22.094841","20.167528","0.749531"
"D:\HAA\dACC revisions\Run 4\Br2720_dlPFC_20x_img_011-MaxIP-Stitched_unmixed-rotated.nd2","Layer 1","dACC_v17_ FISH-IF v2.4.4","2646","5384","5406","3213","3236","0","0","0","0","1","1","1713.3523","0","235.15706","3","11.461699","0","16892.887","1473.8555","0","0","0","0","0","0","0","0","0","0","0","0","0","0","0","71.25586","58.32117","12.934688","15.447468","0.853738"
"D:\HAA\dACC revisions\Run 4\Br2720_dlPFC_20x_img_011-MaxIP-Stitched_unmixed-rotated.nd2","Layer 1","dACC_v17_ FISH-IF v2.4.4","2647","5062","5090","3251","3282","0","0","0","0","1","1","2215.4927","0","387.99835","0","0","0","0","0","0","0","0","0","0","0","0","0","0","0","0","0","0","0","0","122.25812","84.32864","37.929478","28.320358","0.804637"
"D:\HAA\dACC revisions\Run 4\Br2720_dlPFC_20x_img_011-MaxIP-Stitched_unmixed-rotated.nd2","Layer 1","dACC_v17_ FISH-IF v2.4.4","2648","5371","5390","3317","3335","0","0","0","0","1","1","386.5","0","119.61963","0","0","0","0","0","0","0","0","0","0","0","0","0","0","0","0","0","0","0","0","50.1737","45.018238","5.155463","9.44012","0.867587"
"D:\HAA\dACC revisions\Run 4\Br2720_dlPFC_20x_img_011-MaxIP-Stitched_unmixed-rotated.nd2","Layer 1","dACC_v17_ FISH-IF v2.4.4","2649","5148","5172","3332","3355","0","0","0","0","1","1","1661.94","0","257.7282","0","0","0","0","0","0","0","0","0","0","0","0","0","0","0","0","0","0","0","0","78.43668","62.325863","16.11082","17.59295","0.85586"
"D:\HAA\dACC revisions\Run 4\Br2720_dlPFC_20x_img_011-MaxIP-Stitched_unmixed-rotated.nd2","Layer 1","dACC_v17_ FISH-IF v2.4.4","2650","5330","5354","3345","3368","0","0","0","0","1","1","1616.4796","0","258.28436","0","0","0","0","0","0","0","0","0","0","0","0","0","0","0","0","0","0","0","0","79.127144","63.29251","15.834636","18.451143","0.749048"
"D:\HAA\dACC revisions\Run 4\Br2720_dlPFC_20x_img_011-MaxIP-Stitched_unmixed-rotated.nd2","Layer 1","dACC_v17_ FISH-IF v2.4.4","2651","5173","5202","3366","3392","0","0","0","1","1","1","1491.5033","0","278.5864","12","27.296333","2","58188.926","2131.7488","0","0","0","0","0","1","0.828557","0","535.5237","646.3333","0","0","0","0","0","104.904465","76.45735","28.447107","24.029396","0.803396"
"D:\HAA\dACC revisions\Run 4\Br2720_dlPFC_20x_img_011-MaxIP-Stitched_unmixed-rotated.nd2","Layer 1","dACC_v17_ FISH-IF v2.4.4","2652","5123","5154","3367","3393","0","0","0","0","1","1","1377.8175","0","268.12445","2","5.845926","0","6002.1553","1026.7244","0","0","0","0","0","0","0","0","0","0","0","0","0","0","0","119.4042","83.59215","35.812054","27.462166","0.773104"
"D:\HAA\dACC revisions\Run 4\Br2720_dlPFC_20x_img_011-MaxIP-Stitched_unmixed-rotated.nd2","Layer 1","dACC_v17_ FISH-IF v2.4.4","2653","5106","5135","3403","3429","0","0","0","0","1","1","2115.805","0","383.72516","0","0","0","0","0","0","0","0","0","0","0","0","0","0","0","0","0","0","0","0","108.90915","69.50668","39.402466","27.891262","0.794446"
"D:\HAA\dACC revisions\Run 4\Br2720_dlPFC_20x_img_011-MaxIP-Stitched_unmixed-rotated.nd2","Layer 1","dACC_v17_ FISH-IF v2.4.4","2654","5128","5149","3408","3433","0","0","0","0","1","1","1735.6349","0","400.87546","0","0","0","0","0","0","0","0","0","0","0","0","0","0","0","0","0","0","0","0","70.28921","51.00226","19.286955","19.738432","0.758106"
"D:\HAA\dACC revisions\Run 4\Br2720_dlPFC_20x_img_011-MaxIP-Stitched_unmixed-rotated.nd2","Layer 1","dACC_v17_ FISH-IF v2.4.4","2655","5088","5117","3459","3485","0","0","0","1","1","1","1603.4341","0","266.81436","19","39.63262","3","101172.55","2552.7595","0","0","0","0","0","0","0","0","0","0","0","0","0","0","0","111.30276","78.85096","32.451797","25.316685","0.865616"
"D:\HAA\dACC revisions\Run 4\Br2720_dlPFC_20x_img_011-MaxIP-Stitched_unmixed-rotated.nd2","Layer 1","dACC_v17_ FISH-IF v2.4.4","2656","5017","5044","3471","3499","0","0","0","1","1","1","2114.072","0","431.27304","11","20.990099","2","27872.504","1327.8882","0","0","0","0","0","1","0.920618","0","577.27374","627.05","0","0","0","0","0","111.486885","78.896996","32.58989","25.316685","0.872729"
"D:\HAA\dACC revisions\Run 4\Br2720_dlPFC_20x_img_011-MaxIP-Stitched_unmixed-rotated.nd2","Layer 1","dACC_v17_ FISH-IF v2.4.4","2657","5297","5323","3484","3509","0","0","0","1","1","1","1367.8594","0","237.8923","10","26.55984","2","54427.74","2049.2495","0","0","0","0","0","0","0","0","0","0","0","0","0","0","0","94.0872","70.51936","23.56783","21.02572","0.897542"
