"Image Location","Analysis Region","Algorithm Name","Object Id","XMin","XMax","YMin","YMax","ADCYAP1+","RORB+","PCP4+","AQP4+","DAPI Positive","DAPI Positive Nucleus","DAPI Nucleus Intensity","DAPI Positive Cytoplasm","DAPI Cytoplasm Intensity","AQP4-520 Copies","AQP4-520 Area (µm²)","AQP4-520 Classification","AQP4-520 Cell Intensity","AQP4-520 Avg Intensity","ADCYAP1-520 Copies","ADCYAP1-520 Area (µm²)","ADCYAP1-520 Classification","ADCYAP1-520 Cell Intensity","ADCYAP1-520 Avg Intensity","RORB-620 Copies","RORB-620 Area (µm²)","RORB-620 Classification","RORB-620 Cell Intensity","RORB-620 Avg Intensity","PCP4-690 Copies","PCP4-690 Area (µm²)","PCP4-690 Classification","PCP4-690 Cell Intensity","PCP4-690 Avg Intensity","Cell Area (µm²)","Cytoplasm Area (µm²)","Nucleus Area (µm²)","Nucleus Perimeter (µm)","Nucleus Roundness"
"D:\HAA\dACC revisions\Run 4\Br2720_dACC_20x_img_020-MaxIP-Stitched_unmixed_rotated.nd2","Layer 1","dACC_v17_ FISH-IF v2.4.4","0","7014","7029","1058","1078","0","0","0","0","1","1","2015.6066","0","531.4978","0","0","0","0","0","0","0","0","0","0","0","0","0","0","0","0","0","0","0","0","36.502518","21.174223","15.328296","18.022047","0.74823"
"D:\HAA\dACC revisions\Run 4\Br2720_dACC_20x_img_020-MaxIP-Stitched_unmixed_rotated.nd2","Layer 1","dACC_v17_ FISH-IF v2.4.4","1","7030","7046","1058","1077","0","0","0","0","1","1","1835.6578","0","312.40793","0","0","0","0","0","0","0","0","0","0","0","0","0","0","0","0","0","0","0","0","49.851482","39.494526","10.356956","13.301987","0.76538"
"D:\HAA\dACC revisions\Run 4\Br2720_dACC_20x_img_020-MaxIP-Stitched_unmixed_rotated.nd2","Layer 1","dACC_v17_ FISH-IF v2.4.4","2","7100","7120","1058","1077","0","0","0","0","1","1","505.20438","0","126.9265","0","0","0","0","0","0","0","0","0","0","0","0","0","0","0","0","0","0","0","0","53.902203","47.59597","6.306236","10.51286","0.837773"
"D:\HAA\dACC revisions\Run 4\Br2720_dACC_20x_img_020-MaxIP-Stitched_unmixed_rotated.nd2","Layer 1","dACC_v17_ FISH-IF v2.4.4","3","7118","7150","1084","1109","0","0","0","0","1","1","2136.601","0","633.4229","0","0","0","0","0","0","0","0","0","0","0","0","0","0","0","0","0","0","0","0","115.12332","81.19854","33.924786","26.603973","0.762601"
"D:\HAA\dACC revisions\Run 4\Br2720_dACC_20x_img_020-MaxIP-Stitched_unmixed_rotated.nd2","Layer 1","dACC_v17_ FISH-IF v2.4.4","4","7119","7137","1108","1123","0","0","0","0","1","1","826.7353","0","378.91498","0","0","0","0","0","0","0","0","0","0","0","0","0","0","0","0","0","0","0","0","41.565918","38.435818","3.130102","7.294638","0.758632"
"D:\HAA\dACC revisions\Run 4\Br2720_dACC_20x_img_020-MaxIP-Stitched_unmixed_rotated.nd2","Layer 1","dACC_v17_ FISH-IF v2.4.4","5","7099","7116","1131","1150","0","0","0","0","1","1","640.67584","0","170.19017","0","0","0","0","0","0","0","0","0","0","0","0","0","0","0","0","0","0","0","0","48.792774","42.11829","6.674483","11.371053","0.878201"
"D:\HAA\dACC revisions\Run 4\Br2720_dACC_20x_img_020-MaxIP-Stitched_unmixed_rotated.nd2","Layer 1","dACC_v17_ FISH-IF v2.4.4","6","7116","7131","1131","1149","0","0","0","0","1","1","404.5","0","181.84387","0","0","0","0","0","0","0","0","0","0","0","0","0","0","0","0","0","0","0","0","41.289734","37.14695","4.142783","9.225572","0.710096"
"D:\HAA\dACC revisions\Run 4\Br2720_dACC_20x_img_020-MaxIP-Stitched_unmixed_rotated.nd2","Layer 1","dACC_v17_ FISH-IF v2.4.4","7","7022","7042","1143","1165","0","0","0","0","1","1","2073.5576","0","378.11572","0","0","0","0","0","0","0","0","0","0","0","0","0","0","0","0","0","0","0","0","58.919575","48.930866","9.988709","13.731083","0.76536"
"D:\HAA\dACC revisions\Run 4\Br2720_dACC_20x_img_020-MaxIP-Stitched_unmixed_rotated.nd2","Layer 1","dACC_v17_ FISH-IF v2.4.4","8","7077","7101","1147","1167","0","0","0","0","1","1","1801.3357","0","286.19733","0","0","0","0","0","0","0","0","0","0","0","0","0","0","0","0","0","0","0","0","71.670135","58.781483","12.888657","15.447468","0.790926"
"D:\HAA\dACC revisions\Run 4\Br2720_dACC_20x_img_020-MaxIP-Stitched_unmixed_rotated.nd2","Layer 1","dACC_v17_ FISH-IF v2.4.4","9","7031","7054","1158","1182","0","0","0","0","1","1","2263.4985","0","356.25342","0","0","0","0","0","0","0","0","0","0","0","0","0","0","0","0","0","0","0","0","75.720856","60.66875","15.05211","18.236595","0.687807"
"D:\HAA\dACC revisions\Run 4\Br2720_dACC_20x_img_020-MaxIP-Stitched_unmixed_rotated.nd2","Layer 1","dACC_v17_ FISH-IF v2.4.4","10","7054","7082","1179","1204","0","0","0","0","1","1","2274.7136","0","396.40738","0","0","0","0","0","0","0","0","0","0","0","0","0","0","0","0","0","0","0","0","95.69828","74.80024","20.898037","23.600298","0.60264"
"D:\HAA\dACC revisions\Run 4\Br2720_dACC_20x_img_020-MaxIP-Stitched_unmixed_rotated.nd2","Layer 1","dACC_v17_ FISH-IF v2.4.4","11","7029","7049","1184","1221","0","0","0","0","1","1","2822.151","0","339.40732","0","0","0","0","0","0","0","0","0","0","0","0","0","0","0","0","0","0","0","0","106.37745","79.21921","27.158241","27.462166","0.531874"
"D:\HAA\dACC revisions\Run 4\Br2720_dACC_20x_img_020-MaxIP-Stitched_unmixed_rotated.nd2","Layer 1","dACC_v17_ FISH-IF v2.4.4","12","7049","7070","1199","1216","0","0","0","0","1","1","629.7976","0","295.59827","0","0","0","0","0","0","0","0","0","0","0","0","0","0","0","0","0","0","0","0","51.416534","47.54994","3.866597","10.941957","0.442251"
"D:\HAA\dACC revisions\Run 4\Br2720_dACC_20x_img_020-MaxIP-Stitched_unmixed_rotated.nd2","Layer 1","dACC_v17_ FISH-IF v2.4.4","13","7015","7042","1208","1228","0","0","0","0","1","1","2937.6914","0","476.5902","0","0","0","0","0","0","0","0","0","0","0","0","0","0","0","0","0","0","0","0","61.589367","42.348446","19.240923","22.31301","0.646604"
"D:\HAA\dACC revisions\Run 4\Br2720_dACC_20x_img_020-MaxIP-Stitched_unmixed_rotated.nd2","Layer 1","dACC_v17_ FISH-IF v2.4.4","14","7018","7041","1227","1245","0","0","0","0","1","1","1872.9744","0","556.7317","0","0","0","0","0","0","0","0","0","0","0","0","0","0","0","0","0","0","0","0","60.944935","48.378494","12.566441","15.876565","0.855058"
"D:\HAA\dACC revisions\Run 4\Br2720_dACC_20x_img_020-MaxIP-Stitched_unmixed_rotated.nd2","Layer 1","dACC_v17_ FISH-IF v2.4.4","15","7126","7150","1238","1264","0","0","0","0","1","1","3403.3623","0","480.1148","0","0","0","0","0","0","0","0","0","0","0","0","0","0","0","0","0","0","0","0","90.588844","69.36859","21.220253","20.596624","0.75138"
"D:\HAA\dACC revisions\Run 4\Br2720_dACC_20x_img_020-MaxIP-Stitched_unmixed_rotated.nd2","Layer 1","dACC_v17_ FISH-IF v2.4.4","16","7083","7104","1266","1285","0","0","0","0","1","1","836.601","0","165.74629","0","0","0","0","0","0","0","0","0","0","0","0","0","0","0","0","0","0","0","0","61.68143","52.797462","8.883967","12.443794","0.778783"
"D:\HAA\dACC revisions\Run 4\Br2720_dACC_20x_img_020-MaxIP-Stitched_unmixed_rotated.nd2","Layer 1","dACC_v17_ FISH-IF v2.4.4","17","7103","7132","1271","1293","0","0","0","0","1","1","2909.4895","0","544.58453","0","0","0","0","0","0","0","0","0","0","0","0","0","0","0","0","0","0","0","0","88.057144","63.70679","24.350355","24.029396","0.715431"
"D:\HAA\dACC revisions\Run 4\Br2720_dACC_20x_img_020-MaxIP-Stitched_unmixed_rotated.nd2","Layer 1","dACC_v17_ FISH-IF v2.4.4","18","7122","7143","1289","1315","0","0","0","0","1","1","1929.2695","0","470.81357","0","0","0","0","0","0","0","0","0","0","0","0","0","0","0","0","0","0","0","0","84.28261","59.011635","25.270973","23.171202","0.726012"
"D:\HAA\dACC revisions\Run 4\Br2720_dACC_20x_img_020-MaxIP-Stitched_unmixed_rotated.nd2","Layer 1","dACC_v17_ FISH-IF v2.4.4","19","7104","7122","1292","1312","0","0","0","0","1","1","1588.7133","0","448.73148","0","0","0","0","0","0","0","0","0","0","0","0","0","0","0","1","1.380928","0","766.55286","555.1","57.906895","44.74205","13.164843","15.662017","0.835853"
"D:\HAA\dACC revisions\Run 4\Br2720_dACC_20x_img_020-MaxIP-Stitched_unmixed_rotated.nd2","Layer 1","dACC_v17_ FISH-IF v2.4.4","20","7027","7046","1301","1320","0","0","0","0","1","1","439.8042","0","151.30814","0","0","0","0","0","0","0","0","0","0","0","0","0","0","0","0","0","0","0","0","54.68473","48.10231","6.582421","10.727408","0.816474"
"D:\HAA\dACC revisions\Run 4\Br2720_dACC_20x_img_020-MaxIP-Stitched_unmixed_rotated.nd2","Layer 1","dACC_v17_ FISH-IF v2.4.4","21","7067","7087","1324","1340","0","0","0","0","1","1","2428.5938","0","477.93454","0","0","0","0","0","0","0","0","0","0","0","0","0","0","0","0","0","0","0","0","48.14834","40.783394","7.364947","11.800149","0.818317"
"D:\HAA\dACC revisions\Run 4\Br2720_dACC_20x_img_020-MaxIP-Stitched_unmixed_rotated.nd2","Layer 1","dACC_v17_ FISH-IF v2.4.4","22","7063","7096","1338","1362","0","0","0","0","1","1","3200.9136","0","766.1394","0","0","0","0","0","0","0","0","0","0","0","0","0","0","0","0","0","0","0","0","93.53482","61.083027","32.451797","27.891262","0.667604"
"D:\HAA\dACC revisions\Run 4\Br2720_dACC_20x_img_020-MaxIP-Stitched_unmixed_rotated.nd2","Layer 1","dACC_v17_ FISH-IF v2.4.4","23","7062","7077","1352","1367","0","0","0","0","1","1","2965.8115","0","662.2646","0","0","0","0","0","0","0","0","0","0","0","0","0","0","0","0","0","0","0","0","32.405766","29.229633","3.176133","7.294638","0.721206"
"D:\HAA\dACC revisions\Run 4\Br2720_dACC_20x_img_020-MaxIP-Stitched_unmixed_rotated.nd2","Layer 1","dACC_v17_ FISH-IF v2.4.4","24","7110","7135","1350","1372","0","0","0","0","1","1","3778.6943","0","348.98575","0","0","0","0","0","0","0","0","0","0","0","0","0","0","0","0","0","0","0","0","81.70488","64.53535","17.169533","18.022047","0.772593"
"D:\HAA\dACC revisions\Run 4\Br2720_dACC_20x_img_020-MaxIP-Stitched_unmixed_rotated.nd2","Layer 1","dACC_v17_ FISH-IF v2.4.4","25","7079","7107","1353","1382","0","0","0","0","1","1","2367.751","0","413.58203","0","0","0","0","0","0","0","0","0","0","0","0","0","0","0","0","0","0","0","0","99.10457","73.78756","25.317005","26.174877","0.617297"
"D:\HAA\dACC revisions\Run 4\Br2720_dACC_20x_img_020-MaxIP-Stitched_unmixed_rotated.nd2","Layer 1","dACC_v17_ FISH-IF v2.4.4","26","7142","7162","1369","1390","0","0","0","0","1","1","1024.3367","0","191.93477","0","0","0","0","0","0","0","0","0","0","0","0","0","0","0","0","0","0","0","0","60.806843","51.5086","9.298245","13.731083","0.789428"
"D:\HAA\dACC revisions\Run 4\Br2720_dACC_20x_img_020-MaxIP-Stitched_unmixed_rotated.nd2","Layer 1","dACC_v17_ FISH-IF v2.4.4","27","7035","7057","1386","1416","0","0","0","0","1","1","3496.8337","0","361.6489","0","0","0","0","0","0","0","0","0","0","0","0","0","0","0","0","0","0","0","0","94.639565","72.498695","22.140871","23.38575","0.628318"
"D:\HAA\dACC revisions\Run 4\Br2720_dACC_20x_img_020-MaxIP-Stitched_unmixed_rotated.nd2","Layer 1","dACC_v17_ FISH-IF v2.4.4","28","7123","7142","1393","1415","0","0","0","0","1","1","1059.0228","0","213.15918","0","0","0","0","0","0","0","0","0","0","0","0","0","0","0","0","0","0","0","0","59.24179","51.18638","8.05541","12.443794","0.774862"
"D:\HAA\dACC revisions\Run 4\Br2720_dACC_20x_img_020-MaxIP-Stitched_unmixed_rotated.nd2","Layer 1","dACC_v17_ FISH-IF v2.4.4","29","7015","7033","1402","1424","0","0","0","0","1","1","1893.9624","0","323.97815","0","0","0","0","0","0","0","0","0","0","0","0","0","0","0","0","0","0","0","0","51.00226","40.000866","11.00139","15.23292","0.749663"
"D:\HAA\dACC revisions\Run 4\Br2720_dACC_20x_img_020-MaxIP-Stitched_unmixed_rotated.nd2","Layer 1","dACC_v17_ FISH-IF v2.4.4","30","7035","7055","1414","1432","0","0","0","0","1","1","2143.6086","0","275.64157","0","0","0","0","0","0","0","0","0","0","0","0","0","0","0","0","0","0","0","0","44.55793","36.088238","8.469688","13.945631","0.665027"
"D:\HAA\dACC revisions\Run 4\Br2720_dACC_20x_img_020-MaxIP-Stitched_unmixed_rotated.nd2","Layer 1","dACC_v17_ FISH-IF v2.4.4","31","7037","7067","1424","1458","0","0","0","0","1","1","2251.8506","0","444.5024","0","0","0","0","0","0","0","0","0","0","0","0","0","0","0","0","0","0","0","0","120.04863","85.847664","34.200974","41.19325","0.511341"
"D:\HAA\dACC revisions\Run 4\Br2720_dACC_20x_img_020-MaxIP-Stitched_unmixed_rotated.nd2","Layer 1","dACC_v17_ FISH-IF v2.4.4","32","7079","7104","1427","1463","0","0","0","0","1","1","2223.3118","0","527.79626","0","0","0","0","0","0","0","0","0","0","0","0","0","0","0","0","0","0","0","0","104.49018","68.90829","35.581898","31.109486","0.596254"
"D:\HAA\dACC revisions\Run 4\Br2720_dACC_20x_img_020-MaxIP-Stitched_unmixed_rotated.nd2","Layer 1","dACC_v17_ FISH-IF v2.4.4","33","7102","7126","1429","1454","0","0","0","0","1","1","1769.9746","0","382.1296","0","0","0","0","0","0","0","0","0","0","0","0","0","0","0","0","0","0","0","0","82.39534","66.05437","16.340975","19.309336","0.675966"
"D:\HAA\dACC revisions\Run 4\Br2720_dACC_20x_img_020-MaxIP-Stitched_unmixed_rotated.nd2","Layer 1","dACC_v17_ FISH-IF v2.4.4","34","7057","7078","1437","1464","0","0","0","0","1","1","2097.7046","0","520.96075","0","0","0","0","0","0","0","0","0","0","0","0","0","0","0","0","0","0","0","0","75.6288","45.708702","29.920095","25.316685","0.7624"
"D:\HAA\dACC revisions\Run 4\Br2720_dACC_20x_img_020-MaxIP-Stitched_unmixed_rotated.nd2","Layer 1","dACC_v17_ FISH-IF v2.4.4","35","7078","7089","1439","1462","0","0","0","0","1","1","2017.8451","0","713.92035","0","0","0","0","0","0","0","0","0","0","0","0","0","0","0","0","0","0","0","0","33.14226","15.604481","17.537779","18.665691","0.722934"
"D:\HAA\dACC revisions\Run 4\Br2720_dACC_20x_img_020-MaxIP-Stitched_unmixed_rotated.nd2","Layer 1","dACC_v17_ FISH-IF v2.4.4","36","7003","7039","1455","1479","0","0","0","0","1","1","2753.7026","0","419.35208","0","0","0","0","0","0","0","0","0","0","0","0","0","0","0","0","0","0","0","0","120.7391","89.16189","31.57721","29.17855","0.562903"
"D:\HAA\dACC revisions\Run 4\Br2720_dACC_20x_img_020-MaxIP-Stitched_unmixed_rotated.nd2","Layer 1","dACC_v17_ FISH-IF v2.4.4","37","7075","7101","1463","1479","0","0","0","0","1","1","2408.8784","0","468.9256","0","0","0","0","0","0","0","0","0","0","0","0","0","0","0","0","0","0","0","0","61.451275","45.15633","16.294945","19.309336","0.65733"
"D:\HAA\dACC revisions\Run 4\Br2720_dACC_20x_img_020-MaxIP-Stitched_unmixed_rotated.nd2","Layer 1","dACC_v17_ FISH-IF v2.4.4","38","7083","7104","1475","1492","0","0","0","0","1","1","2559.1072","0","443.26218","0","0","0","0","0","0","0","0","0","0","0","0","0","0","0","0","0","0","0","0","36.594578","24.58051","12.01407","16.734756","0.706803"
"D:\HAA\dACC revisions\Run 4\Br2720_dACC_20x_img_020-MaxIP-Stitched_unmixed_rotated.nd2","Layer 1","dACC_v17_ FISH-IF v2.4.4","39","7095","7118","1477","1498","0","0","0","0","1","1","3192.8462","0","346.30328","0","0","0","0","0","0","0","0","0","0","0","0","0","0","0","0","0","0","0","0","61.405243","46.445194","14.960048","18.665691","0.711363"
"D:\HAA\dACC revisions\Run 4\Br2720_dACC_20x_img_020-MaxIP-Stitched_unmixed_rotated.nd2","Layer 1","dACC_v17_ FISH-IF v2.4.4","40","7041","7066","1477","1504","0","0","0","0","1","1","3548.0715","0","400.42947","1","6.122112","0","7722.423","1261.3984","0","0","0","0","0","0","0","0","0","0","0","0","0","0","0","98.506165","72.77488","25.731283","21.883913","0.854623"
"D:\HAA\dACC revisions\Run 4\Br2720_dACC_20x_img_020-MaxIP-Stitched_unmixed_rotated.nd2","Layer 1","dACC_v17_ FISH-IF v2.4.4","41","7020","7041","1504","1531","0","0","0","0","1","1","3646.414","0","497.0548","0","0","0","0","0","0","0","0","0","0","0","0","0","0","0","0","0","0","0","0","88.19524","63.844883","24.350355","22.742105","0.782186"
"D:\HAA\dACC revisions\Run 4\Br2720_dACC_20x_img_020-MaxIP-Stitched_unmixed_rotated.nd2","Layer 1","dACC_v17_ FISH-IF v2.4.4","42","7034","7060","1518","1544","0","0","0","0","1","1","2358.2412","0","347.58725","1","0.782526","0","580.4038","741.7059","0","0","0","0","0","0","0","0","0","0","0","0","0","0","0","82.119156","67.80354","14.315616","21.883913","0.565313"
"D:\HAA\dACC revisions\Run 4\Br2720_dACC_20x_img_020-MaxIP-Stitched_unmixed_rotated.nd2","Layer 1","dACC_v17_ FISH-IF v2.4.4","43","7139","7160","1551","1570","0","0","0","0","1","1","1655.305","0","228.50629","0","0","0","0","0","0","0","0","0","0","0","0","0","0","0","0","0","0","0","0","59.425915","51.278442","8.147472","12.014698","0.781465"
"D:\HAA\dACC revisions\Run 4\Br2720_dACC_20x_img_020-MaxIP-Stitched_unmixed_rotated.nd2","Layer 1","dACC_v17_ FISH-IF v2.4.4","44","7058","7077","1569","1587","0","0","0","0","1","1","483.4679","0","163.27226","0","0","0","0","0","0","0","0","0","0","0","0","0","0","0","0","0","0","0","0","49.98958","44.972206","5.01737","9.44012","0.83554"
"D:\HAA\dACC revisions\Run 4\Br2720_dACC_20x_img_020-MaxIP-Stitched_unmixed_rotated.nd2","Layer 1","dACC_v17_ FISH-IF v2.4.4","45","7137","7171","1585","1612","0","0","0","0","1","1","2122.9636","0","536.97705","0","0","0","0","0","0","0","0","0","0","0","0","0","0","0","0","0","0","0","0","125.61837","90.26663","35.351746","31.75313","0.638562"
"D:\HAA\dACC revisions\Run 4\Br2720_dACC_20x_img_020-MaxIP-Stitched_unmixed_rotated.nd2","Layer 1","dACC_v17_ FISH-IF v2.4.4","46","7045","7070","1597","1632","0","0","0","0","1","1","1475.6039","0","397.4611","0","0","0","0","0","0","0","0","0","0","0","0","0","0","0","0","0","0","0","0","125.8025","88.14921","37.65329","29.17855","0.660068"
"D:\HAA\dACC revisions\Run 4\Br2720_dACC_20x_img_020-MaxIP-Stitched_unmixed_rotated.nd2","Layer 1","dACC_v17_ FISH-IF v2.4.4","47","7012","7031","1987","2012","0","0","0","0","1","1","856.94366","0","180.20757","0","0","0","0","0","0","0","0","0","0","0","0","0","0","0","0","0","0","0","0","69.460655","59.65607","9.804585","15.876565","0.521327"
"D:\HAA\dACC revisions\Run 4\Br2720_dACC_20x_img_020-MaxIP-Stitched_unmixed_rotated.nd2","Layer 1","dACC_v17_ FISH-IF v2.4.4","48","7059","7084","2024","2053","0","0","0","0","1","1","2830.5686","0","470.71597","0","0","0","0","0","0","0","0","0","0","0","0","0","0","0","0","0","0","0","0","104.99652","78.11446","26.882055","24.887589","0.670031"
"D:\HAA\dACC revisions\Run 4\Br2720_dACC_20x_img_020-MaxIP-Stitched_unmixed_rotated.nd2","Layer 1","dACC_v17_ FISH-IF v2.4.4","49","7026","7054","2036","2067","0","0","0","0","1","1","3275.1113","0","457.20038","0","0","0","0","0","0","0","0","0","0","0","0","0","0","0","0","0","0","0","0","104.44415","73.05106","31.393085","30.036743","0.637453"
"D:\HAA\dACC revisions\Run 4\Br2720_dACC_20x_img_020-MaxIP-Stitched_unmixed_rotated.nd2","Layer 1","dACC_v17_ FISH-IF v2.4.4","50","7031","7055","2059","2084","0","0","0","0","1","1","3414.95","0","612.4279","0","0","0","0","0","0","0","0","0","0","0","0","0","0","0","0","0","0","0","0","82.625496","58.73545","23.890047","21.883913","0.779405"
"D:\HAA\dACC revisions\Run 4\Br2720_dACC_20x_img_020-MaxIP-Stitched_unmixed_rotated.nd2","Layer 1","dACC_v17_ FISH-IF v2.4.4","51","7095","7118","2071","2095","0","0","0","0","1","1","1528.217","0","253.65567","0","0","0","0","0","0","0","0","0","0","0","0","0","0","0","0","0","0","0","0","84.09849","64.1671","19.931387","19.738432","0.786734"
"D:\HAA\dACC revisions\Run 4\Br2720_dACC_20x_img_020-MaxIP-Stitched_unmixed_rotated.nd2","Layer 1","dACC_v17_ FISH-IF v2.4.4","52","7090","7115","2096","2125","0","0","0","0","1","1","2120.8755","0","605.40356","0","0","0","0","0","0","0","0","0","0","0","0","0","0","0","0","0","0","0","0","101.26802","62.049675","39.21834","29.17855","0.697897"
"D:\HAA\dACC revisions\Run 4\Br2720_dACC_20x_img_020-MaxIP-Stitched_unmixed_rotated.nd2","Layer 1","dACC_v17_ FISH-IF v2.4.4","53","7106","7134","2097","2129","0","0","0","0","1","1","2507.8613","0","529.07043","0","0","0","0","0","0","0","0","0","0","0","0","0","0","0","0","0","0","0","0","105.779045","70.61143","35.16762","33.040417","0.612764"
"D:\HAA\dACC revisions\Run 4\Br2720_dACC_20x_img_020-MaxIP-Stitched_unmixed_rotated.nd2","Layer 1","dACC_v17_ FISH-IF v2.4.4","54","7062","7094","2161","2191","0","0","0","0","1","1","2312.6545","0","399.09207","0","0","0","0","0","0","0","0","0","0","0","0","0","0","0","0","0","0","0","0","134.18013","91.00312","43.177002","31.324034","0.689205"
"D:\HAA\dACC revisions\Run 4\Br2720_dACC_20x_img_020-MaxIP-Stitched_unmixed_rotated.nd2","Layer 1","dACC_v17_ FISH-IF v2.4.4","55","5916","5936","1026","1043","0","0","0","0","1","1","561.3511","0","133.35129","1","1.795206","0","1559.8958","868.9231","0","0","0","0","0","0","0","0","0","0","0","0","0","0","0","48.746742","44.419834","4.326906","9.011024","0.664441"
"D:\HAA\dACC revisions\Run 4\Br2720_dACC_20x_img_020-MaxIP-Stitched_unmixed_rotated.nd2","Layer 1","dACC_v17_ FISH-IF v2.4.4","56","6125","6150","1053","1081","0","0","0","0","1","1","2631.6921","0","407.05463","0","0","0","0","0","0","0","0","0","0","0","0","0","0","0","0","0","0","0","0","106.7457","76.68751","30.05819","23.600298","0.862887"
"D:\HAA\dACC revisions\Run 4\Br2720_dACC_20x_img_020-MaxIP-Stitched_unmixed_rotated.nd2","Layer 1","dACC_v17_ FISH-IF v2.4.4","57","6120","6151","1099","1124","0","0","0","0","1","1","3054.8481","0","305.3345","0","0","0","0","0","0","0","0","0","0","0","0","0","0","0","0","0","0","0","0","108.448845","78.43668","30.012157","24.67304","0.767736"
"D:\HAA\dACC revisions\Run 4\Br2720_dACC_20x_img_020-MaxIP-Stitched_unmixed_rotated.nd2","Layer 1","dACC_v17_ FISH-IF v2.4.4","58","5989","6011","1102","1132","0","0","0","0","1","1","2832.5916","0","380.10306","1","1.933299","0","1952.6315","1010","0","0","0","0","0","0","0","0","0","0","0","0","0","0","0","101.95848","75.030396","26.928087","23.600298","0.716783"
"D:\HAA\dACC revisions\Run 4\Br2720_dACC_20x_img_020-MaxIP-Stitched_unmixed_rotated.nd2","Layer 1","dACC_v17_ FISH-IF v2.4.4","59","5963","5991","1115","1144","0","0","0","0","1","1","2126.8425","0","375.24142","0","0","0","0","0","0","0","0","0","0","0","0","0","0","0","0","0","0","0","0","114.43286","81.981064","32.451797","28.320358","0.666587"
"D:\HAA\dACC revisions\Run 4\Br2720_dACC_20x_img_020-MaxIP-Stitched_unmixed_rotated.nd2","Layer 1","dACC_v17_ FISH-IF v2.4.4","60","5893","5918","1191","1217","0","0","0","0","1","1","3399.0227","0","368.85394","0","0","0","0","0","0","0","0","0","0","0","0","0","0","0","0","0","0","0","0","92.06184","69.644775","22.417057","20.811172","0.845135"
"D:\HAA\dACC revisions\Run 4\Br2720_dACC_20x_img_020-MaxIP-Stitched_unmixed_rotated.nd2","Layer 1","dACC_v17_ FISH-IF v2.4.4","61","6162","6189","1219","1245","0","0","0","1","1","1","2801.3528","0","349.37234","13","31.393085","2","82307.1","2621.8225","0","0","0","0","0","0","0","0","0","0","0","0","0","0","0","95.19194","71.57808","23.613861","22.742105","0.817128"
"D:\HAA\dACC revisions\Run 4\Br2720_dACC_20x_img_020-MaxIP-Stitched_unmixed_rotated.nd2","Layer 1","dACC_v17_ FISH-IF v2.4.4","62","5849","5875","1220","1247","0","0","0","0","1","1","2147.4116","0","325.90225","0","0","0","0","0","0","0","0","0","0","0","0","0","0","0","0","0","0","0","0","100.76168","73.92565","26.836025","22.742105","0.850116"
"D:\HAA\dACC revisions\Run 4\Br2720_dACC_20x_img_020-MaxIP-Stitched_unmixed_rotated.nd2","Layer 1","dACC_v17_ FISH-IF v2.4.4","63","5843","5871","1295","1323","0","0","0","0","1","1","2463.6787","0","289.5669","0","0","0","0","0","0","0","0","0","0","0","0","0","0","0","1","0.736495","0","356.92374","484.625","107.942505","78.43668","29.505817","25.74578","0.725775"
"D:\HAA\dACC revisions\Run 4\Br2720_dACC_20x_img_020-MaxIP-Stitched_unmixed_rotated.nd2","Layer 1","dACC_v17_ FISH-IF v2.4.4","64","6171","6193","1345","1368","0","0","0","0","1","1","996.55835","0","170.90567","0","0","0","0","0","0","0","0","0","0","0","0","0","0","0","0","0","0","0","0","68.632095","57.58468","11.047421","15.876565","0.713669"
"D:\HAA\dACC revisions\Run 4\Br2720_dACC_20x_img_020-MaxIP-Stitched_unmixed_rotated.nd2","Layer 1","dACC_v17_ FISH-IF v2.4.4","65","5918","5945","1364","1387","0","0","0","1","1","1","2939.7192","0","437.22943","4","6.858607","1","6091.778","888.19464","0","0","0","0","0","0","0","0","0","0","0","0","0","0","0","92.33802","71.0257","21.312315","21.02572","0.712081"
"D:\HAA\dACC revisions\Run 4\Br2720_dACC_20x_img_020-MaxIP-Stitched_unmixed_rotated.nd2","Layer 1","dACC_v17_ FISH-IF v2.4.4","66","1795","1832","1002","1029","0","0","0","0","1","1","3456.8018","0","516.1694","0","0","0","0","0","0","0","0","0","0","0","0","0","0","0","0","0","0","0","0","144.1228","98.36807","45.75473","34.327705","0.643969"
"D:\HAA\dACC revisions\Run 4\Br2720_dACC_20x_img_020-MaxIP-Stitched_unmixed_rotated.nd2","Layer 1","dACC_v17_ FISH-IF v2.4.4","67","1405","1442","1020","1050","0","0","0","0","1","1","1049.6064","0","200.60504","0","0","0","0","0","0","0","0","0","0","0","0","0","0","0","0","0","0","0","0","153.09883","100.57755","52.52128","35.614998","0.705202"
"D:\HAA\dACC revisions\Run 4\Br2720_dACC_20x_img_020-MaxIP-Stitched_unmixed_rotated.nd2","Layer 1","dACC_v17_ FISH-IF v2.4.4","68","1785","1805","1077","1097","0","0","0","0","1","1","2601.4915","0","244.97275","0","0","0","0","0","0","0","0","0","0","0","0","0","0","0","1","0.828557","0","388.50095","468.8889","58.73545","50.68004","8.05541","12.014698","0.855862"
"D:\HAA\dACC revisions\Run 4\Br2720_dACC_20x_img_020-MaxIP-Stitched_unmixed_rotated.nd2","Layer 1","dACC_v17_ FISH-IF v2.4.4","69","1548","1571","1098","1130","0","0","0","0","1","1","1760.8351","0","236.52713","0","0","0","0","0","0","0","0","0","0","0","0","0","0","0","1","0.736495","0","356.46344","484","108.817085","83.131836","25.685251","27.247618","0.610568"
"D:\HAA\dACC revisions\Run 4\Br2720_dACC_20x_img_020-MaxIP-Stitched_unmixed_rotated.nd2","Layer 1","dACC_v17_ FISH-IF v2.4.4","70","1565","1592","1179","1204","0","0","0","0","1","1","2996.182","0","510.0034","0","0","0","0","0","0","0","0","0","0","0","0","0","0","0","0","0","0","0","0","93.58086","67.75751","25.823345","22.742105","0.788207"
"D:\HAA\dACC revisions\Run 4\Br2720_dACC_20x_img_020-MaxIP-Stitched_unmixed_rotated.nd2","Layer 1","dACC_v17_ FISH-IF v2.4.4","71","1548","1575","1192","1217","0","0","0","0","1","1","3699.5256","0","427.7377","0","0","0","0","0","0","0","0","0","0","0","0","0","0","0","0","0","0","0","0","96.20462","68.26385","27.940767","23.171202","0.881892"
"D:\HAA\dACC revisions\Run 4\Br2720_dACC_20x_img_020-MaxIP-Stitched_unmixed_rotated.nd2","Layer 1","dACC_v17_ FISH-IF v2.4.4","72","1602","1623","1250","1273","0","0","0","0","1","1","2373.747","0","397.58347","0","0","0","0","0","0","0","0","0","0","0","0","0","0","0","0","0","0","0","0","68.81622","56.80215","12.01407","15.018372","0.856312"
"D:\HAA\dACC revisions\Run 4\Br2720_dACC_20x_img_020-MaxIP-Stitched_unmixed_rotated.nd2","Layer 1","dACC_v17_ FISH-IF v2.4.4","73","1411","1439","1254","1281","0","0","0","1","1","1","2958.6125","0","583.40717","5","10.264894","1","9512.796","926.73096","0","0","0","0","0","0","0","0","0","0","0","0","0","0","0","111.11864","80.83029","30.288343","25.531233","0.735015"
"D:\HAA\dACC revisions\Run 4\Br2720_dACC_20x_img_020-MaxIP-Stitched_unmixed_rotated.nd2","Layer 1","dACC_v17_ FISH-IF v2.4.4","74","1781","1807","1322","1345","0","0","0","0","1","1","3167.5723","0","401.2471","0","0","0","0","0","0","0","0","0","0","0","0","0","0","0","1","1.426958","0","855.53064","599.5484","89.530136","63.70679","25.823345","22.098461","0.843379"
"D:\HAA\dACC revisions\Run 4\Br2720_dACC_20x_img_020-MaxIP-Stitched_unmixed_rotated.nd2","Layer 1","dACC_v17_ FISH-IF v2.4.4","75","1509","1529","1323","1342","0","0","0","0","1","1","1456.9805","0","189.14877","0","0","0","0","0","0","0","0","0","0","0","0","0","0","0","0","0","0","0","0","55.973595","48.884834","7.088761","11.156505","0.9011"
"D:\HAA\dACC revisions\Run 4\Br2720_dACC_20x_img_020-MaxIP-Stitched_unmixed_rotated.nd2","Layer 1","dACC_v17_ FISH-IF v2.4.4","76","1779","1806","1342","1371","0","0","0","0","1","1","2538.9558","0","517.1696","0","0","0","0","0","0","0","0","0","0","0","0","0","0","0","0","0","0","0","0","107.298065","73.005035","34.293034","29.17855","0.720523"
"D:\HAA\dACC revisions\Run 4\Br2720_dACC_20x_img_020-MaxIP-Stitched_unmixed_rotated.nd2","Layer 1","dACC_v17_ FISH-IF v2.4.4","77","1508","1531","1356","1384","0","0","0","0","1","1","2555.237","0","325.91446","0","0","0","0","0","0","0","0","0","0","0","0","0","0","0","0","0","0","0","0","89.576164","69.966995","19.60917","21.454817","0.706616"
"D:\HAA\dACC revisions\Run 4\Br2720_dACC_20x_img_020-MaxIP-Stitched_unmixed_rotated.nd2","Layer 1","dACC_v17_ FISH-IF v2.4.4","78","1775","1797","1385","1404","0","0","0","0","1","1","3003.034","0","527.31006","0","0","0","0","0","0","0","0","0","0","0","0","0","0","0","0","0","0","0","0","49.299114","30.288343","19.010769","20.382076","0.770235"
"D:\HAA\dACC revisions\Run 4\Br2720_dACC_20x_img_020-MaxIP-Stitched_unmixed_rotated.nd2","Layer 1","dACC_v17_ FISH-IF v2.4.4","79","1798","1820","1389","1403","0","0","0","0","1","1","2082.938","0","285.52884","0","0","0","0","0","0","0","0","0","0","0","0","0","0","0","0","0","0","0","0","49.06896","32.72798","16.340975","18.022047","0.743206"
"D:\HAA\dACC revisions\Run 4\Br2720_dACC_20x_img_020-MaxIP-Stitched_unmixed_rotated.nd2","Layer 1","dACC_v17_ FISH-IF v2.4.4","80","1766","1792","1394","1418","0","0","0","0","1","1","3500.9712","0","454.4751","0","0","0","0","0","0","0","0","0","0","0","0","0","0","0","1","1.472989","0","742.66284","504.1875","80.55411","51.73875","28.815355","24.67304","0.840975"
"D:\HAA\dACC revisions\Run 4\Br2720_dACC_20x_img_020-MaxIP-Stitched_unmixed_rotated.nd2","Layer 1","dACC_v17_ FISH-IF v2.4.4","81","1795","1820","1404","1425","0","0","0","0","1","1","2121.1404","0","329.7441","0","0","0","0","0","0","0","0","0","0","0","0","0","0","0","0","0","0","0","0","73.189156","44.972206","28.216953","23.600298","0.75586"
"D:\HAA\dACC revisions\Run 4\Br2720_dACC_20x_img_020-MaxIP-Stitched_unmixed_rotated.nd2","Layer 1","dACC_v17_ FISH-IF v2.4.4","82","5332","5359","1805","1834","0","0","0","0","1","1","3015.6592","0","369.63895","0","0","0","0","0","0","0","0","0","0","0","0","0","0","0","0","0","0","0","0","115.6757","80.83029","34.845406","26.174877","0.849415"
"D:\HAA\dACC revisions\Run 4\Br2720_dACC_20x_img_020-MaxIP-Stitched_unmixed_rotated.nd2","Layer 1","dACC_v17_ FISH-IF v2.4.4","83","5156","5184","1814","1839","0","0","0","0","1","1","2269.4133","0","477.0923","0","0","0","0","0","2","1.887268","0","1581.8525","838.1707","0","0","0","0","0","0","0","0","0","0","88.517456","60.346535","28.170921","25.74578","0.747724"
"D:\HAA\dACC revisions\Run 4\Br2720_dACC_20x_img_020-MaxIP-Stitched_unmixed_rotated.nd2","Layer 1","dACC_v17_ FISH-IF v2.4.4","84","5231","5253","1818","1842","0","0","0","1","1","1","2736.1968","0","410.55038","5","8.515719","1","10023.784","1177.0919","0","0","0","0","0","0","0","0","0","0","0","0","0","0","0","79.17318","54.362514","24.810665","21.454817","0.771424"
"D:\HAA\dACC revisions\Run 4\Br2720_dACC_20x_img_020-MaxIP-Stitched_unmixed_rotated.nd2","Layer 1","dACC_v17_ FISH-IF v2.4.4","85","5155","5175","1831","1850","0","0","0","0","1","1","1889.361","0","552.8089","0","0","0","0","0","3","3.682473","0","2966.1404","805.475","2","2.117422","0","1500.0555","708.43475","3","3.682473","0","2096.9844","569.45","49.06896","35.16762","13.901337","17.378403","0.773135"
"D:\HAA\dACC revisions\Run 4\Br2720_dACC_20x_img_020-MaxIP-Stitched_unmixed_rotated.nd2","Layer 1","dACC_v17_ FISH-IF v2.4.4","86","5139","5155","1831","1850","1","0","0","0","1","1","1173.9766","0","298.02423","0","0","0","0","0","4","1.565051","1","1054.7524","636.5","0","0","0","0","0","3","2.623762","0","1357.7739","517.4912","49.66736","41.796074","7.871287","12.443794","0.771939"
"D:\HAA\dACC revisions\Run 4\Br2720_dACC_20x_img_020-MaxIP-Stitched_unmixed_rotated.nd2","Layer 1","dACC_v17_ FISH-IF v2.4.4","87","5231","5257","1838","1861","0","0","0","1","1","1","2621.526","0","702.2268","5","9.896647","1","11857.38","1198.121","0","0","0","0","0","0","0","0","0","0","0","0","0","0","0","85.11117","57.63071","27.480457","24.887589","0.710189"
"D:\HAA\dACC revisions\Run 4\Br2720_dACC_20x_img_020-MaxIP-Stitched_unmixed_rotated.nd2","Layer 1","dACC_v17_ FISH-IF v2.4.4","88","5147","5171","1892","1912","0","0","0","0","1","1","2044.1046","0","263.18033","0","0","0","0","0","0","0","0","0","0","0","0","0","0","0","0","0","0","0","0","70.33524","58.459267","11.875977","15.662017","0.706796"
"D:\HAA\dACC revisions\Run 4\Br2720_dACC_20x_img_020-MaxIP-Stitched_unmixed_rotated.nd2","Layer 1","dACC_v17_ FISH-IF v2.4.4","89","5252","5283","1901","1932","0","0","0","0","1","1","2223.6616","0","321.48398","0","0","0","0","0","0","0","0","0","0","0","0","0","0","0","0","0","0","0","0","140.94667","91.96977","48.976894","30.46584","0.888485"
"D:\HAA\dACC revisions\Run 4\Br2720_dACC_20x_img_020-MaxIP-Stitched_unmixed_rotated.nd2","Layer 1","dACC_v17_ FISH-IF v2.4.4","90","5310","5331","1905","1928","0","0","0","0","1","1","1977.2716","0","223.69945","0","0","0","0","0","0","0","0","0","0","0","0","0","0","0","2","3.452319","0","1970.2153","570.69336","69.2305","58.044987","11.185513","15.876565","0.692129"
"D:\HAA\dACC revisions\Run 4\Br2720_dACC_20x_img_020-MaxIP-Stitched_unmixed_rotated.nd2","Layer 1","dACC_v17_ FISH-IF v2.4.4","91","5035","5058","1909","1931","0","0","0","0","1","1","2163.6553","0","304.86002","2","5.569741","0","8995.362","1550.9524","0","0","0","0","0","0","0","0","0","0","0","0","0","0","0","73.005035","59.517975","13.487059","16.30566","0.80406"
"D:\HAA\dACC revisions\Run 4\Br2720_dACC_20x_img_020-MaxIP-Stitched_unmixed_rotated.nd2","Layer 1","dACC_v17_ FISH-IF v2.4.4","92","5153","5179","1988","2015","0","0","0","0","1","1","3405.9763","0","451.07745","1","1.058711","0","830.1676","784.13043","0","0","0","0","0","0","0","0","0","0","0","0","0","0","0","96.38874","73.0971","23.291645","22.742105","0.715158"
"D:\HAA\dACC revisions\Run 4\Br2720_dACC_20x_img_020-MaxIP-Stitched_unmixed_rotated.nd2","Layer 1","dACC_v17_ FISH-IF v2.4.4","93","5178","5204","2019","2043","0","0","0","0","1","1","2013.8602","0","272.04825","0","0","0","0","0","0","0","0","0","0","0","0","0","0","0","0","0","0","0","0","91.04916","69.644775","21.404377","21.02572","0.803747"
"D:\HAA\dACC revisions\Run 4\Br2720_dACC_20x_img_020-MaxIP-Stitched_unmixed_rotated.nd2","Layer 1","dACC_v17_ FISH-IF v2.4.4","94","5313","5340","2036","2061","0","0","0","0","1","1","3606.9758","0","366.97873","0","0","0","0","0","0","0","0","0","0","0","0","0","0","0","0","0","0","0","0","100.25534","73.60344","26.651901","22.742105","0.860138"
"D:\HAA\dACC revisions\Run 4\Br2720_dACC_20x_img_020-MaxIP-Stitched_unmixed_rotated.nd2","Layer 1","dACC_v17_ FISH-IF v2.4.4","95","5231","5256","2068","2094","0","0","0","0","1","1","3623.0432","0","371.26907","0","0","0","0","0","0","0","0","0","0","0","0","0","0","0","0","0","0","0","0","93.39673","69.966995","23.429737","21.02572","0.908496"
"D:\HAA\dACC revisions\Run 4\Br2720_dACC_20x_img_020-MaxIP-Stitched_unmixed_rotated.nd2","Layer 1","dACC_v17_ FISH-IF v2.4.4","96","5031","5056","2071","2092","0","0","0","0","1","1","529.0483","0","114.18208","0","0","0","0","0","1","0.598402","0","392.41357","655.7692","0","0","0","0","0","0","0","0","0","0","76.043076","62.69411","13.348966","18.022047","0.652108"
"D:\HAA\dACC revisions\Run 4\Br2720_dACC_20x_img_020-MaxIP-Stitched_unmixed_rotated.nd2","Layer 1","dACC_v17_ FISH-IF v2.4.4","97","5219","5249","2101","2132","0","0","0","0","1","1","3789.1729","0","383.16144","0","0","0","0","0","0","0","0","0","0","0","0","0","0","0","0","0","0","0","0","128.1961","86.40003","41.796074","29.607647","0.755788"
"D:\HAA\dACC revisions\Run 4\Br2720_dACC_20x_img_020-MaxIP-Stitched_unmixed_rotated.nd2","Layer 1","dACC_v17_ FISH-IF v2.4.4","98","5191","5224","2118","2143","0","0","0","0","1","1","2376.6917","0","438.37384","0","0","0","0","0","0","0","0","0","0","0","0","0","0","0","0","0","0","0","0","121.9359","84.466736","37.469166","28.10581","0.714556"
"D:\HAA\dACC revisions\Run 4\Br2720_dACC_20x_img_020-MaxIP-Stitched_unmixed_rotated.nd2","Layer 1","dACC_v17_ FISH-IF v2.4.4","99","5232","5263","2183","2211","0","0","0","0","1","1","2260.6074","0","334.05176","0","0","0","0","0","0","0","0","0","0","0","0","0","0","0","0","0","0","0","0","123.316826","84.512764","38.80406","28.320358","0.863818"
"D:\HAA\dACC revisions\Run 4\Br2720_dACC_20x_img_020-MaxIP-Stitched_unmixed_rotated.nd2","Layer 1","dACC_v17_ FISH-IF v2.4.4","100","4679","4711","1868","1898","0","0","0","0","1","1","2056.5452","0","452.5484","0","0","0","0","0","0","0","0","0","0","0","0","0","0","0","0","0","0","0","0","137.58641","91.32534","46.26107","31.324034","0.818384"
"D:\HAA\dACC revisions\Run 4\Br2720_dACC_20x_img_020-MaxIP-Stitched_unmixed_rotated.nd2","Layer 1","dACC_v17_ FISH-IF v2.4.4","101","4621","4643","1877","1896","0","0","0","0","1","1","1051.8971","0","160.6895","0","0","0","0","0","0","0","0","0","0","0","0","0","0","0","0","0","0","0","0","59.794163","51.73875","8.05541","12.443794","0.74771"
"D:\HAA\dACC revisions\Run 4\Br2720_dACC_20x_img_020-MaxIP-Stitched_unmixed_rotated.nd2","Layer 1","dACC_v17_ FISH-IF v2.4.4","102","4937","4966","1928","1954","0","0","0","0","1","1","3327.716","0","554.51416","0","0","0","0","0","3","3.406288","0","2616.6274","768.17566","0","0","0","0","0","1","1.242835","0","785.0573","631.6667","115.58363","82.993744","32.58989","26.174877","0.787713"
"D:\HAA\dACC revisions\Run 4\Br2720_dACC_20x_img_020-MaxIP-Stitched_unmixed_rotated.nd2","Layer 1","dACC_v17_ FISH-IF v2.4.4","103","4781","4814","2011","2035","0","0","0","0","1","1","3219.8904","0","496.68707","0","0","0","0","0","0","0","0","0","0","0","0","0","0","0","0","0","0","0","0","110.24405","80.46204","29.782003","25.74578","0.697921"
"D:\HAA\dACC revisions\Run 4\Br2720_dACC_20x_img_020-MaxIP-Stitched_unmixed_rotated.nd2","Layer 1","dACC_v17_ FISH-IF v2.4.4","104","4791","4817","2046","2070","0","0","0","0","1","1","2995.9492","0","457.23343","0","0","0","0","0","0","0","0","0","0","0","0","0","0","0","0","0","0","0","0","94.40941","70.79555","23.613861","21.240269","0.85826"
"D:\HAA\dACC revisions\Run 4\Br2720_dACC_20x_img_020-MaxIP-Stitched_unmixed_rotated.nd2","Layer 1","dACC_v17_ FISH-IF v2.4.4","105","4939","4971","2084","2109","0","0","0","0","1","1","3307.8394","0","553.4914","0","0","0","0","0","0","0","0","0","0","0","0","0","0","0","0","0","0","0","0","116.550285","82.71756","33.832726","26.603973","0.709754"
"D:\HAA\dACC revisions\Run 4\Br2720_dACC_20x_img_020-MaxIP-Stitched_unmixed_rotated.nd2","Layer 1","dACC_v17_ FISH-IF v2.4.4","106","4974","5000","2089","2117","0","0","0","0","1","1","2859.7163","0","442.1753","0","0","0","0","0","0","0","0","0","0","0","0","0","0","0","0","0","0","0","0","105.13461","76.41132","28.723293","23.600298","0.807914"
"D:\HAA\dACC revisions\Run 4\Br2720_dACC_20x_img_020-MaxIP-Stitched_unmixed_rotated.nd2","Layer 1","dACC_v17_ FISH-IF v2.4.4","107","4620","4650","2102","2129","0","0","0","0","1","1","1594.551","0","324.16998","0","0","0","0","0","0","0","0","0","0","1","0.874587","0","715.78076","740.4762","1","0.690464","0","329.58136","477.33334","113.46621","80.96838","32.49783","26.603973","0.796344"
"D:\HAA\dACC revisions\Run 4\Br2720_dACC_20x_img_020-MaxIP-Stitched_unmixed_rotated.nd2","Layer 1","dACC_v17_ FISH-IF v2.4.4","108","1888","1920","1011","1037","0","0","0","0","1","1","3454.8882","0","467.88565","0","0","0","0","0","0","0","0","0","0","0","0","0","0","0","2","1.058711","0","479.27393","452.69565","109.41549","76.0891","33.326385","28.320358","0.695655"
"D:\HAA\dACC revisions\Run 4\Br2720_dACC_20x_img_020-MaxIP-Stitched_unmixed_rotated.nd2","Layer 1","dACC_v17_ FISH-IF v2.4.4","109","1867","1888","1024","1044","0","0","0","0","1","1","3132.3057","0","346.0373","0","0","0","0","0","0","0","0","0","0","0","0","0","0","0","1","2.02536","0","1024.5562","505.86365","59.33385","49.391174","9.942678","13.301987","0.786648"
"D:\HAA\dACC revisions\Run 4\Br2720_dACC_20x_img_020-MaxIP-Stitched_unmixed_rotated.nd2","Layer 1","dACC_v17_ FISH-IF v2.4.4","110","1876","1905","1034","1058","0","0","0","0","1","1","3592.5474","0","331.04318","0","0","0","0","0","0","0","0","0","0","0","0","0","0","0","3","2.301546","0","1054.5223","458.18","88.885704","66.100395","22.785305","24.458492","0.631144"
"D:\HAA\dACC revisions\Run 4\Br2720_dACC_20x_img_020-MaxIP-Stitched_unmixed_rotated.nd2","Layer 1","dACC_v17_ FISH-IF v2.4.4","111","2158","2185","1035","1060","0","0","1","0","1","1","3445.092","0","426.39688","0","0","0","0","0","0","0","0","0","0","0","0","0","0","0","6","12.474379","1","9417.695","754.9631","94.22529","70.74952","23.475767","21.883913","0.829333"
"D:\HAA\dACC revisions\Run 4\Br2720_dACC_20x_img_020-MaxIP-Stitched_unmixed_rotated.nd2","Layer 1","dACC_v17_ FISH-IF v2.4.4","112","1839","1866","1038","1061","0","0","0","0","1","1","3178.6526","0","498.7518","0","0","0","0","0","0","0","0","0","0","0","0","0","0","0","0","0","0","0","0","77.10178","51.00226","26.09953","23.600298","0.748627"
"D:\HAA\dACC revisions\Run 4\Br2720_dACC_20x_img_020-MaxIP-Stitched_unmixed_rotated.nd2","Layer 1","dACC_v17_ FISH-IF v2.4.4","113","2056","2083","1042","1073","0","0","0","0","1","1","2313.2625","0","357.54114","3","7.272885","0","8390.147","1153.6202","0","0","0","0","0","0","0","0","0","0","0","0","0","0","0","121.01528","85.57147","35.443806","27.891262","0.727784"
"D:\HAA\dACC revisions\Run 4\Br2720_dACC_20x_img_020-MaxIP-Stitched_unmixed_rotated.nd2","Layer 1","dACC_v17_ FISH-IF v2.4.4","114","1829","1855","1045","1074","0","0","0","0","1","1","3019.516","0","650.22253","0","0","0","0","0","0","0","0","0","0","0","0","0","0","0","0","0","0","0","0","91.417404","54.408543","37.008858","30.680387","0.677605"
"D:\HAA\dACC revisions\Run 4\Br2720_dACC_20x_img_020-MaxIP-Stitched_unmixed_rotated.nd2","Layer 1","dACC_v17_ FISH-IF v2.4.4","115","1822","1847","1072","1093","0","0","0","0","1","1","3054.37","0","484.86752","0","0","0","0","0","0","0","0","0","0","0","0","0","0","0","0","0","0","0","0","75.39864","56.986275","18.412367","20.167528","0.716636"
"D:\HAA\dACC revisions\Run 4\Br2720_dACC_20x_img_020-MaxIP-Stitched_unmixed_rotated.nd2","Layer 1","dACC_v17_ FISH-IF v2.4.4","116","1854","1883","1093","1115","0","0","0","0","1","1","3024.6816","0","408.8026","0","0","0","0","0","0","0","0","0","0","0","0","0","0","0","0","0","0","0","0","91.27931","70.88761","20.391697","21.02572","0.679216"
"D:\HAA\dACC revisions\Run 4\Br2720_dACC_20x_img_020-MaxIP-Stitched_unmixed_rotated.nd2","Layer 1","dACC_v17_ FISH-IF v2.4.4","117","2160","2188","1125","1159","0","0","0","1","1","1","2074.9456","0","428.5443","9","19.010769","1","20383.918","1072.23","0","0","0","0","0","0","0","0","0","0","0","0","0","0","0","129.25482","90.404724","38.850094","31.109486","0.657401"
"D:\HAA\dACC revisions\Run 4\Br2720_dACC_20x_img_020-MaxIP-Stitched_unmixed_rotated.nd2","Layer 1","dACC_v17_ FISH-IF v2.4.4","118","2202","2221","1166","1184","0","0","0","0","1","1","488.6111","0","121.765976","0","0","0","0","0","0","0","0","0","0","0","0","0","0","0","0","0","0","0","0","49.62133","44.64999","4.971339","9.44012","0.857538"
"D:\HAA\dACC revisions\Run 4\Br2720_dACC_20x_img_020-MaxIP-Stitched_unmixed_rotated.nd2","Layer 1","dACC_v17_ FISH-IF v2.4.4","119","1912","1937","1180","1211","0","0","0","0","1","1","2717.653","0","495.62793","2","3.222164","0","2720.6113","844.34283","0","0","0","0","0","0","0","0","0","0","0","0","0","0","0","114.61698","84.37467","30.242313","27.03307","0.658854"
"D:\HAA\dACC revisions\Run 4\Br2720_dACC_20x_img_020-MaxIP-Stitched_unmixed_rotated.nd2","Layer 1","dACC_v17_ FISH-IF v2.4.4","120","1993","2012","1214","1233","0","0","0","0","1","1","851.015","0","138.1549","0","0","0","0","0","0","0","0","0","0","0","0","0","0","0","0","0","0","0","0","53.073647","46.951534","6.122112","10.727408","0.870647"
"D:\HAA\dACC revisions\Run 4\Br2720_dACC_20x_img_020-MaxIP-Stitched_unmixed_rotated.nd2","Layer 1","dACC_v17_ FISH-IF v2.4.4","121","1811","1836","1233","1259","0","0","0","0","1","1","3494.0803","0","493.53677","1","1.196804","0","951.50507","795.03845","0","0","0","0","0","0","0","0","0","0","1","1.01268","0","531.47296","524.8182","98.46013","73.23519","25.224943","22.31301","0.824593"
"D:\HAA\dACC revisions\Run 4\Br2720_dACC_20x_img_020-MaxIP-Stitched_unmixed_rotated.nd2","Layer 1","dACC_v17_ FISH-IF v2.4.4","122","2141","2161","1264","1283","0","0","0","0","1","1","1080.3143","0","149.99904","0","0","0","0","0","0","0","0","0","0","0","0","0","0","0","0","0","0","0","0","54.13236","47.68803","6.444328","10.727408","0.851122"
"D:\HAA\dACC revisions\Run 4\Br2720_dACC_20x_img_020-MaxIP-Stitched_unmixed_rotated.nd2","Layer 1","dACC_v17_ FISH-IF v2.4.4","123","2153","2178","1288","1306","0","0","0","0","1","1","2175.8022","0","315.31558","0","0","0","0","0","0","0","0","0","0","0","0","0","0","0","0","0","0","0","0","61.26715","44.051586","17.215563","19.738432","0.677646"
"D:\HAA\dACC revisions\Run 4\Br2720_dACC_20x_img_020-MaxIP-Stitched_unmixed_rotated.nd2","Layer 1","dACC_v17_ FISH-IF v2.4.4","124","2157","2185","1298","1327","0","0","0","0","1","1","2326.7341","0","390.2823","3","3.544381","0","2889.2227","815.1558","0","0","0","0","0","0","0","0","0","0","1","0.50634","0","240.83376","475.63635","106.7457","68.81622","37.929478","28.10581","0.728694"
"D:\HAA\dACC revisions\Run 4\Br2720_dACC_20x_img_020-MaxIP-Stitched_unmixed_rotated.nd2","Layer 1","dACC_v17_ FISH-IF v2.4.4","125","1814","1838","1303","1330","0","0","0","0","1","1","3001.5867","0","399.41058","0","0","0","0","0","0","0","0","0","0","0","0","0","0","0","0","0","0","0","0","99.1506","73.0971","26.0535","21.883913","0.872826"
"D:\HAA\dACC revisions\Run 4\Br2720_dACC_20x_img_020-MaxIP-Stitched_unmixed_rotated.nd2","Layer 1","dACC_v17_ FISH-IF v2.4.4","126","1991","2016","1319","1343","0","0","0","0","1","1","1924.6813","0","282.35257","0","0","0","0","0","0","0","0","0","0","0","0","0","0","0","0","0","0","0","0","84.512764","67.75751","16.755255","21.883913","0.561255"
"D:\HAA\dACC revisions\Run 4\Br2720_dACC_20x_img_020-MaxIP-Stitched_unmixed_rotated.nd2","Layer 1","dACC_v17_ FISH-IF v2.4.4","127","1968","1991","1322","1345","0","0","0","1","1","1","2322.1084","0","368.5412","5","9.666492","1","13669.249","1414.0857","0","0","0","0","0","0","0","0","0","0","0","0","0","0","0","76.365295","59.794163","16.57113","18.451143","0.836018"
"D:\HAA\dACC revisions\Run 4\Br2720_dACC_20x_img_020-MaxIP-Stitched_unmixed_rotated.nd2","Layer 1","dACC_v17_ FISH-IF v2.4.4","128","2135","2173","1335","1371","0","0","0","0","1","1","1111.6062","0","236.25789","0","0","0","0","0","0","0","0","0","0","0","0","0","0","0","0","0","0","0","0","193.00764","113.88049","79.127144","41.622345","0.795172"
"D:\HAA\dACC revisions\Run 4\Br2720_dACC_20x_img_020-MaxIP-Stitched_unmixed_rotated.nd2","Layer 1","dACC_v17_ FISH-IF v2.4.4","129","1807","1838","1346","1372","0","0","0","0","1","1","1506.9225","0","375.79163","0","0","0","0","0","0","0","0","0","0","0","0","0","0","0","0","0","0","0","0","122.07399","83.500084","38.57391","27.891262","0.758322"
"D:\HAA\dACC revisions\Run 4\Br2720_dACC_20x_img_020-MaxIP-Stitched_unmixed_rotated.nd2","Layer 1","dACC_v17_ FISH-IF v2.4.4","130","1908","1934","1359","1384","0","0","0","0","1","1","2657.449","0","513.47217","0","0","0","0","0","0","0","0","0","0","0","0","0","0","0","0","0","0","0","0","88.42539","64.53535","23.890047","23.171202","0.788385"
"D:\HAA\dACC revisions\Run 4\Br2720_dACC_20x_img_020-MaxIP-Stitched_unmixed_rotated.nd2","Layer 1","dACC_v17_ FISH-IF v2.4.4","131","1841","1863","1362","1381","0","0","0","0","1","1","3342.029","0","488.2135","0","0","0","0","0","0","0","0","0","0","0","0","0","0","0","0","0","0","0","0","50.21973","37.515198","12.704534","15.876565","0.813664"
"D:\HAA\dACC revisions\Run 4\Br2720_dACC_20x_img_020-MaxIP-Stitched_unmixed_rotated.nd2","Layer 1","dACC_v17_ FISH-IF v2.4.4","132","1832","1858","1368","1394","0","0","0","0","1","1","3545.6047","0","376.32608","0","0","0","0","0","0","0","0","0","0","0","0","0","0","0","0","0","0","0","0","81.474724","54.914886","26.55984","22.956654","0.787338"
"D:\HAA\dACC revisions\Run 4\Br2720_dACC_20x_img_020-MaxIP-Stitched_unmixed_rotated.nd2","Layer 1","dACC_v17_ FISH-IF v2.4.4","133","1896","1917","1368","1391","0","0","0","0","1","1","1675.8524","0","412.7758","0","0","0","0","0","0","0","0","0","0","0","0","0","0","0","0","0","0","0","0","62.556015","51.324474","11.231544","15.876565","0.700438"
"D:\HAA\dACC revisions\Run 4\Br2720_dACC_20x_img_020-MaxIP-Stitched_unmixed_rotated.nd2","Layer 1","dACC_v17_ FISH-IF v2.4.4","134","1866","1892","1373","1400","0","0","0","0","1","1","3572.0283","0","389.32672","0","0","0","0","0","0","0","0","0","0","0","0","0","0","0","0","0","0","0","0","101.82039","74.24787","27.57252","23.171202","0.863684"
"D:\HAA\dACC revisions\Run 4\Br2720_dACC_20x_img_020-MaxIP-Stitched_unmixed_rotated.nd2","Layer 1","dACC_v17_ FISH-IF v2.4.4","135","2071","2098","1374","1401","0","0","0","0","1","1","2911.201","0","555.5306","0","0","0","0","0","0","0","0","0","0","0","0","0","0","0","0","0","0","0","0","96.94111","69.2305","27.710613","24.887589","0.786059"
"D:\HAA\dACC revisions\Run 4\Br2720_dACC_20x_img_020-MaxIP-Stitched_unmixed_rotated.nd2","Layer 1","dACC_v17_ FISH-IF v2.4.4","136","2053","2074","1380","1405","0","0","0","0","1","1","3759.3362","0","405.26456","0","0","0","0","0","0","0","0","0","0","0","0","0","0","0","0","0","0","0","0","80.646164","58.459267","22.186903","20.596624","0.909812"
"D:\HAA\dACC revisions\Run 4\Br2720_dACC_20x_img_020-MaxIP-Stitched_unmixed_rotated.nd2","Layer 1","dACC_v17_ FISH-IF v2.4.4","137","1895","1916","1396","1415","0","0","0","0","1","1","1091.905","0","150.93234","0","0","0","0","0","0","0","0","0","0","0","0","0","0","0","0","0","0","0","0","56.940247","49.66736","7.272885","11.585601","0.792517"
"D:\HAA\dACC revisions\Run 4\Br2720_dACC_20x_img_020-MaxIP-Stitched_unmixed_rotated.nd2","Layer 1","dACC_v17_ FISH-IF v2.4.4","138","2044","2061","1403","1418","0","0","0","0","1","1","511.33334","0","238.75134","0","0","0","0","0","0","0","0","0","0","0","0","0","0","0","3","5.707834","0","3444.9077","603.54034","35.25968","34.431126","0.828557","3.861867","0.469964"
"D:\HAA\dACC revisions\Run 4\Br2720_dACC_20x_img_020-MaxIP-Stitched_unmixed_rotated.nd2","Layer 1","dACC_v17_ FISH-IF v2.4.4","139","2047","2074","1416","1439","0","0","0","0","1","1","755.61914","0","149.82207","0","0","0","0","0","0","0","0","0","0","0","0","0","0","0","0","0","0","0","0","86.58415","68.81622","17.767935","21.02572","0.663509"
"D:\HAA\dACC revisions\Run 4\Br2720_dACC_20x_img_020-MaxIP-Stitched_unmixed_rotated.nd2","Layer 1","dACC_v17_ FISH-IF v2.4.4","140","1998","2040","1422","1452","1","0","0","0","1","1","1304.2263","0","309.64005","0","0","0","0","0","4","4.925308","1","4727.6514","959.86914","3","2.209484","0","1766.8967","799.6875","3","4.418968","0","2385.23","539.7708","184.99826","112.4075","72.59076","39.047768","0.737067"
"D:\HAA\dACC revisions\Run 4\Br2720_dACC_20x_img_020-MaxIP-Stitched_unmixed_rotated.nd2","Layer 1","dACC_v17_ FISH-IF v2.4.4","141","1937","1959","1443","1462","0","0","0","0","1","1","1874.5446","0","207.03636","0","0","0","0","0","0","0","0","0","0","0","0","0","0","0","0","0","0","0","0","62.463955","53.16571","9.298245","12.87289","0.824144"
"D:\HAA\dACC revisions\Run 4\Br2720_dACC_20x_img_020-MaxIP-Stitched_unmixed_rotated.nd2","Layer 1","dACC_v17_ FISH-IF v2.4.4","142","1860","1884","1486","1512","0","0","0","0","1","1","3794.7236","0","354.61328","0","0","0","0","0","0","0","0","0","0","0","0","0","0","0","0","0","0","0","0","90.49678","68.67813","21.818655","20.596624","0.867331"
"D:\HAA\dACC revisions\Run 4\Br2720_dACC_20x_img_020-MaxIP-Stitched_unmixed_rotated.nd2","Layer 1","dACC_v17_ FISH-IF v2.4.4","143","2080","2105","1497","1522","0","0","0","0","1","1","2354.2537","0","510.89987","3","8.05541","0","8417.95","1045.0057","0","0","0","0","0","0","0","0","0","0","0","0","0","0","0","92.38405","69.87493","22.509119","20.596624","0.853115"
"D:\HAA\dACC revisions\Run 4\Br2720_dACC_20x_img_020-MaxIP-Stitched_unmixed_rotated.nd2","Layer 1","dACC_v17_ FISH-IF v2.4.4","144","2101","2125","1536","1564","0","0","0","0","1","1","2645.057","0","538.1993","0","0","0","0","0","0","0","0","0","0","0","0","0","0","0","0","0","0","0","0","97.95379","73.695496","24.258293","22.742105","0.736255"
"D:\HAA\dACC revisions\Run 4\Br2720_dACC_20x_img_020-MaxIP-Stitched_unmixed_rotated.nd2","Layer 1","dACC_v17_ FISH-IF v2.4.4","145","1854","1884","1580","1606","0","0","0","0","1","1","2941.9045","0","363.06555","0","0","0","0","0","0","0","0","0","0","0","0","0","0","0","0","0","0","0","0","114.47889","80.73823","33.74066","26.174877","0.82253"
"D:\HAA\dACC revisions\Run 4\Br2720_dACC_20x_img_020-MaxIP-Stitched_unmixed_rotated.nd2","Layer 1","dACC_v17_ FISH-IF v2.4.4","146","2146","2185","1588","1618","1","0","1","0","1","1","1165.6196","0","310.89307","0","0","0","0","0","10","9.804585","2","8157.415","832","2","1.933299","0","1319.6604","682.5952","47","80.646164","4","69133.836","853.3523","163.778","103.753685","60.024315","36.47319","0.716028"
"D:\HAA\dACC revisions\Run 4\Br2720_dACC_20x_img_020-MaxIP-Stitched_unmixed_rotated.nd2","Layer 1","dACC_v17_ FISH-IF v2.4.4","147","1979","2005","1608","1637","0","0","0","0","1","1","1922.3209","0","352.27112","2","2.301546","0","2125.7078","923.6","0","0","0","0","0","0","0","0","0","0","1","0.322216","0","140.90063","437.2857","107.98853","78.43668","29.55185","25.316685","0.736143"
"D:\HAA\dACC revisions\Run 4\Br2720_dACC_20x_img_020-MaxIP-Stitched_unmixed_rotated.nd2","Layer 1","dACC_v17_ FISH-IF v2.4.4","148","2087","2120","1610","1641","0","0","1","0","1","1","1796.4434","0","397.92218","0","0","0","0","0","0","0","0","0","0","0","0","0","0","0","7","9.252214","1","5527.5767","597.43286","137.17213","91.69359","45.478546","32.182224","0.764653"
"D:\HAA\dACC revisions\Run 4\Br2720_dACC_20x_img_020-MaxIP-Stitched_unmixed_rotated.nd2","Layer 1","dACC_v17_ FISH-IF v2.4.4","149","2014","2032","1632","1651","0","1","0","0","1","1","699.5595","0","152.30412","0","0","0","0","0","0","0","0","0","0","6","6.168143","1","5615.956","890.54016","0","0","0","0","0","47.457874","43.591278","3.866597","9.011024","0.618173"
"D:\HAA\dACC revisions\Run 4\Br2720_dACC_20x_img_020-MaxIP-Stitched_unmixed_rotated.nd2","Layer 1","dACC_v17_ FISH-IF v2.4.4","150","1995","2017","1644","1676","0","0","0","0","1","1","2383.3916","0","456.45044","3","2.99201","0","2383.4348","796.6","0","0","0","0","0","0","0","0","0","0","0","0","0","0","0","106.51554","73.37328","33.14226","27.462166","0.675795"
"D:\HAA\dACC revisions\Run 4\Br2720_dACC_20x_img_020-MaxIP-Stitched_unmixed_rotated.nd2","Layer 1","dACC_v17_ FISH-IF v2.4.4","151","2174","2201","1645","1668","0","0","0","0","1","1","2382.764","0","476.017","0","0","0","0","0","0","0","0","0","0","0","0","0","0","0","2","5.52371","0","3977.992","720.1667","91.04916","70.38127","20.667881","21.02572","0.70141"
"D:\HAA\dACC revisions\Run 4\Br2720_dACC_20x_img_020-MaxIP-Stitched_unmixed_rotated.nd2","Layer 1","dACC_v17_ FISH-IF v2.4.4","152","1947","1976","1646","1673","0","0","0","0","1","1","2903.4507","0","407.99252","0","0","0","0","0","0","0","0","0","0","0","0","0","0","0","0","0","0","0","0","114.29477","80.18586","34.10891","26.174877","0.839103"
"D:\HAA\dACC revisions\Run 4\Br2720_dACC_20x_img_020-MaxIP-Stitched_unmixed_rotated.nd2","Layer 1","dACC_v17_ FISH-IF v2.4.4","153","1974","1998","1656","1685","0","0","0","0","1","1","2927.0552","0","426.78903","0","0","0","0","0","0","0","0","0","0","0","0","0","0","0","1","0.552371","0","277.2442","501.91666","99.702965","67.20514","32.49783","26.174877","0.831783"
"D:\HAA\dACC revisions\Run 4\Br2720_dACC_20x_img_020-MaxIP-Stitched_unmixed_rotated.nd2","Layer 1","dACC_v17_ FISH-IF v2.4.4","154","1902","1926","1660","1685","0","0","0","0","1","1","1641.5516","0","270.5853","0","0","0","0","0","0","0","0","0","0","0","0","0","0","0","1","0.50634","0","248.15268","449.25","78.7589","64.48932","14.269585","19.309336","0.623883"
"D:\HAA\dACC revisions\Run 4\Br2720_dACC_20x_img_020-MaxIP-Stitched_unmixed_rotated.nd2","Layer 1","dACC_v17_ FISH-IF v2.4.4","155","1888","1908","1680","1706","0","0","0","0","1","1","596.5305","0","145.05098","0","0","0","0","0","0","0","0","0","0","0","0","0","0","0","0","0","0","0","0","80.23189","65.916275","14.315616","18.451143","0.648113"
"D:\HAA\dACC revisions\Run 4\Br2720_dACC_20x_img_020-MaxIP-Stitched_unmixed_rotated.nd2","Layer 1","dACC_v17_ FISH-IF v2.4.4","156","1888","1908","1707","1729","0","0","0","0","1","1","2006.338","0","231.9444","0","0","0","0","0","0","0","0","0","0","0","0","0","0","0","1","1.242835","0","667.4023","537","63.75282","53.810143","9.942678","13.731083","0.829731"
"D:\HAA\dACC revisions\Run 4\Br2720_dACC_20x_img_020-MaxIP-Stitched_unmixed_rotated.nd2","Layer 1","dACC_v17_ FISH-IF v2.4.4","157","1979","2000","1744","1773","0","0","0","0","1","1","2866.6995","0","386.07312","0","0","0","0","0","0","0","0","0","0","0","0","0","0","0","0","0","0","0","0","91.64756","70.51936","21.128191","23.600298","0.559199"
"D:\HAA\dACC revisions\Run 4\Br2720_dACC_20x_img_020-MaxIP-Stitched_unmixed_rotated.nd2","Layer 1","dACC_v17_ FISH-IF v2.4.4","158","1851","1869","1746","1768","0","0","0","0","1","1","2227.8567","0","323.68756","0","0","0","0","0","0","0","0","0","0","0","0","0","0","0","0","0","0","0","0","52.060966","38.896126","13.164843","15.876565","0.688596"
"D:\HAA\dACC revisions\Run 4\Br2720_dACC_20x_img_020-MaxIP-Stitched_unmixed_rotated.nd2","Layer 1","dACC_v17_ FISH-IF v2.4.4","159","1865","1890","1746","1771","0","0","0","0","1","1","2253.789","0","398.44894","0","0","0","0","0","0","0","0","0","0","0","0","0","0","0","0","0","0","0","0","88.97776","60.392563","28.5852","24.887589","0.685172"
"D:\HAA\dACC revisions\Run 4\Br2720_dACC_20x_img_020-MaxIP-Stitched_unmixed_rotated.nd2","Layer 1","dACC_v17_ FISH-IF v2.4.4","160","1971","1997","1770","1790","0","0","0","0","1","1","2855.0376","0","397.67963","0","0","0","0","0","0","0","0","0","0","0","0","0","0","0","0","0","0","0","0","75.16849","58.044987","17.1235","18.451143","0.740092"
"D:\HAA\dACC revisions\Run 4\Br2720_dACC_20x_img_020-MaxIP-Stitched_unmixed_rotated.nd2","Layer 1","dACC_v17_ FISH-IF v2.4.4","161","1831","1862","1800","1829","0","0","0","0","1","1","2240.688","0","354.44473","0","0","0","0","0","0","0","0","0","0","0","0","0","0","0","0","0","0","0","0","131.69446","87.873024","43.821434","29.17855","0.87904"
"D:\HAA\dACC revisions\Run 4\Br2720_dACC_20x_img_020-MaxIP-Stitched_unmixed_rotated.nd2","Layer 1","dACC_v17_ FISH-IF v2.4.4","162","3910","3931","1812","1836","0","0","0","0","1","1","2494.7864","0","255.35815","0","0","0","0","0","0","0","0","0","0","0","0","0","0","0","1","0.782526","0","545.0521","538.2273","71.670135","58.73545","12.934688","15.876565","0.799468"
"D:\HAA\dACC revisions\Run 4\Br2720_dACC_20x_img_020-MaxIP-Stitched_unmixed_rotated.nd2","Layer 1","dACC_v17_ FISH-IF v2.4.4","163","4141","4168","1853","1879","0","0","0","0","1","1","1467.103","0","294.45697","0","0","0","0","0","2","0.644433","0","397.70712","617.1429","0","0","0","0","0","0","0","0","0","0","107.48219","77.562096","29.920095","23.600298","0.826126"
"D:\HAA\dACC revisions\Run 4\Br2720_dACC_20x_img_020-MaxIP-Stitched_unmixed_rotated.nd2","Layer 1","dACC_v17_ FISH-IF v2.4.4","164","4046","4080","1854","1886","0","0","0","0","1","1","1556.2312","0","449.8362","0","0","0","0","0","2","1.703144","0","1224.6526","719.0541","0","0","0","0","0","0","0","0","0","0","150.6592","96.11256","54.54664","35.614998","0.738289"
"D:\HAA\dACC revisions\Run 4\Br2720_dACC_20x_img_020-MaxIP-Stitched_unmixed_rotated.nd2","Layer 1","dACC_v17_ FISH-IF v2.4.4","165","4023","4047","1857","1887","0","0","0","1","1","1","2333.0625","0","425.04034","5","11.231544","1","15457.965","1376.2992","0","0","0","0","0","0","0","0","0","0","0","0","0","0","0","102.83307","71.90029","30.932777","27.03307","0.751418"
"D:\HAA\dACC revisions\Run 4\Br2720_dACC_20x_img_020-MaxIP-Stitched_unmixed_rotated.nd2","Layer 1","dACC_v17_ FISH-IF v2.4.4","166","4093","4112","1873","1891","0","0","0","0","1","1","615.15576","0","128.10956","0","0","0","0","0","0","0","0","0","0","0","0","0","0","0","0","0","0","0","0","51.830814","46.215042","5.615772","10.083764","0.847017"
"D:\HAA\dACC revisions\Run 4\Br2720_dACC_20x_img_020-MaxIP-Stitched_unmixed_rotated.nd2","Layer 1","dACC_v17_ FISH-IF v2.4.4","167","4077","4099","1893","1911","0","0","0","0","1","1","2357.2227","0","466.3366","0","0","0","0","0","0","0","0","0","0","0","0","0","0","0","0","0","0","0","0","54.592667","41.980198","12.612472","15.876565","0.663361"
"D:\HAA\dACC revisions\Run 4\Br2720_dACC_20x_img_020-MaxIP-Stitched_unmixed_rotated.nd2","Layer 1","dACC_v17_ FISH-IF v2.4.4","168","4078","4102","1907","1935","0","0","0","0","1","1","2838.9553","0","383.1674","0","0","0","0","0","0","0","0","0","0","0","0","0","0","0","0","0","0","0","0","94.91575","64.075035","30.840715","26.174877","0.697396"
"D:\HAA\dACC revisions\Run 4\Br2720_dACC_20x_img_020-MaxIP-Stitched_unmixed_rotated.nd2","Layer 1","dACC_v17_ FISH-IF v2.4.4","169","3994","4025","1904","1929","1","1","1","0","1","1","1179.3944","0","206.64075","0","0","0","0","0","8","10.771235","1","9156.378","850.0769","15","14.54577","3","13261.277","911.69305","24","42.670662","3","29783.246","697.9795","112.72971","81.106476","31.62324","25.316685","0.74307"
"D:\HAA\dACC revisions\Run 4\Br2720_dACC_20x_img_020-MaxIP-Stitched_unmixed_rotated.nd2","Layer 1","dACC_v17_ FISH-IF v2.4.4","170","4106","4134","1914","1942","0","0","0","0","1","1","2935.5159","0","336.14114","0","0","0","0","0","0","0","0","0","0","0","0","0","0","0","0","0","0","0","0","112.03925","79.909676","32.12958","25.316685","0.782513"
"D:\HAA\dACC revisions\Run 4\Br2720_dACC_20x_img_020-MaxIP-Stitched_unmixed_rotated.nd2","Layer 1","dACC_v17_ FISH-IF v2.4.4","171","4167","4189","1926","1945","0","0","0","0","1","1","1904.9198","0","257.3612","0","0","0","0","0","0","0","0","0","0","0","0","0","0","0","0","0","0","0","0","64.81153","55.05298","9.758554","13.301987","0.715442"
"D:\HAA\dACC revisions\Run 4\Br2720_dACC_20x_img_020-MaxIP-Stitched_unmixed_rotated.nd2","Layer 1","dACC_v17_ FISH-IF v2.4.4","172","4193","4215","1958","1981","0","0","0","0","1","1","1349.9231","0","213.72348","0","0","0","0","0","0","0","0","0","0","0","0","0","0","0","0","0","0","0","0","71.7622","58.59736","13.164843","15.876565","0.872156"
"D:\HAA\dACC revisions\Run 4\Br2720_dACC_20x_img_020-MaxIP-Stitched_unmixed_rotated.nd2","Layer 1","dACC_v17_ FISH-IF v2.4.4","173","3867","3895","1963","1992","1","1","0","0","1","1","2090.256","0","302.68747","0","0","0","0","0","4","2.347577","1","1601.6918","682.27454","6","4.833246","1","3215.72","665.3333","0","0","0","0","0","114.61698","75.26055","39.356434","28.10581","0.850871"
"D:\HAA\dACC revisions\Run 4\Br2720_dACC_20x_img_020-MaxIP-Stitched_unmixed_rotated.nd2","Layer 1","dACC_v17_ FISH-IF v2.4.4","174","3912","3936","1967","1993","0","0","0","0","1","1","2405.4797","0","461.60242","1","2.715824","0","3062.575","1127.678","0","0","0","0","0","0","0","0","0","0","0","0","0","0","0","91.04916","64.94962","26.09953","23.814846","0.70754"
"D:\HAA\dACC revisions\Run 4\Br2720_dACC_20x_img_020-MaxIP-Stitched_unmixed_rotated.nd2","Layer 1","dACC_v17_ FISH-IF v2.4.4","175","3846","3871","1971","1993","0","0","0","0","1","1","2068.812","0","380.48404","0","0","0","0","0","0","0","0","0","0","1","0.736495","0","534.2809","725.4375","0","0","0","0","0","79.9557","59.14973","20.805975","20.596624","0.729113"
"D:\HAA\dACC revisions\Run 4\Br2720_dACC_20x_img_020-MaxIP-Stitched_unmixed_rotated.nd2","Layer 1","dACC_v17_ FISH-IF v2.4.4","176","4051","4078","1976","2000","0","0","0","0","1","1","2951.615","0","554.68506","1","3.452319","0","3124.947","905.17334","1","0.322216","0","218.78496","679","0","0","0","0","0","0","0","0","0","0","97.03317","72.63679","24.396387","21.02572","0.856979"
"D:\HAA\dACC revisions\Run 4\Br2720_dACC_20x_img_020-MaxIP-Stitched_unmixed_rotated.nd2","Layer 1","dACC_v17_ FISH-IF v2.4.4","177","3909","3930","1990","2009","0","0","0","0","1","1","1505.4475","0","389.5595","1","1.657113","0","1257.2885","758.7222","0","0","0","0","0","0","0","0","0","0","0","0","0","0","0","58.22911","46.399166","11.829946","15.447468","0.748982"
"D:\HAA\dACC revisions\Run 4\Br2720_dACC_20x_img_020-MaxIP-Stitched_unmixed_rotated.nd2","Layer 1","dACC_v17_ FISH-IF v2.4.4","178","4200","4224","1992","2019","0","0","0","0","1","1","2708.043","0","720.0484","0","0","0","0","0","0","0","0","0","0","0","0","0","0","0","0","0","0","0","0","101.86642","76.0891","25.777313","22.31301","0.748839"
"D:\HAA\dACC revisions\Run 4\Br2720_dACC_20x_img_020-MaxIP-Stitched_unmixed_rotated.nd2","Layer 1","dACC_v17_ FISH-IF v2.4.4","179","4181","4202","2046","2066","0","0","0","0","1","1","1053.5055","0","159.6362","0","0","0","0","0","0","0","0","0","0","0","0","0","0","0","0","0","0","0","0","59.84019","51.370502","8.469688","12.229246","0.876377"
"D:\HAA\dACC revisions\Run 4\Br2720_dACC_20x_img_020-MaxIP-Stitched_unmixed_rotated.nd2","Layer 1","dACC_v17_ FISH-IF v2.4.4","180","3826","3852","2048","2075","0","0","0","0","1","1","2771.1104","0","385.82477","0","0","0","0","0","0","0","0","0","0","0","0","0","0","0","1","1.01268","0","500.12592","493.86365","103.063225","75.12246","27.940767","23.600298","0.854888"
"D:\HAA\dACC revisions\Run 4\Br2720_dACC_20x_img_020-MaxIP-Stitched_unmixed_rotated.nd2","Layer 1","dACC_v17_ FISH-IF v2.4.4","181","4165","4184","2077","2095","0","0","0","0","1","1","545.86456","0","108.67979","0","0","0","0","0","2","4.00469","0","5964.8706","1489.4713","1","1.51902","0","1333.0554","877.57574","0","0","0","0","0","47.68803","43.269062","4.418968","9.011024","0.882552"
"D:\HAA\dACC revisions\Run 4\Br2720_dACC_20x_img_020-MaxIP-Stitched_unmixed_rotated.nd2","Layer 1","dACC_v17_ FISH-IF v2.4.4","182","4052","4072","2078","2097","0","0","0","0","1","1","937.78143","0","145.5334","0","0","0","0","0","0","0","0","0","0","0","0","0","0","0","0","0","0","0","0","55.881535","48.930866","6.950668","11.156505","0.800639"
"D:\HAA\dACC revisions\Run 4\Br2720_dACC_20x_img_020-MaxIP-Stitched_unmixed_rotated.nd2","Layer 1","dACC_v17_ FISH-IF v2.4.4","183","4129","4149","2080","2099","0","0","0","0","1","1","893.4217","0","143.96689","0","0","0","0","0","0","0","0","0","0","0","0","0","0","0","0","0","0","0","0","57.67674","50.035606","7.641132","11.585601","0.830875"
"D:\HAA\dACC revisions\Run 4\Br2720_dACC_20x_img_020-MaxIP-Stitched_unmixed_rotated.nd2","Layer 1","dACC_v17_ FISH-IF v2.4.4","184","4118","4136","2098","2117","0","0","0","0","1","1","1026.9174","0","131.993","0","0","0","0","0","0","0","0","0","0","0","0","0","0","0","0","0","0","0","0","51.60066","46.03092","5.569741","9.869216","0.829077"
"D:\HAA\dACC revisions\Run 4\Br2720_dACC_20x_img_020-MaxIP-Stitched_unmixed_rotated.nd2","Layer 1","dACC_v17_ FISH-IF v2.4.4","185","3982","4015","2109","2130","0","0","0","0","1","1","1362.447","0","179.40822","0","0","0","0","0","0","0","0","0","0","0","0","0","0","0","0","0","0","0","0","101.63627","79.49539","22.140871","24.029396","0.579132"
"D:\HAA\dACC revisions\Run 4\Br2720_dACC_20x_img_020-MaxIP-Stitched_unmixed_rotated.nd2","Layer 1","dACC_v17_ FISH-IF v2.4.4","186","3881","3906","2114","2139","0","0","0","0","1","1","3290.556","0","383.40887","0","0","0","0","0","0","0","0","0","0","0","0","0","0","0","0","0","0","0","0","90.31266","68.447975","21.864685","20.167528","0.926812"
"D:\HAA\dACC revisions\Run 4\Br2720_dACC_20x_img_020-MaxIP-Stitched_unmixed_rotated.nd2","Layer 1","dACC_v17_ FISH-IF v2.4.4","187","4068","4095","2119","2143","0","0","0","0","1","1","3376.4067","0","411.50674","0","0","0","0","0","0","0","0","0","0","0","0","0","0","0","0","0","0","0","0","96.02049","71.57808","24.442417","21.454817","0.854156"
"D:\HAA\dACC revisions\Run 4\Br2720_dACC_20x_img_020-MaxIP-Stitched_unmixed_rotated.nd2","Layer 1","dACC_v17_ FISH-IF v2.4.4","188","4144","4162","2129","2152","0","0","0","0","1","1","2229.099","0","267.8279","0","0","0","0","0","0","0","0","0","0","0","0","0","0","0","0","0","0","0","0","60.070347","45.202362","14.867987","17.807499","0.679029"
"D:\HAA\dACC revisions\Run 4\Br2720_dACC_20x_img_020-MaxIP-Stitched_unmixed_rotated.nd2","Layer 1","dACC_v17_ FISH-IF v2.4.4","189","4162","4191","2133","2158","0","0","0","0","1","1","2367.44","0","251.18828","0","0","0","0","0","0","0","0","0","0","0","0","0","0","0","0","0","0","0","0","99.749","70.657455","29.09154","29.17855","0.566381"
"D:\HAA\dACC revisions\Run 4\Br2720_dACC_20x_img_020-MaxIP-Stitched_unmixed_rotated.nd2","Layer 1","dACC_v17_ FISH-IF v2.4.4","190","4114","4140","2148","2175","0","0","0","0","1","1","3018.732","0","521.6103","0","0","0","0","0","0","0","0","0","0","0","0","0","0","0","0","0","0","0","0","99.749","73.46535","26.283653","22.742105","0.864452"
"D:\HAA\dACC revisions\Run 4\Br2720_dACC_20x_img_020-MaxIP-Stitched_unmixed_rotated.nd2","Layer 1","dACC_v17_ FISH-IF v2.4.4","191","4038","4068","2171","2204","0","0","0","0","1","1","1731.1318","0","312.2247","0","0","0","0","0","2","1.887268","0","1498.9508","794.2439","1","0.828557","0","735.29785","887.44446","0","0","0","0","0","128.70244","74.57008","54.13236","34.327705","0.791908"
"D:\HAA\dACC revisions\Run 4\Br2720_dACC_20x_img_020-MaxIP-Stitched_unmixed_rotated.nd2","Layer 1","dACC_v17_ FISH-IF v2.4.4","192","3867","3899","2177","2205","0","0","0","0","1","1","1801.0901","0","372.2248","0","0","0","0","0","0","0","0","0","0","0","0","0","0","0","0","0","0","0","0","122.16605","85.38735","36.7787","29.17855","0.788508"
"D:\HAA\dACC revisions\Run 4\Br2720_dACC_20x_img_020-MaxIP-Stitched_unmixed_rotated.nd2","Layer 1","dACC_v17_ FISH-IF v2.4.4","193","4029","4052","2188","2209","0","0","0","0","1","1","1880.9199","0","336.9213","1","2.163453","0","2077.3752","960.21277","0","0","0","0","0","0","0","0","0","0","0","0","0","0","0","58.18308","41.519886","16.663193","18.88024","0.740977"
"D:\HAA\dACC revisions\Run 4\Br2720_dACC_20x_img_020-MaxIP-Stitched_unmixed_rotated.nd2","Layer 1","dACC_v17_ FISH-IF v2.4.4","194","3817","3846","2191","2212","0","0","0","1","1","1","1641.4304","0","434.0464","4","8.607781","1","11904.838","1383.0321","0","0","0","0","0","0","0","0","0","0","0","0","0","0","0","88.97776","60.530655","28.447107","27.03307","0.684754"
"D:\HAA\dACC revisions\Run 4\Br2720_dACC_20x_img_020-MaxIP-Stitched_unmixed_rotated.nd2","Layer 1","dACC_v17_ FISH-IF v2.4.4","195","5335","5358","1475","1508","0","0","0","0","1","1","3033.8892","0","511.17047","0","0","0","0","0","0","0","0","0","0","0","0","0","0","0","0","0","0","0","0","115.44554","82.625496","32.820045","27.891262","0.621143"
"D:\HAA\dACC revisions\Run 4\Br2720_dACC_20x_img_020-MaxIP-Stitched_unmixed_rotated.nd2","Layer 1","dACC_v17_ FISH-IF v2.4.4","196","5342","5364","1504","1522","0","0","0","1","1","1","2409.456","0","259.39612","7","16.663193","1","35009.09","2100.9834","0","0","0","0","0","0","0","0","0","0","1","0.828557","0","444.47455","536.44446","55.28313","47.411846","7.871287","12.443794","0.710342"
"D:\HAA\dACC revisions\Run 4\Br2720_dACC_20x_img_020-MaxIP-Stitched_unmixed_rotated.nd2","Layer 1","dACC_v17_ FISH-IF v2.4.4","197","5020","5049","1506","1539","0","0","0","0","1","1","2319.7163","0","408.40778","0","0","0","0","0","0","0","0","0","0","0","0","0","0","0","0","0","0","0","0","132.52301","91.32534","41.19767","30.46584","0.674494"
"D:\HAA\dACC revisions\Run 4\Br2720_dACC_20x_img_020-MaxIP-Stitched_unmixed_rotated.nd2","Layer 1","dACC_v17_ FISH-IF v2.4.4","198","5027","5052","1555","1584","0","0","0","0","1","1","3400.4578","0","508.77008","1","2.761855","0","2273.421","823.15","0","0","0","0","0","0","0","0","0","0","0","0","0","0","0","100.62359","74.47803","26.145561","24.029396","0.751707"
"D:\HAA\dACC revisions\Run 4\Br2720_dACC_20x_img_020-MaxIP-Stitched_unmixed_rotated.nd2","Layer 1","dACC_v17_ FISH-IF v2.4.4","199","5374","5401","1584","1610","0","0","0","0","1","1","3552.8418","0","351.66937","0","0","0","0","0","0","0","0","0","0","0","0","0","0","0","0","0","0","0","0","99.28869","73.37328","25.915407","22.742105","0.832127"
"D:\HAA\dACC revisions\Run 4\Br2720_dACC_20x_img_020-MaxIP-Stitched_unmixed_rotated.nd2","Layer 1","dACC_v17_ FISH-IF v2.4.4","200","5401","5420","1611","1633","0","0","0","0","1","1","2548.9436","0","452.95282","0","0","0","0","0","0","0","0","0","0","0","0","0","0","0","1","0.50634","0","228.26732","450.81818","57.262463","40.967518","16.294945","18.665691","0.822481"
"D:\HAA\dACC revisions\Run 4\Br2720_dACC_20x_img_020-MaxIP-Stitched_unmixed_rotated.nd2","Layer 1","dACC_v17_ FISH-IF v2.4.4","201","5021","5042","1614","1639","0","0","0","0","1","1","1887.8085","0","287.03036","0","0","0","0","0","0","0","0","0","0","0","0","0","0","0","1","0.782526","0","397.9373","508.52942","76.41132","54.54664","21.864685","22.098461","0.647417"
"D:\HAA\dACC revisions\Run 4\Br2720_dACC_20x_img_020-MaxIP-Stitched_unmixed_rotated.nd2","Layer 1","dACC_v17_ FISH-IF v2.4.4","202","5043","5060","1619","1641","0","0","0","0","1","1","1803.9379","0","259.77118","0","0","0","0","0","0","0","0","0","0","0","0","0","0","0","0","0","0","0","0","58.275143","43.453186","14.821956","16.520208","0.735682"
"D:\HAA\dACC revisions\Run 4\Br2720_dACC_20x_img_020-MaxIP-Stitched_unmixed_rotated.nd2","Layer 1","dACC_v17_ FISH-IF v2.4.4","203","5099","5118","1629","1647","0","0","0","0","1","1","564.90436","0","124.657524","0","0","0","0","0","0","0","0","0","0","0","0","0","0","0","0","0","0","0","0","50.58798","45.294422","5.293556","9.44012","0.876758"
"D:\HAA\dACC revisions\Run 4\Br2720_dACC_20x_img_020-MaxIP-Stitched_unmixed_rotated.nd2","Layer 1","dACC_v17_ FISH-IF v2.4.4","204","5278","5295","1669","1691","0","0","0","0","1","1","2275.735","0","307.7933","1","1.565051","0","1224.3763","782.32355","0","0","0","0","0","0","0","0","0","0","0","0","0","0","0","57.30849","42.532566","14.775925","16.949305","0.782614"
"D:\HAA\dACC revisions\Run 4\Br2720_dACC_20x_img_020-MaxIP-Stitched_unmixed_rotated.nd2","Layer 1","dACC_v17_ FISH-IF v2.4.4","205","5294","5311","1673","1695","0","0","0","0","1","1","1789.4641","0","373.716","0","0","0","0","0","0","0","0","0","0","0","0","0","0","0","0","0","0","0","0","54.17839","41.980198","12.198194","16.091112","0.672539"
"D:\HAA\dACC revisions\Run 4\Br2720_dACC_20x_img_020-MaxIP-Stitched_unmixed_rotated.nd2","Layer 1","dACC_v17_ FISH-IF v2.4.4","206","5127","5162","1677","1699","0","0","0","0","1","1","2766.9338","0","462.93802","0","0","0","0","0","1","0.690464","0","529.6778","767.13336","0","0","0","0","0","0","0","0","0","0","104.44415","67.57339","36.870766","28.534906","0.660105"
"D:\HAA\dACC revisions\Run 4\Br2720_dACC_20x_img_020-MaxIP-Stitched_unmixed_rotated.nd2","Layer 1","dACC_v17_ FISH-IF v2.4.4","207","5145","5169","1693","1716","0","0","0","0","1","1","3213.0063","0","467.26712","0","0","0","0","0","0","0","0","0","0","0","0","0","0","0","0","0","0","0","0","63.5687","34.983498","28.5852","25.531233","0.794874"
"D:\HAA\dACC revisions\Run 4\Br2720_dACC_20x_img_020-MaxIP-Stitched_unmixed_rotated.nd2","Layer 1","dACC_v17_ FISH-IF v2.4.4","208","5129","5156","1699","1723","0","0","0","0","1","1","3244.1924","0","753.5","0","0","0","0","0","0","0","0","0","0","0","0","0","0","0","0","0","0","0","0","78.574776","50.818134","27.756643","26.174877","0.759825"
"D:\HAA\dACC revisions\Run 4\Br2720_dACC_20x_img_020-MaxIP-Stitched_unmixed_rotated.nd2","Layer 1","dACC_v17_ FISH-IF v2.4.4","209","5325","5351","1736","1762","0","0","0","0","1","1","2814.9907","0","446.3642","0","0","0","0","0","0","0","0","0","0","0","0","0","0","0","0","0","0","0","0","97.58555","73.05106","24.53448","21.883913","0.81025"
"D:\HAA\dACC revisions\Run 4\Br2720_dACC_20x_img_020-MaxIP-Stitched_unmixed_rotated.nd2","Layer 1","dACC_v17_ FISH-IF v2.4.4","210","5382","5397","1756","1769","0","0","0","0","1","1","1012.75","0","410.73343","0","0","0","0","0","0","0","0","0","0","0","0","0","0","0","0","0","0","0","0","29.55185","29.183601","0.368247","1.716385","0.592654"
"D:\HAA\dACC revisions\Run 4\Br2720_dACC_20x_img_020-MaxIP-Stitched_unmixed_rotated.nd2","Layer 1","dACC_v17_ FISH-IF v2.4.4","211","5387","5413","1767","1791","0","0","0","0","1","1","2831.3613","0","440.0712","0","0","0","0","0","0","0","0","0","0","0","0","0","0","0","0","0","0","0","0","91.23328","69.8289","21.404377","20.167528","0.810808"
"D:\HAA\dACC revisions\Run 4\Br2720_dACC_20x_img_020-MaxIP-Stitched_unmixed_rotated.nd2","Layer 1","dACC_v17_ FISH-IF v2.4.4","212","5359","5388","1778","1801","0","0","0","0","1","1","3106.0261","0","441.8507","0","0","0","0","0","0","0","0","0","0","0","0","0","0","0","0","0","0","0","0","90.86503","71.53204","19.332985","21.883913","0.621339"
"D:\HAA\dACC revisions\Run 4\Br2720_dACC_20x_img_020-MaxIP-Stitched_unmixed_rotated.nd2","Layer 1","dACC_v17_ FISH-IF v2.4.4","213","5169","5197","1782","1801","1","0","0","0","1","1","987.31946","0","145.51144","0","0","0","0","0","4","3.590412","1","2548.6858","709.85895","1","0.828557","0","703.0302","848.5","1","2.393608","0","1779.6473","743.5","79.587456","66.33055","13.256905","18.236595","0.563587"
"D:\HAA\dACC revisions\Run 4\Br2720_dACC_20x_img_020-MaxIP-Stitched_unmixed_rotated.nd2","Layer 1","dACC_v17_ FISH-IF v2.4.4","214","5474","5503","1021","1047","0","0","0","0","1","1","2893.6672","0","322.86963","0","0","0","0","0","0","0","0","0","0","0","0","0","0","0","0","0","0","0","0","108.58694","78.02241","30.56453","24.458492","0.800052"
"D:\HAA\dACC revisions\Run 4\Br2720_dACC_20x_img_020-MaxIP-Stitched_unmixed_rotated.nd2","Layer 1","dACC_v17_ FISH-IF v2.4.4","215","5593","5616","1048","1070","0","0","0","0","1","1","1260.9839","0","194.69254","0","0","0","0","0","0","0","0","0","0","0","0","0","0","0","0","0","0","0","0","75.39864","61.083027","14.315616","16.734756","0.785232"
"D:\HAA\dACC revisions\Run 4\Br2720_dACC_20x_img_020-MaxIP-Stitched_unmixed_rotated.nd2","Layer 1","dACC_v17_ FISH-IF v2.4.4","216","5554","5585","1060","1084","0","0","0","0","1","1","1721.1527","0","281.94547","0","0","0","0","0","0","0","0","0","0","0","0","0","0","0","0","0","0","0","0","104.39812","78.48271","25.915407","24.887589","0.662166"
"D:\HAA\dACC revisions\Run 4\Br2720_dACC_20x_img_020-MaxIP-Stitched_unmixed_rotated.nd2","Layer 1","dACC_v17_ FISH-IF v2.4.4","217","5553","5578","1094","1119","0","0","0","0","1","1","3625.6467","0","375.19693","0","0","0","0","0","0","0","0","0","0","0","0","0","0","0","0","0","0","0","0","91.601524","69.18447","22.417057","20.596624","0.88227"
"D:\HAA\dACC revisions\Run 4\Br2720_dACC_20x_img_020-MaxIP-Stitched_unmixed_rotated.nd2","Layer 1","dACC_v17_ FISH-IF v2.4.4","218","5611","5641","1103","1132","1","0","1","0","1","1","2274.709","0","310.25873","0","0","0","0","0","4","4.695154","1","3819.6455","813.5294","2","1.242835","0","848.7181","682.8889","7","12.566441","1","7393.256","588.3333","120.7391","84.512764","36.226334","27.891262","0.708451"
"D:\HAA\dACC revisions\Run 4\Br2720_dACC_20x_img_020-MaxIP-Stitched_unmixed_rotated.nd2","Layer 1","dACC_v17_ FISH-IF v2.4.4","219","5663","5691","1110","1138","0","0","0","0","1","1","2401.5105","0","321.16385","0","0","0","0","0","0","0","0","0","0","0","0","0","0","0","1","1.703144","0","1122.3718","659","116.2741","81.474724","34.799374","25.74578","0.831834"
"D:\HAA\dACC revisions\Run 4\Br2720_dACC_20x_img_020-MaxIP-Stitched_unmixed_rotated.nd2","Layer 1","dACC_v17_ FISH-IF v2.4.4","220","5720","5745","1114","1141","0","0","0","0","1","1","1316.3512","0","255.92323","0","0","0","0","0","0","0","0","0","0","0","0","0","0","0","0","0","0","0","0","92.84436","71.34792","21.496439","22.31301","0.696029"
"D:\HAA\dACC revisions\Run 4\Br2720_dACC_20x_img_020-MaxIP-Stitched_unmixed_rotated.nd2","Layer 1","dACC_v17_ FISH-IF v2.4.4","221","5766","5790","1128","1155","0","0","0","1","1","1","2599.5984","0","502.57004","5","15.466389","1","19676.56","1272.2142","0","0","0","0","0","0","0","0","0","0","0","0","0","0","0","95.69828","71.62411","24.07417","21.454817","0.834832"
"D:\HAA\dACC revisions\Run 4\Br2720_dACC_20x_img_020-MaxIP-Stitched_unmixed_rotated.nd2","Layer 1","dACC_v17_ FISH-IF v2.4.4","222","5467","5491","1192","1217","0","0","0","0","1","1","2131.3237","0","293.0261","0","0","0","0","0","1","0.828557","0","869.10974","858.2273","0","0","0","0","0","0","0","0","0","0","84.69689","67.06705","17.62984","20.167528","0.725292"
"D:\HAA\dACC revisions\Run 4\Br2720_dACC_20x_img_020-MaxIP-Stitched_unmixed_rotated.nd2","Layer 1","dACC_v17_ FISH-IF v2.4.4","223","5786","5806","1219","1241","0","0","0","0","1","1","1126.602","0","193.61487","1","1.795206","0","1745.7225","972.4359","0","0","0","0","0","0","0","0","0","0","0","0","0","0","0","63.522667","54.500607","9.022059","14.160179","0.677017"
"D:\HAA\dACC revisions\Run 4\Br2720_dACC_20x_img_020-MaxIP-Stitched_unmixed_rotated.nd2","Layer 1","dACC_v17_ FISH-IF v2.4.4","224","5543","5573","1245","1266","0","0","0","0","1","1","1633.6255","0","329.12805","1","1.933299","0","1667.7922","862.6667","0","0","0","0","0","0","0","0","0","0","0","0","0","0","0","101.86642","77.28591","24.58051","23.171202","0.674652"
"D:\HAA\dACC revisions\Run 4\Br2720_dACC_20x_img_020-MaxIP-Stitched_unmixed_rotated.nd2","Layer 1","dACC_v17_ FISH-IF v2.4.4","225","5494","5522","1272","1293","0","0","0","0","1","1","1811.6399","0","256.8974","0","0","0","0","0","0","0","0","0","0","0","0","0","0","0","0","0","0","0","0","83.91436","67.2972","16.61716","19.094788","0.665359"
"D:\HAA\dACC revisions\Run 4\Br2720_dACC_20x_img_020-MaxIP-Stitched_unmixed_rotated.nd2","Layer 1","dACC_v17_ FISH-IF v2.4.4","226","5698","5723","1276","1301","0","0","0","0","1","1","3431.6155","0","359.02737","0","0","0","0","0","0","0","0","0","0","0","0","0","0","0","0","0","0","0","0","91.04916","68.90829","22.140871","20.167528","0.904719"
"D:\HAA\dACC revisions\Run 4\Br2720_dACC_20x_img_020-MaxIP-Stitched_unmixed_rotated.nd2","Layer 1","dACC_v17_ FISH-IF v2.4.4","227","5579","5605","1279","1304","0","0","0","0","1","1","3048.71","0","356.25882","0","0","0","0","0","0","0","0","0","0","0","0","0","0","0","0","0","0","0","0","93.442764","70.42731","23.01546","21.02572","0.806741"
"D:\HAA\dACC revisions\Run 4\Br2720_dACC_20x_img_020-MaxIP-Stitched_unmixed_rotated.nd2","Layer 1","dACC_v17_ FISH-IF v2.4.4","228","5737","5756","1282","1296","0","0","0","0","1","1","824.43475","0","287.9587","0","0","0","0","0","0","0","0","0","0","0","0","0","0","0","1","0.690464","0","316.14035","457.86667","38.896126","36.7787","2.117422","6.007349","0.63555"
"D:\HAA\dACC revisions\Run 4\Br2720_dACC_20x_img_020-MaxIP-Stitched_unmixed_rotated.nd2","Layer 1","dACC_v17_ FISH-IF v2.4.4","229","5730","5757","1297","1321","0","0","0","0","1","1","2733.0408","0","540.50726","0","0","0","0","0","0","0","0","0","0","0","0","0","0","0","0","0","0","0","0","96.480804","72.77488","23.705923","23.171202","0.729111"
"D:\HAA\dACC revisions\Run 4\Br2720_dACC_20x_img_020-MaxIP-Stitched_unmixed_rotated.nd2","Layer 1","dACC_v17_ FISH-IF v2.4.4","230","5625","5656","1344","1368","0","0","0","0","1","1","2764.1826","0","345.67184","0","0","0","0","0","0","0","0","0","0","0","0","0","0","0","2","2.02536","0","1109.5292","547.8182","111.21069","79.9557","31.254993","25.316685","0.75506"
"D:\HAA\dACC revisions\Run 4\Br2720_dACC_20x_img_020-MaxIP-Stitched_unmixed_rotated.nd2","Layer 1","dACC_v17_ FISH-IF v2.4.4","231","5696","5714","1359","1381","0","0","0","0","1","1","2027.6569","0","225.58998","0","0","0","0","0","0","0","0","0","0","0","0","0","0","0","0","0","0","0","0","59.1037","45.018238","14.085461","16.734756","0.721685"
"D:\HAA\dACC revisions\Run 4\Br2720_dACC_20x_img_020-MaxIP-Stitched_unmixed_rotated.nd2","Layer 1","dACC_v17_ FISH-IF v2.4.4","232","5668","5685","1361","1381","0","0","0","0","1","1","1884.5967","0","232.2884","0","0","0","0","0","0","0","0","0","0","0","0","0","0","0","0","0","0","0","0","50.58798","36.54855","14.03943","15.876565","0.775205"
"D:\HAA\dACC revisions\Run 4\Br2720_dACC_20x_img_020-MaxIP-Stitched_unmixed_rotated.nd2","Layer 1","dACC_v17_ FISH-IF v2.4.4","233","5685","5695","1361","1381","0","0","0","0","1","1","1890.9594","0","216.02481","0","0","0","0","0","0","0","0","0","0","0","0","0","0","0","0","0","0","0","0","35.443806","24.120201","11.323606","13.731083","0.736036"
"D:\HAA\dACC revisions\Run 4\Br2720_dACC_20x_img_020-MaxIP-Stitched_unmixed_rotated.nd2","Layer 1","dACC_v17_ FISH-IF v2.4.4","234","5598","5625","1372","1395","0","0","0","0","1","1","3606.8474","0","470.4568","0","0","0","0","0","0","0","0","0","0","0","0","0","0","0","0","0","0","0","0","89.530136","68.72416","20.805975","19.738432","0.765047"
"D:\HAA\dACC revisions\Run 4\Br2720_dACC_20x_img_020-MaxIP-Stitched_unmixed_rotated.nd2","Layer 1","dACC_v17_ FISH-IF v2.4.4","235","5661","5684","1377","1392","0","0","0","0","1","1","1816.6614","0","269.6626","0","0","0","0","0","0","0","0","0","0","0","0","0","0","0","0","0","0","0","0","46.491226","37.79138","8.699843","13.731083","0.66458"
"D:\HAA\dACC revisions\Run 4\Br2720_dACC_20x_img_020-MaxIP-Stitched_unmixed_rotated.nd2","Layer 1","dACC_v17_ FISH-IF v2.4.4","236","5659","5678","1388","1402","0","0","0","0","1","1","1912.5603","0","295.69193","0","0","0","0","0","0","0","0","0","0","0","0","0","0","0","0","0","0","0","0","29.505817","18.826645","10.679173","14.589275","0.684754"
"D:\HAA\dACC revisions\Run 4\Br2720_dACC_20x_img_020-MaxIP-Stitched_unmixed_rotated.nd2","Layer 1","dACC_v17_ FISH-IF v2.4.4","237","5647","5679","1390","1417","0","0","0","0","1","1","1973.7426","0","319.8282","0","0","0","0","0","0","0","0","0","0","0","0","0","0","0","0","0","0","0","0","99.33472","66.97498","32.359734","33.469513","0.682267"
"D:\HAA\dACC revisions\Run 4\Br2720_dACC_20x_img_020-MaxIP-Stitched_unmixed_rotated.nd2","Layer 1","dACC_v17_ FISH-IF v2.4.4","238","5579","5607","1399","1425","0","0","0","0","1","1","2710.303","0","307.49182","0","0","0","0","0","0","0","0","0","0","0","0","0","0","0","0","0","0","0","0","111.02657","78.80493","32.22164","24.887589","0.857775"
"D:\HAA\dACC revisions\Run 4\Br2720_dACC_20x_img_020-MaxIP-Stitched_unmixed_rotated.nd2","Layer 1","dACC_v17_ FISH-IF v2.4.4","239","4367","4395","1905","1927","0","0","0","0","1","1","2856.2705","0","347.27774","0","0","0","0","0","0","0","0","0","0","0","0","0","0","0","0","0","0","0","0","92.70627","70.93365","21.772623","20.596624","0.739227"
"D:\HAA\dACC revisions\Run 4\Br2720_dACC_20x_img_020-MaxIP-Stitched_unmixed_rotated.nd2","Layer 1","dACC_v17_ FISH-IF v2.4.4","240","4378","4397","1929","1950","0","0","0","0","1","1","416.31082","0","124.23302","0","0","0","0","0","0","0","0","0","0","0","0","0","0","0","0","0","0","0","0","55.605347","48.792774","6.812576","11.156505","0.790255"
"D:\HAA\dACC revisions\Run 4\Br2720_dACC_20x_img_020-MaxIP-Stitched_unmixed_rotated.nd2","Layer 1","dACC_v17_ FISH-IF v2.4.4","241","4530","4558","1942","1970","0","0","0","1","1","1","2685.9043","0","619.1508","6","9.804585","1","9772.088","996.6854","0","0","0","0","0","0","0","0","0","0","0","0","0","0","0","109.73771","78.43668","31.301023","25.316685","0.848287"
"D:\HAA\dACC revisions\Run 4\Br2720_dACC_20x_img_020-MaxIP-Stitched_unmixed_rotated.nd2","Layer 1","dACC_v17_ FISH-IF v2.4.4","242","4337","4363","2014","2042","0","0","0","0","1","1","3468.4043","0","383.50677","0","0","0","0","0","0","0","0","0","0","0","0","0","0","0","0","0","0","0","0","101.77436","74.57008","27.204271","23.814846","0.826513"
"D:\HAA\dACC revisions\Run 4\Br2720_dACC_20x_img_020-MaxIP-Stitched_unmixed_rotated.nd2","Layer 1","dACC_v17_ FISH-IF v2.4.4","243","4488","4520","2075","2102","0","0","0","0","1","1","1496.989","0","319.3249","0","0","0","0","0","0","0","0","0","0","0","0","0","0","0","0","0","0","0","0","120.96925","83.454056","37.515198","32.61132","0.579298"
"D:\HAA\dACC revisions\Run 4\Br2720_dACC_20x_img_020-MaxIP-Stitched_unmixed_rotated.nd2","Layer 1","dACC_v17_ FISH-IF v2.4.4","244","4459","4490","2077","2106","0","0","0","0","1","1","2302.601","0","337.4597","0","0","0","0","0","0","0","0","0","0","0","0","0","0","0","0","0","0","0","0","129.25482","81.612816","47.642","31.75313","0.826223"
"D:\HAA\dACC revisions\Run 4\Br2720_dACC_20x_img_020-MaxIP-Stitched_unmixed_rotated.nd2","Layer 1","dACC_v17_ FISH-IF v2.4.4","245","4599","4619","2170","2192","1","0","0","0","1","1","543.4143","0","116.71296","0","0","0","0","0","7","11.277575","1","10629.138","942.502","2","2.853917","0","2236.32","783.5968","2","4.372937","0","2805.1702","641.4842","64.35122","54.68473","9.666492","13.731083","0.734864"
"D:\HAA\dACC revisions\Run 4\Br2720_dACC_20x_img_020-MaxIP-Stitched_unmixed_rotated.nd2","Layer 1","dACC_v17_ FISH-IF v2.4.4","246","4231","4256","2171","2201","0","0","0","0","1","1","3375.4827","0","513.0406","0","0","0","0","0","0","0","0","0","0","0","0","0","0","0","0","0","0","0","0","102.556885","75.95101","26.605871","24.029396","0.728717"
"D:\HAA\dACC revisions\Run 4\Br2720_dACC_20x_img_020-MaxIP-Stitched_unmixed_rotated.nd2","Layer 1","dACC_v17_ FISH-IF v2.4.4","247","4382","4407","2171","2194","0","0","0","0","1","1","2125.7766","0","276.563","0","0","0","0","0","0","0","0","0","0","0","0","0","0","0","0","0","0","0","0","78.1605","63.936943","14.223554","18.88024","0.616021"
"D:\HAA\dACC revisions\Run 4\Br2720_dACC_20x_img_020-MaxIP-Stitched_unmixed_rotated.nd2","Layer 1","dACC_v17_ FISH-IF v2.4.4","248","4492","4515","2180","2202","0","0","0","0","1","1","3059.3333","0","525.7364","1","4.372937","0","4769.4473","1090.6737","0","0","0","0","0","0","0","0","0","0","0","0","0","0","0","72.59076","59.19576","13.394997","16.520208","0.832301"
"D:\HAA\dACC revisions\Run 4\Br2720_dACC_20x_img_020-MaxIP-Stitched_unmixed_rotated.nd2","Layer 1","dACC_v17_ FISH-IF v2.4.4","249","4470","4492","2194","2219","0","0","0","0","1","1","2403.264","0","399.9735","0","0","0","0","0","0","0","0","0","0","0","0","0","0","0","0","0","0","0","0","65.22581","46.905506","18.320305","19.523884","0.70736"
"D:\HAA\dACC revisions\Run 4\Br2720_dACC_20x_img_020-MaxIP-Stitched_unmixed_rotated.nd2","Layer 1","dACC_v17_ FISH-IF v2.4.4","250","5828","5846","1409","1434","0","0","0","0","1","1","1471.2656","0","254.60728","0","0","0","0","0","0","0","0","0","0","0","0","0","0","0","0","0","0","0","0","65.04169","48.05628","16.985409","19.094788","0.659256"
"D:\HAA\dACC revisions\Run 4\Br2720_dACC_20x_img_020-MaxIP-Stitched_unmixed_rotated.nd2","Layer 1","dACC_v17_ FISH-IF v2.4.4","251","5843","5864","1413","1439","0","0","0","0","1","1","1765.498","0","282.09283","0","0","0","0","0","0","0","0","0","0","0","0","0","0","0","0","0","0","0","0","78.7589","54.54664","24.212263","22.098461","0.840726"
"D:\HAA\dACC revisions\Run 4\Br2720_dACC_20x_img_020-MaxIP-Stitched_unmixed_rotated.nd2","Layer 1","dACC_v17_ FISH-IF v2.4.4","252","5844","5863","1567","1586","0","0","0","0","1","1","437.54688","0","116.32808","0","0","0","0","0","0","0","0","0","0","0","0","0","0","0","0","0","0","0","0","52.61334","46.721382","5.891957","9.869216","0.825017"
"D:\HAA\dACC revisions\Run 4\Br2720_dACC_20x_img_020-MaxIP-Stitched_unmixed_rotated.nd2","Layer 1","dACC_v17_ FISH-IF v2.4.4","253","5843","5873","1633","1666","0","0","0","0","1","1","1625.8634","0","322.53882","2","2.669793","0","2389.7412","895.10345","0","0","0","0","0","0","0","0","0","0","0","0","0","0","0","148.31161","95.42209","52.889523","32.61132","0.844356"
"D:\HAA\dACC revisions\Run 4\Br2720_dACC_20x_img_020-MaxIP-Stitched_unmixed_rotated.nd2","Layer 1","dACC_v17_ FISH-IF v2.4.4","254","6070","6095","1654","1674","0","0","0","0","1","1","1449.1678","0","306.97812","0","0","0","0","0","0","0","0","0","0","0","0","0","0","0","0","0","0","0","0","72.08442","58.919575","13.164843","16.734756","0.661853"
"D:\HAA\dACC revisions\Run 4\Br2720_dACC_20x_img_020-MaxIP-Stitched_unmixed_rotated.nd2","Layer 1","dACC_v17_ FISH-IF v2.4.4","255","5814","5846","1662","1686","0","0","0","1","1","1","2466.287","0","352.61588","4","15.374327","1","21172.52","1377.1348","0","0","0","0","0","0","0","0","0","0","0","0","0","0","0","111.0726","81.24457","29.828035","25.531233","0.681512"
"D:\HAA\dACC revisions\Run 4\Br2720_dACC_20x_img_020-MaxIP-Stitched_unmixed_rotated.nd2","Layer 1","dACC_v17_ FISH-IF v2.4.4","256","6157","6186","1666","1697","0","0","0","0","1","1","2428.5632","0","408.00262","0","0","0","0","0","0","0","0","0","0","0","0","0","0","0","0","0","0","0","0","128.70244","87.59683","41.10561","29.17855","0.824977"
"D:\HAA\dACC revisions\Run 4\Br2720_dACC_20x_img_020-MaxIP-Stitched_unmixed_rotated.nd2","Layer 1","dACC_v17_ FISH-IF v2.4.4","257","6059","6084","1671","1694","0","0","0","1","1","1","3043.5852","0","641.9315","4","14.729894","1","23822.979","1617.3219","0","0","0","0","0","0","0","0","0","0","0","0","0","0","0","87.64287","66.56071","21.08216","19.738432","0.764223"
"D:\HAA\dACC revisions\Run 4\Br2720_dACC_20x_img_020-MaxIP-Stitched_unmixed_rotated.nd2","Layer 1","dACC_v17_ FISH-IF v2.4.4","258","5846","5872","1726","1754","0","0","0","0","1","1","2750.2598","0","453.7515","0","0","0","0","0","0","0","0","0","0","0","0","0","0","0","0","0","0","0","0","105.22668","76.68751","28.53917","23.600298","0.851767"
"D:\HAA\dACC revisions\Run 4\Br2720_dACC_20x_img_020-MaxIP-Stitched_unmixed_rotated.nd2","Layer 1","dACC_v17_ FISH-IF v2.4.4","259","5889","5920","1762","1784","0","0","0","0","1","1","2203.8206","0","392.57266","0","0","0","0","0","0","0","0","0","0","0","0","0","0","0","0","0","0","0","0","103.247345","74.75421","28.493137","26.174877","0.562498"
"D:\HAA\dACC revisions\Run 4\Br2720_dACC_20x_img_020-MaxIP-Stitched_unmixed_rotated.nd2","Layer 1","dACC_v17_ FISH-IF v2.4.4","260","5918","5935","1765","1786","0","0","0","0","1","1","1895.6018","0","344.3198","0","0","0","0","0","0","0","0","0","0","0","0","0","0","0","0","0","0","0","0","53.441895","43.038906","10.402987","15.018372","0.760547"
"D:\HAA\dACC revisions\Run 4\Br2720_dACC_20x_img_020-MaxIP-Stitched_unmixed_rotated.nd2","Layer 1","dACC_v17_ FISH-IF v2.4.4","261","5981","6007","1769","1787","0","0","0","0","1","1","3365.3728","0","379.711","0","0","0","0","0","0","0","0","0","0","0","0","0","0","0","0","0","0","0","0","67.48132","48.10231","19.379017","18.665691","0.811262"
"D:\HAA\dACC revisions\Run 4\Br2720_dACC_20x_img_020-MaxIP-Stitched_unmixed_rotated.nd2","Layer 1","dACC_v17_ FISH-IF v2.4.4","262","5983","6006","1785","1802","0","0","0","0","1","1","2602.2192","0","529.29376","0","0","0","0","0","0","0","0","0","0","0","0","0","0","0","0","0","0","0","0","60.20844","43.407154","16.801285","17.59295","0.771539"
"D:\HAA\dACC revisions\Run 4\Br2720_dACC_20x_img_020-MaxIP-Stitched_unmixed_rotated.nd2","Layer 1","dACC_v17_ FISH-IF v2.4.4","263","5811","5834","1789","1811","0","0","0","0","1","1","2051.8376","0","303.76147","1","0.552371","0","402.81656","729.25","0","0","0","0","0","0","0","0","0","0","0","0","0","0","0","74.66215","60.20844","14.453708","16.734756","0.846437"
"D:\HAA\dACC revisions\Run 4\Br2720_dACC_20x_img_020-MaxIP-Stitched_unmixed_rotated.nd2","Layer 1","dACC_v17_ FISH-IF v2.4.4","264","4851","4870","1412","1430","0","0","0","0","1","1","942.0427","0","127.91709","0","0","0","0","0","0","0","0","0","0","0","0","0","0","0","0","0","0","0","0","50.910194","45.52458","5.385617","9.869216","0.885257"
"D:\HAA\dACC revisions\Run 4\Br2720_dACC_20x_img_020-MaxIP-Stitched_unmixed_rotated.nd2","Layer 1","dACC_v17_ FISH-IF v2.4.4","265","4819","4839","1437","1457","0","0","0","0","1","1","977.40607","0","156.1542","0","0","0","0","0","0","0","0","0","0","0","0","0","0","0","0","0","0","0","0","57.446587","49.851482","7.595101","11.585601","0.859818"
"D:\HAA\dACC revisions\Run 4\Br2720_dACC_20x_img_020-MaxIP-Stitched_unmixed_rotated.nd2","Layer 1","dACC_v17_ FISH-IF v2.4.4","266","4750","4771","1479","1498","0","0","0","0","1","1","525.03656","0","130.16335","0","0","0","0","0","0","0","0","0","0","0","0","0","0","0","0","0","0","0","0","58.275143","50.72607","7.54907","11.585601","0.760918"
"D:\HAA\dACC revisions\Run 4\Br2720_dACC_20x_img_020-MaxIP-Stitched_unmixed_rotated.nd2","Layer 1","dACC_v17_ FISH-IF v2.4.4","267","4660","4690","1490","1511","0","0","0","0","1","1","2606.0986","0","319.01285","0","0","0","0","0","0","0","0","0","0","0","0","0","0","0","0","0","0","0","0","92.24596","71.71617","20.529789","20.811172","0.665416"
"D:\HAA\dACC revisions\Run 4\Br2720_dACC_20x_img_020-MaxIP-Stitched_unmixed_rotated.nd2","Layer 1","dACC_v17_ FISH-IF v2.4.4","268","4833","4865","1520","1549","0","0","0","0","1","1","2103.1216","0","478.0872","0","0","0","0","0","3","2.853917","0","2322.766","813.8871","0","0","0","0","0","0","0","0","0","0","128.1961","81.2906","46.905506","33.469513","0.693851"
"D:\HAA\dACC revisions\Run 4\Br2720_dACC_20x_img_020-MaxIP-Stitched_unmixed_rotated.nd2","Layer 1","dACC_v17_ FISH-IF v2.4.4","269","4728","4753","1522","1541","0","0","0","0","1","1","1385.8015","0","205.21358","0","0","0","0","0","0","0","0","0","0","0","0","0","0","0","0","0","0","0","0","72.176476","60.346535","11.829946","16.30566","0.6817"
"D:\HAA\dACC revisions\Run 4\Br2720_dACC_20x_img_020-MaxIP-Stitched_unmixed_rotated.nd2","Layer 1","dACC_v17_ FISH-IF v2.4.4","270","4812","4839","1530","1555","0","0","0","0","1","1","2484.3555","0","343.17215","0","0","0","0","0","0","0","0","0","0","0","0","0","0","0","0","0","0","0","0","95.69828","65.77818","29.920095","24.458492","0.693336"
"D:\HAA\dACC revisions\Run 4\Br2720_dACC_20x_img_020-MaxIP-Stitched_unmixed_rotated.nd2","Layer 1","dACC_v17_ FISH-IF v2.4.4","271","4869","4890","1604","1626","0","0","0","0","1","1","2418.378","0","280.17307","0","0","0","0","0","0","0","0","0","0","0","0","0","0","0","0","0","0","0","0","68.07973","56.387875","11.691853","14.589275","0.877766"
"D:\HAA\dACC revisions\Run 4\Br2720_dACC_20x_img_020-MaxIP-Stitched_unmixed_rotated.nd2","Layer 1","dACC_v17_ FISH-IF v2.4.4","272","4685","4716","1646","1667","0","0","0","0","1","1","1437.5613","0","224.17227","0","0","0","0","0","0","0","0","0","0","0","0","0","0","0","0","0","0","0","0","96.02049","75.352615","20.667881","22.956654","0.594908"
"D:\HAA\dACC revisions\Run 4\Br2720_dACC_20x_img_020-MaxIP-Stitched_unmixed_rotated.nd2","Layer 1","dACC_v17_ FISH-IF v2.4.4","273","4963","4983","1651","1672","0","0","0","0","1","1","1137.5236","0","176.07356","3","4.603092","0","4214.867","915.66","0","0","0","0","0","0","0","0","0","0","0","0","0","0","0","61.359215","52.567307","8.791905","12.658342","0.804744"
"D:\HAA\dACC revisions\Run 4\Br2720_dACC_20x_img_020-MaxIP-Stitched_unmixed_rotated.nd2","Layer 1","dACC_v17_ FISH-IF v2.4.4","274","4756","4771","1653","1674","0","0","0","0","1","1","1940.0662","0","589.424","0","0","0","0","0","0","0","0","0","0","0","0","0","0","0","0","0","0","0","0","51.60066","39.08025","12.52041","14.160179","0.773042"
"D:\HAA\dACC revisions\Run 4\Br2720_dACC_20x_img_020-MaxIP-Stitched_unmixed_rotated.nd2","Layer 1","dACC_v17_ FISH-IF v2.4.4","275","4772","4786","1653","1674","0","0","0","0","1","1","2519.1353","0","334.82468","0","0","0","0","0","0","0","0","0","0","0","0","0","0","0","0","0","0","0","0","48.516586","37.28504","11.231544","13.301987","0.806084"
"D:\HAA\dACC revisions\Run 4\Br2720_dACC_20x_img_020-MaxIP-Stitched_unmixed_rotated.nd2","Layer 1","dACC_v17_ FISH-IF v2.4.4","276","4652","4681","1654","1681","0","0","0","0","1","1","3409.9111","0","463.451","3","5.339586","0","5579.3154","1044.8966","0","0","0","0","0","0","0","0","0","0","0","0","0","0","0","106.23936","79.81761","26.421747","25.74578","0.62711"
"D:\HAA\dACC revisions\Run 4\Br2720_dACC_20x_img_020-MaxIP-Stitched_unmixed_rotated.nd2","Layer 1","dACC_v17_ FISH-IF v2.4.4","277","4786","4804","1665","1683","0","0","0","0","1","1","511.69073","0","137.46967","0","0","0","0","0","0","0","0","0","0","0","0","0","0","0","0","0","0","0","0","48.470554","44.005558","4.464999","8.581926","0.746701"
"D:\HAA\dACC revisions\Run 4\Br2720_dACC_20x_img_020-MaxIP-Stitched_unmixed_rotated.nd2","Layer 1","dACC_v17_ FISH-IF v2.4.4","278","4898","4931","1680","1707","0","0","0","0","1","1","2187.9697","0","353.40323","0","0","0","0","0","0","0","0","0","0","0","0","0","0","0","0","0","0","0","0","126.170746","88.011116","38.15963","29.17855","0.722459"
"D:\HAA\dACC revisions\Run 4\Br2720_dACC_20x_img_020-MaxIP-Stitched_unmixed_rotated.nd2","Layer 1","dACC_v17_ FISH-IF v2.4.4","279","4919","4948","1712","1736","0","0","0","0","1","1","2720.051","0","410.03732","0","0","0","0","0","0","0","0","0","0","0","0","0","0","0","0","0","0","0","0","93.67292","66.606735","27.06618","29.17855","0.565538"
"D:\HAA\dACC revisions\Run 4\Br2720_dACC_20x_img_020-MaxIP-Stitched_unmixed_rotated.nd2","Layer 1","dACC_v17_ FISH-IF v2.4.4","280","4945","4966","1719","1738","0","0","0","0","1","1","2490.3416","0","413.51913","0","0","0","0","0","0","0","0","0","0","0","0","0","0","0","0","0","0","0","0","56.341843","46.905506","9.436338","14.160179","0.727232"
"D:\HAA\dACC revisions\Run 4\Br2720_dACC_20x_img_020-MaxIP-Stitched_unmixed_rotated.nd2","Layer 1","dACC_v17_ FISH-IF v2.4.4","281","4801","4838","1730","1759","0","0","0","0","1","1","999.09186","0","231.37335","0","0","0","0","0","1","0.368247","0","261.27148","630.6667","0","0","0","0","0","2","1.841237","0","1129.9669","613.7","149.83064","101.221985","48.60865","35.1859","0.668946"
"D:\HAA\dACC revisions\Run 4\Br2720_dACC_20x_img_020-MaxIP-Stitched_unmixed_rotated.nd2","Layer 1","dACC_v17_ FISH-IF v2.4.4","282","4611","4641","1730","1756","0","0","0","0","1","1","2825.103","0","492.43445","0","0","0","0","0","0","0","0","0","0","0","0","0","0","0","0","0","0","0","0","110.79642","73.74153","37.05489","30.036743","0.64915"
"D:\HAA\dACC revisions\Run 4\Br2720_dACC_20x_img_020-MaxIP-Stitched_unmixed_rotated.nd2","Layer 1","dACC_v17_ FISH-IF v2.4.4","283","4909","4938","1737","1769","0","0","0","0","1","1","2691.1704","0","483.4833","0","0","0","0","0","0","0","0","0","0","0","0","0","0","0","0","0","0","0","0","119.91054","78.574776","41.335762","35.614998","0.533217"
"D:\HAA\dACC revisions\Run 4\Br2720_dACC_20x_img_020-MaxIP-Stitched_unmixed_rotated.nd2","Layer 1","dACC_v17_ FISH-IF v2.4.4","284","4950","4978","1730","1755","0","0","0","0","1","1","3299.1125","0","453.88474","0","0","0","0","0","0","0","0","0","0","0","0","0","0","0","0","0","0","0","0","92.06184","66.6988","25.363035","25.74578","0.597813"
"D:\HAA\dACC revisions\Run 4\Br2720_dACC_20x_img_020-MaxIP-Stitched_unmixed_rotated.nd2","Layer 1","dACC_v17_ FISH-IF v2.4.4","285","4933","4954","1740","1765","0","0","0","0","1","1","3635.7944","0","514.3457","0","0","0","0","0","0","0","0","0","0","0","0","0","0","0","0","0","0","0","0","76.31926","53.25777","23.06149","21.02572","0.783782"
"D:\HAA\dACC revisions\Run 4\Br2720_dACC_20x_img_020-MaxIP-Stitched_unmixed_rotated.nd2","Layer 1","dACC_v17_ FISH-IF v2.4.4","286","4642","4678","1775","1803","1","0","1","0","1","1","2125.6353","0","339.12805","0","0","0","0","0","6","3.452319","1","2351.0752","654.8205","1","0.966649","0","660.7278","683.5238","4","5.937988","1","3685.9258","620.73645","142.41966","95.974464","46.445194","32.61132","0.655247"
"D:\HAA\dACC revisions\Run 4\Br2720_dACC_20x_img_020-MaxIP-Stitched_unmixed_rotated.nd2","Layer 1","dACC_v17_ FISH-IF v2.4.4","287","4656","4678","1802","1822","0","0","0","0","1","1","1419.3505","0","197.2904","0","0","0","0","0","0","0","0","0","0","0","0","0","0","0","0","0","0","0","0","62.18777","53.25777","8.929998","13.516535","0.732158"
"D:\HAA\dACC revisions\Run 4\Br2720_dACC_20x_img_020-MaxIP-Stitched_unmixed_rotated.nd2","Layer 1","dACC_v17_ FISH-IF v2.4.4","288","2928","2968","1002","1034","0","0","0","0","1","1","1577.4685","0","285.03482","0","0","0","0","0","0","0","0","0","0","0","0","0","0","0","1","1.242835","0","745.28656","599.6667","176.98888","108.40281","68.58607","39.047768","0.720125"
"D:\HAA\dACC revisions\Run 4\Br2720_dACC_20x_img_020-MaxIP-Stitched_unmixed_rotated.nd2","Layer 1","dACC_v17_ FISH-IF v2.4.4","289","2734","2758","1010","1035","0","0","0","0","1","1","3256.2266","0","390.37247","0","0","0","0","0","0","0","0","0","0","0","0","0","0","0","0","0","0","0","0","87.550804","67.84957","19.701233","20.167528","0.762051"
"D:\HAA\dACC revisions\Run 4\Br2720_dACC_20x_img_020-MaxIP-Stitched_unmixed_rotated.nd2","Layer 1","dACC_v17_ FISH-IF v2.4.4","290","2991","3018","1024","1050","0","0","0","0","1","1","3733.8833","0","354.3284","0","0","0","0","0","0","0","0","0","0","0","0","0","0","0","0","0","0","0","0","101.6823","74.846275","26.836025","23.600298","0.799993"
"D:\HAA\dACC revisions\Run 4\Br2720_dACC_20x_img_020-MaxIP-Stitched_unmixed_rotated.nd2","Layer 1","dACC_v17_ FISH-IF v2.4.4","291","2964","2986","1058","1089","0","0","0","0","1","1","2794.6912","0","684.3678","0","0","0","0","0","0","0","0","0","0","0","0","0","0","0","0","0","0","0","0","80.6922","57.446587","23.245613","25.74578","0.588845"
"D:\HAA\dACC revisions\Run 4\Br2720_dACC_20x_img_020-MaxIP-Stitched_unmixed_rotated.nd2","Layer 1","dACC_v17_ FISH-IF v2.4.4","292","2977","3000","1060","1093","0","0","0","0","1","1","3293.2925","0","914.0293","0","0","0","0","0","0","0","0","0","0","0","0","0","0","0","0","0","0","0","0","100.16328","39.264374","60.898903","36.687737","0.751324"
"D:\HAA\dACC revisions\Run 4\Br2720_dACC_20x_img_020-MaxIP-Stitched_unmixed_rotated.nd2","Layer 1","dACC_v17_ FISH-IF v2.4.4","293","2777","2803","1062","1083","0","0","0","0","1","1","2954.6465","0","295.4814","0","0","0","0","0","0","0","0","0","0","0","0","0","0","0","1","1.565051","0","963.6112","615.7059","81.106476","64.44328","16.663193","17.59295","0.790311"
"D:\HAA\dACC revisions\Run 4\Br2720_dACC_20x_img_020-MaxIP-Stitched_unmixed_rotated.nd2","Layer 1","dACC_v17_ FISH-IF v2.4.4","294","3000","3015","1062","1083","0","0","0","0","1","1","3477.2825","0","433.49124","0","0","0","0","0","0","0","0","0","0","0","0","0","0","0","0","0","0","0","0","45.15633","28.861385","16.294945","17.59295","0.690756"
"D:\HAA\dACC revisions\Run 4\Br2720_dACC_20x_img_020-MaxIP-Stitched_unmixed_rotated.nd2","Layer 1","dACC_v17_ FISH-IF v2.4.4","295","3000","3028","1074","1101","0","0","0","0","1","1","2673.9768","0","690.2255","0","0","0","0","0","0","0","0","0","0","0","0","0","0","0","0","0","0","0","0","89.99044","60.20844","29.782003","26.603973","0.745344"
"D:\HAA\dACC revisions\Run 4\Br2720_dACC_20x_img_020-MaxIP-Stitched_unmixed_rotated.nd2","Layer 1","dACC_v17_ FISH-IF v2.4.4","296","2978","3007","1088","1114","0","0","0","0","1","1","3015.0762","0","663.72736","0","0","0","0","0","0","0","0","0","0","0","0","0","0","0","2","0.920618","0","400.56104","435.1","92.107864","49.805454","42.302414","32.82587","0.755915"
"D:\HAA\dACC revisions\Run 4\Br2720_dACC_20x_img_020-MaxIP-Stitched_unmixed_rotated.nd2","Layer 1","dACC_v17_ FISH-IF v2.4.4","297","2995","3023","1102","1126","0","0","0","0","1","1","3046.1135","0","634.16223","0","0","0","0","0","0","0","0","0","0","0","0","0","0","0","0","0","0","0","0","83.68421","51.64669","32.037518","28.964003","0.650819"
"D:\HAA\dACC revisions\Run 4\Br2720_dACC_20x_img_020-MaxIP-Stitched_unmixed_rotated.nd2","Layer 1","dACC_v17_ FISH-IF v2.4.4","298","2777","2796","1109","1127","0","0","0","0","1","1","815.6336","0","236.41277","0","0","0","0","0","0","0","0","0","0","0","0","0","0","0","0","0","0","0","0","52.19906","46.16901","6.03005","10.727408","0.697523"
"D:\HAA\dACC revisions\Run 4\Br2720_dACC_20x_img_020-MaxIP-Stitched_unmixed_rotated.nd2","Layer 1","dACC_v17_ FISH-IF v2.4.4","299","2972","2994","1111","1136","0","0","0","0","1","1","3415.3796","0","420.8376","0","0","0","0","0","0","0","0","0","0","0","0","0","0","0","0","0","0","0","0","81.70488","59.517975","22.186903","22.31301","0.651586"
"D:\HAA\dACC revisions\Run 4\Br2720_dACC_20x_img_020-MaxIP-Stitched_unmixed_rotated.nd2","Layer 1","dACC_v17_ FISH-IF v2.4.4","300","3006","3032","1123","1152","0","0","0","0","1","1","3078.629","0","372.99118","0","0","0","0","0","0","0","0","0","0","0","0","0","0","0","0","0","0","0","0","100.715645","67.84957","32.866074","31.538582","0.534783"
"D:\HAA\dACC revisions\Run 4\Br2720_dACC_20x_img_020-MaxIP-Stitched_unmixed_rotated.nd2","Layer 1","dACC_v17_ FISH-IF v2.4.4","301","2782","2796","1128","1147","0","0","0","0","1","1","2350.561","0","587.44324","0","0","0","0","0","0","0","0","0","0","0","0","0","0","0","0","0","0","0","0","46.491226","38.942158","7.54907","12.658342","0.67984"
"D:\HAA\dACC revisions\Run 4\Br2720_dACC_20x_img_020-MaxIP-Stitched_unmixed_rotated.nd2","Layer 1","dACC_v17_ FISH-IF v2.4.4","302","2760","2782","1129","1155","0","0","0","0","1","1","3693.376","0","395.37415","0","0","0","0","0","0","0","0","0","0","0","0","0","0","0","0","0","0","0","0","83.91436","61.6354","22.278965","22.31301","0.752094"
"D:\HAA\dACC revisions\Run 4\Br2720_dACC_20x_img_020-MaxIP-Stitched_unmixed_rotated.nd2","Layer 1","dACC_v17_ FISH-IF v2.4.4","303","2974","2991","1136","1151","0","0","0","0","1","1","2786.2197","0","331.02502","0","0","0","0","0","0","0","0","0","0","0","0","0","0","0","0","0","0","0","0","41.013546","34.937466","6.076081","10.727408","0.713242"
"D:\HAA\dACC revisions\Run 4\Br2720_dACC_20x_img_020-MaxIP-Stitched_unmixed_rotated.nd2","Layer 1","dACC_v17_ FISH-IF v2.4.4","304","2863","2892","1135","1159","0","0","0","0","1","1","3025.7888","0","372.99213","0","0","0","0","0","0","0","0","0","0","0","0","0","0","0","0","0","0","0","0","103.29338","76.043076","27.250303","23.171202","0.764299"
"D:\HAA\dACC revisions\Run 4\Br2720_dACC_20x_img_020-MaxIP-Stitched_unmixed_rotated.nd2","Layer 1","dACC_v17_ FISH-IF v2.4.4","305","2739","2767","1176","1203","0","0","0","0","1","1","3330.3474","0","438.98312","0","0","0","0","0","0","0","0","0","0","0","0","0","0","0","0","0","0","0","0","100.30137","70.88761","29.413755","24.887589","0.783867"
"D:\HAA\dACC revisions\Run 4\Br2720_dACC_20x_img_020-MaxIP-Stitched_unmixed_rotated.nd2","Layer 1","dACC_v17_ FISH-IF v2.4.4","306","2727","2745","1186","1208","0","0","0","0","1","1","2499.3904","0","443.72873","0","0","0","0","0","0","0","0","0","0","0","0","0","0","0","0","0","0","0","0","59.19576","48.70071","10.495049","14.160179","0.765625"
"D:\HAA\dACC revisions\Run 4\Br2720_dACC_20x_img_020-MaxIP-Stitched_unmixed_rotated.nd2","Layer 1","dACC_v17_ FISH-IF v2.4.4","307","2959","2979","1321","1341","0","0","0","0","1","1","1896.3926","0","225.01115","2","3.130102","0","2464.2651","787.2794","0","0","0","0","0","0","0","0","0","0","0","0","0","0","0","57.032307","49.529266","7.503039","11.585601","0.897726"
"D:\HAA\dACC revisions\Run 4\Br2720_dACC_20x_img_020-MaxIP-Stitched_unmixed_rotated.nd2","Layer 1","dACC_v17_ FISH-IF v2.4.4","308","2699","2719","1350","1378","0","0","0","0","1","1","3544.544","0","452.84146","0","0","0","0","0","0","0","0","0","0","0","0","0","0","0","0","0","0","0","0","88.74761","55.743443","33.00417","24.887589","0.791684"
"D:\HAA\dACC revisions\Run 4\Br2720_dACC_20x_img_020-MaxIP-Stitched_unmixed_rotated.nd2","Layer 1","dACC_v17_ FISH-IF v2.4.4","309","2720","2736","1353","1379","0","0","0","1","1","1","3263.2566","0","489.4419","6","7.364947","1","7425.984","1008.2875","0","0","0","0","0","0","0","0","0","0","3","6.766545","0","5022.5254","742.2585","69.138435","46.353134","22.785305","19.738432","0.79754"
"D:\HAA\dACC revisions\Run 4\Br2720_dACC_20x_img_020-MaxIP-Stitched_unmixed_rotated.nd2","Layer 1","dACC_v17_ FISH-IF v2.4.4","310","2973","3001","1367","1395","0","1","1","0","1","1","2811.5356","0","382.01733","0","0","0","0","0","0","0","0","0","0","14","13.579121","2","12143.37","885.2651","12","22.278965","2","14597.141","643.2373","117.14868","82.25725","34.891434","25.74578","0.861272"
"D:\HAA\dACC revisions\Run 4\Br2720_dACC_20x_img_020-MaxIP-Stitched_unmixed_rotated.nd2","Layer 1","dACC_v17_ FISH-IF v2.4.4","311","2888","2911","1383","1407","0","0","0","0","1","1","3084.6997","0","472.357","0","0","0","0","0","0","0","0","0","0","0","0","0","0","0","0","0","0","0","0","71.11777","44.74205","26.375715","24.67304","0.730726"
"D:\HAA\dACC revisions\Run 4\Br2720_dACC_20x_img_020-MaxIP-Stitched_unmixed_rotated.nd2","Layer 1","dACC_v17_ FISH-IF v2.4.4","312","2878","2897","1395","1421","0","0","0","0","1","1","3506.8472","0","471.08545","0","0","0","0","0","0","0","0","0","0","0","0","0","0","0","0","0","0","0","0","64.1671","38.251694","25.915407","23.600298","0.757134"
"D:\HAA\dACC revisions\Run 4\Br2720_dACC_20x_img_020-MaxIP-Stitched_unmixed_rotated.nd2","Layer 1","dACC_v17_ FISH-IF v2.4.4","313","2267","2292","1009","1032","0","1","1","0","1","1","801.97565","0","193.04762","0","0","0","0","0","0","0","0","0","0","5","3.728504","1","2845.6313","763.2099","47","48.838802","4","72273.88","1479.8455","90.911064","49.299114","41.61195","29.822195","0.770742"
"D:\HAA\dACC revisions\Run 4\Br2720_dACC_20x_img_020-MaxIP-Stitched_unmixed_rotated.nd2","Layer 1","dACC_v17_ FISH-IF v2.4.4","314","2300","2320","1032","1052","0","0","0","0","1","1","1773.4708","0","199.91429","3","10.126801","0","13558.913","1338.9137","0","0","0","0","0","0","0","0","0","0","1","0.50634","0","258.83185","511.18182","62.64808","53.16571","9.482369","12.87289","0.838319"
"D:\HAA\dACC revisions\Run 4\Br2720_dACC_20x_img_020-MaxIP-Stitched_unmixed_rotated.nd2","Layer 1","dACC_v17_ FISH-IF v2.4.4","315","2555","2578","1045","1064","0","0","0","0","1","1","1346.8835","0","209.71846","0","0","0","0","0","0","0","0","0","0","0","0","0","0","0","1","2.02536","0","1189.7611","587.4318","63.108387","53.62602","9.482369","13.301987","0.750299"
"D:\HAA\dACC revisions\Run 4\Br2720_dACC_20x_img_020-MaxIP-Stitched_unmixed_rotated.nd2","Layer 1","dACC_v17_ FISH-IF v2.4.4","316","2536","2559","1053","1074","0","0","1","0","1","1","2529.0264","0","315.0253","0","0","0","0","0","0","0","0","0","0","0","0","0","0","0","6","11.875977","1","8922.817","751.3333","68.632095","56.433907","12.198194","15.018372","0.839015"
"D:\HAA\dACC revisions\Run 4\Br2720_dACC_20x_img_020-MaxIP-Stitched_unmixed_rotated.nd2","Layer 1","dACC_v17_ FISH-IF v2.4.4","317","2500","2520","1134","1159","0","0","0","0","1","1","1536.5","0","265.19495","0","0","0","0","0","0","0","0","0","0","0","0","0","0","0","0","0","0","0","0","63.016327","43.683342","19.332985","19.523884","0.767711"
"D:\HAA\dACC revisions\Run 4\Br2720_dACC_20x_img_020-MaxIP-Stitched_unmixed_rotated.nd2","Layer 1","dACC_v17_ FISH-IF v2.4.4","318","2483","2508","1137","1165","0","0","0","0","1","1","1856.2878","0","287.34756","0","0","0","0","0","0","0","0","0","0","0","0","0","0","0","0","0","0","0","0","86.63019","54.960915","31.669271","26.174877","0.786887"
"D:\HAA\dACC revisions\Run 4\Br2720_dACC_20x_img_020-MaxIP-Stitched_unmixed_rotated.nd2","Layer 1","dACC_v17_ FISH-IF v2.4.4","319","2596","2616","1147","1171","0","0","0","0","1","1","2789.4255","0","408.1954","3","10.725204","0","17148.312","1598.8799","0","0","0","0","0","0","0","0","0","0","0","0","0","0","0","59.517975","44.051586","15.466389","18.451143","0.717754"
"D:\HAA\dACC revisions\Run 4\Br2720_dACC_20x_img_020-MaxIP-Stitched_unmixed_rotated.nd2","Layer 1","dACC_v17_ FISH-IF v2.4.4","320","2585","2605","1154","1176","0","0","0","1","1","1","2867.8635","0","347.74802","4","14.407678","1","25686.127","1782.8083","0","0","0","0","0","0","0","0","0","0","0","0","0","0","0","54.914886","40.737362","14.177523","17.163853","0.797939"
"D:\HAA\dACC revisions\Run 4\Br2720_dACC_20x_img_020-MaxIP-Stitched_unmixed_rotated.nd2","Layer 1","dACC_v17_ FISH-IF v2.4.4","321","2439","2465","1189","1211","0","0","0","0","1","1","2222.9807","0","324.9972","0","0","0","0","0","0","0","0","0","0","0","0","0","0","0","0","0","0","0","0","82.119156","65.45596","16.663193","19.309336","0.69422"
"D:\HAA\dACC revisions\Run 4\Br2720_dACC_20x_img_020-MaxIP-Stitched_unmixed_rotated.nd2","Layer 1","dACC_v17_ FISH-IF v2.4.4","322","2347","2365","1224","1242","0","0","0","0","1","1","380.3524","0","118.392525","0","0","0","0","0","0","0","0","0","0","0","0","0","0","0","0","0","0","0","0","49.16102","44.327774","4.833246","9.011024","0.846826"
"D:\HAA\dACC revisions\Run 4\Br2720_dACC_20x_img_020-MaxIP-Stitched_unmixed_rotated.nd2","Layer 1","dACC_v17_ FISH-IF v2.4.4","323","2260","2284","1261","1285","0","0","1","0","1","1","2447.7253","0","298.33426","0","0","0","0","0","0","0","0","0","0","0","0","0","0","0","4","6.260205","1","3879.1636","619.6544","71.670135","49.71339","21.956747","21.240269","0.805051"
"D:\HAA\dACC revisions\Run 4\Br2720_dACC_20x_img_020-MaxIP-Stitched_unmixed_rotated.nd2","Layer 1","dACC_v17_ FISH-IF v2.4.4","324","2244","2272","1268","1295","0","0","1","0","1","1","2291.0146","0","373.61316","0","0","0","0","0","0","0","0","0","0","0","0","0","0","0","52","59.011635","4","83661.516","1417.7122","96.20462","61.6354","34.569218","28.10581","0.752104"
"D:\HAA\dACC revisions\Run 4\Br2720_dACC_20x_img_020-MaxIP-Stitched_unmixed_rotated.nd2","Layer 1","dACC_v17_ FISH-IF v2.4.4","325","2608","2629","1270","1290","0","0","0","0","1","1","1982.543","0","226.61333","0","0","0","0","0","0","0","0","0","0","0","0","0","0","0","0","0","0","0","0","60.346535","51.784782","8.56175","12.443794","0.812918"
"D:\HAA\dACC revisions\Run 4\Br2720_dACC_20x_img_020-MaxIP-Stitched_unmixed_rotated.nd2","Layer 1","dACC_v17_ FISH-IF v2.4.4","326","2483","2513","1282","1305","0","1","1","0","1","1","506.26633","0","100.06917","0","0","0","0","0","0","0","0","0","0","9","8.239534","1","6398.3896","776.5475","56","65.3639","4","90508.336","1384.6838","104.62827","78.52875","26.09953","23.814846","0.705189"
"D:\HAA\dACC revisions\Run 4\Br2720_dACC_20x_img_020-MaxIP-Stitched_unmixed_rotated.nd2","Layer 1","dACC_v17_ FISH-IF v2.4.4","327","2283","2301","1294","1316","0","0","0","0","1","1","384.79214","0","123.62764","0","0","0","0","0","0","0","0","0","0","0","0","0","0","0","0","0","0","0","0","60.484627","52.291122","8.193503","12.443794","0.722323"
"D:\HAA\dACC revisions\Run 4\Br2720_dACC_20x_img_020-MaxIP-Stitched_unmixed_rotated.nd2","Layer 1","dACC_v17_ FISH-IF v2.4.4","328","2580","2615","1314","1337","0","0","0","0","1","1","2754.295","0","367.18286","0","0","0","0","0","0","0","0","0","0","0","0","0","0","0","1","1.380928","0","756.97845","548.1667","122.5343","87.09049","35.443806","27.462166","0.690358"
"D:\HAA\dACC revisions\Run 4\Br2720_dACC_20x_img_020-MaxIP-Stitched_unmixed_rotated.nd2","Layer 1","dACC_v17_ FISH-IF v2.4.4","329","2286","2307","1317","1336","0","0","0","0","1","1","367.20483","0","123.22493","0","0","0","0","0","0","0","0","0","0","0","0","0","0","0","0","0","0","0","0","58.59736","50.956226","7.641132","12.443794","0.75186"
"D:\HAA\dACC revisions\Run 4\Br2720_dACC_20x_img_020-MaxIP-Stitched_unmixed_rotated.nd2","Layer 1","dACC_v17_ FISH-IF v2.4.4","330","2316","2351","1349","1380","0","0","0","0","1","1","2290.7336","0","418.9242","3","5.477679","0","4674.4395","853.3613","0","0","0","0","0","0","0","0","0","0","0","0","0","0","0","163.4558","105.04256","58.413235","36.044094","0.782182"
"D:\HAA\dACC revisions\Run 4\Br2720_dACC_20x_img_020-MaxIP-Stitched_unmixed_rotated.nd2","Layer 1","dACC_v17_ FISH-IF v2.4.4","331","2281","2301","1360","1384","0","0","0","0","1","1","1710.8901","0","249.78148","0","0","0","0","0","0","0","0","0","0","0","0","0","0","0","0","0","0","0","0","69.87493","58.13705","11.737884","15.018372","0.725144"
"D:\HAA\dACC revisions\Run 4\Br2720_dACC_20x_img_020-MaxIP-Stitched_unmixed_rotated.nd2","Layer 1","dACC_v17_ FISH-IF v2.4.4","332","2581","2621","1382","1408","1","0","1","0","1","1","1547.4852","0","370.50113","0","0","0","0","0","10","15.926698","2","15612.076","980.24567","2","1.979329","0","1521.1837","768.5349","80","95.652245","4","126833.45","1325.9851","151.94806","102.14261","49.805454","34.756805","0.603258"
"D:\HAA\dACC revisions\Run 4\Br2720_dACC_20x_img_020-MaxIP-Stitched_unmixed_rotated.nd2","Layer 1","dACC_v17_ FISH-IF v2.4.4","333","6159","6181","3808","3827","0","0","0","0","1","1","3264.031","0","342.45883","0","0","0","0","0","1","0.50634","0","332.20514","656.0909","0","0","0","0","0","0","0","0","0","0","57.906895","43.038906","14.867987","16.520208","0.807245"
"D:\HAA\dACC revisions\Run 4\Br2720_dACC_20x_img_020-MaxIP-Stitched_unmixed_rotated.nd2","Layer 1","dACC_v17_ FISH-IF v2.4.4","334","5952","5973","3814","3833","0","0","0","0","1","1","461.5847","0","135.24333","0","0","0","0","0","0","0","0","0","0","0","0","0","0","0","0","0","0","0","0","60.25447","51.830814","8.423658","12.443794","0.796781"
"D:\HAA\dACC revisions\Run 4\Br2720_dACC_20x_img_020-MaxIP-Stitched_unmixed_rotated.nd2","Layer 1","dACC_v17_ FISH-IF v2.4.4","335","6145","6173","3888","3914","0","0","0","1","1","1","3277.4446","0","377.62897","13","27.434427","2","58264.785","2123.7834","0","0","0","0","0","0","0","0","0","0","0","0","0","0","0","101.86642","75.67483","26.191591","24.029396","0.723115"
"D:\HAA\dACC revisions\Run 4\Br2720_dACC_20x_img_020-MaxIP-Stitched_unmixed_rotated.nd2","Layer 1","dACC_v17_ FISH-IF v2.4.4","336","5918","5942","3920","3943","0","0","0","0","1","1","2721.6748","0","406.06485","0","0","0","0","0","0","0","0","0","0","0","0","0","0","0","0","0","0","0","0","77.47003","62.463955","15.006079","17.59295","0.768001"
"D:\HAA\dACC revisions\Run 4\Br2720_dACC_20x_img_020-MaxIP-Stitched_unmixed_rotated.nd2","Layer 1","dACC_v17_ FISH-IF v2.4.4","337","5950","5977","3926","3950","0","0","0","1","1","1","1890.3463","0","308.26904","7","16.479069","1","37396.3","2269.3213","0","0","0","0","0","0","0","0","0","0","0","0","0","0","0","86.07781","68.26385","17.813965","20.596624","0.686067"
"D:\HAA\dACC revisions\Run 4\Br2720_dACC_20x_img_020-MaxIP-Stitched_unmixed_rotated.nd2","Layer 1","dACC_v17_ FISH-IF v2.4.4","338","6608","6624","1172","1190","0","0","0","0","1","1","2800.027","0","584.73926","0","0","0","0","0","0","0","0","0","0","0","0","0","0","0","0","0","0","0","0","40.000866","33.18829","6.812576","11.800149","0.729933"
"D:\HAA\dACC revisions\Run 4\Br2720_dACC_20x_img_020-MaxIP-Stitched_unmixed_rotated.nd2","Layer 1","dACC_v17_ FISH-IF v2.4.4","339","6566","6592","1228","1253","0","0","0","0","1","1","3468.6077","0","550.7516","0","0","0","0","0","0","0","0","0","0","0","0","0","0","0","0","0","0","0","0","96.11256","71.71617","24.396387","21.454817","0.833978"
"D:\HAA\dACC revisions\Run 4\Br2720_dACC_20x_img_020-MaxIP-Stitched_unmixed_rotated.nd2","Layer 1","dACC_v17_ FISH-IF v2.4.4","340","6544","6561","1235","1253","0","0","0","0","1","1","359.46753","0","115.61179","0","0","0","0","0","0","0","0","0","0","0","0","0","0","0","0","0","0","0","0","44.926174","41.381794","3.544381","7.294638","0.821299"
"D:\HAA\dACC revisions\Run 4\Br2720_dACC_20x_img_020-MaxIP-Stitched_unmixed_rotated.nd2","Layer 1","dACC_v17_ FISH-IF v2.4.4","341","6610","6629","1248","1267","0","0","0","0","1","1","1319.6781","0","164.42502","0","0","0","0","0","0","0","0","0","0","0","0","0","0","0","0","0","0","0","0","54.914886","48.19437","6.720514","10.727408","0.869253"
"D:\HAA\dACC revisions\Run 4\Br2720_dACC_20x_img_020-MaxIP-Stitched_unmixed_rotated.nd2","Layer 1","dACC_v17_ FISH-IF v2.4.4","342","2893","2912","2208","2225","0","0","0","0","1","1","673.1404","0","209.08636","0","0","0","0","0","0","0","0","0","0","0","0","0","0","0","1","1.703144","0","1034.2227","607.2432","43.499218","30.380405","13.118812","16.734756","0.693174"
"D:\HAA\dACC revisions\Run 4\Br2720_dACC_20x_img_020-MaxIP-Stitched_unmixed_rotated.nd2","Layer 1","dACC_v17_ FISH-IF v2.4.4","343","2621","2670","2210","2243","0","1","1","0","1","1","1003.6275","0","257.43344","0","0","0","0","0","0","0","0","0","0","4","3.222164","1","2982.021","925.47144","32","49.391174","4","34999.977","708.6282","232.272","136.25151","96.02049","52.349754","0.651956"
"D:\HAA\dACC revisions\Run 4\Br2720_dACC_20x_img_020-MaxIP-Stitched_unmixed_rotated.nd2","Layer 1","dACC_v17_ FISH-IF v2.4.4","344","2931","2954","2240","2261","0","0","1","0","1","1","1054.5107","0","225.1615","0","0","0","0","0","0","0","0","0","0","0","0","0","0","0","6","8.377627","1","4329.208","516.75824","67.89561","55.006947","12.888657","16.30566","0.825159"
"D:\HAA\dACC revisions\Run 4\Br2720_dACC_20x_img_020-MaxIP-Stitched_unmixed_rotated.nd2","Layer 1","dACC_v17_ FISH-IF v2.4.4","345","2932","2955","2260","2284","0","0","1","0","1","1","689.6676","0","190.35481","0","0","0","0","0","0","0","0","0","0","0","0","0","0","0","5","8.976028","1","5123.6553","570.81537","70.19715","53.579987","16.61716","18.88024","0.67877"
"D:\HAA\dACC revisions\Run 4\Br2720_dACC_20x_img_020-MaxIP-Stitched_unmixed_rotated.nd2","Layer 1","dACC_v17_ FISH-IF v2.4.4","346","2987","3016","2269","2296","0","0","1","0","1","1","2866.6064","0","341.31168","0","0","0","0","0","0","0","0","0","0","0","0","0","0","0","11","16.433037","2","16373.105","996.35297","111.11864","76.50339","34.61525","26.174877","0.855223"
"D:\HAA\dACC revisions\Run 4\Br2720_dACC_20x_img_020-MaxIP-Stitched_unmixed_rotated.nd2","Layer 1","dACC_v17_ FISH-IF v2.4.4","347","2921","2946","2276","2300","0","0","1","0","1","1","753.0169","0","168.56792","0","0","0","0","0","0","0","0","0","0","0","0","0","0","0","12","24.02814","2","17005.984","707.75287","77.00973","57.952927","19.056799","20.596624","0.675164"
"D:\HAA\dACC revisions\Run 4\Br2720_dACC_20x_img_020-MaxIP-Stitched_unmixed_rotated.nd2","Layer 1","dACC_v17_ FISH-IF v2.4.4","348","2961","2992","2278","2304","0","0","1","0","1","1","2361.4724","0","343.02475","0","0","0","0","0","0","0","0","0","0","0","0","0","0","0","77","78.068436","4","122025.84","1563.0625","112.26941","78.068436","34.200974","26.389425","0.75428"
"D:\HAA\dACC revisions\Run 4\Br2720_dACC_20x_img_020-MaxIP-Stitched_unmixed_rotated.nd2","Layer 1","dACC_v17_ FISH-IF v2.4.4","349","2625","2644","2287","2307","0","0","0","0","1","1","1343.7106","0","187.7479","0","0","0","0","0","0","0","0","0","0","0","0","0","0","0","0","0","0","0","0","56.111687","49.11499","6.996699","11.156505","0.806981"
"D:\HAA\dACC revisions\Run 4\Br2720_dACC_20x_img_020-MaxIP-Stitched_unmixed_rotated.nd2","Layer 1","dACC_v17_ FISH-IF v2.4.4","350","2968","2989","2317","2335","0","0","0","0","1","1","986.0608","0","146.63824","0","0","0","0","0","0","0","0","0","0","0","0","0","0","0","0","0","0","0","0","55.927567","49.11499","6.812576","11.156505","0.763188"
"D:\HAA\dACC revisions\Run 4\Br2720_dACC_20x_img_020-MaxIP-Stitched_unmixed_rotated.nd2","Layer 1","dACC_v17_ FISH-IF v2.4.4","351","2650","2682","2326","2356","0","0","0","0","1","1","2579.0012","0","394.39465","0","0","0","0","0","0","0","0","0","0","0","0","0","0","0","0","0","0","0","0","129.39291","94.59354","34.799374","34.756805","0.663177"
"D:\HAA\dACC revisions\Run 4\Br2720_dACC_20x_img_020-MaxIP-Stitched_unmixed_rotated.nd2","Layer 1","dACC_v17_ FISH-IF v2.4.4","352","2982","3002","2343","2366","0","0","0","0","1","1","1023.8844","0","176.53355","0","0","0","0","0","0","0","0","0","0","0","0","0","0","0","0","0","0","0","0","64.02901","54.868855","9.160152","14.160179","0.658236"
"D:\HAA\dACC revisions\Run 4\Br2720_dACC_20x_img_020-MaxIP-Stitched_unmixed_rotated.nd2","Layer 1","dACC_v17_ FISH-IF v2.4.4","353","2930","2952","2347","2367","0","0","0","0","1","1","932.0404","0","158.21849","0","0","0","0","0","0","0","0","0","0","0","0","0","0","0","0","0","0","0","0","63.890915","54.77679","9.114121","13.731083","0.676176"
"D:\HAA\dACC revisions\Run 4\Br2720_dACC_20x_img_020-MaxIP-Stitched_unmixed_rotated.nd2","Layer 1","dACC_v17_ FISH-IF v2.4.4","354","2922","2948","2367","2392","0","0","0","0","1","1","3576.4534","0","424.5387","0","0","0","0","0","0","0","0","0","0","0","0","0","0","0","0","0","0","0","0","97.12524","71.94633","25.178911","21.883913","0.848396"
"D:\HAA\dACC revisions\Run 4\Br2720_dACC_20x_img_020-MaxIP-Stitched_unmixed_rotated.nd2","Layer 1","dACC_v17_ FISH-IF v2.4.4","355","2769","2795","2383","2414","0","0","0","0","1","1","2399.5176","0","443.80148","0","0","0","0","0","0","0","0","0","0","0","0","0","0","0","0","0","0","0","0","106.423485","75.12246","31.301023","26.603973","0.656013"
"D:\HAA\dACC revisions\Run 4\Br2720_dACC_20x_img_020-MaxIP-Stitched_unmixed_rotated.nd2","Layer 1","dACC_v17_ FISH-IF v2.4.4","356","2973","2997","2394","2420","0","0","0","1","1","1","3189.3806","0","468.0494","9","25.823345","1","52050.426","2015.6345","0","0","0","0","0","0","0","0","0","0","0","0","0","0","0","93.16658","70.79555","22.371025","21.02572","0.780404"
"D:\HAA\dACC revisions\Run 4\Br2720_dACC_20x_img_020-MaxIP-Stitched_unmixed_rotated.nd2","Layer 1","dACC_v17_ FISH-IF v2.4.4","357","2746","2777","2394","2421","0","0","0","0","1","1","2372.1204","0","429.68503","0","0","0","0","0","0","0","0","0","0","0","0","0","0","0","0","0","0","0","0","116.64234","76.871635","39.770714","28.320358","0.801726"
"D:\HAA\dACC revisions\Run 4\Br2720_dACC_20x_img_020-MaxIP-Stitched_unmixed_rotated.nd2","Layer 1","dACC_v17_ FISH-IF v2.4.4","358","2718","2757","2430","2460","0","1","1","0","1","1","1430.9525","0","282.25372","0","0","0","0","0","0","0","0","0","0","20","17.721903","3","14047.301","792.652","59","99.56487","4","95319.72","957.3629","160.97012","101.77436","59.19576","37.76048","0.698967"
"D:\HAA\dACC revisions\Run 4\Br2720_dACC_20x_img_020-MaxIP-Stitched_unmixed_rotated.nd2","Layer 1","dACC_v17_ FISH-IF v2.4.4","359","2708","2727","2442","2466","0","0","1","0","1","1","2033.3735","0","241.46266","1","1.426958","0","1235.3778","865.74194","0","0","0","0","0","1","0.874587","0","693.0415","792.4211","9","16.248915","1","13218.376","813.4929","65.45596","53.62602","11.829946","15.018372","0.746908"
"D:\HAA\dACC revisions\Run 4\Br2720_dACC_20x_img_020-MaxIP-Stitched_unmixed_rotated.nd2","Layer 1","dACC_v17_ FISH-IF v2.4.4","360","2629","2648","2469","2487","0","0","0","0","1","1","564.1478","0","126.237564","0","0","0","0","0","0","0","0","0","0","0","0","0","0","0","0","0","0","0","0","50.63401","45.340454","5.293556","9.654668","0.873643"
"D:\HAA\dACC revisions\Run 4\Br2720_dACC_20x_img_020-MaxIP-Stitched_unmixed_rotated.nd2","Layer 1","dACC_v17_ FISH-IF v2.4.4","361","2919","2939","2531","2551","0","0","0","0","1","1","839.301","0","132.67929","0","0","0","0","0","0","0","0","0","0","0","0","0","0","0","0","0","0","0","0","61.26715","52.24509","9.022059","12.443794","0.891747"
"D:\HAA\dACC revisions\Run 4\Br2720_dACC_20x_img_020-MaxIP-Stitched_unmixed_rotated.nd2","Layer 1","dACC_v17_ FISH-IF v2.4.4","362","2772","2800","2545","2567","0","0","0","0","1","1","2636.5562","0","369.4576","1","1.933299","0","2254.226","1166","0","0","0","0","0","0","0","0","0","0","0","0","0","0","0","86.031784","68.40195","17.62984","19.95298","0.646739"
"D:\HAA\dACC revisions\Run 4\Br2720_dACC_20x_img_020-MaxIP-Stitched_unmixed_rotated.nd2","Layer 1","dACC_v17_ FISH-IF v2.4.4","363","2875","2904","2562","2590","0","0","0","0","1","1","2995.1377","0","366.04312","0","0","0","0","0","0","0","0","0","0","0","0","0","0","0","0","0","0","0","0","115.90585","81.152504","34.75334","26.174877","0.860166"
"D:\HAA\dACC revisions\Run 4\Br2720_dACC_20x_img_020-MaxIP-Stitched_unmixed_rotated.nd2","Layer 1","dACC_v17_ FISH-IF v2.4.4","364","2797","2817","2569","2590","0","0","0","0","1","1","364.06876","0","123.24795","0","0","0","0","0","0","0","0","0","0","0","0","0","0","0","0","0","0","0","0","57.860863","50.49592","7.364947","12.014698","0.738682"
"D:\HAA\dACC revisions\Run 4\Br2720_dACC_20x_img_020-MaxIP-Stitched_unmixed_rotated.nd2","Layer 1","dACC_v17_ FISH-IF v2.4.4","365","2972","3002","2569","2596","0","0","0","0","1","1","2626.398","0","456.01703","0","0","0","0","0","0","0","0","0","0","0","0","0","0","0","0","0","0","0","0","122.76446","86.44606","36.318394","27.247618","0.767343"
"D:\HAA\dACC revisions\Run 4\Br2720_dACC_20x_img_020-MaxIP-Stitched_unmixed_rotated.nd2","Layer 1","dACC_v17_ FISH-IF v2.4.4","366","3360","3388","1809","1836","0","0","0","0","1","1","2891.7317","0","435.66534","0","0","0","0","0","0","0","0","0","0","0","0","0","0","0","0","0","0","0","0","115.39951","80.73823","34.66128","25.74578","0.87942"
"D:\HAA\dACC revisions\Run 4\Br2720_dACC_20x_img_020-MaxIP-Stitched_unmixed_rotated.nd2","Layer 1","dACC_v17_ FISH-IF v2.4.4","367","3023","3056","1831","1850","0","0","0","0","1","1","3096.2175","0","428.38037","0","0","0","0","0","0","0","0","0","0","0","0","0","0","0","0","0","0","0","0","88.379364","55.78947","32.58989","26.603973","0.685345"
"D:\HAA\dACC revisions\Run 4\Br2720_dACC_20x_img_020-MaxIP-Stitched_unmixed_rotated.nd2","Layer 1","dACC_v17_ FISH-IF v2.4.4","368","3033","3057","1848","1871","0","0","0","0","1","1","2859.2551","0","556.9719","0","0","0","0","0","0","0","0","0","0","0","0","0","0","0","0","0","0","0","0","83.500084","47.59597","35.904114","28.10581","0.793023"
"D:\HAA\dACC revisions\Run 4\Br2720_dACC_20x_img_020-MaxIP-Stitched_unmixed_rotated.nd2","Layer 1","dACC_v17_ FISH-IF v2.4.4","369","3360","3390","1892","1912","0","0","1","0","1","1","1274.0901","0","176.9708","0","0","0","0","0","0","0","0","0","0","1","0.50634","0","345.78424","682.9091","31","44.696022","4","43870.64","981.53345","91.923744","72.498695","19.425047","20.596624","0.624848"
"D:\HAA\dACC revisions\Run 4\Br2720_dACC_20x_img_020-MaxIP-Stitched_unmixed_rotated.nd2","Layer 1","dACC_v17_ FISH-IF v2.4.4","370","3022","3060","1927","1961","0","0","0","0","1","1","3213.2825","0","670.5837","0","0","0","0","0","0","0","0","0","0","0","0","0","0","0","0","0","0","0","0","160.37172","110.01389","50.357822","39.047768","0.565221"
"D:\HAA\dACC revisions\Run 4\Br2720_dACC_20x_img_020-MaxIP-Stitched_unmixed_rotated.nd2","Layer 1","dACC_v17_ FISH-IF v2.4.4","371","3367","3396","1966","1998","0","0","0","0","1","1","2234.7256","0","350.19257","0","0","0","0","0","0","0","0","0","0","0","0","0","0","0","0","0","0","0","0","136.66579","90.35869","46.307102","30.036743","0.829857"
"D:\HAA\dACC revisions\Run 4\Br2720_dACC_20x_img_020-MaxIP-Stitched_unmixed_rotated.nd2","Layer 1","dACC_v17_ FISH-IF v2.4.4","372","3193","3213","1974","1992","0","0","0","0","1","1","540.5833","0","125.6002","0","0","0","0","0","0","0","0","0","0","0","0","0","0","0","0","0","0","0","0","51.462566","45.938854","5.52371","9.654668","0.834975"
"D:\HAA\dACC revisions\Run 4\Br2720_dACC_20x_img_020-MaxIP-Stitched_unmixed_rotated.nd2","Layer 1","dACC_v17_ FISH-IF v2.4.4","373","3209","3227","1995","2013","0","0","0","0","1","1","420.73468","0","121.38478","0","0","0","0","0","0","0","0","0","0","0","0","0","0","0","0","0","0","0","0","48.05628","43.545246","4.51103","8.581926","0.885661"
"D:\HAA\dACC revisions\Run 4\Br2720_dACC_20x_img_020-MaxIP-Stitched_unmixed_rotated.nd2","Layer 1","dACC_v17_ FISH-IF v2.4.4","374","3317","3348","2094","2120","0","0","1","0","1","1","2581.6772","0","456.19485","0","0","0","0","0","0","0","0","0","0","0","0","0","0","0","12","27.204271","2","17531.105","627.43823","117.60899","84.09849","33.51051","27.03307","0.698034"
"D:\HAA\dACC revisions\Run 4\Br2720_dACC_20x_img_020-MaxIP-Stitched_unmixed_rotated.nd2","Layer 1","dACC_v17_ FISH-IF v2.4.4","375","3367","3383","2106","2121","0","0","0","0","1","1","459.1228","0","245.51569","0","0","0","0","0","0","0","0","0","0","0","0","0","0","0","0","0","0","0","0","36.364426","33.74066","2.623762","6.436445","0.810202"
"D:\HAA\dACC revisions\Run 4\Br2720_dACC_20x_img_020-MaxIP-Stitched_unmixed_rotated.nd2","Layer 1","dACC_v17_ FISH-IF v2.4.4","376","3349","3369","2111","2126","0","0","0","0","1","1","930.6332","0","301.78815","0","0","0","0","0","0","0","0","0","0","0","0","0","0","0","1","0.414278","0","462.19644","502.05","43.13097","32.58989","10.54108","14.374727","0.742545"
"D:\HAA\dACC revisions\Run 4\Br2720_dACC_20x_img_020-MaxIP-Stitched_unmixed_rotated.nd2","Layer 1","dACC_v17_ FISH-IF v2.4.4","377","3122","3148","2115","2140","0","0","0","0","1","1","3817.4553","0","344.0977","0","0","0","0","0","0","0","0","0","0","0","0","0","0","0","0","0","0","0","0","91.417404","69.27653","22.140871","21.02572","0.834574"
"D:\HAA\dACC revisions\Run 4\Br2720_dACC_20x_img_020-MaxIP-Stitched_unmixed_rotated.nd2","Layer 1","dACC_v17_ FISH-IF v2.4.4","378","3345","3365","2122","2144","0","0","0","0","1","1","1020.3333","0","229.16786","0","0","0","0","0","0","0","0","0","0","0","0","0","0","0","0","0","0","0","0","61.865555","38.66597","23.199583","22.098461","0.681915"
"D:\HAA\dACC revisions\Run 4\Br2720_dACC_20x_img_020-MaxIP-Stitched_unmixed_rotated.nd2","Layer 1","dACC_v17_ FISH-IF v2.4.4","379","3368","3390","2120","2140","0","0","0","0","1","1","877.9635","0","399.2483","0","0","0","0","0","0","0","0","0","0","0","0","0","0","0","0","0","0","0","0","55.19107","40.046898","15.144172","18.451143","0.714315"
"D:\HAA\dACC revisions\Run 4\Br2720_dACC_20x_img_020-MaxIP-Stitched_unmixed_rotated.nd2","Layer 1","dACC_v17_ FISH-IF v2.4.4","380","3366","3377","2125","2145","0","0","0","0","1","1","1030.2727","0","309.50146","0","0","0","0","0","0","0","0","0","0","0","0","0","0","0","0","0","0","0","0","25.409067","15.788605","9.620461","13.087439","0.818177"
"D:\HAA\dACC revisions\Run 4\Br2720_dACC_20x_img_020-MaxIP-Stitched_unmixed_rotated.nd2","Layer 1","dACC_v17_ FISH-IF v2.4.4","381","3255","3299","2135","2171","0","0","0","0","1","1","1409.2446","0","454.78256","0","0","0","0","0","0","0","0","0","0","0","0","0","0","0","1","0.322216","0","135.56105","420.7143","213.16917","126.81518","86.354004","48.058792","0.639332"
"D:\HAA\dACC revisions\Run 4\Br2720_dACC_20x_img_020-MaxIP-Stitched_unmixed_rotated.nd2","Layer 1","dACC_v17_ FISH-IF v2.4.4","382","3375","3404","2137","2164","0","0","0","0","1","1","2123.414","0","299.3948","0","0","0","0","0","0","0","0","0","0","0","0","0","0","0","1","0.782526","0","391.9993","500.94116","114.75507","79.633484","35.12159","25.74578","0.892887"
"D:\HAA\dACC revisions\Run 4\Br2720_dACC_20x_img_020-MaxIP-Stitched_unmixed_rotated.nd2","Layer 1","dACC_v17_ FISH-IF v2.4.4","383","3297","3312","2155","2171","0","0","0","0","1","1","554.3939","0","295.0969","0","0","0","0","0","0","0","0","0","0","0","0","0","0","0","0","0","0","0","0","35.719994","34.200974","1.51902","4.72006","0.755814"
"D:\HAA\dACC revisions\Run 4\Br2720_dACC_20x_img_020-MaxIP-Stitched_unmixed_rotated.nd2","Layer 1","dACC_v17_ FISH-IF v2.4.4","384","3398","3416","2155","2174","0","0","0","0","1","1","956.023","0","218.8633","0","0","0","0","0","0","0","0","0","0","0","0","0","0","0","1","0.50634","0","236.23067","466.54544","46.76741","42.762722","4.00469","8.581926","0.780388"
"D:\HAA\dACC revisions\Run 4\Br2720_dACC_20x_img_020-MaxIP-Stitched_unmixed_rotated.nd2","Layer 1","dACC_v17_ FISH-IF v2.4.4","385","3162","3193","2189","2215","0","0","1","0","1","1","1155.504","0","195.8118","0","0","0","0","0","0","0","0","0","0","2","2.853917","0","2691.842","943.20966","29","50.818134","3","42818.56","842.5842","117.37884","82.671524","34.707314","26.603973","0.756605"
"D:\HAA\dACC revisions\Run 4\Br2720_dACC_20x_img_020-MaxIP-Stitched_unmixed_rotated.nd2","Layer 1","dACC_v17_ FISH-IF v2.4.4","386","3111","3127","2192","2210","0","0","0","0","1","1","761.4561","0","152.67734","0","0","0","0","0","0","0","0","0","0","0","0","0","0","0","0","0","0","0","0","41.427826","38.80406","2.623762","6.865541","0.678342"
"D:\HAA\dACC revisions\Run 4\Br2720_dACC_20x_img_020-MaxIP-Stitched_unmixed_rotated.nd2","Layer 1","dACC_v17_ FISH-IF v2.4.4","387","3126","3153","2195","2224","0","0","0","0","1","1","3135.9707","0","450.26202","0","0","0","0","0","0","0","0","0","0","0","0","0","0","0","1","0.598402","0","279.13147","466.46155","109.82977","78.52875","31.301023","25.316685","0.790254"
"D:\HAA\dACC revisions\Run 4\Br2720_dACC_20x_img_020-MaxIP-Stitched_unmixed_rotated.nd2","Layer 1","dACC_v17_ FISH-IF v2.4.4","388","3284","3318","1415","1442","0","1","1","0","1","1","1372.6938","0","255.69316","0","0","0","0","0","0","0","0","0","0","8","6.398297","1","5166.326","807.45325","14","27.388395","2","19396.002","706.995","136.75786","91.50946","45.24839","30.036743","0.816932"
"D:\HAA\dACC revisions\Run 4\Br2720_dACC_20x_img_020-MaxIP-Stitched_unmixed_rotated.nd2","Layer 1","dACC_v17_ FISH-IF v2.4.4","389","3011","3048","1431","1465","0","0","1","0","1","1","1457.917","0","380.19696","0","0","0","0","0","0","0","0","0","0","2","1.979329","0","1497.3857","756.51166","62","99.42678","4","95642.484","961.9389","174.08893","108.67899","65.409935","38.189575","0.723847"
"D:\HAA\dACC revisions\Run 4\Br2720_dACC_20x_img_020-MaxIP-Stitched_unmixed_rotated.nd2","Layer 1","dACC_v17_ FISH-IF v2.4.4","390","3169","3198","1433","1462","0","0","0","0","1","1","3013.895","0","579.6669","0","0","0","0","0","0","0","0","0","0","0","0","0","0","0","0","0","0","0","0","112.36147","83.454056","28.907415","27.891262","0.717579"
"D:\HAA\dACC revisions\Run 4\Br2720_dACC_20x_img_020-MaxIP-Stitched_unmixed_rotated.nd2","Layer 1","dACC_v17_ FISH-IF v2.4.4","391","3134","3161","1452","1478","0","0","0","0","1","1","3432.758","0","577.291","0","0","0","0","0","0","0","0","0","0","0","0","0","0","0","0","0","0","0","0","97.76967","73.23519","24.53448","23.171202","0.790249"
"D:\HAA\dACC revisions\Run 4\Br2720_dACC_20x_img_020-MaxIP-Stitched_unmixed_rotated.nd2","Layer 1","dACC_v17_ FISH-IF v2.4.4","392","3059","3085","1457","1491","0","0","0","0","1","1","3376.6514","0","553.85205","0","0","0","0","0","0","0","0","0","0","0","0","0","0","0","0","0","0","0","0","119.772446","85.57147","34.200974","29.607647","0.622088"
"D:\HAA\dACC revisions\Run 4\Br2720_dACC_20x_img_020-MaxIP-Stitched_unmixed_rotated.nd2","Layer 1","dACC_v17_ FISH-IF v2.4.4","393","3080","3104","1473","1496","0","0","0","0","1","1","2329.4265","0","363.85596","0","0","0","0","0","0","0","0","0","0","0","0","0","0","0","0","0","0","0","0","78.620804","61.68143","16.939377","18.665691","0.82999"
"D:\HAA\dACC revisions\Run 4\Br2720_dACC_20x_img_020-MaxIP-Stitched_unmixed_rotated.nd2","Layer 1","dACC_v17_ FISH-IF v2.4.4","394","3360","3396","1501","1529","0","1","1","0","1","1","1635.8717","0","240.99117","0","0","0","0","0","0","0","0","0","0","8","8.009379","1","6283.6807","784.5402","37","57.1704","4","61544.76","1076.5145","141.91331","93.85704","48.05628","32.182224","0.755901"
"D:\HAA\dACC revisions\Run 4\Br2720_dACC_20x_img_020-MaxIP-Stitched_unmixed_rotated.nd2","Layer 1","dACC_v17_ FISH-IF v2.4.4","395","3021","3050","1509","1534","0","0","0","0","1","1","2427.7412","0","329.0036","0","0","0","0","0","0","0","0","0","0","0","0","0","0","0","0","0","0","0","0","104.16797","76.41132","27.756643","23.814846","0.762847"
"D:\HAA\dACC revisions\Run 4\Br2720_dACC_20x_img_020-MaxIP-Stitched_unmixed_rotated.nd2","Layer 1","dACC_v17_ FISH-IF v2.4.4","396","3302","3339","1512","1546","0","1","1","0","1","1","1564.7114","0","308.68948","0","0","0","0","0","0","0","0","0","0","15","12.842626","3","11966.014","931.74194","74","95.145905","4","116899.29","1228.6318","166.95413","103.61559","63.338543","38.189575","0.806515"
"D:\HAA\dACC revisions\Run 4\Br2720_dACC_20x_img_020-MaxIP-Stitched_unmixed_rotated.nd2","Layer 1","dACC_v17_ FISH-IF v2.4.4","397","3054","3088","1518","1545","0","0","0","0","1","1","2320.9912","0","382.89432","0","0","0","0","0","0","0","0","0","0","0","0","0","0","0","0","0","0","0","0","109.00121","67.06705","41.934166","33.684063","0.673346"
"D:\HAA\dACC revisions\Run 4\Br2720_dACC_20x_img_020-MaxIP-Stitched_unmixed_rotated.nd2","Layer 1","dACC_v17_ FISH-IF v2.4.4","398","3048","3071","1528","1552","0","0","0","0","1","1","1816.8231","0","239.93822","0","0","0","0","0","0","0","0","0","0","0","0","0","0","0","0","0","0","0","0","64.25916","43.959526","20.299635","22.31301","0.697979"
"D:\HAA\dACC revisions\Run 4\Br2720_dACC_20x_img_020-MaxIP-Stitched_unmixed_rotated.nd2","Layer 1","dACC_v17_ FISH-IF v2.4.4","399","3185","3220","1526","1552","0","1","1","0","1","1","1246.307","0","205.53224","0","0","0","0","0","0","0","0","0","0","17","14.085461","3","14621.491","1038.0555","112","81.2906","4","181396.39","2231.4558","125.48028","89.94441","35.53587","31.75313","0.667729"
"D:\HAA\dACC revisions\Run 4\Br2720_dACC_20x_img_020-MaxIP-Stitched_unmixed_rotated.nd2","Layer 1","dACC_v17_ FISH-IF v2.4.4","400","3392","3419","1529","1553","0","0","0","1","1","1","2647.9622","0","399.10416","4","13.717214","1","18422.494","1343.0201","0","0","0","0","0","0","0","0","0","0","1","0.966649","0","498.42276","515.619","95.145905","72.03838","23.107521","21.454817","0.754176"
"D:\HAA\dACC revisions\Run 4\Br2720_dACC_20x_img_020-MaxIP-Stitched_unmixed_rotated.nd2","Layer 1","dACC_v17_ FISH-IF v2.4.4","401","3121","3149","1638","1665","0","0","0","0","1","1","3014.094","0","414.76224","0","0","0","0","0","0","0","0","0","0","0","0","0","0","0","2","1.887268","0","889.7316","471.43903","106.423485","78.02241","28.401075","24.887589","0.789509"
"D:\HAA\dACC revisions\Run 4\Br2720_dACC_20x_img_020-MaxIP-Stitched_unmixed_rotated.nd2","Layer 1","dACC_v17_ FISH-IF v2.4.4","402","3236","3268","1667","1693","0","0","0","0","1","1","484.35577","0","146.01411","0","0","0","0","0","0","0","0","0","0","0","0","0","0","0","3","5.109432","0","3558.374","696.43243","118.29946","84.78895","33.51051","28.320358","0.695521"
"D:\HAA\dACC revisions\Run 4\Br2720_dACC_20x_img_020-MaxIP-Stitched_unmixed_rotated.nd2","Layer 1","dACC_v17_ FISH-IF v2.4.4","403","3325","3352","1685","1708","0","0","0","0","1","1","2644.2705","0","443.02716","0","0","0","0","0","0","0","0","0","0","0","0","0","0","0","0","0","0","0","0","90.77297","69.50668","21.266283","21.02572","0.780875"
"D:\HAA\dACC revisions\Run 4\Br2720_dACC_20x_img_020-MaxIP-Stitched_unmixed_rotated.nd2","Layer 1","dACC_v17_ FISH-IF v2.4.4","404","3008","3035","1691","1715","0","0","0","0","1","1","1706.3457","0","320.5745","2","5.339586","0","4845.0303","907.37933","0","0","0","0","0","0","0","0","0","0","0","0","0","0","0","97.999825","73.23519","24.764633","21.454817","0.814515"
"D:\HAA\dACC revisions\Run 4\Br2720_dACC_20x_img_020-MaxIP-Stitched_unmixed_rotated.nd2","Layer 1","dACC_v17_ FISH-IF v2.4.4","405","3099","3128","1702","1729","0","0","1","0","1","1","1933.5717","0","365.7378","2","5.477679","0","6159.581","1124.4874","0","0","0","0","0","1","0.966649","0","718.8188","743.619","5","7.917318","1","4976.6787","628.5814","112.26941","83.03977","29.229633","27.247618","0.673854"
"D:\HAA\dACC revisions\Run 4\Br2720_dACC_20x_img_020-MaxIP-Stitched_unmixed_rotated.nd2","Layer 1","dACC_v17_ FISH-IF v2.4.4","406","3161","3209","1708","1732","0","0","1","0","1","1","1198.186","0","187.70618","0","0","0","0","0","0","0","0","0","0","3","2.209484","0","2914.3555","1319.0209","25","48.930866","3","31428.438","642.3029","173.81274","117.65502","56.15772","39.476864","0.538315"
"D:\HAA\dACC revisions\Run 4\Br2720_dACC_20x_img_020-MaxIP-Stitched_unmixed_rotated.nd2","Layer 1","dACC_v17_ FISH-IF v2.4.4","407","3220","3270","1708","1749","0","0","1","0","1","1","974.087","0","261.05286","0","0","0","0","0","0","0","0","0","0","1","0.874587","0","715.6887","818.3158","37","72.54472","4","53128.656","732.35724","277.9807","159.40506","118.575645","64.579","0.663216"
"D:\HAA\dACC revisions\Run 4\Br2720_dACC_20x_img_020-MaxIP-Stitched_unmixed_rotated.nd2","Layer 1","dACC_v17_ FISH-IF v2.4.4","408","3293","3326","1768","1793","0","1","1","0","1","1","2494.18","0","353.7155","0","0","0","0","0","0","0","0","0","0","4","4.649123","1","4374.7324","940.9802","10","14.361647","2","9324.161","645.1051","103.61559","69.09241","34.52319","27.676714","0.701198"
"D:\HAA\dACC revisions\Run 4\Br2720_dACC_20x_img_020-MaxIP-Stitched_unmixed_rotated.nd2","Layer 1","dACC_v17_ FISH-IF v2.4.4","409","3266","3290","1777","1808","0","0","0","0","1","1","2651.368","0","471.7915","0","0","0","0","0","0","0","0","0","0","0","0","0","0","0","1","1.426958","0","781.42084","547.6129","110.79642","72.63679","38.15963","27.462166","0.819702"
"D:\HAA\dACC revisions\Run 4\Br2720_dACC_20x_img_020-MaxIP-Stitched_unmixed_rotated.nd2","Layer 1","dACC_v17_ FISH-IF v2.4.4","410","3289","3311","1782","1806","0","0","0","0","1","1","3577.527","0","444.03738","0","0","0","0","0","0","0","0","0","0","0","0","0","0","0","2","4.971339","0","3448.3142","693.6389","72.72885","45.57061","27.158241","23.38575","0.805194"
"D:\HAA\dACC revisions\Run 4\Br2720_dACC_20x_img_020-MaxIP-Stitched_unmixed_rotated.nd2","Layer 1","dACC_v17_ FISH-IF v2.4.4","411","3040","3059","1797","1817","0","0","0","0","1","1","442.74484","0","130.86292","0","0","0","0","0","0","0","0","0","0","0","0","0","0","0","0","0","0","0","0","55.69741","49.022926","6.674483","11.585601","0.717725"
"D:\HAA\dACC revisions\Run 4\Br2720_dACC_20x_img_020-MaxIP-Stitched_unmixed_rotated.nd2","Layer 1","dACC_v17_ FISH-IF v2.4.4","412","3088","3116","1038","1063","0","1","0","0","1","1","3624.7937","0","353.8649","0","0","0","0","0","0","0","0","0","0","4","4.372937","1","3972.284","908.37897","0","0","0","0","0","102.51086","74.61612","27.894735","23.171202","0.87404"
"D:\HAA\dACC revisions\Run 4\Br2720_dACC_20x_img_020-MaxIP-Stitched_unmixed_rotated.nd2","Layer 1","dACC_v17_ FISH-IF v2.4.4","413","3150","3177","1062","1093","0","0","0","0","1","1","2753.0354","0","461.90634","2","6.582421","0","7773.701","1180.979","0","0","0","0","0","0","0","0","0","0","1","1.150773","0","926.69446","610.0606","122.67239","85.019104","37.65329","27.462166","0.803632"
"D:\HAA\dACC revisions\Run 4\Br2720_dACC_20x_img_020-MaxIP-Stitched_unmixed_rotated.nd2","Layer 1","dACC_v17_ FISH-IF v2.4.4","414","3115","3144","1080","1108","0","0","0","1","1","1","2614.699","0","533.06305","5","11.093451","1","12628.168","1138.3444","0","0","0","0","0","0","0","0","0","0","0","0","0","0","0","113.97255","80.32395","33.6486","26.174877","0.851822"
"D:\HAA\dACC revisions\Run 4\Br2720_dACC_20x_img_020-MaxIP-Stitched_unmixed_rotated.nd2","Layer 1","dACC_v17_ FISH-IF v2.4.4","415","3219","3237","1091","1110","0","0","1","0","1","1","682.1389","0","175.80862","0","0","0","0","0","0","0","0","0","0","0","0","0","0","0","9","13.993399","1","12595.025","900.0691","49.897514","41.61195","8.285565","15.447468","0.501069"
"D:\HAA\dACC revisions\Run 4\Br2720_dACC_20x_img_020-MaxIP-Stitched_unmixed_rotated.nd2","Layer 1","dACC_v17_ FISH-IF v2.4.4","416","3238","3249","1094","1110","0","0","1","0","1","1","534.875","0","141.85689","0","0","0","0","0","0","0","0","0","0","0","0","0","0","0","5","8.791905","1","6864.8667","780.8168","27.618551","25.409067","2.209484","6.007349","0.697364"
"D:\HAA\dACC revisions\Run 4\Br2720_dACC_20x_img_020-MaxIP-Stitched_unmixed_rotated.nd2","Layer 1","dACC_v17_ FISH-IF v2.4.4","417","3204","3229","1097","1123","0","0","1","0","1","1","1037.08","0","237.52551","0","0","0","0","0","0","0","0","0","0","0","0","0","0","0","32","56.71009","4","51400.793","906.37823","88.057144","66.74483","21.312315","22.31301","0.708392"
"D:\HAA\dACC revisions\Run 4\Br2720_dACC_20x_img_020-MaxIP-Stitched_unmixed_rotated.nd2","Layer 1","dACC_v17_ FISH-IF v2.4.4","418","3175","3204","1098","1121","0","0","1","0","1","1","3307.4785","0","426.85532","0","0","0","0","0","0","0","0","0","0","0","0","0","0","0","6","7.226854","1","4588.9604","634.98724","104.02988","76.043076","27.986797","23.814846","0.726013"
"D:\HAA\dACC revisions\Run 4\Br2720_dACC_20x_img_020-MaxIP-Stitched_unmixed_rotated.nd2","Layer 1","dACC_v17_ FISH-IF v2.4.4","419","3020","3036","1102","1121","0","0","0","0","1","1","2085.5728","0","387.42484","0","0","0","0","0","0","0","0","0","0","2","1.979329","0","1704.709","861.2558","0","0","0","0","0","43.315094","38.57391","4.741185","9.44012","0.717966"
"D:\HAA\dACC revisions\Run 4\Br2720_dACC_20x_img_020-MaxIP-Stitched_unmixed_rotated.nd2","Layer 1","dACC_v17_ FISH-IF v2.4.4","420","3296","3321","1111","1132","0","0","0","0","1","1","2497.0247","0","406.0226","1","0.736495","0","851.52594","880.9048","0","0","0","0","0","0","0","0","0","0","0","0","0","0","0","74.06374","61.036995","13.02675","17.163853","0.68528"
"D:\HAA\dACC revisions\Run 4\Br2720_dACC_20x_img_020-MaxIP-Stitched_unmixed_rotated.nd2","Layer 1","dACC_v17_ FISH-IF v2.4.4","421","3155","3171","1126","1138","0","0","0","0","1","1","797.2895","0","338.34137","0","0","0","0","0","0","0","0","0","0","0","0","0","0","0","0","0","0","0","0","26.55984","24.810665","1.749175","5.363704","0.777117"
"D:\HAA\dACC revisions\Run 4\Br2720_dACC_20x_img_020-MaxIP-Stitched_unmixed_rotated.nd2","Layer 1","dACC_v17_ FISH-IF v2.4.4","422","3153","3202","1131","1165","0","0","0","0","1","1","1119.6313","0","371.72818","0","0","0","0","0","0","0","0","0","0","0","0","0","0","0","0","0","0","0","0","208.24387","124.97394","83.26993","52.77885","0.634794"
"D:\HAA\dACC revisions\Run 4\Br2720_dACC_20x_img_020-MaxIP-Stitched_unmixed_rotated.nd2","Layer 1","dACC_v17_ FISH-IF v2.4.4","423","3017","3043","1147","1180","0","0","0","0","1","1","2932.6448","0","364.07297","0","0","0","0","0","0","0","0","0","0","0","0","0","0","0","0","0","0","0","0","113.512245","77.60812","35.904114","30.46584","0.610727"
"D:\HAA\dACC revisions\Run 4\Br2720_dACC_20x_img_020-MaxIP-Stitched_unmixed_rotated.nd2","Layer 1","dACC_v17_ FISH-IF v2.4.4","424","3066","3090","1144","1170","0","0","0","0","1","1","3550.9285","0","399.384","1","0.644433","0","505.83374","784.9286","0","0","0","0","0","0","0","0","0","0","0","0","0","0","0","93.39673","70.24318","23.153551","20.596624","0.856151"
"D:\HAA\dACC revisions\Run 4\Br2720_dACC_20x_img_020-MaxIP-Stitched_unmixed_rotated.nd2","Layer 1","dACC_v17_ FISH-IF v2.4.4","425","3061","3084","1170","1200","0","0","0","0","1","1","2801.5173","0","435.1821","0","0","0","0","0","0","0","0","0","0","0","0","0","0","0","0","0","0","0","0","97.58555","73.5574","24.02814","24.458492","0.654912"
"D:\HAA\dACC revisions\Run 4\Br2720_dACC_20x_img_020-MaxIP-Stitched_unmixed_rotated.nd2","Layer 1","dACC_v17_ FISH-IF v2.4.4","426","3112","3143","1188","1214","0","0","0","0","1","1","3182.647","0","381.91666","0","0","0","0","0","0","0","0","0","0","0","0","0","0","0","0","0","0","0","0","112.72971","80.646164","32.08355","25.96033","0.775947"
"D:\HAA\dACC revisions\Run 4\Br2720_dACC_20x_img_020-MaxIP-Stitched_unmixed_rotated.nd2","Layer 1","dACC_v17_ FISH-IF v2.4.4","427","3061","3075","1197","1211","0","0","0","0","1","1","2293.8572","0","889.79285","0","0","0","0","0","0","0","0","0","0","0","0","0","0","0","0","0","0","0","0","24.396387","23.107521","1.288866","4.076415","0.804881"
"D:\HAA\dACC revisions\Run 4\Br2720_dACC_20x_img_020-MaxIP-Stitched_unmixed_rotated.nd2","Layer 1","dACC_v17_ FISH-IF v2.4.4","428","3045","3069","1201","1229","0","0","0","0","1","1","3150.6792","0","598.7602","0","0","0","0","0","0","0","0","0","0","0","0","0","0","0","0","0","0","0","0","81.24457","50.68004","30.56453","25.531233","0.802583"
"D:\HAA\dACC revisions\Run 4\Br2720_dACC_20x_img_020-MaxIP-Stitched_unmixed_rotated.nd2","Layer 1","dACC_v17_ FISH-IF v2.4.4","429","3053","3090","1212","1250","0","0","0","0","1","1","3122.4678","0","617.36426","0","0","0","0","0","0","0","0","0","0","0","0","0","0","0","0","0","0","0","0","165.1129","97.30936","67.80354","46.342403","0.712056"
"D:\HAA\dACC revisions\Run 4\Br2720_dACC_20x_img_020-MaxIP-Stitched_unmixed_rotated.nd2","Layer 1","dACC_v17_ FISH-IF v2.4.4","430","3091","3120","1240","1266","0","0","0","0","1","1","3347.4133","0","398.24323","0","0","0","0","0","0","0","0","0","0","0","0","0","0","0","0","0","0","0","0","111.164665","79.86364","31.301023","24.243944","0.762998"
"D:\HAA\dACC revisions\Run 4\Br2720_dACC_20x_img_020-MaxIP-Stitched_unmixed_rotated.nd2","Layer 1","dACC_v17_ FISH-IF v2.4.4","431","3306","3339","1240","1264","1","0","1","0","1","1","1890.2576","0","313.98526","0","0","0","0","0","4","5.661803","1","5112.1016","902.9106","3","3.038041","0","2142.0027","705.0606","32","51.922874","4","46656.707","898.57715","117.4709","84.23658","33.23432","26.603973","0.711703"
"D:\HAA\dACC revisions\Run 4\Br2720_dACC_20x_img_020-MaxIP-Stitched_unmixed_rotated.nd2","Layer 1","dACC_v17_ FISH-IF v2.4.4","432","3064","3100","1250","1294","0","0","0","0","1","1","3339.7388","0","549.8625","0","0","0","0","0","0","0","0","0","0","0","0","0","0","0","0","0","0","0","0","181.13165","104.12193","77.00973","48.916985","0.572932"
"D:\HAA\dACC revisions\Run 4\Br2720_dACC_20x_img_020-MaxIP-Stitched_unmixed_rotated.nd2","Layer 1","dACC_v17_ FISH-IF v2.4.4","433","3079","3104","1285","1327","0","0","0","0","1","1","2745.8018","0","385.81564","0","0","0","0","0","0","0","0","0","0","0","0","0","0","0","0","0","0","0","0","129.11673","79.403336","49.71339","43.982376","0.479837"
"D:\HAA\dACC revisions\Run 4\Br2720_dACC_20x_img_020-MaxIP-Stitched_unmixed_rotated.nd2","Layer 1","dACC_v17_ FISH-IF v2.4.4","434","3353","3379","1292","1319","0","0","0","0","1","1","3540.6736","0","350.0729","0","0","0","0","0","0","0","0","0","0","0","0","0","0","0","0","0","0","0","0","91.27931","65.04169","26.237623","26.818521","0.592305"
"D:\HAA\dACC revisions\Run 4\Br2720_dACC_20x_img_020-MaxIP-Stitched_unmixed_rotated.nd2","Layer 1","dACC_v17_ FISH-IF v2.4.4","435","3102","3123","1293","1313","0","0","0","0","1","1","1968.3192","0","552.1464","0","0","0","0","0","0","0","0","0","0","0","0","0","0","0","0","0","0","0","0","60.62272","44.327774","16.294945","18.665691","0.6315"
"D:\HAA\dACC revisions\Run 4\Br2720_dACC_20x_img_020-MaxIP-Stitched_unmixed_rotated.nd2","Layer 1","dACC_v17_ FISH-IF v2.4.4","436","3335","3358","1302","1324","0","0","0","0","1","1","2311.9558","0","551.16797","0","0","0","0","0","0","0","0","0","0","0","0","0","0","0","0","0","0","0","0","54.914886","35.075558","19.839325","20.167528","0.765238"
"D:\HAA\dACC revisions\Run 4\Br2720_dACC_20x_img_020-MaxIP-Stitched_unmixed_rotated.nd2","Layer 1","dACC_v17_ FISH-IF v2.4.4","437","3104","3131","1312","1345","0","0","0","0","1","1","3171.6794","0","629.53876","0","0","0","0","0","0","0","0","0","0","0","0","0","0","0","0","0","0","0","0","125.89456","76.64148","49.253082","37.331383","0.605518"
"D:\HAA\dACC revisions\Run 4\Br2720_dACC_20x_img_020-MaxIP-Stitched_unmixed_rotated.nd2","Layer 1","dACC_v17_ FISH-IF v2.4.4","438","3330","3353","1315","1341","0","0","0","0","1","1","2292.8362","0","307.34946","0","0","0","0","0","0","0","0","0","0","0","0","0","0","0","0","0","0","0","0","79.3573","55.19107","24.166231","23.600298","0.687679"
"D:\HAA\dACC revisions\Run 4\Br2720_dACC_20x_img_020-MaxIP-Stitched_unmixed_rotated.nd2","Layer 1","dACC_v17_ FISH-IF v2.4.4","439","3117","3139","1358","1375","0","0","0","0","1","1","1854.152","0","420.28915","0","0","0","0","0","0","0","0","0","0","0","0","0","0","0","0","0","0","0","0","57.124367","44.09762","13.02675","15.876565","0.827184"
"D:\HAA\dACC revisions\Run 4\Br2720_dACC_20x_img_020-MaxIP-Stitched_unmixed_rotated.nd2","Layer 1","dACC_v17_ FISH-IF v2.4.4","440","3319","3343","1359","1378","0","0","0","0","1","1","826.7955","0","144.37236","0","0","0","0","0","0","0","0","0","0","1","1.472989","0","1330.4777","903.25","3","6.490359","0","4262.969","656.8156","66.74483","56.618027","10.126801","14.374727","0.699617"
"D:\HAA\dACC revisions\Run 4\Br2720_dACC_20x_img_020-MaxIP-Stitched_unmixed_rotated.nd2","Layer 1","dACC_v17_ FISH-IF v2.4.4","441","3112","3146","1373","1413","0","0","0","0","1","1","2591.2395","0","527.39667","0","0","0","0","0","0","0","0","0","0","0","0","0","0","0","0","0","0","0","0","177.26506","104.214","73.05106","47.200596","0.600794"
"D:\HAA\dACC revisions\Run 4\Br2720_dACC_20x_img_020-MaxIP-Stitched_unmixed_rotated.nd2","Layer 1","dACC_v17_ FISH-IF v2.4.4","442","3139","3164","1382","1409","0","0","0","0","1","1","2180.6948","0","386.4519","0","0","0","0","0","0","0","0","0","0","0","0","0","0","0","0","0","0","0","0","94.455444","61.72746","32.72798","26.603973","0.802494"
"D:\HAA\dACC revisions\Run 4\Br2720_dACC_20x_img_020-MaxIP-Stitched_unmixed_rotated.nd2","Layer 1","dACC_v17_ FISH-IF v2.4.4","443","3163","3192","1383","1413","0","0","0","0","1","1","2730.6833","0","353.35626","0","0","0","0","0","0","0","0","0","0","0","0","0","0","0","0","0","0","0","0","122.07399","81.658844","40.415146","29.607647","0.724587"
"D:\HAA\dACC revisions\Run 4\Br2720_dACC_20x_img_020-MaxIP-Stitched_unmixed_rotated.nd2","Layer 1","dACC_v17_ FISH-IF v2.4.4","444","3229","3257","1392","1414","0","0","0","0","1","1","2680.3616","0","391.40695","0","0","0","0","0","0","0","0","0","0","0","0","0","0","0","0","0","0","0","0","92.107864","71.486015","20.621851","21.02572","0.664477"
"D:\HAA\dACC revisions\Run 4\Br2720_dACC_20x_img_020-MaxIP-Stitched_unmixed_rotated.nd2","Layer 1","dACC_v17_ FISH-IF v2.4.4","445","2861","2889","3802","3828","0","0","0","0","1","1","2392.6272","0","438.7891","0","0","0","0","0","0","0","0","0","0","0","0","0","0","0","0","0","0","0","0","107.06792","76.8256","30.242313","24.029396","0.86761"
"D:\HAA\dACC revisions\Run 4\Br2720_dACC_20x_img_020-MaxIP-Stitched_unmixed_rotated.nd2","Layer 1","dACC_v17_ FISH-IF v2.4.4","446","2753","2779","3821","3844","0","0","0","0","1","1","3588.473","0","377.3265","0","0","0","0","0","0","0","0","0","0","0","0","0","0","0","0","0","0","0","0","86.860344","67.38927","19.471079","19.738432","0.771124"
"D:\HAA\dACC revisions\Run 4\Br2720_dACC_20x_img_020-MaxIP-Stitched_unmixed_rotated.nd2","Layer 1","dACC_v17_ FISH-IF v2.4.4","447","2666","2693","3843","3871","0","0","0","0","1","1","1626.5498","0","432.67508","0","0","0","0","0","0","0","0","0","0","0","0","0","0","0","0","0","0","0","0","109.73771","78.34462","31.393085","25.316685","0.85705"
"D:\HAA\dACC revisions\Run 4\Br2720_dACC_20x_img_020-MaxIP-Stitched_unmixed_rotated.nd2","Layer 1","dACC_v17_ FISH-IF v2.4.4","448","2738","2762","3874","3896","0","0","0","0","1","1","827.04645","0","247.24863","0","0","0","0","0","0","0","0","0","0","0","0","0","0","0","0","0","0","0","0","71.7622","58.873543","12.888657","16.30566","0.794139"
"D:\HAA\dACC revisions\Run 4\Br2720_dACC_20x_img_020-MaxIP-Stitched_unmixed_rotated.nd2","Layer 1","dACC_v17_ FISH-IF v2.4.4","449","2652","2678","3877","3903","0","0","0","0","1","1","2586.5525","0","476.18158","0","0","0","0","0","0","0","0","0","0","0","0","0","0","0","0","0","0","0","0","97.171265","73.005035","24.166231","23.171202","0.710344"
"D:\HAA\dACC revisions\Run 4\Br2720_dACC_20x_img_020-MaxIP-Stitched_unmixed_rotated.nd2","Layer 1","dACC_v17_ FISH-IF v2.4.4","450","2946","2965","3878","3897","0","0","0","0","1","1","521.27856","0","129.88263","0","0","0","0","0","0","0","0","0","0","0","0","0","0","0","0","0","0","0","0","54.68473","48.240402","6.444328","10.727408","0.776357"
"D:\HAA\dACC revisions\Run 4\Br2720_dACC_20x_img_020-MaxIP-Stitched_unmixed_rotated.nd2","Layer 1","dACC_v17_ FISH-IF v2.4.4","451","2648","2679","3903","3928","0","0","0","0","1","1","2977.9436","0","511.1846","0","0","0","0","0","0","0","0","0","0","0","0","0","0","0","1","0.414278","0","174.5032","421.22223","105.594925","70.5654","35.02953","27.03307","0.746538"
"D:\HAA\dACC revisions\Run 4\Br2720_dACC_20x_img_020-MaxIP-Stitched_unmixed_rotated.nd2","Layer 1","dACC_v17_ FISH-IF v2.4.4","452","2681","2717","3910","3935","0","0","0","0","1","1","1327.0834","0","557.41626","0","0","0","0","0","0","0","0","0","0","0","0","0","0","0","2","2.117422","0","1037.2147","489.84784","123.04064","87.13653","35.904114","30.036743","0.619334"
"D:\HAA\dACC revisions\Run 4\Br2720_dACC_20x_img_020-MaxIP-Stitched_unmixed_rotated.nd2","Layer 1","dACC_v17_ FISH-IF v2.4.4","453","2661","2689","3921","3943","0","0","0","0","1","1","2878.504","0","566.0434","0","0","0","0","0","0","0","0","0","0","0","0","0","0","0","1","0.50634","0","225.82768","446","80.416016","57.30849","23.107521","22.31301","0.725366"
"D:\HAA\dACC revisions\Run 4\Br2720_dACC_20x_img_020-MaxIP-Stitched_unmixed_rotated.nd2","Layer 1","dACC_v17_ FISH-IF v2.4.4","454","2759","2786","3924","3949","0","0","0","0","1","1","2410.1428","0","453.38196","1","1.657113","0","1207.6671","728.7778","0","0","0","0","0","0","0","0","0","0","0","0","0","0","0","95.79034","71.94633","23.844015","22.31301","0.796921"
"D:\HAA\dACC revisions\Run 4\Br2720_dACC_20x_img_020-MaxIP-Stitched_unmixed_rotated.nd2","Layer 1","dACC_v17_ FISH-IF v2.4.4","455","5955","5984","1808","1835","0","0","0","0","1","1","2635.162","0","312.94162","0","0","0","0","0","0","0","0","0","0","0","0","0","0","0","0","0","0","0","0","116.68838","81.19854","35.489838","26.174877","0.882084"
"D:\HAA\dACC revisions\Run 4\Br2720_dACC_20x_img_020-MaxIP-Stitched_unmixed_rotated.nd2","Layer 1","dACC_v17_ FISH-IF v2.4.4","456","5817","5844","1897","1925","1","0","1","0","1","1","2789.5693","0","334.862","0","0","0","0","0","7","11.783915","1","10926.037","927.1992","2","1.979329","0","1338.7172","676.3488","7","12.01407","1","6441.014","536.1226","104.582245","76.043076","28.53917","24.458492","0.790454"
"D:\HAA\dACC revisions\Run 4\Br2720_dACC_20x_img_020-MaxIP-Stitched_unmixed_rotated.nd2","Layer 1","dACC_v17_ FISH-IF v2.4.4","457","6186","6206","1936","1954","0","0","0","0","1","1","792.62836","0","134.72522","0","0","0","0","0","0","0","0","0","0","0","0","0","0","0","0","0","0","0","0","55.55932","48.746742","6.812576","10.727408","0.806796"
"D:\HAA\dACC revisions\Run 4\Br2720_dACC_20x_img_020-MaxIP-Stitched_unmixed_rotated.nd2","Layer 1","dACC_v17_ FISH-IF v2.4.4","458","5957","5978","2006","2025","0","0","0","0","1","1","1310.1864","0","184.079","0","0","0","0","0","0","0","0","0","0","0","0","0","0","0","0","0","0","0","0","59.425915","51.278442","8.147472","12.014698","0.796014"
"D:\HAA\dACC revisions\Run 4\Br2720_dACC_20x_img_020-MaxIP-Stitched_unmixed_rotated.nd2","Layer 1","dACC_v17_ FISH-IF v2.4.4","459","5975","5996","2069","2088","0","0","0","0","1","1","542.1314","0","141.81546","0","0","0","0","0","0","0","0","0","0","0","0","0","0","0","0","0","0","0","0","58.68942","50.63401","8.05541","12.014698","0.862956"
"D:\HAA\dACC revisions\Run 4\Br2720_dACC_20x_img_020-MaxIP-Stitched_unmixed_rotated.nd2","Layer 1","dACC_v17_ FISH-IF v2.4.4","460","6191","6210","2079","2097","0","0","0","0","1","1","511.3967","0","102.683365","3","5.339586","0","5922.89","1109.2413","0","0","0","0","0","0","0","0","0","0","0","0","0","0","0","51.5086","45.938854","5.569741","9.869216","0.837861"
"D:\HAA\dACC revisions\Run 4\Br2720_dACC_20x_img_020-MaxIP-Stitched_unmixed_rotated.nd2","Layer 1","dACC_v17_ FISH-IF v2.4.4","461","5885","5907","2083","2110","0","0","0","0","1","1","3665.7007","0","438.1103","0","0","0","0","0","0","0","0","0","0","0","0","0","0","0","0","0","0","0","0","85.20323","62.602047","22.601181","21.454817","0.801663"
"D:\HAA\dACC revisions\Run 4\Br2720_dACC_20x_img_020-MaxIP-Stitched_unmixed_rotated.nd2","Layer 1","dACC_v17_ FISH-IF v2.4.4","462","5907","5933","2087","2110","0","0","0","0","1","1","3655.628","0","405.63617","0","0","0","0","0","0","0","0","0","0","0","0","0","0","0","0","0","0","0","0","91.923744","67.435295","24.488447","21.883913","0.794001"
"D:\HAA\dACC revisions\Run 4\Br2720_dACC_20x_img_020-MaxIP-Stitched_unmixed_rotated.nd2","Layer 1","dACC_v17_ FISH-IF v2.4.4","463","5833","5852","2093","2112","0","0","0","0","1","1","620.3543","0","125.86237","0","0","0","0","0","0","0","0","0","0","0","0","0","0","0","0","0","0","0","0","52.337154","46.491226","5.845926","10.298312","0.871499"
"D:\HAA\dACC revisions\Run 4\Br2720_dACC_20x_img_020-MaxIP-Stitched_unmixed_rotated.nd2","Layer 1","dACC_v17_ FISH-IF v2.4.4","464","5868","5891","2097","2135","0","0","0","0","1","1","2420.5125","0","512.72064","0","0","0","0","0","0","0","0","0","0","0","0","0","0","0","0","0","0","0","0","119.45023","87.82699","31.62324","29.17855","0.545699"
"D:\HAA\dACC revisions\Run 4\Br2720_dACC_20x_img_020-MaxIP-Stitched_unmixed_rotated.nd2","Layer 1","dACC_v17_ FISH-IF v2.4.4","465","6167","6191","2119","2150","0","0","0","1","1","1","3187.6143","0","463.79666","8","16.57113","1","25362.713","1530.5361","0","0","0","0","0","0","0","0","0","0","0","0","0","0","0","104.99652","77.19385","27.802673","24.029396","0.758785"
"D:\HAA\dACC revisions\Run 4\Br2720_dACC_20x_img_020-MaxIP-Stitched_unmixed_rotated.nd2","Layer 1","dACC_v17_ FISH-IF v2.4.4","466","5907","5931","2153","2181","0","0","0","0","1","1","3470.9712","0","420.07584","2","11.277575","0","14645.611","1298.6489","0","0","0","0","0","0","0","0","0","0","0","0","0","0","0","96.158585","72.22251","23.936077","21.883913","0.78727"
"D:\HAA\dACC revisions\Run 4\Br2720_dACC_20x_img_020-MaxIP-Stitched_unmixed_rotated.nd2","Layer 1","dACC_v17_ FISH-IF v2.4.4","467","6179","6206","2170","2196","0","0","0","0","1","1","3457.5544","0","410.63733","0","0","0","0","0","0","0","0","0","0","0","0","0","0","0","0","0","0","0","0","100.80771","73.74153","27.06618","22.742105","0.903481"
"D:\HAA\dACC revisions\Run 4\Br2720_dACC_20x_img_020-MaxIP-Stitched_unmixed_rotated.nd2","Layer 1","dACC_v17_ FISH-IF v2.4.4","468","4689","4713","1015","1043","0","0","0","1","1","1","3272.2026","0","562.3412","4","6.674483","1","6910.714","994.25165","0","0","0","0","0","0","0","0","0","0","0","0","0","0","0","96.02049","72.176476","23.844015","22.31301","0.779819"
"D:\HAA\dACC revisions\Run 4\Br2720_dACC_20x_img_020-MaxIP-Stitched_unmixed_rotated.nd2","Layer 1","dACC_v17_ FISH-IF v2.4.4","469","4735","4771","1049","1080","1","1","0","0","1","1","1860.7357","0","288.5623","0","0","0","0","0","20","24.58051","3","25364.83","1031.9082","7","7.410978","1","5621.3877","758.5217","2","1.51902","0","946.4417","501.4878","155.03214","100.85374","54.17839","35.1859","0.697376"
"D:\HAA\dACC revisions\Run 4\Br2720_dACC_20x_img_020-MaxIP-Stitched_unmixed_rotated.nd2","Layer 1","dACC_v17_ FISH-IF v2.4.4","470","4993","5016","1066","1086","0","0","0","0","1","1","1771.773","0","258.69067","0","0","0","0","0","0","0","0","0","0","0","0","0","0","0","0","0","0","0","0","68.40195","56.848183","11.553761","14.589275","0.809283"
"D:\HAA\dACC revisions\Run 4\Br2720_dACC_20x_img_020-MaxIP-Stitched_unmixed_rotated.nd2","Layer 1","dACC_v17_ FISH-IF v2.4.4","471","4938","4965","1131","1157","0","0","0","0","1","1","1094.7686","0","207.36159","0","0","0","0","0","2","1.150773","0","818.38367","711.16","0","0","0","0","0","0","0","0","0","0","102.14261","75.49071","26.651901","23.171202","0.754959"
"D:\HAA\dACC revisions\Run 4\Br2720_dACC_20x_img_020-MaxIP-Stitched_unmixed_rotated.nd2","Layer 1","dACC_v17_ FISH-IF v2.4.4","472","4800","4833","1146","1173","0","0","0","0","1","1","2737.8547","0","349.1258","0","0","0","0","0","0","0","0","0","0","0","0","0","0","0","2","2.807886","0","1636.3992","582.78687","126.170746","87.82699","38.343754","29.17855","0.691781"
"D:\HAA\dACC revisions\Run 4\Br2720_dACC_20x_img_020-MaxIP-Stitched_unmixed_rotated.nd2","Layer 1","dACC_v17_ FISH-IF v2.4.4","473","4624","4652","1207","1229","0","0","0","0","1","1","3134.7983","0","450.86722","0","0","0","0","0","0","0","0","0","0","0","0","0","0","0","0","0","0","0","0","93.90307","71.7622","22.140871","20.596624","0.707117"
"D:\HAA\dACC revisions\Run 4\Br2720_dACC_20x_img_020-MaxIP-Stitched_unmixed_rotated.nd2","Layer 1","dACC_v17_ FISH-IF v2.4.4","474","4833","4855","1241","1261","0","0","0","0","1","1","623.9856","0","135.19678","0","0","0","0","0","0","0","0","0","0","0","0","0","0","0","0","0","0","0","0","63.844883","54.27045","9.57443","13.301987","0.749317"
"D:\HAA\dACC revisions\Run 4\Br2720_dACC_20x_img_020-MaxIP-Stitched_unmixed_rotated.nd2","Layer 1","dACC_v17_ FISH-IF v2.4.4","475","4871","4903","1269","1298","0","0","0","0","1","1","2220.2942","0","431.08252","0","0","0","0","0","0","0","0","0","0","0","0","0","0","0","0","0","0","0","0","135.19281","89.80632","45.386486","30.46584","0.846832"
"D:\HAA\dACC revisions\Run 4\Br2720_dACC_20x_img_020-MaxIP-Stitched_unmixed_rotated.nd2","Layer 1","dACC_v17_ FISH-IF v2.4.4","476","4660","4705","1326","1355","1","0","0","0","1","1","919.2679","0","211.00401","0","0","0","0","0","11","11.415668","2","10480.779","918.10486","3","2.439639","0","1757.2764","720.3019","1","1.150773","0","619.5762","538.4","181.40785","114.57095","66.83689","41.19325","0.617047"
"D:\HAA\dACC revisions\Run 4\Br2720_dACC_20x_img_020-MaxIP-Stitched_unmixed_rotated.nd2","Layer 1","dACC_v17_ FISH-IF v2.4.4","477","4915","4945","1328","1355","0","0","0","0","1","1","3265.9768","0","326.10733","0","0","0","0","0","0","0","0","0","0","0","0","0","0","0","0","0","0","0","0","115.26142","81.474724","33.786694","25.96033","0.783043"
"D:\HAA\dACC revisions\Run 4\Br2720_dACC_20x_img_020-MaxIP-Stitched_unmixed_rotated.nd2","Layer 1","dACC_v17_ FISH-IF v2.4.4","478","4695","4724","1398","1426","0","0","0","0","1","1","1678.8439","0","385.7717","0","0","0","0","0","0","0","0","0","0","0","0","0","0","0","0","0","0","0","0","111.34879","74.80024","36.54855","30.894936","0.61268"
"D:\HAA\dACC revisions\Run 4\Br2720_dACC_20x_img_020-MaxIP-Stitched_unmixed_rotated.nd2","Layer 1","dACC_v17_ FISH-IF v2.4.4","479","4680","4696","1399","1422","0","0","0","0","1","1","1090.5342","0","254.2735","0","0","0","0","0","0","0","0","0","0","0","0","0","0","0","0","0","0","0","0","55.05298","43.591278","11.461699","15.876565","0.651602"
"D:\HAA\dACC revisions\Run 4\Br2720_dACC_20x_img_020-MaxIP-Stitched_unmixed_rotated.nd2","Layer 1","dACC_v17_ FISH-IF v2.4.4","480","5382","5403","3912","3932","0","0","0","0","1","1","1333.9095","0","222.92525","2","2.623762","0","2041.3331","778.0175","0","0","0","0","0","0","0","0","0","0","0","0","0","0","0","60.990967","52.337154","8.653812","12.87289","0.766059"
"D:\HAA\dACC revisions\Run 4\Br2720_dACC_20x_img_020-MaxIP-Stitched_unmixed_rotated.nd2","Layer 1","dACC_v17_ FISH-IF v2.4.4","481","5041","5065","3919","3938","0","0","0","0","1","1","1559.2773","0","199.79414","0","0","0","0","0","0","0","0","0","0","0","0","0","0","0","0","0","0","0","0","69.92097","58.13705","11.783915","15.018372","0.744634"
"D:\HAA\dACC revisions\Run 4\Br2720_dACC_20x_img_020-MaxIP-Stitched_unmixed_rotated.nd2","Layer 1","dACC_v17_ FISH-IF v2.4.4","482","5248","5271","3933","3960","0","0","0","0","1","1","2396.971","0","512.5901","3","10.495049","0","12854.271","1224.7938","0","0","0","0","0","0","0","0","0","0","0","0","0","0","0","86.90637","63.108387","23.797985","21.883913","0.758915"
"D:\HAA\dACC revisions\Run 4\Br2720_dACC_20x_img_020-MaxIP-Stitched_unmixed_rotated.nd2","Layer 1","dACC_v17_ FISH-IF v2.4.4","483","6884","6906","1030","1052","0","0","0","0","1","1","1423.5344","0","211.9618","0","0","0","0","0","0","0","0","0","0","0","0","0","0","0","0","0","0","0","0","72.40663","59.057667","13.348966","15.876565","0.840385"
"D:\HAA\dACC revisions\Run 4\Br2720_dACC_20x_img_020-MaxIP-Stitched_unmixed_rotated.nd2","Layer 1","dACC_v17_ FISH-IF v2.4.4","484","6998","7028","1039","1066","0","0","0","0","1","1","2458.5542","0","423.01486","0","0","0","0","0","0","0","0","0","0","0","0","0","0","0","0","0","0","0","0","97.2173","64.99566","32.22164","31.109486","0.635902"
"D:\HAA\dACC revisions\Run 4\Br2720_dACC_20x_img_020-MaxIP-Stitched_unmixed_rotated.nd2","Layer 1","dACC_v17_ FISH-IF v2.4.4","485","6987","7007","1058","1081","0","0","0","0","1","1","2296.269","0","378.25476","0","0","0","0","0","0","0","0","0","0","0","0","0","0","0","0","0","0","0","0","62.924263","50.772102","12.152163","15.447468","0.770234"
"D:\HAA\dACC revisions\Run 4\Br2720_dACC_20x_img_020-MaxIP-Stitched_unmixed_rotated.nd2","Layer 1","dACC_v17_ FISH-IF v2.4.4","486","7004","7018","1064","1081","0","0","0","0","1","1","1839.7125","0","602.8854","0","0","0","0","0","0","0","0","0","0","0","0","0","0","0","0","0","0","0","0","31.393085","27.710613","3.682473","8.15283","0.825287"
"D:\HAA\dACC revisions\Run 4\Br2720_dACC_20x_img_020-MaxIP-Stitched_unmixed_rotated.nd2","Layer 1","dACC_v17_ FISH-IF v2.4.4","487","6971","6995","1076","1113","0","0","0","0","1","1","1515.5652","0","270.2387","0","0","0","0","0","0","0","0","0","0","0","0","0","0","0","0","0","0","0","0","119.22008","90.63488","28.5852","30.894936","0.531308"
"D:\HAA\dACC revisions\Run 4\Br2720_dACC_20x_img_020-MaxIP-Stitched_unmixed_rotated.nd2","Layer 1","dACC_v17_ FISH-IF v2.4.4","488","6701","6729","1080","1110","0","0","0","0","1","1","2513.458","0","474.63562","0","0","0","0","0","0","0","0","0","0","0","0","0","0","0","0","0","0","0","0","122.304146","85.019104","37.28504","27.462166","0.745153"
"D:\HAA\dACC revisions\Run 4\Br2720_dACC_20x_img_020-MaxIP-Stitched_unmixed_rotated.nd2","Layer 1","dACC_v17_ FISH-IF v2.4.4","489","6643","6667","1120","1145","0","0","0","0","1","1","2938.1018","0","594.9828","0","0","0","0","0","0","0","0","0","0","0","0","0","0","0","0","0","0","0","0","91.417404","66.97498","24.442417","21.454817","0.825753"
"D:\HAA\dACC revisions\Run 4\Br2720_dACC_20x_img_020-MaxIP-Stitched_unmixed_rotated.nd2","Layer 1","dACC_v17_ FISH-IF v2.4.4","490","6986","7017","1120","1140","0","0","0","0","1","1","723.7524","0","204.80246","0","0","0","0","0","0","0","0","0","0","0","0","0","0","0","0","0","0","0","0","94.31735","74.80024","19.517109","21.883913","0.585313"
"D:\HAA\dACC revisions\Run 4\Br2720_dACC_20x_img_020-MaxIP-Stitched_unmixed_rotated.nd2","Layer 1","dACC_v17_ FISH-IF v2.4.4","491","6671","6694","1121","1152","0","0","0","0","1","1","1954.7177","0","334.85455","0","0","0","0","0","0","0","0","0","0","0","0","0","0","0","0","0","0","0","0","101.544205","76.59544","24.948757","25.316685","0.601629"
"D:\HAA\dACC revisions\Run 4\Br2720_dACC_20x_img_020-MaxIP-Stitched_unmixed_rotated.nd2","Layer 1","dACC_v17_ FISH-IF v2.4.4","492","6841","6870","1122","1154","0","0","0","0","1","1","2699.642","0","465.13644","0","0","0","0","0","0","0","0","0","0","0","0","0","0","0","0","0","0","0","0","129.89925","89.392044","40.507206","30.680387","0.696625"
"D:\HAA\dACC revisions\Run 4\Br2720_dACC_20x_img_020-MaxIP-Stitched_unmixed_rotated.nd2","Layer 1","dACC_v17_ FISH-IF v2.4.4","493","6655","6674","1140","1161","0","0","0","0","1","1","2201.14","0","555.8019","0","0","0","0","0","0","0","0","0","0","0","0","0","0","0","0","0","0","0","0","47.319782","34.15494","13.164843","17.163853","0.710466"
"D:\HAA\dACC revisions\Run 4\Br2720_dACC_20x_img_020-MaxIP-Stitched_unmixed_rotated.nd2","Layer 1","dACC_v17_ FISH-IF v2.4.4","494","6637","6662","1146","1172","0","0","0","1","1","1","2998.6255","0","392.18268","8","19.839325","1","38843.88","1957.9235","0","0","0","0","0","0","0","0","0","0","0","0","0","0","0","80.32395","47.872154","32.451797","28.534906","0.6541"
"D:\HAA\dACC revisions\Run 4\Br2720_dACC_20x_img_020-MaxIP-Stitched_unmixed_rotated.nd2","Layer 1","dACC_v17_ FISH-IF v2.4.4","495","6983","7002","1144","1163","0","0","0","0","1","1","905.1356","0","147.08174","0","0","0","0","0","0","0","0","0","0","0","0","0","0","0","0","0","0","0","0","51.048286","45.61664","5.431648","9.869216","0.847103"
"D:\HAA\dACC revisions\Run 4\Br2720_dACC_20x_img_020-MaxIP-Stitched_unmixed_rotated.nd2","Layer 1","dACC_v17_ FISH-IF v2.4.4","496","7006","7026","1150","1173","0","0","0","0","1","1","2961.2432","0","464.34473","0","0","0","0","0","0","0","0","0","0","0","0","0","0","0","0","0","0","0","0","66.88292","55.14504","11.737884","15.018372","0.76387"
"D:\HAA\dACC revisions\Run 4\Br2720_dACC_20x_img_020-MaxIP-Stitched_unmixed_rotated.nd2","Layer 1","dACC_v17_ FISH-IF v2.4.4","497","6612","6644","1155","1185","0","0","0","0","1","1","2720.3132","0","633.472","2","2.071391","0","2763.1438","1333.9556","0","0","0","0","0","0","0","0","0","0","0","0","0","0","0","115.62966","68.17179","47.457874","35.829544","0.694449"
"D:\HAA\dACC revisions\Run 4\Br2720_dACC_20x_img_020-MaxIP-Stitched_unmixed_rotated.nd2","Layer 1","dACC_v17_ FISH-IF v2.4.4","498","6665","6685","1160","1182","0","0","0","0","1","1","1845.3243","0","208.00673","0","0","0","0","0","0","0","0","0","0","0","0","0","0","0","0","0","0","0","0","64.94962","54.730762","10.218863","13.301987","0.823155"
"D:\HAA\dACC revisions\Run 4\Br2720_dACC_20x_img_020-MaxIP-Stitched_unmixed_rotated.nd2","Layer 1","dACC_v17_ FISH-IF v2.4.4","499","6830","6856","1162","1193","0","0","0","0","1","1","2644.8306","0","460.37198","0","0","0","0","0","0","0","0","0","0","0","0","0","0","0","0","0","0","0","0","105.36477","78.20653","27.158241","26.603973","0.642288"
"D:\HAA\dACC revisions\Run 4\Br2720_dACC_20x_img_020-MaxIP-Stitched_unmixed_rotated.nd2","Layer 1","dACC_v17_ FISH-IF v2.4.4","500","6729","6764","1165","1211","0","0","0","0","1","1","1923.7484","0","404.47528","0","0","0","0","0","0","0","0","0","0","0","0","0","0","0","0","0","0","0","0","210.3613","124.74379","85.61751","46.7715","0.643938"
"D:\HAA\dACC revisions\Run 4\Br2720_dACC_20x_img_020-MaxIP-Stitched_unmixed_rotated.nd2","Layer 1","dACC_v17_ FISH-IF v2.4.4","501","6987","7008","1168","1192","0","0","0","0","1","1","1785.2545","0","302.09692","0","0","0","0","0","0","0","0","0","0","0","0","0","0","0","0","0","0","0","0","71.25586","58.413235","12.842626","15.876565","0.809841"
"D:\HAA\dACC revisions\Run 4\Br2720_dACC_20x_img_020-MaxIP-Stitched_unmixed_rotated.nd2","Layer 1","dACC_v17_ FISH-IF v2.4.4","502","6887","6918","1182","1204","0","0","0","0","1","1","2841.7483","0","586.6892","0","0","0","0","0","0","0","0","0","0","0","0","0","0","0","0","0","0","0","0","94.91575","59.978287","34.937466","26.174877","0.802391"
"D:\HAA\dACC revisions\Run 4\Br2720_dACC_20x_img_020-MaxIP-Stitched_unmixed_rotated.nd2","Layer 1","dACC_v17_ FISH-IF v2.4.4","503","6810","6835","1185","1216","0","0","0","0","1","1","2559.3586","0","544.433","0","0","0","0","0","0","0","0","0","0","0","0","0","0","0","0","0","0","0","0","94.40941","62.18777","32.22164","27.462166","0.735345"
"D:\HAA\dACC revisions\Run 4\Br2720_dACC_20x_img_020-MaxIP-Stitched_unmixed_rotated.nd2","Layer 1","dACC_v17_ FISH-IF v2.4.4","504","6831","6848","1186","1212","0","0","0","0","1","1","3140.653","0","390.74582","0","0","0","0","0","0","0","0","0","0","0","0","0","0","0","0","0","0","0","0","53.303802","33.14226","20.161541","23.171202","0.562416"
"D:\HAA\dACC revisions\Run 4\Br2720_dACC_20x_img_020-MaxIP-Stitched_unmixed_rotated.nd2","Layer 1","dACC_v17_ FISH-IF v2.4.4","505","6767","6792","1190","1215","0","0","0","0","1","1","1481.285","0","260.9215","0","0","0","0","0","0","0","0","0","0","0","0","0","0","0","0","0","0","0","0","85.847664","67.435295","18.412367","19.738432","0.706848"
"D:\HAA\dACC revisions\Run 4\Br2720_dACC_20x_img_020-MaxIP-Stitched_unmixed_rotated.nd2","Layer 1","dACC_v17_ FISH-IF v2.4.4","506","6850","6871","1194","1216","0","0","0","0","1","1","2260.4592","0","237.53607","0","0","0","0","0","0","0","0","0","0","0","0","0","0","0","0","0","0","0","0","61.72746","50.403854","11.323606","15.662017","0.70416"
"D:\HAA\dACC revisions\Run 4\Br2720_dACC_20x_img_020-MaxIP-Stitched_unmixed_rotated.nd2","Layer 1","dACC_v17_ FISH-IF v2.4.4","507","7005","7029","1194","1219","0","0","0","0","1","1","2880.4697","0","432.3681","0","0","0","0","0","0","0","0","0","0","0","0","0","0","0","0","0","0","0","0","76.59544","59.14973","17.445717","19.523884","0.686918"
"D:\HAA\dACC revisions\Run 4\Br2720_dACC_20x_img_020-MaxIP-Stitched_unmixed_rotated.nd2","Layer 1","dACC_v17_ FISH-IF v2.4.4","508","6887","6914","1201","1222","0","0","0","0","1","1","2850.8838","0","598.9698","0","0","0","0","0","0","0","0","0","0","0","0","0","0","0","0","0","0","0","0","79.81761","53.303802","26.51381","23.600298","0.741904"
"D:\HAA\dACC revisions\Run 4\Br2720_dACC_20x_img_020-MaxIP-Stitched_unmixed_rotated.nd2","Layer 1","dACC_v17_ FISH-IF v2.4.4","509","6841","6855","1199","1217","0","0","0","0","1","1","2721.9019","0","526.25964","0","0","0","0","0","0","0","0","0","0","0","0","0","0","0","0","0","0","0","0","27.848705","22.693243","5.155463","10.298312","0.638124"
"D:\HAA\dACC revisions\Run 4\Br2720_dACC_20x_img_020-MaxIP-Stitched_unmixed_rotated.nd2","Layer 1","dACC_v17_ FISH-IF v2.4.4","510","6969","6994","1203","1231","0","0","0","0","1","1","3452.052","0","448.1954","0","0","0","0","0","0","0","0","0","0","0","0","0","0","0","0","0","0","0","0","96.94111","73.97169","22.969427","22.956654","0.648096"
"D:\HAA\dACC revisions\Run 4\Br2720_dACC_20x_img_020-MaxIP-Stitched_unmixed_rotated.nd2","Layer 1","dACC_v17_ FISH-IF v2.4.4","511","6915","6934","1206","1226","0","0","0","0","1","1","2984.3875","0","316.36957","0","0","0","0","0","0","0","0","0","0","0","0","0","0","0","0","0","0","0","0","52.705402","40.23102","12.474379","16.091112","0.687617"
"D:\HAA\dACC revisions\Run 4\Br2720_dACC_20x_img_020-MaxIP-Stitched_unmixed_rotated.nd2","Layer 1","dACC_v17_ FISH-IF v2.4.4","512","6930","6956","1211","1236","0","0","0","0","1","1","2816.3816","0","438.6717","0","0","0","0","0","0","0","0","0","0","0","0","0","0","0","1","0.368247","0","162.44312","441.125","76.96369","51.876842","25.08685","27.676714","0.552876"
"D:\HAA\dACC revisions\Run 4\Br2720_dACC_20x_img_020-MaxIP-Stitched_unmixed_rotated.nd2","Layer 1","dACC_v17_ FISH-IF v2.4.4","513","6838","6856","1219","1236","0","0","0","0","1","1","352.4321","0","130.1145","0","0","0","0","0","0","0","0","0","0","0","0","0","0","0","0","0","0","0","0","45.938854","42.21035","3.728504","7.723734","0.803262"
"D:\HAA\dACC revisions\Run 4\Br2720_dACC_20x_img_020-MaxIP-Stitched_unmixed_rotated.nd2","Layer 1","dACC_v17_ FISH-IF v2.4.4","514","6921","6934","1225","1238","0","0","0","0","1","1","2371.5422","0","865.61884","0","0","0","0","0","0","0","0","0","0","0","0","0","0","0","0","0","0","0","0","23.383705","19.56314","3.820566","7.938282","0.763458"
"D:\HAA\dACC revisions\Run 4\Br2720_dACC_20x_img_020-MaxIP-Stitched_unmixed_rotated.nd2","Layer 1","dACC_v17_ FISH-IF v2.4.4","515","6923","6951","1233","1257","0","0","0","0","1","1","2982.051","0","628.9157","0","0","0","0","0","0","0","0","0","0","0","0","0","0","0","0","0","0","0","0","91.923744","59.517975","32.405766","26.174877","0.733469"
"D:\HAA\dACC revisions\Run 4\Br2720_dACC_20x_img_020-MaxIP-Stitched_unmixed_rotated.nd2","Layer 1","dACC_v17_ FISH-IF v2.4.4","516","6857","6877","1230","1248","0","0","0","0","1","1","1721.7734","0","163.39331","0","0","0","0","0","0","0","0","0","0","0","0","0","0","0","0","0","0","0","0","52.705402","46.813442","5.891957","10.298312","0.832868"
"D:\HAA\dACC revisions\Run 4\Br2720_dACC_20x_img_020-MaxIP-Stitched_unmixed_rotated.nd2","Layer 1","dACC_v17_ FISH-IF v2.4.4","517","6825","6846","1235","1255","0","0","0","0","1","1","1819.4554","0","235.02182","0","0","0","0","0","0","0","0","0","0","0","0","0","0","0","0","0","0","0","0","62.049675","52.75143","9.298245","12.87289","0.861413"
"D:\HAA\dACC revisions\Run 4\Br2720_dACC_20x_img_020-MaxIP-Stitched_unmixed_rotated.nd2","Layer 1","dACC_v17_ FISH-IF v2.4.4","518","6985","7005","1238","1255","0","0","0","0","1","1","706.9646","0","132.5076","0","0","0","0","0","0","0","0","0","0","0","0","0","0","0","0","0","0","0","0","50.63401","45.432514","5.201494","9.44012","0.809685"
"D:\HAA\dACC revisions\Run 4\Br2720_dACC_20x_img_020-MaxIP-Stitched_unmixed_rotated.nd2","Layer 1","dACC_v17_ FISH-IF v2.4.4","519","6963","6984","1239","1257","0","0","0","0","1","1","2002.7607","0","213.01099","0","0","0","0","0","0","0","0","0","0","0","0","0","0","0","0","0","0","0","0","57.768803","50.265762","7.503039","11.585601","0.789083"
"D:\HAA\dACC revisions\Run 4\Br2720_dACC_20x_img_020-MaxIP-Stitched_unmixed_rotated.nd2","Layer 1","dACC_v17_ FISH-IF v2.4.4","520","6903","6926","1241","1267","0","0","0","0","1","1","2342.0198","0","405.56168","0","0","0","0","0","0","0","0","0","0","0","0","0","0","0","0","0","0","0","0","87.41271","68.67813","18.734583","20.167528","0.663689"
"D:\HAA\dACC revisions\Run 4\Br2720_dACC_20x_img_020-MaxIP-Stitched_unmixed_rotated.nd2","Layer 1","dACC_v17_ FISH-IF v2.4.4","521","6873","6902","1247","1271","0","0","0","0","1","1","2670.9404","0","456.2268","0","0","0","0","0","0","0","0","0","0","0","0","0","0","0","1","0.644433","0","311.07693","482.7143","97.44745","73.46535","23.982107","22.742105","0.713546"
"D:\HAA\dACC revisions\Run 4\Br2720_dACC_20x_img_020-MaxIP-Stitched_unmixed_rotated.nd2","Layer 1","dACC_v17_ FISH-IF v2.4.4","522","6984","7009","1256","1278","0","0","0","0","1","1","3304.3088","0","415.44525","0","0","0","0","0","0","0","0","0","0","0","0","0","0","0","0","0","0","0","0","80.73823","63.890915","16.847317","18.88024","0.797978"
"D:\HAA\dACC revisions\Run 4\Br2720_dACC_20x_img_020-MaxIP-Stitched_unmixed_rotated.nd2","Layer 1","dACC_v17_ FISH-IF v2.4.4","523","6925","6956","1262","1284","0","0","0","0","1","1","2682.8467","0","520.5313","0","0","0","0","0","0","0","0","0","0","0","0","0","0","0","0","0","0","0","0","94.82369","71.992355","22.831335","23.171202","0.655739"
"D:\HAA\dACC revisions\Run 4\Br2720_dACC_20x_img_020-MaxIP-Stitched_unmixed_rotated.nd2","Layer 1","dACC_v17_ FISH-IF v2.4.4","524","6784","6802","1267","1285","0","0","0","0","1","1","526.9388","0","114.756355","0","0","0","0","0","0","0","0","0","0","0","0","0","0","0","0","0","0","0","0","47.964214","43.453186","4.51103","9.011024","0.89173"
"D:\HAA\dACC revisions\Run 4\Br2720_dACC_20x_img_020-MaxIP-Stitched_unmixed_rotated.nd2","Layer 1","dACC_v17_ FISH-IF v2.4.4","525","6803","6841","1267","1294","0","0","0","0","1","1","2470.2278","0","377.0432","0","0","0","0","0","0","0","0","0","0","0","0","0","0","0","0","0","0","0","0","138.27687","95.83637","42.440506","32.61132","0.633841"
"D:\HAA\dACC revisions\Run 4\Br2720_dACC_20x_img_020-MaxIP-Stitched_unmixed_rotated.nd2","Layer 1","dACC_v17_ FISH-IF v2.4.4","526","6949","6969","1273","1292","0","0","0","0","1","1","2747.8188","0","292.9643","0","0","0","0","0","0","0","0","0","0","0","0","0","0","0","0","0","0","0","0","53.25777","46.399166","6.858607","10.727408","0.858368"
"D:\HAA\dACC revisions\Run 4\Br2720_dACC_20x_img_020-MaxIP-Stitched_unmixed_rotated.nd2","Layer 1","dACC_v17_ FISH-IF v2.4.4","527","6613","6637","1282","1301","0","0","0","0","1","1","1794.2522","0","272.922","0","0","0","0","0","0","0","0","0","0","0","0","0","0","0","0","0","0","0","0","69.18447","53.11968","16.06479","17.59295","0.793124"
"D:\HAA\dACC revisions\Run 4\Br2720_dACC_20x_img_020-MaxIP-Stitched_unmixed_rotated.nd2","Layer 1","dACC_v17_ FISH-IF v2.4.4","528","6925","6951","1289","1316","0","0","0","0","1","1","2840.505","0","409.50735","0","0","0","0","0","0","0","0","0","0","0","0","0","0","0","0","0","0","0","0","95.33003","62.602047","32.72798","26.174877","0.75102"
"D:\HAA\dACC revisions\Run 4\Br2720_dACC_20x_img_020-MaxIP-Stitched_unmixed_rotated.nd2","Layer 1","dACC_v17_ FISH-IF v2.4.4","529","6611","6635","1301","1316","0","0","0","0","1","1","1395.8972","0","249.87286","0","0","0","0","0","0","0","0","0","0","0","0","0","0","0","0","0","0","0","0","58.367203","48.516586","9.850616","14.589275","0.641102"
"D:\HAA\dACC revisions\Run 4\Br2720_dACC_20x_img_020-MaxIP-Stitched_unmixed_rotated.nd2","Layer 1","dACC_v17_ FISH-IF v2.4.4","530","6889","6915","1299","1335","0","0","0","0","1","1","2900.6445","0","293.01312","0","0","0","0","0","0","0","0","0","0","0","0","0","0","0","0","0","0","0","0","122.58033","91.23328","31.347055","30.894936","0.567788"
"D:\HAA\dACC revisions\Run 4\Br2720_dACC_20x_img_020-MaxIP-Stitched_unmixed_rotated.nd2","Layer 1","dACC_v17_ FISH-IF v2.4.4","531","6930","6956","1310","1331","0","0","0","0","1","1","2924.63","0","735.6384","0","0","0","0","0","0","0","0","0","0","0","0","0","0","0","1","0.460309","0","217.35799","472.2","68.35591","46.215042","22.140871","20.596624","0.764953"
"D:\HAA\dACC revisions\Run 4\Br2720_dACC_20x_img_020-MaxIP-Stitched_unmixed_rotated.nd2","Layer 1","dACC_v17_ FISH-IF v2.4.4","532","6756","6780","1318","1342","0","0","0","0","1","1","2154.5354","0","280.24292","0","0","0","0","0","0","0","0","0","0","0","0","0","0","0","0","0","0","0","0","80.416016","63.476635","16.939377","18.451143","0.819957"
"D:\HAA\dACC revisions\Run 4\Br2720_dACC_20x_img_020-MaxIP-Stitched_unmixed_rotated.nd2","Layer 1","dACC_v17_ FISH-IF v2.4.4","533","6954","6982","1318","1343","0","0","0","0","1","1","2912.5188","0","310.54276","0","0","0","0","0","0","0","0","0","0","0","0","0","0","0","0","0","0","0","0","89.85235","67.84957","22.002779","27.03307","0.529969"
"D:\HAA\dACC revisions\Run 4\Br2720_dACC_20x_img_020-MaxIP-Stitched_unmixed_rotated.nd2","Layer 1","dACC_v17_ FISH-IF v2.4.4","534","6658","6681","1322","1344","0","0","0","0","1","1","2707.3608","0","406.5627","0","0","0","0","0","0","0","0","0","0","0","0","0","0","0","0","0","0","0","0","84.69689","57.262463","27.434427","22.742105","0.775228"
"D:\HAA\dACC revisions\Run 4\Br2720_dACC_20x_img_020-MaxIP-Stitched_unmixed_rotated.nd2","Layer 1","dACC_v17_ FISH-IF v2.4.4","535","6937","6956","1328","1346","0","0","0","0","1","1","3265.9336","0","411.27042","0","0","0","0","0","0","0","0","0","0","0","0","0","0","0","0","0","0","0","0","46.16901","34.385094","11.783915","15.662017","0.63236"
"D:\HAA\dACC revisions\Run 4\Br2720_dACC_20x_img_020-MaxIP-Stitched_unmixed_rotated.nd2","Layer 1","dACC_v17_ FISH-IF v2.4.4","536","6992","7013","1330","1348","0","0","0","0","1","1","3463.8865","0","410.6","0","0","0","0","0","0","0","0","0","0","0","0","0","0","0","0","0","0","0","0","56.387875","39.356434","17.031439","18.451143","0.784866"
"D:\HAA\dACC revisions\Run 4\Br2720_dACC_20x_img_020-MaxIP-Stitched_unmixed_rotated.nd2","Layer 1","dACC_v17_ FISH-IF v2.4.4","537","6920","6944","1334","1359","0","0","0","0","1","1","3581.0298","0","494.12292","0","0","0","0","0","0","0","0","0","0","0","0","0","0","0","0","0","0","0","0","77.424","52.797462","24.626541","22.742105","0.721024"
"D:\HAA\dACC revisions\Run 4\Br2720_dACC_20x_img_020-MaxIP-Stitched_unmixed_rotated.nd2","Layer 1","dACC_v17_ FISH-IF v2.4.4","538","6965","6985","1338","1360","0","0","0","0","1","1","2608.1458","0","265.41968","0","0","0","0","0","0","0","0","0","0","0","0","0","0","0","0","0","0","0","0","61.26715","52.429214","8.837936","13.301987","0.797906"
"D:\HAA\dACC revisions\Run 4\Br2720_dACC_20x_img_020-MaxIP-Stitched_unmixed_rotated.nd2","Layer 1","dACC_v17_ FISH-IF v2.4.4","539","6659","6685","1345","1372","0","0","0","0","1","1","2661.305","0","492.94916","0","0","0","0","0","0","0","0","0","0","0","0","0","0","0","0","0","0","0","0","110.6123","70.61143","40.000866","28.749454","0.708643"
"D:\HAA\dACC revisions\Run 4\Br2720_dACC_20x_img_020-MaxIP-Stitched_unmixed_rotated.nd2","Layer 1","dACC_v17_ FISH-IF v2.4.4","540","6996","7026","1339","1362","0","0","0","0","1","1","3106.0935","0","412.39194","0","0","0","0","0","0","0","0","0","0","0","0","0","0","0","0","0","0","0","0","78.7589","57.07834","21.680563","23.38575","0.629047"
"D:\HAA\dACC revisions\Run 4\Br2720_dACC_20x_img_020-MaxIP-Stitched_unmixed_rotated.nd2","Layer 1","dACC_v17_ FISH-IF v2.4.4","541","6797","6816","1340","1360","0","0","0","0","1","1","1456.8497","0","187.81306","0","0","0","0","0","0","0","0","0","0","0","0","0","0","0","0","0","0","0","0","58.68942","50.72607","7.963349","11.585601","0.823704"
"D:\HAA\dACC revisions\Run 4\Br2720_dACC_20x_img_020-MaxIP-Stitched_unmixed_rotated.nd2","Layer 1","dACC_v17_ FISH-IF v2.4.4","542","6880","6903","1347","1368","0","0","0","0","1","1","1565.8889","0","283.97018","0","0","0","0","0","0","0","0","0","0","0","0","0","0","0","0","0","0","0","0","71.486015","58.64339","12.842626","15.662017","0.831501"
"D:\HAA\dACC revisions\Run 4\Br2720_dACC_20x_img_020-MaxIP-Stitched_unmixed_rotated.nd2","Layer 1","dACC_v17_ FISH-IF v2.4.4","543","6941","6964","1347","1367","0","0","0","0","1","1","2345.105","0","478.88632","0","0","0","0","0","0","0","0","0","0","0","0","0","0","0","0","0","0","0","0","60.944935","47.780094","13.164843","17.59295","0.621097"
"D:\HAA\dACC revisions\Run 4\Br2720_dACC_20x_img_020-MaxIP-Stitched_unmixed_rotated.nd2","Layer 1","dACC_v17_ FISH-IF v2.4.4","544","6918","6945","1354","1384","0","0","0","0","1","1","3066.7954","0","790.60016","0","0","0","0","0","0","0","0","0","0","0","0","0","0","0","0","0","0","0","0","107.48219","61.12906","46.353134","37.54593","0.647123"
"D:\HAA\dACC revisions\Run 4\Br2720_dACC_20x_img_020-MaxIP-Stitched_unmixed_rotated.nd2","Layer 1","dACC_v17_ FISH-IF v2.4.4","545","6902","6919","1354","1381","0","0","0","0","1","1","3365.0085","0","482.53693","0","0","0","0","0","0","0","0","0","0","0","0","0","0","0","0","0","0","0","0","67.38927","46.12298","21.266283","20.167528","0.807259"
"D:\HAA\dACC revisions\Run 4\Br2720_dACC_20x_img_020-MaxIP-Stitched_unmixed_rotated.nd2","Layer 1","dACC_v17_ FISH-IF v2.4.4","546","6946","6969","1363","1382","0","0","0","0","1","1","2996.6914","0","344.98495","0","0","0","0","0","0","0","0","0","0","0","0","0","0","0","0","0","0","0","0","64.35122","51.968906","12.382317","15.876565","0.73924"
"D:\HAA\dACC revisions\Run 4\Br2720_dACC_20x_img_020-MaxIP-Stitched_unmixed_rotated.nd2","Layer 1","dACC_v17_ FISH-IF v2.4.4","547","6991","7006","1362","1373","0","0","0","0","1","1","1629.9286","0","543.97125","0","0","0","0","0","0","0","0","0","0","0","0","0","0","0","0","0","0","0","0","21.450407","20.805975","0.644433","2.789126","0.696596"
"D:\HAA\dACC revisions\Run 4\Br2720_dACC_20x_img_020-MaxIP-Stitched_unmixed_rotated.nd2","Layer 1","dACC_v17_ FISH-IF v2.4.4","548","6993","7013","1370","1398","0","0","0","0","1","1","2207.429","0","359.75485","0","0","0","0","0","0","0","0","0","0","0","0","0","0","0","1","0.322216","0","141.54507","439.2857","80.87632","64.02901","16.847317","21.883913","0.504191"
"D:\HAA\dACC revisions\Run 4\Br2720_dACC_20x_img_020-MaxIP-Stitched_unmixed_rotated.nd2","Layer 1","dACC_v17_ FISH-IF v2.4.4","549","6900","6920","1388","1414","0","0","0","0","1","1","2629.3987","0","268.4163","0","0","0","0","0","0","0","0","0","0","0","0","0","0","0","0","0","0","0","0","67.52736","52.52128","15.006079","21.240269","0.551386"
"D:\HAA\dACC revisions\Run 4\Br2720_dACC_20x_img_020-MaxIP-Stitched_unmixed_rotated.nd2","Layer 1","dACC_v17_ FISH-IF v2.4.4","550","6953","6973","1388","1410","0","0","0","0","1","1","2641.7732","0","564.8363","0","0","0","0","0","0","0","0","0","0","0","0","0","0","0","0","0","0","0","0","69.04638","43.867466","25.178911","23.38575","0.760285"
"D:\HAA\dACC revisions\Run 4\Br2720_dACC_20x_img_020-MaxIP-Stitched_unmixed_rotated.nd2","Layer 1","dACC_v17_ FISH-IF v2.4.4","551","6973","6991","1390","1418","0","0","0","0","1","1","2517.7405","0","418.07056","0","0","0","0","0","0","0","0","0","0","0","0","0","0","0","0","0","0","0","0","65.31787","48.286434","17.031439","24.67304","0.510471"
"D:\HAA\dACC revisions\Run 4\Br2720_dACC_20x_img_020-MaxIP-Stitched_unmixed_rotated.nd2","Layer 1","dACC_v17_ FISH-IF v2.4.4","552","6919","6938","1397","1415","0","0","0","0","1","1","2296.5","0","420.91666","0","0","0","0","0","0","0","0","0","0","0","0","0","0","0","0","0","0","0","0","50.910194","40.323082","10.587111","15.23292","0.579359"
"D:\HAA\dACC revisions\Run 4\Br2720_dACC_20x_img_020-MaxIP-Stitched_unmixed_rotated.nd2","Layer 1","dACC_v17_ FISH-IF v2.4.4","553","6996","7020","1405","1423","0","0","0","0","1","1","1845.6654","0","357.99432","0","0","0","0","0","0","0","0","0","0","0","0","0","0","0","0","0","0","0","0","63.79885","40.553238","23.245613","24.887589","0.676902"
"D:\HAA\dACC revisions\Run 4\Br2720_dACC_20x_img_020-MaxIP-Stitched_unmixed_rotated.nd2","Layer 1","dACC_v17_ FISH-IF v2.4.4","554","3655","3679","1432","1453","0","0","0","0","1","1","1254.2928","0","208.16602","0","0","0","0","0","0","0","0","0","0","1","0.598402","0","462.2885","772.53845","0","0","0","0","0","71.39395","58.505295","12.888657","15.876565","0.796514"
"D:\HAA\dACC revisions\Run 4\Br2720_dACC_20x_img_020-MaxIP-Stitched_unmixed_rotated.nd2","Layer 1","dACC_v17_ FISH-IF v2.4.4","555","3465","3484","1470","1494","0","0","0","0","1","1","2741.1755","0","448.13333","2","7.825256","0","8821.871","1127.3588","0","0","0","0","0","0","0","0","0","0","1","3.268195","0","2296.4365","702.662","74.339935","51.784782","22.55515","20.167528","0.80303"
"D:\HAA\dACC revisions\Run 4\Br2720_dACC_20x_img_020-MaxIP-Stitched_unmixed_rotated.nd2","Layer 1","dACC_v17_ FISH-IF v2.4.4","556","3485","3499","1471","1492","0","0","0","0","1","1","2393.1","0","393.62628","3","4.879277","0","4230.7935","867.09436","0","0","0","0","0","0","0","0","0","0","0","0","0","0","0","46.215042","36.088238","10.126801","12.87289","0.772639"
"D:\HAA\dACC revisions\Run 4\Br2720_dACC_20x_img_020-MaxIP-Stitched_unmixed_rotated.nd2","Layer 1","dACC_v17_ FISH-IF v2.4.4","557","3658","3686","1490","1512","0","0","0","0","1","1","1942.4037","0","359.95892","0","0","0","0","0","3","1.887268","0","1423.23","754.12195","1","0.552371","0","372.43616","674.25","0","0","0","0","0","88.79364","66.100395","22.693243","21.669365","0.707063"
"D:\HAA\dACC revisions\Run 4\Br2720_dACC_20x_img_020-MaxIP-Stitched_unmixed_rotated.nd2","Layer 1","dACC_v17_ FISH-IF v2.4.4","558","3683","3718","1496","1519","0","0","0","0","1","1","2848.4397","0","350.86478","0","0","0","0","0","0","0","0","0","0","0","0","0","0","0","0","0","0","0","0","120.278786","85.11117","35.16762","28.320358","0.623857"
"D:\HAA\dACC revisions\Run 4\Br2720_dACC_20x_img_020-MaxIP-Stitched_unmixed_rotated.nd2","Layer 1","dACC_v17_ FISH-IF v2.4.4","559","3576","3605","1504","1529","0","0","1","0","1","1","1169.9141","0","220.94582","0","0","0","0","0","0","0","0","0","0","1","0.736495","0","570.92145","775.1875","33","42.302414","4","50300.008","1189.0576","103.247345","76.45735","26.789993","24.029396","0.751312"
"D:\HAA\dACC revisions\Run 4\Br2720_dACC_20x_img_020-MaxIP-Stitched_unmixed_rotated.nd2","Layer 1","dACC_v17_ FISH-IF v2.4.4","560","3743","3762","1515","1534","0","0","0","0","1","1","379.8","0","125.54564","0","0","0","0","0","0","0","0","0","0","0","0","0","0","0","1","0.552371","0","264.40158","478.66666","51.416534","45.892826","5.52371","9.654668","0.858822"
"D:\HAA\dACC revisions\Run 4\Br2720_dACC_20x_img_020-MaxIP-Stitched_unmixed_rotated.nd2","Layer 1","dACC_v17_ FISH-IF v2.4.4","561","3762","3785","1520","1542","0","0","0","0","1","1","1290.8027","0","210.76869","1","2.163453","0","2143.752","990.8936","0","0","0","0","0","0","0","0","0","0","0","0","0","0","0","73.46535","59.7021","13.763245","15.876565","0.803774"
"D:\HAA\dACC revisions\Run 4\Br2720_dACC_20x_img_020-MaxIP-Stitched_unmixed_rotated.nd2","Layer 1","dACC_v17_ FISH-IF v2.4.4","562","3670","3698","1533","1558","0","0","0","0","1","1","3439.856","0","423.26825","0","0","0","0","0","0","0","0","0","0","0","0","0","0","0","0","0","0","0","0","99.97916","73.78756","26.191591","23.171202","0.808858"
"D:\HAA\dACC revisions\Run 4\Br2720_dACC_20x_img_020-MaxIP-Stitched_unmixed_rotated.nd2","Layer 1","dACC_v17_ FISH-IF v2.4.4","563","3420","3449","1581","1608","0","0","0","0","1","1","2402.192","0","301.7711","0","0","0","0","0","0","0","0","0","0","0","0","0","0","0","1","2.577731","0","2132.014","827.0893","109.323425","78.620804","30.702621","25.74578","0.791767"
"D:\HAA\dACC revisions\Run 4\Br2720_dACC_20x_img_020-MaxIP-Stitched_unmixed_rotated.nd2","Layer 1","dACC_v17_ FISH-IF v2.4.4","564","3642","3672","1596","1623","0","1","1","0","1","1","2641.7654","0","316.41025","0","0","0","0","0","2","1.01268","0","672.1895","663.7727","10","12.704534","2","9963.761","784.2681","72","76.549416","4","115286.875","1506.045","113.55827","80.78426","32.774014","26.174877","0.766693"
"D:\HAA\dACC revisions\Run 4\Br2720_dACC_20x_img_020-MaxIP-Stitched_unmixed_rotated.nd2","Layer 1","dACC_v17_ FISH-IF v2.4.4","565","3591","3622","1617","1642","0","0","0","0","1","1","2616.948","0","313.79495","0","0","0","0","0","0","0","0","0","0","1","0.552371","0","355.12854","642.9167","1","0.736495","0","333.44797","452.75","100.66962","78.574776","22.094841","25.74578","0.549684"
"D:\HAA\dACC revisions\Run 4\Br2720_dACC_20x_img_020-MaxIP-Stitched_unmixed_rotated.nd2","Layer 1","dACC_v17_ FISH-IF v2.4.4","566","3625","3645","1642","1665","0","0","0","0","1","1","2754.6128","0","304.53644","0","0","0","0","0","0","0","0","0","0","0","0","0","0","0","0","0","0","0","0","73.005035","50.541946","22.463087","19.738432","0.780803"
"D:\HAA\dACC revisions\Run 4\Br2720_dACC_20x_img_020-MaxIP-Stitched_unmixed_rotated.nd2","Layer 1","dACC_v17_ FISH-IF v2.4.4","567","3646","3662","1642","1664","0","0","0","0","1","1","2589.5","0","301.70724","0","0","0","0","0","0","0","0","0","0","0","0","0","0","0","0","0","0","0","0","57.63071","41.980198","15.650512","16.30566","0.770571"
"D:\HAA\dACC revisions\Run 4\Br2720_dACC_20x_img_020-MaxIP-Stitched_unmixed_rotated.nd2","Layer 1","dACC_v17_ FISH-IF v2.4.4","568","3708","3727","1709","1729","0","0","0","0","1","1","1055.4088","0","150.37488","0","0","0","0","0","0","0","0","0","0","0","0","0","0","0","0","0","0","0","0","53.948235","47.642","6.306236","10.51286","0.850163"
"D:\HAA\dACC revisions\Run 4\Br2720_dACC_20x_img_020-MaxIP-Stitched_unmixed_rotated.nd2","Layer 1","dACC_v17_ FISH-IF v2.4.4","569","3440","3462","1721","1742","0","0","1","0","1","1","579.1983","0","118.21165","0","0","0","0","0","0","0","0","0","0","2","1.611082","0","1101.6119","683.7714","8","17.169533","1","11903.503","693.29224","66.79086","56.111687","10.679173","14.589275","0.740295"
"D:\HAA\dACC revisions\Run 4\Br2720_dACC_20x_img_020-MaxIP-Stitched_unmixed_rotated.nd2","Layer 1","dACC_v17_ FISH-IF v2.4.4","570","3660","3682","1730","1756","0","0","0","0","1","1","1810.4923","0","280.86218","0","0","0","0","0","0","0","0","0","0","0","0","0","0","0","0","0","0","0","0","84.32864","66.46864","17.859997","18.88024","0.717396"
"D:\HAA\dACC revisions\Run 4\Br2720_dACC_20x_img_020-MaxIP-Stitched_unmixed_rotated.nd2","Layer 1","dACC_v17_ FISH-IF v2.4.4","571","3643","3659","1764","1782","0","0","0","0","1","1","415.80328","0","120.88391","0","0","0","0","0","0","0","0","0","0","0","0","0","0","0","0","0","0","0","0","42.854786","40.046898","2.807886","6.865541","0.722893"
"D:\HAA\dACC revisions\Run 4\Br2720_dACC_20x_img_020-MaxIP-Stitched_unmixed_rotated.nd2","Layer 1","dACC_v17_ FISH-IF v2.4.4","572","3659","3681","1774","1795","0","0","0","0","1","1","1899.5433","0","308.1266","0","0","0","0","0","0","0","0","0","0","0","0","0","0","0","0","0","0","0","0","69.50668","57.81483","11.691853","14.589275","0.735414"
"D:\HAA\dACC revisions\Run 4\Br2720_dACC_20x_img_020-MaxIP-Stitched_unmixed_rotated.nd2","Layer 1","dACC_v17_ FISH-IF v2.4.4","573","3548","3575","1797","1822","0","0","0","0","1","1","2377.4019","0","311.76306","0","0","0","0","0","0","0","0","0","0","0","0","0","0","0","2","1.242835","0","623.811","501.92593","91.14122","70.51936","20.621851","21.669365","0.695803"
"D:\HAA\dACC revisions\Run 4\Br2720_dACC_20x_img_020-MaxIP-Stitched_unmixed_rotated.nd2","Layer 1","dACC_v17_ FISH-IF v2.4.4","574","3477","3502","1799","1822","0","0","1","0","1","1","1002.1711","0","192.56596","0","0","0","0","0","0","0","0","0","0","1","1.426958","0","1205.2275","844.6129","5","5.937988","1","3428.5208","577.3876","78.896996","64.903595","13.993399","18.88024","0.620731"
"D:\HAA\dACC revisions\Run 4\Br2720_dACC_20x_img_020-MaxIP-Stitched_unmixed_rotated.nd2","Layer 1","dACC_v17_ FISH-IF v2.4.4","575","3616","3640","1802","1826","0","0","0","0","1","1","2597.1519","0","320.4739","0","0","0","0","0","0","0","0","0","0","0","0","0","0","0","2","4.00469","0","2654.787","662.91956","81.981064","64.397255","17.58381","18.451143","0.857214"
"D:\HAA\dACC revisions\Run 4\Br2720_dACC_20x_img_020-MaxIP-Stitched_unmixed_rotated.nd2","Layer 1","dACC_v17_ FISH-IF v2.4.4","576","3587","3606","1038","1056","0","0","0","0","1","1","1012.61536","0","132.83823","0","0","0","0","0","0","0","0","0","0","0","0","0","0","0","0","0","0","0","0","50.910194","45.52458","5.385617","9.44012","0.87122"
"D:\HAA\dACC revisions\Run 4\Br2720_dACC_20x_img_020-MaxIP-Stitched_unmixed_rotated.nd2","Layer 1","dACC_v17_ FISH-IF v2.4.4","577","3560","3583","1040","1072","0","0","0","0","1","1","3009.4036","0","415.79413","0","0","0","0","0","1","0.460309","0","290.317","630.7","0","0","0","0","0","0","0","0","0","0","110.24405","81.38266","28.861385","24.458492","0.680734"
"D:\HAA\dACC revisions\Run 4\Br2720_dACC_20x_img_020-MaxIP-Stitched_unmixed_rotated.nd2","Layer 1","dACC_v17_ FISH-IF v2.4.4","578","3518","3544","1069","1095","0","0","0","0","1","1","1744.2377","0","273.47293","0","0","0","0","0","0","0","0","0","0","0","0","0","0","0","1","0.690464","0","340.5367","493.2","83.638176","69.69081","13.947368","21.240269","0.470348"
"D:\HAA\dACC revisions\Run 4\Br2720_dACC_20x_img_020-MaxIP-Stitched_unmixed_rotated.nd2","Layer 1","dACC_v17_ FISH-IF v2.4.4","579","3624","3642","1095","1111","0","0","0","0","1","1","2147.5854","0","611.76117","1","4.142783","0","5331.071","1286.8334","0","0","0","0","0","0","0","0","0","0","1","2.117422","0","1168.4028","551.8043","34.569218","28.907415","5.661803","10.727408","0.807124"
"D:\HAA\dACC revisions\Run 4\Br2720_dACC_20x_img_020-MaxIP-Stitched_unmixed_rotated.nd2","Layer 1","dACC_v17_ FISH-IF v2.4.4","580","3544","3564","1096","1118","0","0","0","0","1","1","2460.472","0","290.73834","0","0","0","0","0","0","0","0","0","0","0","0","0","0","0","0","0","0","0","0","65.87024","55.237103","10.633142","13.731083","0.839978"
"D:\HAA\dACC revisions\Run 4\Br2720_dACC_20x_img_020-MaxIP-Stitched_unmixed_rotated.nd2","Layer 1","dACC_v17_ FISH-IF v2.4.4","581","3608","3638","1101","1127","0","0","0","0","1","1","2428.921","0","510.6106","3","5.109432","0","4867.171","952.5856","0","0","0","0","0","1","0.782526","0","1185.8945","888.37933","0","0","0","0","0","94.27132","65.13375","29.137571","27.247618","0.637413"
"D:\HAA\dACC revisions\Run 4\Br2720_dACC_20x_img_020-MaxIP-Stitched_unmixed_rotated.nd2","Layer 1","dACC_v17_ FISH-IF v2.4.4","582","3749","3776","1105","1131","0","0","0","0","1","1","3306.8013","0","454.44272","0","0","0","0","0","0","0","0","0","0","0","0","0","0","0","0","0","0","0","0","100.57755","73.92565","26.651901","22.956654","0.856953"
"D:\HAA\dACC revisions\Run 4\Br2720_dACC_20x_img_020-MaxIP-Stitched_unmixed_rotated.nd2","Layer 1","dACC_v17_ FISH-IF v2.4.4","583","3776","3805","1117","1144","0","0","0","0","1","1","2877.0781","0","517.2188","0","0","0","0","0","0","0","0","0","0","0","0","0","0","0","1","0.460309","0","214.78026","466.6","106.33142","77.424","28.907415","24.887589","0.764593"
"D:\HAA\dACC revisions\Run 4\Br2720_dACC_20x_img_020-MaxIP-Stitched_unmixed_rotated.nd2","Layer 1","dACC_v17_ FISH-IF v2.4.4","584","3419","3451","1157","1189","0","0","1","0","1","1","1631.1672","0","351.93765","0","0","0","0","0","0","0","0","0","0","0","0","0","0","0","38","62.27983","4","56515.52","907.44495","143.3863","86.40003","56.986275","35.1859","0.755053"
"D:\HAA\dACC revisions\Run 4\Br2720_dACC_20x_img_020-MaxIP-Stitched_unmixed_rotated.nd2","Layer 1","dACC_v17_ FISH-IF v2.4.4","585","3449","3461","1164","1181","0","0","1","0","1","1","1116.4066","0","388.33838","0","0","0","0","0","0","0","0","0","0","0","0","0","0","0","11","20.437727","2","15582.57","762.44147","31.53118","27.342365","4.188814","9.011024","0.721644"
"D:\HAA\dACC revisions\Run 4\Br2720_dACC_20x_img_020-MaxIP-Stitched_unmixed_rotated.nd2","Layer 1","dACC_v17_ FISH-IF v2.4.4","586","3471","3497","1173","1201","0","0","0","0","1","1","1584.986","0","331.67786","2","3.866597","0","3506.0369","906.75","0","0","0","0","0","0","0","0","0","0","0","0","0","0","0","103.20132","76.871635","26.329685","24.029396","0.715902"
"D:\HAA\dACC revisions\Run 4\Br2720_dACC_20x_img_020-MaxIP-Stitched_unmixed_rotated.nd2","Layer 1","dACC_v17_ FISH-IF v2.4.4","587","3752","3779","1188","1218","0","0","0","0","1","1","2629.8306","0","431.85056","0","0","0","0","0","0","0","0","0","0","0","0","0","0","0","0","0","0","0","0","117.37884","82.85565","34.52319","26.603973","0.78294"
"D:\HAA\dACC revisions\Run 4\Br2720_dACC_20x_img_020-MaxIP-Stitched_unmixed_rotated.nd2","Layer 1","dACC_v17_ FISH-IF v2.4.4","588","3465","3497","1206","1231","0","0","0","1","1","1","3177.5066","0","490.6827","7","14.775925","1","17044.328","1153.5203","0","0","0","0","0","0","0","0","0","0","0","0","0","0","0","108.0806","80.36998","27.710613","26.174877","0.670086"
"D:\HAA\dACC revisions\Run 4\Br2720_dACC_20x_img_020-MaxIP-Stitched_unmixed_rotated.nd2","Layer 1","dACC_v17_ FISH-IF v2.4.4","589","3592","3619","1256","1282","0","0","0","0","1","1","3456.2996","0","399.07806","0","0","0","0","0","0","0","0","0","0","0","0","0","0","0","2","1.657113","0","963.0128","581.1389","101.95848","74.2939","27.664581","22.742105","0.909329"
"D:\HAA\dACC revisions\Run 4\Br2720_dACC_20x_img_020-MaxIP-Stitched_unmixed_rotated.nd2","Layer 1","dACC_v17_ FISH-IF v2.4.4","590","3703","3734","1280","1307","1","1","1","0","1","1","1843.0682","0","340.72156","0","0","0","0","0","5","7.04273","1","8602.212","1221.4314","6","6.076081","1","5658.811","931.32574","22","40.461178","3","28389.568","700.05676","121.24544","84.144516","37.100918","27.891262","0.796295"
"D:\HAA\dACC revisions\Run 4\Br2720_dACC_20x_img_020-MaxIP-Stitched_unmixed_rotated.nd2","Layer 1","dACC_v17_ FISH-IF v2.4.4","591","3535","3568","1289","1315","1","1","1","0","1","1","1646.6163","0","217.12941","0","0","0","0","0","9","13.487059","1","13492.353","1000.3925","23","20.437727","3","19570.55","957.5698","74","71.992355","4","115565.17","1605.2423","126.861206","87.504776","39.356434","28.749454","0.740918"
"D:\HAA\dACC revisions\Run 4\Br2720_dACC_20x_img_020-MaxIP-Stitched_unmixed_rotated.nd2","Layer 1","dACC_v17_ FISH-IF v2.4.4","592","3648","3675","1327","1358","0","0","0","0","1","1","2802.3486","0","462.32977","0","0","0","0","0","0","0","0","0","0","0","0","0","0","0","0","0","0","0","0","121.42956","82.07313","39.356434","29.393099","0.706418"
"D:\HAA\dACC revisions\Run 4\Br2720_dACC_20x_img_020-MaxIP-Stitched_unmixed_rotated.nd2","Layer 1","dACC_v17_ FISH-IF v2.4.4","593","3732","3761","1343","1371","0","0","0","0","1","1","2914.463","0","867.818","3","8.377627","0","8512.912","1016.1484","1","0.50634","0","469.97568","680.6667","0","0","0","0","0","0","0","0","0","0","107.15997","80.416016","26.743963","26.603973","0.722751"
"D:\HAA\dACC revisions\Run 4\Br2720_dACC_20x_img_020-MaxIP-Stitched_unmixed_rotated.nd2","Layer 1","dACC_v17_ FISH-IF v2.4.4","594","3703","3726","1352","1371","0","0","0","0","1","1","1077.483","0","179.61525","0","0","0","0","0","0","0","0","0","0","0","0","0","0","0","1","0.782526","0","371.9298","475.29413","64.44328","54.914886","9.528399","13.731083","0.706899"
"D:\HAA\dACC revisions\Run 4\Br2720_dACC_20x_img_020-MaxIP-Stitched_unmixed_rotated.nd2","Layer 1","dACC_v17_ FISH-IF v2.4.4","595","3646","3671","1355","1380","0","0","0","0","1","1","3712.2725","0","445.9369","0","0","0","0","0","0","0","0","0","0","0","0","0","0","0","0","0","0","0","0","88.79364","65.64009","23.153551","21.669365","0.796438"
"D:\HAA\dACC revisions\Run 4\Br2720_dACC_20x_img_020-MaxIP-Stitched_unmixed_rotated.nd2","Layer 1","dACC_v17_ FISH-IF v2.4.4","596","3568","3598","1363","1387","0","0","1","0","1","1","1458.7078","0","341.3047","0","0","0","0","0","1","0.414278","0","254.09067","613.3333","0","0","0","0","0","11","18.964739","2","14287.904","737.2874","95.33003","65.87024","29.459787","24.887589","0.717325"
"D:\HAA\dACC revisions\Run 4\Br2720_dACC_20x_img_020-MaxIP-Stitched_unmixed_rotated.nd2","Layer 1","dACC_v17_ FISH-IF v2.4.4","597","3542","3579","1368","1395","1","1","1","0","1","1","1760.4479","0","239.60435","0","0","0","0","0","8","7.503039","1","6507.437","867.30676","9","7.226854","1","5265.1084","728.5478","4","6.076081","1","3545.2092","583.4697","147.16084","88.885704","58.275143","33.89861","0.753976"
"D:\HAA\dACC revisions\Run 4\Br2720_dACC_20x_img_020-MaxIP-Stitched_unmixed_rotated.nd2","Layer 1","dACC_v17_ FISH-IF v2.4.4","598","3686","3707","1374","1395","0","0","0","0","1","1","2304.058","0","277.34155","0","0","0","0","0","0","0","0","0","0","0","0","0","0","0","0","0","0","0","0","67.02102","55.927567","11.093451","14.160179","0.833261"
"D:\HAA\dACC revisions\Run 4\Br2720_dACC_20x_img_020-MaxIP-Stitched_unmixed_rotated.nd2","Layer 1","dACC_v17_ FISH-IF v2.4.4","599","2891","2918","1404","1427","0","0","0","0","1","1","3444.8218","0","411.5921","0","0","0","0","0","0","0","0","0","0","0","0","0","0","0","0","0","0","0","0","79.72555","48.976894","30.748653","25.102137","0.825673"
"D:\HAA\dACC revisions\Run 4\Br2720_dACC_20x_img_020-MaxIP-Stitched_unmixed_rotated.nd2","Layer 1","dACC_v17_ FISH-IF v2.4.4","600","2986","3017","1458","1485","0","0","1","1","1","1","2379.28","0","479.16666","5","5.799896","1","5692.4136","981.46826","0","0","0","0","0","0","0","0","0","0","16","31.991488","3","22784.06","712.19135","114.29477","80.922356","33.372414","26.603973","0.777466"
"D:\HAA\dACC revisions\Run 4\Br2720_dACC_20x_img_020-MaxIP-Stitched_unmixed_rotated.nd2","Layer 1","dACC_v17_ FISH-IF v2.4.4","601","2729","2772","1481","1507","0","0","0","0","1","1","2029.5496","0","378.4218","0","0","0","0","0","0","0","0","0","0","0","0","0","0","0","0","0","0","0","0","160.37172","109.78374","50.58798","39.047768","0.545201"
"D:\HAA\dACC revisions\Run 4\Br2720_dACC_20x_img_020-MaxIP-Stitched_unmixed_rotated.nd2","Layer 1","dACC_v17_ FISH-IF v2.4.4","602","2738","2761","1508","1530","0","0","0","0","1","1","845.05536","0","181.63298","0","0","0","0","0","0","0","0","0","0","0","0","0","0","0","0","0","0","0","0","75.536736","60.576687","14.960048","17.163853","0.77159"
"D:\HAA\dACC revisions\Run 4\Br2720_dACC_20x_img_020-MaxIP-Stitched_unmixed_rotated.nd2","Layer 1","dACC_v17_ FISH-IF v2.4.4","603","2792","2817","1522","1544","0","0","0","0","1","1","1523.0677","0","251.8173","3","9.620461","0","15297.777","1590.1292","0","0","0","0","0","0","0","0","0","0","1","0.874587","0","434.20966","496.4737","77.19385","62.2338","14.960048","17.59295","0.77902"
"D:\HAA\dACC revisions\Run 4\Br2720_dACC_20x_img_020-MaxIP-Stitched_unmixed_rotated.nd2","Layer 1","dACC_v17_ FISH-IF v2.4.4","604","2673","2701","1538","1561","0","0","1","0","1","1","1784.9664","0","282.95425","0","0","0","0","0","0","0","0","0","0","2","2.807886","0","2393.7917","852.5246","13","22.278965","2","17387.027","774.0266","98.183945","73.46535","24.718603","21.883913","0.770369"
"D:\HAA\dACC revisions\Run 4\Br2720_dACC_20x_img_020-MaxIP-Stitched_unmixed_rotated.nd2","Layer 1","dACC_v17_ FISH-IF v2.4.4","605","2961","2995","1567","1597","0","0","0","0","1","1","2354.5574","0","382.81717","0","0","0","0","0","0","0","0","0","0","0","0","0","0","0","0","0","0","0","0","136.66579","91.64756","45.018238","31.75313","0.743131"
"D:\HAA\dACC revisions\Run 4\Br2720_dACC_20x_img_020-MaxIP-Stitched_unmixed_rotated.nd2","Layer 1","dACC_v17_ FISH-IF v2.4.4","606","2835","2864","1600","1627","0","0","0","0","1","1","2933.3176","0","484.35736","0","0","0","0","0","0","0","0","0","0","0","0","0","0","0","0","0","0","0","0","116.18204","84.88101","31.301023","27.462166","0.740812"
"D:\HAA\dACC revisions\Run 4\Br2720_dACC_20x_img_020-MaxIP-Stitched_unmixed_rotated.nd2","Layer 1","dACC_v17_ FISH-IF v2.4.4","607","2876","2896","1663","1681","0","0","0","0","1","1","594.2098","0","141.53708","0","0","0","0","0","0","0","0","0","0","0","0","0","0","0","1","0.966649","0","473.84225","490.1905","55.006947","48.424526","6.582421","10.727408","0.768477"
"D:\HAA\dACC revisions\Run 4\Br2720_dACC_20x_img_020-MaxIP-Stitched_unmixed_rotated.nd2","Layer 1","dACC_v17_ FISH-IF v2.4.4","608","2976","3001","1692","1717","0","0","0","0","1","1","2792.9868","0","613.731","0","0","0","0","0","0","0","0","0","0","0","0","0","0","0","0","0","0","0","0","83.36199","66.05437","17.307625","19.523884","0.75005"
"D:\HAA\dACC revisions\Run 4\Br2720_dACC_20x_img_020-MaxIP-Stitched_unmixed_rotated.nd2","Layer 1","dACC_v17_ FISH-IF v2.4.4","609","2862","2890","1714","1738","0","0","0","0","1","1","3396.9143","0","384.05234","0","0","0","0","0","0","0","0","0","0","0","0","0","0","0","1","1.01268","0","519.643","513.13635","100.209305","73.87962","26.329685","22.31301","0.819883"
"D:\HAA\dACC revisions\Run 4\Br2720_dACC_20x_img_020-MaxIP-Stitched_unmixed_rotated.nd2","Layer 1","dACC_v17_ FISH-IF v2.4.4","610","2741","2765","1742","1770","0","0","0","0","1","1","2000.627","0","335.4442","0","0","0","0","0","0","0","0","0","0","0","0","0","0","0","0","0","0","0","0","104.904465","69.73684","35.16762","28.10581","0.693797"
"D:\HAA\dACC revisions\Run 4\Br2720_dACC_20x_img_020-MaxIP-Stitched_unmixed_rotated.nd2","Layer 1","dACC_v17_ FISH-IF v2.4.4","611","2722","2740","1745","1769","0","0","0","0","1","1","2118.6562","0","257.5548","0","0","0","0","0","0","0","0","0","0","0","0","0","0","0","0","0","0","0","0","65.68612","47.872154","17.813965","18.451143","0.714668"
"D:\HAA\dACC revisions\Run 4\Br2720_dACC_20x_img_020-MaxIP-Stitched_unmixed_rotated.nd2","Layer 1","dACC_v17_ FISH-IF v2.4.4","612","2670","2694","1748","1773","0","0","0","0","1","1","2996.8293","0","358.85144","0","0","0","0","0","0","0","0","0","0","0","0","0","0","0","0","0","0","0","0","86.354004","66.928955","19.425047","19.738432","0.822523"
"D:\HAA\dACC revisions\Run 4\Br2720_dACC_20x_img_020-MaxIP-Stitched_unmixed_rotated.nd2","Layer 1","dACC_v17_ FISH-IF v2.4.4","613","6226","6252","1637","1659","0","0","0","1","1","1","3055.4216","0","356.9198","5","16.893347","1","26369.916","1560.9646","0","0","0","0","0","0","0","0","0","0","0","0","0","0","0","85.93972","67.15911","18.780615","18.88024","0.7637"
"D:\HAA\dACC revisions\Run 4\Br2720_dACC_20x_img_020-MaxIP-Stitched_unmixed_rotated.nd2","Layer 1","dACC_v17_ FISH-IF v2.4.4","614","6224","6254","1661","1687","0","0","0","1","1","1","2814.4517","0","365.84192","8","19.885357","1","24421.75","1228.1273","0","0","0","0","0","0","0","0","0","0","0","0","0","0","0","109.55358","79.49539","30.05819","25.74578","0.729135"
"D:\HAA\dACC revisions\Run 4\Br2720_dACC_20x_img_020-MaxIP-Stitched_unmixed_rotated.nd2","Layer 1","dACC_v17_ FISH-IF v2.4.4","615","6248","6269","1683","1703","0","0","0","1","1","1","947.33856","0","110.77778","6","10.08077","1","18514.049","1836.5708","0","0","0","0","0","0","0","0","0","0","0","0","0","0","0","61.451275","52.61334","8.837936","13.301987","0.771393"
"D:\HAA\dACC revisions\Run 4\Br2720_dACC_20x_img_020-MaxIP-Stitched_unmixed_rotated.nd2","Layer 1","dACC_v17_ FISH-IF v2.4.4","616","6364","6383","1706","1725","0","0","0","1","1","1","1724.0112","0","262.77826","4","7.364947","1","9821.064","1333.4875","0","0","0","0","0","0","0","0","0","0","0","0","0","0","0","55.05298","42.762722","12.290255","15.662017","0.667993"
"D:\HAA\dACC revisions\Run 4\Br2720_dACC_20x_img_020-MaxIP-Stitched_unmixed_rotated.nd2","Layer 1","dACC_v17_ FISH-IF v2.4.4","617","6349","6367","1707","1729","0","0","0","1","1","1","1763.3851","0","197.07455","5","11.922008","1","20809.703","1745.4865","0","0","0","0","0","0","0","0","0","0","0","0","0","0","0","56.848183","43.22303","13.625152","16.949305","0.799224"
"D:\HAA\dACC revisions\Run 4\Br2720_dACC_20x_img_020-MaxIP-Stitched_unmixed_rotated.nd2","Layer 1","dACC_v17_ FISH-IF v2.4.4","618","6315","6345","1713","1742","0","0","0","1","1","1","2433.079","0","402.55334","9","20.253603","1","39940.336","1972.0114","0","0","0","0","0","0","0","0","0","0","0","0","0","0","0","123.96126","85.019104","38.942158","28.749454","0.816121"
"D:\HAA\dACC revisions\Run 4\Br2720_dACC_20x_img_020-MaxIP-Stitched_unmixed_rotated.nd2","Layer 1","dACC_v17_ FISH-IF v2.4.4","619","6274","6301","1791","1812","0","0","0","0","1","1","2430.119","0","313.34143","0","0","0","0","0","0","0","0","0","0","0","0","0","0","0","0","0","0","0","0","87.182556","68.21782","18.964739","19.309336","0.708233"
"D:\HAA\dACC revisions\Run 4\Br2720_dACC_20x_img_020-MaxIP-Stitched_unmixed_rotated.nd2","Layer 1","dACC_v17_ FISH-IF v2.4.4","620","4545","4570","1003","1029","0","0","0","1","1","1","2055.2896","0","375.63327","4","7.180823","1","7516.987","1046.8141","0","0","0","0","0","0","0","0","0","0","0","0","0","0","0","92.06184","70.28921","21.772623","21.669365","0.781791"
"D:\HAA\dACC revisions\Run 4\Br2720_dACC_20x_img_020-MaxIP-Stitched_unmixed_rotated.nd2","Layer 1","dACC_v17_ FISH-IF v2.4.4","621","4596","4625","1004","1029","0","0","0","1","1","1","3238.0244","0","467.74228","5","7.54907","1","6882.1284","911.65247","0","0","0","0","0","0","0","0","0","0","0","0","0","0","0","101.037865","74.66215","26.375715","23.814846","0.775702"
"D:\HAA\dACC revisions\Run 4\Br2720_dACC_20x_img_020-MaxIP-Stitched_unmixed_rotated.nd2","Layer 1","dACC_v17_ FISH-IF v2.4.4","622","4556","4584","1033","1059","0","0","0","0","1","1","2733.3337","0","289.70184","0","0","0","0","0","0","0","0","0","0","0","0","0","0","0","0","0","0","0","0","107.66631","77.19385","30.472467","24.458492","0.869247"
"D:\HAA\dACC revisions\Run 4\Br2720_dACC_20x_img_020-MaxIP-Stitched_unmixed_rotated.nd2","Layer 1","dACC_v17_ FISH-IF v2.4.4","623","4602","4627","1034","1059","0","0","0","1","1","1","3146.061","0","658.066","5","10.218863","1","10869.925","1063.7117","0","0","0","0","0","0","0","0","0","0","0","0","0","0","0","90.95709","69.04638","21.910717","20.596624","0.87369"
"D:\HAA\dACC revisions\Run 4\Br2720_dACC_20x_img_020-MaxIP-Stitched_unmixed_rotated.nd2","Layer 1","dACC_v17_ FISH-IF v2.4.4","624","4300","4319","1048","1066","0","0","0","0","1","1","374.8053","0","111.07121","0","0","0","0","0","0","0","0","0","0","0","0","0","0","0","0","0","0","0","0","50.449886","45.24839","5.201494","9.011024","0.86299"
"D:\HAA\dACC revisions\Run 4\Br2720_dACC_20x_img_020-MaxIP-Stitched_unmixed_rotated.nd2","Layer 1","dACC_v17_ FISH-IF v2.4.4","625","4544","4561","1110","1127","0","0","0","0","1","1","1374.4923","0","328.7431","1","1.288866","0","967.10956","750.3571","0","0","0","0","0","0","0","0","0","0","0","0","0","0","0","39.72468","36.732674","2.99201","7.08009","0.848383"
"D:\HAA\dACC revisions\Run 4\Br2720_dACC_20x_img_020-MaxIP-Stitched_unmixed_rotated.nd2","Layer 1","dACC_v17_ FISH-IF v2.4.4","626","4217","4245","1111","1135","0","0","0","0","1","1","1697.2301","0","363.12558","1","1.150773","0","942.437","818.96","3","2.761855","0","1963.2646","710.85","1","0.552371","0","421.27496","762.6667","0","0","0","0","0","91.78565","70.38127","21.404377","21.454817","0.765501"
"D:\HAA\dACC revisions\Run 4\Br2720_dACC_20x_img_020-MaxIP-Stitched_unmixed_rotated.nd2","Layer 1","dACC_v17_ FISH-IF v2.4.4","627","4557","4583","1116","1136","0","0","0","1","1","1","2546.801","0","427.22165","6","15.098141","1","19192.775","1271.2012","0","0","0","0","0","0","0","0","0","0","0","0","0","0","0","80.87632","63.75282","17.1235","18.451143","0.689042"
"D:\HAA\dACC revisions\Run 4\Br2720_dACC_20x_img_020-MaxIP-Stitched_unmixed_rotated.nd2","Layer 1","dACC_v17_ FISH-IF v2.4.4","628","4436","4454","1128","1147","0","0","0","0","1","1","526.44165","0","120.72144","0","0","0","0","0","0","0","0","0","0","0","0","0","0","0","0","0","0","0","0","51.462566","45.938854","5.52371","9.44012","0.854804"
"D:\HAA\dACC revisions\Run 4\Br2720_dACC_20x_img_020-MaxIP-Stitched_unmixed_rotated.nd2","Layer 1","dACC_v17_ FISH-IF v2.4.4","629","4496","4522","1136","1162","0","0","0","0","1","1","2548.6624","0","430.449","0","0","0","0","0","0","0","0","0","0","0","0","0","0","0","0","0","0","0","0","92.107864","70.84158","21.266283","22.742105","0.703513"
"D:\HAA\dACC revisions\Run 4\Br2720_dACC_20x_img_020-MaxIP-Stitched_unmixed_rotated.nd2","Layer 1","dACC_v17_ FISH-IF v2.4.4","630","4521","4534","1139","1154","0","0","0","0","1","1","1828.3829","0","549.9078","0","0","0","0","0","0","0","0","0","0","0","0","0","0","0","0","0","0","0","0","24.120201","21.956747","2.163453","6.221897","0.714128"
"D:\HAA\dACC revisions\Run 4\Br2720_dACC_20x_img_020-MaxIP-Stitched_unmixed_rotated.nd2","Layer 1","dACC_v17_ FISH-IF v2.4.4","631","4527","4549","1141","1166","0","0","0","0","1","1","2245.0571","0","412.0348","0","0","0","0","0","0","0","0","0","0","0","0","0","0","0","0","0","0","0","0","62.003647","41.013546","20.990099","22.31301","0.663004"
"D:\HAA\dACC revisions\Run 4\Br2720_dACC_20x_img_020-MaxIP-Stitched_unmixed_rotated.nd2","Layer 1","dACC_v17_ FISH-IF v2.4.4","632","4545","4561","1145","1168","0","0","0","0","1","1","1640.9061","0","409.2147","0","0","0","0","0","0","0","0","0","0","0","0","0","0","0","0","0","0","0","0","56.756123","40.09293","16.663193","16.734756","0.794149"
"D:\HAA\dACC revisions\Run 4\Br2720_dACC_20x_img_020-MaxIP-Stitched_unmixed_rotated.nd2","Layer 1","dACC_v17_ FISH-IF v2.4.4","633","4413","4438","1146","1170","0","0","0","0","1","1","2952.599","0","514.443","0","0","0","0","0","0","0","0","0","0","0","0","0","0","0","0","0","0","0","0","87.64287","67.435295","20.207573","19.738432","0.836538"
"D:\HAA\dACC revisions\Run 4\Br2720_dACC_20x_img_020-MaxIP-Stitched_unmixed_rotated.nd2","Layer 1","dACC_v17_ FISH-IF v2.4.4","634","4371","4402","1168","1192","0","0","0","0","1","1","2742.143","0","505.3018","3","9.528399","0","11329.083","1188.9807","0","0","0","0","0","0","0","0","0","0","0","0","0","0","0","108.21869","80.23189","27.986797","25.316685","0.662248"
"D:\HAA\dACC revisions\Run 4\Br2720_dACC_20x_img_020-MaxIP-Stitched_unmixed_rotated.nd2","Layer 1","dACC_v17_ FISH-IF v2.4.4","635","4597","4620","1170","1200","0","0","0","0","1","1","3304.5115","0","511.56253","0","0","0","0","0","0","0","0","0","0","0","0","0","0","0","0","0","0","0","0","103.20132","76.91766","26.283653","23.600298","0.669673"
"D:\HAA\dACC revisions\Run 4\Br2720_dACC_20x_img_020-MaxIP-Stitched_unmixed_rotated.nd2","Layer 1","dACC_v17_ FISH-IF v2.4.4","636","4538","4560","1182","1202","0","0","0","0","1","1","1022.79346","0","161.36847","0","0","0","0","0","0","0","0","0","0","0","0","0","0","0","1","0.966649","0","471.8169","488.09525","63.522667","53.718082","9.804585","13.301987","0.846968"
"D:\HAA\dACC revisions\Run 4\Br2720_dACC_20x_img_020-MaxIP-Stitched_unmixed_rotated.nd2","Layer 1","dACC_v17_ FISH-IF v2.4.4","637","4531","4550","1228","1247","0","0","0","0","1","1","1391.4308","0","144.17438","0","0","0","0","0","0","0","0","0","0","0","0","0","0","0","0","0","0","0","0","52.705402","46.721382","5.984019","10.083764","0.90678"
"D:\HAA\dACC revisions\Run 4\Br2720_dACC_20x_img_020-MaxIP-Stitched_unmixed_rotated.nd2","Layer 1","dACC_v17_ FISH-IF v2.4.4","638","4284","4311","1231","1256","0","0","0","0","1","1","3122.5247","0","552.3396","0","0","0","0","0","0","0","0","0","0","0","0","0","0","0","0","0","0","0","0","94.17926","70.74952","23.429737","22.742105","0.774146"
"D:\HAA\dACC revisions\Run 4\Br2720_dACC_20x_img_020-MaxIP-Stitched_unmixed_rotated.nd2","Layer 1","dACC_v17_ FISH-IF v2.4.4","639","4214","4241","1245","1269","0","0","0","0","1","1","1972.8982","0","347.59973","0","0","0","0","0","0","0","0","0","0","0","0","0","0","0","0","0","0","0","0","94.36338","71.7622","22.601181","21.454817","0.780272"
"D:\HAA\dACC revisions\Run 4\Br2720_dACC_20x_img_020-MaxIP-Stitched_unmixed_rotated.nd2","Layer 1","dACC_v17_ FISH-IF v2.4.4","640","4330","4361","1246","1275","0","0","0","0","1","1","2321.534","0","381.66437","0","0","0","0","0","0","0","0","0","0","0","0","0","0","0","0","0","0","0","0","123.73111","86.40003","37.331074","29.607647","0.764907"
"D:\HAA\dACC revisions\Run 4\Br2720_dACC_20x_img_020-MaxIP-Stitched_unmixed_rotated.nd2","Layer 1","dACC_v17_ FISH-IF v2.4.4","641","4499","4528","1246","1271","0","0","0","0","1","1","1532.21","0","248.63213","0","0","0","0","0","3","2.347577","0","1705.2153","726.37256","0","0","0","0","0","0","0","0","0","0","102.69498","75.07642","27.618551","23.814846","0.807749"
"D:\HAA\dACC revisions\Run 4\Br2720_dACC_20x_img_020-MaxIP-Stitched_unmixed_rotated.nd2","Layer 1","dACC_v17_ FISH-IF v2.4.4","642","4288","4315","1254","1276","0","0","0","0","1","1","2046.0793","0","406.58145","1","1.242835","0","933.87524","751.4074","0","0","0","0","0","0","0","0","0","0","0","0","0","0","0","79.81761","63.5687","16.248915","18.451143","0.658813"
"D:\HAA\dACC revisions\Run 4\Br2720_dACC_20x_img_020-MaxIP-Stitched_unmixed_rotated.nd2","Layer 1","dACC_v17_ FISH-IF v2.4.4","643","4608","4630","1325","1347","0","0","0","0","1","1","2055.652","0","279.21204","1","0.736495","0","614.83496","834.8125","0","0","0","0","0","0","0","0","0","0","0","0","0","0","0","63.79885","51.23241","12.566441","16.30566","0.767499"
"D:\HAA\dACC revisions\Run 4\Br2720_dACC_20x_img_020-MaxIP-Stitched_unmixed_rotated.nd2","Layer 1","dACC_v17_ FISH-IF v2.4.4","644","4327","4354","1326","1351","0","0","0","0","1","1","2766.4507","0","402.86646","0","0","0","0","0","0","0","0","0","0","0","0","0","0","0","0","0","0","0","0","100.66962","74.10978","26.55984","23.171202","0.838487"
"D:\HAA\dACC revisions\Run 4\Br2720_dACC_20x_img_020-MaxIP-Stitched_unmixed_rotated.nd2","Layer 1","dACC_v17_ FISH-IF v2.4.4","645","4597","4614","1333","1350","0","0","0","0","1","1","1562.172","0","330.90344","2","4.142783","0","3677.6863","887.73334","0","0","0","0","0","0","0","0","0","0","0","0","0","0","0","40.507206","36.226334","4.280875","9.011024","0.672479"
"D:\HAA\dACC revisions\Run 4\Br2720_dACC_20x_img_020-MaxIP-Stitched_unmixed_rotated.nd2","Layer 1","dACC_v17_ FISH-IF v2.4.4","646","4471","4499","1392","1422","0","0","0","0","1","1","3285.6243","0","505.99252","0","0","0","0","0","0","0","0","0","0","0","0","0","0","0","0","0","0","0","0","122.67239","86.031784","36.64061","27.891262","0.781268"
"D:\HAA\dACC revisions\Run 4\Br2720_dACC_20x_img_020-MaxIP-Stitched_unmixed_rotated.nd2","Layer 1","dACC_v17_ FISH-IF v2.4.4","647","4520","4545","1404","1425","0","0","0","0","1","1","528.60925","0","156.92146","0","0","0","0","0","0","0","0","0","0","0","0","0","0","0","0","0","0","0","0","75.44467","61.543335","13.901337","17.163853","0.691717"
"D:\HAA\dACC revisions\Run 4\Br2720_dACC_20x_img_020-MaxIP-Stitched_unmixed_rotated.nd2","Layer 1","dACC_v17_ FISH-IF v2.4.4","648","2459","2489","1415","1452","0","0","0","0","1","1","2524.6758","0","288.8241","0","0","0","0","0","0","0","0","0","0","0","0","0","0","0","0","0","0","0","0","135.469","96.29668","39.17231","34.327705","0.586668"
"D:\HAA\dACC revisions\Run 4\Br2720_dACC_20x_img_020-MaxIP-Stitched_unmixed_rotated.nd2","Layer 1","dACC_v17_ FISH-IF v2.4.4","649","2363","2390","1416","1440","0","0","0","0","1","1","3563.3167","0","392.49225","0","0","0","0","0","0","0","0","0","0","0","0","0","0","0","0","0","0","0","0","94.27132","71.163795","23.107521","21.454817","0.78492"
"D:\HAA\dACC revisions\Run 4\Br2720_dACC_20x_img_020-MaxIP-Stitched_unmixed_rotated.nd2","Layer 1","dACC_v17_ FISH-IF v2.4.4","650","2503","2527","1417","1446","0","0","0","0","1","1","3342.719","0","468.9152","0","0","0","0","0","0","0","0","0","0","0","0","0","0","0","0","0","0","0","0","99.47282","74.8923","24.58051","23.171202","0.699501"
"D:\HAA\dACC revisions\Run 4\Br2720_dACC_20x_img_020-MaxIP-Stitched_unmixed_rotated.nd2","Layer 1","dACC_v17_ FISH-IF v2.4.4","651","2603","2628","1454","1482","0","0","0","0","1","1","3275.2092","0","481.75793","0","0","0","0","0","0","0","0","0","0","0","0","0","0","0","0","0","0","0","0","98.82838","73.97169","24.856695","23.171202","0.740435"
"D:\HAA\dACC revisions\Run 4\Br2720_dACC_20x_img_020-MaxIP-Stitched_unmixed_rotated.nd2","Layer 1","dACC_v17_ FISH-IF v2.4.4","652","2438","2481","1503","1535","1","0","1","0","1","1","1082.2438","0","259.22504","0","0","0","0","0","13","9.758554","2","6723.23","688.9575","1","0.50634","0","322.72275","637.36365","5","6.812576","1","3866.8733","545.4935","192.54733","114.75507","77.79225","41.19325","0.748919"
"D:\HAA\dACC revisions\Run 4\Br2720_dACC_20x_img_020-MaxIP-Stitched_unmixed_rotated.nd2","Layer 1","dACC_v17_ FISH-IF v2.4.4","653","2232","2250","1545","1563","0","0","0","0","1","1","702.7453","0","121.71473","0","0","0","0","0","0","0","0","0","0","0","0","0","0","0","1","0.782526","0","374.36945","478.41177","49.253082","44.373806","4.879277","9.225572","0.892366"
"D:\HAA\dACC revisions\Run 4\Br2720_dACC_20x_img_020-MaxIP-Stitched_unmixed_rotated.nd2","Layer 1","dACC_v17_ FISH-IF v2.4.4","654","2593","2628","1611","1641","0","0","0","0","1","1","2079.5652","0","285.1856","0","0","0","0","0","0","0","0","0","0","0","0","0","0","0","0","0","0","0","0","149.69255","98.46013","51.23241","33.469513","0.6613"
"D:\HAA\dACC revisions\Run 4\Br2720_dACC_20x_img_020-MaxIP-Stitched_unmixed_rotated.nd2","Layer 1","dACC_v17_ FISH-IF v2.4.4","655","2413","2442","1628","1651","0","0","0","0","1","1","3376.3616","0","421.26498","0","0","0","0","0","0","0","0","0","0","0","0","0","0","0","0","0","0","0","0","100.30137","75.214516","25.08685","22.742105","0.726801"
"D:\HAA\dACC revisions\Run 4\Br2720_dACC_20x_img_020-MaxIP-Stitched_unmixed_rotated.nd2","Layer 1","dACC_v17_ FISH-IF v2.4.4","656","2299","2319","1654","1681","0","0","0","0","1","1","1429.767","0","333.59372","0","0","0","0","0","0","0","0","0","0","0","0","0","0","0","0","0","0","0","0","73.14313","52.797462","20.345665","22.742105","0.7241"
"D:\HAA\dACC revisions\Run 4\Br2720_dACC_20x_img_020-MaxIP-Stitched_unmixed_rotated.nd2","Layer 1","dACC_v17_ FISH-IF v2.4.4","657","2283","2301","1655","1678","0","0","0","0","1","1","1261.6545","0","318.3306","1","0.690464","0","473.65814","686","0","0","0","0","0","0","0","0","0","0","0","0","0","0","0","58.32117","39.402466","18.918707","21.02572","0.65747"
"D:\HAA\dACC revisions\Run 4\Br2720_dACC_20x_img_020-MaxIP-Stitched_unmixed_rotated.nd2","Layer 1","dACC_v17_ FISH-IF v2.4.4","658","2284","2302","1678","1691","0","0","0","0","1","1","1336.4205","0","218.92271","0","0","0","0","0","0","0","0","0","0","0","0","0","0","0","0","0","0","0","0","34.10891","29.183601","4.925308","9.225572","0.760369"
"D:\HAA\dACC revisions\Run 4\Br2720_dACC_20x_img_020-MaxIP-Stitched_unmixed_rotated.nd2","Layer 1","dACC_v17_ FISH-IF v2.4.4","659","2448","2488","1698","1725","0","0","1","0","1","1","1199.2318","0","263.3505","0","0","0","0","0","2","0.828557","0","571.8881","690.2222","0","0","0","0","0","63","86.07781","4","95100.89","1104.8246","147.2529","100.99184","46.26107","35.400448","0.608125"
"D:\HAA\dACC revisions\Run 4\Br2720_dACC_20x_img_020-MaxIP-Stitched_unmixed_rotated.nd2","Layer 1","dACC_v17_ FISH-IF v2.4.4","660","2326","2363","1701","1737","0","0","0","0","1","1","1326.8641","0","240.74959","0","0","0","0","0","2","1.242835","0","811.8013","653.1852","0","0","0","0","0","1","0.644433","0","303.61993","471.14285","180.53326","109.73771","70.79555","40.335056","0.705566"
"D:\HAA\dACC revisions\Run 4\Br2720_dACC_20x_img_020-MaxIP-Stitched_unmixed_rotated.nd2","Layer 1","dACC_v17_ FISH-IF v2.4.4","661","2431","2458","1714","1740","0","0","1","0","1","1","3407.9966","0","487.7633","0","0","0","0","0","0","0","0","0","0","0","0","0","0","0","6","11.922008","1","6988.9663","586.22394","96.57287","70.01302","26.55984","22.742105","0.852634"
"D:\HAA\dACC revisions\Run 4\Br2720_dACC_20x_img_020-MaxIP-Stitched_unmixed_rotated.nd2","Layer 1","dACC_v17_ FISH-IF v2.4.4","662","2440","2458","1738","1753","0","0","1","0","1","1","2027.4395","0","345.6612","0","0","0","0","0","0","0","0","0","0","0","0","0","0","0","5","12.474379","1","8568.103","686.8561","39.58659","36.54855","3.038041","7.294638","0.740397"
"D:\HAA\dACC revisions\Run 4\Br2720_dACC_20x_img_020-MaxIP-Stitched_unmixed_rotated.nd2","Layer 1","dACC_v17_ FISH-IF v2.4.4","663","2374","2399","1737","1763","0","0","0","0","1","1","3514.5479","0","438.84912","0","0","0","0","0","0","0","0","0","0","0","0","0","0","0","0","0","0","0","0","98.87441","72.91297","25.961437","21.883913","0.909038"
"D:\HAA\dACC revisions\Run 4\Br2720_dACC_20x_img_020-MaxIP-Stitched_unmixed_rotated.nd2","Layer 1","dACC_v17_ FISH-IF v2.4.4","664","2421","2440","1790","1811","0","0","0","0","1","1","698.0852","0","163.84567","0","0","0","0","0","0","0","0","0","0","0","0","0","0","0","1","1.611082","0","966.327","599.8","59.7021","51.60066","8.101441","12.014698","0.725013"
"D:\HAA\dACC revisions\Run 4\Br2720_dACC_20x_img_020-MaxIP-Stitched_unmixed_rotated.nd2","Layer 1","dACC_v17_ FISH-IF v2.4.4","665","3992","4022","1409","1437","1","0","0","0","1","1","2034.6041","0","321.54807","0","0","0","0","0","10","10.08077","2","7858.352","779.5388","1","0.690464","0","549.379","795.6667","3","3.314226","0","1780.568","537.25","121.613686","83.8223","37.79138","27.462166","0.834426"
"D:\HAA\dACC revisions\Run 4\Br2720_dACC_20x_img_020-MaxIP-Stitched_unmixed_rotated.nd2","Layer 1","dACC_v17_ FISH-IF v2.4.4","666","3947","3970","1454","1478","0","0","0","0","1","1","1977.8698","0","336.2481","2","4.603092","0","4742.105","1030.2","1","0.50634","0","349.92703","691.0909","0","0","0","0","0","0","0","0","0","0","86.76828","66.97498","19.793295","18.88024","0.842684"
"D:\HAA\dACC revisions\Run 4\Br2720_dACC_20x_img_020-MaxIP-Stitched_unmixed_rotated.nd2","Layer 1","dACC_v17_ FISH-IF v2.4.4","667","4083","4110","1457","1483","0","0","0","0","1","1","3168.325","0","385.63712","0","0","0","0","0","0","0","0","0","0","0","0","0","0","0","0","0","0","0","0","98.183945","72.682816","25.50113","22.527557","0.841412"
"D:\HAA\dACC revisions\Run 4\Br2720_dACC_20x_img_020-MaxIP-Stitched_unmixed_rotated.nd2","Layer 1","dACC_v17_ FISH-IF v2.4.4","668","4016","4037","1503","1527","0","0","0","0","1","1","3106.068","0","474.1201","0","0","0","0","0","0","0","0","0","0","0","0","0","0","0","0","0","0","0","0","71.80823","50.21973","21.588501","20.596624","0.829347"
"D:\HAA\dACC revisions\Run 4\Br2720_dACC_20x_img_020-MaxIP-Stitched_unmixed_rotated.nd2","Layer 1","dACC_v17_ FISH-IF v2.4.4","669","4036","4057","1504","1529","0","0","0","0","1","1","3114.8684","0","438.11795","0","0","0","0","0","0","0","0","0","0","0","0","0","0","0","0","0","0","0","0","79.03509","53.856174","25.178911","21.883913","0.815253"
"D:\HAA\dACC revisions\Run 4\Br2720_dACC_20x_img_020-MaxIP-Stitched_unmixed_rotated.nd2","Layer 1","dACC_v17_ FISH-IF v2.4.4","670","4032","4053","1583","1603","0","0","0","0","1","1","2058.131","0","236.3371","0","0","0","0","0","0","0","0","0","0","0","0","0","0","0","0","0","0","0","0","62.463955","52.981586","9.482369","12.87289","0.881694"
"D:\HAA\dACC revisions\Run 4\Br2720_dACC_20x_img_020-MaxIP-Stitched_unmixed_rotated.nd2","Layer 1","dACC_v17_ FISH-IF v2.4.4","671","3928","3947","1596","1619","0","0","0","0","1","1","884.70355","0","243.95663","0","0","0","0","0","0","0","0","0","0","0","0","0","0","0","0","0","0","0","0","66.65277","56.249783","10.402987","14.160179","0.723219"
"D:\HAA\dACC revisions\Run 4\Br2720_dACC_20x_img_020-MaxIP-Stitched_unmixed_rotated.nd2","Layer 1","dACC_v17_ FISH-IF v2.4.4","672","3834","3854","1605","1623","0","0","0","0","1","1","469.11365","0","118.82021","0","0","0","0","0","0","0","0","0","0","0","0","0","0","0","0","0","0","0","0","53.441895","47.365814","6.076081","10.298312","0.818627"
"D:\HAA\dACC revisions\Run 4\Br2720_dACC_20x_img_020-MaxIP-Stitched_unmixed_rotated.nd2","Layer 1","dACC_v17_ FISH-IF v2.4.4","673","3910","3935","1614","1641","0","0","0","0","1","1","2486.852","0","545.4109","0","0","0","0","0","0","0","0","0","0","0","0","0","0","0","0","0","0","0","0","95.05385","72.03838","23.01546","22.31301","0.777725"
"D:\HAA\dACC revisions\Run 4\Br2720_dACC_20x_img_020-MaxIP-Stitched_unmixed_rotated.nd2","Layer 1","dACC_v17_ FISH-IF v2.4.4","674","4187","4208","1620","1639","0","0","0","0","1","1","783.1772","0","132.27959","0","0","0","0","0","2","1.426958","0","951.7813","667","0","0","0","0","0","0","0","0","0","0","56.66406","49.391174","7.272885","11.585601","0.840323"
"D:\HAA\dACC revisions\Run 4\Br2720_dACC_20x_img_020-MaxIP-Stitched_unmixed_rotated.nd2","Layer 1","dACC_v17_ FISH-IF v2.4.4","675","3938","3984","1635","1664","1","0","0","0","1","1","967.7718","0","202.91614","0","0","0","0","0","15","12.704534","3","9989.308","764.1303","2","1.657113","0","1277.2659","770.7778","2","1.611082","0","785.83984","487.77142","168.61125","116.36616","52.24509","41.622345","0.520913"
"D:\HAA\dACC revisions\Run 4\Br2720_dACC_20x_img_020-MaxIP-Stitched_unmixed_rotated.nd2","Layer 1","dACC_v17_ FISH-IF v2.4.4","676","4080","4101","1642","1663","0","0","1","0","1","1","953.68085","0","130.84323","0","0","0","0","0","0","0","0","0","0","0","0","0","0","0","8","15.972729","1","12771.324","799.5706","60.62272","51.968906","8.653812","12.658342","0.816343"
"D:\HAA\dACC revisions\Run 4\Br2720_dACC_20x_img_020-MaxIP-Stitched_unmixed_rotated.nd2","Layer 1","dACC_v17_ FISH-IF v2.4.4","677","3911","3935","1644","1667","0","0","0","0","1","1","1043.2534","0","158.20695","0","0","0","0","0","1","0.920618","0","647.8391","703.7","1","0.552371","0","385.83115","698.5","0","0","0","0","0","75.90498","62.27983","13.625152","18.236595","0.682984"
"D:\HAA\dACC revisions\Run 4\Br2720_dACC_20x_img_020-MaxIP-Stitched_unmixed_rotated.nd2","Layer 1","dACC_v17_ FISH-IF v2.4.4","678","4191","4210","1681","1700","0","0","0","0","1","1","721.3071","0","132.42024","0","0","0","0","0","0","0","0","0","0","0","0","0","0","0","0","0","0","0","0","54.6387","48.19437","6.444328","10.727408","0.799677"
"D:\HAA\dACC revisions\Run 4\Br2720_dACC_20x_img_020-MaxIP-Stitched_unmixed_rotated.nd2","Layer 1","dACC_v17_ FISH-IF v2.4.4","679","3813","3832","1734","1750","0","0","0","0","1","1","1473.6818","0","398.33984","0","0","0","0","0","0","0","0","0","0","0","0","0","0","0","0","0","0","0","0","41.70401","37.65329","4.050721","9.225572","0.744779"
"D:\HAA\dACC revisions\Run 4\Br2720_dACC_20x_img_020-MaxIP-Stitched_unmixed_rotated.nd2","Layer 1","dACC_v17_ FISH-IF v2.4.4","680","3924","3952","1738","1761","0","0","0","0","1","1","2343.545","0","294.4197","0","0","0","0","0","0","0","0","0","0","0","0","0","0","0","0","0","0","0","0","97.44745","73.37328","24.07417","21.883913","0.761478"
"D:\HAA\dACC revisions\Run 4\Br2720_dACC_20x_img_020-MaxIP-Stitched_unmixed_rotated.nd2","Layer 1","dACC_v17_ FISH-IF v2.4.4","681","3818","3841","1746","1766","0","0","0","0","1","1","2521.2192","0","335.55957","0","0","0","0","0","0","0","0","0","0","0","0","0","0","0","0","0","0","0","0","59.517975","47.13566","12.382317","16.30566","0.733618"
"D:\HAA\dACC revisions\Run 4\Br2720_dACC_20x_img_020-MaxIP-Stitched_unmixed_rotated.nd2","Layer 1","dACC_v17_ FISH-IF v2.4.4","682","3830","3852","1758","1781","0","0","0","0","1","1","2205.3787","0","341.75363","0","0","0","0","0","0","0","0","0","0","0","0","0","0","0","0","0","0","0","0","67.66545","53.810143","13.855307","16.30566","0.827871"
"D:\HAA\dACC revisions\Run 4\Br2720_dACC_20x_img_020-MaxIP-Stitched_unmixed_rotated.nd2","Layer 1","dACC_v17_ FISH-IF v2.4.4","683","4056","4082","1764","1789","0","0","1","0","1","1","1675.4729","0","306.1464","0","0","0","0","0","0","0","0","0","0","0","0","0","0","0","10","17.1235","2","10561.886","616.80646","97.26333","72.63679","24.626541","21.883913","0.785844"
"D:\HAA\dACC revisions\Run 4\Br2720_dACC_20x_img_020-MaxIP-Stitched_unmixed_rotated.nd2","Layer 1","dACC_v17_ FISH-IF v2.4.4","684","3866","3885","1772","1791","0","0","0","0","1","1","772.5379","0","160.97034","1","2.761855","0","2747.2173","994.7","0","0","0","0","0","0","0","0","0","0","0","0","0","0","0","45.478546","38.80406","6.674483","10.298312","0.874294"
"D:\HAA\dACC revisions\Run 4\Br2720_dACC_20x_img_020-MaxIP-Stitched_unmixed_rotated.nd2","Layer 1","dACC_v17_ FISH-IF v2.4.4","685","3921","3942","1776","1796","0","0","0","0","1","1","1257.6394","0","161.45097","0","0","0","0","0","0","0","0","0","0","0","0","0","0","0","0","0","0","0","0","60.070347","51.64669","8.423658","12.443794","0.820437"
"D:\HAA\dACC revisions\Run 4\Br2720_dACC_20x_img_020-MaxIP-Stitched_unmixed_rotated.nd2","Layer 1","dACC_v17_ FISH-IF v2.4.4","686","3876","3891","1780","1795","0","0","0","0","1","1","776.7292","0","186.90388","0","0","0","0","0","0","0","0","0","0","0","0","0","0","0","0","0","0","0","0","29.505817","27.296333","2.209484","5.578252","0.828668"
"D:\HAA\dACC revisions\Run 4\Br2720_dACC_20x_img_020-MaxIP-Stitched_unmixed_rotated.nd2","Layer 1","dACC_v17_ FISH-IF v2.4.4","687","4007","4030","1781","1807","0","0","0","0","1","1","2012.5454","0","344.70956","0","0","0","0","0","0","0","0","0","0","0","0","0","0","0","0","0","0","0","0","80.646164","65.45596","15.190203","19.309336","0.670966"
"D:\HAA\dACC revisions\Run 4\Br2720_dACC_20x_img_020-MaxIP-Stitched_unmixed_rotated.nd2","Layer 1","dACC_v17_ FISH-IF v2.4.4","688","4125","4158","1788","1814","0","0","0","0","1","1","2625.3142","0","526.441","1","0.552371","0","430.5732","779.5","0","0","0","0","0","0","0","0","0","0","0","0","0","0","0","116.2741","86.538124","29.735973","28.749454","0.555512"
"D:\HAA\dACC revisions\Run 4\Br2720_dACC_20x_img_020-MaxIP-Stitched_unmixed_rotated.nd2","Layer 1","dACC_v17_ FISH-IF v2.4.4","689","4158","4175","1792","1811","0","0","0","0","1","1","705.0661","0","143.39064","0","0","0","0","0","0","0","0","0","0","0","0","0","0","0","0","0","0","0","0","44.926174","39.356434","5.569741","9.869216","0.745092"
"D:\HAA\dACC revisions\Run 4\Br2720_dACC_20x_img_020-MaxIP-Stitched_unmixed_rotated.nd2","Layer 1","dACC_v17_ FISH-IF v2.4.4","690","4165","4182","1802","1821","0","0","0","0","1","1","603.1262","0","149.37694","0","0","0","0","0","0","0","0","0","0","0","0","0","0","0","0","0","0","0","0","43.453186","38.712","4.741185","8.796475","0.709333"
"D:\HAA\dACC revisions\Run 4\Br2720_dACC_20x_img_020-MaxIP-Stitched_unmixed_rotated.nd2","Layer 1","dACC_v17_ FISH-IF v2.4.4","691","5556","5591","1462","1488","0","0","0","0","1","1","2406.8523","0","261.8742","0","0","0","0","0","0","0","0","0","0","0","0","0","0","0","0","0","0","0","0","129.0707","88.563484","40.507206","29.607647","0.709036"
"D:\HAA\dACC revisions\Run 4\Br2720_dACC_20x_img_020-MaxIP-Stitched_unmixed_rotated.nd2","Layer 1","dACC_v17_ FISH-IF v2.4.4","692","5761","5788","1518","1545","0","0","0","0","1","1","1428.1982","0","262.77475","0","0","0","0","0","0","0","0","0","0","0","0","0","0","0","0","0","0","0","0","102.51086","75.81292","26.697931","23.600298","0.726386"
"D:\HAA\dACC revisions\Run 4\Br2720_dACC_20x_img_020-MaxIP-Stitched_unmixed_rotated.nd2","Layer 1","dACC_v17_ FISH-IF v2.4.4","693","5575","5600","1553","1579","0","0","0","0","1","1","3574.2307","0","334.7139","0","0","0","0","0","0","0","0","0","0","0","0","0","0","0","0","0","0","0","0","92.56818","69.8289","22.739273","21.02572","0.840424"
"D:\HAA\dACC revisions\Run 4\Br2720_dACC_20x_img_020-MaxIP-Stitched_unmixed_rotated.nd2","Layer 1","dACC_v17_ FISH-IF v2.4.4","694","5554","5576","1573","1597","0","0","0","0","1","1","1973.854","0","282.3019","2","3.360257","0","3148.2847","936.9178","0","0","0","0","0","0","0","0","0","0","1","1.104742","0","822.7566","541.63635","75.030396","60.530655","14.499739","16.30566","0.837141"
"D:\HAA\dACC revisions\Run 4\Br2720_dACC_20x_img_020-MaxIP-Stitched_unmixed_rotated.nd2","Layer 1","dACC_v17_ FISH-IF v2.4.4","695","5410","5435","1605","1633","0","0","0","0","1","1","2129.581","0","473.8929","0","0","0","0","0","0","0","0","0","0","0","0","0","0","0","0","0","0","0","0","74.47803","54.592667","19.885357","24.029396","0.618742"
"D:\HAA\dACC revisions\Run 4\Br2720_dACC_20x_img_020-MaxIP-Stitched_unmixed_rotated.nd2","Layer 1","dACC_v17_ FISH-IF v2.4.4","696","5633","5660","1637","1663","0","0","0","0","1","1","3290.044","0","310.08344","0","0","0","0","0","0","0","0","0","0","0","0","0","0","0","0","0","0","0","0","101.12993","73.92565","27.204271","22.742105","0.907812"
"D:\HAA\dACC revisions\Run 4\Br2720_dACC_20x_img_020-MaxIP-Stitched_unmixed_rotated.nd2","Layer 1","dACC_v17_ FISH-IF v2.4.4","697","5778","5800","1644","1664","0","0","0","0","1","1","1265.1152","0","213.33168","0","0","0","0","0","0","0","0","0","0","0","0","0","0","0","0","0","0","0","0","67.113075","55.927567","11.185513","14.160179","0.830212"
"D:\HAA\dACC revisions\Run 4\Br2720_dACC_20x_img_020-MaxIP-Stitched_unmixed_rotated.nd2","Layer 1","dACC_v17_ FISH-IF v2.4.4","698","5592","5611","1693","1713","0","0","1","0","1","1","571.6488","0","131.42268","0","0","0","0","0","0","0","0","0","0","0","0","0","0","0","4","5.984019","1","4074.979","680.9769","58.044987","50.311794","7.733194","11.585601","0.815755"
"D:\HAA\dACC revisions\Run 4\Br2720_dACC_20x_img_020-MaxIP-Stitched_unmixed_rotated.nd2","Layer 1","dACC_v17_ FISH-IF v2.4.4","699","5522","5546","1737","1763","0","0","0","0","1","1","1242.8986","0","214.77393","0","0","0","0","0","1","0.50634","0","317.47525","627","0","0","0","0","0","0","0","0","0","0","84.144516","67.80354","16.340975","21.02572","0.63213"
"D:\HAA\dACC revisions\Run 4\Br2720_dACC_20x_img_020-MaxIP-Stitched_unmixed_rotated.nd2","Layer 1","dACC_v17_ FISH-IF v2.4.4","700","5658","5688","1744","1765","0","0","0","0","1","1","3207.7593","0","509.04187","0","0","0","0","0","0","0","0","0","0","0","0","0","0","0","0","0","0","0","0","96.02049","73.64947","22.371025","21.883913","0.663085"
"D:\HAA\dACC revisions\Run 4\Br2720_dACC_20x_img_020-MaxIP-Stitched_unmixed_rotated.nd2","Layer 1","dACC_v17_ FISH-IF v2.4.4","701","5645","5671","1792","1816","0","0","1","0","1","1","2035.5316","0","247.84712","0","0","0","0","0","0","0","0","0","0","0","0","0","0","0","4","3.912628","1","2255.699","576.51764","90.77297","68.954315","21.818655","20.596624","0.847209"
"D:\HAA\dACC revisions\Run 4\Br2720_dACC_20x_img_020-MaxIP-Stitched_unmixed_rotated.nd2","Layer 1","dACC_v17_ FISH-IF v2.4.4","702","5543","5570","1799","1821","0","0","0","1","1","1","2935.7683","0","667.1985","7","21.036129","1","27892.803","1325.9475","0","0","0","0","0","0","0","0","0","0","1","0.368247","0","165.1129","448.375","88.885704","65.64009","23.245613","21.240269","0.8445"
"D:\HAA\dACC revisions\Run 4\Br2720_dACC_20x_img_020-MaxIP-Stitched_unmixed_rotated.nd2","Layer 1","dACC_v17_ FISH-IF v2.4.4","703","4253","4285","1420","1445","0","0","0","0","1","1","3062.7476","0","394.21912","0","0","0","0","0","0","0","0","0","0","0","0","0","0","0","0","0","0","0","0","109.69167","80.87632","28.815355","26.174877","0.683402"
"D:\HAA\dACC revisions\Run 4\Br2720_dACC_20x_img_020-MaxIP-Stitched_unmixed_rotated.nd2","Layer 1","dACC_v17_ FISH-IF v2.4.4","704","4488","4516","1486","1523","0","0","0","0","1","1","2891.4973","0","523.64276","0","0","0","0","0","0","0","0","0","0","0","0","0","0","0","0","0","0","0","0","153.32898","101.40611","51.922874","35.614998","0.743383"
"D:\HAA\dACC revisions\Run 4\Br2720_dACC_20x_img_020-MaxIP-Stitched_unmixed_rotated.nd2","Layer 1","dACC_v17_ FISH-IF v2.4.4","705","4521","4546","1490","1513","0","0","0","0","1","1","1892.6982","0","234.00568","0","0","0","0","0","0","0","0","0","0","0","0","0","0","0","0","0","0","0","0","80.922356","64.903595","16.018759","19.309336","0.699727"
"D:\HAA\dACC revisions\Run 4\Br2720_dACC_20x_img_020-MaxIP-Stitched_unmixed_rotated.nd2","Layer 1","dACC_v17_ FISH-IF v2.4.4","706","4534","4559","1517","1538","0","0","0","0","1","1","966.64545","0","193.34148","0","0","0","0","0","0","0","0","0","0","0","0","0","0","0","0","0","0","0","0","77.33194","62.14174","15.190203","17.163853","0.766511"
"D:\HAA\dACC revisions\Run 4\Br2720_dACC_20x_img_020-MaxIP-Stitched_unmixed_rotated.nd2","Layer 1","dACC_v17_ FISH-IF v2.4.4","707","4417","4439","1526","1552","0","0","0","0","1","1","775.9091","0","164.27979","0","0","0","0","0","1","0.552371","0","395.5897","716.1667","0","0","0","0","0","0","0","0","0","0","85.341324","67.619415","17.721903","19.738432","0.683979"
"D:\HAA\dACC revisions\Run 4\Br2720_dACC_20x_img_020-MaxIP-Stitched_unmixed_rotated.nd2","Layer 1","dACC_v17_ FISH-IF v2.4.4","708","4571","4591","1541","1559","0","0","0","0","1","1","473.1626","0","123.842575","0","0","0","0","0","0","0","0","0","0","0","0","0","0","0","1","0.598402","0","278.1188","464.76923","52.15303","46.491226","5.661803","10.083764","0.817283"
"D:\HAA\dACC revisions\Run 4\Br2720_dACC_20x_img_020-MaxIP-Stitched_unmixed_rotated.nd2","Layer 1","dACC_v17_ FISH-IF v2.4.4","709","4458","4486","1547","1573","0","0","0","0","1","1","3588.02","0","385.23245","0","0","0","0","0","0","0","0","0","0","0","0","0","0","0","0","0","0","0","0","101.49818","74.06374","27.434427","23.171202","0.876096"
"D:\HAA\dACC revisions\Run 4\Br2720_dACC_20x_img_020-MaxIP-Stitched_unmixed_rotated.nd2","Layer 1","dACC_v17_ FISH-IF v2.4.4","710","4287","4306","1556","1574","0","0","0","0","1","1","686.9909","0","127.93731","0","0","0","0","0","0","0","0","0","0","0","0","0","0","0","0","0","0","0","0","49.851482","44.788082","5.063401","9.011024","0.87858"
"D:\HAA\dACC revisions\Run 4\Br2720_dACC_20x_img_020-MaxIP-Stitched_unmixed_rotated.nd2","Layer 1","dACC_v17_ FISH-IF v2.4.4","711","4550","4578","1560","1588","0","0","0","0","1","1","3194.62","0","470.6533","0","0","0","0","0","0","0","0","0","0","0","0","0","0","0","0","0","0","0","0","107.113945","79.127144","27.986797","26.174877","0.711956"
"D:\HAA\dACC revisions\Run 4\Br2720_dACC_20x_img_020-MaxIP-Stitched_unmixed_rotated.nd2","Layer 1","dACC_v17_ FISH-IF v2.4.4","712","4267","4290","1585","1599","0","0","0","0","1","1","2063.5098","0","423.44824","0","0","0","0","0","0","0","0","0","0","0","0","0","0","0","0","0","0","0","0","46.951534","35.12159","11.829946","14.803823","0.784858"
"D:\HAA\dACC revisions\Run 4\Br2720_dACC_20x_img_020-MaxIP-Stitched_unmixed_rotated.nd2","Layer 1","dACC_v17_ FISH-IF v2.4.4","713","4262","4297","1596","1619","0","0","0","0","1","1","2094.192","0","409.1732","0","0","0","0","0","0","0","0","0","0","0","0","0","0","0","0","0","0","0","0","115.537605","73.0971","42.440506","30.680387","0.700831"
"D:\HAA\dACC revisions\Run 4\Br2720_dACC_20x_img_020-MaxIP-Stitched_unmixed_rotated.nd2","Layer 1","dACC_v17_ FISH-IF v2.4.4","714","4545","4577","1618","1644","0","0","0","0","1","1","2037.4359","0","315.4337","0","0","0","0","0","3","1.565051","0","1038.5035","663.55884","0","0","0","0","0","1","0.736495","0","330.4099","448.625","120.601006","83.638176","36.962826","27.03307","0.789321"
"D:\HAA\dACC revisions\Run 4\Br2720_dACC_20x_img_020-MaxIP-Stitched_unmixed_rotated.nd2","Layer 1","dACC_v17_ FISH-IF v2.4.4","715","4599","4618","1739","1758","0","0","0","0","1","1","2199.0425","0","504.98987","0","0","0","0","0","0","0","0","0","0","0","0","0","0","0","0","0","0","0","0","45.018238","36.364426","8.653812","12.658342","0.742106"
"D:\HAA\dACC revisions\Run 4\Br2720_dACC_20x_img_020-MaxIP-Stitched_unmixed_rotated.nd2","Layer 1","dACC_v17_ FISH-IF v2.4.4","716","4527","4554","1740","1762","0","0","0","0","1","1","2443.0046","0","418.2512","1","0.644433","0","488.38803","757.8571","0","0","0","0","0","0","0","0","0","0","0","0","0","0","0","88.057144","68.17179","19.885357","19.309336","0.791211"
"D:\HAA\dACC revisions\Run 4\Br2720_dACC_20x_img_020-MaxIP-Stitched_unmixed_rotated.nd2","Layer 1","dACC_v17_ FISH-IF v2.4.4","717","4434","4461","1760","1784","0","0","0","0","1","1","2470.7905","0","440.26028","0","0","0","0","0","0","0","0","0","0","0","0","0","0","0","0","0","0","0","0","77.884315","54.822823","23.06149","22.742105","0.712511"
"D:\HAA\dACC revisions\Run 4\Br2720_dACC_20x_img_020-MaxIP-Stitched_unmixed_rotated.nd2","Layer 1","dACC_v17_ FISH-IF v2.4.4","718","4426","4448","1768","1792","0","0","0","0","1","1","1925.1954","0","396.19315","0","0","0","0","0","0","0","0","0","0","0","0","0","0","0","0","0","0","0","0","67.941635","49.805454","18.13618","20.811172","0.705527"
"D:\HAA\dACC revisions\Run 4\Br2720_dACC_20x_img_020-MaxIP-Stitched_unmixed_rotated.nd2","Layer 1","dACC_v17_ FISH-IF v2.4.4","719","4607","4628","1774","1802","0","0","0","0","1","1","3084.5273","0","431.7539","0","0","0","0","0","0","0","0","0","0","0","0","0","0","0","0","0","0","0","0","89.898384","70.51936","19.379017","20.382076","0.685247"
"D:\HAA\dACC revisions\Run 4\Br2720_dACC_20x_img_020-MaxIP-Stitched_unmixed_rotated.nd2","Layer 1","dACC_v17_ FISH-IF v2.4.4","720","4404","4428","1781","1802","0","0","0","0","1","1","3503.9832","0","321.27338","0","0","0","0","0","0","0","0","0","0","0","0","0","0","0","0","0","0","0","0","72.820915","59.1037","13.717214","16.30566","0.784292"
"D:\HAA\dACC revisions\Run 4\Br2720_dACC_20x_img_020-MaxIP-Stitched_unmixed_rotated.nd2","Layer 1","dACC_v17_ FISH-IF v2.4.4","721","2216","2242","2218","2246","0","0","1","0","1","1","2512.8108","0","368.0524","0","0","0","0","0","0","0","0","0","0","0","0","0","0","0","6","11.047421","1","6393.004","578.6875","111.671005","79.081116","32.58989","24.887589","0.869489"
"D:\HAA\dACC revisions\Run 4\Br2720_dACC_20x_img_020-MaxIP-Stitched_unmixed_rotated.nd2","Layer 1","dACC_v17_ FISH-IF v2.4.4","722","2278","2304","2218","2246","0","0","1","0","1","1","749.0742","0","179.47685","0","0","0","0","0","0","0","0","0","0","0","0","0","0","0","15","29.55185","3","20867.795","706.1417","102.32673","62.64808","39.67865","28.10581","0.759713"
"D:\HAA\dACC revisions\Run 4\Br2720_dACC_20x_img_020-MaxIP-Stitched_unmixed_rotated.nd2","Layer 1","dACC_v17_ FISH-IF v2.4.4","723","2477","2505","2220","2249","0","0","1","0","1","1","2339.1194","0","392.85138","0","0","0","0","0","0","0","0","0","0","0","0","0","0","0","4","4.649123","1","2399.3616","516.0891","109.2774","71.85426","37.423138","27.03307","0.874336"
"D:\HAA\dACC revisions\Run 4\Br2720_dACC_20x_img_020-MaxIP-Stitched_unmixed_rotated.nd2","Layer 1","dACC_v17_ FISH-IF v2.4.4","724","2255","2281","2221","2251","0","0","1","0","1","1","870.98425","0","247.6222","0","0","0","0","0","0","0","0","0","0","0","0","0","0","0","22","43.63731","3","30455.805","697.93036","112.36147","65.54803","46.813442","30.894936","0.80494"
"D:\HAA\dACC revisions\Run 4\Br2720_dACC_20x_img_020-MaxIP-Stitched_unmixed_rotated.nd2","Layer 1","dACC_v17_ FISH-IF v2.4.4","725","2351","2377","2224","2252","0","0","0","0","1","1","2966.832","0","404.08713","0","0","0","0","0","0","0","0","0","0","0","0","0","0","0","0","0","0","0","0","104.85843","76.0891","28.769323","23.814846","0.844611"
"D:\HAA\dACC revisions\Run 4\Br2720_dACC_20x_img_020-MaxIP-Stitched_unmixed_rotated.nd2","Layer 1","dACC_v17_ FISH-IF v2.4.4","726","2406","2433","2226","2247","0","0","0","0","1","1","2339.5708","0","296.32156","0","0","0","0","0","0","0","0","0","0","0","0","0","0","0","2","2.02536","0","1181.0613","583.13635","87.044464","67.84957","19.194893","19.309336","0.75191"
"D:\HAA\dACC revisions\Run 4\Br2720_dACC_20x_img_020-MaxIP-Stitched_unmixed_rotated.nd2","Layer 1","dACC_v17_ FISH-IF v2.4.4","727","2460","2487","2234","2258","0","0","0","0","1","1","3419.332","0","446.33875","0","0","0","0","0","0","0","0","0","0","0","0","0","0","0","0","0","0","0","0","87.182556","62.2338","24.948757","22.31301","0.752454"
"D:\HAA\dACC revisions\Run 4\Br2720_dACC_20x_img_020-MaxIP-Stitched_unmixed_rotated.nd2","Layer 1","dACC_v17_ FISH-IF v2.4.4","728","2529","2559","2234","2255","0","0","0","1","1","1","2338.6257","0","360.9814","6","10.402987","1","12772.705","1227.792","0","0","0","0","0","0","0","0","0","0","0","0","0","0","0","95.652245","74.24787","21.404377","21.669365","0.653056"
"D:\HAA\dACC revisions\Run 4\Br2720_dACC_20x_img_020-MaxIP-Stitched_unmixed_rotated.nd2","Layer 1","dACC_v17_ FISH-IF v2.4.4","729","2293","2320","2253","2280","0","0","0","0","1","1","2268.8796","0","362.96875","2","6.444328","0","7987.193","1239.4143","0","0","0","0","0","0","0","0","0","0","0","0","0","0","0","101.91245","75.12246","26.789993","24.458492","0.829064"
"D:\HAA\dACC revisions\Run 4\Br2720_dACC_20x_img_020-MaxIP-Stitched_unmixed_rotated.nd2","Layer 1","dACC_v17_ FISH-IF v2.4.4","730","2484","2503","2254","2274","0","0","0","0","1","1","500.30063","0","143.81084","0","0","0","0","0","0","0","0","0","0","0","0","0","0","0","0","0","0","0","0","57.63071","50.12767","7.503039","11.585601","0.792777"
"D:\HAA\dACC revisions\Run 4\Br2720_dACC_20x_img_020-MaxIP-Stitched_unmixed_rotated.nd2","Layer 1","dACC_v17_ FISH-IF v2.4.4","731","2341","2364","2275","2296","0","0","0","0","1","1","2842.2317","0","324.22913","0","0","0","0","0","0","0","0","0","0","0","0","0","0","0","0","0","0","0","0","70.38127","57.860863","12.52041","15.447468","0.835863"
"D:\HAA\dACC revisions\Run 4\Br2720_dACC_20x_img_020-MaxIP-Stitched_unmixed_rotated.nd2","Layer 1","dACC_v17_ FISH-IF v2.4.4","732","2470","2490","2297","2319","0","0","0","0","1","1","503.21634","0","135.55276","0","0","0","0","0","0","0","0","0","0","0","0","0","0","0","0","0","0","0","0","64.53535","54.960915","9.57443","14.160179","0.717707"
"D:\HAA\dACC revisions\Run 4\Br2720_dACC_20x_img_020-MaxIP-Stitched_unmixed_rotated.nd2","Layer 1","dACC_v17_ FISH-IF v2.4.4","733","2290","2321","2309","2338","0","0","0","0","1","1","2205.1062","0","379.9467","0","0","0","0","0","0","0","0","0","0","0","0","0","0","0","0","0","0","0","0","124.05332","85.479416","38.57391","28.749454","0.7835"
"D:\HAA\dACC revisions\Run 4\Br2720_dACC_20x_img_020-MaxIP-Stitched_unmixed_rotated.nd2","Layer 1","dACC_v17_ FISH-IF v2.4.4","734","2585","2610","2336","2359","0","0","0","0","1","1","2850.0217","0","393.77475","0","0","0","0","0","0","0","0","0","0","0","0","0","0","0","0","0","0","0","0","75.99705","59.057667","16.939377","18.451143","0.746606"
"D:\HAA\dACC revisions\Run 4\Br2720_dACC_20x_img_020-MaxIP-Stitched_unmixed_rotated.nd2","Layer 1","dACC_v17_ FISH-IF v2.4.4","735","2604","2632","2345","2367","0","0","0","0","1","1","3511.639","0","401.29172","0","0","0","0","0","0","0","0","0","0","0","0","0","0","0","0","0","0","0","0","91.04916","67.84957","23.199583","21.454817","0.735857"
"D:\HAA\dACC revisions\Run 4\Br2720_dACC_20x_img_020-MaxIP-Stitched_unmixed_rotated.nd2","Layer 1","dACC_v17_ FISH-IF v2.4.4","736","2299","2327","2415","2438","0","0","1","0","1","1","1419.4125","0","197.62094","0","0","0","0","0","0","0","0","0","0","0","0","0","0","0","38","51.324474","4","59649.902","1162.2117","92.89039","70.79555","22.094841","21.454817","0.753442"
"D:\HAA\dACC revisions\Run 4\Br2720_dACC_20x_img_020-MaxIP-Stitched_unmixed_rotated.nd2","Layer 1","dACC_v17_ FISH-IF v2.4.4","737","2370","2390","2492","2510","0","0","0","0","1","1","583.5414","0","135.29807","0","0","0","0","0","0","0","0","0","0","0","0","0","0","0","0","0","0","0","0","53.53396","47.411846","6.122112","10.298312","0.819785"
"D:\HAA\dACC revisions\Run 4\Br2720_dACC_20x_img_020-MaxIP-Stitched_unmixed_rotated.nd2","Layer 1","dACC_v17_ FISH-IF v2.4.4","738","2525","2541","2528","2545","0","0","0","0","1","1","2745.7156","0","404.653","0","0","0","0","0","0","0","0","0","0","0","0","0","0","0","0","0","0","0","0","38.481846","28.124891","10.356956","14.160179","0.867801"
"D:\HAA\dACC revisions\Run 4\Br2720_dACC_20x_img_020-MaxIP-Stitched_unmixed_rotated.nd2","Layer 1","dACC_v17_ FISH-IF v2.4.4","739","2539","2561","2530","2560","0","0","0","0","1","1","2550.2922","0","651.24817","0","0","0","0","0","0","0","0","0","0","0","0","0","0","0","0","0","0","0","0","88.83967","56.387875","32.451797","25.96033","0.78017"
"D:\HAA\dACC revisions\Run 4\Br2720_dACC_20x_img_020-MaxIP-Stitched_unmixed_rotated.nd2","Layer 1","dACC_v17_ FISH-IF v2.4.4","740","2407","2436","2533","2565","0","0","0","0","1","1","2093.8157","0","440.333","2","3.866597","0","3245.686","839.4167","0","0","0","0","0","0","0","0","0","0","0","0","0","0","0","126.12472","90.404724","35.719994","30.251291","0.691617"
"D:\HAA\dACC revisions\Run 4\Br2720_dACC_20x_img_020-MaxIP-Stitched_unmixed_rotated.nd2","Layer 1","dACC_v17_ FISH-IF v2.4.4","741","2513","2538","2539","2563","0","0","0","0","1","1","2753.9958","0","511.8301","0","0","0","0","0","0","0","0","0","0","0","0","0","0","0","0","0","0","0","0","76.549416","42.808754","33.74066","28.10581","0.790358"
"D:\HAA\dACC revisions\Run 4\Br2720_dACC_20x_img_020-MaxIP-Stitched_unmixed_rotated.nd2","Layer 1","dACC_v17_ FISH-IF v2.4.4","742","2556","2587","2542","2570","0","0","0","0","1","1","2020.5197","0","425.0592","0","0","0","0","0","0","0","0","0","0","0","0","0","0","0","0","0","0","0","0","121.98193","80.87632","41.10561","28.749454","0.791259"
"D:\HAA\dACC revisions\Run 4\Br2720_dACC_20x_img_020-MaxIP-Stitched_unmixed_rotated.nd2","Layer 1","dACC_v17_ FISH-IF v2.4.4","743","2243","2274","2546","2575","0","0","0","0","1","1","2475.308","0","282.2718","0","0","0","0","0","1","0.460309","0","298.3264","648.1","0","0","0","0","0","0","0","0","0","0","121.52162","85.525444","35.996178","28.964003","0.707969"
"D:\HAA\dACC revisions\Run 4\Br2720_dACC_20x_img_020-MaxIP-Stitched_unmixed_rotated.nd2","Layer 1","dACC_v17_ FISH-IF v2.4.4","744","2521","2545","2556","2575","0","0","0","0","1","1","3031.2903","0","385.05963","0","0","0","0","0","0","0","0","0","0","0","0","0","0","0","0","0","0","0","0","61.451275","43.22303","18.228243","18.451143","0.87164"
"D:\HAA\dACC revisions\Run 4\Br2720_dACC_20x_img_020-MaxIP-Stitched_unmixed_rotated.nd2","Layer 1","dACC_v17_ FISH-IF v2.4.4","745","3672","3692","2222","2244","0","0","0","0","1","1","1426.6602","0","195.0198","0","0","0","0","0","0","0","0","0","0","0","0","0","0","0","0","0","0","0","0","62.78617","53.441895","9.344276","12.87289","0.806676"
"D:\HAA\dACC revisions\Run 4\Br2720_dACC_20x_img_020-MaxIP-Stitched_unmixed_rotated.nd2","Layer 1","dACC_v17_ FISH-IF v2.4.4","746","3448","3473","2259","2283","0","0","0","0","1","1","3044.7559","0","485.81384","0","0","0","0","0","0","0","0","0","0","0","0","0","0","0","0","0","0","0","0","84.4207","62.556015","21.864685","21.454817","0.715898"
"D:\HAA\dACC revisions\Run 4\Br2720_dACC_20x_img_020-MaxIP-Stitched_unmixed_rotated.nd2","Layer 1","dACC_v17_ FISH-IF v2.4.4","747","3432","3457","2269","2294","0","0","0","0","1","1","2137.2427","0","577.6748","0","0","0","0","0","0","0","0","0","0","0","0","0","0","0","0","0","0","0","0","81.152504","62.003647","19.14886","21.454817","0.774241"
"D:\HAA\dACC revisions\Run 4\Br2720_dACC_20x_img_020-MaxIP-Stitched_unmixed_rotated.nd2","Layer 1","dACC_v17_ FISH-IF v2.4.4","748","3721","3745","2282","2308","0","0","0","0","1","1","2666.1892","0","477.9675","1","1.51902","0","1200.9467","790.6061","0","0","0","0","0","0","0","0","0","0","0","0","0","0","0","90.77297","69.36859","21.404377","21.02572","0.772845"
"D:\HAA\dACC revisions\Run 4\Br2720_dACC_20x_img_020-MaxIP-Stitched_unmixed_rotated.nd2","Layer 1","dACC_v17_ FISH-IF v2.4.4","749","3596","3616","2290","2311","0","0","0","0","1","1","550.4","0","131.12419","0","0","0","0","0","0","0","0","0","0","0","0","0","0","0","0","0","0","0","0","57.032307","49.66736","7.364947","12.014698","0.819897"
"D:\HAA\dACC revisions\Run 4\Br2720_dACC_20x_img_020-MaxIP-Stitched_unmixed_rotated.nd2","Layer 1","dACC_v17_ FISH-IF v2.4.4","750","3744","3776","2311","2339","1","1","1","0","1","1","1533.9635","0","232.20137","0","0","0","0","0","19","19.056799","3","16403.945","860.7923","25","21.174223","3","22845.328","1078.9218","23","41.70401","3","31711.941","755.4024","128.9326","87.32065","41.61195","29.607647","0.798694"
"D:\HAA\dACC revisions\Run 4\Br2720_dACC_20x_img_020-MaxIP-Stitched_unmixed_rotated.nd2","Layer 1","dACC_v17_ FISH-IF v2.4.4","751","3582","3606","2323","2346","0","0","0","0","1","1","2392.4531","0","351.87085","0","0","0","0","0","0","0","0","0","0","0","0","0","0","0","3","6.260205","0","3122.5532","498.79413","71.43999","52.75143","18.688553","19.309336","0.834098"
"D:\HAA\dACC revisions\Run 4\Br2720_dACC_20x_img_020-MaxIP-Stitched_unmixed_rotated.nd2","Layer 1","dACC_v17_ FISH-IF v2.4.4","752","3596","3624","2329","2355","1","0","1","0","1","1","2418.41","0","294.1869","0","0","0","0","0","5","4.833246","1","3447.3474","713.25714","3","1.703144","0","1140.0938","669.4054","16","33.878754","3","24418.021","720.74725","98.96647","66.74483","32.22164","24.458492","0.828203"
"D:\HAA\dACC revisions\Run 4\Br2720_dACC_20x_img_020-MaxIP-Stitched_unmixed_rotated.nd2","Layer 1","dACC_v17_ FISH-IF v2.4.4","753","3448","3488","2336","2368","0","0","0","0","1","1","991.9131","0","279.09958","0","0","0","0","0","0","0","0","0","0","0","0","0","0","0","3","3.130102","0","1633.4531","521.85297","165.80336","112.31544","53.487926","39.90596","0.597567"
"D:\HAA\dACC revisions\Run 4\Br2720_dACC_20x_img_020-MaxIP-Stitched_unmixed_rotated.nd2","Layer 1","dACC_v17_ FISH-IF v2.4.4","754","3693","3719","2357","2384","0","0","1","0","1","1","2613.7576","0","354.67685","0","0","0","0","0","0","0","0","0","0","1","1.334897","0","949.0194","710.931","4","12.290255","1","7020.451","571.22095","101.31405","73.78756","27.52649","23.600298","0.868111"
"D:\HAA\dACC revisions\Run 4\Br2720_dACC_20x_img_020-MaxIP-Stitched_unmixed_rotated.nd2","Layer 1","dACC_v17_ FISH-IF v2.4.4","755","3716","3749","2371","2396","0","1","1","0","1","1","1770.4907","0","238.13792","0","0","0","0","0","0","0","0","0","0","7","6.766545","1","5290.5176","781.86395","31","57.446587","4","42370.816","731.7059","131.74048","89.43807","42.302414","28.10581","0.780466"
"D:\HAA\dACC revisions\Run 4\Br2720_dACC_20x_img_020-MaxIP-Stitched_unmixed_rotated.nd2","Layer 1","dACC_v17_ FISH-IF v2.4.4","756","3658","3688","2379","2408","0","0","0","0","1","1","1995.1273","0","334.66373","0","0","0","0","0","3","1.51902","0","1084.9948","714.2727","3","3.636442","0","2841.3965","781.36707","1","0.782526","0","361.43475","461.88235","122.48827","83.08581","39.402466","28.749454","0.825026"
"D:\HAA\dACC revisions\Run 4\Br2720_dACC_20x_img_020-MaxIP-Stitched_unmixed_rotated.nd2","Layer 1","dACC_v17_ FISH-IF v2.4.4","757","3641","3671","2400","2429","0","1","0","0","1","1","1875.968","0","364.65317","0","0","0","0","0","3","1.657113","0","1116.572","673.80554","4","4.326906","1","3270.3125","755.80853","0","0","0","0","0","123.2708","82.947716","40.323082","28.749454","0.886621"
"D:\HAA\dACC revisions\Run 4\Br2720_dACC_20x_img_020-MaxIP-Stitched_unmixed_rotated.nd2","Layer 1","dACC_v17_ FISH-IF v2.4.4","758","3513","3535","2421","2444","0","0","0","0","1","1","1601.0825","0","269.01218","0","0","0","0","0","0","0","0","0","0","0","0","0","0","0","1","2.853917","0","1807.4039","633.30646","75.030396","60.530655","14.499739","16.30566","0.840597"
"D:\HAA\dACC revisions\Run 4\Br2720_dACC_20x_img_020-MaxIP-Stitched_unmixed_rotated.nd2","Layer 1","dACC_v17_ FISH-IF v2.4.4","759","3526","3544","2463","2480","0","0","0","0","1","1","1464.2106","0","399.7372","0","0","0","0","0","0","0","0","0","0","0","0","0","0","0","0","0","0","0","0","43.959526","39.58659","4.372937","9.44012","0.701735"
"D:\HAA\dACC revisions\Run 4\Br2720_dACC_20x_img_020-MaxIP-Stitched_unmixed_rotated.nd2","Layer 1","dACC_v17_ FISH-IF v2.4.4","760","3569","3595","2468","2493","0","1","0","0","1","1","2291.4338","0","392.4273","0","0","0","0","0","0","0","0","0","0","4","3.866597","1","3110.8154","804.5357","3","3.912628","0","2215.0537","566.1294","97.53951","72.176476","25.363035","22.31301","0.887573"
"D:\HAA\dACC revisions\Run 4\Br2720_dACC_20x_img_020-MaxIP-Stitched_unmixed_rotated.nd2","Layer 1","dACC_v17_ FISH-IF v2.4.4","761","3706","3734","2469","2497","0","0","1","0","1","1","953.6231","0","270.1446","0","0","0","0","0","2","2.669793","0","2824.6873","958.8281","3","2.761855","0","2056.2012","744.5","4","5.52371","1","3057.3274","553.49164","116.8725","83.40802","33.464478","26.603973","0.701194"
"D:\HAA\dACC revisions\Run 4\Br2720_dACC_20x_img_020-MaxIP-Stitched_unmixed_rotated.nd2","Layer 1","dACC_v17_ FISH-IF v2.4.4","762","3519","3544","2478","2503","0","0","1","0","1","1","2930.0203","0","534.8097","0","0","0","0","0","0","0","0","0","0","0","0","0","0","0","4","3.038041","1","2000.0894","564.2987","92.430084","67.48132","24.948757","22.742105","0.859966"
"D:\HAA\dACC revisions\Run 4\Br2720_dACC_20x_img_020-MaxIP-Stitched_unmixed_rotated.nd2","Layer 1","dACC_v17_ FISH-IF v2.4.4","763","3543","3564","2484","2505","0","0","0","0","1","1","1261.4724","0","177.30923","1","0.50634","0","390.5263","771.2727","0","0","0","0","0","1","0.736495","0","512.96857","696.5","1","0.736495","0","415.5671","564.25","62.003647","52.843494","9.160152","12.87289","0.817699"
"D:\HAA\dACC revisions\Run 4\Br2720_dACC_20x_img_020-MaxIP-Stitched_unmixed_rotated.nd2","Layer 1","dACC_v17_ FISH-IF v2.4.4","764","3460","3482","2494","2524","0","0","0","0","1","1","975.3034","0","236.06024","0","0","0","0","0","0","0","0","0","0","0","0","0","0","0","1","1.426958","0","671.1768","470.35483","92.19993","57.30849","34.891434","26.174877","0.786112"
"D:\HAA\dACC revisions\Run 4\Br2720_dACC_20x_img_020-MaxIP-Stitched_unmixed_rotated.nd2","Layer 1","dACC_v17_ FISH-IF v2.4.4","765","3480","3504","2494","2525","0","0","0","0","1","1","1238.9541","0","406.4372","0","0","0","0","0","0","0","0","0","0","0","0","0","0","0","1","1.51902","0","909.8471","598.9697","107.298065","64.12107","43.177002","29.607647","0.790445"
"D:\HAA\dACC revisions\Run 4\Br2720_dACC_20x_img_020-MaxIP-Stitched_unmixed_rotated.nd2","Layer 1","dACC_v17_ FISH-IF v2.4.4","766","3739","3759","2494","2516","0","0","0","0","1","1","1042.9099","0","170.88306","0","0","0","0","0","0","0","0","0","0","0","0","0","0","0","0","0","0","0","0","64.53535","54.316483","10.218863","13.731083","0.846897"
"D:\HAA\dACC revisions\Run 4\Br2720_dACC_20x_img_020-MaxIP-Stitched_unmixed_rotated.nd2","Layer 1","dACC_v17_ FISH-IF v2.4.4","767","3598","3618","2530","2548","0","0","0","0","1","1","1044.3334","0","139.96008","0","0","0","0","0","0","0","0","0","0","0","0","0","0","0","0","0","0","0","0","53.487926","47.273754","6.214174","10.298312","0.851777"
"D:\HAA\dACC revisions\Run 4\Br2720_dACC_20x_img_020-MaxIP-Stitched_unmixed_rotated.nd2","Layer 1","dACC_v17_ FISH-IF v2.4.4","768","3695","3718","2538","2559","0","0","0","0","1","1","2105.2822","0","250.90634","0","0","0","0","0","0","0","0","0","0","0","0","0","0","0","2","1.334897","0","719.6934","539.13794","72.682816","59.471947","13.210874","15.876565","0.775004"
"D:\HAA\dACC revisions\Run 4\Br2720_dACC_20x_img_020-MaxIP-Stitched_unmixed_rotated.nd2","Layer 1","dACC_v17_ FISH-IF v2.4.4","769","3497","3517","2574","2592","0","0","0","0","1","1","1676.5751","0","216.10257","0","0","0","0","0","0","0","0","0","0","0","0","0","0","0","0","0","0","0","0","55.55932","46.67535","8.883967","13.301987","0.780462"
"D:\HAA\dACC revisions\Run 4\Br2720_dACC_20x_img_020-MaxIP-Stitched_unmixed_rotated.nd2","Layer 1","dACC_v17_ FISH-IF v2.4.4","770","3685","3710","2582","2611","0","0","0","0","1","1","2502.492","0","560.43524","0","0","0","0","0","0","0","0","0","0","0","0","0","0","0","0","0","0","0","0","102.41879","76.77957","25.639221","24.029396","0.64585"
"D:\HAA\dACC revisions\Run 4\Br2720_dACC_20x_img_020-MaxIP-Stitched_unmixed_rotated.nd2","Layer 1","dACC_v17_ FISH-IF v2.4.4","771","3490","3523","2592","2624","0","0","0","1","1","1","1579.7435","0","261.35336","15","35.02953","3","56806.25","1621.6676","0","0","0","0","0","0","0","0","0","0","0","0","0","0","0","153.42105","94.17926","59.24179","35.1859","0.860502"
"D:\HAA\dACC revisions\Run 4\Br2720_dACC_20x_img_020-MaxIP-Stitched_unmixed_rotated.nd2","Layer 1","dACC_v17_ FISH-IF v2.4.4","772","7092","7123","3839","3866","0","0","0","1","1","1","1372.9136","0","271.32578","4","10.402987","1","14983.063","1440.2655","0","0","0","0","0","0","0","0","0","0","0","0","0","0","0","115.031265","83.08581","31.945457","27.891262","0.726528"
"D:\HAA\dACC revisions\Run 4\Br2720_dACC_20x_img_020-MaxIP-Stitched_unmixed_rotated.nd2","Layer 1","dACC_v17_ FISH-IF v2.4.4","773","7011","7038","3585","3611","0","0","0","1","1","1","2526.2017","0","471.15295","10","23.56783","2","57533.26","2441.1777","0","0","0","0","0","0","0","0","0","0","0","0","0","0","0","103.0172","74.93833","28.07886","23.171202","0.880407"
"D:\HAA\dACC revisions\Run 4\Br2720_dACC_20x_img_020-MaxIP-Stitched_unmixed_rotated.nd2","Layer 1","dACC_v17_ FISH-IF v2.4.4","774","6842","6866","3820","3845","0","0","0","0","1","1","2667.6174","0","330.25397","0","0","0","0","0","0","0","0","0","0","0","0","0","0","0","0","0","0","0","0","84.55879","66.51468","18.044119","20.167528","0.757725"
"D:\HAA\dACC revisions\Run 4\Br2720_dACC_20x_img_020-MaxIP-Stitched_unmixed_rotated.nd2","Layer 1","dACC_v17_ FISH-IF v2.4.4","775","6628","6653","3829","3854","0","0","0","0","1","1","3792","0","360.3254","0","0","0","0","0","0","0","0","0","0","0","0","0","0","0","1","1.334897","0","885.5428","663.37933","92.24596","69.59875","22.647211","20.596624","0.92637"
"D:\HAA\dACC revisions\Run 4\Br2720_dACC_20x_img_020-MaxIP-Stitched_unmixed_rotated.nd2","Layer 1","dACC_v17_ FISH-IF v2.4.4","776","6861","6884","3829","3865","0","0","0","0","1","1","2803.3718","0","406.93808","0","0","0","0","0","0","0","0","0","0","0","0","0","0","0","0","0","0","0","0","119.68038","87.73493","31.945457","28.320358","0.583608"
"D:\HAA\dACC revisions\Run 4\Br2720_dACC_20x_img_020-MaxIP-Stitched_unmixed_rotated.nd2","Layer 1","dACC_v17_ FISH-IF v2.4.4","777","6894","6927","3831","3855","0","0","0","0","1","1","2479.0854","0","415.95648","0","0","0","0","0","0","0","0","0","0","0","0","0","0","0","0","0","0","0","0","110.10596","72.95901","37.14695","29.17855","0.750982"
"D:\HAA\dACC revisions\Run 4\Br2720_dACC_20x_img_020-MaxIP-Stitched_unmixed_rotated.nd2","Layer 1","dACC_v17_ FISH-IF v2.4.4","778","6901","6921","3853","3870","0","0","0","0","1","1","1823.1514","0","342.9031","0","0","0","0","0","0","0","0","0","0","0","0","0","0","0","0","0","0","0","0","51.370502","41.335762","10.03474","15.447468","0.591613"
"D:\HAA\dACC revisions\Run 4\Br2720_dACC_20x_img_020-MaxIP-Stitched_unmixed_rotated.nd2","Layer 1","dACC_v17_ FISH-IF v2.4.4","779","6941","6960","3855","3875","0","0","0","1","1","1","1030.1182","0","199.29163","4","12.244224","1","21598.443","1763.97","0","0","0","0","0","0","0","0","0","0","0","0","0","0","0","56.525967","45.61664","10.909328","16.734756","0.582826"
"D:\HAA\dACC revisions\Run 4\Br2720_dACC_20x_img_020-MaxIP-Stitched_unmixed_rotated.nd2","Layer 1","dACC_v17_ FISH-IF v2.4.4","780","6858","6871","3861","3875","0","0","0","0","1","1","2647.9473","0","983.83295","0","0","0","0","0","0","0","0","0","0","0","0","0","0","0","0","0","0","0","0","22.094841","21.220253","0.874587","3.432771","0.687998"
"D:\HAA\dACC revisions\Run 4\Br2720_dACC_20x_img_020-MaxIP-Stitched_unmixed_rotated.nd2","Layer 1","dACC_v17_ FISH-IF v2.4.4","781","6843","6864","3863","3886","0","0","0","0","1","1","3276.7163","0","376.57947","0","0","0","0","0","0","0","0","0","0","0","0","0","0","0","0","0","0","0","0","65.17978","51.554626","13.625152","16.30566","0.841981"
"D:\HAA\dACC revisions\Run 4\Br2720_dACC_20x_img_020-MaxIP-Stitched_unmixed_rotated.nd2","Layer 1","dACC_v17_ FISH-IF v2.4.4","782","6865","6891","3865","3891","0","0","0","0","1","1","3357.0925","0","528.88293","0","0","0","0","0","0","0","0","0","0","0","0","0","0","0","0","0","0","0","0","96.84905","71.94633","24.902727","22.31301","0.793548"
"D:\HAA\dACC revisions\Run 4\Br2720_dACC_20x_img_020-MaxIP-Stitched_unmixed_rotated.nd2","Layer 1","dACC_v17_ FISH-IF v2.4.4","783","6938","6970","3873","3901","0","0","0","1","1","1","1303.8656","0","291.72906","6","17.721903","1","21625.463","1220.2676","0","0","0","0","0","0","0","0","0","0","0","0","0","0","0","124.05332","77.47003","46.58329","33.040417","0.812787"
"D:\HAA\dACC revisions\Run 4\Br2720_dACC_20x_img_020-MaxIP-Stitched_unmixed_rotated.nd2","Layer 1","dACC_v17_ FISH-IF v2.4.4","784","6814","6844","3903","3924","0","0","0","0","1","1","1876.2181","0","247.95003","0","0","0","0","0","0","0","0","0","0","0","0","0","0","0","0","0","0","0","0","89.576164","71.85426","17.721903","21.669365","0.570725"
"D:\HAA\dACC revisions\Run 4\Br2720_dACC_20x_img_020-MaxIP-Stitched_unmixed_rotated.nd2","Layer 1","dACC_v17_ FISH-IF v2.4.4","785","6939","6964","3903","3932","0","0","0","0","1","1","2157.48","0","356.4015","0","0","0","0","0","0","0","0","0","0","0","0","0","0","0","0","0","0","0","0","98.13792","74.06374","24.07417","23.600298","0.705776"
"D:\HAA\dACC revisions\Run 4\Br2720_dACC_20x_img_020-MaxIP-Stitched_unmixed_rotated.nd2","Layer 1","dACC_v17_ FISH-IF v2.4.4","786","3999","4023","1012","1040","0","0","0","0","1","1","2676.2593","0","562.1164","3","9.620461","0","11795.699","1226.1052","0","0","0","0","0","0","0","0","0","0","0","0","0","0","0","98.183945","74.75421","23.429737","22.31301","0.730161"
"D:\HAA\dACC revisions\Run 4\Br2720_dACC_20x_img_020-MaxIP-Stitched_unmixed_rotated.nd2","Layer 1","dACC_v17_ FISH-IF v2.4.4","787","3977","4005","1027","1054","0","0","0","0","1","1","2116.4517","0","387.47623","2","2.301546","0","2041.3331","886.94","0","0","0","0","0","0","0","0","0","0","0","0","0","0","0","99.749","75.49071","24.258293","24.67304","0.692714"
"D:\HAA\dACC revisions\Run 4\Br2720_dACC_20x_img_020-MaxIP-Stitched_unmixed_rotated.nd2","Layer 1","dACC_v17_ FISH-IF v2.4.4","788","3828","3848","1031","1050","0","0","0","0","1","1","960.5333","0","151.50093","0","0","0","0","0","0","0","0","0","0","0","0","0","0","0","0","0","0","0","0","57.30849","49.71339","7.595101","11.585601","0.872889"
"D:\HAA\dACC revisions\Run 4\Br2720_dACC_20x_img_020-MaxIP-Stitched_unmixed_rotated.nd2","Layer 1","dACC_v17_ FISH-IF v2.4.4","789","3864","3890","1049","1073","0","0","0","0","1","1","3514.1147","0","402.1242","0","0","0","0","0","0","0","0","0","0","0","0","0","0","0","0","0","0","0","0","96.34271","72.26854","24.07417","21.02572","0.842828"
"D:\HAA\dACC revisions\Run 4\Br2720_dACC_20x_img_020-MaxIP-Stitched_unmixed_rotated.nd2","Layer 1","dACC_v17_ FISH-IF v2.4.4","790","3987","4011","1064","1089","0","0","0","0","1","1","2616.3127","0","437.28363","2","1.380928","0","1113.3037","806.2","0","0","0","0","0","0","0","0","0","0","0","0","0","0","0","91.27931","69.78287","21.496439","20.167528","0.786523"
"D:\HAA\dACC revisions\Run 4\Br2720_dACC_20x_img_020-MaxIP-Stitched_unmixed_rotated.nd2","Layer 1","dACC_v17_ FISH-IF v2.4.4","791","4170","4194","1071","1098","0","0","0","0","1","1","3086.729","0","356.72855","0","0","0","0","0","0","0","0","0","0","0","0","0","0","0","0","0","0","0","0","98.22998","72.91297","25.317005","22.31301","0.816444"
"D:\HAA\dACC revisions\Run 4\Br2720_dACC_20x_img_020-MaxIP-Stitched_unmixed_rotated.nd2","Layer 1","dACC_v17_ FISH-IF v2.4.4","792","3876","3895","1100","1118","0","0","0","0","1","1","652.9032","0","129.20717","0","0","0","0","0","0","0","0","0","0","0","0","0","0","0","0","0","0","0","0","51.922874","46.215042","5.707834","9.869216","0.853963"
"D:\HAA\dACC revisions\Run 4\Br2720_dACC_20x_img_020-MaxIP-Stitched_unmixed_rotated.nd2","Layer 1","dACC_v17_ FISH-IF v2.4.4","793","4187","4214","1112","1137","0","0","0","0","1","1","2887.2236","0","503.44473","0","0","0","0","0","0","0","0","0","0","0","0","0","0","0","0","0","0","0","0","97.76967","73.28122","24.488447","22.742105","0.808734"
"D:\HAA\dACC revisions\Run 4\Br2720_dACC_20x_img_020-MaxIP-Stitched_unmixed_rotated.nd2","Layer 1","dACC_v17_ FISH-IF v2.4.4","794","3910","3929","1175","1193","0","0","0","0","1","1","539.6565","0","124.53196","0","0","0","0","0","0","0","0","0","0","0","0","0","0","0","0","0","0","0","0","52.843494","46.813442","6.03005","10.298312","0.85821"
"D:\HAA\dACC revisions\Run 4\Br2720_dACC_20x_img_020-MaxIP-Stitched_unmixed_rotated.nd2","Layer 1","dACC_v17_ FISH-IF v2.4.4","795","4127","4167","1182","1208","1","0","1","0","1","1","517.65063","0","132.70299","0","0","0","0","0","13","17.58381","2","15916.938","902.84076","2","2.209484","0","1503.738","680.5833","4","2.623762","1","1299.8671","495.42105","136.75786","98.4141","38.343754","33.89861","0.52263"
"D:\HAA\dACC revisions\Run 4\Br2720_dACC_20x_img_020-MaxIP-Stitched_unmixed_rotated.nd2","Layer 1","dACC_v17_ FISH-IF v2.4.4","796","3897","3920","1214","1235","0","0","0","0","1","1","572.0287","0","132.61507","0","0","0","0","0","1","0.828557","0","647.0566","780.94446","3","2.439639","0","2152.5898","882.3396","0","0","0","0","0","67.435295","56.20375","11.231544","14.589275","0.811533"
"D:\HAA\dACC revisions\Run 4\Br2720_dACC_20x_img_020-MaxIP-Stitched_unmixed_rotated.nd2","Layer 1","dACC_v17_ FISH-IF v2.4.4","797","4156","4178","1224","1245","0","0","0","0","1","1","794.21155","0","147.12256","0","0","0","0","0","0","0","0","0","0","0","0","0","0","0","0","0","0","0","0","63.66076","54.086327","9.57443","13.516535","0.752701"
"D:\HAA\dACC revisions\Run 4\Br2720_dACC_20x_img_020-MaxIP-Stitched_unmixed_rotated.nd2","Layer 1","dACC_v17_ FISH-IF v2.4.4","798","4109","4128","1225","1242","0","0","0","0","1","1","1195.9138","0","179.18903","0","0","0","0","0","0","0","0","0","0","0","0","0","0","0","0","0","0","0","0","47.457874","39.448498","8.009379","12.87289","0.667663"
"D:\HAA\dACC revisions\Run 4\Br2720_dACC_20x_img_020-MaxIP-Stitched_unmixed_rotated.nd2","Layer 1","dACC_v17_ FISH-IF v2.4.4","799","4114","4136","1239","1261","0","0","0","0","1","1","1385.348","0","189.15018","0","0","0","0","0","0","0","0","0","0","0","0","0","0","0","0","0","0","0","0","66.65277","53.02762","13.625152","19.309336","0.550168"
"D:\HAA\dACC revisions\Run 4\Br2720_dACC_20x_img_020-MaxIP-Stitched_unmixed_rotated.nd2","Layer 1","dACC_v17_ FISH-IF v2.4.4","800","3876","3891","1235","1249","0","0","0","0","1","1","733.7778","0","180.30981","0","0","0","0","0","0","0","0","0","0","0","0","0","0","0","0","0","0","0","0","28.815355","26.743963","2.071391","5.578252","0.8472"
"D:\HAA\dACC revisions\Run 4\Br2720_dACC_20x_img_020-MaxIP-Stitched_unmixed_rotated.nd2","Layer 1","dACC_v17_ FISH-IF v2.4.4","801","3864","3878","1240","1254","0","0","0","0","1","1","547.5417","0","147.41483","0","0","0","0","0","0","0","0","0","0","0","0","0","0","0","0","0","0","0","0","30.288343","29.183601","1.104742","3.861867","0.759316"
"D:\HAA\dACC revisions\Run 4\Br2720_dACC_20x_img_020-MaxIP-Stitched_unmixed_rotated.nd2","Layer 1","dACC_v17_ FISH-IF v2.4.4","802","3879","3897","1246","1264","0","0","0","0","1","1","823.2595","0","130.15178","0","0","0","0","0","0","0","0","0","0","0","0","0","0","0","0","0","0","0","0","47.273754","41.243702","6.03005","10.298312","0.799677"
"D:\HAA\dACC revisions\Run 4\Br2720_dACC_20x_img_020-MaxIP-Stitched_unmixed_rotated.nd2","Layer 1","dACC_v17_ FISH-IF v2.4.4","803","4140","4164","1250","1279","0","0","0","0","1","1","3021.4365","0","398.75778","0","0","0","0","0","0","0","0","0","0","0","0","0","0","0","0","0","0","0","0","101.59023","75.44467","26.145561","23.600298","0.726637"
"D:\HAA\dACC revisions\Run 4\Br2720_dACC_20x_img_020-MaxIP-Stitched_unmixed_rotated.nd2","Layer 1","dACC_v17_ FISH-IF v2.4.4","804","4206","4229","1276","1296","0","0","0","0","1","1","1420.7311","0","196.52284","0","0","0","0","0","0","0","0","0","0","0","0","0","0","0","0","0","0","0","0","67.38927","56.433907","10.955359","14.160179","0.786836"
"D:\HAA\dACC revisions\Run 4\Br2720_dACC_20x_img_020-MaxIP-Stitched_unmixed_rotated.nd2","Layer 1","dACC_v17_ FISH-IF v2.4.4","805","4127","4146","1290","1309","0","0","0","0","1","1","1016.91095","0","147.13506","0","0","0","0","0","0","0","0","0","0","0","0","0","0","0","0","0","0","0","0","54.77679","48.05628","6.720514","11.156505","0.892583"
"D:\HAA\dACC revisions\Run 4\Br2720_dACC_20x_img_020-MaxIP-Stitched_unmixed_rotated.nd2","Layer 1","dACC_v17_ FISH-IF v2.4.4","806","3949","3982","1290","1318","0","0","0","0","1","1","1960.0376","0","271.47977","0","0","0","0","0","0","0","0","0","0","0","0","0","0","0","0","0","0","0","0","137.54037","90.95709","46.58329","30.036743","0.819382"
"D:\HAA\dACC revisions\Run 4\Br2720_dACC_20x_img_020-MaxIP-Stitched_unmixed_rotated.nd2","Layer 1","dACC_v17_ FISH-IF v2.4.4","807","3860","3888","1335","1361","0","1","0","0","1","1","2797.6548","0","402.61972","0","0","0","0","0","1","0.828557","0","629.2887","759.5","4","4.741185","1","4062.5046","856.8544","0","0","0","0","0","101.544205","74.201836","27.342365","24.029396","0.871478"
"D:\HAA\dACC revisions\Run 4\Br2720_dACC_20x_img_020-MaxIP-Stitched_unmixed_rotated.nd2","Layer 1","dACC_v17_ FISH-IF v2.4.4","808","4086","4107","1357","1375","0","0","0","0","1","1","1788.4423","0","228.91675","0","0","0","0","0","0","0","0","0","0","0","0","0","0","0","0","0","0","0","0","53.25777","43.683342","9.57443","14.160179","0.733569"
"D:\HAA\dACC revisions\Run 4\Br2720_dACC_20x_img_020-MaxIP-Stitched_unmixed_rotated.nd2","Layer 1","dACC_v17_ FISH-IF v2.4.4","809","4101","4121","1365","1394","0","0","0","0","1","1","1846.3848","0","315.31134","0","0","0","0","0","0","0","0","0","0","0","0","0","0","0","0","0","0","0","0","81.612816","62.832203","18.780615","21.02572","0.613155"
"D:\HAA\dACC revisions\Run 4\Br2720_dACC_20x_img_020-MaxIP-Stitched_unmixed_rotated.nd2","Layer 1","dACC_v17_ FISH-IF v2.4.4","810","4085","4101","1374","1389","0","0","0","0","1","1","1168.4445","0","253.28044","0","0","0","0","0","0","0","0","0","0","0","0","0","0","0","0","0","0","0","0","36.54855","33.6486","2.899948","6.865541","0.708323"
"D:\HAA\dACC revisions\Run 4\Br2720_dACC_20x_img_020-MaxIP-Stitched_unmixed_rotated.nd2","Layer 1","dACC_v17_ FISH-IF v2.4.4","811","4040","4069","1392","1418","0","0","0","0","1","1","2356.1199","0","362.46692","0","0","0","0","0","0","0","0","0","0","0","0","0","0","0","0","0","0","0","0","107.52822","77.19385","30.334375","24.458492","0.853016"
"D:\HAA\dACC revisions\Run 4\Br2720_dACC_20x_img_020-MaxIP-Stitched_unmixed_rotated.nd2","Layer 1","dACC_v17_ FISH-IF v2.4.4","812","3007","3033","1844","1868","0","0","0","0","1","1","2989.464","0","572.37115","0","0","0","0","0","0","0","0","0","0","0","0","0","0","0","1","0.782526","0","393.38022","502.70587","88.65555","58.413235","30.242313","25.531233","0.687187"
"D:\HAA\dACC revisions\Run 4\Br2720_dACC_20x_img_020-MaxIP-Stitched_unmixed_rotated.nd2","Layer 1","dACC_v17_ FISH-IF v2.4.4","813","2983","3006","1852","1875","0","0","0","0","1","1","2330.9841","0","292.88303","0","0","0","0","0","0","0","0","0","0","0","0","0","0","0","2","1.841237","0","1174.617","542.93616","75.536736","60.990967","14.54577","17.163853","0.800617"
"D:\HAA\dACC revisions\Run 4\Br2720_dACC_20x_img_020-MaxIP-Stitched_unmixed_rotated.nd2","Layer 1","dACC_v17_ FISH-IF v2.4.4","814","2932","2959","1865","1894","0","0","0","0","1","1","2343.003","0","535.23303","2","2.163453","0","1641.4625","758.7234","0","0","0","0","0","0","0","0","0","0","0","0","0","0","0","112.31544","80.600136","31.715302","26.174877","0.739195"
"D:\HAA\dACC revisions\Run 4\Br2720_dACC_20x_img_020-MaxIP-Stitched_unmixed_rotated.nd2","Layer 1","dACC_v17_ FISH-IF v2.4.4","815","2827","2858","1870","1893","0","0","1","0","1","1","3433.627","0","441.30417","0","0","0","0","0","0","0","0","0","0","0","0","0","0","0","8","10.54108","1","8985.834","852.4585","106.65363","78.390656","28.262983","24.458492","0.73072"
"D:\HAA\dACC revisions\Run 4\Br2720_dACC_20x_img_020-MaxIP-Stitched_unmixed_rotated.nd2","Layer 1","dACC_v17_ FISH-IF v2.4.4","816","2783","2814","1872","1898","0","0","1","0","1","1","2857.871","0","331.65057","0","0","0","0","0","0","0","0","0","0","0","0","0","0","0","42","60.300503","4","61962.22","1027.5573","114.80111","81.935036","32.866074","26.603973","0.721312"
"D:\HAA\dACC revisions\Run 4\Br2720_dACC_20x_img_020-MaxIP-Stitched_unmixed_rotated.nd2","Layer 1","dACC_v17_ FISH-IF v2.4.4","817","2667","2696","1890","1914","0","0","0","0","1","1","3379.3633","0","361.4947","0","0","0","0","0","0","0","0","0","0","0","0","0","0","0","0","0","0","0","0","98.59823","73.511375","25.08685","23.171202","0.741072"
"D:\HAA\dACC revisions\Run 4\Br2720_dACC_20x_img_020-MaxIP-Stitched_unmixed_rotated.nd2","Layer 1","dACC_v17_ FISH-IF v2.4.4","818","2975","2995","1904","1923","0","0","0","0","1","1","2097.2866","0","204.04388","0","0","0","0","0","0","0","0","0","0","0","0","0","0","0","0","0","0","0","0","56.525967","49.299114","7.226854","11.156505","0.836695"
"D:\HAA\dACC revisions\Run 4\Br2720_dACC_20x_img_020-MaxIP-Stitched_unmixed_rotated.nd2","Layer 1","dACC_v17_ FISH-IF v2.4.4","819","2818","2841","1917","1943","0","0","0","0","1","1","3462.5842","0","450.6513","0","0","0","0","0","0","0","0","0","0","0","0","0","0","0","0","0","0","0","0","79.9557","52.935555","27.02015","22.742105","0.805351"
"D:\HAA\dACC revisions\Run 4\Br2720_dACC_20x_img_020-MaxIP-Stitched_unmixed_rotated.nd2","Layer 1","dACC_v17_ FISH-IF v2.4.4","820","2831","2856","1922","1956","0","0","0","0","1","1","2509.786","0","386.85202","0","0","0","0","0","0","0","0","0","0","0","0","0","0","0","0","0","0","0","0","111.25673","70.61143","40.6453","28.749454","0.726744"
"D:\HAA\dACC revisions\Run 4\Br2720_dACC_20x_img_020-MaxIP-Stitched_unmixed_rotated.nd2","Layer 1","dACC_v17_ FISH-IF v2.4.4","821","2634","2675","1943","1971","0","0","1","0","1","1","1472.0466","0","362.513","0","0","0","0","0","3","4.51103","0","5129.409","1137.0817","1","1.242835","0","1093.1422","879.55554","29","45.66267","3","32367.652","708.8427","157.14955","100.85374","56.29581","37.76048","0.637195"
"D:\HAA\dACC revisions\Run 4\Br2720_dACC_20x_img_020-MaxIP-Stitched_unmixed_rotated.nd2","Layer 1","dACC_v17_ FISH-IF v2.4.4","822","2671","2699","1945","1970","0","0","1","0","1","1","3206.104","0","516.9864","0","0","0","0","0","0","0","0","0","0","0","0","0","0","0","6","7.963349","1","4902.707","615.65894","103.4775","74.24787","29.229633","24.887589","0.724499"
"D:\HAA\dACC revisions\Run 4\Br2720_dACC_20x_img_020-MaxIP-Stitched_unmixed_rotated.nd2","Layer 1","dACC_v17_ FISH-IF v2.4.4","823","2840","2867","1953","1979","0","0","0","0","1","1","3610.6648","0","404.8348","0","0","0","0","0","0","0","0","0","0","0","0","0","0","0","0","0","0","0","0","98.690285","73.005035","25.685251","22.956654","0.854956"
"D:\HAA\dACC revisions\Run 4\Br2720_dACC_20x_img_020-MaxIP-Stitched_unmixed_rotated.nd2","Layer 1","dACC_v17_ FISH-IF v2.4.4","824","2831","2850","2077","2095","0","0","0","0","1","1","851.0283","0","122.57394","0","0","0","0","0","0","0","0","0","0","0","0","0","0","0","0","0","0","0","0","49.391174","44.511898","4.879277","9.44012","0.850721"
"D:\HAA\dACC revisions\Run 4\Br2720_dACC_20x_img_020-MaxIP-Stitched_unmixed_rotated.nd2","Layer 1","dACC_v17_ FISH-IF v2.4.4","825","2787","2815","2085","2112","0","0","0","0","1","1","2512.6213","0","548.99115","3","4.234844","0","3545.6694","837.26086","0","0","0","0","0","0","0","0","0","0","0","0","0","0","0","109.55358","78.068436","31.485147","26.174877","0.785088"
"D:\HAA\dACC revisions\Run 4\Br2720_dACC_20x_img_020-MaxIP-Stitched_unmixed_rotated.nd2","Layer 1","dACC_v17_ FISH-IF v2.4.4","826","2623","2649","2092","2117","0","0","0","0","1","1","1492.8553","0","214.28418","0","0","0","0","0","0","0","0","0","0","0","0","0","0","0","0","0","0","0","0","82.993744","68.35591","14.637832","21.454817","0.539503"
"D:\HAA\dACC revisions\Run 4\Br2720_dACC_20x_img_020-MaxIP-Stitched_unmixed_rotated.nd2","Layer 1","dACC_v17_ FISH-IF v2.4.4","827","2934","2956","2104","2128","0","0","0","0","1","1","2174.3215","0","306.19675","0","0","0","0","0","0","0","0","0","0","0","0","0","0","0","2","1.841237","0","963.4271","523.25","77.47003","62.003647","15.466389","17.163853","0.801443"
"D:\HAA\dACC revisions\Run 4\Br2720_dACC_20x_img_020-MaxIP-Stitched_unmixed_rotated.nd2","Layer 1","dACC_v17_ FISH-IF v2.4.4","828","2735","2762","2106","2130","0","0","0","0","1","1","3313.153","0","528.5628","0","0","0","0","0","0","0","0","0","0","0","0","0","0","0","0","0","0","0","0","96.89508","72.54472","24.350355","21.883913","0.790848"
"D:\HAA\dACC revisions\Run 4\Br2720_dACC_20x_img_020-MaxIP-Stitched_unmixed_rotated.nd2","Layer 1","dACC_v17_ FISH-IF v2.4.4","829","2785","2819","2111","2134","0","0","0","0","1","1","2254.0708","0","332.92047","0","0","0","0","0","0","0","0","0","0","0","0","0","0","0","0","0","0","0","0","111.21069","84.512764","26.697931","27.03307","0.54709"
"D:\HAA\dACC revisions\Run 4\Br2720_dACC_20x_img_020-MaxIP-Stitched_unmixed_rotated.nd2","Layer 1","dACC_v17_ FISH-IF v2.4.4","830","2852","2871","2143","2162","0","0","1","0","1","1","797.88336","0","150.78049","0","0","0","0","0","0","0","0","0","0","0","0","0","0","0","8","14.453708","1","10487.776","696.7645","44.14365","35.858086","8.285565","13.516535","0.780085"
"D:\HAA\dACC revisions\Run 4\Br2720_dACC_20x_img_020-MaxIP-Stitched_unmixed_rotated.nd2","Layer 1","dACC_v17_ FISH-IF v2.4.4","831","2676","2698","2146","2167","0","0","0","0","1","1","3237.353","0","521.0336","0","0","0","0","0","0","0","0","0","0","0","0","0","0","0","0","0","0","0","0","69.966995","57.446587","12.52041","15.018372","0.862555"
"D:\HAA\dACC revisions\Run 4\Br2720_dACC_20x_img_020-MaxIP-Stitched_unmixed_rotated.nd2","Layer 1","dACC_v17_ FISH-IF v2.4.4","832","2836","2863","2151","2176","0","0","1","0","1","1","900.4362","0","162.91406","0","0","0","0","0","0","0","0","0","0","0","0","0","0","0","13","26.00747","2","20867.242","802.3558","79.49539","58.919575","20.57582","25.102137","0.598575"
"D:\HAA\dACC revisions\Run 4\Br2720_dACC_20x_img_020-MaxIP-Stitched_unmixed_rotated.nd2","Layer 1","dACC_v17_ FISH-IF v2.4.4","833","2973","3010","2178","2200","0","0","1","0","1","1","1260.3264","0","219.02386","0","0","0","0","0","0","0","0","0","0","2","1.150773","0","750.99445","652.6","7","6.398297","1","3345.8032","522.92084","125.89456","90.63488","35.25968","28.964003","0.617966"
"D:\HAA\dACC revisions\Run 4\Br2720_dACC_20x_img_020-MaxIP-Stitched_unmixed_rotated.nd2","Layer 1","dACC_v17_ FISH-IF v2.4.4","834","2909","2940","2186","2223","0","0","0","0","1","1","978.97546","0","286.18347","0","0","0","0","0","0","0","0","0","0","0","0","0","0","0","2","2.163453","0","1204.9053","556.93616","161.89073","86.81431","75.07642","44.196922","0.681562"
"D:\HAA\dACC revisions\Run 4\Br2720_dACC_20x_img_020-MaxIP-Stitched_unmixed_rotated.nd2","Layer 1","dACC_v17_ FISH-IF v2.4.4","835","2891","2908","2187","2212","0","0","0","0","1","1","610.0909","0","200.42905","0","0","0","0","0","0","0","0","0","0","0","0","0","0","0","3","3.49835","0","1813.6182","518.4211","64.30519","41.519886","22.785305","23.600298","0.627692"
"D:\HAA\dACC revisions\Run 4\Br2720_dACC_20x_img_020-MaxIP-Stitched_unmixed_rotated.nd2","Layer 1","dACC_v17_ FISH-IF v2.4.4","836","5536","5569","1821","1842","0","0","0","0","1","1","2207.3745","0","392.62006","0","0","0","0","0","0","0","0","0","0","0","0","0","0","0","1","0.874587","0","493.86572","564.6842","110.33611","78.98905","31.347055","25.74578","0.674109"
"D:\HAA\dACC revisions\Run 4\Br2720_dACC_20x_img_020-MaxIP-Stitched_unmixed_rotated.nd2","Layer 1","dACC_v17_ FISH-IF v2.4.4","837","5689","5716","1865","1888","0","0","0","0","1","1","2164.536","0","428.23062","0","0","0","0","0","0","0","0","0","0","0","0","0","0","0","0","0","0","0","0","91.87771","70.05906","21.818655","21.02572","0.78754"
"D:\HAA\dACC revisions\Run 4\Br2720_dACC_20x_img_020-MaxIP-Stitched_unmixed_rotated.nd2","Layer 1","dACC_v17_ FISH-IF v2.4.4","838","5707","5738","1893","1925","0","0","1","0","1","1","1770.7239","0","273.78412","0","0","0","0","0","0","0","0","0","0","0","0","0","0","0","6","8.377627","1","4960.4297","585.66846","139.61177","92.107864","47.503906","31.75313","0.842495"
"D:\HAA\dACC revisions\Run 4\Br2720_dACC_20x_img_020-MaxIP-Stitched_unmixed_rotated.nd2","Layer 1","dACC_v17_ FISH-IF v2.4.4","839","5583","5604","1947","1967","0","0","0","0","1","1","2809.7708","0","318.89322","0","0","0","0","0","0","0","0","0","0","0","0","0","0","0","0","0","0","0","0","64.35122","54.316483","10.03474","13.301987","0.820084"
"D:\HAA\dACC revisions\Run 4\Br2720_dACC_20x_img_020-MaxIP-Stitched_unmixed_rotated.nd2","Layer 1","dACC_v17_ FISH-IF v2.4.4","840","5529","5554","1958","1983","0","0","0","0","1","1","3116.7766","0","506.73083","0","0","0","0","0","0","0","0","0","0","0","0","0","0","0","0","0","0","0","0","90.35869","67.89561","22.463087","21.02572","0.862526"
"D:\HAA\dACC revisions\Run 4\Br2720_dACC_20x_img_020-MaxIP-Stitched_unmixed_rotated.nd2","Layer 1","dACC_v17_ FISH-IF v2.4.4","841","5461","5485","1960","1982","0","0","0","0","1","1","2522.1099","0","323.76837","0","0","0","0","0","0","0","0","0","0","0","0","0","0","0","0","0","0","0","0","78.52875","62.602047","15.926698","17.59295","0.81748"
"D:\HAA\dACC revisions\Run 4\Br2720_dACC_20x_img_020-MaxIP-Stitched_unmixed_rotated.nd2","Layer 1","dACC_v17_ FISH-IF v2.4.4","842","5507","5533","1978","2007","0","0","0","0","1","1","2576.1392","0","398.26367","0","0","0","0","0","0","0","0","0","0","0","0","0","0","0","0","0","0","0","0","106.51554","79.081116","27.434427","26.603973","0.655248"
"D:\HAA\dACC revisions\Run 4\Br2720_dACC_20x_img_020-MaxIP-Stitched_unmixed_rotated.nd2","Layer 1","dACC_v17_ FISH-IF v2.4.4","843","5533","5546","1982","1995","0","0","0","0","1","1","985.4545","0","714.4828","0","0","0","0","0","0","0","0","0","0","0","0","0","0","0","0","0","0","0","0","25.869375","25.363035","0.50634","2.36003","0.601628"
"D:\HAA\dACC revisions\Run 4\Br2720_dACC_20x_img_020-MaxIP-Stitched_unmixed_rotated.nd2","Layer 1","dACC_v17_ FISH-IF v2.4.4","844","5801","5828","1985","2010","0","0","1","0","1","1","3262.9177","0","364.4801","0","0","0","0","0","2","3.130102","0","3033.4834","969.1323","0","0","0","0","0","4","9.712523","1","6424.4893","661.4645","96.29668","71.71617","24.58051","21.883913","0.848487"
"D:\HAA\dACC revisions\Run 4\Br2720_dACC_20x_img_020-MaxIP-Stitched_unmixed_rotated.nd2","Layer 1","dACC_v17_ FISH-IF v2.4.4","845","5615","5644","1988","2009","0","0","1","0","1","1","1100.5952","0","159.99411","0","0","0","0","0","1","1.749175","0","1584.108","905.6316","1","0.644433","0","472.50735","733.2143","7","9.06809","1","5369.138","558.0957","89.71426","70.38127","19.332985","20.596624","0.647861"
"D:\HAA\dACC revisions\Run 4\Br2720_dACC_20x_img_020-MaxIP-Stitched_unmixed_rotated.nd2","Layer 1","dACC_v17_ FISH-IF v2.4.4","846","5738","5760","1991","2009","0","0","0","0","1","1","791.67084","0","135.54736","0","0","0","0","0","0","0","0","0","0","0","0","0","0","0","0","0","0","0","0","57.952927","50.541946","7.410978","11.585601","0.7724"
"D:\HAA\dACC revisions\Run 4\Br2720_dACC_20x_img_020-MaxIP-Stitched_unmixed_rotated.nd2","Layer 1","dACC_v17_ FISH-IF v2.4.4","847","5421","5443","2014","2034","0","0","0","0","1","1","1664.2579","0","233.5742","0","0","0","0","0","0","0","0","0","0","0","0","0","0","0","0","0","0","0","0","64.7655","54.592667","10.172832","13.301987","0.82423"
"D:\HAA\dACC revisions\Run 4\Br2720_dACC_20x_img_020-MaxIP-Stitched_unmixed_rotated.nd2","Layer 1","dACC_v17_ FISH-IF v2.4.4","848","5761","5785","2036","2058","0","0","0","0","1","1","1970.326","0","312.76614","0","0","0","0","0","0","0","0","0","0","0","0","0","0","0","0","0","0","0","0","67.52736","50.58798","16.939377","18.451143","0.70976"
"D:\HAA\dACC revisions\Run 4\Br2720_dACC_20x_img_020-MaxIP-Stitched_unmixed_rotated.nd2","Layer 1","dACC_v17_ FISH-IF v2.4.4","849","5486","5514","2042","2068","1","0","0","0","1","1","2972.6833","0","313.497","0","0","0","0","0","5","3.958659","1","2944.4136","743.7907","1","0.690464","0","464.45197","672.6667","3","4.741185","0","3088.8127","651.4854","106.423485","76.77957","29.643911","24.029396","0.844808"
"D:\HAA\dACC revisions\Run 4\Br2720_dACC_20x_img_020-MaxIP-Stitched_unmixed_rotated.nd2","Layer 1","dACC_v17_ FISH-IF v2.4.4","850","5775","5807","2042","2071","0","0","0","0","1","1","2210.6519","0","414.0058","0","0","0","0","0","0","0","0","0","0","0","0","0","0","0","0","0","0","0","0","116.59631","79.587456","37.008858","31.75313","0.687555"
"D:\HAA\dACC revisions\Run 4\Br2720_dACC_20x_img_020-MaxIP-Stitched_unmixed_rotated.nd2","Layer 1","dACC_v17_ FISH-IF v2.4.4","851","5507","5534","2125","2149","0","0","0","0","1","1","2688.0583","0","304.18478","0","0","0","0","0","0","0","0","0","0","0","0","0","0","0","1","1.703144","0","921.4009","541","94.82369","71.992355","22.831335","21.02572","0.727635"
"D:\HAA\dACC revisions\Run 4\Br2720_dACC_20x_img_020-MaxIP-Stitched_unmixed_rotated.nd2","Layer 1","dACC_v17_ FISH-IF v2.4.4","852","5664","5692","2146","2167","0","0","0","0","1","1","1027.5054","0","202.57231","0","0","0","0","0","0","0","0","0","0","0","0","0","0","0","2","3.958659","0","2476.0032","625.4651","83.54611","66.51468","17.031439","19.309336","0.672758"
"D:\HAA\dACC revisions\Run 4\Br2720_dACC_20x_img_020-MaxIP-Stitched_unmixed_rotated.nd2","Layer 1","dACC_v17_ FISH-IF v2.4.4","853","5754","5780","2180","2207","0","0","0","0","1","1","2357.4814","0","352.87994","0","0","0","0","0","0","0","0","0","0","0","0","0","0","0","1","1.058711","0","544.4997","514.3043","106.33142","76.68751","29.643911","24.029396","0.874003"
"D:\HAA\dACC revisions\Run 4\Br2720_dACC_20x_img_020-MaxIP-Stitched_unmixed_rotated.nd2","Layer 1","dACC_v17_ FISH-IF v2.4.4","854","5426","5460","2186","2212","1","0","0","0","1","1","2335.1","0","276.9974","0","0","0","0","0","5","7.917318","1","7262.85","917.3372","3","2.99201","0","2204.7888","736.89233","1","1.933299","0","1240.7634","641.7857","129.94528","88.97776","40.967518","28.749454","0.734326"
"D:\HAA\dACC revisions\Run 4\Br2720_dACC_20x_img_020-MaxIP-Stitched_unmixed_rotated.nd2","Layer 1","dACC_v17_ FISH-IF v2.4.4","855","5482","5506","2201","2225","0","0","0","0","1","1","1718.5377","0","255.0534","2","4.464999","0","4507.9917","932.7048","0","0","0","0","0","0","0","0","0","0","0","0","0","0","0","76.365295","62.924263","13.441028","18.451143","0.642501"
"D:\HAA\dACC revisions\Run 4\Br2720_dACC_20x_img_020-MaxIP-Stitched_unmixed_rotated.nd2","Layer 1","dACC_v17_ FISH-IF v2.4.4","856","2142","2169","1803","1829","0","0","0","0","1","1","2309.7805","0","356.45325","0","0","0","0","0","0","0","0","0","0","0","0","0","0","0","0","0","0","0","0","101.17596","74.339935","26.836025","22.956654","0.84075"
"D:\HAA\dACC revisions\Run 4\Br2720_dACC_20x_img_020-MaxIP-Stitched_unmixed_rotated.nd2","Layer 1","dACC_v17_ FISH-IF v2.4.4","857","1888","1909","1832","1854","0","0","0","0","1","1","747.1106","0","148.14796","0","0","0","0","0","0","0","0","0","0","0","0","0","0","0","0","0","0","0","0","66.606735","56.618027","9.988709","15.447468","0.638251"
"D:\HAA\dACC revisions\Run 4\Br2720_dACC_20x_img_020-MaxIP-Stitched_unmixed_rotated.nd2","Layer 1","dACC_v17_ FISH-IF v2.4.4","858","2107","2132","1838","1862","0","0","0","0","1","1","2893.9053","0","341.1416","1","4.418968","0","4851.751","1097.9375","0","0","0","0","0","0","0","0","0","0","0","0","0","0","0","89.66823","68.26385","21.404377","20.167528","0.885781"
"D:\HAA\dACC revisions\Run 4\Br2720_dACC_20x_img_020-MaxIP-Stitched_unmixed_rotated.nd2","Layer 1","dACC_v17_ FISH-IF v2.4.4","859","2087","2108","1858","1878","0","0","0","0","1","1","382.56","0","126.42707","0","0","0","0","0","0","0","0","0","0","0","0","0","0","0","1","1.933299","0","1170.106","605.2381","61.911583","52.705402","9.206183","12.87289","0.856573"
"D:\HAA\dACC revisions\Run 4\Br2720_dACC_20x_img_020-MaxIP-Stitched_unmixed_rotated.nd2","Layer 1","dACC_v17_ FISH-IF v2.4.4","860","2128","2153","1898","1914","0","0","0","0","1","1","673.6945","0","214.97179","0","0","0","0","0","1","0.828557","0","602.6828","727.3889","0","0","0","0","0","0","0","0","0","0","60.024315","44.051586","15.972729","17.807499","0.722395"
"D:\HAA\dACC revisions\Run 4\Br2720_dACC_20x_img_020-MaxIP-Stitched_unmixed_rotated.nd2","Layer 1","dACC_v17_ FISH-IF v2.4.4","861","2126","2152","1913","1930","0","0","0","0","1","1","768.94086","0","163.44984","0","0","0","0","0","0","0","0","0","0","0","0","0","0","0","0","0","0","0","0","61.6354","44.511898","17.1235","18.88024","0.709877"
"D:\HAA\dACC revisions\Run 4\Br2720_dACC_20x_img_020-MaxIP-Stitched_unmixed_rotated.nd2","Layer 1","dACC_v17_ FISH-IF v2.4.4","862","2027","2054","1908","1935","0","0","0","0","1","1","2517.7773","0","356.4673","0","0","0","0","0","0","0","0","0","0","0","0","0","0","0","0","0","0","0","0","103.98384","75.26055","28.723293","23.600298","0.912784"
"D:\HAA\dACC revisions\Run 4\Br2720_dACC_20x_img_020-MaxIP-Stitched_unmixed_rotated.nd2","Layer 1","dACC_v17_ FISH-IF v2.4.4","863","2063","2100","1910","1941","0","0","1","0","1","1","1080.2147","0","350.5874","0","0","0","0","0","0","0","0","0","0","0","0","0","0","0","19","33.326385","3","19685.307","590.6823","160.50981","102.41879","58.09102","35.614998","0.715109"
"D:\HAA\dACC revisions\Run 4\Br2720_dACC_20x_img_020-MaxIP-Stitched_unmixed_rotated.nd2","Layer 1","dACC_v17_ FISH-IF v2.4.4","864","1971","2006","1920","1957","0","0","0","0","1","1","1189.8304","0","230.13496","1","0.736495","0","599.967","814.625","0","0","0","0","0","0","0","0","0","0","2","0.828557","0","363.5522","438.77777","180.62532","110.84245","69.78287","40.764153","0.713498"
"D:\HAA\dACC revisions\Run 4\Br2720_dACC_20x_img_020-MaxIP-Stitched_unmixed_rotated.nd2","Layer 1","dACC_v17_ FISH-IF v2.4.4","865","1910","1938","1928","1953","0","0","1","0","1","1","1598.6783","0","420.89325","0","0","0","0","0","0","0","0","0","0","0","0","0","0","0","4","3.176133","1","1515.66","477.2029","99.61091","69.41463","30.196281","24.029396","0.806567"
"D:\HAA\dACC revisions\Run 4\Br2720_dACC_20x_img_020-MaxIP-Stitched_unmixed_rotated.nd2","Layer 1","dACC_v17_ FISH-IF v2.4.4","866","1908","1929","1951","1987","0","0","0","0","1","1","2211.1616","0","404.04584","0","0","0","0","0","0","0","0","0","0","0","0","0","0","0","0","0","0","0","0","125.848526","89.392044","36.456486","31.324034","0.569241"
"D:\HAA\dACC revisions\Run 4\Br2720_dACC_20x_img_020-MaxIP-Stitched_unmixed_rotated.nd2","Layer 1","dACC_v17_ FISH-IF v2.4.4","867","2204","2225","2017","2038","0","0","0","0","1","1","2426.935","0","255.32748","0","0","0","0","0","0","0","0","0","0","0","0","0","0","0","0","0","0","0","0","61.6354","52.429214","9.206183","13.301987","0.915666"
"D:\HAA\dACC revisions\Run 4\Br2720_dACC_20x_img_020-MaxIP-Stitched_unmixed_rotated.nd2","Layer 1","dACC_v17_ FISH-IF v2.4.4","868","2114","2141","2023","2051","0","0","0","0","1","1","679.22675","0","181.77197","0","0","0","0","0","1","1.01268","0","692.9494","684.2727","1","0.736495","0","526.3175","714.625","0","0","0","0","0","108.17265","77.51607","30.656591","25.316685","0.871591"
"D:\HAA\dACC revisions\Run 4\Br2720_dACC_20x_img_020-MaxIP-Stitched_unmixed_rotated.nd2","Layer 1","dACC_v17_ FISH-IF v2.4.4","869","1863","1893","2056","2084","0","0","0","0","1","1","2290.923","0","310.64307","0","0","0","0","0","0","0","0","0","0","0","0","0","0","0","0","0","0","0","0","120.23276","83.17787","37.05489","27.462166","0.834808"
"D:\HAA\dACC revisions\Run 4\Br2720_dACC_20x_img_020-MaxIP-Stitched_unmixed_rotated.nd2","Layer 1","dACC_v17_ FISH-IF v2.4.4","870","2065","2092","2061","2089","0","0","0","0","1","1","2635.5693","0","537.02716","0","0","0","0","0","0","0","0","0","0","0","0","0","0","0","0","0","0","0","0","109.78374","74.61612","35.16762","30.894936","0.628666"
"D:\HAA\dACC revisions\Run 4\Br2720_dACC_20x_img_020-MaxIP-Stitched_unmixed_rotated.nd2","Layer 1","dACC_v17_ FISH-IF v2.4.4","871","2093","2115","2062","2087","0","0","0","0","1","1","1863.727","0","455.43777","0","0","0","0","0","1","0.50634","0","332.25116","656.1818","0","0","0","0","0","3","5.937988","0","3630.3665","611.3798","85.29529","60.66875","24.626541","24.458492","0.681752"
"D:\HAA\dACC revisions\Run 4\Br2720_dACC_20x_img_020-MaxIP-Stitched_unmixed_rotated.nd2","Layer 1","dACC_v17_ FISH-IF v2.4.4","872","2138","2181","2062","2090","1","0","1","0","1","1","788.43866","0","203.06024","0","0","0","0","0","6","4.142783","1","2864.7803","691.5111","0","0","0","0","0","37","67.57339","4","53037.24","784.88354","168.243","112.31544","55.927567","39.69141","0.591444"
"D:\HAA\dACC revisions\Run 4\Br2720_dACC_20x_img_020-MaxIP-Stitched_unmixed_rotated.nd2","Layer 1","dACC_v17_ FISH-IF v2.4.4","873","1833","1857","2080","2104","0","0","0","0","1","1","1456.3591","0","199.69157","0","0","0","0","0","0","0","0","0","0","0","0","0","0","0","0","0","0","0","0","75.90498","62.832203","13.072781","18.236595","0.645708"
"D:\HAA\dACC revisions\Run 4\Br2720_dACC_20x_img_020-MaxIP-Stitched_unmixed_rotated.nd2","Layer 1","dACC_v17_ FISH-IF v2.4.4","874","1920","1942","2086","2106","0","0","0","0","1","1","1354.2947","0","203.5299","1","0.598402","0","470.43597","786.1539","0","0","0","0","0","0","0","0","0","0","0","0","0","0","0","63.384575","53.856174","9.528399","13.301987","0.775259"
"D:\HAA\dACC revisions\Run 4\Br2720_dACC_20x_img_020-MaxIP-Stitched_unmixed_rotated.nd2","Layer 1","dACC_v17_ FISH-IF v2.4.4","875","2153","2173","2109","2129","0","0","0","0","1","1","507.44864","0","129.3345","0","0","0","0","0","0","0","0","0","0","0","0","0","0","0","0","0","0","0","0","60.806843","52.291122","8.515719","12.87289","0.755713"
"D:\HAA\dACC revisions\Run 4\Br2720_dACC_20x_img_020-MaxIP-Stitched_unmixed_rotated.nd2","Layer 1","dACC_v17_ FISH-IF v2.4.4","876","1831","1859","2111","2139","0","0","0","0","1","1","2495.0078","0","474.44785","0","0","0","0","0","0","0","0","0","0","0","0","0","0","0","0","0","0","0","0","109.00121","79.86364","29.137571","26.603973","0.766611"
"D:\HAA\dACC revisions\Run 4\Br2720_dACC_20x_img_020-MaxIP-Stitched_unmixed_rotated.nd2","Layer 1","dACC_v17_ FISH-IF v2.4.4","877","1818","1846","2135","2161","0","0","0","0","1","1","2831.362","0","430.4833","0","0","0","0","0","0","0","0","0","0","0","0","0","0","0","0","0","0","0","0","102.741005","74.38596","28.355045","23.600298","0.884225"
"D:\HAA\dACC revisions\Run 4\Br2720_dACC_20x_img_020-MaxIP-Stitched_unmixed_rotated.nd2","Layer 1","dACC_v17_ FISH-IF v2.4.4","878","2048","2070","2194","2219","0","0","0","0","1","1","2495.9026","0","468.2391","0","0","0","0","0","0","0","0","0","0","0","0","0","0","0","3","5.799896","0","3736.3296","644.20636","68.17179","36.962826","31.208961","25.74578","0.779238"
"D:\HAA\dACC revisions\Run 4\Br2720_dACC_20x_img_020-MaxIP-Stitched_unmixed_rotated.nd2","Layer 1","dACC_v17_ FISH-IF v2.4.4","879","2061","2090","2199","2228","0","0","1","0","1","1","2074.0664","0","516.8023","0","0","0","0","0","0","0","0","0","0","0","0","0","0","0","15","31.853395","3","19800.568","621.6156","111.44085","67.75751","43.683342","31.538582","0.802976"
"D:\HAA\dACC revisions\Run 4\Br2720_dACC_20x_img_020-MaxIP-Stitched_unmixed_rotated.nd2","Layer 1","dACC_v17_ FISH-IF v2.4.4","880","5408","5433","1006","1028","0","0","0","0","1","1","3638.264","0","361.87527","0","0","0","0","0","0","0","0","0","0","0","0","0","0","0","0","0","0","0","0","64.48932","43.913494","20.57582","21.669365","0.742743"
"D:\HAA\dACC revisions\Run 4\Br2720_dACC_20x_img_020-MaxIP-Stitched_unmixed_rotated.nd2","Layer 1","dACC_v17_ FISH-IF v2.4.4","881","5377","5406","1008","1035","0","0","0","0","1","1","2429.5735","0","383.74313","0","0","0","0","0","0","0","0","0","0","0","0","0","0","0","1","0.828557","0","409.445","494.16666","107.85044","75.26055","32.58989","25.316685","0.807001"
"D:\HAA\dACC revisions\Run 4\Br2720_dACC_20x_img_020-MaxIP-Stitched_unmixed_rotated.nd2","Layer 1","dACC_v17_ FISH-IF v2.4.4","882","5119","5146","1009","1030","0","0","1","0","1","1","1505.6758","0","220.54254","0","0","0","0","0","2","2.853917","0","2119.6777","742.7258","0","0","0","0","0","4","6.674483","1","4358.898","653.069","82.76359","66.00834","16.755255","18.451143","0.71755"
"D:\HAA\dACC revisions\Run 4\Br2720_dACC_20x_img_020-MaxIP-Stitched_unmixed_rotated.nd2","Layer 1","dACC_v17_ FISH-IF v2.4.4","883","5229","5252","1035","1053","0","0","0","0","1","1","1426.0333","0","176.78363","0","0","0","0","0","1","0.874587","0","660.5897","755.3158","0","0","0","0","0","0","0","0","0","0","64.7655","55.099007","9.666492","13.301987","0.743523"
"D:\HAA\dACC revisions\Run 4\Br2720_dACC_20x_img_020-MaxIP-Stitched_unmixed_rotated.nd2","Layer 1","dACC_v17_ FISH-IF v2.4.4","884","5096","5114","1131","1147","0","0","0","0","1","1","680.74194","0","158.38089","0","0","0","0","0","0","0","0","0","0","0","0","0","0","0","0","0","0","0","0","40.921486","38.06757","2.853917","6.865541","0.757044"
"D:\HAA\dACC revisions\Run 4\Br2720_dACC_20x_img_020-MaxIP-Stitched_unmixed_rotated.nd2","Layer 1","dACC_v17_ FISH-IF v2.4.4","885","5255","5285","1132","1157","0","0","0","1","1","1","2004.264","0","418.5937","5","12.934688","1","20745.352","1603.8541","0","0","0","0","0","0","0","0","0","0","0","0","0","0","0","109.18533","78.85096","30.334375","25.316685","0.747777"
"D:\HAA\dACC revisions\Run 4\Br2720_dACC_20x_img_020-MaxIP-Stitched_unmixed_rotated.nd2","Layer 1","dACC_v17_ FISH-IF v2.4.4","886","5165","5201","1134","1157","0","0","0","0","1","1","3130.338","0","327.68335","0","0","0","0","0","0","0","0","0","0","0","0","0","0","0","0","0","0","0","0","121.19941","88.24127","32.958138","27.891262","0.645133"
"D:\HAA\dACC revisions\Run 4\Br2720_dACC_20x_img_020-MaxIP-Stitched_unmixed_rotated.nd2","Layer 1","dACC_v17_ FISH-IF v2.4.4","887","5085","5107","1144","1164","0","0","0","0","1","1","1226.8087","0","200.38007","0","0","0","0","0","0","0","0","0","0","0","0","0","0","0","1","0.460309","0","212.29459","461.2","65.087715","54.500607","10.587111","14.589275","0.727543"
"D:\HAA\dACC revisions\Run 4\Br2720_dACC_20x_img_020-MaxIP-Stitched_unmixed_rotated.nd2","Layer 1","dACC_v17_ FISH-IF v2.4.4","888","5311","5330","1153","1174","0","0","0","0","1","1","1035.2468","0","166.47064","0","0","0","0","0","0","0","0","0","0","0","0","0","0","0","0","0","0","0","0","56.66406","49.391174","7.272885","11.585601","0.827472"
"D:\HAA\dACC revisions\Run 4\Br2720_dACC_20x_img_020-MaxIP-Stitched_unmixed_rotated.nd2","Layer 1","dACC_v17_ FISH-IF v2.4.4","889","5245","5267","1156","1174","0","0","0","0","1","1","896.4771","0","165.85983","0","0","0","0","0","0","0","0","0","0","0","0","0","0","0","0","0","0","0","0","58.275143","51.23241","7.04273","12.014698","0.645013"
"D:\HAA\dACC revisions\Run 4\Br2720_dACC_20x_img_020-MaxIP-Stitched_unmixed_rotated.nd2","Layer 1","dACC_v17_ FISH-IF v2.4.4","890","5018","5052","1164","1191","1","1","0","0","1","1","2291.0713","0","285.97034","0","0","0","0","0","22","23.429737","3","22587.51","964.05304","7","6.628452","1","5027.635","758.49304","0","0","0","0","0","130.08337","90.036476","40.046898","30.251291","0.708016"
"D:\HAA\dACC revisions\Run 4\Br2720_dACC_20x_img_020-MaxIP-Stitched_unmixed_rotated.nd2","Layer 1","dACC_v17_ FISH-IF v2.4.4","891","5206","5230","1179","1208","0","0","0","1","1","1","3386.8608","0","388.085","5","14.867987","1","24615.125","1655.579","0","0","0","0","0","0","0","0","0","0","0","0","0","0","0","96.71096","74.201836","22.509119","22.742105","0.657563"
"D:\HAA\dACC revisions\Run 4\Br2720_dACC_20x_img_020-MaxIP-Stitched_unmixed_rotated.nd2","Layer 1","dACC_v17_ FISH-IF v2.4.4","892","5176","5200","1294","1317","0","0","0","0","1","1","2563.2566","0","319.5676","0","0","0","0","0","0","0","0","0","0","0","0","0","0","0","0","0","0","0","0","82.625496","65.04169","17.58381","18.451143","0.764825"
"D:\HAA\dACC revisions\Run 4\Br2720_dACC_20x_img_020-MaxIP-Stitched_unmixed_rotated.nd2","Layer 1","dACC_v17_ FISH-IF v2.4.4","893","5140","5166","1308","1341","0","0","0","0","1","1","2002.8065","0","319.47626","0","0","0","0","0","0","0","0","0","0","0","0","0","0","0","0","0","0","0","0","118.16136","84.37467","33.786694","27.891262","0.726679"
"D:\HAA\dACC revisions\Run 4\Br2720_dACC_20x_img_020-MaxIP-Stitched_unmixed_rotated.nd2","Layer 1","dACC_v17_ FISH-IF v2.4.4","894","5289","5307","1319","1335","0","0","0","0","1","1","357.08","0","138.6837","0","0","0","0","0","0","0","0","0","0","0","0","0","0","0","0","0","0","0","0","40.13896","37.837414","2.301546","6.436445","0.770797"
"D:\HAA\dACC revisions\Run 4\Br2720_dACC_20x_img_020-MaxIP-Stitched_unmixed_rotated.nd2","Layer 1","dACC_v17_ FISH-IF v2.4.4","895","5290","5317","1335","1369","0","0","0","0","1","1","1153.2303","0","233.08133","0","0","0","0","0","0","0","0","0","0","0","0","0","0","0","0","0","0","0","0","116.50425","87.73493","28.769323","30.036743","0.532756"
"D:\HAA\dACC revisions\Run 4\Br2720_dACC_20x_img_020-MaxIP-Stitched_unmixed_rotated.nd2","Layer 1","dACC_v17_ FISH-IF v2.4.4","896","5024","5045","1360","1388","0","0","0","0","1","1","1015.9655","0","222.4085","0","0","0","0","0","0","0","0","0","0","0","0","0","0","0","0","0","0","0","0","84.512764","67.15911","17.353657","19.738432","0.682682"
"D:\HAA\dACC revisions\Run 4\Br2720_dACC_20x_img_020-MaxIP-Stitched_unmixed_rotated.nd2","Layer 1","dACC_v17_ FISH-IF v2.4.4","897","5405","5436","1398","1424","0","0","0","0","1","1","3211.6646","0","343.57553","0","0","0","0","0","0","0","0","0","0","0","0","0","0","0","1","0.552371","0","250.91454","454.25","110.75039","80.139824","30.61056","26.174877","0.710739"
"D:\HAA\dACC revisions\Run 4\Br2720_dACC_20x_img_020-MaxIP-Stitched_unmixed_rotated.nd2","Layer 1","dACC_v17_ FISH-IF v2.4.4","898","7112","7149","2603","2632","0","0","0","0","1","1","1973.6072","0","345.5588","0","0","0","0","0","0","0","0","0","0","0","0","0","0","0","0","0","0","0","0","148.95605","97.86173","51.09432","36.25864","0.680757"
"D:\HAA\dACC revisions\Run 4\Br2720_dACC_20x_img_020-MaxIP-Stitched_unmixed_rotated.nd2","Layer 1","dACC_v17_ FISH-IF v2.4.4","899","7026","7054","2609","2635","0","0","0","0","1","1","2749.593","0","589.33185","0","0","0","0","0","0","0","0","0","0","0","0","0","0","0","0","0","0","0","0","99.28869","72.820915","26.467777","24.029396","0.810734"
"D:\HAA\dACC revisions\Run 4\Br2720_dACC_20x_img_020-MaxIP-Stitched_unmixed_rotated.nd2","Layer 1","dACC_v17_ FISH-IF v2.4.4","900","7086","7104","2613","2629","0","0","0","0","1","1","2603.8035","0","368.3218","0","0","0","0","0","0","0","0","0","0","0","0","0","0","0","0","0","0","0","0","35.996178","30.61056","5.385617","9.44012","0.844156"
"D:\HAA\dACC revisions\Run 4\Br2720_dACC_20x_img_020-MaxIP-Stitched_unmixed_rotated.nd2","Layer 1","dACC_v17_ FISH-IF v2.4.4","901","7090","7118","2623","2671","0","0","0","0","1","1","2149.4666","0","345.21475","0","0","0","0","0","0","0","0","0","0","0","0","0","0","0","0","0","0","0","0","175.60796","119.17404","56.433907","45.269665","0.48763"
"D:\HAA\dACC revisions\Run 4\Br2720_dACC_20x_img_020-MaxIP-Stitched_unmixed_rotated.nd2","Layer 1","dACC_v17_ FISH-IF v2.4.4","902","7049","7070","2624","2645","0","0","0","0","1","1","2378.529","0","253.135","0","0","0","0","0","0","0","0","0","0","0","0","0","0","0","0","0","0","0","0","61.313183","51.830814","9.482369","13.301987","0.76295"
"D:\HAA\dACC revisions\Run 4\Br2720_dACC_20x_img_020-MaxIP-Stitched_unmixed_rotated.nd2","Layer 1","dACC_v17_ FISH-IF v2.4.4","903","7083","7111","2682","2715","0","0","0","0","1","1","1839.5181","0","244.41501","0","0","0","0","0","0","0","0","0","0","0","0","0","0","0","0","0","0","0","0","112.03925","85.29529","26.743963","30.036743","0.561475"
"D:\HAA\dACC revisions\Run 4\Br2720_dACC_20x_img_020-MaxIP-Stitched_unmixed_rotated.nd2","Layer 1","dACC_v17_ FISH-IF v2.4.4","904","7064","7083","2695","2717","0","0","0","0","1","1","1044.3347","0","182.61302","0","0","0","0","0","0","0","0","0","0","0","0","0","0","0","0","0","0","0","0","63.614727","52.337154","11.277575","15.018372","0.712949"
"D:\HAA\dACC revisions\Run 4\Br2720_dACC_20x_img_020-MaxIP-Stitched_unmixed_rotated.nd2","Layer 1","dACC_v17_ FISH-IF v2.4.4","905","7065","7080","2716","2731","0","0","0","0","1","1","798.8095","0","473.7364","0","0","0","0","0","0","0","0","0","0","0","0","0","0","0","0","0","0","0","0","33.18829","31.254993","1.933299","5.7928","0.6479"
"D:\HAA\dACC revisions\Run 4\Br2720_dACC_20x_img_020-MaxIP-Stitched_unmixed_rotated.nd2","Layer 1","dACC_v17_ FISH-IF v2.4.4","906","7044","7067","2718","2743","0","0","0","0","1","1","2868.3623","0","468.3041","0","0","0","0","0","0","0","0","0","0","0","0","0","0","0","0","0","0","0","0","90.45075","64.02901","26.421747","24.029396","0.650815"
"D:\HAA\dACC revisions\Run 4\Br2720_dACC_20x_img_020-MaxIP-Stitched_unmixed_rotated.nd2","Layer 1","dACC_v17_ FISH-IF v2.4.4","907","7078","7104","2720","2750","0","0","0","0","1","1","2738.7815","0","403.52948","0","0","0","0","0","0","0","0","0","0","0","0","0","0","0","0","0","0","0","0","109.92183","80.416016","29.505817","26.174877","0.677212"
"D:\HAA\dACC revisions\Run 4\Br2720_dACC_20x_img_020-MaxIP-Stitched_unmixed_rotated.nd2","Layer 1","dACC_v17_ FISH-IF v2.4.4","908","7047","7068","2744","2760","0","0","0","0","1","1","2167.058","0","440.11926","0","0","0","0","0","0","0","0","0","0","0","0","0","0","0","0","0","0","0","0","50.449886","40.13896","10.310925","14.803823","0.680359"
"D:\HAA\dACC revisions\Run 4\Br2720_dACC_20x_img_020-MaxIP-Stitched_unmixed_rotated.nd2","Layer 1","dACC_v17_ FISH-IF v2.4.4","909","7047","7071","2763","2784","0","0","0","0","1","1","2696.017","0","359.47113","0","0","0","0","0","0","0","0","0","0","0","0","0","0","0","0","0","0","0","0","80.18586","55.78947","24.396387","22.956654","0.658796"
"D:\HAA\dACC revisions\Run 4\Br2720_dACC_20x_img_020-MaxIP-Stitched_unmixed_rotated.nd2","Layer 1","dACC_v17_ FISH-IF v2.4.4","910","7030","7046","2763","2785","0","0","0","0","1","1","2502.1926","0","464.91843","0","0","0","0","0","0","0","0","0","0","0","0","0","0","0","0","0","0","0","0","55.05298","41.19767","13.855307","15.447468","0.801496"
"D:\HAA\dACC revisions\Run 4\Br2720_dACC_20x_img_020-MaxIP-Stitched_unmixed_rotated.nd2","Layer 1","dACC_v17_ FISH-IF v2.4.4","911","7045","7061","2784","2798","0","0","0","0","1","1","897","0","254.89818","0","0","0","0","0","0","0","0","0","0","0","0","0","0","0","0","0","0","0","0","31.162931","30.288343","0.874587","3.432771","0.753787"
"D:\HAA\dACC revisions\Run 4\Br2720_dACC_20x_img_020-MaxIP-Stitched_unmixed_rotated.nd2","Layer 1","dACC_v17_ FISH-IF v2.4.4","912","7018","7039","2865","2881","0","0","0","0","1","1","2956.9194","0","300.17984","0","0","0","0","0","0","0","0","0","0","0","0","0","0","0","0","0","0","0","0","52.15303","37.883446","14.269585","15.662017","0.826687"
"D:\HAA\dACC revisions\Run 4\Br2720_dACC_20x_img_020-MaxIP-Stitched_unmixed_rotated.nd2","Layer 1","dACC_v17_ FISH-IF v2.4.4","913","7019","7052","2876","2906","0","0","0","0","1","1","1960.4458","0","488.84015","0","0","0","0","0","0","0","0","0","0","0","0","0","0","0","0","0","0","0","0","121.75178","78.896996","42.854786","33.469513","0.662707"
"D:\HAA\dACC revisions\Run 4\Br2720_dACC_20x_img_020-MaxIP-Stitched_unmixed_rotated.nd2","Layer 1","dACC_v17_ FISH-IF v2.4.4","914","6979","6999","1952","1971","0","0","0","0","1","1","1800.9865","0","183.061","0","0","0","0","0","0","0","0","0","0","0","0","0","0","0","0","0","0","0","0","55.05298","48.286434","6.766545","10.727408","0.883654"
"D:\HAA\dACC revisions\Run 4\Br2720_dACC_20x_img_020-MaxIP-Stitched_unmixed_rotated.nd2","Layer 1","dACC_v17_ FISH-IF v2.4.4","915","6857","6877","1967","1995","0","0","0","0","1","1","1814.0958","0","329.57703","0","0","0","0","0","0","0","0","0","0","0","0","0","0","0","0","0","0","0","0","81.106476","65.73215","15.374327","18.88024","0.634573"
"D:\HAA\dACC revisions\Run 4\Br2720_dACC_20x_img_020-MaxIP-Stitched_unmixed_rotated.nd2","Layer 1","dACC_v17_ FISH-IF v2.4.4","916","6622","6653","1989","2015","0","0","0","1","1","1","3074.443","0","454.3838","5","7.779225","1","8033.0396","1032.6272","0","0","0","0","0","0","0","0","0","0","0","0","0","0","0","114.61698","81.79694","32.820045","25.96033","0.75408"
"D:\HAA\dACC revisions\Run 4\Br2720_dACC_20x_img_020-MaxIP-Stitched_unmixed_rotated.nd2","Layer 1","dACC_v17_ FISH-IF v2.4.4","917","6997","7017","2022","2043","0","0","0","0","1","1","1431.6724","0","195.3","0","0","0","0","0","0","0","0","0","0","0","0","0","0","0","0","0","0","0","0","58.64339","50.63401","8.009379","12.443794","0.819612"
"D:\HAA\dACC revisions\Run 4\Br2720_dACC_20x_img_020-MaxIP-Stitched_unmixed_rotated.nd2","Layer 1","dACC_v17_ FISH-IF v2.4.4","918","6955","6978","1408","1429","0","0","0","0","1","1","3037.6458","0","567.59106","0","0","0","0","0","0","0","0","0","0","0","0","0","0","0","0","0","0","0","0","68.86225","45.478546","23.383705","22.956654","0.786634"
"D:\HAA\dACC revisions\Run 4\Br2720_dACC_20x_img_020-MaxIP-Stitched_unmixed_rotated.nd2","Layer 1","dACC_v17_ FISH-IF v2.4.4","919","6928","6954","1409","1430","0","0","0","0","1","1","2961.6719","0","514.348","0","0","0","0","0","0","0","0","0","0","0","0","0","0","0","0","0","0","0","0","75.58276","60.576687","15.006079","17.59295","0.74487"
"D:\HAA\dACC revisions\Run 4\Br2720_dACC_20x_img_020-MaxIP-Stitched_unmixed_rotated.nd2","Layer 1","dACC_v17_ FISH-IF v2.4.4","920","6972","7004","1416","1436","0","0","0","0","1","1","2596.2412","0","498.57343","0","0","0","0","0","0","0","0","0","0","0","0","0","0","0","0","0","0","0","0","86.676216","65.502","21.174223","25.102137","0.487226"
"D:\HAA\dACC revisions\Run 4\Br2720_dACC_20x_img_020-MaxIP-Stitched_unmixed_rotated.nd2","Layer 1","dACC_v17_ FISH-IF v2.4.4","921","7001","7020","1424","1440","0","0","0","0","1","1","1564.3672","0","298.8426","0","0","0","0","0","0","0","0","0","0","0","0","0","0","0","0","0","0","0","0","44.327774","34.799374","9.528399","12.87289","0.738103"
"D:\HAA\dACC revisions\Run 4\Br2720_dACC_20x_img_020-MaxIP-Stitched_unmixed_rotated.nd2","Layer 1","dACC_v17_ FISH-IF v2.4.4","922","6916","6931","1424","1438","0","0","0","0","1","1","887.3333","0","368.8065","0","0","0","0","0","0","0","0","0","0","0","0","0","0","0","0","0","0","0","0","30.978807","29.735973","1.242835","4.290963","0.681587"
"D:\HAA\dACC revisions\Run 4\Br2720_dACC_20x_img_020-MaxIP-Stitched_unmixed_rotated.nd2","Layer 1","dACC_v17_ FISH-IF v2.4.4","923","6688","6708","1432","1451","0","0","0","0","1","1","1032.338","0","216.91426","0","0","0","0","0","0","0","0","0","0","0","0","0","0","0","0","0","0","0","0","54.316483","47.780094","6.53639","10.727408","0.889698"
"D:\HAA\dACC revisions\Run 4\Br2720_dACC_20x_img_020-MaxIP-Stitched_unmixed_rotated.nd2","Layer 1","dACC_v17_ FISH-IF v2.4.4","924","6919","6945","1432","1455","0","0","0","0","1","1","376.15143","0","244.5735","0","0","0","0","0","0","0","0","0","0","0","0","0","0","0","0","0","0","0","0","88.97776","69.8289","19.14886","21.02572","0.684898"
"D:\HAA\dACC revisions\Run 4\Br2720_dACC_20x_img_020-MaxIP-Stitched_unmixed_rotated.nd2","Layer 1","dACC_v17_ FISH-IF v2.4.4","925","6762","6781","1445","1464","0","0","0","0","1","1","402.73108","0","125.579475","0","0","0","0","0","0","0","0","0","0","0","0","0","0","0","0","0","0","0","0","51.23241","45.75473","5.477679","9.869216","0.856558"
"D:\HAA\dACC revisions\Run 4\Br2720_dACC_20x_img_020-MaxIP-Stitched_unmixed_rotated.nd2","Layer 1","dACC_v17_ FISH-IF v2.4.4","926","6831","6857","1445","1473","0","0","0","0","1","1","3455.0967","0","437.25","0","0","0","0","0","0","0","0","0","0","0","0","0","0","0","0","0","0","0","0","108.49487","77.51607","30.978807","24.458492","0.882915"
"D:\HAA\dACC revisions\Run 4\Br2720_dACC_20x_img_020-MaxIP-Stitched_unmixed_rotated.nd2","Layer 1","dACC_v17_ FISH-IF v2.4.4","927","6790","6816","1451","1475","0","0","0","0","1","1","3326.5215","0","495.76782","0","0","0","0","0","0","0","0","0","0","0","0","0","0","0","1","1.242835","0","736.1264","592.2963","97.07921","72.3606","24.718603","21.02572","0.843556"
"D:\HAA\dACC revisions\Run 4\Br2720_dACC_20x_img_020-MaxIP-Stitched_unmixed_rotated.nd2","Layer 1","dACC_v17_ FISH-IF v2.4.4","928","6977","7008","1470","1496","0","0","0","0","1","1","3141.392","0","412.85287","0","0","0","0","0","0","0","0","0","0","1","0.552371","0","398.76584","721.9167","0","0","0","0","0","96.6189","66.33055","30.288343","27.03307","0.70111"
"D:\HAA\dACC revisions\Run 4\Br2720_dACC_20x_img_020-MaxIP-Stitched_unmixed_rotated.nd2","Layer 1","dACC_v17_ FISH-IF v2.4.4","929","6944","6965","1478","1500","0","0","0","0","1","1","3046.1802","0","463.72806","0","0","0","0","0","0","0","0","0","0","0","0","0","0","0","0","0","0","0","0","70.61143","53.994267","16.61716","19.309336","0.599728"
"D:\HAA\dACC revisions\Run 4\Br2720_dACC_20x_img_020-MaxIP-Stitched_unmixed_rotated.nd2","Layer 1","dACC_v17_ FISH-IF v2.4.4","930","6965","6995","1481","1501","0","0","0","0","1","1","2422.8079","0","510.73215","0","0","0","0","0","0","0","0","0","0","0","0","0","0","0","0","0","0","0","0","81.79694","59.287823","22.509119","28.10581","0.462175"
"D:\HAA\dACC revisions\Run 4\Br2720_dACC_20x_img_020-MaxIP-Stitched_unmixed_rotated.nd2","Layer 1","dACC_v17_ FISH-IF v2.4.4","931","6859","6889","1493","1515","0","0","0","0","1","1","2999.2085","0","500.9568","0","0","0","0","0","0","0","0","0","0","0","0","0","0","0","0","0","0","0","0","97.2173","64.99566","32.22164","25.74578","0.774122"
"D:\HAA\dACC revisions\Run 4\Br2720_dACC_20x_img_020-MaxIP-Stitched_unmixed_rotated.nd2","Layer 1","dACC_v17_ FISH-IF v2.4.4","932","6998","7017","1496","1513","0","0","0","0","1","1","2475.8865","0","272.78333","0","0","0","0","0","0","0","0","0","0","0","0","0","0","0","0","0","0","0","0","45.06427","36.962826","8.101441","13.516535","0.63251"
"D:\HAA\dACC revisions\Run 4\Br2720_dACC_20x_img_020-MaxIP-Stitched_unmixed_rotated.nd2","Layer 1","dACC_v17_ FISH-IF v2.4.4","933","6975","6996","1503","1531","0","0","0","0","1","1","2934.8745","0","735.59454","0","0","0","0","0","0","0","0","0","0","0","0","0","0","0","0","0","0","0","0","88.011116","54.27045","33.74066","26.174877","0.812493"
"D:\HAA\dACC revisions\Run 4\Br2720_dACC_20x_img_020-MaxIP-Stitched_unmixed_rotated.nd2","Layer 1","dACC_v17_ FISH-IF v2.4.4","934","6959","6977","1503","1523","0","0","0","0","1","1","2820.544","0","421.39758","1","1.565051","0","1267.139","809.64703","0","0","0","0","0","0","0","0","0","0","0","0","0","0","0","44.972206","30.334375","14.637832","16.734756","0.747582"
"D:\HAA\dACC revisions\Run 4\Br2720_dACC_20x_img_020-MaxIP-Stitched_unmixed_rotated.nd2","Layer 1","dACC_v17_ FISH-IF v2.4.4","935","6993","7009","1510","1535","0","0","0","0","1","1","2826.8586","0","598.14044","0","0","0","0","0","0","0","0","0","0","0","0","0","0","0","0","0","0","0","0","58.873543","40.6453","18.228243","22.098461","0.60713"
"D:\HAA\dACC revisions\Run 4\Br2720_dACC_20x_img_020-MaxIP-Stitched_unmixed_rotated.nd2","Layer 1","dACC_v17_ FISH-IF v2.4.4","936","6863","6889","1514","1537","0","0","0","0","1","1","3372.5315","0","537.5653","0","0","0","0","0","0","0","0","0","0","0","0","0","0","0","0","0","0","0","0","88.83967","60.25447","28.5852","24.029396","0.790855"
"D:\HAA\dACC revisions\Run 4\Br2720_dACC_20x_img_020-MaxIP-Stitched_unmixed_rotated.nd2","Layer 1","dACC_v17_ FISH-IF v2.4.4","937","7009","7019","1511","1528","0","0","0","0","1","1","2895.1748","0","555.69244","0","0","0","0","0","0","0","0","0","0","0","0","0","0","0","0","0","0","0","0","29.735973","24.99479","4.741185","9.44012","0.864786"
"D:\HAA\dACC revisions\Run 4\Br2720_dACC_20x_img_020-MaxIP-Stitched_unmixed_rotated.nd2","Layer 1","dACC_v17_ FISH-IF v2.4.4","938","6958","6974","1517","1531","0","0","0","0","1","1","2580.5671","0","528.9097","0","0","0","0","0","0","0","0","0","0","0","0","0","0","0","0","0","0","0","0","26.0535","19.885357","6.168143","10.298312","0.809387"
"D:\HAA\dACC revisions\Run 4\Br2720_dACC_20x_img_020-MaxIP-Stitched_unmixed_rotated.nd2","Layer 1","dACC_v17_ FISH-IF v2.4.4","939","6937","6967","1514","1538","0","0","0","0","1","1","2597.1765","0","344.696","0","0","0","0","0","0","0","0","0","0","0","0","0","0","0","0","0","0","0","0","85.663536","63.75282","21.910717","24.67304","0.572923"
"D:\HAA\dACC revisions\Run 4\Br2720_dACC_20x_img_020-MaxIP-Stitched_unmixed_rotated.nd2","Layer 1","dACC_v17_ FISH-IF v2.4.4","940","7004","7025","1531","1554","0","0","0","0","1","1","3573.0525","0","411.4375","0","0","0","0","0","0","0","0","0","0","0","0","0","0","0","0","0","0","0","0","61.72746","44.189682","17.537779","18.236595","0.895971"
"D:\HAA\dACC revisions\Run 4\Br2720_dACC_20x_img_020-MaxIP-Stitched_unmixed_rotated.nd2","Layer 1","dACC_v17_ FISH-IF v2.4.4","941","6951","7004","1535","1563","0","0","0","0","1","1","2773.4194","0","509.65134","1","2.02536","0","1866.5997","921.61365","0","0","0","0","0","0","0","0","0","0","0","0","0","0","0","150.10683","98.09189","52.01494","49.34608","0.388962"
"D:\HAA\dACC revisions\Run 4\Br2720_dACC_20x_img_020-MaxIP-Stitched_unmixed_rotated.nd2","Layer 1","dACC_v17_ FISH-IF v2.4.4","942","6993","7013","1536","1559","0","0","0","0","1","1","3573.7954","0","550.6139","0","0","0","0","0","0","0","0","0","0","0","0","0","0","0","0","0","0","0","0","44.696022","30.518497","14.177523","17.163853","0.821681"
"D:\HAA\dACC revisions\Run 4\Br2720_dACC_20x_img_020-MaxIP-Stitched_unmixed_rotated.nd2","Layer 1","dACC_v17_ FISH-IF v2.4.4","943","6937","6959","1544","1570","0","0","0","0","1","1","3049.8813","0","377.515","2","6.398297","0","7956.582","1243.5468","0","0","0","0","0","0","0","0","0","0","0","0","0","0","0","69.644775","49.06896","20.57582","20.596624","0.755316"
"D:\HAA\dACC revisions\Run 4\Br2720_dACC_20x_img_020-MaxIP-Stitched_unmixed_rotated.nd2","Layer 1","dACC_v17_ FISH-IF v2.4.4","944","6953","6974","1548","1568","0","0","0","0","1","1","2968.0437","0","336.88504","0","0","0","0","0","0","0","0","0","0","0","0","0","0","0","1","0.460309","0","199.08372","432.5","42.11829","25.224943","16.893347","19.95298","0.616886"
"D:\HAA\dACC revisions\Run 4\Br2720_dACC_20x_img_020-MaxIP-Stitched_unmixed_rotated.nd2","Layer 1","dACC_v17_ FISH-IF v2.4.4","945","6983","7003","1569","1591","0","0","0","0","1","1","2926.5881","0","391.2321","0","0","0","0","0","0","0","0","0","0","0","0","0","0","0","0","0","0","0","0","65.87024","53.349834","12.52041","15.018372","0.882193"
"D:\HAA\dACC revisions\Run 4\Br2720_dACC_20x_img_020-MaxIP-Stitched_unmixed_rotated.nd2","Layer 1","dACC_v17_ FISH-IF v2.4.4","946","6962","6985","1574","1596","0","0","0","0","1","1","1706.8807","0","285.21143","0","0","0","0","0","0","0","0","0","0","0","0","0","0","0","0","0","0","0","0","71.163795","57.262463","13.901337","16.734756","0.785358"
"D:\HAA\dACC revisions\Run 4\Br2720_dACC_20x_img_020-MaxIP-Stitched_unmixed_rotated.nd2","Layer 1","dACC_v17_ FISH-IF v2.4.4","947","6940","6960","1586","1609","0","0","0","0","1","1","1108.3649","0","180.39192","0","0","0","0","0","0","0","0","0","0","0","0","0","0","0","0","0","0","0","0","64.44328","54.730762","9.712523","14.803823","0.650081"
"D:\HAA\dACC revisions\Run 4\Br2720_dACC_20x_img_020-MaxIP-Stitched_unmixed_rotated.nd2","Layer 1","dACC_v17_ FISH-IF v2.4.4","948","6950","6969","1605","1625","0","0","0","0","1","1","664.51807","0","185.5","0","0","0","0","0","0","0","0","0","0","0","0","0","0","0","0","0","0","0","0","53.487926","45.846794","7.641132","12.014698","0.746946"
"D:\HAA\dACC revisions\Run 4\Br2720_dACC_20x_img_020-MaxIP-Stitched_unmixed_rotated.nd2","Layer 1","dACC_v17_ FISH-IF v2.4.4","949","6940","6953","1610","1626","0","0","0","0","1","1","678.05","0","200.16031","0","0","0","0","0","0","0","0","0","0","0","0","0","0","0","0","0","0","0","0","31.07087","30.150251","0.920618","3.861867","0.56419"
"D:\HAA\dACC revisions\Run 4\Br2720_dACC_20x_img_020-MaxIP-Stitched_unmixed_rotated.nd2","Layer 1","dACC_v17_ FISH-IF v2.4.4","950","6913","6939","1623","1655","0","0","0","1","1","1","2476.5562","0","605.6951","7","17.07747","1","19443.092","1138.523","0","0","0","0","0","0","0","0","0","0","0","0","0","0","0","117.19472","85.157196","32.037518","27.03307","0.676287"
"D:\HAA\dACC revisions\Run 4\Br2720_dACC_20x_img_020-MaxIP-Stitched_unmixed_rotated.nd2","Layer 1","dACC_v17_ FISH-IF v2.4.4","951","6924","6944","1664","1686","0","0","0","0","1","1","1155.9955","0","216.96973","1","0.782526","0","627.12524","801.41174","0","0","0","0","0","0","0","0","0","0","0","0","0","0","0","64.85756","54.730762","10.126801","13.731083","0.792689"
"D:\HAA\dACC revisions\Run 4\Br2720_dACC_20x_img_020-MaxIP-Stitched_unmixed_rotated.nd2","Layer 1","dACC_v17_ FISH-IF v2.4.4","952","2660","2687","2612","2639","0","0","0","0","1","1","2766.8398","0","547.862","0","0","0","0","0","0","0","0","0","0","1","0.552371","0","678.1275","920.75","0","0","0","0","0","107.804405","77.055756","30.748653","24.243944","0.919499"
"D:\HAA\dACC revisions\Run 4\Br2720_dACC_20x_img_020-MaxIP-Stitched_unmixed_rotated.nd2","Layer 1","dACC_v17_ FISH-IF v2.4.4","953","2601","2647","2617","2649","0","0","0","0","1","1","1170.4386","0","279.04352","0","0","0","0","0","0","0","0","0","0","0","0","0","0","0","2","1.795206","0","1113.0276","537.3333","204.23918","120.601006","83.638176","44.62602","0.697986"
"D:\HAA\dACC revisions\Run 4\Br2720_dACC_20x_img_020-MaxIP-Stitched_unmixed_rotated.nd2","Layer 1","dACC_v17_ FISH-IF v2.4.4","954","2715","2755","2666","2708","0","0","1","0","1","1","1036.7941","0","250.02443","0","0","0","0","0","3","2.899948","0","2289.67","789.55554","3","2.899948","0","2510.9404","865.8571","8","14.867987","1","8927.513","600.452","240.05124","131.87859","108.17265","48.058792","0.741163"
"D:\HAA\dACC revisions\Run 4\Br2720_dACC_20x_img_020-MaxIP-Stitched_unmixed_rotated.nd2","Layer 1","dACC_v17_ FISH-IF v2.4.4","955","2794","2820","2668","2691","0","0","0","1","1","1","3344.0557","0","449.57904","5","12.934688","1","15288.341","1181.9644","0","0","0","0","0","0","0","0","0","0","0","0","0","0","0","91.27931","68.125755","23.153551","20.596624","0.852687"
"D:\HAA\dACC revisions\Run 4\Br2720_dACC_20x_img_020-MaxIP-Stitched_unmixed_rotated.nd2","Layer 1","dACC_v17_ FISH-IF v2.4.4","956","2798","2824","2690","2716","0","0","0","0","1","1","3172.3098","0","524.14716","3","6.950668","0","6650.639","956.8344","0","0","0","0","0","0","0","0","0","0","0","0","0","0","0","100.715645","73.833595","26.882055","23.600298","0.822403"
"D:\HAA\dACC revisions\Run 4\Br2720_dACC_20x_img_020-MaxIP-Stitched_unmixed_rotated.nd2","Layer 1","dACC_v17_ FISH-IF v2.4.4","957","3009","3033","2718","2742","0","0","0","0","1","1","685.9214","0","154.0007","0","0","0","0","0","0","0","0","0","0","0","0","0","0","0","0","0","0","0","0","85.019104","66.28452","18.734583","19.094788","0.809807"
"D:\HAA\dACC revisions\Run 4\Br2720_dACC_20x_img_020-MaxIP-Stitched_unmixed_rotated.nd2","Layer 1","dACC_v17_ FISH-IF v2.4.4","958","2742","2765","2725","2755","0","0","0","0","1","1","3606.1853","0","508.97284","0","0","0","0","0","0","0","0","0","0","0","0","0","0","0","0","0","0","0","0","100.4855","71.163795","29.321695","24.243944","0.749949"
"D:\HAA\dACC revisions\Run 4\Br2720_dACC_20x_img_020-MaxIP-Stitched_unmixed_rotated.nd2","Layer 1","dACC_v17_ FISH-IF v2.4.4","959","2749","2783","2737","2775","0","0","0","0","1","1","1546.8235","0","471.24454","0","0","0","0","0","0","0","0","0","0","0","0","0","0","0","0","0","0","0","0","163.73198","109.73771","53.994267","39.90596","0.595942"
"D:\HAA\dACC revisions\Run 4\Br2720_dACC_20x_img_020-MaxIP-Stitched_unmixed_rotated.nd2","Layer 1","dACC_v17_ FISH-IF v2.4.4","960","2669","2697","2753","2778","0","0","0","0","1","1","3388.898","0","488.0103","0","0","0","0","0","0","0","0","0","0","0","0","0","0","0","2","2.255515","0","1236.2063","548.0816","107.98853","75.95101","32.037518","24.887589","0.793234"
"D:\HAA\dACC revisions\Run 4\Br2720_dACC_20x_img_020-MaxIP-Stitched_unmixed_rotated.nd2","Layer 1","dACC_v17_ FISH-IF v2.4.4","961","2695","2724","2759","2791","0","0","0","0","1","1","1076.9758","0","411.94952","0","0","0","0","0","0","0","0","0","0","0","0","0","0","0","3","1.887268","0","908.97253","481.63416","129.43893","89.392044","40.046898","30.46584","0.660472"
"D:\HAA\dACC revisions\Run 4\Br2720_dACC_20x_img_020-MaxIP-Stitched_unmixed_rotated.nd2","Layer 1","dACC_v17_ FISH-IF v2.4.4","962","2616","2647","2770","2795","0","0","0","0","1","1","3014.2378","0","490.68457","0","0","0","0","0","0","0","0","0","0","0","0","0","0","0","0","0","0","0","0","110.93451","80.55411","30.380405","25.74578","0.725104"
"D:\HAA\dACC revisions\Run 4\Br2720_dACC_20x_img_020-MaxIP-Stitched_unmixed_rotated.nd2","Layer 1","dACC_v17_ FISH-IF v2.4.4","963","2682","2709","2798","2824","0","0","0","0","1","1","3608.9233","0","335.22375","0","0","0","0","0","0","0","0","0","0","0","0","0","0","0","1","0.50634","0","233.42278","461","101.728325","74.06374","27.664581","23.171202","0.914317"
"D:\HAA\dACC revisions\Run 4\Br2720_dACC_20x_img_020-MaxIP-Stitched_unmixed_rotated.nd2","Layer 1","dACC_v17_ FISH-IF v2.4.4","964","2852","2874","2805","2825","0","0","0","0","1","1","1813.771","0","245.66066","0","0","0","0","0","0","0","0","0","0","0","0","0","0","0","0","0","0","0","0","63.430603","53.579987","9.850616","13.731083","0.842487"
"D:\HAA\dACC revisions\Run 4\Br2720_dACC_20x_img_020-MaxIP-Stitched_unmixed_rotated.nd2","Layer 1","dACC_v17_ FISH-IF v2.4.4","965","2684","2707","2853","2880","0","0","0","0","1","1","3348.6099","0","435.46762","0","0","0","0","0","0","0","0","0","0","0","0","0","0","0","0","0","0","0","0","91.14122","70.38127","20.759943","20.596624","0.749755"
"D:\HAA\dACC revisions\Run 4\Br2720_dACC_20x_img_020-MaxIP-Stitched_unmixed_rotated.nd2","Layer 1","dACC_v17_ FISH-IF v2.4.4","966","2705","2725","2887","2906","0","0","0","0","1","1","1075.331","0","152.59103","0","0","0","0","0","0","0","0","0","0","0","0","0","0","0","0","0","0","0","0","54.960915","48.286434","6.674483","10.727408","0.84566"
"D:\HAA\dACC revisions\Run 4\Br2720_dACC_20x_img_020-MaxIP-Stitched_unmixed_rotated.nd2","Layer 1","dACC_v17_ FISH-IF v2.4.4","967","2991","3012","2967","2986","0","0","0","0","1","1","976.1875","0","154.58348","0","0","0","0","0","0","0","0","0","0","0","0","0","0","0","1","1.703144","0","919.4216","539.8378","56.986275","49.62133","7.364947","11.585601","0.830639"
"D:\HAA\dACC revisions\Run 4\Br2720_dACC_20x_img_020-MaxIP-Stitched_unmixed_rotated.nd2","Layer 1","dACC_v17_ FISH-IF v2.4.4","968","2836","2864","2991","3022","0","0","0","0","1","1","2039.862","0","256.08203","0","0","0","0","0","0","0","0","0","0","0","0","0","0","0","0","0","0","0","0","130.81987","88.10317","42.71669","28.749454","0.841177"
"D:\HAA\dACC revisions\Run 4\Br2720_dACC_20x_img_020-MaxIP-Stitched_unmixed_rotated.nd2","Layer 1","dACC_v17_ FISH-IF v2.4.4","969","6518","6547","1872","1898","0","0","0","1","1","1","3083.0747","0","419.10797","11","23.199583","2","50594.19","2180.8235","0","0","0","0","0","0","0","0","0","0","0","0","0","0","0","109.82977","78.43668","31.393085","24.887589","0.823777"
"D:\HAA\dACC revisions\Run 4\Br2720_dACC_20x_img_020-MaxIP-Stitched_unmixed_rotated.nd2","Layer 1","dACC_v17_ FISH-IF v2.4.4","970","6327","6350","2101","2121","0","0","0","1","1","1","2838.0696","0","340.29352","5","12.152163","1","18991.297","1562.7916","0","0","0","0","0","0","0","0","0","0","0","0","0","0","0","70.70349","55.513287","15.190203","16.734756","0.863151"
"D:\HAA\dACC revisions\Run 4\Br2720_dACC_20x_img_020-MaxIP-Stitched_unmixed_rotated.nd2","Layer 1","dACC_v17_ FISH-IF v2.4.4","971","6326","6354","2119","2143","0","0","0","1","1","1","3083.32","0","463.61697","12","28.815355","2","56064.094","1945.6326","0","0","0","0","0","0","0","0","0","0","0","0","0","0","0","92.7523","69.460655","23.291645","23.600298","0.665199"
"D:\HAA\dACC revisions\Run 4\Br2720_dACC_20x_img_020-MaxIP-Stitched_unmixed_rotated.nd2","Layer 1","dACC_v17_ FISH-IF v2.4.4","972","6269","6302","2123","2147","0","0","0","0","1","1","3124.673","0","457.54346","1","0.736495","0","599.87494","814.5","0","0","0","0","0","0","0","0","0","0","0","0","0","0","0","114.15668","83.17787","30.978807","26.174877","0.661531"
"D:\HAA\dACC revisions\Run 4\Br2720_dACC_20x_img_020-MaxIP-Stitched_unmixed_rotated.nd2","Layer 1","dACC_v17_ FISH-IF v2.4.4","973","6478","6499","2150","2171","0","0","0","0","1","1","2511.5322","0","290.94116","0","0","0","0","0","0","0","0","0","0","0","0","0","0","0","0","0","0","0","0","65.502","54.77679","10.725204","14.160179","0.888579"
"D:\HAA\dACC revisions\Run 4\Br2720_dACC_20x_img_020-MaxIP-Stitched_unmixed_rotated.nd2","Layer 1","dACC_v17_ FISH-IF v2.4.4","974","4414","4439","3822","3843","0","0","0","0","1","1","1051.4445","0","185.14296","0","0","0","0","0","1","0.920618","0","627.9538","682.1","1","0.598402","0","393.88657","658.2308","1","0.644433","0","303.1136","470.35715","75.26055","61.17509","14.085461","16.734756","0.753683"
"D:\HAA\dACC revisions\Run 4\Br2720_dACC_20x_img_020-MaxIP-Stitched_unmixed_rotated.nd2","Layer 1","dACC_v17_ FISH-IF v2.4.4","975","4454","4482","3872","3897","0","0","0","1","1","1","3384.7935","0","551.15234","6","12.658503","1","14077.865","1112.1273","0","0","0","0","0","0","0","0","0","0","0","0","0","0","0","95.83637","72.22251","23.613861","22.098461","0.773495"
"D:\HAA\dACC revisions\Run 4\Br2720_dACC_20x_img_020-MaxIP-Stitched_unmixed_rotated.nd2","Layer 1","dACC_v17_ FISH-IF v2.4.4","976","4323","4349","3886","3914","0","0","0","0","1","1","3257.6047","0","347.22043","0","0","0","0","0","0","0","0","0","0","0","0","0","0","0","0","0","0","0","0","102.41879","71.20983","31.208961","24.887589","0.912991"
"D:\HAA\dACC revisions\Run 4\Br2720_dACC_20x_img_020-MaxIP-Stitched_unmixed_rotated.nd2","Layer 1","dACC_v17_ FISH-IF v2.4.4","977","4343","4374","3894","3923","1","1","0","0","1","1","2154.425","0","432.88318","0","0","0","0","0","11","14.821956","2","12582.598","848.91614","12","10.172832","2","8471.99","832.8054","2","1.472989","0","761.3974","516.90625","121.52162","81.56679","39.954838","29.17855","0.813037"
"D:\HAA\dACC revisions\Run 4\Br2720_dACC_20x_img_020-MaxIP-Stitched_unmixed_rotated.nd2","Layer 1","dACC_v17_ FISH-IF v2.4.4","978","4457","4487","3912","3939","1","1","1","0","1","1","873.3732","0","197.99316","0","0","0","0","0","11","13.671183","2","11719.84","857.266","4","2.899948","1","2221.8203","766.15875","4","4.464999","1","2299.0603","484.91263","113.144","80.83029","32.313705","27.03307","0.815736"
"D:\HAA\dACC revisions\Run 4\Br2720_dACC_20x_img_020-MaxIP-Stitched_unmixed_rotated.nd2","Layer 1","dACC_v17_ FISH-IF v2.4.4","979","4392","4422","3929","3956","0","0","0","0","1","1","1819.2345","0","266.99667","0","0","0","0","0","0","0","0","0","0","0","0","0","0","0","0","0","0","0","0","118.85183","83.131836","35.719994","27.03307","0.819546"
"D:\HAA\dACC revisions\Run 4\Br2720_dACC_20x_img_020-MaxIP-Stitched_unmixed_rotated.nd2","Layer 1","dACC_v17_ FISH-IF v2.4.4","980","7063","7086","2222","2243","0","0","0","0","1","1","2153.0312","0","305.6894","0","0","0","0","0","0","0","0","0","0","0","0","0","0","0","0","0","0","0","0","71.30189","58.09102","13.210874","16.30566","0.719483"
"D:\HAA\dACC revisions\Run 4\Br2720_dACC_20x_img_020-MaxIP-Stitched_unmixed_rotated.nd2","Layer 1","dACC_v17_ FISH-IF v2.4.4","981","7086","7113","2226","2249","0","0","0","0","1","1","2004.2008","0","332.33313","0","0","0","0","0","0","0","0","0","0","0","0","0","0","0","0","0","0","0","0","93.85704","70.473335","23.383705","21.454817","0.733495"
"D:\HAA\dACC revisions\Run 4\Br2720_dACC_20x_img_020-MaxIP-Stitched_unmixed_rotated.nd2","Layer 1","dACC_v17_ FISH-IF v2.4.4","982","7137","7157","2235","2254","0","0","0","0","1","1","1999.0652","0","233.21375","0","0","0","0","0","0","0","0","0","0","0","0","0","0","0","0","0","0","0","0","57.354523","48.884834","8.469688","12.443794","0.769697"
"D:\HAA\dACC revisions\Run 4\Br2720_dACC_20x_img_020-MaxIP-Stitched_unmixed_rotated.nd2","Layer 1","dACC_v17_ FISH-IF v2.4.4","983","7130","7146","2259","2274","0","0","0","0","1","1","1677.7612","0","235.71585","0","0","0","0","0","0","0","0","0","0","0","0","0","0","0","0","0","0","0","0","32.405766","29.321695","3.084071","7.08009","0.72788"
"D:\HAA\dACC revisions\Run 4\Br2720_dACC_20x_img_020-MaxIP-Stitched_unmixed_rotated.nd2","Layer 1","dACC_v17_ FISH-IF v2.4.4","984","7134","7153","2267","2285","0","0","0","0","1","1","1679.0544","0","253.35484","0","0","0","0","0","0","0","0","0","0","0","0","0","0","0","0","0","0","0","0","42.440506","35.67396","6.766545","10.727408","0.830585"
"D:\HAA\dACC revisions\Run 4\Br2720_dACC_20x_img_020-MaxIP-Stitched_unmixed_rotated.nd2","Layer 1","dACC_v17_ FISH-IF v2.4.4","985","7137","7165","2282","2313","0","0","0","0","1","1","2193.6934","0","330.7844","0","0","0","0","0","0","0","0","0","0","0","0","0","0","0","0","0","0","0","0","126.354866","87.32065","39.034218","30.46584","0.692457"
"D:\HAA\dACC revisions\Run 4\Br2720_dACC_20x_img_020-MaxIP-Stitched_unmixed_rotated.nd2","Layer 1","dACC_v17_ FISH-IF v2.4.4","986","7049","7073","2297","2321","0","0","0","0","1","1","2860.8083","0","392.3651","1","1.565051","0","1208.4497","772.14703","0","0","0","0","0","0","0","0","0","0","0","0","0","0","0","85.341324","64.67344","20.667881","19.309336","0.909007"
"D:\HAA\dACC revisions\Run 4\Br2720_dACC_20x_img_020-MaxIP-Stitched_unmixed_rotated.nd2","Layer 1","dACC_v17_ FISH-IF v2.4.4","987","7120","7143","2300","2328","0","0","0","0","1","1","2843.8801","0","616.7965","0","0","0","0","0","0","0","0","0","0","0","0","0","0","0","0","0","0","0","0","87.73493","68.54004","19.194893","20.596624","0.694694"
"D:\HAA\dACC revisions\Run 4\Br2720_dACC_20x_img_020-MaxIP-Stitched_unmixed_rotated.nd2","Layer 1","dACC_v17_ FISH-IF v2.4.4","988","7066","7096","2312","2337","0","0","0","0","1","1","3026.3792","0","516.29285","0","0","0","0","0","0","0","0","0","0","0","0","0","0","0","0","0","0","0","0","100.4855","74.98437","25.50113","24.458492","0.646174"
"D:\HAA\dACC revisions\Run 4\Br2720_dACC_20x_img_020-MaxIP-Stitched_unmixed_rotated.nd2","Layer 1","dACC_v17_ FISH-IF v2.4.4","989","7133","7153","2325","2348","0","0","0","0","1","1","1462.2294","0","206.7187","0","0","0","0","0","0","0","0","0","0","0","0","0","0","0","0","0","0","0","0","67.38927","55.14504","12.244224","15.876565","0.757452"
"D:\HAA\dACC revisions\Run 4\Br2720_dACC_20x_img_020-MaxIP-Stitched_unmixed_rotated.nd2","Layer 1","dACC_v17_ FISH-IF v2.4.4","990","7041","7068","2342","2374","0","0","0","1","1","1","3126.4414","0","511.2525","5","10.449018","1","18031.508","1725.6652","0","0","0","0","0","0","0","0","0","0","1","0.644433","0","331.1004","513.7857","109.55358","69.09241","40.461178","31.538582","0.69463"
"D:\HAA\dACC revisions\Run 4\Br2720_dACC_20x_img_020-MaxIP-Stitched_unmixed_rotated.nd2","Layer 1","dACC_v17_ FISH-IF v2.4.4","991","7129","7150","2358","2388","0","0","0","0","1","1","2732.597","0","364.4341","0","0","0","0","0","0","0","0","0","0","0","0","0","0","0","0","0","0","0","0","88.885704","67.75751","21.128191","22.742105","0.633887"
"D:\HAA\dACC revisions\Run 4\Br2720_dACC_20x_img_020-MaxIP-Stitched_unmixed_rotated.nd2","Layer 1","dACC_v17_ FISH-IF v2.4.4","992","7052","7089","2360","2389","0","0","0","0","1","1","3137.3867","0","588.02673","2","5.385617","0","9122.913","1693.9402","0","0","0","0","0","0","0","0","0","0","0","0","0","0","0","127.1374","79.17318","47.964214","35.829544","0.616659"
"D:\HAA\dACC revisions\Run 4\Br2720_dACC_20x_img_020-MaxIP-Stitched_unmixed_rotated.nd2","Layer 1","dACC_v17_ FISH-IF v2.4.4","993","7137","7161","2383","2407","0","0","0","0","1","1","3154.5764","0","465.6869","0","0","0","0","0","0","0","0","0","0","0","0","0","0","0","0","0","0","0","0","66.19246","46.307102","19.885357","23.171202","0.616545"
"D:\HAA\dACC revisions\Run 4\Br2720_dACC_20x_img_020-MaxIP-Stitched_unmixed_rotated.nd2","Layer 1","dACC_v17_ FISH-IF v2.4.4","994","7131","7150","2397","2420","0","0","0","0","1","1","3168.3428","0","537.3611","0","0","0","0","0","0","0","0","0","0","0","0","0","0","0","0","0","0","0","0","58.965607","42.578598","16.387007","18.451143","0.719606"
"D:\HAA\dACC revisions\Run 4\Br2720_dACC_20x_img_020-MaxIP-Stitched_unmixed_rotated.nd2","Layer 1","dACC_v17_ FISH-IF v2.4.4","995","7127","7149","2425","2448","0","0","0","0","1","1","2946.1846","0","556.376","0","0","0","0","0","0","0","0","0","0","0","0","0","0","0","0","0","0","0","0","54.224422","34.52319","19.701233","22.956654","0.613359"
"D:\HAA\dACC revisions\Run 4\Br2720_dACC_20x_img_020-MaxIP-Stitched_unmixed_rotated.nd2","Layer 1","dACC_v17_ FISH-IF v2.4.4","996","7137","7158","2432","2459","0","0","0","0","1","1","3143.7856","0","510.77777","0","0","0","0","0","0","0","0","0","0","0","0","0","0","0","0","0","0","0","0","71.43999","48.884834","22.55515","23.38575","0.712528"
"D:\HAA\dACC revisions\Run 4\Br2720_dACC_20x_img_020-MaxIP-Stitched_unmixed_rotated.nd2","Layer 1","dACC_v17_ FISH-IF v2.4.4","997","7111","7137","2439","2462","0","0","0","0","1","1","3261.7053","0","439.48996","0","0","0","0","0","0","0","0","0","0","0","0","0","0","0","0","0","0","0","0","82.76359","57.30849","25.455097","24.243944","0.719383"
"D:\HAA\dACC revisions\Run 4\Br2720_dACC_20x_img_020-MaxIP-Stitched_unmixed_rotated.nd2","Layer 1","dACC_v17_ FISH-IF v2.4.4","998","7103","7123","2466","2489","0","0","0","0","1","1","3150.3455","0","371.044","0","0","0","0","0","0","0","0","0","0","0","0","0","0","0","0","0","0","0","0","71.39395","57.538647","13.855307","15.876565","0.789018"
"D:\HAA\dACC revisions\Run 4\Br2720_dACC_20x_img_020-MaxIP-Stitched_unmixed_rotated.nd2","Layer 1","dACC_v17_ FISH-IF v2.4.4","999","7112","7137","2486","2512","0","0","0","0","1","1","1858.63","0","434.41708","0","0","0","0","0","0","0","0","0","0","0","0","0","0","0","0","0","0","0","0","92.0158","56.06566","35.950146","27.03307","0.748537"
"D:\HAA\dACC revisions\Run 4\Br2720_dACC_20x_img_020-MaxIP-Stitched_unmixed_rotated.nd2","Layer 1","dACC_v17_ FISH-IF v2.4.4","1000","7100","7115","2489","2511","0","0","0","0","1","1","2280.6914","0","329.54926","0","0","0","0","0","0","0","0","0","0","0","0","0","0","0","0","0","0","0","0","51.5086","39.72468","11.783915","15.018372","0.76035"
"D:\HAA\dACC revisions\Run 4\Br2720_dACC_20x_img_020-MaxIP-Stitched_unmixed_rotated.nd2","Layer 1","dACC_v17_ FISH-IF v2.4.4","1001","7111","7147","2509","2539","0","0","0","0","1","1","1771.8538","0","623.2222","0","0","0","0","0","0","0","0","0","0","0","0","0","0","0","0","0","0","0","0","135.74518","80.36998","55.375195","42.480537","0.616977"
"D:\HAA\dACC revisions\Run 4\Br2720_dACC_20x_img_020-MaxIP-Stitched_unmixed_rotated.nd2","Layer 1","dACC_v17_ FISH-IF v2.4.4","1002","7072","7100","2506","2530","0","0","0","0","1","1","1401.3065","0","393.09457","0","0","0","0","0","0","0","0","0","0","0","0","0","0","0","1","0.50634","0","229.51015","453.27274","90.35869","72.03838","18.320305","22.31301","0.58549"
"D:\HAA\dACC revisions\Run 4\Br2720_dACC_20x_img_020-MaxIP-Stitched_unmixed_rotated.nd2","Layer 1","dACC_v17_ FISH-IF v2.4.4","1003","7095","7113","2520","2543","0","0","0","0","1","1","3198.3865","0","377.45053","0","0","0","0","0","0","0","0","0","0","0","0","0","0","0","0","0","0","0","0","61.497307","47.918186","13.579121","16.30566","0.809064"
"D:\HAA\dACC revisions\Run 4\Br2720_dACC_20x_img_020-MaxIP-Stitched_unmixed_rotated.nd2","Layer 1","dACC_v17_ FISH-IF v2.4.4","1004","7056","7073","2520","2536","0","0","0","0","1","1","401.79166","0","207.27228","0","0","0","0","0","0","0","0","0","0","0","0","0","0","0","0","0","0","0","0","39.402466","37.19298","2.209484","6.007349","0.709829"
"D:\HAA\dACC revisions\Run 4\Br2720_dACC_20x_img_020-MaxIP-Stitched_unmixed_rotated.nd2","Layer 1","dACC_v17_ FISH-IF v2.4.4","1005","7132","7159","2530","2561","0","0","0","0","1","1","1804.6453","0","339.49048","0","0","0","0","0","0","0","0","0","0","0","0","0","0","0","0","0","0","0","0","107.85044","74.8923","32.958138","27.03307","0.738714"
"D:\HAA\dACC revisions\Run 4\Br2720_dACC_20x_img_020-MaxIP-Stitched_unmixed_rotated.nd2","Layer 1","dACC_v17_ FISH-IF v2.4.4","1006","7062","7083","2535","2555","0","0","0","0","1","1","1054.0961","0","196.19879","0","0","0","0","0","0","0","0","0","0","0","0","0","0","0","0","0","0","0","0","63.5687","53.02762","10.54108","13.731083","0.868046"
"D:\HAA\dACC revisions\Run 4\Br2720_dACC_20x_img_020-MaxIP-Stitched_unmixed_rotated.nd2","Layer 1","dACC_v17_ FISH-IF v2.4.4","1007","7091","7115","2547","2571","0","0","0","0","1","1","3458.2742","0","508.73972","0","0","0","0","0","0","0","0","0","0","0","0","0","0","0","0","0","0","0","0","72.40663","53.76411","18.64252","20.167528","0.670201"
"D:\HAA\dACC revisions\Run 4\Br2720_dACC_20x_img_020-MaxIP-Stitched_unmixed_rotated.nd2","Layer 1","dACC_v17_ FISH-IF v2.4.4","1008","7098","7132","2548","2588","0","0","0","0","1","1","2851.1548","0","348.05417","0","0","0","0","0","0","0","0","0","0","0","0","0","0","0","0","0","0","0","0","127.41358","93.48879","33.924786","42.26599","0.419387"
"D:\HAA\dACC revisions\Run 4\Br2720_dACC_20x_img_020-MaxIP-Stitched_unmixed_rotated.nd2","Layer 1","dACC_v17_ FISH-IF v2.4.4","1009","7051","7080","2555","2585","0","0","0","0","1","1","2279.6084","0","499.00433","0","0","0","0","0","0","0","0","0","0","0","0","0","0","0","0","0","0","0","0","117.93121","85.019104","32.912106","29.607647","0.675664"
"D:\HAA\dACC revisions\Run 4\Br2720_dACC_20x_img_020-MaxIP-Stitched_unmixed_rotated.nd2","Layer 1","dACC_v17_ FISH-IF v2.4.4","1010","7079","7093","2556","2576","0","0","0","0","1","1","1350.0156","0","358.06842","0","0","0","0","0","0","0","0","0","0","0","0","0","0","0","0","0","0","0","0","41.289734","38.343754","2.945979","7.723734","0.592882"
"D:\HAA\dACC revisions\Run 4\Br2720_dACC_20x_img_020-MaxIP-Stitched_unmixed_rotated.nd2","Layer 1","dACC_v17_ FISH-IF v2.4.4","1011","7089","7120","2582","2623","0","0","0","0","1","1","2813.3047","0","710.70605","0","0","0","0","0","0","0","0","0","0","0","0","0","0","0","0","0","0","0","0","153.0528","90.35869","62.69411","40.764153","0.614298"
"D:\HAA\dACC revisions\Run 4\Br2720_dACC_20x_img_020-MaxIP-Stitched_unmixed_rotated.nd2","Layer 1","dACC_v17_ FISH-IF v2.4.4","1012","7054","7080","2591","2613","0","0","0","0","1","1","3188.8606","0","380.78046","0","0","0","0","0","0","0","0","0","0","0","0","0","0","0","0","0","0","0","0","84.37467","66.88292","17.491749","19.309336","0.696358"
"D:\HAA\dACC revisions\Run 4\Br2720_dACC_20x_img_020-MaxIP-Stitched_unmixed_rotated.nd2","Layer 1","dACC_v17_ FISH-IF v2.4.4","1013","3385","3415","2251","2279","0","0","1","0","1","1","2551.8118","0","315.01932","0","0","0","0","0","0","0","0","0","0","2","2.163453","0","1876.6345","867.42554","5","7.364947","1","3915.2517","531.60626","120.87719","83.454056","37.423138","27.462166","0.812622"
"D:\HAA\dACC revisions\Run 4\Br2720_dACC_20x_img_020-MaxIP-Stitched_unmixed_rotated.nd2","Layer 1","dACC_v17_ FISH-IF v2.4.4","1014","3201","3226","2278","2304","0","0","0","0","1","1","3673.352","0","372.123","0","0","0","0","0","0","0","0","0","0","0","0","0","0","0","0","0","0","0","0","89.392044","68.86225","20.529789","21.02572","0.757372"
"D:\HAA\dACC revisions\Run 4\Br2720_dACC_20x_img_020-MaxIP-Stitched_unmixed_rotated.nd2","Layer 1","dACC_v17_ FISH-IF v2.4.4","1015","3053","3074","2280","2301","0","0","0","0","1","1","2904.7622","0","396.8365","0","0","0","0","0","0","0","0","0","0","0","0","0","0","0","1","0.690464","0","353.70157","512.26666","67.435295","56.019627","11.415668","14.589275","0.85144"
"D:\HAA\dACC revisions\Run 4\Br2720_dACC_20x_img_020-MaxIP-Stitched_unmixed_rotated.nd2","Layer 1","dACC_v17_ FISH-IF v2.4.4","1016","3075","3101","2416","2443","0","0","0","0","1","1","2965.7664","0","369.64487","0","0","0","0","0","0","0","0","0","0","0","0","0","0","0","0","0","0","0","0","90.911064","71.80823","19.10283","22.742105","0.61299"
"D:\HAA\dACC revisions\Run 4\Br2720_dACC_20x_img_020-MaxIP-Stitched_unmixed_rotated.nd2","Layer 1","dACC_v17_ FISH-IF v2.4.4","1017","3371","3394","2424","2443","0","0","0","0","1","1","1447.2775","0","180.31905","0","0","0","0","0","0","0","0","0","0","0","0","0","0","0","0","0","0","0","0","62.463955","53.67205","8.791905","13.301987","0.703638"
"D:\HAA\dACC revisions\Run 4\Br2720_dACC_20x_img_020-MaxIP-Stitched_unmixed_rotated.nd2","Layer 1","dACC_v17_ FISH-IF v2.4.4","1018","3095","3121","2450","2473","0","0","0","0","1","1","2769.6387","0","427.64383","0","0","0","0","0","0","0","0","0","0","0","0","0","0","0","0","0","0","0","0","80.646164","54.408543","26.237623","24.243944","0.775969"
"D:\HAA\dACC revisions\Run 4\Br2720_dACC_20x_img_020-MaxIP-Stitched_unmixed_rotated.nd2","Layer 1","dACC_v17_ FISH-IF v2.4.4","1019","3098","3122","2467","2495","0","0","0","0","1","1","2715.1296","0","421.77075","0","0","0","0","0","1","1.334897","0","1243.3871","931.4483","1","0.50634","0","334.59872","660.8182","0","0","0","0","0","82.85565","51.60066","31.254993","29.822195","0.632694"
"D:\HAA\dACC revisions\Run 4\Br2720_dACC_20x_img_020-MaxIP-Stitched_unmixed_rotated.nd2","Layer 1","dACC_v17_ FISH-IF v2.4.4","1020","3120","3139","2466","2490","0","0","0","0","1","1","2883.918","0","535.02875","0","0","0","0","0","0","0","0","0","0","0","0","0","0","0","0","0","0","0","0","61.313183","41.65798","19.655201","20.596624","0.694063"
"D:\HAA\dACC revisions\Run 4\Br2720_dACC_20x_img_020-MaxIP-Stitched_unmixed_rotated.nd2","Layer 1","dACC_v17_ FISH-IF v2.4.4","1021","3123","3146","2484","2502","0","0","0","0","1","1","2430.8147","0","345.4208","0","0","0","0","0","0","0","0","0","0","0","0","0","0","0","0","0","0","0","0","51.370502","40.69133","10.679173","14.803823","0.682455"
"D:\HAA\dACC revisions\Run 4\Br2720_dACC_20x_img_020-MaxIP-Stitched_unmixed_rotated.nd2","Layer 1","dACC_v17_ FISH-IF v2.4.4","1022","3041","3061","2491","2505","0","0","0","0","1","1","934.2907","0","301.61578","1","1.196804","0","1316.9906","1100.4231","0","0","0","0","0","0","0","0","0","0","0","0","0","0","0","38.942158","34.983498","3.958659","9.011024","0.556879"
"D:\HAA\dACC revisions\Run 4\Br2720_dACC_20x_img_020-MaxIP-Stitched_unmixed_rotated.nd2","Layer 1","dACC_v17_ FISH-IF v2.4.4","1023","3290","3315","2492","2520","0","0","0","0","1","1","2930.701","0","558.7238","1","0.552371","0","405.2562","733.6667","0","0","0","0","0","0","0","0","0","0","2","3.728504","0","2106.8352","565.0617","98.92044","73.833595","25.08685","23.600298","0.728254"
"D:\HAA\dACC revisions\Run 4\Br2720_dACC_20x_img_020-MaxIP-Stitched_unmixed_rotated.nd2","Layer 1","dACC_v17_ FISH-IF v2.4.4","1024","3032","3047","2498","2517","0","0","0","1","1","1","1054.1863","0","196.5121","4","6.582421","1","6985.79","1061.2797","0","0","0","0","0","0","0","0","0","0","0","0","0","0","0","38.942158","34.247","4.695154","9.225572","0.787385"
"D:\HAA\dACC revisions\Run 4\Br2720_dACC_20x_img_020-MaxIP-Stitched_unmixed_rotated.nd2","Layer 1","dACC_v17_ FISH-IF v2.4.4","1025","3046","3065","2504","2523","0","0","0","0","1","1","1617.3334","0","245.69958","1","1.749175","0","1396.8082","798.5526","0","0","0","0","0","0","0","0","0","0","0","0","0","0","0","53.25777","44.281742","8.976028","12.443794","0.845873"
"D:\HAA\dACC revisions\Run 4\Br2720_dACC_20x_img_020-MaxIP-Stitched_unmixed_rotated.nd2","Layer 1","dACC_v17_ FISH-IF v2.4.4","1026","3151","3177","2517","2555","0","0","0","0","1","1","3253.8967","0","463.1602","0","0","0","0","0","0","0","0","0","0","0","0","0","0","0","0","0","0","0","0","143.15616","86.492096","56.66406","37.76048","0.638362"
"D:\HAA\dACC revisions\Run 4\Br2720_dACC_20x_img_020-MaxIP-Stitched_unmixed_rotated.nd2","Layer 1","dACC_v17_ FISH-IF v2.4.4","1027","3285","3315","2520","2541","0","1","0","0","1","1","1847.8052","0","331.85434","0","0","0","0","0","0","0","0","0","0","6","6.490359","1","5440.21","838.1986","2","1.887268","0","1059.4476","561.36584","98.13792","75.214516","22.923397","22.31301","0.653061"
"D:\HAA\dACC revisions\Run 4\Br2720_dACC_20x_img_020-MaxIP-Stitched_unmixed_rotated.nd2","Layer 1","dACC_v17_ FISH-IF v2.4.4","1028","3122","3145","2526","2550","0","0","0","0","1","1","3560.6863","0","357.23434","0","0","0","0","0","0","0","0","0","0","0","0","0","0","0","0","0","0","0","0","78.1605","62.463955","15.696543","17.59295","0.766869"
"D:\HAA\dACC revisions\Run 4\Br2720_dACC_20x_img_020-MaxIP-Stitched_unmixed_rotated.nd2","Layer 1","dACC_v17_ FISH-IF v2.4.4","1029","3174","3192","2533","2560","0","0","0","0","1","1","3374.0815","0","398.0987","0","0","0","0","0","0","0","0","0","0","0","0","0","0","0","0","0","0","0","0","59.7021","35.443806","24.258293","21.669365","0.722951"
"D:\HAA\dACC revisions\Run 4\Br2720_dACC_20x_img_020-MaxIP-Stitched_unmixed_rotated.nd2","Layer 1","dACC_v17_ FISH-IF v2.4.4","1030","3183","3215","2541","2575","0","0","0","0","1","1","3153.2783","0","422.54788","0","0","0","0","0","0","0","0","0","0","0","0","0","0","0","0","0","0","0","0","154.57182","89.392044","65.17978","36.687737","0.781093"
"D:\HAA\dACC revisions\Run 4\Br2720_dACC_20x_img_020-MaxIP-Stitched_unmixed_rotated.nd2","Layer 1","dACC_v17_ FISH-IF v2.4.4","1031","3060","3090","2557","2584","0","0","0","0","1","1","2016.5627","0","279.21875","0","0","0","0","0","0","0","0","0","0","0","0","0","0","0","0","0","0","0","0","117.33281","82.487404","34.845406","26.603973","0.799928"
"D:\HAA\dACC revisions\Run 4\Br2720_dACC_20x_img_020-MaxIP-Stitched_unmixed_rotated.nd2","Layer 1","dACC_v17_ FISH-IF v2.4.4","1032","3262","3285","2563","2587","0","0","0","0","1","1","2269.2034","0","292.41507","0","0","0","0","0","0","0","0","0","0","0","0","0","0","0","0","0","0","0","0","79.633484","62.878235","16.755255","18.022047","0.897563"
"D:\HAA\dACC revisions\Run 4\Br2720_dACC_20x_img_020-MaxIP-Stitched_unmixed_rotated.nd2","Layer 1","dACC_v17_ FISH-IF v2.4.4","1033","3209","3236","2574","2602","0","0","0","0","1","1","3259.4243","0","737.38824","0","0","0","0","0","0","0","0","0","0","0","0","0","0","0","0","0","0","0","0","87.78096","46.12298","41.65798","30.680387","0.746329"
"D:\HAA\dACC revisions\Run 4\Br2720_dACC_20x_img_020-MaxIP-Stitched_unmixed_rotated.nd2","Layer 1","dACC_v17_ FISH-IF v2.4.4","1034","3192","3216","2577","2608","0","0","0","0","1","1","3084.7195","0","629.4138","0","0","0","0","0","0","0","0","0","0","0","0","0","0","0","0","0","0","0","0","100.85374","65.409935","35.443806","27.891262","0.728476"
"D:\HAA\dACC revisions\Run 4\Br2720_dACC_20x_img_020-MaxIP-Stitched_unmixed_rotated.nd2","Layer 1","dACC_v17_ FISH-IF v2.4.4","1035","3217","3244","2587","2613","0","0","0","0","1","1","3395.1555","0","491.49194","0","0","0","0","0","0","0","0","0","0","0","0","0","0","0","0","0","0","0","0","76.45735","45.66267","30.794683","25.96033","0.744546"
"D:\HAA\dACC revisions\Run 4\Br2720_dACC_20x_img_020-MaxIP-Stitched_unmixed_rotated.nd2","Layer 1","dACC_v17_ FISH-IF v2.4.4","1036","6289","6314","3803","3829","0","0","0","0","1","1","2594.782","0","469.4105","0","0","0","0","0","0","0","0","0","0","0","0","0","0","0","0","0","0","0","0","95.00781","71.992355","23.01546","23.171202","0.734842"
"D:\HAA\dACC revisions\Run 4\Br2720_dACC_20x_img_020-MaxIP-Stitched_unmixed_rotated.nd2","Layer 1","dACC_v17_ FISH-IF v2.4.4","1037","6315","6330","3810","3829","0","0","0","0","1","1","1097.7747","0","206.92084","0","0","0","0","0","0","0","0","0","0","0","0","0","0","0","0","0","0","0","0","42.808754","39.540558","3.268195","8.15283","0.701799"
"D:\HAA\dACC revisions\Run 4\Br2720_dACC_20x_img_020-MaxIP-Stitched_unmixed_rotated.nd2","Layer 1","dACC_v17_ FISH-IF v2.4.4","1038","6236","6257","3828","3851","0","0","0","0","1","1","3050.1553","0","358.50586","0","0","0","0","0","0","0","0","0","0","0","0","0","0","0","0","0","0","0","0","71.71617","58.965607","12.750565","15.876565","0.777186"
"D:\HAA\dACC revisions\Run 4\Br2720_dACC_20x_img_020-MaxIP-Stitched_unmixed_rotated.nd2","Layer 1","dACC_v17_ FISH-IF v2.4.4","1039","6266","6281","3833","3851","0","0","0","0","1","1","1664.0344","0","365.7528","0","0","0","0","0","0","0","0","0","0","0","0","0","0","0","0","0","0","0","0","39.540558","36.870766","2.669793","6.865541","0.769602"
"D:\HAA\dACC revisions\Run 4\Br2720_dACC_20x_img_020-MaxIP-Stitched_unmixed_rotated.nd2","Layer 1","dACC_v17_ FISH-IF v2.4.4","1040","6279","6310","3833","3857","0","0","0","0","1","1","3454.3572","0","387.82693","0","0","0","0","0","0","0","0","0","0","0","0","0","0","0","0","0","0","0","0","103.29338","76.871635","26.421747","24.458492","0.670362"
"D:\HAA\dACC revisions\Run 4\Br2720_dACC_20x_img_020-MaxIP-Stitched_unmixed_rotated.nd2","Layer 1","dACC_v17_ FISH-IF v2.4.4","1041","2113","2139","3044","3066","0","0","0","0","1","1","1938.1393","0","302.8469","0","0","0","0","0","0","0","0","0","0","0","0","0","0","0","0","0","0","0","0","85.847664","67.34323","18.504429","19.309336","0.699251"
"D:\HAA\dACC revisions\Run 4\Br2720_dACC_20x_img_020-MaxIP-Stitched_unmixed_rotated.nd2","Layer 1","dACC_v17_ FISH-IF v2.4.4","1042","1843","1863","3052","3072","0","0","0","0","1","1","583.5595","0","139.00461","0","0","0","0","0","0","0","0","0","0","0","0","0","0","0","0","0","0","0","0","57.67674","49.943546","7.733194","12.014698","0.889851"
"D:\HAA\dACC revisions\Run 4\Br2720_dACC_20x_img_020-MaxIP-Stitched_unmixed_rotated.nd2","Layer 1","dACC_v17_ FISH-IF v2.4.4","1043","2044","2067","3052","3071","0","0","0","0","1","1","1769.9524","0","199.4896","0","0","0","0","0","0","0","0","0","0","0","0","0","0","0","1","0.368247","0","160.09554","434.75","64.94962","55.28313","9.666492","13.731083","0.716947"
"D:\HAA\dACC revisions\Run 4\Br2720_dACC_20x_img_020-MaxIP-Stitched_unmixed_rotated.nd2","Layer 1","dACC_v17_ FISH-IF v2.4.4","1044","2042","2067","3088","3115","0","0","0","0","1","1","2684.0728","0","489.47986","0","0","0","0","0","0","0","0","0","0","0","0","0","0","0","0","0","0","0","0","91.5555","66.28452","25.270973","22.31301","0.870799"
"D:\HAA\dACC revisions\Run 4\Br2720_dACC_20x_img_020-MaxIP-Stitched_unmixed_rotated.nd2","Layer 1","dACC_v17_ FISH-IF v2.4.4","1045","2060","2085","3099","3122","0","0","0","0","1","1","1708.4419","0","401.74716","0","0","0","0","0","0","0","0","0","0","0","0","0","0","0","0","0","0","0","0","79.03509","60.806843","18.228243","18.451143","0.798063"
"D:\HAA\dACC revisions\Run 4\Br2720_dACC_20x_img_020-MaxIP-Stitched_unmixed_rotated.nd2","Layer 1","dACC_v17_ FISH-IF v2.4.4","1046","1914","1936","3105","3128","0","0","0","0","1","1","1091.0717","0","191.53583","0","0","0","0","0","0","0","0","0","0","0","0","0","0","0","2","1.472989","0","739.25653","501.875","71.94633","59.1037","12.842626","15.876565","0.766102"
"D:\HAA\dACC revisions\Run 4\Br2720_dACC_20x_img_020-MaxIP-Stitched_unmixed_rotated.nd2","Layer 1","dACC_v17_ FISH-IF v2.4.4","1047","1978","2005","3139","3164","0","0","0","0","1","1","2755.0283","0","351.20416","0","0","0","0","0","0","0","0","0","0","0","0","0","0","0","0","0","0","0","0","99.012505","73.05106","25.961437","22.31301","0.840515"
"D:\HAA\dACC revisions\Run 4\Br2720_dACC_20x_img_020-MaxIP-Stitched_unmixed_rotated.nd2","Layer 1","dACC_v17_ FISH-IF v2.4.4","1048","1911","1936","3144","3168","0","0","0","0","1","1","1479.5566","0","258.59985","0","0","0","0","0","0","0","0","0","0","0","0","0","0","0","0","0","0","0","0","83.77627","65.916275","17.859997","19.309336","0.7554"
"D:\HAA\dACC revisions\Run 4\Br2720_dACC_20x_img_020-MaxIP-Stitched_unmixed_rotated.nd2","Layer 1","dACC_v17_ FISH-IF v2.4.4","1049","2102","2127","3147","3171","0","0","0","0","1","1","2967.521","0","459.31137","1","0.690464","0","523.23346","757.8","0","0","0","0","0","0","0","0","0","0","1","0.828557","0","425.0495","513","85.61751","61.497307","24.120201","21.454817","0.825596"
"D:\HAA\dACC revisions\Run 4\Br2720_dACC_20x_img_020-MaxIP-Stitched_unmixed_rotated.nd2","Layer 1","dACC_v17_ FISH-IF v2.4.4","1050","1868","1892","3151","3173","0","0","0","0","1","1","1729.1635","0","277.42188","0","0","0","0","0","0","0","0","0","0","0","0","0","0","0","1","0.552371","0","261.68576","473.75","80.55411","63.936943","16.61716","17.59295","0.810367"
"D:\HAA\dACC revisions\Run 4\Br2720_dACC_20x_img_020-MaxIP-Stitched_unmixed_rotated.nd2","Layer 1","dACC_v17_ FISH-IF v2.4.4","1051","2034","2069","3155","3182","0","0","0","0","1","1","3021.2722","0","421.5917","0","0","0","0","0","0","0","0","0","0","0","0","0","0","0","0","0","0","0","0","121.98193","90.86503","31.1169","31.324034","0.560321"
"D:\HAA\dACC revisions\Run 4\Br2720_dACC_20x_img_020-MaxIP-Stitched_unmixed_rotated.nd2","Layer 1","dACC_v17_ FISH-IF v2.4.4","1052","2111","2138","3166","3190","0","0","0","0","1","1","2027.1809","0","378.2518","0","0","0","0","0","0","0","0","0","0","0","0","0","0","0","0","0","0","0","0","88.517456","64.35122","24.166231","22.31301","0.764185"
"D:\HAA\dACC revisions\Run 4\Br2720_dACC_20x_img_020-MaxIP-Stitched_unmixed_rotated.nd2","Layer 1","dACC_v17_ FISH-IF v2.4.4","1053","2061","2088","3214","3248","0","0","0","0","1","1","3016.1614","0","536.7266","0","0","0","0","0","0","0","0","0","0","0","0","0","0","0","0","0","0","0","0","132.61507","92.107864","40.507206","31.75313","0.682005"
"D:\HAA\dACC revisions\Run 4\Br2720_dACC_20x_img_020-MaxIP-Stitched_unmixed_rotated.nd2","Layer 1","dACC_v17_ FISH-IF v2.4.4","1054","2135","2159","3247","3270","0","0","0","0","1","1","1549.1576","0","380.94116","3","4.649123","0","3709.7698","797.9505","0","0","0","0","0","0","0","0","0","0","0","0","0","0","0","77.79225","62.602047","15.190203","17.807499","0.732335"
"D:\HAA\dACC revisions\Run 4\Br2720_dACC_20x_img_020-MaxIP-Stitched_unmixed_rotated.nd2","Layer 1","dACC_v17_ FISH-IF v2.4.4","1055","2154","2172","3261","3281","0","0","0","0","1","1","843.0526","0","264.6337","0","0","0","0","0","0","0","0","0","0","0","0","0","0","0","0","0","0","0","0","50.864162","45.61664","5.247525","10.083764","0.722235"
"D:\HAA\dACC revisions\Run 4\Br2720_dACC_20x_img_020-MaxIP-Stitched_unmixed_rotated.nd2","Layer 1","dACC_v17_ FISH-IF v2.4.4","1056","2194","2233","3276","3306","0","0","0","0","1","1","1221.7462","0","278.99475","0","0","0","0","0","0","0","0","0","0","0","0","0","0","0","0","0","0","0","0","166.49384","105.36477","61.12906","37.331383","0.704835"
"D:\HAA\dACC revisions\Run 4\Br2720_dACC_20x_img_020-MaxIP-Stitched_unmixed_rotated.nd2","Layer 1","dACC_v17_ FISH-IF v2.4.4","1057","2136","2160","3285","3310","0","0","0","0","1","1","3432.9907","0","439.39053","0","0","0","0","0","0","0","0","0","0","0","0","0","0","0","0","0","0","0","0","87.09049","67.06705","20.023449","19.95298","0.839449"
"D:\HAA\dACC revisions\Run 4\Br2720_dACC_20x_img_020-MaxIP-Stitched_unmixed_rotated.nd2","Layer 1","dACC_v17_ FISH-IF v2.4.4","1058","1884","1914","3302","3329","0","0","0","0","1","1","1490.621","0","239.46597","0","0","0","0","0","0","0","0","0","0","0","0","0","0","0","0","0","0","0","0","121.52162","83.86833","37.65329","27.03307","0.858985"
"D:\HAA\dACC revisions\Run 4\Br2720_dACC_20x_img_020-MaxIP-Stitched_unmixed_rotated.nd2","Layer 1","dACC_v17_ FISH-IF v2.4.4","1059","2034","2065","3316","3350","0","0","0","0","1","1","909.49786","0","212.76031","0","0","0","0","0","0","0","0","0","0","0","0","0","0","0","0","0","0","0","0","152.40837","98.13792","54.27045","34.327705","0.828881"
"D:\HAA\dACC revisions\Run 4\Br2720_dACC_20x_img_020-MaxIP-Stitched_unmixed_rotated.nd2","Layer 1","dACC_v17_ FISH-IF v2.4.4","1060","1844","1880","3331","3366","0","0","0","0","1","1","1364.415","0","320.30997","0","0","0","0","0","0","0","0","0","0","0","0","0","0","0","1","0.50634","0","230.6149","455.45456","178.59996","112.26941","66.33055","40.335056","0.668234"
"D:\HAA\dACC revisions\Run 4\Br2720_dACC_20x_img_020-MaxIP-Stitched_unmixed_rotated.nd2","Layer 1","dACC_v17_ FISH-IF v2.4.4","1061","1913","1945","3338","3367","0","0","0","0","1","1","1551.6185","0","342.64386","2","2.945979","0","2360.3733","801.21875","0","0","0","0","0","0","0","0","0","0","0","0","0","0","0","132.98332","90.86503","42.11829","31.75313","0.758816"
"D:\HAA\dACC revisions\Run 4\Br2720_dACC_20x_img_020-MaxIP-Stitched_unmixed_rotated.nd2","Layer 1","dACC_v17_ FISH-IF v2.4.4","1062","2088","2113","3340","3367","0","0","0","0","1","1","3155.6096","0","352.94864","0","0","0","0","0","0","0","0","0","0","0","0","0","0","0","1","0.782526","0","362.17126","462.82352","101.36008","72.59076","28.769323","23.600298","0.846157"
"D:\HAA\dACC revisions\Run 4\Br2720_dACC_20x_img_020-MaxIP-Stitched_unmixed_rotated.nd2","Layer 1","dACC_v17_ FISH-IF v2.4.4","1063","2113","2148","3345","3371","0","0","0","0","1","1","1295.2664","0","328.43008","0","0","0","0","0","1","0.874587","0","667.67847","763.4211","0","0","0","0","0","2","1.933299","0","979.9522","506.88095","140.76254","95.145905","45.61664","32.61132","0.690264"
"D:\HAA\dACC revisions\Run 4\Br2720_dACC_20x_img_020-MaxIP-Stitched_unmixed_rotated.nd2","Layer 1","dACC_v17_ FISH-IF v2.4.4","1064","1891","1923","3371","3406","0","0","0","0","1","1","1144.2144","0","431.5903","0","0","0","0","0","1","0.368247","0","227.30067","617.25","0","0","0","0","0","1","0.322216","0","151.9941","471.7143","134.18013","91.23328","42.946846","34.756805","0.657265"
"D:\HAA\dACC revisions\Run 4\Br2720_dACC_20x_img_020-MaxIP-Stitched_unmixed_rotated.nd2","Layer 1","dACC_v17_ FISH-IF v2.4.4","1065","1921","1948","3379","3400","0","0","0","0","1","1","2570.0063","0","444.4761","0","0","0","0","0","0","0","0","0","0","0","0","0","0","0","0","0","0","0","0","74.93833","52.981586","21.956747","23.814846","0.659317"
"D:\HAA\dACC revisions\Run 4\Br2720_dACC_20x_img_020-MaxIP-Stitched_unmixed_rotated.nd2","Layer 1","dACC_v17_ FISH-IF v2.4.4","1066","1911","1935","3389","3410","0","0","0","0","1","1","2320.0073","0","488.3386","0","0","0","0","0","0","0","0","0","0","0","0","0","0","0","0","0","0","0","0","62.78617","43.63731","19.14886","20.167528","0.785447"
"D:\HAA\dACC revisions\Run 4\Br2720_dACC_20x_img_020-MaxIP-Stitched_unmixed_rotated.nd2","Layer 1","dACC_v17_ FISH-IF v2.4.4","1067","2025","2049","3386","3411","0","0","0","0","1","1","2077.531","0","294.55893","0","0","0","0","0","0","0","0","0","0","0","0","0","0","0","0","0","0","0","0","83.08581","65.22581","17.859997","19.523884","0.776861"
"D:\HAA\dACC revisions\Run 4\Br2720_dACC_20x_img_020-MaxIP-Stitched_unmixed_rotated.nd2","Layer 1","dACC_v17_ FISH-IF v2.4.4","1068","1837","1858","3392","3411","0","0","0","0","1","1","1357.5907","0","165.707","0","0","0","0","0","0","0","0","0","0","0","0","0","0","0","0","0","0","0","0","56.572","48.70071","7.871287","12.014698","0.816247"
"D:\HAA\dACC revisions\Run 4\Br2720_dACC_20x_img_020-MaxIP-Stitched_unmixed_rotated.nd2","Layer 1","dACC_v17_ FISH-IF v2.4.4","1069","1826","1845","3404","3423","0","0","0","0","1","1","1042.4646","0","150.42438","0","0","0","0","0","0","0","0","0","0","0","0","0","0","0","0","0","0","0","0","46.859474","42.302414","4.557061","9.44012","0.753947"
"D:\HAA\dACC revisions\Run 4\Br2720_dACC_20x_img_020-MaxIP-Stitched_unmixed_rotated.nd2","Layer 1","dACC_v17_ FISH-IF v2.4.4","1070","7143","7164","3399","3420","0","0","0","0","1","1","2246.282","0","255.15205","0","0","0","0","0","0","0","0","0","0","0","0","0","0","0","0","0","0","0","0","65.87024","55.099007","10.771235","14.160179","0.834459"
"D:\HAA\dACC revisions\Run 4\Br2720_dACC_20x_img_020-MaxIP-Stitched_unmixed_rotated.nd2","Layer 1","dACC_v17_ FISH-IF v2.4.4","1071","1701","1721","1829","1852","0","0","0","0","1","1","1662.902","0","195.0324","0","0","0","0","0","0","0","0","0","0","0","0","0","0","0","0","0","0","0","0","63.384575","53.994267","9.390307","13.731083","0.738577"
"D:\HAA\dACC revisions\Run 4\Br2720_dACC_20x_img_020-MaxIP-Stitched_unmixed_rotated.nd2","Layer 1","dACC_v17_ FISH-IF v2.4.4","1072","1634","1662","1839","1866","0","0","0","0","1","1","3301.6545","0","364.07227","0","0","0","0","0","0","0","0","0","0","0","0","0","0","0","0","0","0","0","0","110.05992","78.34462","31.715302","24.887589","0.871874"
"D:\HAA\dACC revisions\Run 4\Br2720_dACC_20x_img_020-MaxIP-Stitched_unmixed_rotated.nd2","Layer 1","dACC_v17_ FISH-IF v2.4.4","1073","1549","1577","1843","1865","0","0","0","0","1","1","3358.9712","0","432.4825","0","0","0","0","0","0","0","0","0","0","0","0","0","0","0","0","0","0","0","0","90.588844","69.73684","20.852005","20.596624","0.743622"
"D:\HAA\dACC revisions\Run 4\Br2720_dACC_20x_img_020-MaxIP-Stitched_unmixed_rotated.nd2","Layer 1","dACC_v17_ FISH-IF v2.4.4","1074","1415","1437","1846","1873","0","0","0","0","1","1","3078.509","0","401.59085","0","0","0","0","0","0","0","0","0","0","0","0","0","0","0","0","0","0","0","0","87.73493","57.262463","30.472467","24.67304","0.76007"
"D:\HAA\dACC revisions\Run 4\Br2720_dACC_20x_img_020-MaxIP-Stitched_unmixed_rotated.nd2","Layer 1","dACC_v17_ FISH-IF v2.4.4","1075","1582","1609","1890","1925","0","0","0","0","1","1","3181.8196","0","613.5653","0","0","0","0","0","0","0","0","0","0","0","0","0","0","0","0","0","0","0","0","126.4009","89.898384","36.502518","30.46584","0.653063"
"D:\HAA\dACC revisions\Run 4\Br2720_dACC_20x_img_020-MaxIP-Stitched_unmixed_rotated.nd2","Layer 1","dACC_v17_ FISH-IF v2.4.4","1076","1478","1512","1910","1938","0","0","0","0","1","1","2083.9167","0","432.4472","0","0","0","0","0","0","0","0","0","0","0","0","0","0","0","0","0","0","0","0","134.87059","90.68091","44.189682","30.894936","0.776559"
"D:\HAA\dACC revisions\Run 4\Br2720_dACC_20x_img_020-MaxIP-Stitched_unmixed_rotated.nd2","Layer 1","dACC_v17_ FISH-IF v2.4.4","1077","1727","1752","1959","1975","0","0","0","0","1","1","866.08","0","355.23315","0","0","0","0","0","0","0","0","0","0","0","0","0","0","0","0","0","0","0","0","51.784782","40.277054","11.50773","18.022047","0.512845"
"D:\HAA\dACC revisions\Run 4\Br2720_dACC_20x_img_020-MaxIP-Stitched_unmixed_rotated.nd2","Layer 1","dACC_v17_ FISH-IF v2.4.4","1078","1717","1733","1963","1985","0","0","0","0","1","1","759.48224","0","277.41656","0","0","0","0","0","0","0","0","0","0","0","0","0","0","0","0","0","0","0","0","44.64999","35.581898","9.06809","14.803823","0.627809"
"D:\HAA\dACC revisions\Run 4\Br2720_dACC_20x_img_020-MaxIP-Stitched_unmixed_rotated.nd2","Layer 1","dACC_v17_ FISH-IF v2.4.4","1079","1725","1758","1972","1995","0","0","0","0","1","1","1319.1912","0","421.26398","0","0","0","0","0","0","0","0","0","0","0","0","0","0","0","0","0","0","0","0","100.99184","69.92097","31.07087","27.462166","0.607237"
"D:\HAA\dACC revisions\Run 4\Br2720_dACC_20x_img_020-MaxIP-Stitched_unmixed_rotated.nd2","Layer 1","dACC_v17_ FISH-IF v2.4.4","1080","1801","1822","1994","2014","0","0","0","0","1","1","430.12888","0","142.12653","0","0","0","0","0","0","0","0","0","0","0","0","0","0","0","0","0","0","0","0","61.68143","52.75143","8.929998","12.87289","0.780869"
"D:\HAA\dACC revisions\Run 4\Br2720_dACC_20x_img_020-MaxIP-Stitched_unmixed_rotated.nd2","Layer 1","dACC_v17_ FISH-IF v2.4.4","1081","1549","1577","1995","2021","0","0","0","0","1","1","2878.3464","0","355.34326","0","0","0","0","0","0","0","0","0","0","0","0","0","0","0","0","0","0","0","0","107.942505","77.377975","30.56453","24.458492","0.857619"
"D:\HAA\dACC revisions\Run 4\Br2720_dACC_20x_img_020-MaxIP-Stitched_unmixed_rotated.nd2","Layer 1","dACC_v17_ FISH-IF v2.4.4","1082","1469","1502","2006","2030","0","0","0","0","1","1","2598.8486","0","365.77905","0","0","0","0","0","0","0","0","0","0","0","0","0","0","0","0","0","0","0","0","116.18204","80.00173","36.1803","29.607647","0.652641"
"D:\HAA\dACC revisions\Run 4\Br2720_dACC_20x_img_020-MaxIP-Stitched_unmixed_rotated.nd2","Layer 1","dACC_v17_ FISH-IF v2.4.4","1083","1502","1530","2008","2033","0","0","0","0","1","1","3100.071","0","376.66483","0","0","0","0","0","0","0","0","0","0","0","0","0","0","0","0","0","0","0","0","105.088585","75.26055","29.828035","25.316685","0.754363"
"D:\HAA\dACC revisions\Run 4\Br2720_dACC_20x_img_020-MaxIP-Stitched_unmixed_rotated.nd2","Layer 1","dACC_v17_ FISH-IF v2.4.4","1084","1474","1500","2030","2058","0","0","0","0","1","1","2975.0476","0","451.94983","0","0","0","0","0","0","0","0","0","0","0","0","0","0","0","0","0","0","0","0","105.13461","75.214516","29.920095","25.74578","0.706708"
"D:\HAA\dACC revisions\Run 4\Br2720_dACC_20x_img_020-MaxIP-Stitched_unmixed_rotated.nd2","Layer 1","dACC_v17_ FISH-IF v2.4.4","1085","1446","1476","2040","2070","0","0","0","0","1","1","1070.3558","0","254.84181","0","0","0","0","0","0","0","0","0","0","0","0","0","0","0","3","3.084071","0","1860.6157","538.94666","130.2675","88.74761","41.519886","29.607647","0.795497"
"D:\HAA\dACC revisions\Run 4\Br2720_dACC_20x_img_020-MaxIP-Stitched_unmixed_rotated.nd2","Layer 1","dACC_v17_ FISH-IF v2.4.4","1086","1637","1664","2074","2099","0","0","0","0","1","1","3352.9788","0","475.67926","0","0","0","0","0","0","0","0","0","0","0","0","0","0","0","0","0","0","0","0","95.69828","71.90029","23.797985","21.883913","0.822105"
"D:\HAA\dACC revisions\Run 4\Br2720_dACC_20x_img_020-MaxIP-Stitched_unmixed_rotated.nd2","Layer 1","dACC_v17_ FISH-IF v2.4.4","1087","1785","1807","2088","2106","0","0","0","0","1","1","467.52533","0","121.10631","0","0","0","0","0","0","0","0","0","0","0","0","0","0","0","0","0","0","0","0","58.367203","51.09432","7.272885","12.443794","0.666682"
"D:\HAA\dACC revisions\Run 4\Br2720_dACC_20x_img_020-MaxIP-Stitched_unmixed_rotated.nd2","Layer 1","dACC_v17_ FISH-IF v2.4.4","1088","1803","1831","2104","2131","0","0","0","0","1","1","1995.9452","0","338.7176","0","0","0","0","0","0","0","0","0","0","0","0","0","0","0","0","0","0","0","0","106.7457","79.86364","26.882055","26.174877","0.605306"
"D:\HAA\dACC revisions\Run 4\Br2720_dACC_20x_img_020-MaxIP-Stitched_unmixed_rotated.nd2","Layer 1","dACC_v17_ FISH-IF v2.4.4","1089","1507","1531","2152","2178","0","0","0","0","1","1","2004.2009","0","257.71277","0","0","0","0","0","0","0","0","0","0","0","0","0","0","0","0","0","0","0","0","87.91905","68.90829","19.010769","20.596624","0.734245"
"D:\HAA\dACC revisions\Run 4\Br2720_dACC_20x_img_020-MaxIP-Stitched_unmixed_rotated.nd2","Layer 1","dACC_v17_ FISH-IF v2.4.4","1090","1647","1678","2154","2175","0","0","1","0","1","1","1022.9977","0","144.23318","0","0","0","0","0","0","0","0","0","0","0","0","0","0","0","19","34.339066","3","27319.533","795.5818","95.652245","75.99705","19.655201","22.742105","0.5788"
"D:\HAA\dACC revisions\Run 4\Br2720_dACC_20x_img_020-MaxIP-Stitched_unmixed_rotated.nd2","Layer 1","dACC_v17_ FISH-IF v2.4.4","1091","1439","1468","2195","2218","0","0","0","0","1","1","3598.3755","0","433.9595","0","0","0","0","0","0","0","0","0","0","0","0","0","0","0","0","0","0","0","0","100.4855","64.81153","35.67396","27.03307","0.89094"
"D:\HAA\dACC revisions\Run 4\Br2720_dACC_20x_img_020-MaxIP-Stitched_unmixed_rotated.nd2","Layer 1","dACC_v17_ FISH-IF v2.4.4","1092","3246","3276","3825","3854","0","0","1","0","1","1","782.9156","0","236.2985","0","0","0","0","0","0","0","0","0","0","0","0","0","0","0","5","7.410978","1","4170.493","562.74536","116.08997","73.5574","42.532566","31.75313","0.658466"
"D:\HAA\dACC revisions\Run 4\Br2720_dACC_20x_img_020-MaxIP-Stitched_unmixed_rotated.nd2","Layer 1","dACC_v17_ FISH-IF v2.4.4","1093","3228","3247","3828","3855","0","0","1","0","1","1","751.14264","0","237.4868","0","0","0","0","0","0","0","0","0","0","0","0","0","0","0","10","15.650512","2","9454.935","604.1294","80.6922","52.291122","28.401075","22.742105","0.81559"
"D:\HAA\dACC revisions\Run 4\Br2720_dACC_20x_img_020-MaxIP-Stitched_unmixed_rotated.nd2","Layer 1","dACC_v17_ FISH-IF v2.4.4","1094","3271","3306","3861","3896","0","0","0","0","1","1","1431.8083","0","271.6243","0","0","0","0","0","0","0","0","0","0","0","0","0","0","0","0","0","0","0","0","174.31909","106.101265","68.21782","37.76048","0.795982"
"D:\HAA\dACC revisions\Run 4\Br2720_dACC_20x_img_020-MaxIP-Stitched_unmixed_rotated.nd2","Layer 1","dACC_v17_ FISH-IF v2.4.4","1095","2234","2264","3803","3829","0","0","0","0","1","1","2606.024","0","447.11035","0","0","0","0","0","0","0","0","0","0","0","0","0","0","0","1","0.920618","0","469.28522","509.75","114.018585","81.33663","32.68195","25.74578","0.796648"
"D:\HAA\dACC revisions\Run 4\Br2720_dACC_20x_img_020-MaxIP-Stitched_unmixed_rotated.nd2","Layer 1","dACC_v17_ FISH-IF v2.4.4","1096","2453","2483","3804","3832","0","0","0","0","1","1","2825.2966","0","303.452","0","0","0","0","0","0","0","0","0","0","0","0","0","0","0","0","0","0","0","0","120.23276","83.91436","36.318394","27.03307","0.767463"
"D:\HAA\dACC revisions\Run 4\Br2720_dACC_20x_img_020-MaxIP-Stitched_unmixed_rotated.nd2","Layer 1","dACC_v17_ FISH-IF v2.4.4","1097","2542","2562","3810","3832","0","0","0","0","1","1","2413.0598","0","291.0315","0","0","0","0","0","0","0","0","0","0","0","0","0","0","0","0","0","0","0","0","64.075035","54.086327","9.988709","13.301987","0.8194"
"D:\HAA\dACC revisions\Run 4\Br2720_dACC_20x_img_020-MaxIP-Stitched_unmixed_rotated.nd2","Layer 1","dACC_v17_ FISH-IF v2.4.4","1098","2468","2490","3841","3868","0","0","0","0","1","1","952.2824","0","187.3737","0","0","0","0","0","0","0","0","0","0","0","0","0","0","0","0","0","0","0","0","82.85565","66.88292","15.972729","19.738432","0.65521"
"D:\HAA\dACC revisions\Run 4\Br2720_dACC_20x_img_020-MaxIP-Stitched_unmixed_rotated.nd2","Layer 1","dACC_v17_ FISH-IF v2.4.4","1099","2357","2387","3874","3896","0","0","0","0","1","1","2591.3801","0","492.71765","0","0","0","0","0","0","0","0","0","0","0","0","0","0","0","0","0","0","0","0","99.38075","76.13514","23.245613","23.600298","0.628077"
"D:\HAA\dACC revisions\Run 4\Br2720_dACC_20x_img_020-MaxIP-Stitched_unmixed_rotated.nd2","Layer 1","dACC_v17_ FISH-IF v2.4.4","1100","2399","2422","3883","3909","0","0","0","0","1","1","2956.7524","0","423.06528","0","0","0","0","0","0","0","0","0","0","0","0","0","0","0","3","1.426958","0","622.1539","436","89.20792","65.594055","23.613861","21.883913","0.781457"
"D:\HAA\dACC revisions\Run 4\Br2720_dACC_20x_img_020-MaxIP-Stitched_unmixed_rotated.nd2","Layer 1","dACC_v17_ FISH-IF v2.4.4","1101","2528","2551","3887","3910","0","0","0","0","1","1","2726.1558","0","322.74942","0","0","0","0","0","0","0","0","0","0","0","0","0","0","0","0","0","0","0","0","75.39864","60.62272","14.775925","16.734756","0.87253"
"D:\HAA\dACC revisions\Run 4\Br2720_dACC_20x_img_020-MaxIP-Stitched_unmixed_rotated.nd2","Layer 1","dACC_v17_ FISH-IF v2.4.4","1102","2422","2437","3892","3907","0","0","0","0","1","1","1790.1573","0","425.18076","0","0","0","0","0","0","0","0","0","0","0","0","0","0","0","0","0","0","0","0","35.67396","31.57721","4.096752","8.581926","0.864936"
"D:\HAA\dACC revisions\Run 4\Br2720_dACC_20x_img_020-MaxIP-Stitched_unmixed_rotated.nd2","Layer 1","dACC_v17_ FISH-IF v2.4.4","1103","2417","2435","3907","3918","0","0","0","0","1","1","1980.8533","0","411.92654","0","0","0","0","0","0","0","0","0","0","0","0","0","0","0","0","0","0","0","0","32.58989","27.57252","5.01737","10.083764","0.685107"
"D:\HAA\dACC revisions\Run 4\Br2720_dACC_20x_img_020-MaxIP-Stitched_unmixed_rotated.nd2","Layer 1","dACC_v17_ FISH-IF v2.4.4","1104","2410","2436","3917","3940","0","0","0","0","1","1","2777.715","0","493.7883","0","0","0","0","0","0","0","0","0","0","0","0","0","0","0","0","0","0","0","0","89.94441","65.22581","24.718603","24.029396","0.643334"
"D:\HAA\dACC revisions\Run 4\Br2720_dACC_20x_img_020-MaxIP-Stitched_unmixed_rotated.nd2","Layer 1","dACC_v17_ FISH-IF v2.4.4","1105","2607","2635","3928","3955","0","0","0","0","1","1","2264.7095","0","595.37463","1","0.874587","0","831.73267","951","0","0","0","0","0","0","0","0","0","0","0","0","0","0","0","112.95987","80.96838","31.991488","25.316685","0.753516"
"D:\HAA\dACC revisions\Run 4\Br2720_dACC_20x_img_020-MaxIP-Stitched_unmixed_rotated.nd2","Layer 1","dACC_v17_ FISH-IF v2.4.4","1106","2245","2265","3941","3960","0","0","0","0","1","1","1057.7517","0","151.35255","0","0","0","0","0","0","0","0","0","0","0","0","0","0","0","0","0","0","0","0","55.55932","48.70071","6.858607","11.156505","0.795181"
"D:\HAA\dACC revisions\Run 4\Br2720_dACC_20x_img_020-MaxIP-Stitched_unmixed_rotated.nd2","Layer 1","dACC_v17_ FISH-IF v2.4.4","1107","1442","1465","3027","3048","0","0","0","0","1","1","2580.1274","0","369.21017","0","0","0","0","0","0","0","0","0","0","0","0","0","0","0","0","0","0","0","0","73.511375","59.794163","13.717214","15.876565","0.787108"
"D:\HAA\dACC revisions\Run 4\Br2720_dACC_20x_img_020-MaxIP-Stitched_unmixed_rotated.nd2","Layer 1","dACC_v17_ FISH-IF v2.4.4","1108","1568","1594","3053","3081","0","0","0","0","1","1","3186.6394","0","435.0307","0","0","0","0","0","0","0","0","0","0","0","0","0","0","0","0","0","0","0","0","105.22668","76.50339","28.723293","24.243944","0.80797"
"D:\HAA\dACC revisions\Run 4\Br2720_dACC_20x_img_020-MaxIP-Stitched_unmixed_rotated.nd2","Layer 1","dACC_v17_ FISH-IF v2.4.4","1109","1789","1820","3053","3084","0","0","0","0","1","1","1785.4962","0","418.5533","0","0","0","0","0","0","0","0","0","0","0","0","0","0","0","0","0","0","0","0","141.63713","93.67292","47.964214","31.75313","0.747196"
"D:\HAA\dACC revisions\Run 4\Br2720_dACC_20x_img_020-MaxIP-Stitched_unmixed_rotated.nd2","Layer 1","dACC_v17_ FISH-IF v2.4.4","1110","1640","1680","3060","3085","0","0","0","0","1","1","1796.373","0","353.02008","0","0","0","0","0","0","0","0","0","0","0","0","0","0","0","0","0","0","0","0","127.09136","77.97637","49.11499","36.47319","0.587045"
"D:\HAA\dACC revisions\Run 4\Br2720_dACC_20x_img_020-MaxIP-Stitched_unmixed_rotated.nd2","Layer 1","dACC_v17_ FISH-IF v2.4.4","1111","1646","1677","3079","3105","0","0","0","0","1","1","2199.9653","0","485.40802","0","0","0","0","0","0","0","0","0","0","0","0","0","0","0","0","0","0","0","0","117.19472","65.54803","51.64669","30.894936","0.793558"
"D:\HAA\dACC revisions\Run 4\Br2720_dACC_20x_img_020-MaxIP-Stitched_unmixed_rotated.nd2","Layer 1","dACC_v17_ FISH-IF v2.4.4","1112","1733","1752","3140","3158","0","0","0","0","1","1","718.84875","0","126.37488","0","0","0","0","0","0","0","0","0","0","0","0","0","0","0","0","0","0","0","0","51.278442","45.800762","5.477679","9.44012","0.856325"
"D:\HAA\dACC revisions\Run 4\Br2720_dACC_20x_img_020-MaxIP-Stitched_unmixed_rotated.nd2","Layer 1","dACC_v17_ FISH-IF v2.4.4","1113","1420","1445","3166","3191","0","0","0","0","1","1","2131.2434","0","318.19653","0","0","0","0","0","0","0","0","0","0","0","0","0","0","0","0","0","0","0","0","90.49678","69.32256","21.174223","20.596624","0.774515"
"D:\HAA\dACC revisions\Run 4\Br2720_dACC_20x_img_020-MaxIP-Stitched_unmixed_rotated.nd2","Layer 1","dACC_v17_ FISH-IF v2.4.4","1114","1723","1749","3180","3207","0","0","0","0","1","1","2433.0269","0","457.33395","0","0","0","0","0","0","0","0","0","0","0","0","0","0","0","0","0","0","0","0","95.145905","72.91297","22.232933","23.171202","0.653314"
"D:\HAA\dACC revisions\Run 4\Br2720_dACC_20x_img_020-MaxIP-Stitched_unmixed_rotated.nd2","Layer 1","dACC_v17_ FISH-IF v2.4.4","1115","1749","1770","3196","3218","0","0","0","0","1","1","1278.4398","0","179.37733","0","0","0","0","0","0","0","0","0","0","0","0","0","0","0","0","0","0","0","0","67.941635","56.848183","11.093451","15.018372","0.743358"
"D:\HAA\dACC revisions\Run 4\Br2720_dACC_20x_img_020-MaxIP-Stitched_unmixed_rotated.nd2","Layer 1","dACC_v17_ FISH-IF v2.4.4","1116","1491","1520","3198","3230","0","0","0","0","1","1","2720.5056","0","346.37906","0","0","0","0","0","0","0","0","0","0","0","0","0","0","0","0","0","0","0","0","128.10405","90.588844","37.515198","30.036743","0.673925"
"D:\HAA\dACC revisions\Run 4\Br2720_dACC_20x_img_020-MaxIP-Stitched_unmixed_rotated.nd2","Layer 1","dACC_v17_ FISH-IF v2.4.4","1117","1788","1814","3198","3214","0","0","0","0","1","1","1814.8859","0","269.13605","0","0","0","0","0","0","0","0","0","0","0","0","0","0","0","0","0","0","0","0","55.513287","38.57391","16.939377","19.094788","0.655955"
"D:\HAA\dACC revisions\Run 4\Br2720_dACC_20x_img_020-MaxIP-Stitched_unmixed_rotated.nd2","Layer 1","dACC_v17_ FISH-IF v2.4.4","1118","1588","1607","3201","3218","0","0","0","0","1","1","376.54022","0","112.78143","0","0","0","0","0","0","0","0","0","0","0","0","0","0","0","0","0","0","0","0","43.177002","39.17231","4.00469","8.796475","0.768045"
"D:\HAA\dACC revisions\Run 4\Br2720_dACC_20x_img_020-MaxIP-Stitched_unmixed_rotated.nd2","Layer 1","dACC_v17_ FISH-IF v2.4.4","1119","1787","1815","3212","3233","0","0","0","0","1","1","1879.3634","0","350.41437","0","0","0","0","0","0","0","0","0","0","0","0","0","0","0","0","0","0","0","0","87.13653","56.986275","30.150251","27.247618","0.682445"
"D:\HAA\dACC revisions\Run 4\Br2720_dACC_20x_img_020-MaxIP-Stitched_unmixed_rotated.nd2","Layer 1","dACC_v17_ FISH-IF v2.4.4","1120","1581","1603","3214","3237","0","0","0","0","1","1","402.49634","0","128.06628","0","0","0","0","0","0","0","0","0","0","0","0","0","0","0","0","0","0","0","0","68.77019","56.249783","12.52041","16.30566","0.719447"
"D:\HAA\dACC revisions\Run 4\Br2720_dACC_20x_img_020-MaxIP-Stitched_unmixed_rotated.nd2","Layer 1","dACC_v17_ FISH-IF v2.4.4","1121","1572","1607","3243","3276","0","0","0","0","1","1","1525.2872","0","287.35504","0","0","0","0","0","2","4.326906","0","4401.7983","1017.30853","2","1.749175","0","1798.2438","1028.0526","1","2.117422","0","1171.9471","553.4783","165.25099","102.41879","62.832203","37.331383","0.707642"
"D:\HAA\dACC revisions\Run 4\Br2720_dACC_20x_img_020-MaxIP-Stitched_unmixed_rotated.nd2","Layer 1","dACC_v17_ FISH-IF v2.4.4","1122","1542","1572","3248","3274","0","0","0","0","1","1","3004.5486","0","609.8164","0","0","0","0","0","0","0","0","0","0","0","0","0","0","0","0","0","0","0","0","116.41219","78.98905","37.423138","28.320358","0.76815"
"D:\HAA\dACC revisions\Run 4\Br2720_dACC_20x_img_020-MaxIP-Stitched_unmixed_rotated.nd2","Layer 1","dACC_v17_ FISH-IF v2.4.4","1123","1715","1734","3250","3269","0","0","0","0","1","1","456.8189","0","129.37697","0","0","0","0","0","0","0","0","0","0","0","0","0","0","0","0","0","0","0","0","52.61334","46.76741","5.845926","10.298312","0.799649"
"D:\HAA\dACC revisions\Run 4\Br2720_dACC_20x_img_020-MaxIP-Stitched_unmixed_rotated.nd2","Layer 1","dACC_v17_ FISH-IF v2.4.4","1124","1529","1551","3263","3284","0","0","0","0","1","1","1999.9147","0","422.2588","3","7.318916","0","7919.8496","1082.1069","0","0","0","0","0","0","0","0","0","0","0","0","0","0","0","65.594055","53.718082","11.875977","14.589275","0.798016"
"D:\HAA\dACC revisions\Run 4\Br2720_dACC_20x_img_020-MaxIP-Stitched_unmixed_rotated.nd2","Layer 1","dACC_v17_ FISH-IF v2.4.4","1125","1663","1692","3280","3303","0","0","0","0","1","1","3583.886","0","370.89865","0","0","0","0","0","0","0","0","0","0","0","0","0","0","0","0","0","0","0","0","90.819","65.409935","25.409067","22.742105","0.717315"
"D:\HAA\dACC revisions\Run 4\Br2720_dACC_20x_img_020-MaxIP-Stitched_unmixed_rotated.nd2","Layer 1","dACC_v17_ FISH-IF v2.4.4","1126","1671","1697","3298","3318","0","0","0","0","1","1","3020.0967","0","510.40796","0","0","0","0","0","0","0","0","0","0","0","0","0","0","0","0","0","0","0","0","72.176476","55.513287","16.663193","18.88024","0.70468"
"D:\HAA\dACC revisions\Run 4\Br2720_dACC_20x_img_020-MaxIP-Stitched_unmixed_rotated.nd2","Layer 1","dACC_v17_ FISH-IF v2.4.4","1127","1625","1656","3301","3326","0","0","0","0","1","1","2584.1384","0","349.69275","0","0","0","0","0","0","0","0","0","0","0","0","0","0","0","0","0","0","0","0","115.62966","82.39534","33.23432","26.174877","0.754639"
"D:\HAA\dACC revisions\Run 4\Br2720_dACC_20x_img_020-MaxIP-Stitched_unmixed_rotated.nd2","Layer 1","dACC_v17_ FISH-IF v2.4.4","1128","1766","1793","3322","3347","0","0","0","0","1","1","578.7858","0","161.0712","0","0","0","0","0","0","0","0","0","0","0","0","0","0","0","0","0","0","0","0","93.90307","70.473335","23.429737","21.883913","0.873917"
"D:\HAA\dACC revisions\Run 4\Br2720_dACC_20x_img_020-MaxIP-Stitched_unmixed_rotated.nd2","Layer 1","dACC_v17_ FISH-IF v2.4.4","1129","1691","1720","3329","3356","0","0","0","0","1","1","1665.4501","0","305.29004","0","0","0","0","0","0","0","0","0","0","0","0","0","0","0","0","0","0","0","0","111.25673","82.21122","29.04551","26.389425","0.705884"
"D:\HAA\dACC revisions\Run 4\Br2720_dACC_20x_img_020-MaxIP-Stitched_unmixed_rotated.nd2","Layer 1","dACC_v17_ FISH-IF v2.4.4","1130","1510","1534","3361","3388","0","0","0","0","1","1","2230.2666","0","379.8381","0","0","0","0","0","0","0","0","0","0","0","0","0","0","0","0","0","0","0","0","82.90168","54.592667","28.309013","24.029396","0.842273"
"D:\HAA\dACC revisions\Run 4\Br2720_dACC_20x_img_020-MaxIP-Stitched_unmixed_rotated.nd2","Layer 1","dACC_v17_ FISH-IF v2.4.4","1131","1522","1549","3371","3397","0","0","0","0","1","1","3072.5505","0","374.62817","0","0","0","0","0","0","0","0","0","0","0","0","0","0","0","0","0","0","0","0","90.12854","58.18308","31.945457","25.74578","0.846615"
"D:\HAA\dACC revisions\Run 4\Br2720_dACC_20x_img_020-MaxIP-Stitched_unmixed_rotated.nd2","Layer 1","dACC_v17_ FISH-IF v2.4.4","1132","1647","1668","3378","3402","0","0","0","0","1","1","1321.0354","0","265.0395","0","0","0","0","0","0","0","0","0","0","0","0","0","0","0","0","0","0","0","0","80.73823","54.77679","25.961437","21.883913","0.80403"
"D:\HAA\dACC revisions\Run 4\Br2720_dACC_20x_img_020-MaxIP-Stitched_unmixed_rotated.nd2","Layer 1","dACC_v17_ FISH-IF v2.4.4","1133","1627","1646","3379","3402","0","0","0","0","1","1","1195.8474","0","241.0018","0","0","0","0","0","0","0","0","0","0","0","0","0","0","0","0","0","0","0","0","73.41931","51.09432","22.324995","20.167528","0.799992"
"D:\HAA\dACC revisions\Run 4\Br2720_dACC_20x_img_020-MaxIP-Stitched_unmixed_rotated.nd2","Layer 1","dACC_v17_ FISH-IF v2.4.4","1134","4660","4684","3813","3842","0","0","0","0","1","1","2903.1633","0","420.45917","0","0","0","0","0","0","0","0","0","0","0","0","0","0","0","0","0","0","0","0","100.3474","74.98437","25.363035","23.171202","0.724594"
"D:\HAA\dACC revisions\Run 4\Br2720_dACC_20x_img_020-MaxIP-Stitched_unmixed_rotated.nd2","Layer 1","dACC_v17_ FISH-IF v2.4.4","1135","4633","4658","3816","3844","0","0","0","0","1","1","3349.2778","0","461.15213","0","0","0","0","0","0","0","0","0","0","0","0","0","0","0","0","0","0","0","0","97.86173","73.833595","24.02814","23.171202","0.708009"
"D:\HAA\dACC revisions\Run 4\Br2720_dACC_20x_img_020-MaxIP-Stitched_unmixed_rotated.nd2","Layer 1","dACC_v17_ FISH-IF v2.4.4","1136","4828","4855","3935","3963","0","0","0","0","1","1","3048.112","0","395.45422","0","0","0","0","0","0","0","0","0","0","0","0","0","0","0","0","0","0","0","0","107.85044","77.424","30.426437","24.458492","0.867358"
"D:\HAA\dACC revisions\Run 4\Br2720_dACC_20x_img_020-MaxIP-Stitched_unmixed_rotated.nd2","Layer 1","dACC_v17_ FISH-IF v2.4.4","1137","5669","5694","3816","3836","0","0","0","0","1","1","1425.0688","0","205.40231","0","0","0","0","0","0","0","0","0","0","0","0","0","0","0","2","1.334897","0","603.6034","452.17242","72.314575","59.61004","12.704534","15.447468","0.748827"
"D:\HAA\dACC revisions\Run 4\Br2720_dACC_20x_img_020-MaxIP-Stitched_unmixed_rotated.nd2","Layer 1","dACC_v17_ FISH-IF v2.4.4","1138","5584","5613","3889","3917","0","0","0","0","1","1","2349.0242","0","322.40268","0","0","0","0","0","0","0","0","0","0","0","0","0","0","0","0","0","0","0","0","106.791725","65.04169","41.750042","29.17855","0.836044"
"D:\HAA\dACC revisions\Run 4\Br2720_dACC_20x_img_020-MaxIP-Stitched_unmixed_rotated.nd2","Layer 1","dACC_v17_ FISH-IF v2.4.4","1139","5416","5438","3895","3921","0","0","0","0","1","1","2141.2417","0","418.0631","0","0","0","0","0","0","0","0","0","0","0","0","0","0","0","0","0","0","0","0","73.327255","51.048286","22.278965","23.38575","0.672383"
"D:\HAA\dACC revisions\Run 4\Br2720_dACC_20x_img_020-MaxIP-Stitched_unmixed_rotated.nd2","Layer 1","dACC_v17_ FISH-IF v2.4.4","1140","5576","5603","3904","3933","0","0","0","0","1","1","2606.423","0","362.06506","0","0","0","0","0","0","0","0","0","0","0","0","0","0","0","0","0","0","0","0","96.80302","62.970295","33.832726","28.320358","0.73521"
"D:\HAA\dACC revisions\Run 4\Br2720_dACC_20x_img_020-MaxIP-Stitched_unmixed_rotated.nd2","Layer 1","dACC_v17_ FISH-IF v2.4.4","1141","5428","5455","3902","3930","0","0","0","0","1","1","2305.7954","0","350.81534","0","0","0","0","0","0","0","0","0","0","0","0","0","0","0","0","0","0","0","0","100.025185","63.5687","36.456486","26.818521","0.874938"
"D:\HAA\dACC revisions\Run 4\Br2720_dACC_20x_img_020-MaxIP-Stitched_unmixed_rotated.nd2","Layer 1","dACC_v17_ FISH-IF v2.4.4","1142","5608","5635","3903","3927","0","0","0","0","1","1","3021.0264","0","409.8372","0","0","0","0","0","0","0","0","0","0","0","0","0","0","0","0","0","0","0","0","96.29668","71.80823","24.488447","22.31301","0.791351"
"D:\HAA\dACC revisions\Run 4\Br2720_dACC_20x_img_020-MaxIP-Stitched_unmixed_rotated.nd2","Layer 1","dACC_v17_ FISH-IF v2.4.4","1143","5677","5705","3909","3934","0","0","0","0","1","1","2280.5642","0","335.08102","3","8.607781","0","12296.193","1428.4973","0","0","0","0","0","0","0","0","0","0","0","0","0","0","0","94.82369","73.28122","21.542469","23.171202","0.642802"
"D:\HAA\dACC revisions\Run 4\Br2720_dACC_20x_img_020-MaxIP-Stitched_unmixed_rotated.nd2","Layer 1","dACC_v17_ FISH-IF v2.4.4","1144","3656","3685","3807","3830","0","0","0","0","1","1","1660.9696","0","865.8135","0","0","0","0","0","0","0","0","0","0","0","0","0","0","0","0","0","0","0","0","81.658844","36.27236","45.386486","35.400448","0.663433"
"D:\HAA\dACC revisions\Run 4\Br2720_dACC_20x_img_020-MaxIP-Stitched_unmixed_rotated.nd2","Layer 1","dACC_v17_ FISH-IF v2.4.4","1145","3591","3626","3808","3836","0","0","0","0","1","1","2904.3066","0","575.8986","0","0","0","0","0","0","0","0","0","0","0","0","0","0","0","0","0","0","0","0","137.81657","93.99513","43.821434","32.182224","0.652954"
"D:\HAA\dACC revisions\Run 4\Br2720_dACC_20x_img_020-MaxIP-Stitched_unmixed_rotated.nd2","Layer 1","dACC_v17_ FISH-IF v2.4.4","1146","3739","3776","3813","3842","0","0","0","0","1","1","2619.314","0","566.6271","0","0","0","0","0","0","0","0","0","0","0","0","0","0","0","0","0","0","0","0","145.68785","93.07452","52.61334","37.331383","0.5961"
"D:\HAA\dACC revisions\Run 4\Br2720_dACC_20x_img_020-MaxIP-Stitched_unmixed_rotated.nd2","Layer 1","dACC_v17_ FISH-IF v2.4.4","1147","3771","3808","3814","3836","0","0","0","0","1","1","2278.7898","0","492.5381","0","0","0","0","0","0","0","0","0","0","0","0","0","0","0","0","0","0","0","0","119.91054","86.40003","33.51051","31.967678","0.503198"
"D:\HAA\dACC revisions\Run 4\Br2720_dACC_20x_img_020-MaxIP-Stitched_unmixed_rotated.nd2","Layer 1","dACC_v17_ FISH-IF v2.4.4","1148","3648","3661","3821","3844","0","0","0","0","1","1","1904.7009","0","483.8864","0","0","0","0","0","0","0","0","0","0","0","0","0","0","0","0","0","0","0","0","39.034218","24.718603","14.315616","16.734756","0.700754"
"D:\HAA\dACC revisions\Run 4\Br2720_dACC_20x_img_020-MaxIP-Stitched_unmixed_rotated.nd2","Layer 1","dACC_v17_ FISH-IF v2.4.4","1149","3659","3685","3825","3846","0","0","0","0","1","1","1797.3656","0","718.78644","0","0","0","0","0","0","0","0","0","0","0","0","0","0","0","0","0","0","0","0","76.733536","40.09293","36.64061","28.534906","0.648688"
"D:\HAA\dACC revisions\Run 4\Br2720_dACC_20x_img_020-MaxIP-Stitched_unmixed_rotated.nd2","Layer 1","dACC_v17_ FISH-IF v2.4.4","1150","3623","3650","3822","3845","0","0","0","0","1","1","2260.2185","0","396.9142","0","0","0","0","0","0","0","0","0","0","0","0","0","0","0","0","0","0","0","0","92.47611","62.78617","29.689941","24.029396","0.696637"
"D:\HAA\dACC revisions\Run 4\Br2720_dACC_20x_img_020-MaxIP-Stitched_unmixed_rotated.nd2","Layer 1","dACC_v17_ FISH-IF v2.4.4","1151","3685","3732","3823","3852","0","0","0","0","1","1","2842.2627","0","603.1567","0","0","0","0","0","0","0","0","0","0","0","0","0","0","0","0","0","0","0","0","184.16971","96.06653","88.10317","49.775177","0.557069"
"D:\HAA\dACC revisions\Run 4\Br2720_dACC_20x_img_020-MaxIP-Stitched_unmixed_rotated.nd2","Layer 1","dACC_v17_ FISH-IF v2.4.4","1152","3477","3505","3860","3885","0","0","0","0","1","1","2159.7156","0","525.72363","0","0","0","0","0","0","0","0","0","0","0","0","0","0","0","1","0.690464","0","316.27844","458.06668","90.036476","58.965607","31.07087","26.818521","0.719858"
"D:\HAA\dACC revisions\Run 4\Br2720_dACC_20x_img_020-MaxIP-Stitched_unmixed_rotated.nd2","Layer 1","dACC_v17_ FISH-IF v2.4.4","1153","3494","3516","3866","3889","0","0","0","0","1","1","3177.154","0","361.02094","0","0","0","0","0","0","0","0","0","0","0","0","0","0","0","0","0","0","0","0","61.17509","41.750042","19.425047","20.382076","0.74752"
"D:\HAA\dACC revisions\Run 4\Br2720_dACC_20x_img_020-MaxIP-Stitched_unmixed_rotated.nd2","Layer 1","dACC_v17_ FISH-IF v2.4.4","1154","3506","3534","3883","3907","0","0","0","0","1","1","2815.9436","0","385.36353","0","0","0","0","0","0","0","0","0","0","0","0","0","0","0","0","0","0","0","0","98.46013","73.189156","25.270973","22.742105","0.794103"
"D:\HAA\dACC revisions\Run 4\Br2720_dACC_20x_img_020-MaxIP-Stitched_unmixed_rotated.nd2","Layer 1","dACC_v17_ FISH-IF v2.4.4","1155","3620","3647","3889","3915","0","0","1","0","1","1","609.9515","0","195.86876","0","0","0","0","0","0","0","0","0","0","0","0","0","0","0","5","4.096752","1","1891.9628","461.82022","103.98384","76.45735","27.52649","22.527557","0.777944"
"D:\HAA\dACC revisions\Run 4\Br2720_dACC_20x_img_020-MaxIP-Stitched_unmixed_rotated.nd2","Layer 1","dACC_v17_ FISH-IF v2.4.4","1156","3560","3588","3890","3911","0","1","1","0","1","1","1687.0804","0","225.50865","0","0","0","0","0","0","0","0","0","0","6","6.076081","1","4674.5317","769.3333","6","10.955359","1","5969.7495","544.91595","83.68421","66.51468","17.169533","18.88024","0.699799"
"D:\HAA\dACC revisions\Run 4\Br2720_dACC_20x_img_020-MaxIP-Stitched_unmixed_rotated.nd2","Layer 1","dACC_v17_ FISH-IF v2.4.4","1157","3697","3734","3917","3952","0","0","1","0","1","1","1086.2938","0","235.57964","0","0","0","0","0","0","0","0","0","0","1","0.50634","0","338.18915","667.9091","52","99.93312","4","79369.13","794.2225","187.20775","109.82977","77.377975","39.90596","0.879048"
"D:\HAA\dACC revisions\Run 4\Br2720_dACC_20x_img_020-MaxIP-Stitched_unmixed_rotated.nd2","Layer 1","dACC_v17_ FISH-IF v2.4.4","1158","3639","3673","3929","3964","0","0","1","0","1","1","1181.945","0","227.4253","0","0","0","0","0","0","0","0","0","0","0","0","0","0","0","33","70.93365","4","44957.613","633.79816","175.70001","106.285385","69.41463","36.902287","0.802226"
"D:\HAA\dACC revisions\Run 4\Br2720_dACC_20x_img_020-MaxIP-Stitched_unmixed_rotated.nd2","Layer 1","dACC_v17_ FISH-IF v2.4.4","1159","1561","1589","1410","1436","0","0","1","0","1","1","2509.957","0","507.62292","0","0","0","0","0","0","0","0","0","0","0","0","0","0","0","48","60.070347","4","76776.484","1278.1096","106.51554","77.51607","28.999477","24.029396","0.736079"
"D:\HAA\dACC revisions\Run 4\Br2720_dACC_20x_img_020-MaxIP-Stitched_unmixed_rotated.nd2","Layer 1","dACC_v17_ FISH-IF v2.4.4","1160","1757","1778","1416","1435","0","0","0","0","1","1","2807.7903","0","567.4944","2","2.02536","0","1684.6395","831.7727","0","0","0","0","0","0","0","0","0","0","1","2.669793","0","1394.0004","522.13794","59.978287","49.437206","10.54108","13.731083","0.852549"
"D:\HAA\dACC revisions\Run 4\Br2720_dACC_20x_img_020-MaxIP-Stitched_unmixed_rotated.nd2","Layer 1","dACC_v17_ FISH-IF v2.4.4","1161","1702","1729","1424","1450","0","0","0","0","1","1","3582.5486","0","379.44232","0","0","0","0","0","0","0","0","0","0","0","0","0","0","0","0","0","0","0","0","101.728325","74.201836","27.52649","23.171202","0.900926"
"D:\HAA\dACC revisions\Run 4\Br2720_dACC_20x_img_020-MaxIP-Stitched_unmixed_rotated.nd2","Layer 1","dACC_v17_ FISH-IF v2.4.4","1162","1409","1435","1427","1458","0","0","0","0","1","1","1192.6029","0","276.63553","0","0","0","0","0","0","0","0","0","0","0","0","0","0","0","0","0","0","0","0","101.6823","79.31127","22.371025","26.174877","0.577303"
"D:\HAA\dACC revisions\Run 4\Br2720_dACC_20x_img_020-MaxIP-Stitched_unmixed_rotated.nd2","Layer 1","dACC_v17_ FISH-IF v2.4.4","1163","1774","1792","1429","1451","0","0","0","0","1","1","973.11066","0","369.28668","0","0","0","0","0","0","0","0","0","0","1","0.644433","0","416.99408","647.0714","3","2.853917","0","1351.6058","473.59677","58.18308","47.365814","10.817266","17.163853","0.615993"
"D:\HAA\dACC revisions\Run 4\Br2720_dACC_20x_img_020-MaxIP-Stitched_unmixed_rotated.nd2","Layer 1","dACC_v17_ FISH-IF v2.4.4","1164","1756","1773","1435","1450","0","0","0","0","1","1","1069.5488","0","594.22","0","0","0","0","0","0","0","0","0","0","2","1.749175","0","1301.1559","743.8684","0","0","0","0","0","44.373806","36.824734","7.54907","12.443794","0.594002"
"D:\HAA\dACC revisions\Run 4\Br2720_dACC_20x_img_020-MaxIP-Stitched_unmixed_rotated.nd2","Layer 1","dACC_v17_ FISH-IF v2.4.4","1165","1635","1659","1447","1473","0","0","0","0","1","1","3635.6514","0","446.90112","0","0","0","0","0","0","0","0","0","0","0","0","0","0","0","0","0","0","0","0","92.0158","69.8289","22.186903","20.596624","0.798705"
"D:\HAA\dACC revisions\Run 4\Br2720_dACC_20x_img_020-MaxIP-Stitched_unmixed_rotated.nd2","Layer 1","dACC_v17_ FISH-IF v2.4.4","1166","1610","1641","1463","1490","0","0","0","1","1","1","2229.3435","0","664.88245","4","8.377627","1","8187.5195","977.3077","0","0","0","0","0","0","0","0","0","0","0","0","0","0","0","123.77714","87.73493","36.04221","27.891262","0.717166"
"D:\HAA\dACC revisions\Run 4\Br2720_dACC_20x_img_020-MaxIP-Stitched_unmixed_rotated.nd2","Layer 1","dACC_v17_ FISH-IF v2.4.4","1167","1770","1799","1465","1495","0","0","0","0","1","1","2387.8657","0","526.5203","0","0","0","0","0","0","0","0","0","0","0","0","0","0","0","0","0","0","0","0","123.54698","84.834984","38.712","28.749454","0.847749"
"D:\HAA\dACC revisions\Run 4\Br2720_dACC_20x_img_020-MaxIP-Stitched_unmixed_rotated.nd2","Layer 1","dACC_v17_ FISH-IF v2.4.4","1168","1526","1563","1466","1491","0","0","0","0","1","1","1339.3347","0","276.1767","0","0","0","0","0","0","0","0","0","0","0","0","0","0","0","0","0","0","0","0","129.76115","97.171265","32.58989","33.469513","0.542723"
"D:\HAA\dACC revisions\Run 4\Br2720_dACC_20x_img_020-MaxIP-Stitched_unmixed_rotated.nd2","Layer 1","dACC_v17_ FISH-IF v2.4.4","1169","1461","1491","1487","1514","0","0","0","0","1","1","2941.4307","0","419.311","0","0","0","0","0","0","0","0","0","0","0","0","0","0","0","1","0.368247","0","157.74796","428.375","117.60899","82.441376","35.16762","26.603973","0.819994"
"D:\HAA\dACC revisions\Run 4\Br2720_dACC_20x_img_020-MaxIP-Stitched_unmixed_rotated.nd2","Layer 1","dACC_v17_ FISH-IF v2.4.4","1170","1588","1609","1492","1512","0","0","0","0","1","1","1987.1564","0","207.7349","0","0","0","0","0","0","0","0","0","0","0","0","0","0","0","2","1.058711","0","505.0052","477","59.287823","51.048286","8.239534","12.443794","0.857304"
"D:\HAA\dACC revisions\Run 4\Br2720_dACC_20x_img_020-MaxIP-Stitched_unmixed_rotated.nd2","Layer 1","dACC_v17_ FISH-IF v2.4.4","1171","1517","1539","1512","1540","0","0","0","0","1","1","3080.5732","0","417.3934","0","0","0","0","0","0","0","0","0","0","0","0","0","0","0","0","0","0","0","0","93.58086","71.25586","22.324995","20.596624","0.755296"
"D:\HAA\dACC revisions\Run 4\Br2720_dACC_20x_img_020-MaxIP-Stitched_unmixed_rotated.nd2","Layer 1","dACC_v17_ FISH-IF v2.4.4","1172","1613","1632","1544","1563","0","0","0","0","1","1","707.53546","0","139.54762","0","0","0","0","0","0","0","0","0","0","0","0","0","0","0","0","0","0","0","0","52.24509","46.399166","5.845926","10.298312","0.869658"
"D:\HAA\dACC revisions\Run 4\Br2720_dACC_20x_img_020-MaxIP-Stitched_unmixed_rotated.nd2","Layer 1","dACC_v17_ FISH-IF v2.4.4","1173","1522","1544","1547","1583","0","0","0","0","1","1","1136.9393","0","370.74738","0","0","0","0","0","3","1.887268","0","1681.1873","745.3674","0","0","0","0","0","0","0","0","0","0","110.88848","57.032307","53.856174","35.829544","0.680217"
"D:\HAA\dACC revisions\Run 4\Br2720_dACC_20x_img_020-MaxIP-Stitched_unmixed_rotated.nd2","Layer 1","dACC_v17_ FISH-IF v2.4.4","1174","1506","1524","1549","1565","0","0","0","0","1","1","1014.3685","0","375.4746","0","0","0","0","0","0","0","0","0","0","0","0","0","0","0","0","0","0","0","0","41.427826","23.56783","17.859997","18.451143","0.746501"
"D:\HAA\dACC revisions\Run 4\Br2720_dACC_20x_img_020-MaxIP-Stitched_unmixed_rotated.nd2","Layer 1","dACC_v17_ FISH-IF v2.4.4","1175","1542","1553","1550","1568","0","0","0","0","1","1","817.69446","0","251.326","0","0","0","0","0","0","0","0","0","0","0","0","0","0","0","0","0","0","0","0","28.447107","25.132881","3.314226","7.294638","0.745181"
"D:\HAA\dACC revisions\Run 4\Br2720_dACC_20x_img_020-MaxIP-Stitched_unmixed_rotated.nd2","Layer 1","dACC_v17_ FISH-IF v2.4.4","1176","1634","1662","1551","1577","0","0","0","0","1","1","2052.9568","0","293.07773","0","0","0","0","0","0","0","0","0","0","0","0","0","0","0","0","0","0","0","0","98.09189","74.61612","23.475767","24.458492","0.675188"
"D:\HAA\dACC revisions\Run 4\Br2720_dACC_20x_img_020-MaxIP-Stitched_unmixed_rotated.nd2","Layer 1","dACC_v17_ FISH-IF v2.4.4","1177","1505","1524","1564","1582","0","0","0","0","1","1","1007.2749","0","294.63977","0","0","0","0","0","1","0.782526","0","905.61224","786.96","0","0","0","0","0","0","0","0","0","0","52.060966","30.794683","21.266283","20.382076","0.654595"
"D:\HAA\dACC revisions\Run 4\Br2720_dACC_20x_img_020-MaxIP-Stitched_unmixed_rotated.nd2","Layer 1","dACC_v17_ FISH-IF v2.4.4","1178","1774","1802","1626","1646","0","0","0","0","1","1","419.75278","0","126.04422","0","0","0","0","0","0","0","0","0","0","0","0","0","0","0","0","0","0","0","0","84.23658","67.66545","16.57113","18.665691","0.655264"
"D:\HAA\dACC revisions\Run 4\Br2720_dACC_20x_img_020-MaxIP-Stitched_unmixed_rotated.nd2","Layer 1","dACC_v17_ FISH-IF v2.4.4","1179","1407","1436","1634","1657","0","0","0","0","1","1","3045.5938","0","695.6255","0","0","0","0","0","0","0","0","0","0","0","0","0","0","0","0","0","0","0","0","99.012505","75.214516","23.797985","23.171202","0.700992"
"D:\HAA\dACC revisions\Run 4\Br2720_dACC_20x_img_020-MaxIP-Stitched_unmixed_rotated.nd2","Layer 1","dACC_v17_ FISH-IF v2.4.4","1180","1731","1759","1644","1673","0","0","1","0","1","1","1444.1292","0","314.182","0","0","0","0","0","0","0","0","0","0","0","0","0","0","0","4","3.912628","1","2072.496","529.6941","121.52162","84.466736","37.05489","27.462166","0.832215"
"D:\HAA\dACC revisions\Run 4\Br2720_dACC_20x_img_020-MaxIP-Stitched_unmixed_rotated.nd2","Layer 1","dACC_v17_ FISH-IF v2.4.4","1181","1450","1484","1662","1688","0","0","0","1","1","1","2530.5085","0","374.59894","11","15.512419","2","16830.607","1084.9763","0","0","0","0","0","0","0","0","0","0","0","0","0","0","0","123.8692","86.30797","37.56123","28.749454","0.712105"
"D:\HAA\dACC revisions\Run 4\Br2720_dACC_20x_img_020-MaxIP-Stitched_unmixed_rotated.nd2","Layer 1","dACC_v17_ FISH-IF v2.4.4","1182","1586","1614","1704","1733","0","0","0","0","1","1","2860.7104","0","473.89636","3","5.109432","0","4536.8994","887.9459","0","0","0","0","0","0","0","0","0","0","0","0","0","0","0","113.97255","79.9557","34.01685","26.174877","0.852877"
"D:\HAA\dACC revisions\Run 4\Br2720_dACC_20x_img_020-MaxIP-Stitched_unmixed_rotated.nd2","Layer 1","dACC_v17_ FISH-IF v2.4.4","1183","1595","1614","1733","1751","0","0","0","0","1","1","550.81036","0","132.21153","0","0","0","0","0","0","0","0","0","0","0","0","0","0","0","0","0","0","0","0","50.818134","45.478546","5.339586","9.44012","0.798359"
"D:\HAA\dACC revisions\Run 4\Br2720_dACC_20x_img_020-MaxIP-Stitched_unmixed_rotated.nd2","Layer 1","dACC_v17_ FISH-IF v2.4.4","1184","1759","1786","1736","1765","0","0","0","0","1","1","3064.417","0","565.61584","0","0","0","0","0","0","0","0","0","0","0","0","0","0","0","0","0","0","0","0","114.524925","79.081116","35.443806","27.03307","0.775256"
"D:\HAA\dACC revisions\Run 4\Br2720_dACC_20x_img_020-MaxIP-Stitched_unmixed_rotated.nd2","Layer 1","dACC_v17_ FISH-IF v2.4.4","1185","1741","1762","1747","1772","0","0","0","0","1","1","1029.3302","0","524.6802","0","0","0","0","0","0","0","0","0","0","0","0","0","0","0","0","0","0","0","0","72.77488","57.998955","14.775925","17.378403","0.788929"
"D:\HAA\dACC revisions\Run 4\Br2720_dACC_20x_img_020-MaxIP-Stitched_unmixed_rotated.nd2","Layer 1","dACC_v17_ FISH-IF v2.4.4","1186","1687","1715","1774","1800","0","0","0","0","1","1","3429.8674","0","423.23587","0","0","0","0","0","0","0","0","0","0","0","0","0","0","0","0","0","0","0","0","104.53622","75.720856","28.815355","23.814846","0.849582"
"D:\HAA\dACC revisions\Run 4\Br2720_dACC_20x_img_020-MaxIP-Stitched_unmixed_rotated.nd2","Layer 1","dACC_v17_ FISH-IF v2.4.4","1187","1414","1433","1784","1804","0","0","0","0","1","1","530.2318","0","141.95628","0","0","0","0","0","0","0","0","0","0","0","0","0","0","0","0","0","0","0","0","56.433907","49.483234","6.950668","11.371053","0.755573"
"D:\HAA\dACC revisions\Run 4\Br2720_dACC_20x_img_020-MaxIP-Stitched_unmixed_rotated.nd2","Layer 1","dACC_v17_ FISH-IF v2.4.4","1188","5885","5905","2619","2639","0","0","0","0","1","1","1580.8525","0","191.39665","0","0","0","0","0","0","0","0","0","0","0","0","0","0","0","0","0","0","0","0","56.618027","49.437206","7.180823","11.585601","0.807458"
"D:\HAA\dACC revisions\Run 4\Br2720_dACC_20x_img_020-MaxIP-Stitched_unmixed_rotated.nd2","Layer 1","dACC_v17_ FISH-IF v2.4.4","1189","6146","6165","2627","2645","0","0","0","0","1","1","584.04346","0","124.32556","0","0","0","0","0","0","0","0","0","0","0","0","0","0","0","0","0","0","0","0","50.68004","45.386486","5.293556","9.869216","0.836946"
"D:\HAA\dACC revisions\Run 4\Br2720_dACC_20x_img_020-MaxIP-Stitched_unmixed_rotated.nd2","Layer 1","dACC_v17_ FISH-IF v2.4.4","1190","6011","6035","2630","2651","0","0","0","1","1","1","1633.6882","0","265.13443","4","6.996699","1","9173.731","1311.1514","0","0","0","0","0","0","0","0","0","0","0","0","0","0","0","76.549416","61.6354","14.914018","16.734756","0.784994"
"D:\HAA\dACC revisions\Run 4\Br2720_dACC_20x_img_020-MaxIP-Stitched_unmixed_rotated.nd2","Layer 1","dACC_v17_ FISH-IF v2.4.4","1191","5895","5918","2659","2679","0","0","0","0","1","1","1593.9241","0","205.57004","1","1.51902","0","1279.4293","842.2727","0","0","0","0","0","0","0","0","0","0","0","0","0","0","0","67.435295","56.525967","10.909328","14.589275","0.752426"
"D:\HAA\dACC revisions\Run 4\Br2720_dACC_20x_img_020-MaxIP-Stitched_unmixed_rotated.nd2","Layer 1","dACC_v17_ FISH-IF v2.4.4","1192","6165","6190","2718","2746","0","0","0","1","1","1","3386.2554","0","446.3632","4","15.604481","1","22743.14","1457.475","0","0","0","0","0","0","0","0","0","0","0","0","0","0","0","97.07921","74.017715","23.06149","22.31301","0.66721"
"D:\HAA\dACC revisions\Run 4\Br2720_dACC_20x_img_020-MaxIP-Stitched_unmixed_rotated.nd2","Layer 1","dACC_v17_ FISH-IF v2.4.4","1193","5846","5871","2775","2800","0","0","0","1","1","1","2495.6597","0","428.15796","4","12.060101","1","16776.014","1391.0343","0","0","0","0","0","0","0","0","0","0","0","0","0","0","0","90.68091","68.77019","21.910717","20.596624","0.904012"
"D:\HAA\dACC revisions\Run 4\Br2720_dACC_20x_img_020-MaxIP-Stitched_unmixed_rotated.nd2","Layer 1","dACC_v17_ FISH-IF v2.4.4","1194","5817","5842","2841","2865","0","0","0","0","1","1","1796.6982","0","288.71915","0","0","0","0","0","0","0","0","0","0","0","0","0","0","0","0","0","0","0","0","88.2873","67.84957","20.437727","19.738432","0.812567"
"D:\HAA\dACC revisions\Run 4\Br2720_dACC_20x_img_020-MaxIP-Stitched_unmixed_rotated.nd2","Layer 1","dACC_v17_ FISH-IF v2.4.4","1195","5885","5919","2866","2894","0","0","0","0","1","1","2269.274","0","312.13358","1","0.966649","0","840.98486","870","0","0","0","0","0","0","0","0","0","0","0","0","0","0","0","133.58173","94.0872","39.494526","30.894936","0.617791"
"D:\HAA\dACC revisions\Run 4\Br2720_dACC_20x_img_020-MaxIP-Stitched_unmixed_rotated.nd2","Layer 1","dACC_v17_ FISH-IF v2.4.4","1196","5838","5868","2897","2930","0","0","0","0","1","1","2185.0808","0","268.9409","0","0","0","0","0","0","0","0","0","0","0","0","0","0","0","0","0","0","0","0","120.87719","89.530136","31.347055","31.324034","0.578087"
"D:\HAA\dACC revisions\Run 4\Br2720_dACC_20x_img_020-MaxIP-Stitched_unmixed_rotated.nd2","Layer 1","dACC_v17_ FISH-IF v2.4.4","1197","6135","6160","2906","2934","0","0","0","0","1","1","2568.8374","0","341.68387","0","0","0","0","0","0","0","0","0","0","0","0","0","0","0","0","0","0","0","0","100.57755","73.97169","26.605871","22.742105","0.827206"
"D:\HAA\dACC revisions\Run 4\Br2720_dACC_20x_img_020-MaxIP-Stitched_unmixed_rotated.nd2","Layer 1","dACC_v17_ FISH-IF v2.4.4","1198","6062","6081","2969","2987","0","0","0","0","1","1","1359.1926","0","154.18385","0","0","0","0","0","0","0","0","0","0","0","0","0","0","0","0","0","0","0","0","53.53396","47.319782","6.214174","10.083764","0.864359"
"D:\HAA\dACC revisions\Run 4\Br2720_dACC_20x_img_020-MaxIP-Stitched_unmixed_rotated.nd2","Layer 1","dACC_v17_ FISH-IF v2.4.4","1199","6107","6131","2976","2998","0","0","0","0","1","1","2354.8616","0","583.18054","0","0","0","0","0","0","0","0","0","0","0","0","0","0","0","0","0","0","0","0","74.15581","45.892826","28.262983","24.887589","0.741496"
"D:\HAA\dACC revisions\Run 4\Br2720_dACC_20x_img_020-MaxIP-Stitched_unmixed_rotated.nd2","Layer 1","dACC_v17_ FISH-IF v2.4.4","1200","6096","6112","2980","2997","0","0","0","0","1","1","2100.705","0","792.25","0","0","0","0","0","0","0","0","0","0","0","0","0","0","0","0","0","0","0","0","36.27236","29.09154","7.180823","13.301987","0.63259"
"D:\HAA\dACC revisions\Run 4\Br2720_dACC_20x_img_020-MaxIP-Stitched_unmixed_rotated.nd2","Layer 1","dACC_v17_ FISH-IF v2.4.4","1201","6195","6231","2985","3005","0","0","0","0","1","1","3295.8179","0","311.4075","0","0","0","0","0","0","0","0","0","0","0","0","0","0","0","1","0.50634","0","253.03195","499.72726","112.13132","84.834984","27.296333","26.389425","0.535088"
"D:\HAA\dACC revisions\Run 4\Br2720_dACC_20x_img_020-MaxIP-Stitched_unmixed_rotated.nd2","Layer 1","dACC_v17_ FISH-IF v2.4.4","1202","6099","6128","2995","3015","0","0","0","0","1","1","3005.6562","0","831.1217","0","0","0","0","0","1","0.828557","0","625.238","754.6111","1","0.736495","0","597.8035","811.6875","0","0","0","0","0","88.74761","56.341843","32.405766","26.818521","0.719024"
"D:\HAA\dACC revisions\Run 4\Br2720_dACC_20x_img_020-MaxIP-Stitched_unmixed_rotated.nd2","Layer 1","dACC_v17_ FISH-IF v2.4.4","1203","6129","6145","2992","3012","0","0","0","0","1","1","1350.097","0","469.1409","0","0","0","0","0","0","0","0","0","0","0","0","0","0","0","0","0","0","0","0","49.943546","43.775402","6.168143","11.585601","0.661091"
"D:\HAA\dACC revisions\Run 4\Br2720_dACC_20x_img_020-MaxIP-Stitched_unmixed_rotated.nd2","Layer 1","dACC_v17_ FISH-IF v2.4.4","1204","5969","6007","2996","3023","0","0","0","0","1","1","1229.4354","0","319.727","0","0","0","0","0","1","0.782526","0","613.5461","784.05884","0","0","0","0","0","0","0","0","0","0","135.28487","77.562096","57.72277","36.687737","0.71813"
"D:\HAA\dACC revisions\Run 4\Br2720_dACC_20x_img_020-MaxIP-Stitched_unmixed_rotated.nd2","Layer 1","dACC_v17_ FISH-IF v2.4.4","1205","6029","6071","3003","3025","0","0","0","0","1","1","2286.8394","0","342.6901","0","0","0","0","0","0","0","0","0","0","0","0","0","0","0","0","0","0","0","0","143.75456","102.78704","40.967518","33.469513","0.560668"
"D:\HAA\dACC revisions\Run 4\Br2720_dACC_20x_img_020-MaxIP-Stitched_unmixed_rotated.nd2","Layer 1","dACC_v17_ FISH-IF v2.4.4","1206","2732","2758","3027","3048","0","0","1","0","1","1","2115.6934","0","317.8751","0","0","0","0","0","0","0","0","0","0","0","0","0","0","0","4","3.866597","1","2175.5593","562.6548","83.8223","65.9623","17.859997","18.88024","0.729385"
"D:\HAA\dACC revisions\Run 4\Br2720_dACC_20x_img_020-MaxIP-Stitched_unmixed_rotated.nd2","Layer 1","dACC_v17_ FISH-IF v2.4.4","1207","2678","2704","3027","3052","0","0","0","0","1","1","2432.2478","0","517.25726","0","0","0","0","0","0","0","0","0","0","0","0","0","0","0","0","0","0","0","0","91.32534","69.78287","21.542469","21.454817","0.82475"
"D:\HAA\dACC revisions\Run 4\Br2720_dACC_20x_img_020-MaxIP-Stitched_unmixed_rotated.nd2","Layer 1","dACC_v17_ FISH-IF v2.4.4","1208","2930","2951","3067","3086","0","0","0","0","1","1","1307.1775","0","420.77972","0","0","0","0","0","0","0","0","0","0","0","0","0","0","0","3","5.707834","0","3571.493","625.7177","55.55932","44.926174","10.633142","14.803823","0.711951"
"D:\HAA\dACC revisions\Run 4\Br2720_dACC_20x_img_020-MaxIP-Stitched_unmixed_rotated.nd2","Layer 1","dACC_v17_ FISH-IF v2.4.4","1209","2950","2977","3070","3099","0","0","1","0","1","1","1313.1943","0","342.09055","0","0","0","0","0","2","2.209484","0","2267.437","1026.2291","1","0.828557","0","785.9319","742.34784","10","17.721903","2","11622.208","635.9874","105.64095","69.644775","35.996178","29.607647","0.749566"
"D:\HAA\dACC revisions\Run 4\Br2720_dACC_20x_img_020-MaxIP-Stitched_unmixed_rotated.nd2","Layer 1","dACC_v17_ FISH-IF v2.4.4","1210","2935","2957","3083","3106","0","0","0","0","1","1","2064.3748","0","704.2405","0","0","0","0","0","3","1.472989","0","1083.0154","735.25","0","0","0","0","0","3","4.050721","0","2687.7913","663.5341","64.12107","41.15164","22.969427","23.171202","0.661919"
"D:\HAA\dACC revisions\Run 4\Br2720_dACC_20x_img_020-MaxIP-Stitched_unmixed_rotated.nd2","Layer 1","dACC_v17_ FISH-IF v2.4.4","1211","2741","2782","3091","3123","0","0","1","0","1","1","1122.9958","0","297.0896","0","0","0","0","0","0","0","0","0","0","0","0","0","0","0","44","75.26055","4","63965.023","849.91437","178.9682","111.486885","67.48132","40.335056","0.666165"
"D:\HAA\dACC revisions\Run 4\Br2720_dACC_20x_img_020-MaxIP-Stitched_unmixed_rotated.nd2","Layer 1","dACC_v17_ FISH-IF v2.4.4","1212","2814","2840","3092","3120","0","0","0","1","1","1","3277.4656","0","426.57135","4","11.50773","1","13739.4","1193.928","0","0","0","0","0","0","0","0","0","0","0","0","0","0","0","100.531525","75.81292","24.718603","24.458492","0.690137"
"D:\HAA\dACC revisions\Run 4\Br2720_dACC_20x_img_020-MaxIP-Stitched_unmixed_rotated.nd2","Layer 1","dACC_v17_ FISH-IF v2.4.4","1213","2933","2953","3099","3119","0","0","0","0","1","1","1627.1727","0","359.60318","0","0","0","0","0","0","0","0","0","0","0","0","0","0","0","2","1.657113","0","881.354","531.8611","49.391174","40.59927","8.791905","14.160179","0.649703"
"D:\HAA\dACC revisions\Run 4\Br2720_dACC_20x_img_020-MaxIP-Stitched_unmixed_rotated.nd2","Layer 1","dACC_v17_ FISH-IF v2.4.4","1214","2670","2695","3105","3128","0","0","0","0","1","1","2011.9417","0","309.9088","0","0","0","0","0","0","0","0","0","0","0","0","0","0","0","0","0","0","0","0","79.403336","63.614727","15.788605","18.022047","0.730432"
"D:\HAA\dACC revisions\Run 4\Br2720_dACC_20x_img_020-MaxIP-Stitched_unmixed_rotated.nd2","Layer 1","dACC_v17_ FISH-IF v2.4.4","1215","2870","2890","3137","3156","0","0","0","0","1","1","1393.4674","0","163.45285","0","0","0","0","0","0","0","0","0","0","0","0","0","0","0","1","1.242835","0","902.71234","530.02704","57.07834","49.299114","7.779225","11.585601","0.896543"
"D:\HAA\dACC revisions\Run 4\Br2720_dACC_20x_img_020-MaxIP-Stitched_unmixed_rotated.nd2","Layer 1","dACC_v17_ FISH-IF v2.4.4","1216","2822","2846","3152","3179","0","0","0","0","1","1","3572.1216","0","470.14157","0","0","0","0","0","0","0","0","0","0","0","0","0","0","0","0","0","0","0","0","86.44606","61.451275","24.99479","22.527557","0.907941"
"D:\HAA\dACC revisions\Run 4\Br2720_dACC_20x_img_020-MaxIP-Stitched_unmixed_rotated.nd2","Layer 1","dACC_v17_ FISH-IF v2.4.4","1217","2862","2899","3156","3190","1","1","1","0","1","1","1329.4197","0","319.3279","0","0","0","0","0","20","22.140871","3","22388.47","1011.1829","7","7.134792","1","6093.0664","853.9935","30","52.107","4","35358.004","678.56537","181.17769","107.804405","73.37328","39.476864","0.769478"
"D:\HAA\dACC revisions\Run 4\Br2720_dACC_20x_img_020-MaxIP-Stitched_unmixed_rotated.nd2","Layer 1","dACC_v17_ FISH-IF v2.4.4","1218","2635","2665","3159","3192","0","0","0","0","1","1","2311.718","0","332.08762","0","0","0","0","0","0","0","0","0","0","0","0","0","0","0","2","1.841237","0","907.2694","492.75","134.27219","92.98245","41.289734","32.61132","0.751739"
"D:\HAA\dACC revisions\Run 4\Br2720_dACC_20x_img_020-MaxIP-Stitched_unmixed_rotated.nd2","Layer 1","dACC_v17_ FISH-IF v2.4.4","1219","2842","2862","3159","3186","0","0","1","0","1","1","2812.581","0","520.2488","0","0","0","0","0","2","4.603092","0","4285.7085","931.05","2","2.439639","0","2032.4491","833.09436","6","8.699843","1","6541.684","751.9312","76.68751","56.249783","20.437727","21.454817","0.732089"
"D:\HAA\dACC revisions\Run 4\Br2720_dACC_20x_img_020-MaxIP-Stitched_unmixed_rotated.nd2","Layer 1","dACC_v17_ FISH-IF v2.4.4","1220","2741","2761","3188","3208","0","0","0","0","1","1","904.5912","0","160.65483","0","0","0","0","0","0","0","0","0","0","0","0","0","0","0","0","0","0","0","0","60.20844","51.876842","8.331596","12.229246","0.771026"
"D:\HAA\dACC revisions\Run 4\Br2720_dACC_20x_img_020-MaxIP-Stitched_unmixed_rotated.nd2","Layer 1","dACC_v17_ FISH-IF v2.4.4","1221","2976","3002","3190","3215","0","0","0","0","1","1","3378.5703","0","529.13104","0","0","0","0","0","0","0","0","0","0","0","0","0","0","0","0","0","0","0","0","89.023796","61.819523","27.204271","24.887589","0.752876"
"D:\HAA\dACC revisions\Run 4\Br2720_dACC_20x_img_020-MaxIP-Stitched_unmixed_rotated.nd2","Layer 1","dACC_v17_ FISH-IF v2.4.4","1222","2777","2798","3192","3221","0","0","1","0","1","1","3206.879","0","434.3646","0","0","0","0","0","0","0","0","0","0","0","0","0","0","0","6","8.791905","1","5007.1973","569.52356","90.86503","60.852875","30.012157","25.316685","0.712493"
"D:\HAA\dACC revisions\Run 4\Br2720_dACC_20x_img_020-MaxIP-Stitched_unmixed_rotated.nd2","Layer 1","dACC_v17_ FISH-IF v2.4.4","1223","2798","2820","3193","3217","0","0","0","0","1","1","3165.0645","0","396.79657","0","0","0","0","0","0","0","0","0","0","0","0","0","0","0","2","1.058711","0","485.6262","458.69565","83.03977","56.572","26.467777","22.742105","0.708446"
"D:\HAA\dACC revisions\Run 4\Br2720_dACC_20x_img_020-MaxIP-Stitched_unmixed_rotated.nd2","Layer 1","dACC_v17_ FISH-IF v2.4.4","1224","2961","2984","3197","3227","0","0","0","0","1","1","2352.6475","0","554.7911","0","0","0","0","0","0","0","0","0","0","0","0","0","0","0","0","0","0","0","0","89.576164","64.12107","25.455097","24.029396","0.661239"
"D:\HAA\dACC revisions\Run 4\Br2720_dACC_20x_img_020-MaxIP-Stitched_unmixed_rotated.nd2","Layer 1","dACC_v17_ FISH-IF v2.4.4","1225","2696","2724","3241","3265","0","0","0","0","1","1","3453.2883","0","439.11008","0","0","0","0","0","0","0","0","0","0","0","0","0","0","0","0","0","0","0","0","102.234665","75.26055","26.974117","22.742105","0.804461"
"D:\HAA\dACC revisions\Run 4\Br2720_dACC_20x_img_020-MaxIP-Stitched_unmixed_rotated.nd2","Layer 1","dACC_v17_ FISH-IF v2.4.4","1226","2753","2788","3290","3317","0","0","0","1","1","1","2267.443","0","449.31802","4","9.528399","1","8194.286","859.98553","0","0","0","0","0","0","0","0","0","0","1","0.598402","0","533.3602","482.79166","132.84523","91.18725","41.65798","31.75313","0.731578"
"D:\HAA\dACC revisions\Run 4\Br2720_dACC_20x_img_020-MaxIP-Stitched_unmixed_rotated.nd2","Layer 1","dACC_v17_ FISH-IF v2.4.4","1227","2036","2059","3808","3833","0","0","0","0","1","1","3571.3635","0","407.07162","0","0","0","0","0","0","0","0","0","0","0","0","0","0","0","0","0","0","0","0","82.85565","63.614727","19.240923","19.309336","0.827983"
"D:\HAA\dACC revisions\Run 4\Br2720_dACC_20x_img_020-MaxIP-Stitched_unmixed_rotated.nd2","Layer 1","dACC_v17_ FISH-IF v2.4.4","1228","2146","2165","3820","3841","0","0","0","0","1","1","648.5417","0","136.12895","0","0","0","0","0","0","0","0","0","0","0","0","0","0","0","0","0","0","0","0","58.781483","51.048286","7.733194","12.014698","0.732444"
"D:\HAA\dACC revisions\Run 4\Br2720_dACC_20x_img_020-MaxIP-Stitched_unmixed_rotated.nd2","Layer 1","dACC_v17_ FISH-IF v2.4.4","1229","2044","2063","3831","3846","0","0","0","0","1","1","1923.2078","0","672.83417","0","0","0","0","0","0","0","0","0","0","0","0","0","0","0","0","0","0","0","0","39.08025","35.53587","3.544381","8.15283","0.648858"
"D:\HAA\dACC revisions\Run 4\Br2720_dACC_20x_img_020-MaxIP-Stitched_unmixed_rotated.nd2","Layer 1","dACC_v17_ FISH-IF v2.4.4","1230","2027","2058","3840","3869","0","0","0","0","1","1","2768.3728","0","683.27295","0","0","0","0","0","0","0","0","0","0","0","0","0","0","0","0","0","0","0","0","112.45353","68.125755","44.327774","32.396774","0.702931"
"D:\HAA\dACC revisions\Run 4\Br2720_dACC_20x_img_020-MaxIP-Stitched_unmixed_rotated.nd2","Layer 1","dACC_v17_ FISH-IF v2.4.4","1231","1874","1894","3847","3869","0","0","0","0","1","1","657.43396","0","157.34749","0","0","0","0","0","0","0","0","0","0","0","0","0","0","0","0","0","0","0","0","63.936943","54.17839","9.758554","13.516535","0.805292"
"D:\HAA\dACC revisions\Run 4\Br2720_dACC_20x_img_020-MaxIP-Stitched_unmixed_rotated.nd2","Layer 1","dACC_v17_ FISH-IF v2.4.4","1232","2050","2072","3849","3874","0","0","0","0","1","1","3428.748","0","472.57767","0","0","0","0","0","0","0","0","0","0","0","0","0","0","0","0","0","0","0","0","74.06374","50.68004","23.383705","22.742105","0.749322"
"D:\HAA\dACC revisions\Run 4\Br2720_dACC_20x_img_020-MaxIP-Stitched_unmixed_rotated.nd2","Layer 1","dACC_v17_ FISH-IF v2.4.4","1233","1852","1885","3883","3905","0","0","0","0","1","1","769.8361","0","206.67764","0","0","0","0","0","0","0","0","0","0","0","0","0","0","0","0","0","0","0","0","108.58694","78.25256","30.334375","26.174877","0.6763"
"D:\HAA\dACC revisions\Run 4\Br2720_dACC_20x_img_020-MaxIP-Stitched_unmixed_rotated.nd2","Layer 1","dACC_v17_ FISH-IF v2.4.4","1234","2059","2082","3890","3913","0","0","0","0","1","1","1853.2024","0","259.0447","0","0","0","0","0","0","0","0","0","0","0","0","0","0","0","1","0.598402","0","294.09152","491.46155","77.239876","61.77349","15.466389","17.163853","0.812055"
"D:\HAA\dACC revisions\Run 4\Br2720_dACC_20x_img_020-MaxIP-Stitched_unmixed_rotated.nd2","Layer 1","dACC_v17_ FISH-IF v2.4.4","1235","1858","1879","3904","3923","0","0","0","0","1","1","1234.0424","0","210.7939","0","0","0","0","0","0","0","0","0","0","0","0","0","0","0","0","0","0","0","0","60.66875","49.805454","10.863297","14.160179","0.892235"
"D:\HAA\dACC revisions\Run 4\Br2720_dACC_20x_img_020-MaxIP-Stitched_unmixed_rotated.nd2","Layer 1","dACC_v17_ FISH-IF v2.4.4","1236","1858","1877","3941","3963","0","0","0","0","1","1","401.9421","0","126.863594","0","0","0","0","0","0","0","0","0","0","0","0","0","0","0","0","0","0","0","0","61.72746","52.981586","8.745874","12.87289","0.760311"
"D:\HAA\dACC revisions\Run 4\Br2720_dACC_20x_img_020-MaxIP-Stitched_unmixed_rotated.nd2","Layer 1","dACC_v17_ FISH-IF v2.4.4","1237","2028","2062","2201","2232","0","0","0","0","1","1","2269.017","0","501.5566","0","0","0","0","0","0","0","0","0","0","0","0","0","0","0","2","1.51902","0","758.63556","499.42426","124.51363","78.48271","46.03092","34.11316","0.672491"
"D:\HAA\dACC revisions\Run 4\Br2720_dACC_20x_img_020-MaxIP-Stitched_unmixed_rotated.nd2","Layer 1","dACC_v17_ FISH-IF v2.4.4","1238","2022","2044","2258","2284","0","0","1","0","1","1","3027.1824","0","338.01007","0","0","0","0","0","0","0","0","0","0","0","0","0","0","0","10","12.382317","2","15381.6","1242.223","89.80632","64.075035","25.731283","22.31301","0.874745"
"D:\HAA\dACC revisions\Run 4\Br2720_dACC_20x_img_020-MaxIP-Stitched_unmixed_rotated.nd2","Layer 1","dACC_v17_ FISH-IF v2.4.4","1239","2045","2068","2258","2283","0","0","1","0","1","1","2212.573","0","362.14938","0","0","0","0","0","0","0","0","0","0","0","0","0","0","0","51","54.960915","4","82126.984","1494.2798","89.6222","64.397255","25.224943","21.883913","0.843061"
"D:\HAA\dACC revisions\Run 4\Br2720_dACC_20x_img_020-MaxIP-Stitched_unmixed_rotated.nd2","Layer 1","dACC_v17_ FISH-IF v2.4.4","1240","1982","2014","2299","2327","0","0","1","0","1","1","1296.9943","0","297.12268","1","2.117422","0","1643.718","776.2826","0","0","0","0","0","0","0","0","0","0","6","8.929998","1","6963.741","779.81445","123.73111","91.923744","31.807364","31.324034","0.56839"
"D:\HAA\dACC revisions\Run 4\Br2720_dACC_20x_img_020-MaxIP-Stitched_unmixed_rotated.nd2","Layer 1","dACC_v17_ FISH-IF v2.4.4","1241","2068","2090","2324","2343","0","0","0","0","1","1","468.32","0","133.41492","0","0","0","0","0","0","0","0","0","0","0","0","0","0","0","0","0","0","0","0","58.505295","48.14834","10.356956","14.589275","0.719647"
"D:\HAA\dACC revisions\Run 4\Br2720_dACC_20x_img_020-MaxIP-Stitched_unmixed_rotated.nd2","Layer 1","dACC_v17_ FISH-IF v2.4.4","1242","2063","2085","2339","2355","0","0","0","0","1","1","454.49588","0","224.03964","0","0","0","0","0","0","0","0","0","0","0","0","0","0","0","0","0","0","0","0","42.486538","31.347055","11.139482","15.662017","0.675463"
"D:\HAA\dACC revisions\Run 4\Br2720_dACC_20x_img_020-MaxIP-Stitched_unmixed_rotated.nd2","Layer 1","dACC_v17_ FISH-IF v2.4.4","1243","1904","1937","2338","2363","0","0","0","0","1","1","2479.6956","0","576.082","0","0","0","0","0","0","0","0","0","0","0","0","0","0","0","0","0","0","0","0","120.50894","86.492096","34.01685","27.891262","0.632927"
"D:\HAA\dACC revisions\Run 4\Br2720_dACC_20x_img_020-MaxIP-Stitched_unmixed_rotated.nd2","Layer 1","dACC_v17_ FISH-IF v2.4.4","1244","2055","2084","2349","2371","0","0","0","0","1","1","582.35974","0","168.2496","0","0","0","0","0","0","0","0","0","0","0","0","0","0","0","0","0","0","0","0","84.28261","57.538647","26.743963","23.814846","0.772159"
"D:\HAA\dACC revisions\Run 4\Br2720_dACC_20x_img_020-MaxIP-Stitched_unmixed_rotated.nd2","Layer 1","dACC_v17_ FISH-IF v2.4.4","1245","2096","2120","2360","2388","0","0","0","0","1","1","2550.503","0","358.8924","1","0.644433","0","479.04376","743.3571","0","0","0","0","0","0","0","0","0","0","1","0.368247","0","161.15424","437.625","97.44745","65.87024","31.57721","24.67304","0.792888"
"D:\HAA\dACC revisions\Run 4\Br2720_dACC_20x_img_020-MaxIP-Stitched_unmixed_rotated.nd2","Layer 1","dACC_v17_ FISH-IF v2.4.4","1246","2117","2141","2363","2390","0","0","0","0","1","1","2746.2942","0","372.78256","0","0","0","0","0","0","0","0","0","0","0","0","0","0","0","0","0","0","0","0","94.639565","66.46864","28.170921","23.600298","0.834677"
"D:\HAA\dACC revisions\Run 4\Br2720_dACC_20x_img_020-MaxIP-Stitched_unmixed_rotated.nd2","Layer 1","dACC_v17_ FISH-IF v2.4.4","1247","2098","2123","2388","2418","0","0","0","1","1","1","1931.4601","0","393.98718","6","14.453708","1","17064.443","1180.6274","0","0","0","0","0","0","0","0","0","0","0","0","0","0","0","120.094666","82.57947","37.515198","27.462166","0.768988"
"D:\HAA\dACC revisions\Run 4\Br2720_dACC_20x_img_020-MaxIP-Stitched_unmixed_rotated.nd2","Layer 1","dACC_v17_ FISH-IF v2.4.4","1248","2198","2223","2387","2410","0","0","0","0","1","1","3418.3894","0","439.8792","0","0","0","0","0","0","0","0","0","0","0","0","0","0","0","0","0","0","0","0","81.152504","58.68942","22.463087","21.883913","0.705178"
"D:\HAA\dACC revisions\Run 4\Br2720_dACC_20x_img_020-MaxIP-Stitched_unmixed_rotated.nd2","Layer 1","dACC_v17_ FISH-IF v2.4.4","1249","2184","2202","2393","2413","0","0","0","0","1","1","2232.1533","0","508.67618","0","0","0","0","0","0","0","0","0","0","0","0","0","0","0","0","0","0","0","0","50.63401","41.934166","8.699843","15.23292","0.57012"
"D:\HAA\dACC revisions\Run 4\Br2720_dACC_20x_img_020-MaxIP-Stitched_unmixed_rotated.nd2","Layer 1","dACC_v17_ FISH-IF v2.4.4","1250","1987","2023","2393","2428","0","0","0","0","1","1","983.09753","0","226.77985","0","0","0","0","0","0","0","0","0","0","0","0","0","0","0","0","0","0","0","0","166.40176","106.0092","60.392563","38.61867","0.696701"
"D:\HAA\dACC revisions\Run 4\Br2720_dACC_20x_img_020-MaxIP-Stitched_unmixed_rotated.nd2","Layer 1","dACC_v17_ FISH-IF v2.4.4","1251","1925","1949","2397","2423","0","0","1","0","1","1","1746.8143","0","220.79573","0","0","0","0","0","0","0","0","0","0","0","0","0","0","0","5","6.490359","1","3614.67","556.9291","85.525444","66.928955","18.59649","20.382076","0.765624"
"D:\HAA\dACC revisions\Run 4\Br2720_dACC_20x_img_020-MaxIP-Stitched_unmixed_rotated.nd2","Layer 1","dACC_v17_ FISH-IF v2.4.4","1252","2135","2159","2425","2449","0","0","0","0","1","1","2502.1775","0","363.51746","0","0","0","0","0","0","0","0","0","0","0","0","0","0","0","1","0.874587","0","463.85355","530.3684","75.858955","54.086327","21.772623","21.240269","0.810961"
"D:\HAA\dACC revisions\Run 4\Br2720_dACC_20x_img_020-MaxIP-Stitched_unmixed_rotated.nd2","Layer 1","dACC_v17_ FISH-IF v2.4.4","1253","2154","2181","2428","2460","0","0","1","0","1","1","1660.7787","0","442.67676","0","0","0","0","0","0","0","0","0","0","0","0","0","0","0","4","3.590412","1","1902.4578","529.87177","105.64095","62.371895","43.269062","32.61132","0.773123"
"D:\HAA\dACC revisions\Run 4\Br2720_dACC_20x_img_020-MaxIP-Stitched_unmixed_rotated.nd2","Layer 1","dACC_v17_ FISH-IF v2.4.4","1254","2121","2146","2440","2464","0","0","0","1","1","1","2691.2317","0","657.8975","6","13.072781","1","13957.909","1067.7078","0","0","0","0","0","0","0","0","0","0","1","0.874587","0","414.0481","473.42105","82.53343","61.083027","21.450407","21.02572","0.790162"
"D:\HAA\dACC revisions\Run 4\Br2720_dACC_20x_img_020-MaxIP-Stitched_unmixed_rotated.nd2","Layer 1","dACC_v17_ FISH-IF v2.4.4","1255","2145","2170","2447","2469","0","0","0","0","1","1","1990.2905","0","380.70358","0","0","0","0","0","0","0","0","0","0","0","0","0","0","0","2","1.380928","0","673.89264","488","66.606735","43.63731","22.969427","22.098461","0.811776"
"D:\HAA\dACC revisions\Run 4\Br2720_dACC_20x_img_020-MaxIP-Stitched_unmixed_rotated.nd2","Layer 1","dACC_v17_ FISH-IF v2.4.4","1256","1965","1996","2496","2526","0","0","0","1","1","1","1979.2761","0","351.18747","7","11.922008","1","11316.5625","949.2162","0","0","0","0","0","0","0","0","0","0","0","0","0","0","0","125.01997","86.676216","38.343754","29.17855","0.749677"
"D:\HAA\dACC revisions\Run 4\Br2720_dACC_20x_img_020-MaxIP-Stitched_unmixed_rotated.nd2","Layer 1","dACC_v17_ FISH-IF v2.4.4","1257","2137","2148","2578","2596","0","0","0","0","1","1","1515.7812","0","509.62552","0","0","0","0","0","0","0","0","0","0","0","0","0","0","0","0","0","0","0","0","24.58051","21.634531","2.945979","6.865541","0.789296"
"D:\HAA\dACC revisions\Run 4\Br2720_dACC_20x_img_020-MaxIP-Stitched_unmixed_rotated.nd2","Layer 1","dACC_v17_ FISH-IF v2.4.4","1258","2125","2138","2579","2595","0","0","0","0","1","1","2170.773","0","620.7649","1","0.828557","0","616.2159","743.7222","0","0","0","0","0","0","0","0","0","0","0","0","0","0","0","22.739273","16.248915","6.490359","11.371053","0.788132"
"D:\HAA\dACC revisions\Run 4\Br2720_dACC_20x_img_020-MaxIP-Stitched_unmixed_rotated.nd2","Layer 1","dACC_v17_ FISH-IF v2.4.4","1259","2111","2139","2584","2607","0","0","0","0","1","1","2514.784","0","433.52975","2","5.845926","0","6052.4214","1035.3229","0","0","0","0","0","0","0","0","0","0","0","0","0","0","0","88.057144","61.865555","26.191591","24.458492","0.737261"
"D:\HAA\dACC revisions\Run 4\Br2720_dACC_20x_img_020-MaxIP-Stitched_unmixed_rotated.nd2","Layer 1","dACC_v17_ FISH-IF v2.4.4","1260","2139","2160","2588","2614","0","0","0","0","1","1","1938.3293","0","323.21033","0","0","0","0","0","0","0","0","0","0","0","0","0","0","0","0","0","0","0","0","74.98437","59.74813","15.236234","17.807499","0.716645"
"D:\HAA\dACC revisions\Run 4\Br2720_dACC_20x_img_020-MaxIP-Stitched_unmixed_rotated.nd2","Layer 1","dACC_v17_ FISH-IF v2.4.4","1261","5800","5823","2254","2277","0","0","0","0","1","1","2310.494","0","254.28384","0","0","0","0","0","0","0","0","0","0","0","0","0","0","0","0","0","0","0","0","78.620804","63.24648","15.374327","18.022047","0.73914"
"D:\HAA\dACC revisions\Run 4\Br2720_dACC_20x_img_020-MaxIP-Stitched_unmixed_rotated.nd2","Layer 1","dACC_v17_ FISH-IF v2.4.4","1262","5624","5648","2269","2293","0","0","0","0","1","1","3382.9873","0","400.1254","0","0","0","0","0","0","0","0","0","0","0","0","0","0","0","0","0","0","0","0","79.587456","57.63071","21.956747","21.02572","0.729637"
"D:\HAA\dACC revisions\Run 4\Br2720_dACC_20x_img_020-MaxIP-Stitched_unmixed_rotated.nd2","Layer 1","dACC_v17_ FISH-IF v2.4.4","1263","5642","5665","2277","2302","0","0","0","0","1","1","3217.9595","0","441.07513","0","0","0","0","0","0","0","0","0","0","0","0","0","0","0","0","0","0","0","0","78.620804","56.986275","21.634531","20.596624","0.78367"
"D:\HAA\dACC revisions\Run 4\Br2720_dACC_20x_img_020-MaxIP-Stitched_unmixed_rotated.nd2","Layer 1","dACC_v17_ FISH-IF v2.4.4","1264","5784","5808","2287","2313","0","0","0","0","1","1","2890.2947","0","362.1422","0","0","0","0","0","0","0","0","0","0","0","0","0","0","0","0","0","0","0","0","94.639565","70.88761","23.751953","21.454817","0.836828"
"D:\HAA\dACC revisions\Run 4\Br2720_dACC_20x_img_020-MaxIP-Stitched_unmixed_rotated.nd2","Layer 1","dACC_v17_ FISH-IF v2.4.4","1265","5407","5439","2297","2325","0","0","0","0","1","1","2205.411","0","358.54974","0","0","0","0","0","0","0","0","0","0","0","0","0","0","0","1","1.242835","0","673.9847","542.2963","127.78183","86.998436","40.783394","28.749454","0.808955"
"D:\HAA\dACC revisions\Run 4\Br2720_dACC_20x_img_020-MaxIP-Stitched_unmixed_rotated.nd2","Layer 1","dACC_v17_ FISH-IF v2.4.4","1266","5555","5582","2308","2329","0","0","0","0","1","1","1881.5624","0","245.16945","0","0","0","0","0","0","0","0","0","0","0","0","0","0","0","0","0","0","0","0","83.36199","66.00834","17.353657","18.88024","0.710399"
"D:\HAA\dACC revisions\Run 4\Br2720_dACC_20x_img_020-MaxIP-Stitched_unmixed_rotated.nd2","Layer 1","dACC_v17_ FISH-IF v2.4.4","1267","5439","5463","2313","2333","0","0","0","0","1","1","842.50415","0","147.21863","0","0","0","0","0","0","0","0","0","0","0","0","0","0","0","0","0","0","0","0","69.460655","58.32117","11.139482","15.447468","0.72384"
"D:\HAA\dACC revisions\Run 4\Br2720_dACC_20x_img_020-MaxIP-Stitched_unmixed_rotated.nd2","Layer 1","dACC_v17_ FISH-IF v2.4.4","1268","5734","5764","2334","2362","0","0","0","0","1","1","2441.8633","0","274.7908","0","0","0","0","0","1","0.322216","0","196.8282","610.8571","0","0","0","0","0","3","2.669793","0","1288.2213","482.51724","119.63435","82.947716","36.68664","27.03307","0.830884"
"D:\HAA\dACC revisions\Run 4\Br2720_dACC_20x_img_020-MaxIP-Stitched_unmixed_rotated.nd2","Layer 1","dACC_v17_ FISH-IF v2.4.4","1269","5514","5537","2406","2430","0","0","0","0","1","1","1699.0569","0","303.26535","0","0","0","0","0","0","0","0","0","0","0","0","0","0","0","1","2.439639","0","1719.8531","704.9623","83.8223","65.22581","18.59649","18.451143","0.877931"
"D:\HAA\dACC revisions\Run 4\Br2720_dACC_20x_img_020-MaxIP-Stitched_unmixed_rotated.nd2","Layer 1","dACC_v17_ FISH-IF v2.4.4","1270","5613","5641","2414","2442","0","0","0","0","1","1","2036.4589","0","333.44623","0","0","0","0","0","0","0","0","0","0","0","0","0","0","0","0","0","0","0","0","107.620285","79.633484","27.986797","25.74578","0.629623"
"D:\HAA\dACC revisions\Run 4\Br2720_dACC_20x_img_020-MaxIP-Stitched_unmixed_rotated.nd2","Layer 1","dACC_v17_ FISH-IF v2.4.4","1271","5572","5607","2432","2456","0","0","0","0","1","1","1489.8037","0","271.15707","0","0","0","0","0","0","0","0","0","0","0","0","0","0","0","0","0","0","0","0","129.0707","89.66823","39.402466","28.749454","0.703838"
"D:\HAA\dACC revisions\Run 4\Br2720_dACC_20x_img_020-MaxIP-Stitched_unmixed_rotated.nd2","Layer 1","dACC_v17_ FISH-IF v2.4.4","1272","5484","5511","2462","2489","0","0","0","0","1","1","2632.7788","0","427.89914","0","0","0","0","0","0","0","0","0","0","0","0","0","0","0","0","0","0","0","0","103.15529","74.846275","28.309013","24.029396","0.868667"
"D:\HAA\dACC revisions\Run 4\Br2720_dACC_20x_img_020-MaxIP-Stitched_unmixed_rotated.nd2","Layer 1","dACC_v17_ FISH-IF v2.4.4","1273","5763","5785","2473","2501","0","0","0","0","1","1","3194.876","0","435.3668","0","0","0","0","0","0","0","0","0","0","0","0","0","0","0","1","0.368247","0","166.77002","452.875","94.54751","71.53204","23.01546","20.596624","0.814891"
"D:\HAA\dACC revisions\Run 4\Br2720_dACC_20x_img_020-MaxIP-Stitched_unmixed_rotated.nd2","Layer 1","dACC_v17_ FISH-IF v2.4.4","1274","5781","5808","2512","2536","0","0","0","0","1","1","1592.1732","0","282.3147","0","0","0","0","0","0","0","0","0","0","0","0","0","0","0","1","0.414278","0","190.79816","460.55554","91.23328","69.18447","22.04881","21.02572","0.831396"
"D:\HAA\dACC revisions\Run 4\Br2720_dACC_20x_img_020-MaxIP-Stitched_unmixed_rotated.nd2","Layer 1","dACC_v17_ FISH-IF v2.4.4","1275","5574","5604","2518","2546","0","0","0","0","1","1","2055.7168","0","331.82736","0","0","0","0","0","0","0","0","0","0","0","0","0","0","0","1","0.920618","0","454.04898","493.2","117.01059","82.39534","34.61525","27.462166","0.773277"
"D:\HAA\dACC revisions\Run 4\Br2720_dACC_20x_img_020-MaxIP-Stitched_unmixed_rotated.nd2","Layer 1","dACC_v17_ FISH-IF v2.4.4","1276","5551","5575","2519","2540","0","0","0","0","1","1","1793.4791","0","325.43106","0","0","0","0","0","0","0","0","0","0","0","0","0","0","0","0","0","0","0","0","72.54472","52.75143","19.793295","20.167528","0.68807"
"D:\HAA\dACC revisions\Run 4\Br2720_dACC_20x_img_020-MaxIP-Stitched_unmixed_rotated.nd2","Layer 1","dACC_v17_ FISH-IF v2.4.4","1277","5549","5568","2538","2553","0","0","0","0","1","1","1389.872","0","334.04596","0","0","0","0","0","0","0","0","0","0","0","0","0","0","0","0","0","0","0","0","41.61195","34.062878","7.54907","11.800149","0.737206"
"D:\HAA\dACC revisions\Run 4\Br2720_dACC_20x_img_020-MaxIP-Stitched_unmixed_rotated.nd2","Layer 1","dACC_v17_ FISH-IF v2.4.4","1278","5619","5653","2554","2580","0","0","0","0","1","1","1480.0471","0","410.61172","0","0","0","0","0","0","0","0","0","0","0","0","0","0","0","0","0","0","0","0","128.84055","88.79364","40.046898","29.17855","0.739206"
"D:\HAA\dACC revisions\Run 4\Br2720_dACC_20x_img_020-MaxIP-Stitched_unmixed_rotated.nd2","Layer 1","dACC_v17_ FISH-IF v2.4.4","1279","5591","5609","2564","2583","0","0","0","0","1","1","469.79816","0","116.68589","0","0","0","0","0","0","0","0","0","0","0","0","0","0","0","0","0","0","0","0","49.71339","44.696022","5.01737","9.225572","0.894569"
"D:\HAA\dACC revisions\Run 4\Br2720_dACC_20x_img_020-MaxIP-Stitched_unmixed_rotated.nd2","Layer 1","dACC_v17_ FISH-IF v2.4.4","1280","5475","5498","2584","2604","1","0","0","0","1","1","888.8036","0","235.65465","0","0","0","0","0","5","2.393608","1","1775.7347","741.86536","1","0.598402","0","437.56992","731.2308","0","0","0","0","0","62.64808","54.914886","7.733194","14.374727","0.543061"
"D:\HAA\dACC revisions\Run 4\Br2720_dACC_20x_img_020-MaxIP-Stitched_unmixed_rotated.nd2","Layer 1","dACC_v17_ FISH-IF v2.4.4","1281","5451","5484","2593","2617","1","0","0","0","1","1","2390.8535","0","342.3515","0","0","0","0","0","5","3.774535","1","3033.6216","757.5172","0","0","0","0","0","1","2.163453","0","1213.7893","561.04254","112.63766","82.76359","29.874065","27.03307","0.653529"
"D:\HAA\dACC revisions\Run 4\Br2720_dACC_20x_img_020-MaxIP-Stitched_unmixed_rotated.nd2","Layer 1","dACC_v17_ FISH-IF v2.4.4","1282","1439","1463","2217","2239","0","0","0","0","1","1","3347.3142","0","501.79828","0","0","0","0","0","0","0","0","0","0","0","0","0","0","0","0","0","0","0","0","85.7556","58.64339","27.112211","22.742105","0.727586"
"D:\HAA\dACC revisions\Run 4\Br2720_dACC_20x_img_020-MaxIP-Stitched_unmixed_rotated.nd2","Layer 1","dACC_v17_ FISH-IF v2.4.4","1283","1681","1700","2231","2249","0","0","0","0","1","1","621.913","0","125.64807","0","0","0","0","0","0","0","0","0","0","0","0","0","0","0","0","0","0","0","0","50.68004","45.386486","5.293556","9.44012","0.862004"
"D:\HAA\dACC revisions\Run 4\Br2720_dACC_20x_img_020-MaxIP-Stitched_unmixed_rotated.nd2","Layer 1","dACC_v17_ FISH-IF v2.4.4","1284","1634","1657","2257","2280","0","0","0","0","1","1","1968.5016","0","258.9191","0","0","0","0","0","0","0","0","0","0","0","0","0","0","0","0","0","0","0","0","73.78756","59.74813","14.03943","16.734756","0.847585"
"D:\HAA\dACC revisions\Run 4\Br2720_dACC_20x_img_020-MaxIP-Stitched_unmixed_rotated.nd2","Layer 1","dACC_v17_ FISH-IF v2.4.4","1285","1435","1460","2261","2288","0","0","0","0","1","1","1825.9148","0","394.2858","0","0","0","0","0","0","0","0","0","0","0","0","0","0","0","0","0","0","0","0","91.14122","70.05906","21.08216","21.669365","0.742363"
"D:\HAA\dACC revisions\Run 4\Br2720_dACC_20x_img_020-MaxIP-Stitched_unmixed_rotated.nd2","Layer 1","dACC_v17_ FISH-IF v2.4.4","1286","1556","1588","2270","2297","0","0","0","0","1","1","2695.609","0","377.51508","0","0","0","0","0","0","0","0","0","0","0","0","0","0","0","0","0","0","0","0","120.601006","85.525444","35.075558","28.749454","0.6723"
"D:\HAA\dACC revisions\Run 4\Br2720_dACC_20x_img_020-MaxIP-Stitched_unmixed_rotated.nd2","Layer 1","dACC_v17_ FISH-IF v2.4.4","1287","1424","1450","2329","2356","0","0","0","0","1","1","3382.1355","0","419.28305","0","0","0","0","0","0","0","0","0","0","0","0","0","0","0","0","0","0","0","0","105.45683","76.59544","28.861385","23.171202","0.82871"
"D:\HAA\dACC revisions\Run 4\Br2720_dACC_20x_img_020-MaxIP-Stitched_unmixed_rotated.nd2","Layer 1","dACC_v17_ FISH-IF v2.4.4","1288","1691","1709","2330","2352","0","0","0","0","1","1","1718.1306","0","236.4419","0","0","0","0","0","0","0","0","0","0","0","0","0","0","0","0","0","0","0","0","47.319782","36.04221","11.277575","15.018372","0.770342"
"D:\HAA\dACC revisions\Run 4\Br2720_dACC_20x_img_020-MaxIP-Stitched_unmixed_rotated.nd2","Layer 1","dACC_v17_ FISH-IF v2.4.4","1289","1676","1700","2333","2356","0","0","0","0","1","1","1525.8718","0","223.33772","0","0","0","0","0","0","0","0","0","0","0","0","0","0","0","0","0","0","0","0","70.473335","48.930866","21.542469","19.95298","0.838857"
"D:\HAA\dACC revisions\Run 4\Br2720_dACC_20x_img_020-MaxIP-Stitched_unmixed_rotated.nd2","Layer 1","dACC_v17_ FISH-IF v2.4.4","1290","1716","1749","2361","2394","0","0","0","0","1","1","1381.9095","0","340.06967","0","0","0","0","0","0","0","0","0","0","0","0","0","0","0","0","0","0","0","0","157.5178","98.46013","59.057667","34.327705","0.898317"
"D:\HAA\dACC revisions\Run 4\Br2720_dACC_20x_img_020-MaxIP-Stitched_unmixed_rotated.nd2","Layer 1","dACC_v17_ FISH-IF v2.4.4","1291","1513","1542","2379","2403","0","0","0","0","1","1","3182.5974","0","508.74936","0","0","0","0","0","0","0","0","0","0","0","0","0","0","0","0","0","0","0","0","102.00452","71.25586","30.748653","24.029396","0.83625"
"D:\HAA\dACC revisions\Run 4\Br2720_dACC_20x_img_020-MaxIP-Stitched_unmixed_rotated.nd2","Layer 1","dACC_v17_ FISH-IF v2.4.4","1292","1572","1591","2384","2402","0","0","0","0","1","1","471.22656","0","132.99706","0","0","0","0","0","0","0","0","0","0","0","0","0","0","0","0","0","0","0","0","52.705402","46.813442","5.891957","9.869216","0.82731"
"D:\HAA\dACC revisions\Run 4\Br2720_dACC_20x_img_020-MaxIP-Stitched_unmixed_rotated.nd2","Layer 1","dACC_v17_ FISH-IF v2.4.4","1293","1496","1535","2393","2424","0","0","0","0","1","1","1458.6283","0","459.34564","0","0","0","0","0","0","0","0","0","0","0","0","0","0","0","0","0","0","0","0","153.69724","100.9458","52.75143","37.975025","0.617359"
"D:\HAA\dACC revisions\Run 4\Br2720_dACC_20x_img_020-MaxIP-Stitched_unmixed_rotated.nd2","Layer 1","dACC_v17_ FISH-IF v2.4.4","1294","1676","1708","2398","2425","0","0","0","0","1","1","2503.568","0","352.02277","0","0","0","0","0","0","0","0","0","0","0","0","0","0","0","0","0","0","0","0","117.33281","82.90168","34.431126","27.891262","0.746978"
"D:\HAA\dACC revisions\Run 4\Br2720_dACC_20x_img_020-MaxIP-Stitched_unmixed_rotated.nd2","Layer 1","dACC_v17_ FISH-IF v2.4.4","1295","1746","1774","2408","2436","0","0","0","0","1","1","2798.028","0","339.05502","0","0","0","0","0","0","0","0","0","0","0","0","0","0","0","0","0","0","0","0","108.86312","77.79225","31.07087","25.316685","0.886241"
"D:\HAA\dACC revisions\Run 4\Br2720_dACC_20x_img_020-MaxIP-Stitched_unmixed_rotated.nd2","Layer 1","dACC_v17_ FISH-IF v2.4.4","1296","1414","1434","2430","2451","0","0","1","0","1","1","1534.3585","0","171.92314","0","0","0","0","0","0","0","0","0","0","0","0","0","0","0","11","19.977419","2","13886.469","695.1083","63.06236","53.303802","9.758554","13.301987","0.88909"
"D:\HAA\dACC revisions\Run 4\Br2720_dACC_20x_img_020-MaxIP-Stitched_unmixed_rotated.nd2","Layer 1","dACC_v17_ FISH-IF v2.4.4","1297","1591","1625","2481","2507","0","0","0","0","1","1","1242.8596","0","241.02206","0","0","0","0","0","0","0","0","0","0","0","0","0","0","0","0","0","0","0","0","126.677086","87.64287","39.034218","29.17855","0.727559"
"D:\HAA\dACC revisions\Run 4\Br2720_dACC_20x_img_020-MaxIP-Stitched_unmixed_rotated.nd2","Layer 1","dACC_v17_ FISH-IF v2.4.4","1298","1628","1646","2505","2523","0","0","0","0","1","1","500.27103","0","121.19979","0","0","0","0","0","0","0","0","0","0","0","0","0","0","0","0","0","0","0","0","49.391174","44.465866","4.925308","9.011024","0.85964"
"D:\HAA\dACC revisions\Run 4\Br2720_dACC_20x_img_020-MaxIP-Stitched_unmixed_rotated.nd2","Layer 1","dACC_v17_ FISH-IF v2.4.4","1299","1459","1486","2523","2551","0","0","0","1","1","1","2720.1997","0","511.71643","8","20.759943","1","31081.732","1497.1974","0","0","0","0","0","0","0","0","0","0","0","0","0","0","0","112.82178","79.86364","32.958138","24.887589","0.841573"
"D:\HAA\dACC revisions\Run 4\Br2720_dACC_20x_img_020-MaxIP-Stitched_unmixed_rotated.nd2","Layer 1","dACC_v17_ FISH-IF v2.4.4","1300","1765","1801","2530","2556","0","0","0","0","1","1","2207.985","0","287.6304","0","0","0","0","0","0","0","0","0","0","0","0","0","0","0","0","0","0","0","0","134.54837","91.417404","43.13097","30.680387","0.70708"
"D:\HAA\dACC revisions\Run 4\Br2720_dACC_20x_img_020-MaxIP-Stitched_unmixed_rotated.nd2","Layer 1","dACC_v17_ FISH-IF v2.4.4","1301","1619","1650","2534","2558","0","0","0","0","1","1","1985.9635","0","274.54605","0","0","0","0","0","0","0","0","0","0","0","0","0","0","0","0","0","0","0","0","96.11256","75.95101","20.161541","24.458492","0.583601"
"D:\HAA\dACC revisions\Run 4\Br2720_dACC_20x_img_020-MaxIP-Stitched_unmixed_rotated.nd2","Layer 1","dACC_v17_ FISH-IF v2.4.4","1302","1683","1710","2554","2579","0","0","0","0","1","1","1174.4475","0","211.75696","1","0.552371","0","441.1603","798.6667","0","0","0","0","0","0","0","0","0","0","0","0","0","0","0","94.22529","72.72885","21.496439","22.742105","0.705739"
"D:\HAA\dACC revisions\Run 4\Br2720_dACC_20x_img_020-MaxIP-Stitched_unmixed_rotated.nd2","Layer 1","dACC_v17_ FISH-IF v2.4.4","1303","4079","4100","3012","3028","0","0","0","0","1","1","821.1074","0","258.177","0","0","0","0","0","0","0","0","0","0","0","0","0","0","0","0","0","0","0","0","50.818134","45.24839","5.569741","10.727408","0.720775"
"D:\HAA\dACC revisions\Run 4\Br2720_dACC_20x_img_020-MaxIP-Stitched_unmixed_rotated.nd2","Layer 1","dACC_v17_ FISH-IF v2.4.4","1304","3881","3909","3038","3067","0","0","1","0","1","1","1311.7277","0","249.95352","0","0","0","0","0","1","1.795206","0","1355.7026","755.1795","0","0","0","0","0","16","32.543858","3","22079.373","678.44977","116.18204","81.19854","34.983498","26.603973","0.8604"
"D:\HAA\dACC revisions\Run 4\Br2720_dACC_20x_img_020-MaxIP-Stitched_unmixed_rotated.nd2","Layer 1","dACC_v17_ FISH-IF v2.4.4","1305","3922","3948","3057","3083","0","0","0","0","1","1","2784.6812","0","536.28375","0","0","0","0","0","0","0","0","0","0","0","0","0","0","0","0","0","0","0","0","100.25534","73.97169","26.283653","22.31301","0.811435"
"D:\HAA\dACC revisions\Run 4\Br2720_dACC_20x_img_020-MaxIP-Stitched_unmixed_rotated.nd2","Layer 1","dACC_v17_ FISH-IF v2.4.4","1306","3810","3850","3069","3103","1","1","1","0","1","1","981.77155","0","293.52878","0","0","0","0","0","4","5.984019","1","5191.551","867.5692","11","10.449018","2","8118.887","770.214","36","76.27323","4","51037.15","669.1358","189.87753","113.512245","76.365295","42.05144","0.74336"
"D:\HAA\dACC revisions\Run 4\Br2720_dACC_20x_img_020-MaxIP-Stitched_unmixed_rotated.nd2","Layer 1","dACC_v17_ FISH-IF v2.4.4","1307","4041","4068","3124","3149","0","0","0","0","1","1","2767.4653","0","527.8522","2","5.845926","0","6473.972","1107.4331","0","0","0","0","0","0","0","0","0","0","0","0","0","0","0","97.493484","72.86694","24.626541","22.31301","0.752302"
"D:\HAA\dACC revisions\Run 4\Br2720_dACC_20x_img_020-MaxIP-Stitched_unmixed_rotated.nd2","Layer 1","dACC_v17_ FISH-IF v2.4.4","1308","3923","3943","3243","3261","0","0","0","0","1","1","1045.5166","0","163.91148","0","0","0","0","0","0","0","0","0","0","0","0","0","0","0","0","0","0","0","0","55.835503","48.884834","6.950668","10.727408","0.846513"
"D:\HAA\dACC revisions\Run 4\Br2720_dACC_20x_img_020-MaxIP-Stitched_unmixed_rotated.nd2","Layer 1","dACC_v17_ FISH-IF v2.4.4","1309","4174","4198","3287","3311","0","0","0","0","1","1","2177.6882","0","381.93182","2","2.5317","0","2018.0415","797.1091","0","0","0","0","0","0","0","0","0","0","0","0","0","0","0","82.671524","64.81153","17.859997","18.88024","0.824209"
"D:\HAA\dACC revisions\Run 4\Br2720_dACC_20x_img_020-MaxIP-Stitched_unmixed_rotated.nd2","Layer 1","dACC_v17_ FISH-IF v2.4.4","1310","4139","4171","3305","3331","0","0","0","0","1","1","2750.0251","0","435.18887","0","0","0","0","0","0","0","0","0","0","0","0","0","0","0","1","0.782526","0","370.1346","473","114.202705","81.152504","33.050198","26.603973","0.761615"
"D:\HAA\dACC revisions\Run 4\Br2720_dACC_20x_img_020-MaxIP-Stitched_unmixed_rotated.nd2","Layer 1","dACC_v17_ FISH-IF v2.4.4","1311","4083","4106","3321","3342","0","0","0","0","1","1","1961.4152","0","279.07428","2","2.899948","0","2555.4985","881.2222","0","0","0","0","0","0","0","0","0","0","0","0","0","0","0","71.62411","58.873543","12.750565","15.018372","0.786959"
"D:\HAA\dACC revisions\Run 4\Br2720_dACC_20x_img_020-MaxIP-Stitched_unmixed_rotated.nd2","Layer 1","dACC_v17_ FISH-IF v2.4.4","1312","3870","3897","3326","3347","1","1","1","0","1","1","630.3232","0","128.62773","0","0","0","0","0","8","13.993399","1","13425.377","943.8835","6","6.582421","1","4902.2466","744.7482","16","30.702621","3","18999.906","618.8366","84.05245","67.38927","16.663193","18.88024","0.660373"
"D:\HAA\dACC revisions\Run 4\Br2720_dACC_20x_img_020-MaxIP-Stitched_unmixed_rotated.nd2","Layer 1","dACC_v17_ FISH-IF v2.4.4","1313","3917","3936","3332","3351","0","0","1","0","1","1","361.94116","0","85.17687","0","0","0","0","0","3","4.925308","0","4527.279","919.1869","3","2.99201","0","2324.3772","776.8615","6","14.591801","1","9246.185","633.6561","53.62602","47.365814","6.260205","10.298312","0.838772"
"D:\HAA\dACC revisions\Run 4\Br2720_dACC_20x_img_020-MaxIP-Stitched_unmixed_rotated.nd2","Layer 1","dACC_v17_ FISH-IF v2.4.4","1314","4081","4099","3342","3361","0","0","0","0","1","1","437.78946","0","122.423195","0","0","0","0","0","0","0","0","0","0","0","0","0","0","0","0","0","0","0","0","50.49592","45.24839","5.247525","9.654668","0.828225"
"D:\HAA\dACC revisions\Run 4\Br2720_dACC_20x_img_020-MaxIP-Stitched_unmixed_rotated.nd2","Layer 1","dACC_v17_ FISH-IF v2.4.4","1315","4030","4056","3368","3391","0","0","1","0","1","1","2546.809","0","332.50134","0","0","0","0","0","0","0","0","0","0","0","0","0","0","0","16","31.761333","3","25410.54","800.0464","88.14921","68.125755","20.023449","19.738432","0.758027"
"D:\HAA\dACC revisions\Run 4\Br2720_dACC_20x_img_020-MaxIP-Stitched_unmixed_rotated.nd2","Layer 1","dACC_v17_ FISH-IF v2.4.4","1316","5222","5246","2218","2245","0","0","0","0","1","1","2125.8145","0","376.69815","1","1.150773","0","881.354","765.88","0","0","0","0","0","0","0","0","0","0","0","0","0","0","0","94.73163","71.670135","23.06149","21.669365","0.757988"
"D:\HAA\dACC revisions\Run 4\Br2720_dACC_20x_img_020-MaxIP-Stitched_unmixed_rotated.nd2","Layer 1","dACC_v17_ FISH-IF v2.4.4","1317","5140","5159","2227","2246","0","0","0","0","1","1","532.6218","0","121.59375","0","0","0","0","0","0","0","0","0","0","0","0","0","0","0","1","1.380928","0","772.675","559.5333","51.14035","45.66267","5.477679","9.869216","0.841349"
"D:\HAA\dACC revisions\Run 4\Br2720_dACC_20x_img_020-MaxIP-Stitched_unmixed_rotated.nd2","Layer 1","dACC_v17_ FISH-IF v2.4.4","1318","5138","5157","2284","2305","0","0","0","0","1","1","2008.985","0","259.2321","0","0","0","0","0","0","0","0","0","0","0","0","0","0","0","0","0","0","0","0","55.329163","43.038906","12.290255","16.30566","0.675359"
"D:\HAA\dACC revisions\Run 4\Br2720_dACC_20x_img_020-MaxIP-Stitched_unmixed_rotated.nd2","Layer 1","dACC_v17_ FISH-IF v2.4.4","1319","5153","5181","2288","2311","0","0","0","0","1","1","2231.9507","0","374.50214","0","0","0","0","0","0","0","0","0","0","0","0","0","0","0","0","0","0","0","0","93.67292","64.71947","28.953447","24.243944","0.735545"
"D:\HAA\dACC revisions\Run 4\Br2720_dACC_20x_img_020-MaxIP-Stitched_unmixed_rotated.nd2","Layer 1","dACC_v17_ FISH-IF v2.4.4","1320","5143","5184","2400","2435","0","0","0","0","1","1","1275.022","0","265.8852","0","0","0","0","0","0","0","0","0","0","0","0","0","0","0","0","0","0","0","0","199.08372","115.07729","84.006424","43.33873","0.802437"
"D:\HAA\dACC revisions\Run 4\Br2720_dACC_20x_img_020-MaxIP-Stitched_unmixed_rotated.nd2","Layer 1","dACC_v17_ FISH-IF v2.4.4","1321","5392","5422","2487","2509","0","0","0","0","1","1","3328.867","0","399.10156","0","0","0","0","0","0","0","0","0","0","0","0","0","0","0","0","0","0","0","0","96.6189","73.41931","23.199583","21.883913","0.707439"
"D:\HAA\dACC revisions\Run 4\Br2720_dACC_20x_img_020-MaxIP-Stitched_unmixed_rotated.nd2","Layer 1","dACC_v17_ FISH-IF v2.4.4","1322","5090","5122","2507","2534","0","0","0","0","1","1","2447.373","0","353.77368","0","0","0","0","0","0","0","0","0","0","0","0","0","0","0","1","0.50634","0","224.76897","443.9091","125.01997","86.031784","38.988186","28.320358","0.769951"
"D:\HAA\dACC revisions\Run 4\Br2720_dACC_20x_img_020-MaxIP-Stitched_unmixed_rotated.nd2","Layer 1","dACC_v17_ FISH-IF v2.4.4","1323","5255","5281","2526","2552","0","0","0","0","1","1","2151.0964","0","392.46667","0","0","0","0","0","0","0","0","0","0","0","0","0","0","0","0","0","0","0","0","92.7523","66.97498","25.777313","22.31301","0.827272"
"D:\HAA\dACC revisions\Run 4\Br2720_dACC_20x_img_020-MaxIP-Stitched_unmixed_rotated.nd2","Layer 1","dACC_v17_ FISH-IF v2.4.4","1324","5267","5292","2546","2570","0","0","0","0","1","1","2399.9773","0","364.60492","0","0","0","0","0","0","0","0","0","0","0","0","0","0","0","0","0","0","0","0","82.119156","61.865555","20.253603","19.738432","0.881562"
"D:\HAA\dACC revisions\Run 4\Br2720_dACC_20x_img_020-MaxIP-Stitched_unmixed_rotated.nd2","Layer 1","dACC_v17_ FISH-IF v2.4.4","1325","5043","5069","2574","2597","0","0","0","1","1","1","2421.4648","0","354.58926","4","6.674483","1","6409.575","960.31036","0","0","0","0","0","0","0","0","0","0","0","0","0","0","0","83.73024","66.00834","17.721903","18.88024","0.713636"
"D:\HAA\dACC revisions\Run 4\Br2720_dACC_20x_img_020-MaxIP-Stitched_unmixed_rotated.nd2","Layer 1","dACC_v17_ FISH-IF v2.4.4","1326","5167","5186","2576","2594","0","0","0","0","1","1","435.43118","0","116.24383","0","0","0","0","0","0","0","0","0","0","0","0","0","0","0","1","1.01268","0","501.36874","495.0909","49.759422","44.74205","5.01737","9.225572","0.889988"
"D:\HAA\dACC revisions\Run 4\Br2720_dACC_20x_img_020-MaxIP-Stitched_unmixed_rotated.nd2","Layer 1","dACC_v17_ FISH-IF v2.4.4","1327","5347","5379","2590","2615","0","0","0","0","1","1","2128.2063","0","323.32156","0","0","0","0","0","0","0","0","0","0","0","0","0","0","0","0","0","0","0","0","123.73111","86.031784","37.69932","27.03307","0.769985"
"D:\HAA\dACC revisions\Run 4\Br2720_dACC_20x_img_020-MaxIP-Stitched_unmixed_rotated.nd2","Layer 1","dACC_v17_ FISH-IF v2.4.4","1328","2335","2365","3002","3030","0","0","0","0","1","1","2629.8943","0","393.2892","0","0","0","0","0","0","0","0","0","0","0","0","0","0","0","0","0","0","0","0","103.15529","67.48132","35.67396","29.607647","0.704368"
"D:\HAA\dACC revisions\Run 4\Br2720_dACC_20x_img_020-MaxIP-Stitched_unmixed_rotated.nd2","Layer 1","dACC_v17_ FISH-IF v2.4.4","1329","2263","2288","3034","3054","0","0","0","0","1","1","2331.375","0","264.09738","0","0","0","0","0","0","0","0","0","0","0","0","0","0","0","0","0","0","0","0","71.34792","59.564007","11.783915","15.876565","0.647267"
"D:\HAA\dACC revisions\Run 4\Br2720_dACC_20x_img_020-MaxIP-Stitched_unmixed_rotated.nd2","Layer 1","dACC_v17_ FISH-IF v2.4.4","1330","2509","2533","3052","3071","0","0","0","0","1","1","723.23785","0","151.37276","0","0","0","0","0","0","0","0","0","0","0","0","0","0","0","1","1.472989","0","880.2032","597.5625","65.916275","56.433907","9.482369","14.374727","0.622886"
"D:\HAA\dACC revisions\Run 4\Br2720_dACC_20x_img_020-MaxIP-Stitched_unmixed_rotated.nd2","Layer 1","dACC_v17_ FISH-IF v2.4.4","1331","2277","2298","3062","3082","0","0","0","0","1","1","1542.3085","0","195.90584","0","0","0","0","0","0","0","0","0","0","0","0","0","0","0","0","0","0","0","0","61.451275","52.797462","8.653812","12.87289","0.724901"
"D:\HAA\dACC revisions\Run 4\Br2720_dACC_20x_img_020-MaxIP-Stitched_unmixed_rotated.nd2","Layer 1","dACC_v17_ FISH-IF v2.4.4","1332","2413","2443","3066","3090","0","0","1","0","1","1","3040.6433","0","358.40344","0","0","0","0","0","0","0","0","0","0","0","0","0","0","0","57","68.447975","4","90789.91","1326.4076","107.39013","77.70019","29.689941","23.600298","0.805437"
"D:\HAA\dACC revisions\Run 4\Br2720_dACC_20x_img_020-MaxIP-Stitched_unmixed_rotated.nd2","Layer 1","dACC_v17_ FISH-IF v2.4.4","1333","2465","2495","3067","3095","0","0","0","0","1","1","2562.5337","0","444.45874","0","0","0","0","0","0","0","0","0","0","0","0","0","0","0","1","0.920618","0","574.60394","624.15","110.33611","70.84158","39.494526","28.320358","0.804483"
"D:\HAA\dACC revisions\Run 4\Br2720_dACC_20x_img_020-MaxIP-Stitched_unmixed_rotated.nd2","Layer 1","dACC_v17_ FISH-IF v2.4.4","1334","2503","2527","3072","3098","0","0","0","0","1","1","2782.1199","0","471.7443","0","0","0","0","0","0","0","0","0","0","0","0","0","0","0","1","0.598402","0","275.49506","460.3846","100.16328","64.44328","35.719994","26.603973","0.723974"
"D:\HAA\dACC revisions\Run 4\Br2720_dACC_20x_img_020-MaxIP-Stitched_unmixed_rotated.nd2","Layer 1","dACC_v17_ FISH-IF v2.4.4","1335","2485","2502","3076","3098","0","0","0","0","1","1","3044.755","0","461.7997","0","0","0","0","0","0","0","0","0","0","0","0","0","0","0","0","0","0","0","0","53.25777","32.405766","20.852005","18.88024","0.786539"
"D:\HAA\dACC revisions\Run 4\Br2720_dACC_20x_img_020-MaxIP-Stitched_unmixed_rotated.nd2","Layer 1","dACC_v17_ FISH-IF v2.4.4","1336","2242","2260","3076","3095","0","0","0","0","1","1","379.17142","0","124.582985","0","0","0","0","0","0","0","0","0","0","0","0","0","0","0","0","0","0","0","0","49.20705","44.373806","4.833246","8.796475","0.875258"
"D:\HAA\dACC revisions\Run 4\Br2720_dACC_20x_img_020-MaxIP-Stitched_unmixed_rotated.nd2","Layer 1","dACC_v17_ FISH-IF v2.4.4","1337","2237","2255","3102","3119","0","0","0","0","1","1","500.05798","0","153.80344","0","0","0","0","0","0","0","0","0","0","0","0","0","0","0","1","1.979329","0","1062.4856","536.7907","40.6453","37.469166","3.176133","7.294638","0.750888"
"D:\HAA\dACC revisions\Run 4\Br2720_dACC_20x_img_020-MaxIP-Stitched_unmixed_rotated.nd2","Layer 1","dACC_v17_ FISH-IF v2.4.4","1338","2222","2247","3114","3136","0","0","0","0","1","1","726.1038","0","162.47902","0","0","0","0","0","0","0","0","0","0","0","0","0","0","0","1","0.368247","0","495.89108","513","73.64947","60.346535","13.302936","18.236595","0.675386"
"D:\HAA\dACC revisions\Run 4\Br2720_dACC_20x_img_020-MaxIP-Stitched_unmixed_rotated.nd2","Layer 1","dACC_v17_ FISH-IF v2.4.4","1339","2588","2614","3119","3144","0","0","0","0","1","1","3718.6326","0","355.73068","0","0","0","0","0","0","0","0","0","0","0","0","0","0","0","1","0.414278","0","185.09032","446.77777","96.11256","71.43999","24.672571","21.454817","0.903404"
"D:\HAA\dACC revisions\Run 4\Br2720_dACC_20x_img_020-MaxIP-Stitched_unmixed_rotated.nd2","Layer 1","dACC_v17_ FISH-IF v2.4.4","1340","2514","2538","3126","3146","0","0","0","0","1","1","2387.4336","0","247.2915","0","0","0","0","0","0","0","0","0","0","0","0","0","0","0","2","2.117422","0","1104.1897","521.4783","70.84158","59.057667","11.783915","15.876565","0.67876"
"D:\HAA\dACC revisions\Run 4\Br2720_dACC_20x_img_020-MaxIP-Stitched_unmixed_rotated.nd2","Layer 1","dACC_v17_ FISH-IF v2.4.4","1341","2298","2325","3165","3190","0","0","0","0","1","1","3637.9502","0","355.73227","0","0","0","0","0","0","0","0","0","0","0","0","0","0","0","0","0","0","0","0","94.22529","72.03838","22.186903","22.31301","0.730903"
"D:\HAA\dACC revisions\Run 4\Br2720_dACC_20x_img_020-MaxIP-Stitched_unmixed_rotated.nd2","Layer 1","dACC_v17_ FISH-IF v2.4.4","1342","2372","2404","3186","3208","0","0","0","0","1","1","1097.381","0","223.96323","0","0","0","0","0","0","0","0","0","0","2","2.071391","0","1526.7996","737.08887","0","0","0","0","0","103.33941","77.60812","25.731283","24.029396","0.675994"
"D:\HAA\dACC revisions\Run 4\Br2720_dACC_20x_img_020-MaxIP-Stitched_unmixed_rotated.nd2","Layer 1","dACC_v17_ FISH-IF v2.4.4","1343","2247","2268","3206","3229","0","1","1","0","1","1","2474.9517","0","463.8046","0","0","0","0","0","0","0","0","0","0","5","4.649123","1","3661.6675","787.60394","6","8.423658","1","4681.022","555.69946","69.59875","40.046898","29.55185","24.887589","0.765679"
"D:\HAA\dACC revisions\Run 4\Br2720_dACC_20x_img_020-MaxIP-Stitched_unmixed_rotated.nd2","Layer 1","dACC_v17_ FISH-IF v2.4.4","1344","2223","2248","3208","3238","0","1","1","0","1","1","3272.5557","0","480.38766","0","0","0","0","0","0","0","0","0","0","4","4.464999","1","3294.0645","737.75256","4","4.925308","1","2546.6145","517.04675","112.63766","71.71617","40.921486","30.036743","0.757627"
"D:\HAA\dACC revisions\Run 4\Br2720_dACC_20x_img_020-MaxIP-Stitched_unmixed_rotated.nd2","Layer 1","dACC_v17_ FISH-IF v2.4.4","1345","2275","2298","3216","3240","0","0","0","0","1","1","3698.886","0","406.73483","0","0","0","0","0","0","0","0","0","0","0","0","0","0","0","0","0","0","0","0","86.72225","63.70679","23.01546","21.02572","0.858453"
"D:\HAA\dACC revisions\Run 4\Br2720_dACC_20x_img_020-MaxIP-Stitched_unmixed_rotated.nd2","Layer 1","dACC_v17_ FISH-IF v2.4.4","1346","2246","2275","3220","3246","0","0","0","0","1","1","2220.1165","0","458.5","0","0","0","0","0","0","0","0","0","0","0","0","0","0","0","0","0","0","0","0","91.73962","59.74813","31.991488","27.03307","0.690201"
"D:\HAA\dACC revisions\Run 4\Br2720_dACC_20x_img_020-MaxIP-Stitched_unmixed_rotated.nd2","Layer 1","dACC_v17_ FISH-IF v2.4.4","1347","2555","2588","3227","3262","0","0","0","1","1","1","1712.3243","0","375.46823","12","26.0535","2","36941.42","1388.4689","0","0","0","0","0","0","0","0","0","0","0","0","0","0","0","152.86868","98.506165","54.362514","36.044094","0.783421"
"D:\HAA\dACC revisions\Run 4\Br2720_dACC_20x_img_020-MaxIP-Stitched_unmixed_rotated.nd2","Layer 1","dACC_v17_ FISH-IF v2.4.4","1348","2517","2549","3293","3318","0","0","0","0","1","1","2636.3994","0","428.70883","0","0","0","0","0","0","0","0","0","0","0","0","0","0","0","0","0","0","0","0","118.575645","83.31596","35.25968","26.603973","0.777302"
"D:\HAA\dACC revisions\Run 4\Br2720_dACC_20x_img_020-MaxIP-Stitched_unmixed_rotated.nd2","Layer 1","dACC_v17_ FISH-IF v2.4.4","1349","2258","2286","3305","3333","0","0","0","0","1","1","2459.8936","0","463.73993","0","0","0","0","0","0","0","0","0","0","0","0","0","0","0","0","0","0","0","0","115.85982","80.00173","35.858086","27.03307","0.819013"
"D:\HAA\dACC revisions\Run 4\Br2720_dACC_20x_img_020-MaxIP-Stitched_unmixed_rotated.nd2","Layer 1","dACC_v17_ FISH-IF v2.4.4","1350","2286","2323","3305","3330","0","0","0","0","1","1","953.0394","0","249.21439","0","0","0","0","0","0","0","0","0","0","0","0","0","0","0","1","0.690464","0","339.93832","492.33334","134.87059","94.04117","40.829422","32.396774","0.604182"
"D:\HAA\dACC revisions\Run 4\Br2720_dACC_20x_img_020-MaxIP-Stitched_unmixed_rotated.nd2","Layer 1","dACC_v17_ FISH-IF v2.4.4","1351","2392","2413","3355","3375","0","0","0","0","1","1","1035.6349","0","166.27626","0","0","0","0","0","0","0","0","0","0","0","0","0","0","0","0","0","0","0","0","60.852875","52.15303","8.699843","12.87289","0.801745"
"D:\HAA\dACC revisions\Run 4\Br2720_dACC_20x_img_020-MaxIP-Stitched_unmixed_rotated.nd2","Layer 1","dACC_v17_ FISH-IF v2.4.4","1352","2244","2271","3371","3395","0","0","0","0","1","1","3383.8547","0","432.46912","0","0","0","0","0","0","0","0","0","0","0","0","0","0","0","0","0","0","0","0","98.690285","73.005035","25.685251","21.883913","0.828961"
"D:\HAA\dACC revisions\Run 4\Br2720_dACC_20x_img_020-MaxIP-Stitched_unmixed_rotated.nd2","Layer 1","dACC_v17_ FISH-IF v2.4.4","1353","2307","2338","3374","3399","0","0","0","0","1","1","2533.2253","0","452.1085","0","0","0","0","0","0","0","0","0","0","0","0","0","0","0","0","0","0","0","0","108.72503","78.48271","30.242313","28.749454","0.578368"
"D:\HAA\dACC revisions\Run 4\Br2720_dACC_20x_img_020-MaxIP-Stitched_unmixed_rotated.nd2","Layer 1","dACC_v17_ FISH-IF v2.4.4","1354","2336","2360","3384","3411","0","0","0","0","1","1","2394.9463","0","422.81128","0","0","0","0","0","0","0","0","0","0","0","0","0","0","0","0","0","0","0","0","82.85565","56.341843","26.51381","27.462166","0.590586"
"D:\HAA\dACC revisions\Run 4\Br2720_dACC_20x_img_020-MaxIP-Stitched_unmixed_rotated.nd2","Layer 1","dACC_v17_ FISH-IF v2.4.4","1355","2358","2377","3391","3413","0","0","0","0","1","1","1659.12","0","316.713","0","0","0","0","0","0","0","0","0","0","0","0","0","0","0","0","0","0","0","0","64.25916","46.997566","17.261595","19.094788","0.735404"
"D:\HAA\dACC revisions\Run 4\Br2720_dACC_20x_img_020-MaxIP-Stitched_unmixed_rotated.nd2","Layer 1","dACC_v17_ FISH-IF v2.4.4","1356","2520","2548","3392","3417","0","0","0","1","1","1","3030.6003","0","551.11035","8","16.11082","1","24882.473","1544.4572","0","0","0","0","0","0","0","0","0","0","0","0","0","0","0","102.51086","75.90498","26.605871","23.171202","0.74757"
"D:\HAA\dACC revisions\Run 4\Br2720_dACC_20x_img_020-MaxIP-Stitched_unmixed_rotated.nd2","Layer 1","dACC_v17_ FISH-IF v2.4.4","1357","2380","2400","3405","3423","0","0","0","0","1","1","2220.3645","0","292.39932","0","0","0","0","0","0","0","0","0","0","0","0","0","0","0","0","0","0","0","0","49.759422","40.921486","8.837936","12.443794","0.766291"
"D:\HAA\dACC revisions\Run 4\Br2720_dACC_20x_img_020-MaxIP-Stitched_unmixed_rotated.nd2","Layer 1","dACC_v17_ FISH-IF v2.4.4","1358","1526","1563","2612","2646","0","0","0","0","1","1","1736.1534","0","319.6373","0","0","0","0","0","0","0","0","0","0","0","0","0","0","0","0","0","0","0","0","162.81136","103.43147","59.379883","38.189575","0.756452"
"D:\HAA\dACC revisions\Run 4\Br2720_dACC_20x_img_020-MaxIP-Stitched_unmixed_rotated.nd2","Layer 1","dACC_v17_ FISH-IF v2.4.4","1359","1677","1698","2629","2658","0","0","0","0","1","1","3103.5554","0","377.16666","0","0","0","0","0","0","0","0","0","0","0","0","0","0","0","0","0","0","0","0","93.71895","61.313183","32.405766","25.316685","0.84895"
"D:\HAA\dACC revisions\Run 4\Br2720_dACC_20x_img_020-MaxIP-Stitched_unmixed_rotated.nd2","Layer 1","dACC_v17_ FISH-IF v2.4.4","1360","1651","1677","2631","2655","0","0","0","0","1","1","2798.3687","0","433.4699","0","0","0","0","0","0","0","0","0","0","0","0","0","0","0","0","0","0","0","0","102.37276","67.2972","35.075558","26.603973","0.696014"
"D:\HAA\dACC revisions\Run 4\Br2720_dACC_20x_img_020-MaxIP-Stitched_unmixed_rotated.nd2","Layer 1","dACC_v17_ FISH-IF v2.4.4","1361","1725","1762","2650","2680","0","0","0","0","1","1","1291.2509","0","234.02686","0","0","0","0","0","1","1.058711","0","771.29407","728.5217","0","0","0","0","0","1","0.460309","0","237.51953","516","155.40038","99.42678","55.973595","35.1859","0.728825"
"D:\HAA\dACC revisions\Run 4\Br2720_dACC_20x_img_020-MaxIP-Stitched_unmixed_rotated.nd2","Layer 1","dACC_v17_ FISH-IF v2.4.4","1362","1463","1502","2677","2706","1","0","0","0","1","1","1716.1348","0","275.64255","0","0","0","0","0","4","2.899948","1","2189.4607","755","1","0.644433","0","436.5112","677.3571","0","0","0","0","0","166.03352","105.594925","60.438595","36.902287","0.70605"
"D:\HAA\dACC revisions\Run 4\Br2720_dACC_20x_img_020-MaxIP-Stitched_unmixed_rotated.nd2","Layer 1","dACC_v17_ FISH-IF v2.4.4","1363","1585","1619","2695","2726","0","0","0","0","1","1","2098.0234","0","342.87323","0","0","0","0","0","0","0","0","0","0","0","0","0","0","0","0","0","0","0","0","143.3863","94.40941","48.976894","33.469513","0.771471"
"D:\HAA\dACC revisions\Run 4\Br2720_dACC_20x_img_020-MaxIP-Stitched_unmixed_rotated.nd2","Layer 1","dACC_v17_ FISH-IF v2.4.4","1364","1737","1769","2742","2773","0","0","0","0","1","1","1208.122","0","282.58258","0","0","0","0","0","0","0","0","0","0","0","0","0","0","0","0","0","0","0","0","120.41688","76.64148","43.775402","33.254967","0.719113"
"D:\HAA\dACC revisions\Run 4\Br2720_dACC_20x_img_020-MaxIP-Stitched_unmixed_rotated.nd2","Layer 1","dACC_v17_ FISH-IF v2.4.4","1365","1759","1774","2745","2765","0","0","0","0","1","1","1047.3733","0","245.3997","0","0","0","0","0","0","0","0","0","0","0","0","0","0","0","0","0","0","0","0","41.565918","31.208961","10.356956","14.803823","0.752133"
"D:\HAA\dACC revisions\Run 4\Br2720_dACC_20x_img_020-MaxIP-Stitched_unmixed_rotated.nd2","Layer 1","dACC_v17_ FISH-IF v2.4.4","1366","1666","1690","2755","2778","0","0","0","0","1","1","2052.34","0","294.72223","0","0","0","0","0","0","0","0","0","0","0","0","0","0","0","0","0","0","0","0","80.32395","64.62741","15.696543","18.022047","0.705471"
"D:\HAA\dACC revisions\Run 4\Br2720_dACC_20x_img_020-MaxIP-Stitched_unmixed_rotated.nd2","Layer 1","dACC_v17_ FISH-IF v2.4.4","1367","1428","1453","2769","2789","0","0","0","0","1","1","875.8225","0","189.80928","0","0","0","0","0","0","0","0","0","0","0","0","0","0","0","0","0","0","0","0","75.030396","61.543335","13.487059","16.30566","0.69717"
"D:\HAA\dACC revisions\Run 4\Br2720_dACC_20x_img_020-MaxIP-Stitched_unmixed_rotated.nd2","Layer 1","dACC_v17_ FISH-IF v2.4.4","1368","1629","1654","2772","2796","0","0","0","0","1","1","2662.3633","0","306.1632","0","0","0","0","0","0","0","0","0","0","0","0","0","0","0","1","0.874587","0","425.97012","487.05264","85.847664","66.83689","19.010769","19.738432","0.781993"
"D:\HAA\dACC revisions\Run 4\Br2720_dACC_20x_img_020-MaxIP-Stitched_unmixed_rotated.nd2","Layer 1","dACC_v17_ FISH-IF v2.4.4","1369","1604","1628","2779","2805","0","0","0","0","1","1","3311.5571","0","402.05597","0","0","0","0","0","0","0","0","0","0","0","0","0","0","0","0","0","0","0","0","89.576164","68.26385","21.312315","20.167528","0.860142"
"D:\HAA\dACC revisions\Run 4\Br2720_dACC_20x_img_020-MaxIP-Stitched_unmixed_rotated.nd2","Layer 1","dACC_v17_ FISH-IF v2.4.4","1370","1485","1508","2782","2812","0","0","0","0","1","1","3242.1355","0","394.86456","0","0","0","0","0","0","0","0","0","0","0","0","0","0","0","0","0","0","0","0","101.95848","76.13514","25.823345","23.171202","0.713363"
"D:\HAA\dACC revisions\Run 4\Br2720_dACC_20x_img_020-MaxIP-Stitched_unmixed_rotated.nd2","Layer 1","dACC_v17_ FISH-IF v2.4.4","1371","1509","1538","2783","2807","0","0","0","1","1","1","3033.3977","0","575.51544","4","6.766545","1","6186.6016","914.29254","0","0","0","0","0","0","0","0","0","0","0","0","0","0","0","104.8124","77.60812","27.204271","22.956654","0.729065"
"D:\HAA\dACC revisions\Run 4\Br2720_dACC_20x_img_020-MaxIP-Stitched_unmixed_rotated.nd2","Layer 1","dACC_v17_ FISH-IF v2.4.4","1372","1427","1466","2798","2828","0","0","0","0","1","1","1182.441","0","298.3159","0","0","0","0","0","0","0","0","0","0","0","0","0","0","0","0","0","0","0","0","174.59528","107.39013","67.20514","38.189575","0.785529"
"D:\HAA\dACC revisions\Run 4\Br2720_dACC_20x_img_020-MaxIP-Stitched_unmixed_rotated.nd2","Layer 1","dACC_v17_ FISH-IF v2.4.4","1373","1553","1573","2801","2821","0","0","0","0","1","1","725.72754","0","148.6645","0","0","0","0","0","0","0","0","0","0","0","0","0","0","0","0","0","0","0","0","64.397255","49.529266","14.867987","18.022047","0.638655"
"D:\HAA\dACC revisions\Run 4\Br2720_dACC_20x_img_020-MaxIP-Stitched_unmixed_rotated.nd2","Layer 1","dACC_v17_ FISH-IF v2.4.4","1374","1574","1590","2802","2823","0","0","0","0","1","1","716.12036","0","150.44078","0","0","0","0","0","0","0","0","0","0","0","0","0","0","0","0","0","0","0","0","51.5086","40.415146","11.093451","15.018372","0.693639"
"D:\HAA\dACC revisions\Run 4\Br2720_dACC_20x_img_020-MaxIP-Stitched_unmixed_rotated.nd2","Layer 1","dACC_v17_ FISH-IF v2.4.4","1375","1456","1485","2833","2868","0","0","0","0","1","1","2873.0322","0","596.5431","0","0","0","0","0","0","0","0","0","0","0","0","0","0","0","0","0","0","0","0","143.93867","96.71096","47.227722","33.684063","0.716631"
"D:\HAA\dACC revisions\Run 4\Br2720_dACC_20x_img_020-MaxIP-Stitched_unmixed_rotated.nd2","Layer 1","dACC_v17_ FISH-IF v2.4.4","1376","1758","1791","2843","2865","0","0","0","0","1","1","860.04193","0","166.05984","0","0","0","0","0","0","0","0","0","0","0","0","0","0","0","0","0","0","0","0","102.2807","79.21921","23.06149","24.887589","0.592749"
"D:\HAA\dACC revisions\Run 4\Br2720_dACC_20x_img_020-MaxIP-Stitched_unmixed_rotated.nd2","Layer 1","dACC_v17_ FISH-IF v2.4.4","1377","1669","1697","2855","2882","0","0","0","0","1","1","3119.1565","0","394.9738","0","0","0","0","0","0","0","0","0","0","0","0","0","0","0","0","0","0","0","0","102.83307","75.49071","27.342365","24.458492","0.806595"
"D:\HAA\dACC revisions\Run 4\Br2720_dACC_20x_img_020-MaxIP-Stitched_unmixed_rotated.nd2","Layer 1","dACC_v17_ FISH-IF v2.4.4","1378","1496","1532","2883","2916","1","0","0","0","1","1","1667.7452","0","293.99866","0","0","0","0","0","11","9.114121","2","6943.3496","761.82324","2","1.104742","0","737.5994","667.6667","0","0","0","0","0","166.07954","103.753685","62.325863","37.331383","0.766777"
"D:\HAA\dACC revisions\Run 4\Br2720_dACC_20x_img_020-MaxIP-Stitched_unmixed_rotated.nd2","Layer 1","dACC_v17_ FISH-IF v2.4.4","1379","1689","1711","2883","2906","0","0","0","0","1","1","1089.6104","0","179.3114","0","0","0","0","0","0","0","0","0","0","0","0","0","0","0","0","0","0","0","0","72.682816","60.16241","12.52041","16.949305","0.696225"
"D:\HAA\dACC revisions\Run 4\Br2720_dACC_20x_img_020-MaxIP-Stitched_unmixed_rotated.nd2","Layer 1","dACC_v17_ FISH-IF v2.4.4","1380","1611","1631","2913","2933","0","0","0","0","1","1","928.50275","0","172.05586","2","4.418968","0","4272.544","966.86456","0","0","0","0","0","0","0","0","0","0","0","0","0","0","0","59.425915","51.09432","8.331596","12.443794","0.874847"
"D:\HAA\dACC revisions\Run 4\Br2720_dACC_20x_img_020-MaxIP-Stitched_unmixed_rotated.nd2","Layer 1","dACC_v17_ FISH-IF v2.4.4","1381","1741","1765","2920","2939","0","0","0","0","1","1","718.9834","0","166.84735","0","0","0","0","0","0","0","0","0","0","0","0","0","0","0","0","0","0","0","0","70.19715","59.1037","11.093451","15.447468","0.665039"
"D:\HAA\dACC revisions\Run 4\Br2720_dACC_20x_img_020-MaxIP-Stitched_unmixed_rotated.nd2","Layer 1","dACC_v17_ FISH-IF v2.4.4","1382","1512","1533","2923","2944","0","0","0","0","1","1","754.9258","0","149.73822","0","0","0","0","0","0","0","0","0","0","0","0","0","0","0","0","0","0","0","0","65.22581","54.68473","10.54108","13.301987","0.878762"
"D:\HAA\dACC revisions\Run 4\Br2720_dACC_20x_img_020-MaxIP-Stitched_unmixed_rotated.nd2","Layer 1","dACC_v17_ FISH-IF v2.4.4","1383","1674","1711","2927","2961","0","0","0","0","1","1","1242.4308","0","215.55849","0","0","0","0","0","1","2.117422","0","1728.4609","816.3043","0","0","0","0","0","3","3.038041","0","1649.4259","542.92426","173.53656","106.65363","66.88292","38.189575","0.749824"
"D:\HAA\dACC revisions\Run 4\Br2720_dACC_20x_img_020-MaxIP-Stitched_unmixed_rotated.nd2","Layer 1","dACC_v17_ FISH-IF v2.4.4","1384","1729","1748","2941","2953","0","0","0","0","1","1","666.43964","0","284.61386","0","0","0","0","0","0","0","0","0","0","0","0","0","0","0","1","1.150773","0","741.466","536.93335","35.858086","30.518497","5.339586","9.869216","0.752336"
"D:\HAA\dACC revisions\Run 4\Br2720_dACC_20x_img_020-MaxIP-Stitched_unmixed_rotated.nd2","Layer 1","dACC_v17_ FISH-IF v2.4.4","1385","1480","1503","2946","2972","0","0","0","0","1","1","3342.4893","0","380.52246","0","0","0","0","0","0","0","0","0","0","0","0","0","0","0","0","0","0","0","0","85.89369","66.606735","19.286955","19.309336","0.814609"
"D:\HAA\dACC revisions\Run 4\Br2720_dACC_20x_img_020-MaxIP-Stitched_unmixed_rotated.nd2","Layer 1","dACC_v17_ FISH-IF v2.4.4","1386","1726","1761","2951","2976","0","0","0","0","1","1","1131.5","0","296.5055","0","0","0","0","0","1","0.782526","0","521.48425","666.41174","0","0","0","0","0","1","0.966649","0","501.46082","518.7619","123.91523","83.68421","40.23102","34.97135","0.646564"
"D:\HAA\dACC revisions\Run 4\Br2720_dACC_20x_img_020-MaxIP-Stitched_unmixed_rotated.nd2","Layer 1","dACC_v17_ FISH-IF v2.4.4","1387","1525","1555","2949","2973","0","0","0","1","1","1","2862.5972","0","612.03796","6","12.566441","1","16685.932","1327.8169","0","0","0","0","0","0","0","0","0","0","0","0","0","0","0","103.10925","76.365295","26.743963","23.171202","0.719084"
"D:\HAA\dACC revisions\Run 4\Br2720_dACC_20x_img_020-MaxIP-Stitched_unmixed_rotated.nd2","Layer 1","dACC_v17_ FISH-IF v2.4.4","1388","1796","1820","2965","2989","0","0","0","0","1","1","1157.8467","0","249.85558","0","0","0","0","0","0","0","0","0","0","0","0","0","0","0","1","0.598402","0","276.09344","461.3846","85.24926","66.928955","18.320305","19.309336","0.743231"
"D:\HAA\dACC revisions\Run 4\Br2720_dACC_20x_img_020-MaxIP-Stitched_unmixed_rotated.nd2","Layer 1","dACC_v17_ FISH-IF v2.4.4","1389","1425","1457","2966","2992","0","0","0","0","1","1","1222.8864","0","213.41585","0","0","0","0","0","2","1.196804","0","791.3175","661.1923","0","0","0","0","0","1","1.611082","0","887.38403","550.8","117.83915","84.23658","33.60257","27.676714","0.723616"
"D:\HAA\dACC revisions\Run 4\Br2720_dACC_20x_img_020-MaxIP-Stitched_unmixed_rotated.nd2","Layer 1","dACC_v17_ FISH-IF v2.4.4","1390","1492","1531","2966","2993","0","0","0","0","1","1","2157.0598","0","327.93924","0","0","0","0","0","0","0","0","0","0","0","0","0","0","0","0","0","0","0","0","145.41167","99.24266","46.16901","33.89861","0.618418"
"D:\HAA\dACC revisions\Run 4\Br2720_dACC_20x_img_020-MaxIP-Stitched_unmixed_rotated.nd2","Layer 1","dACC_v17_ FISH-IF v2.4.4","1391","3219","3238","3404","3431","0","0","0","0","1","1","1338.9331","0","253.3623","1","7.364947","0","8919.503","1211.075","0","0","0","0","0","0","0","0","0","0","0","0","0","0","0","75.39864","63.016327","12.382317","16.734756","0.577361"
"D:\HAA\dACC revisions\Run 4\Br2720_dACC_20x_img_020-MaxIP-Stitched_unmixed_rotated.nd2","Layer 1","dACC_v17_ FISH-IF v2.4.4","1392","3367","3391","3418","3448","0","1","1","0","1","1","2387.4443","0","332.31216","0","0","0","0","0","0","0","0","0","0","13","8.423658","2","11536.545","1369.541","24","42.992878","3","32912.797","765.5407","104.16797","67.38927","36.7787","27.03307","0.829343"
"D:\HAA\dACC revisions\Run 4\Br2720_dACC_20x_img_020-MaxIP-Stitched_unmixed_rotated.nd2","Layer 1","dACC_v17_ FISH-IF v2.4.4","1393","3409","3427","3425","3445","0","0","0","0","1","1","1010.36694","0","141.19502","0","0","0","0","0","0","0","0","0","0","0","0","0","0","0","1","0.874587","0","431.53986","493.42105","49.391174","44.373806","5.01737","9.225572","0.792371"
"D:\HAA\dACC revisions\Run 4\Br2720_dACC_20x_img_020-MaxIP-Stitched_unmixed_rotated.nd2","Layer 1","dACC_v17_ FISH-IF v2.4.4","1394","3388","3410","3427","3451","0","0","1","0","1","1","2972.274","0","414.54355","0","0","0","0","0","0","0","0","0","0","3","2.02536","0","1406.1985","694.2955","5","4.418968","1","2237.471","506.33334","79.49539","54.454575","25.04082","22.742105","0.737197"
"D:\HAA\dACC revisions\Run 4\Br2720_dACC_20x_img_020-MaxIP-Stitched_unmixed_rotated.nd2","Layer 1","dACC_v17_ FISH-IF v2.4.4","1395","3311","3327","3438","3455","0","0","0","0","1","1","386.67926","0","125.112305","0","0","0","0","0","0","0","0","0","0","0","0","0","0","0","0","0","0","0","0","40.967518","38.527878","2.439639","6.436445","0.752679"
"D:\HAA\dACC revisions\Run 4\Br2720_dACC_20x_img_020-MaxIP-Stitched_unmixed_rotated.nd2","Layer 1","dACC_v17_ FISH-IF v2.4.4","1396","3328","3355","3441","3467","0","0","0","0","1","1","3475.0845","0","406.9609","0","0","0","0","0","0","0","0","0","0","0","0","0","0","0","0","0","0","0","0","99.79503","74.201836","25.59319","23.171202","0.778802"
"D:\HAA\dACC revisions\Run 4\Br2720_dACC_20x_img_020-MaxIP-Stitched_unmixed_rotated.nd2","Layer 1","dACC_v17_ FISH-IF v2.4.4","1397","3052","3077","3504","3527","0","0","0","0","1","1","1554.7981","0","270.81958","0","0","0","0","0","0","0","0","0","0","0","0","0","0","0","2","2.02536","0","1102.3944","544.2955","85.24926","66.33055","18.918707","18.88024","0.845217"
"D:\HAA\dACC revisions\Run 4\Br2720_dACC_20x_img_020-MaxIP-Stitched_unmixed_rotated.nd2","Layer 1","dACC_v17_ FISH-IF v2.4.4","1398","3136","3165","3539","3565","0","0","0","0","1","1","3256.0122","0","353.5428","0","0","0","0","0","0","0","0","0","0","0","0","0","0","0","1","0.736495","0","365.25534","495.9375","108.0806","78.02241","30.05819","24.887589","0.796005"
"D:\HAA\dACC revisions\Run 4\Br2720_dACC_20x_img_020-MaxIP-Stitched_unmixed_rotated.nd2","Layer 1","dACC_v17_ FISH-IF v2.4.4","1399","3046","3067","3556","3575","0","0","0","0","1","1","1179.6533","0","150.01033","0","0","0","0","0","0","0","0","0","0","0","0","0","0","0","1","0.368247","0","162.44312","441.125","55.927567","49.022926","6.904638","11.585601","0.797241"
"D:\HAA\dACC revisions\Run 4\Br2720_dACC_20x_img_020-MaxIP-Stitched_unmixed_rotated.nd2","Layer 1","dACC_v17_ FISH-IF v2.4.4","1400","3394","3414","3598","3617","0","0","0","0","1","1","2822.7666","0","254.91914","1","0.644433","0","531.7031","825.0714","0","0","0","0","0","0","0","0","0","0","3","2.48567","0","1353.6772","515.9298","59.517975","51.23241","8.285565","12.014698","0.83253"
"D:\HAA\dACC revisions\Run 4\Br2720_dACC_20x_img_020-MaxIP-Stitched_unmixed_rotated.nd2","Layer 1","dACC_v17_ FISH-IF v2.4.4","1401","3342","3371","3637","3662","0","0","1","0","1","1","1477.1078","0","223.35976","0","0","0","0","0","0","0","0","0","0","0","0","0","0","0","50","58.59736","4","73881.05","1260.8256","98.55219","75.49071","23.06149","23.600298","0.632709"
"D:\HAA\dACC revisions\Run 4\Br2720_dACC_20x_img_020-MaxIP-Stitched_unmixed_rotated.nd2","Layer 1","dACC_v17_ FISH-IF v2.4.4","1402","3138","3168","3646","3673","0","0","0","0","1","1","2942.4272","0","388.31027","0","0","0","0","0","0","0","0","0","0","0","0","0","0","0","1","0.368247","0","171.18898","464.875","114.06461","80.55411","33.51051","26.174877","0.810741"
"D:\HAA\dACC revisions\Run 4\Br2720_dACC_20x_img_020-MaxIP-Stitched_unmixed_rotated.nd2","Layer 1","dACC_v17_ FISH-IF v2.4.4","1403","3249","3275","3663","3690","0","0","0","1","1","1","2997.0115","0","458.34235","5","19.839325","1","29099.365","1466.7517","0","0","0","0","0","0","0","0","0","0","0","0","0","0","0","102.741005","74.8923","27.848705","22.742105","0.837409"
"D:\HAA\dACC revisions\Run 4\Br2720_dACC_20x_img_020-MaxIP-Stitched_unmixed_rotated.nd2","Layer 1","dACC_v17_ FISH-IF v2.4.4","1404","3265","3284","3693","3714","0","0","0","0","1","1","1550.8079","0","220.71849","0","0","0","0","0","0","0","0","0","0","0","0","0","0","0","0","0","0","0","0","50.818134","39.08025","11.737884","14.589275","0.789762"
"D:\HAA\dACC revisions\Run 4\Br2720_dACC_20x_img_020-MaxIP-Stitched_unmixed_rotated.nd2","Layer 1","dACC_v17_ FISH-IF v2.4.4","1405","3246","3273","3697","3720","0","0","0","0","1","1","1514.0679","0","263.63425","2","2.761855","0","2589.239","937.5","0","0","0","0","0","0","0","0","0","0","0","0","0","0","0","83.03977","57.262463","25.777313","23.600298","0.737314"
"D:\HAA\dACC revisions\Run 4\Br2720_dACC_20x_img_020-MaxIP-Stitched_unmixed_rotated.nd2","Layer 1","dACC_v17_ FISH-IF v2.4.4","1406","3383","3412","3696","3728","0","0","0","0","1","1","2143.4758","0","352.76382","0","0","0","0","0","0","0","0","0","0","0","0","0","0","0","2","4.51103","0","3230.4958","716.1326","123.685074","88.2873","35.397774","30.46584","0.732539"
"D:\HAA\dACC revisions\Run 4\Br2720_dACC_20x_img_020-MaxIP-Stitched_unmixed_rotated.nd2","Layer 1","dACC_v17_ FISH-IF v2.4.4","1407","3405","3434","3753","3781","0","0","0","0","1","1","2957.348","0","499.9699","0","0","0","0","0","0","0","0","0","0","0","0","0","0","0","2","3.590412","0","2213.2585","616.4359","95.83637","61.17509","34.66128","29.607647","0.704513"
"D:\HAA\dACC revisions\Run 4\Br2720_dACC_20x_img_020-MaxIP-Stitched_unmixed_rotated.nd2","Layer 1","dACC_v17_ FISH-IF v2.4.4","1408","3162","3182","3772","3791","0","0","0","0","1","1","562.97675","0","112.35196","0","0","0","0","0","0","0","0","0","0","0","0","0","0","0","3","7.917318","0","5386.1235","680.2965","52.889523","46.951534","5.937988","10.51286","0.82703"
"D:\HAA\dACC revisions\Run 4\Br2720_dACC_20x_img_020-MaxIP-Stitched_unmixed_rotated.nd2","Layer 1","dACC_v17_ FISH-IF v2.4.4","1409","6462","6481","2253","2270","0","0","0","0","1","1","362.50516","0","114.37037","0","0","0","0","0","0","0","0","0","0","0","0","0","0","0","0","0","0","0","0","47.964214","43.499218","4.464999","8.581926","0.877912"
"D:\HAA\dACC revisions\Run 4\Br2720_dACC_20x_img_020-MaxIP-Stitched_unmixed_rotated.nd2","Layer 1","dACC_v17_ FISH-IF v2.4.4","1410","6411","6439","2264","2288","0","0","0","1","1","1","3390.7004","0","370.49844","12","25.317005","2","67251.4","2656.3728","0","0","0","0","0","0","0","0","0","0","0","0","0","0","0","101.40611","74.524055","26.882055","22.742105","0.824856"
"D:\HAA\dACC revisions\Run 4\Br2720_dACC_20x_img_020-MaxIP-Stitched_unmixed_rotated.nd2","Layer 1","dACC_v17_ FISH-IF v2.4.4","1411","6367","6393","2311","2336","0","0","0","1","1","1","2504.8882","0","430.58862","4","13.947368","1","17890.469","1282.7129","0","0","0","0","0","0","0","0","0","0","0","0","0","0","0","96.25065","71.94633","24.304325","21.883913","0.798525"
"D:\HAA\dACC revisions\Run 4\Br2720_dACC_20x_img_020-MaxIP-Stitched_unmixed_rotated.nd2","Layer 1","dACC_v17_ FISH-IF v2.4.4","1412","6384","6410","2336","2361","0","0","0","1","1","1","3598.4553","0","362.13525","7","24.350355","1","38324.19","1573.8658","0","0","0","0","0","0","0","0","0","0","0","0","0","0","0","95.974464","71.80823","24.166231","21.454817","0.814061"
"D:\HAA\dACC revisions\Run 4\Br2720_dACC_20x_img_020-MaxIP-Stitched_unmixed_rotated.nd2","Layer 1","dACC_v17_ FISH-IF v2.4.4","1413","6269","6288","2349","2367","0","0","0","0","1","1","619.0345","0","122.54711","0","0","0","0","0","0","0","0","0","0","0","0","0","0","0","0","0","0","0","0","50.772102","45.432514","5.339586","9.44012","0.88585"
"D:\HAA\dACC revisions\Run 4\Br2720_dACC_20x_img_020-MaxIP-Stitched_unmixed_rotated.nd2","Layer 1","dACC_v17_ FISH-IF v2.4.4","1414","6258","6286","2395","2424","0","0","0","1","1","1","2629.88","0","580.8376","6","7.272885","1","6134.126","843.4241","0","0","0","0","0","0","0","0","0","0","0","0","0","0","0","109.18533","77.377975","31.807364","26.603973","0.732334"
"D:\HAA\dACC revisions\Run 4\Br2720_dACC_20x_img_020-MaxIP-Stitched_unmixed_rotated.nd2","Layer 1","dACC_v17_ FISH-IF v2.4.4","1415","6280","6304","2409","2442","0","0","0","0","1","1","3079.7803","0","441.26962","1","1.01268","0","832.60724","822.1818","0","0","0","0","0","0","0","0","0","0","0","0","0","0","0","109.69167","79.72555","29.966127","27.462166","0.654091"
"D:\HAA\dACC revisions\Run 4\Br2720_dACC_20x_img_020-MaxIP-Stitched_unmixed_rotated.nd2","Layer 1","dACC_v17_ FISH-IF v2.4.4","1416","6578","6597","2432","2452","0","0","0","0","1","1","1542.2593","0","167.5762","0","0","0","0","0","0","0","0","0","0","1","0.50634","0","354.29996","699.7273","0","0","0","0","0","56.986275","49.529266","7.457009","11.585601","0.864718"
"D:\HAA\dACC revisions\Run 4\Br2720_dACC_20x_img_020-MaxIP-Stitched_unmixed_rotated.nd2","Layer 1","dACC_v17_ FISH-IF v2.4.4","1417","6521","6540","2445","2467","0","0","0","0","1","1","940.4944","0","140.99287","0","0","0","0","0","0","0","0","0","0","0","0","0","0","0","0","0","0","0","0","59.886223","51.69272","8.193503","12.443794","0.776275"
"D:\HAA\dACC revisions\Run 4\Br2720_dACC_20x_img_020-MaxIP-Stitched_unmixed_rotated.nd2","Layer 1","dACC_v17_ FISH-IF v2.4.4","1418","6323","6348","2493","2513","0","0","0","1","1","1","1886.7179","0","233.04489","7","15.512419","1","31601.375","2037.1661","0","0","0","0","0","0","0","0","0","0","0","0","0","0","0","72.03838","59.471947","12.566441","15.662017","0.717588"
"D:\HAA\dACC revisions\Run 4\Br2720_dACC_20x_img_020-MaxIP-Stitched_unmixed_rotated.nd2","Layer 1","dACC_v17_ FISH-IF v2.4.4","1419","3816","3845","2211","2233","0","0","0","0","1","1","1198.8118","0","330.79297","2","5.707834","0","5476.022","959.3871","0","0","0","0","0","0","0","0","0","0","3","4.372937","0","2468.7302","564.54736","93.25864","60.25447","33.00417","26.174877","0.80615"
"D:\HAA\dACC revisions\Run 4\Br2720_dACC_20x_img_020-MaxIP-Stitched_unmixed_rotated.nd2","Layer 1","dACC_v17_ FISH-IF v2.4.4","1420","4124","4150","2207","2229","0","0","0","0","1","1","1294.0795","0","192.65129","0","0","0","0","0","0","0","0","0","0","0","0","0","0","0","0","0","0","0","0","79.77158","65.87024","13.901337","19.309336","0.604967"
"D:\HAA\dACC revisions\Run 4\Br2720_dACC_20x_img_020-MaxIP-Stitched_unmixed_rotated.nd2","Layer 1","dACC_v17_ FISH-IF v2.4.4","1421","4138","4160","2233","2260","0","0","0","0","1","1","2373.0889","0","341.23892","0","0","0","0","0","0","0","0","0","0","0","0","0","0","0","0","0","0","0","0","82.53343","66.46864","16.06479","19.309336","0.642492"
"D:\HAA\dACC revisions\Run 4\Br2720_dACC_20x_img_020-MaxIP-Stitched_unmixed_rotated.nd2","Layer 1","dACC_v17_ FISH-IF v2.4.4","1422","3829","3857","2236","2263","0","0","0","0","1","1","2109.5034","0","383.86765","0","0","0","0","0","0","0","0","0","0","0","0","0","0","0","0","0","0","0","0","101.221985","74.43199","26.789993","24.029396","0.841104"
"D:\HAA\dACC revisions\Run 4\Br2720_dACC_20x_img_020-MaxIP-Stitched_unmixed_rotated.nd2","Layer 1","dACC_v17_ FISH-IF v2.4.4","1423","3946","3971","2246","2268","0","0","0","0","1","1","1402.3931","0","173.87178","0","0","0","0","0","0","0","0","0","0","0","0","0","0","0","0","0","0","0","0","75.81292","62.463955","13.348966","17.59295","0.638437"
"D:\HAA\dACC revisions\Run 4\Br2720_dACC_20x_img_020-MaxIP-Stitched_unmixed_rotated.nd2","Layer 1","dACC_v17_ FISH-IF v2.4.4","1424","3864","3889","2302","2323","0","0","0","0","1","1","1635.5015","0","225.85954","0","0","0","0","0","0","0","0","0","0","0","0","0","0","0","1","0.874587","0","437.2937","500","78.068436","62.924263","15.144172","17.59295","0.742897"
"D:\HAA\dACC revisions\Run 4\Br2720_dACC_20x_img_020-MaxIP-Stitched_unmixed_rotated.nd2","Layer 1","dACC_v17_ FISH-IF v2.4.4","1425","4097","4121","2316","2336","0","0","0","0","1","1","1458.4073","0","207.32114","0","0","0","0","0","0","0","0","0","0","0","0","0","0","0","0","0","0","0","0","67.80354","56.618027","11.185513","14.589275","0.764535"
"D:\HAA\dACC revisions\Run 4\Br2720_dACC_20x_img_020-MaxIP-Stitched_unmixed_rotated.nd2","Layer 1","dACC_v17_ FISH-IF v2.4.4","1426","3876","3911","2358","2391","0","0","0","0","1","1","1237.1647","0","225.68355","0","0","0","0","0","1","0.920618","0","763.1005","828.9","1","0.552371","0","376.62497","681.8333","2","3.682473","0","2211.0032","600.4125","146.83862","98.183945","48.65468","35.1859","0.677285"
"D:\HAA\dACC revisions\Run 4\Br2720_dACC_20x_img_020-MaxIP-Stitched_unmixed_rotated.nd2","Layer 1","dACC_v17_ FISH-IF v2.4.4","1427","3989","4021","2360","2390","1","1","0","0","1","1","627.41895","0","153.71144","0","0","0","0","0","10","15.972729","2","14327.905","891.8825","4","2.48567","1","1796.4026","722.7037","0","0","0","0","0","127.5977","90.12854","37.469166","31.324034","0.641651"
"D:\HAA\dACC revisions\Run 4\Br2720_dACC_20x_img_020-MaxIP-Stitched_unmixed_rotated.nd2","Layer 1","dACC_v17_ FISH-IF v2.4.4","1428","4081","4117","2364","2401","1","0","1","0","1","1","1093.9148","0","252.55905","0","0","0","0","0","7","8.05541","1","7368.0767","909.4773","1","1.104742","0","808.2109","731.5833","10","16.387007","2","9099.668","555.2977","182.88083","109.92183","72.95901","40.335056","0.789784"
"D:\HAA\dACC revisions\Run 4\Br2720_dACC_20x_img_020-MaxIP-Stitched_unmixed_rotated.nd2","Layer 1","dACC_v17_ FISH-IF v2.4.4","1429","3812","3837","2367","2395","0","0","0","1","1","1","2169.622","0","443.34555","4","4.464999","1","3648.5947","817.15466","0","0","0","0","0","0","0","0","0","0","0","0","0","0","0","102.78704","75.26055","27.52649","23.171202","0.787902"
"D:\HAA\dACC revisions\Run 4\Br2720_dACC_20x_img_020-MaxIP-Stitched_unmixed_rotated.nd2","Layer 1","dACC_v17_ FISH-IF v2.4.4","1430","4052","4081","2373","2400","0","0","0","0","1","1","1499.0236","0","285.91394","0","0","0","0","0","1","0.874587","0","649.63434","742.7895","0","0","0","0","0","1","0.368247","0","167.87476","455.875","106.0092","78.620804","27.388395","25.316685","0.679766"
"D:\HAA\dACC revisions\Run 4\Br2720_dACC_20x_img_020-MaxIP-Stitched_unmixed_rotated.nd2","Layer 1","dACC_v17_ FISH-IF v2.4.4","1431","3878","3903","2410","2433","0","0","0","0","1","1","1887.371","0","279.78375","0","0","0","0","0","0","0","0","0","0","0","0","0","0","0","0","0","0","0","0","84.512764","65.77818","18.734583","18.88024","0.819126"
"D:\HAA\dACC revisions\Run 4\Br2720_dACC_20x_img_020-MaxIP-Stitched_unmixed_rotated.nd2","Layer 1","dACC_v17_ FISH-IF v2.4.4","1432","3835","3864","2473","2494","0","0","0","0","1","1","2521.6782","0","370.52615","0","0","0","0","0","0","0","0","0","0","0","0","0","0","0","1","0.598402","0","287.73926","480.84616","85.663536","56.341843","29.321695","24.243944","0.764373"
"D:\HAA\dACC revisions\Run 4\Br2720_dACC_20x_img_020-MaxIP-Stitched_unmixed_rotated.nd2","Layer 1","dACC_v17_ FISH-IF v2.4.4","1433","3830","3857","2489","2510","0","0","0","0","1","1","2719.02","0","363.30307","0","0","0","0","0","0","0","0","0","0","0","0","0","0","0","1","1.150773","0","553.1996","480.72","75.99705","50.72607","25.270973","22.098461","0.807099"
"D:\HAA\dACC revisions\Run 4\Br2720_dACC_20x_img_020-MaxIP-Stitched_unmixed_rotated.nd2","Layer 1","dACC_v17_ FISH-IF v2.4.4","1434","2238","2261","1802","1838","0","0","0","0","1","1","2259.66","0","474.95837","0","0","0","0","0","0","0","0","0","0","0","0","0","0","0","0","0","0","0","0","115.62966","86.26194","29.367725","28.749454","0.5754"
"D:\HAA\dACC revisions\Run 4\Br2720_dACC_20x_img_020-MaxIP-Stitched_unmixed_rotated.nd2","Layer 1","dACC_v17_ FISH-IF v2.4.4","1435","2384","2412","1815","1845","0","0","0","0","1","1","3175.6262","0","477.32587","0","0","0","0","0","0","0","0","0","0","0","0","0","0","0","0","0","0","0","0","110.29008","80.23189","30.05819","27.462166","0.744881"
"D:\HAA\dACC revisions\Run 4\Br2720_dACC_20x_img_020-MaxIP-Stitched_unmixed_rotated.nd2","Layer 1","dACC_v17_ FISH-IF v2.4.4","1436","2365","2388","1849","1877","0","0","0","0","1","1","3068.604","0","389.5031","0","0","0","0","0","0","0","0","0","0","0","0","0","0","0","0","0","0","0","0","94.6856","73.64947","21.036129","21.883913","0.652155"
"D:\HAA\dACC revisions\Run 4\Br2720_dACC_20x_img_020-MaxIP-Stitched_unmixed_rotated.nd2","Layer 1","dACC_v17_ FISH-IF v2.4.4","1437","2417","2443","1853","1878","0","0","1","0","1","1","927.80194","0","193.72128","0","0","0","0","0","1","1.565051","0","1255.4012","802.14703","0","0","0","0","0","14","28.124891","2","21804.34","775.26843","95.05385","71.34792","23.705923","21.240269","0.829901"
"D:\HAA\dACC revisions\Run 4\Br2720_dACC_20x_img_020-MaxIP-Stitched_unmixed_rotated.nd2","Layer 1","dACC_v17_ FISH-IF v2.4.4","1438","2224","2247","1881","1911","0","0","0","0","1","1","3047.1","0","527.745","0","0","0","0","0","0","0","0","0","0","0","0","0","0","0","0","0","0","0","0","97.493484","74.017715","23.475767","23.171202","0.654235"
"D:\HAA\dACC revisions\Run 4\Br2720_dACC_20x_img_020-MaxIP-Stitched_unmixed_rotated.nd2","Layer 1","dACC_v17_ FISH-IF v2.4.4","1439","2498","2517","1905","1923","0","0","0","0","1","1","396.42856","0","124.890594","0","0","0","0","0","0","0","0","0","0","0","0","0","0","0","3","4.787215","0","3076.062","642.5577","50.1737","45.018238","5.155463","9.44012","0.860369"
"D:\HAA\dACC revisions\Run 4\Br2720_dACC_20x_img_020-MaxIP-Stitched_unmixed_rotated.nd2","Layer 1","dACC_v17_ FISH-IF v2.4.4","1440","2380","2401","1923","1946","0","0","0","0","1","1","1117.4219","0","194.5928","0","0","0","0","0","0","0","0","0","0","0","0","0","0","0","0","0","0","0","0","71.39395","57.538647","13.855307","16.30566","0.850914"
"D:\HAA\dACC revisions\Run 4\Br2720_dACC_20x_img_020-MaxIP-Stitched_unmixed_rotated.nd2","Layer 1","dACC_v17_ FISH-IF v2.4.4","1441","2550","2569","1930","1949","0","0","0","0","1","1","747.54095","0","133.33533","0","0","0","0","0","0","0","0","0","0","0","0","0","0","0","1","1.472989","0","942.391","620.3939","51.73875","46.12298","5.615772","9.654668","0.880851"
"D:\HAA\dACC revisions\Run 4\Br2720_dACC_20x_img_020-MaxIP-Stitched_unmixed_rotated.nd2","Layer 1","dACC_v17_ FISH-IF v2.4.4","1442","2368","2382","1932","1949","0","0","0","0","1","1","619.4074","0","245.5974","0","0","0","0","0","0","0","0","0","0","0","0","0","0","0","0","0","0","0","0","33.14226","31.899426","1.242835","4.290963","0.691239"
"D:\HAA\dACC revisions\Run 4\Br2720_dACC_20x_img_020-MaxIP-Stitched_unmixed_rotated.nd2","Layer 1","dACC_v17_ FISH-IF v2.4.4","1443","2502","2529","1942","1967","0","0","0","0","1","1","2960.7263","0","485.66794","2","3.912628","0","3361.914","859.2471","0","0","0","0","0","0","0","0","0","0","0","0","0","0","0","96.34271","72.63679","23.705923","21.883913","0.753327"
"D:\HAA\dACC revisions\Run 4\Br2720_dACC_20x_img_020-MaxIP-Stitched_unmixed_rotated.nd2","Layer 1","dACC_v17_ FISH-IF v2.4.4","1444","2337","2377","1977","2013","0","0","1","0","1","1","976.5249","0","297.9387","0","0","0","0","0","0","0","0","0","0","0","0","0","0","0","35","65.54803","4","47982.812","732.02527","194.06635","116.36616","77.70019","42.909634","0.747308"
"D:\HAA\dACC revisions\Run 4\Br2720_dACC_20x_img_020-MaxIP-Stitched_unmixed_rotated.nd2","Layer 1","dACC_v17_ FISH-IF v2.4.4","1445","2462","2483","1982","2001","0","0","0","0","1","1","962.6869","0","191.21533","0","0","0","0","0","0","0","0","0","0","0","0","0","0","0","2","3.590412","0","2210.7268","615.7308","47.68803","37.837414","9.850616","14.374727","0.761389"
"D:\HAA\dACC revisions\Run 4\Br2720_dACC_20x_img_020-MaxIP-Stitched_unmixed_rotated.nd2","Layer 1","dACC_v17_ FISH-IF v2.4.4","1446","2453","2474","1989","2010","0","0","0","0","1","1","1034.1448","0","193.91309","0","0","0","0","0","0","0","0","0","0","0","0","0","0","0","1","0.828557","0","396.004","477.94446","56.249783","42.900814","13.348966","17.163853","0.756357"
"D:\HAA\dACC revisions\Run 4\Br2720_dACC_20x_img_020-MaxIP-Stitched_unmixed_rotated.nd2","Layer 1","dACC_v17_ FISH-IF v2.4.4","1447","2492","2516","1996","2025","0","0","0","0","1","1","3246.0469","0","402.88684","0","0","0","0","0","0","0","0","0","0","0","0","0","0","0","0","0","0","0","0","101.77436","75.26055","26.51381","23.38575","0.783977"
"D:\HAA\dACC revisions\Run 4\Br2720_dACC_20x_img_020-MaxIP-Stitched_unmixed_rotated.nd2","Layer 1","dACC_v17_ FISH-IF v2.4.4","1448","2489","2509","2043","2065","0","0","0","0","1","1","1463.0526","0","213.35013","0","0","0","0","0","0","0","0","0","0","0","0","0","0","0","0","0","0","0","0","65.31787","54.822823","10.495049","13.731083","0.873542"
"D:\HAA\dACC revisions\Run 4\Br2720_dACC_20x_img_020-MaxIP-Stitched_unmixed_rotated.nd2","Layer 1","dACC_v17_ FISH-IF v2.4.4","1449","2536","2557","2053","2072","0","0","0","0","1","1","605.5244","0","128.48997","0","0","0","0","0","0","0","0","0","0","0","0","0","0","0","0","0","0","0","0","58.09102","50.541946","7.54907","11.800149","0.765448"
"D:\HAA\dACC revisions\Run 4\Br2720_dACC_20x_img_020-MaxIP-Stitched_unmixed_rotated.nd2","Layer 1","dACC_v17_ FISH-IF v2.4.4","1450","2263","2306","2066","2093","1","0","1","0","1","1","804.10913","0","196.67406","0","0","0","0","0","13","9.436338","2","7220.6396","765.1951","1","0.644433","0","418.2369","649","51","77.74622","4","74098.55","953.0823","155.12419","105.779045","49.345142","37.331383","0.563727"
"D:\HAA\dACC revisions\Run 4\Br2720_dACC_20x_img_020-MaxIP-Stitched_unmixed_rotated.nd2","Layer 1","dACC_v17_ FISH-IF v2.4.4","1451","2548","2577","2082","2106","0","0","0","0","1","1","2954.6936","0","514.2213","0","0","0","0","0","0","0","0","0","0","0","0","0","0","0","0","0","0","0","0","96.158585","69.87493","26.283653","24.029396","0.764497"
"D:\HAA\dACC revisions\Run 4\Br2720_dACC_20x_img_020-MaxIP-Stitched_unmixed_rotated.nd2","Layer 1","dACC_v17_ FISH-IF v2.4.4","1452","2396","2422","2090","2106","0","0","0","0","1","1","2746.8313","0","434.61008","1","1.242835","0","1054.7064","848.62964","0","0","0","0","0","0","0","0","0","0","0","0","0","0","0","66.28452","44.74205","21.542469","18.88024","0.742975"
"D:\HAA\dACC revisions\Run 4\Br2720_dACC_20x_img_020-MaxIP-Stitched_unmixed_rotated.nd2","Layer 1","dACC_v17_ FISH-IF v2.4.4","1453","2397","2426","2106","2128","0","0","0","1","1","1","2477.9912","0","610.14856","4","6.352267","1","5532.318","870.9203","0","0","0","0","0","0","0","0","0","0","0","0","0","0","0","96.38874","59.794163","36.594578","26.603973","0.735497"
"D:\HAA\dACC revisions\Run 4\Br2720_dACC_20x_img_020-MaxIP-Stitched_unmixed_rotated.nd2","Layer 1","dACC_v17_ FISH-IF v2.4.4","1454","2559","2586","2101","2123","0","0","0","0","1","1","3713.1924","0","371.72537","0","0","0","0","0","0","0","0","0","0","0","0","0","0","0","0","0","0","0","0","89.34601","66.37658","22.969427","20.596624","0.787233"
"D:\HAA\dACC revisions\Run 4\Br2720_dACC_20x_img_020-MaxIP-Stitched_unmixed_rotated.nd2","Layer 1","dACC_v17_ FISH-IF v2.4.4","1455","2418","2435","2131","2147","0","0","0","0","1","1","420.55","0","186.83784","0","0","0","0","0","0","0","0","0","0","0","0","0","0","0","1","1.472989","0","935.1641","634.875","37.607258","35.76602","1.841237","5.578252","0.733387"
"D:\HAA\dACC revisions\Run 4\Br2720_dACC_20x_img_020-MaxIP-Stitched_unmixed_rotated.nd2","Layer 1","dACC_v17_ FISH-IF v2.4.4","1456","2414","2455","2144","2178","0","0","1","0","1","1","1173.818","0","241.23286","1","0.552371","0","550.5298","797.3333","1","0.322216","0","199.68211","619.7143","0","0","0","0","0","43","80.416016","4","65243.9","810.4019","169.30171","94.6856","74.61612","43.33873","0.784517"
"D:\HAA\dACC revisions\Run 4\Br2720_dACC_20x_img_020-MaxIP-Stitched_unmixed_rotated.nd2","Layer 1","dACC_v17_ FISH-IF v2.4.4","1457","2231","2252","2161","2186","0","0","0","0","1","1","2161.6194","0","242.85136","0","0","0","0","0","0","0","0","0","0","0","0","0","0","0","0","0","0","0","0","77.79225","62.556015","15.236234","17.163853","0.756518"
"D:\HAA\dACC revisions\Run 4\Br2720_dACC_20x_img_020-MaxIP-Stitched_unmixed_rotated.nd2","Layer 1","dACC_v17_ FISH-IF v2.4.4","1458","2432","2458","2167","2188","0","0","1","0","1","1","1647.132","0","306.22397","0","0","0","0","0","1","0.782526","0","594.4433","759.64703","0","0","0","0","0","9","19.56314","1","12089.698","601.01373","72.26854","49.943546","22.324995","21.240269","0.791722"
"D:\HAA\dACC revisions\Run 4\Br2720_dACC_20x_img_020-MaxIP-Stitched_unmixed_rotated.nd2","Layer 1","dACC_v17_ FISH-IF v2.4.4","1459","2397","2419","2194","2218","0","0","0","0","1","1","2925.0315","0","437.49814","0","0","0","0","0","0","0","0","0","0","0","0","0","0","0","0","0","0","0","0","76.227196","61.6354","14.591801","16.30566","0.819633"
"D:\HAA\dACC revisions\Run 4\Br2720_dACC_20x_img_020-MaxIP-Stitched_unmixed_rotated.nd2","Layer 1","dACC_v17_ FISH-IF v2.4.4","1460","5827","5852","2238","2267","0","0","0","0","1","1","3065.2957","0","448.80832","3","6.306236","0","6601.8003","1046.8687","0","0","0","0","0","0","0","0","0","0","0","0","0","0","0","102.09657","75.16849","26.928087","24.029396","0.795634"
"D:\HAA\dACC revisions\Run 4\Br2720_dACC_20x_img_020-MaxIP-Stitched_unmixed_rotated.nd2","Layer 1","dACC_v17_ FISH-IF v2.4.4","1461","6140","6159","2268","2286","0","0","0","0","1","1","764.16364","0","126.073044","0","0","0","0","0","0","0","0","0","0","0","0","0","0","0","0","0","0","0","0","49.805454","44.74205","5.063401","9.44012","0.880024"
"D:\HAA\dACC revisions\Run 4\Br2720_dACC_20x_img_020-MaxIP-Stitched_unmixed_rotated.nd2","Layer 1","dACC_v17_ FISH-IF v2.4.4","1462","5943","5963","2364","2383","0","0","0","0","1","1","632.24445","0","125.428986","0","0","0","0","0","0","0","0","0","0","0","0","0","0","0","0","0","0","0","0","53.53396","47.319782","6.214174","10.298312","0.827656"
"D:\HAA\dACC revisions\Run 4\Br2720_dACC_20x_img_020-MaxIP-Stitched_unmixed_rotated.nd2","Layer 1","dACC_v17_ FISH-IF v2.4.4","1463","5896","5922","2385","2409","0","0","0","0","1","1","1959.451","0","291.3981","0","0","0","0","0","0","0","0","0","0","0","0","0","0","0","0","0","0","0","0","87.96508","67.75751","20.207573","20.167528","0.801653"
"D:\HAA\dACC revisions\Run 4\Br2720_dACC_20x_img_020-MaxIP-Stitched_unmixed_rotated.nd2","Layer 1","dACC_v17_ FISH-IF v2.4.4","1464","6050","6072","2395","2420","0","0","0","0","1","1","2807.2202","0","320.69052","0","0","0","0","0","0","0","0","0","0","0","0","0","0","0","0","0","0","0","0","76.365295","61.72746","14.637832","17.163853","0.760078"
"D:\HAA\dACC revisions\Run 4\Br2720_dACC_20x_img_020-MaxIP-Stitched_unmixed_rotated.nd2","Layer 1","dACC_v17_ FISH-IF v2.4.4","1465","6102","6122","2413","2434","0","0","0","0","1","1","498.36047","0","134.55586","0","0","0","0","0","0","0","0","0","0","0","0","0","0","0","1","0.368247","0","163.4558","443.875","59.011635","51.09432","7.917318","12.658342","0.75451"
"D:\HAA\dACC revisions\Run 4\Br2720_dACC_20x_img_020-MaxIP-Stitched_unmixed_rotated.nd2","Layer 1","dACC_v17_ FISH-IF v2.4.4","1466","6049","6070","2465","2484","0","0","0","0","1","1","1270.8956","0","326.03745","0","0","0","0","0","0","0","0","0","0","0","0","0","0","0","0","0","0","0","0","58.781483","50.403854","8.377627","12.443794","0.766731"
"D:\HAA\dACC revisions\Run 4\Br2720_dACC_20x_img_020-MaxIP-Stitched_unmixed_rotated.nd2","Layer 1","dACC_v17_ FISH-IF v2.4.4","1467","6037","6061","2481","2506","0","0","0","0","1","1","2790.4944","0","557.21277","0","0","0","0","0","0","0","0","0","0","0","0","0","0","0","0","0","0","0","0","89.20792","68.35591","20.852005","19.738432","0.757889"
"D:\HAA\dACC revisions\Run 4\Br2720_dACC_20x_img_020-MaxIP-Stitched_unmixed_rotated.nd2","Layer 1","dACC_v17_ FISH-IF v2.4.4","1468","6007","6036","2516","2546","0","0","0","1","1","1","2395.1143","0","397.25912","6","16.663193","1","20023.402","1201.6547","0","0","0","0","0","0","0","0","0","0","0","0","0","0","0","121.84384","85.61751","36.226334","28.749454","0.765419"
"D:\HAA\dACC revisions\Run 4\Br2720_dACC_20x_img_020-MaxIP-Stitched_unmixed_rotated.nd2","Layer 1","dACC_v17_ FISH-IF v2.4.4","1469","5863","5889","2520","2547","1","0","0","0","1","1","3044.114","0","356.15753","0","0","0","0","0","4","5.845926","1","5401.544","923.98425","0","0","0","0","0","1","3.130102","0","1850.0746","591.05884","104.35209","75.67483","28.677261","23.600298","0.841446"
"D:\HAA\dACC revisions\Run 4\Br2720_dACC_20x_img_020-MaxIP-Stitched_unmixed_rotated.nd2","Layer 1","dACC_v17_ FISH-IF v2.4.4","1470","5872","5902","2579","2605","0","0","1","0","1","1","2250.4104","0","374.67184","0","0","0","0","0","2","1.887268","0","1387.8782","735.39026","0","0","0","0","0","8","11.737884","1","6216.9355","529.64703","112.31544","80.23189","32.08355","25.316685","0.749006"
"D:\HAA\dACC revisions\Run 4\Br2720_dACC_20x_img_020-MaxIP-Stitched_unmixed_rotated.nd2","Layer 1","dACC_v17_ FISH-IF v2.4.4","1471","6151","6171","2597","2617","0","0","0","0","1","1","1557.3208","0","183.28598","1","0.552371","0","415.383","752","0","0","0","0","0","0","0","0","0","0","0","0","0","0","0","56.572","49.253082","7.318916","11.585601","0.875143"
"D:\HAA\dACC revisions\Run 4\Br2720_dACC_20x_img_020-MaxIP-Stitched_unmixed_rotated.nd2","Layer 1","dACC_v17_ FISH-IF v2.4.4","1472","3534","3563","3008","3039","0","0","0","0","1","1","2254.1946","0","303.61215","0","0","0","0","0","0","0","0","0","0","0","0","0","0","0","1","0.322216","0","139.01337","431.42856","122.35018","84.74292","37.607258","28.320358","0.842809"
"D:\HAA\dACC revisions\Run 4\Br2720_dACC_20x_img_020-MaxIP-Stitched_unmixed_rotated.nd2","Layer 1","dACC_v17_ FISH-IF v2.4.4","1473","3650","3676","3041","3078","0","0","0","0","1","1","3313.4978","0","581.7826","0","0","0","0","0","0","0","0","0","0","0","0","0","0","0","0","0","0","0","0","140.76254","87.22859","53.53396","36.044094","0.703648"
"D:\HAA\dACC revisions\Run 4\Br2720_dACC_20x_img_020-MaxIP-Stitched_unmixed_rotated.nd2","Layer 1","dACC_v17_ FISH-IF v2.4.4","1474","3639","3651","3045","3059","0","0","0","0","1","1","2557.0579","0","740.71906","0","0","0","0","0","0","0","0","0","0","0","0","0","0","0","0","0","0","0","0","21.036129","17.859997","3.176133","7.723734","0.742896"
"D:\HAA\dACC revisions\Run 4\Br2720_dACC_20x_img_020-MaxIP-Stitched_unmixed_rotated.nd2","Layer 1","dACC_v17_ FISH-IF v2.4.4","1475","3632","3651","3052","3076","0","0","0","0","1","1","3062.2034","0","527.81464","0","0","0","0","0","0","0","0","0","0","0","0","0","0","0","0","0","0","0","0","63.75282","45.202362","18.550459","20.811172","0.682462"
"D:\HAA\dACC revisions\Run 4\Br2720_dACC_20x_img_020-MaxIP-Stitched_unmixed_rotated.nd2","Layer 1","dACC_v17_ FISH-IF v2.4.4","1476","3719","3752","3065","3092","0","0","1","0","1","1","905.3698","0","183.32816","0","0","0","0","0","0","0","0","0","0","1","0.598402","0","389.42157","650.7692","44","57.032307","4","65484.367","1148.1978","116.96456","85.847664","31.1169","28.749454","0.589543"
"D:\HAA\dACC revisions\Run 4\Br2720_dACC_20x_img_020-MaxIP-Stitched_unmixed_rotated.nd2","Layer 1","dACC_v17_ FISH-IF v2.4.4","1477","3778","3810","3069","3100","0","0","1","0","1","1","2791.526","0","373.5854","0","0","0","0","0","1","0.644433","0","407.46567","632.2857","3","3.038041","0","2160.6453","711.19696","13","22.417057","2","12526.992","552.0142","142.00539","95.69828","46.307102","33.469513","0.718261"
"D:\HAA\dACC revisions\Run 4\Br2720_dACC_20x_img_020-MaxIP-Stitched_unmixed_rotated.nd2","Layer 1","dACC_v17_ FISH-IF v2.4.4","1478","3416","3456","3088","3121","0","1","1","0","1","1","721.1133","0","142.14297","0","0","0","0","0","0","0","0","0","0","5","5.799896","1","4672.9204","805.6905","98","106.83776","4","151248.67","1404.7909","180.71738","112.03925","68.67813","40.335056","0.742386"
"D:\HAA\dACC revisions\Run 4\Br2720_dACC_20x_img_020-MaxIP-Stitched_unmixed_rotated.nd2","Layer 1","dACC_v17_ FISH-IF v2.4.4","1479","3647","3678","3100","3136","1","1","1","0","1","1","1320.9243","0","209.77838","0","0","0","0","0","9","7.226854","1","5531.305","765.38214","12","11.415668","2","9748.842","853.9879","107","109.55358","4","171334.81","1563.9362","159.12888","101.36008","57.768803","35.614998","0.786452"
"D:\HAA\dACC revisions\Run 4\Br2720_dACC_20x_img_020-MaxIP-Stitched_unmixed_rotated.nd2","Layer 1","dACC_v17_ FISH-IF v2.4.4","1480","3570","3594","3105","3134","0","0","1","0","1","1","2540.9067","0","395.81757","0","0","0","0","0","0","0","0","0","0","1","0.920618","0","757.16254","822.45","8","9.804585","1","10812.433","1102.7935","92.89039","60.300503","32.58989","27.676714","0.725617"
"D:\HAA\dACC revisions\Run 4\Br2720_dACC_20x_img_020-MaxIP-Stitched_unmixed_rotated.nd2","Layer 1","dACC_v17_ FISH-IF v2.4.4","1481","3527","3554","3108","3134","0","0","0","0","1","1","2746.6328","0","405.0396","0","0","0","0","0","0","0","0","0","0","0","0","0","0","0","3","6.352267","0","4228.6304","665.6884","105.22668","74.38596","30.840715","24.458492","0.88489"
"D:\HAA\dACC revisions\Run 4\Br2720_dACC_20x_img_020-MaxIP-Stitched_unmixed_rotated.nd2","Layer 1","dACC_v17_ FISH-IF v2.4.4","1482","3553","3579","3115","3144","0","0","0","0","1","1","2778.4368","0","527.0975","3","4.557061","0","4559.3164","1000.49493","0","0","0","0","0","0","0","0","0","0","2","2.347577","0","1686.0204","718.1961","88.057144","60.438595","27.618551","28.10581","0.653061"
"D:\HAA\dACC revisions\Run 4\Br2720_dACC_20x_img_020-MaxIP-Stitched_unmixed_rotated.nd2","Layer 1","dACC_v17_ FISH-IF v2.4.4","1483","3577","3609","3133","3164","0","1","1","0","1","1","1749.3136","0","347.15155","0","0","0","0","0","0","0","0","0","0","11","11.093451","2","9069.104","817.5187","50","65.087715","4","76624.72","1177.2532","125.158066","81.70488","43.453186","32.182224","0.685088"
"D:\HAA\dACC revisions\Run 4\Br2720_dACC_20x_img_020-MaxIP-Stitched_unmixed_rotated.nd2","Layer 1","dACC_v17_ FISH-IF v2.4.4","1484","3746","3782","3135","3161","0","0","1","0","1","1","1494.2253","0","281.7113","0","0","0","0","0","1","0.322216","0","201.52336","625.4286","2","1.104742","0","790.9493","715.9583","11","22.186903","2","13897.425","626.37964","143.43234","97.26333","46.16901","31.324034","0.674048"
"D:\HAA\dACC revisions\Run 4\Br2720_dACC_20x_img_020-MaxIP-Stitched_unmixed_rotated.nd2","Layer 1","dACC_v17_ FISH-IF v2.4.4","1485","3480","3508","3150","3179","0","0","0","0","1","1","2643.9746","0","399.638","0","0","0","0","0","0","0","0","0","0","0","0","0","0","0","0","0","0","0","0","111.76307","79.21921","32.543858","26.174877","0.866393"
"D:\HAA\dACC revisions\Run 4\Br2720_dACC_20x_img_020-MaxIP-Stitched_unmixed_rotated.nd2","Layer 1","dACC_v17_ FISH-IF v2.4.4","1486","3572","3597","3156","3179","0","0","1","0","1","1","2748.9119","0","372.02603","3","3.912628","0","3022.4822","772.49414","0","0","0","0","0","1","1.51902","0","1132.3606","745.4545","7","10.03474","1","10511.942","1047.555","81.2906","58.32117","22.969427","21.454817","0.849016"
"D:\HAA\dACC revisions\Run 4\Br2720_dACC_20x_img_020-MaxIP-Stitched_unmixed_rotated.nd2","Layer 1","dACC_v17_ FISH-IF v2.4.4","1487","3760","3783","3260","3282","0","0","0","0","1","1","2080.8455","0","231.65688","0","0","0","0","0","0","0","0","0","0","0","0","0","0","0","0","0","0","0","0","69.87493","57.952927","11.922008","15.876565","0.75943"
"D:\HAA\dACC revisions\Run 4\Br2720_dACC_20x_img_020-MaxIP-Stitched_unmixed_rotated.nd2","Layer 1","dACC_v17_ FISH-IF v2.4.4","1488","3739","3766","3280","3310","0","0","0","0","1","1","2403.7722","0","368.17624","0","0","0","0","0","0","0","0","0","0","0","0","0","0","0","0","0","0","0","0","110.88848","80.96838","29.920095","26.174877","0.716094"
"D:\HAA\dACC revisions\Run 4\Br2720_dACC_20x_img_020-MaxIP-Stitched_unmixed_rotated.nd2","Layer 1","dACC_v17_ FISH-IF v2.4.4","1489","3702","3733","3289","3316","0","0","0","0","1","1","2263.7717","0","325.76642","0","0","0","0","0","0","0","0","0","0","0","0","0","0","0","0","0","0","0","0","117.28678","81.981064","35.305714","27.462166","0.829025"
"D:\HAA\dACC revisions\Run 4\Br2720_dACC_20x_img_020-MaxIP-Stitched_unmixed_rotated.nd2","Layer 1","dACC_v17_ FISH-IF v2.4.4","1490","3547","3590","3334","3375","1","0","1","0","1","1","855.5226","0","206.50052","0","0","0","0","0","6","4.603092","1","3574.577","776.56","1","0.828557","0","627.44745","757.2778","11","21.542469","2","13018.1875","604.3034","251.69705","132.33888","119.35817","49.775177","0.812332"
"D:\HAA\dACC revisions\Run 4\Br2720_dACC_20x_img_020-MaxIP-Stitched_unmixed_rotated.nd2","Layer 1","dACC_v17_ FISH-IF v2.4.4","1491","3519","3545","3350","3378","0","0","0","0","1","1","2971.047","0","389.5335","0","0","0","0","0","0","0","0","0","0","0","0","0","0","0","3","3.682473","0","2159.08","533.01135","100.99184","75.58276","25.409067","23.814846","0.709856"
"D:\HAA\dACC revisions\Run 4\Br2720_dACC_20x_img_020-MaxIP-Stitched_unmixed_rotated.nd2","Layer 1","dACC_v17_ FISH-IF v2.4.4","1492","3486","3530","3386","3417","1","1","1","0","1","1","1053.6437","0","232.00555","0","0","0","0","0","7","5.753865","1","4117.4194","715.592","6","4.096752","1","2866.7595","699.76404","146","118.11533","4","230721.73","1953.3597","189.46326","115.95188","73.511375","48.27334","0.691375"
"D:\HAA\dACC revisions\Run 4\Br2720_dACC_20x_img_020-MaxIP-Stitched_unmixed_rotated.nd2","Layer 1","dACC_v17_ FISH-IF v2.4.4","1493","1591","1626","3450","3481","0","0","0","0","1","1","1475.7502","0","489.55103","0","0","0","0","0","0","0","0","0","0","0","0","0","0","0","2","2.439639","0","1313.17","538.26416","152.50043","97.40142","55.099007","34.327705","0.827872"
"D:\HAA\dACC revisions\Run 4\Br2720_dACC_20x_img_020-MaxIP-Stitched_unmixed_rotated.nd2","Layer 1","dACC_v17_ FISH-IF v2.4.4","1494","1693","1729","3464","3491","0","0","0","0","1","1","2205.1355","0","294.3208","0","0","0","0","0","0","0","0","0","0","0","0","0","0","0","0","0","0","0","0","135.9293","93.120544","42.808754","31.75313","0.686055"
"D:\HAA\dACC revisions\Run 4\Br2720_dACC_20x_img_020-MaxIP-Stitched_unmixed_rotated.nd2","Layer 1","dACC_v17_ FISH-IF v2.4.4","1495","1418","1443","3478","3511","0","0","0","0","1","1","2400.716","0","323.00983","0","0","0","0","0","0","0","0","0","0","0","0","0","0","0","0","0","0","0","0","115.81379","84.19055","31.62324","27.03307","0.666857"
"D:\HAA\dACC revisions\Run 4\Br2720_dACC_20x_img_020-MaxIP-Stitched_unmixed_rotated.nd2","Layer 1","dACC_v17_ FISH-IF v2.4.4","1496","1560","1585","3505","3523","0","0","0","0","1","1","741.9383","0","251.6555","0","0","0","0","0","1","0.736495","0","566.9628","769.8125","0","0","0","0","0","0","0","0","0","0","68.90829","57.72277","11.185513","15.447468","0.604347"
"D:\HAA\dACC revisions\Run 4\Br2720_dACC_20x_img_020-MaxIP-Stitched_unmixed_rotated.nd2","Layer 1","dACC_v17_ FISH-IF v2.4.4","1497","1633","1654","3509","3534","0","0","0","0","1","1","2250.6157","0","286.9293","0","0","0","0","0","0","0","0","0","0","0","0","0","0","0","0","0","0","0","0","79.77158","55.329163","24.442417","22.742105","0.683545"
"D:\HAA\dACC revisions\Run 4\Br2720_dACC_20x_img_020-MaxIP-Stitched_unmixed_rotated.nd2","Layer 1","dACC_v17_ FISH-IF v2.4.4","1498","1612","1633","3513","3536","0","0","0","0","1","1","1903.1644","0","266.33032","0","0","0","0","0","0","0","0","0","0","0","0","0","0","0","0","0","0","0","0","71.43999","50.72607","20.713913","19.738432","0.758593"
"D:\HAA\dACC revisions\Run 4\Br2720_dACC_20x_img_020-MaxIP-Stitched_unmixed_rotated.nd2","Layer 1","dACC_v17_ FISH-IF v2.4.4","1499","1731","1753","3517","3538","0","0","0","0","1","1","1359.9178","0","226.26108","0","0","0","0","0","0","0","0","0","0","0","0","0","0","0","0","0","0","0","0","71.07174","58.18308","12.888657","15.447468","0.855303"
"D:\HAA\dACC revisions\Run 4\Br2720_dACC_20x_img_020-MaxIP-Stitched_unmixed_rotated.nd2","Layer 1","dACC_v17_ FISH-IF v2.4.4","1500","1556","1583","3523","3545","0","0","0","0","1","1","3459.0518","0","360.641","0","0","0","0","0","0","0","0","0","0","0","0","0","0","0","1","1.472989","0","737.5994","500.75","71.85426","46.03092","25.823345","24.67304","0.78449"
"D:\HAA\dACC revisions\Run 4\Br2720_dACC_20x_img_020-MaxIP-Stitched_unmixed_rotated.nd2","Layer 1","dACC_v17_ FISH-IF v2.4.4","1501","1562","1589","3532","3560","0","0","0","0","1","1","2581.3118","0","568.6315","0","0","0","0","0","0","0","0","0","0","0","0","0","0","0","0","0","0","0","0","91.32534","57.952927","33.372414","28.10581","0.706302"
"D:\HAA\dACC revisions\Run 4\Br2720_dACC_20x_img_020-MaxIP-Stitched_unmixed_rotated.nd2","Layer 1","dACC_v17_ FISH-IF v2.4.4","1502","1646","1669","3536","3561","0","0","0","0","1","1","471.50287","0","133.45079","0","0","0","0","0","0","0","0","0","0","0","0","0","0","0","0","0","0","0","0","79.72555","63.614727","16.11082","18.022047","0.743092"
"D:\HAA\dACC revisions\Run 4\Br2720_dACC_20x_img_020-MaxIP-Stitched_unmixed_rotated.nd2","Layer 1","dACC_v17_ FISH-IF v2.4.4","1503","1617","1645","3567","3593","0","0","0","0","1","1","3037.3372","0","375.32816","0","0","0","0","0","0","0","0","0","0","0","0","0","0","0","1","1.979329","0","905.61224","457.53488","105.45683","74.06374","31.393085","25.316685","0.824426"
"D:\HAA\dACC revisions\Run 4\Br2720_dACC_20x_img_020-MaxIP-Stitched_unmixed_rotated.nd2","Layer 1","dACC_v17_ FISH-IF v2.4.4","1504","1602","1618","3572","3593","0","0","0","0","1","1","1126.3424","0","531.4072","0","0","0","0","0","0","0","0","0","0","0","0","0","0","0","0","0","0","0","0","51.14035","44.419834","6.720514","11.371053","0.746214"
"D:\HAA\dACC revisions\Run 4\Br2720_dACC_20x_img_020-MaxIP-Stitched_unmixed_rotated.nd2","Layer 1","dACC_v17_ FISH-IF v2.4.4","1505","1449","1478","3635","3660","0","0","0","0","1","1","2045.2648","0","459.93796","2","4.142783","0","4058.3618","979.6222","0","0","0","0","0","0","0","0","0","0","1","1.150773","0","671.1768","583.24","102.14261","76.41132","25.731283","23.600298","0.715637"
"D:\HAA\dACC revisions\Run 4\Br2720_dACC_20x_img_020-MaxIP-Stitched_unmixed_rotated.nd2","Layer 1","dACC_v17_ FISH-IF v2.4.4","1506","1685","1714","3639","3666","0","0","0","0","1","1","2072.556","0","288.7339","0","0","0","0","0","0","0","0","0","0","0","0","0","0","0","0","0","0","0","0","121.75178","78.52875","43.22303","31.324034","0.641638"
"D:\HAA\dACC revisions\Run 4\Br2720_dACC_20x_img_020-MaxIP-Stitched_unmixed_rotated.nd2","Layer 1","dACC_v17_ FISH-IF v2.4.4","1507","1804","1832","3645","3669","0","0","1","0","1","1","1948.8066","0","333.51462","0","0","0","0","0","0","0","0","0","0","0","0","0","0","0","4","7.595101","1","4161.333","547.897","100.39343","73.97169","26.421747","23.600298","0.766306"
"D:\HAA\dACC revisions\Run 4\Br2720_dACC_20x_img_020-MaxIP-Stitched_unmixed_rotated.nd2","Layer 1","dACC_v17_ FISH-IF v2.4.4","1508","1714","1725","3647","3668","0","0","0","0","1","1","1733.6107","0","460.15588","0","0","0","0","0","0","0","0","0","0","0","0","0","0","0","0","0","0","0","0","41.473858","27.756643","13.717214","15.876565","0.745146"
"D:\HAA\dACC revisions\Run 4\Br2720_dACC_20x_img_020-MaxIP-Stitched_unmixed_rotated.nd2","Layer 1","dACC_v17_ FISH-IF v2.4.4","1509","1788","1803","3647","3665","0","0","0","0","1","1","675.69354","0","216.00366","0","0","0","0","0","0","0","0","0","0","0","0","0","0","0","0","0","0","0","0","40.507206","37.65329","2.853917","7.294638","0.765641"
"D:\HAA\dACC revisions\Run 4\Br2720_dACC_20x_img_020-MaxIP-Stitched_unmixed_rotated.nd2","Layer 1","dACC_v17_ FISH-IF v2.4.4","1510","1726","1737","3647","3668","0","0","0","0","1","1","2356.7065","0","416.31372","0","0","0","0","0","0","0","0","0","0","0","0","0","0","0","0","0","0","0","0","40.09293","25.823345","14.269585","16.091112","0.709379"
"D:\HAA\dACC revisions\Run 4\Br2720_dACC_20x_img_020-MaxIP-Stitched_unmixed_rotated.nd2","Layer 1","dACC_v17_ FISH-IF v2.4.4","1511","1736","1756","3650","3673","0","0","0","0","1","1","2928.1506","0","316.0779","0","0","0","0","0","0","0","0","0","0","0","0","0","0","0","0","0","0","0","0","63.476635","47.273754","16.202883","18.88024","0.662481"
"D:\HAA\dACC revisions\Run 4\Br2720_dACC_20x_img_020-MaxIP-Stitched_unmixed_rotated.nd2","Layer 1","dACC_v17_ FISH-IF v2.4.4","1512","1518","1550","3664","3693","0","0","0","0","1","1","1651.451","0","478.0589","0","0","0","0","0","0","0","0","0","0","0","0","0","0","0","0","0","0","0","0","137.31023","92.19993","45.1103","30.46584","0.843858"
"D:\HAA\dACC revisions\Run 4\Br2720_dACC_20x_img_020-MaxIP-Stitched_unmixed_rotated.nd2","Layer 1","dACC_v17_ FISH-IF v2.4.4","1513","1732","1761","3682","3706","0","0","0","0","1","1","1945.8328","0","337.5062","0","0","0","0","0","0","0","0","0","0","0","0","0","0","0","0","0","0","0","0","100.3474","74.47803","25.869375","22.742105","0.774364"
"D:\HAA\dACC revisions\Run 4\Br2720_dACC_20x_img_020-MaxIP-Stitched_unmixed_rotated.nd2","Layer 1","dACC_v17_ FISH-IF v2.4.4","1514","1526","1552","3729","3759","0","0","0","0","1","1","2427.038","0","484.27936","0","0","0","0","0","0","0","0","0","0","0","0","0","0","0","0","0","0","0","0","112.22337","80.73823","31.485147","26.174877","0.722023"
"D:\HAA\dACC revisions\Run 4\Br2720_dACC_20x_img_020-MaxIP-Stitched_unmixed_rotated.nd2","Layer 1","dACC_v17_ FISH-IF v2.4.4","1515","1477","1505","3741","3776","0","0","0","0","1","1","2153.6177","0","240.96184","0","0","0","0","0","0","0","0","0","0","0","0","0","0","0","0","0","0","0","0","138.50703","94.0872","44.419834","31.538582","0.718755"
"D:\HAA\dACC revisions\Run 4\Br2720_dACC_20x_img_020-MaxIP-Stitched_unmixed_rotated.nd2","Layer 1","dACC_v17_ FISH-IF v2.4.4","1516","1551","1572","3752","3772","0","0","0","0","1","1","1106.7217","0","150.57774","0","0","0","0","0","0","0","0","0","0","0","0","0","0","0","0","0","0","0","0","61.036995","52.107","8.929998","12.443794","0.867954"
"D:\HAA\dACC revisions\Run 4\Br2720_dACC_20x_img_020-MaxIP-Stitched_unmixed_rotated.nd2","Layer 1","dACC_v17_ FISH-IF v2.4.4","1517","1648","1677","3758","3788","0","0","0","0","1","1","1601.2955","0","433.81873","0","0","0","0","0","0","0","0","0","0","0","0","0","0","0","1","0.736495","0","320.5593","435.25","126.26281","86.07781","40.18499","27.891262","0.879312"
"D:\HAA\dACC revisions\Run 4\Br2720_dACC_20x_img_020-MaxIP-Stitched_unmixed_rotated.nd2","Layer 1","dACC_v17_ FISH-IF v2.4.4","1518","1798","1822","3810","3837","0","0","0","0","1","1","1228.529","0","255.21147","2","3.084071","0","2561.8508","830.67163","0","0","0","0","0","0","0","0","0","0","0","0","0","0","0","93.58086","71.39395","22.186903","21.883913","0.720694"
"D:\HAA\dACC revisions\Run 4\Br2720_dACC_20x_img_020-MaxIP-Stitched_unmixed_rotated.nd2","Layer 1","dACC_v17_ FISH-IF v2.4.4","1519","1495","1535","3830","3857","0","0","0","0","1","1","1268.5056","0","248.59587","0","0","0","0","0","0","0","0","0","0","0","0","0","0","0","0","0","0","0","0","161.66058","104.67431","56.986275","35.400448","0.708375"
"D:\HAA\dACC revisions\Run 4\Br2720_dACC_20x_img_020-MaxIP-Stitched_unmixed_rotated.nd2","Layer 1","dACC_v17_ FISH-IF v2.4.4","1520","1746","1792","3840","3866","0","0","1","0","1","1","898.6881","0","181.88646","0","0","0","0","0","0","0","0","0","0","0","0","0","0","0","32","71.30189","4","45699.22","640.9258","168.56522","113.512245","55.05298","39.476864","0.53539"
"D:\HAA\dACC revisions\Run 4\Br2720_dACC_20x_img_020-MaxIP-Stitched_unmixed_rotated.nd2","Layer 1","dACC_v17_ FISH-IF v2.4.4","1521","1718","1744","3843","3868","0","0","0","0","1","1","2729.2007","0","390.02893","0","0","0","0","0","0","0","0","0","0","0","0","0","0","0","1","0.50634","0","237.6116","469.27274","96.38874","71.62411","24.764633","21.240269","0.897404"
"D:\HAA\dACC revisions\Run 4\Br2720_dACC_20x_img_020-MaxIP-Stitched_unmixed_rotated.nd2","Layer 1","dACC_v17_ FISH-IF v2.4.4","1522","1418","1438","3851","3876","0","0","0","0","1","1","2306.0466","0","292.93204","0","0","0","0","0","0","0","0","0","0","0","0","0","0","0","0","0","0","0","0","75.44467","61.6354","13.809276","16.30566","0.719015"
"D:\HAA\dACC revisions\Run 4\Br2720_dACC_20x_img_020-MaxIP-Stitched_unmixed_rotated.nd2","Layer 1","dACC_v17_ FISH-IF v2.4.4","1523","1641","1669","3871","3900","0","0","0","0","1","1","2087.3188","0","335.59784","0","0","0","0","0","0","0","0","0","0","0","0","0","0","0","2","1.979329","0","1054.7985","532.907","112.95987","80.922356","32.037518","26.174877","0.807725"
"D:\HAA\dACC revisions\Run 4\Br2720_dACC_20x_img_020-MaxIP-Stitched_unmixed_rotated.nd2","Layer 1","dACC_v17_ FISH-IF v2.4.4","1524","1559","1577","3883","3901","0","0","0","0","1","1","355.13132","0","115.32384","0","0","0","0","0","0","0","0","0","0","0","0","0","0","0","0","0","0","0","0","48.19437","43.63731","4.557061","8.581926","0.866431"
"D:\HAA\dACC revisions\Run 4\Br2720_dACC_20x_img_020-MaxIP-Stitched_unmixed_rotated.nd2","Layer 1","dACC_v17_ FISH-IF v2.4.4","1525","1773","1798","3886","3908","0","0","0","0","1","1","943.6125","0","199.8208","0","0","0","0","0","0","0","0","0","0","0","0","0","0","0","0","0","0","0","0","85.70957","67.2972","18.412367","18.88024","0.725478"
"D:\HAA\dACC revisions\Run 4\Br2720_dACC_20x_img_020-MaxIP-Stitched_unmixed_rotated.nd2","Layer 1","dACC_v17_ FISH-IF v2.4.4","1526","1676","1708","3886","3913","0","0","0","0","1","1","1692.6885","0","335.94427","0","0","0","0","0","0","0","0","0","0","0","0","0","0","0","0","0","0","0","0","127.5977","87.550804","40.046898","28.320358","0.765342"
"D:\HAA\dACC revisions\Run 4\Br2720_dACC_20x_img_020-MaxIP-Stitched_unmixed_rotated.nd2","Layer 1","dACC_v17_ FISH-IF v2.4.4","1527","1532","1561","3923","3941","0","0","0","0","1","1","2163.4207","0","458.9631","1","2.669793","0","2135.9727","800.0517","0","0","0","0","0","0","0","0","0","0","0","0","0","0","0","73.64947","49.897514","23.751953","22.098461","0.75751"
"D:\HAA\dACC revisions\Run 4\Br2720_dACC_20x_img_020-MaxIP-Stitched_unmixed_rotated.nd2","Layer 1","dACC_v17_ FISH-IF v2.4.4","1528","1475","1503","3924","3947","0","0","0","0","1","1","1915.8043","0","332.18076","0","0","0","0","0","0","0","0","0","0","0","0","0","0","0","0","0","0","0","0","87.22859","70.28921","16.939377","21.454817","0.559297"
"D:\HAA\dACC revisions\Run 4\Br2720_dACC_20x_img_020-MaxIP-Stitched_unmixed_rotated.nd2","Layer 1","dACC_v17_ FISH-IF v2.4.4","1529","1726","1745","3932","3952","0","0","0","0","1","1","670.5058","0","155.05952","0","0","0","0","0","0","0","0","0","0","0","0","0","0","0","0","0","0","0","0","58.18308","50.265762","7.917318","11.585601","0.902284"
"D:\HAA\dACC revisions\Run 4\Br2720_dACC_20x_img_020-MaxIP-Stitched_unmixed_rotated.nd2","Layer 1","dACC_v17_ FISH-IF v2.4.4","1530","1532","1559","3939","3964","0","0","0","0","1","1","2121.8145","0","486.5691","2","1.841237","0","1402.562","761.75","0","0","0","0","0","0","0","0","0","0","0","0","0","0","0","93.58086","56.618027","36.962826","27.03307","0.73787"
"D:\HAA\dACC revisions\Run 4\Br2720_dACC_20x_img_020-MaxIP-Stitched_unmixed_rotated.nd2","Layer 1","dACC_v17_ FISH-IF v2.4.4","1531","4829","4858","2605","2632","0","0","0","0","1","1","2734.0193","0","376.5587","0","0","0","0","0","0","0","0","0","0","0","0","0","0","0","2","2.301546","0","1285.0912","558.36","113.78843","80.416016","33.372414","25.74578","0.818656"
"D:\HAA\dACC revisions\Run 4\Br2720_dACC_20x_img_020-MaxIP-Stitched_unmixed_rotated.nd2","Layer 1","dACC_v17_ FISH-IF v2.4.4","1532","4662","4699","2687","2719","1","0","0","0","1","1","1369.1912","0","326.12698","0","0","0","0","0","10","16.202883","2","14832.45","915.4205","3","3.268195","0","2520.9753","771.3662","2","1.795206","0","1090.9788","607.71796","164.00816","106.929825","57.07834","38.189575","0.637389"
"D:\HAA\dACC revisions\Run 4\Br2720_dACC_20x_img_020-MaxIP-Stitched_unmixed_rotated.nd2","Layer 1","dACC_v17_ FISH-IF v2.4.4","1533","4640","4665","2704","2733","0","0","0","0","1","1","3404.2974","0","393.0933","0","0","0","0","0","0","0","0","0","0","0","0","0","0","0","0","0","0","0","0","105.917145","76.96369","28.953447","23.600298","0.784205"
"D:\HAA\dACC revisions\Run 4\Br2720_dACC_20x_img_020-MaxIP-Stitched_unmixed_rotated.nd2","Layer 1","dACC_v17_ FISH-IF v2.4.4","1534","4939","4958","2712","2733","0","0","0","0","1","1","1566.7854","0","178.21297","0","0","0","0","0","0","0","0","0","0","0","0","0","0","0","0","0","0","0","0","61.313183","52.52128","8.791905","12.443794","0.800974"
"D:\HAA\dACC revisions\Run 4\Br2720_dACC_20x_img_020-MaxIP-Stitched_unmixed_rotated.nd2","Layer 1","dACC_v17_ FISH-IF v2.4.4","1535","4824","4852","2730","2755","0","0","0","0","1","1","3344.5625","0","488.16553","0","0","0","0","0","0","0","0","0","0","0","0","0","0","0","0","0","0","0","0","97.53951","73.97169","23.56783","23.171202","0.667427"
"D:\HAA\dACC revisions\Run 4\Br2720_dACC_20x_img_020-MaxIP-Stitched_unmixed_rotated.nd2","Layer 1","dACC_v17_ FISH-IF v2.4.4","1536","4734","4770","2752","2781","0","0","0","0","1","1","2232.5117","0","321.7138","0","0","0","0","0","0","0","0","0","0","0","0","0","0","0","0","0","0","0","0","141.22285","96.34271","44.880146","33.89861","0.647361"
"D:\HAA\dACC revisions\Run 4\Br2720_dACC_20x_img_020-MaxIP-Stitched_unmixed_rotated.nd2","Layer 1","dACC_v17_ FISH-IF v2.4.4","1537","4906","4926","2781","2801","0","0","0","0","1","1","1102.2373","0","168.26596","1","3.038041","0","2525.7166","831.36365","0","0","0","0","0","0","0","0","0","0","0","0","0","0","0","60.070347","51.922874","8.147472","12.443794","0.729046"
"D:\HAA\dACC revisions\Run 4\Br2720_dACC_20x_img_020-MaxIP-Stitched_unmixed_rotated.nd2","Layer 1","dACC_v17_ FISH-IF v2.4.4","1538","4756","4784","2806","2832","0","0","0","0","1","1","3400.8474","0","371.72012","0","0","0","0","0","0","0","0","0","0","0","0","0","0","0","1","1.611082","0","838.7294","520.6","103.52354","75.49071","28.03283","24.458492","0.828334"
"D:\HAA\dACC revisions\Run 4\Br2720_dACC_20x_img_020-MaxIP-Stitched_unmixed_rotated.nd2","Layer 1","dACC_v17_ FISH-IF v2.4.4","1539","4945","4971","2857","2885","0","0","0","1","1","1","2894.748","0","527.4308","7","12.290255","1","17615.617","1433.2997","0","0","0","0","0","0","0","0","0","0","0","0","0","0","0","105.04256","76.18117","28.861385","24.458492","0.827168"
"D:\HAA\dACC revisions\Run 4\Br2720_dACC_20x_img_020-MaxIP-Stitched_unmixed_rotated.nd2","Layer 1","dACC_v17_ FISH-IF v2.4.4","1540","4703","4728","2873","2895","0","0","0","0","1","1","3075.8345","0","586.1211","0","0","0","0","0","0","0","0","0","0","0","0","0","0","0","0","0","0","0","0","84.144516","65.77818","18.366337","18.88024","0.826389"
"D:\HAA\dACC revisions\Run 4\Br2720_dACC_20x_img_020-MaxIP-Stitched_unmixed_rotated.nd2","Layer 1","dACC_v17_ FISH-IF v2.4.4","1541","4929","4953","2896","2920","0","0","0","0","1","1","3210.7495","0","429.21936","0","0","0","0","0","0","0","0","0","0","0","0","0","0","0","0","0","0","0","0","84.09849","64.62741","19.471079","19.738432","0.824771"
"D:\HAA\dACC revisions\Run 4\Br2720_dACC_20x_img_020-MaxIP-Stitched_unmixed_rotated.nd2","Layer 1","dACC_v17_ FISH-IF v2.4.4","1542","4937","4973","2919","2946","0","0","0","0","1","1","1500.245","0","375.96436","0","0","0","0","0","0","0","0","0","0","0","0","0","0","0","0","0","0","0","0","130.45161","86.492096","43.959526","33.89861","0.618827"
"D:\HAA\dACC revisions\Run 4\Br2720_dACC_20x_img_020-MaxIP-Stitched_unmixed_rotated.nd2","Layer 1","dACC_v17_ FISH-IF v2.4.4","1543","4956","4979","2935","2961","0","0","0","0","1","1","2122.4973","0","494.10553","0","0","0","0","0","0","0","0","0","0","0","0","0","0","0","0","0","0","0","0","76.96369","52.337154","24.626541","24.67304","0.637563"
"D:\HAA\dACC revisions\Run 4\Br2720_dACC_20x_img_020-MaxIP-Stitched_unmixed_rotated.nd2","Layer 1","dACC_v17_ FISH-IF v2.4.4","1544","4983","5003","2947","2965","0","0","0","0","1","1","636.41174","0","167.88585","0","0","0","0","0","0","0","0","0","0","0","0","0","0","0","0","0","0","0","0","52.65937","47.18169","5.477679","10.727408","0.713254"
"D:\HAA\dACC revisions\Run 4\Br2720_dACC_20x_img_020-MaxIP-Stitched_unmixed_rotated.nd2","Layer 1","dACC_v17_ FISH-IF v2.4.4","1545","4948","4968","2951","2974","0","0","0","0","1","1","2000.921","0","314.25427","0","0","0","0","0","0","0","0","0","0","0","0","0","0","0","0","0","0","0","0","58.044987","45.800762","12.244224","16.091112","0.652494"
"D:\HAA\dACC revisions\Run 4\Br2720_dACC_20x_img_020-MaxIP-Stitched_unmixed_rotated.nd2","Layer 1","dACC_v17_ FISH-IF v2.4.4","1546","4661","4682","2957","2980","0","0","0","0","1","1","2768.4736","0","489.58875","1","1.104742","0","1023.3594","926.3333","0","0","0","0","0","0","0","0","0","0","0","0","0","0","0","74.708176","57.30849","17.399687","19.309336","0.704012"
"D:\HAA\dACC revisions\Run 4\Br2720_dACC_20x_img_020-MaxIP-Stitched_unmixed_rotated.nd2","Layer 1","dACC_v17_ FISH-IF v2.4.4","1547","4644","4661","2961","2981","0","0","0","0","1","1","1550.1354","0","460.8742","0","0","0","0","0","0","0","0","0","0","0","0","0","0","0","0","0","0","0","0","51.64669","42.808754","8.837936","12.443794","0.873507"
"D:\HAA\dACC revisions\Run 4\Br2720_dACC_20x_img_020-MaxIP-Stitched_unmixed_rotated.nd2","Layer 1","dACC_v17_ FISH-IF v2.4.4","1548","4966","4988","2970","2992","0","0","0","0","1","1","1518.2661","0","237.3385","0","0","0","0","0","0","0","0","0","0","0","0","0","0","0","1","2.301546","0","1056.6398","459.1","67.84957","56.433907","11.415668","14.803823","0.823762"
"D:\HAA\dACC revisions\Run 4\Br2720_dACC_20x_img_020-MaxIP-Stitched_unmixed_rotated.nd2","Layer 1","dACC_v17_ FISH-IF v2.4.4","1549","4239","4259","3060","3073","0","0","0","0","1","1","1943.5032","0","338.3013","0","0","0","0","0","0","0","0","0","0","0","0","0","0","0","0","0","0","0","0","39.402466","32.08355","7.318916","11.371053","0.697466"
"D:\HAA\dACC revisions\Run 4\Br2720_dACC_20x_img_020-MaxIP-Stitched_unmixed_rotated.nd2","Layer 1","dACC_v17_ FISH-IF v2.4.4","1550","4241","4265","3070","3092","0","0","0","0","1","1","2206.1455","0","376.80106","0","0","0","0","0","0","0","0","0","0","0","0","0","0","0","0","0","0","0","0","73.78756","52.291122","21.496439","20.382076","0.734235"
"D:\HAA\dACC revisions\Run 4\Br2720_dACC_20x_img_020-MaxIP-Stitched_unmixed_rotated.nd2","Layer 1","dACC_v17_ FISH-IF v2.4.4","1551","4293","4326","3094","3119","0","0","0","0","1","1","2866.9019","0","343.5552","0","0","0","0","0","0","0","0","0","0","0","0","0","0","0","0","0","0","0","0","121.56765","85.89369","35.67396","28.320358","0.710696"
"D:\HAA\dACC revisions\Run 4\Br2720_dACC_20x_img_020-MaxIP-Stitched_unmixed_rotated.nd2","Layer 1","dACC_v17_ FISH-IF v2.4.4","1552","4362","4389","3154","3180","0","0","0","0","1","1","2532.2034","0","550.2585","0","0","0","0","0","0","0","0","0","0","0","0","0","0","0","0","0","0","0","0","96.20462","71.7622","24.442417","22.31301","0.848543"
"D:\HAA\dACC revisions\Run 4\Br2720_dACC_20x_img_020-MaxIP-Stitched_unmixed_rotated.nd2","Layer 1","dACC_v17_ FISH-IF v2.4.4","1553","4294","4317","3182","3202","0","0","0","0","1","1","1187.9022","0","196.66772","0","0","0","0","0","0","0","0","0","0","0","0","0","0","0","0","0","0","0","0","70.01302","57.768803","12.244224","15.018372","0.818781"
"D:\HAA\dACC revisions\Run 4\Br2720_dACC_20x_img_020-MaxIP-Stitched_unmixed_rotated.nd2","Layer 1","dACC_v17_ FISH-IF v2.4.4","1554","4433","4464","3223","3247","0","0","0","0","1","1","3423.7275","0","395.6468","0","0","0","0","0","0","0","0","0","0","0","0","0","0","0","0","0","0","0","0","107.20601","79.49539","27.710613","24.887589","0.704744"
"D:\HAA\dACC revisions\Run 4\Br2720_dACC_20x_img_020-MaxIP-Stitched_unmixed_rotated.nd2","Layer 1","dACC_v17_ FISH-IF v2.4.4","1555","4471","4494","3257","3280","0","0","0","0","1","1","3194.9087","0","758.8182","0","0","0","0","0","0","0","0","0","0","0","0","0","0","0","0","0","0","0","0","81.428696","63.79885","17.62984","18.022047","0.934875"
"D:\HAA\dACC revisions\Run 4\Br2720_dACC_20x_img_020-MaxIP-Stitched_unmixed_rotated.nd2","Layer 1","dACC_v17_ FISH-IF v2.4.4","1556","4433","4456","3264","3283","0","0","0","0","1","1","1386.3035","0","176.72038","0","0","0","0","0","0","0","0","0","0","0","0","0","0","0","0","0","0","0","0","63.24648","53.994267","9.252214","13.301987","0.744538"
"D:\HAA\dACC revisions\Run 4\Br2720_dACC_20x_img_020-MaxIP-Stitched_unmixed_rotated.nd2","Layer 1","dACC_v17_ FISH-IF v2.4.4","1557","4556","4580","3316","3337","0","0","0","0","1","1","2497.7908","0","313.4344","0","0","0","0","0","0","0","0","0","0","0","0","0","0","0","0","0","0","0","0","72.95901","59.978287","12.980719","16.30566","0.743834"
"D:\HAA\dACC revisions\Run 4\Br2720_dACC_20x_img_020-MaxIP-Stitched_unmixed_rotated.nd2","Layer 1","dACC_v17_ FISH-IF v2.4.4","1558","4355","4384","3353","3379","0","0","0","0","1","1","2650.4695","0","407.66925","3","3.038041","0","2315.3552","762.1212","0","0","0","0","0","0","0","0","0","0","0","0","0","0","0","103.84575","77.377975","26.467777","24.887589","0.7296"
"D:\HAA\dACC revisions\Run 4\Br2720_dACC_20x_img_020-MaxIP-Stitched_unmixed_rotated.nd2","Layer 1","dACC_v17_ FISH-IF v2.4.4","1559","4556","4589","3389","3429","0","0","0","0","1","1","2196.793","0","335.5585","0","0","0","0","0","0","0","0","0","0","0","0","0","0","0","0","0","0","0","0","151.16553","104.67431","46.491226","39.90596","0.560987"
"D:\HAA\dACC revisions\Run 4\Br2720_dACC_20x_img_020-MaxIP-Stitched_unmixed_rotated.nd2","Layer 1","dACC_v17_ FISH-IF v2.4.4","1560","1948","1976","3408","3441","0","0","0","0","1","1","1692.6868","0","274.7284","0","0","0","0","0","0","0","0","0","0","0","0","0","0","0","2","2.071391","0","990.8615","478.35556","131.74048","88.97776","42.762722","30.036743","0.803418"
"D:\HAA\dACC revisions\Run 4\Br2720_dACC_20x_img_020-MaxIP-Stitched_unmixed_rotated.nd2","Layer 1","dACC_v17_ FISH-IF v2.4.4","1561","1850","1877","3409","3438","0","0","0","0","1","1","2039.9875","0","436.4983","3","6.398297","0","6299.193","984.5108","0","0","0","0","0","0","0","0","0","0","1","1.841237","0","1167.6663","634.175","114.018585","80.73823","33.280354","26.174877","0.787995"
"D:\HAA\dACC revisions\Run 4\Br2720_dACC_20x_img_020-MaxIP-Stitched_unmixed_rotated.nd2","Layer 1","dACC_v17_ FISH-IF v2.4.4","1562","2121","2143","3413","3440","0","0","0","0","1","1","762.0437","0","335.69702","0","0","0","0","0","0","0","0","0","0","0","0","0","0","0","1","0.920618","0","473.2899","514.1","88.011116","61.68143","26.329685","25.316685","0.707607"
"D:\HAA\dACC revisions\Run 4\Br2720_dACC_20x_img_020-MaxIP-Stitched_unmixed_rotated.nd2","Layer 1","dACC_v17_ FISH-IF v2.4.4","1563","2143","2164","3417","3440","0","0","0","0","1","1","1087.9186","0","391.43185","0","0","0","0","0","0","0","0","0","0","0","0","0","0","0","1","0.460309","0","200.74083","436.1","71.80823","52.01494","19.793295","19.309336","0.787568"
"D:\HAA\dACC revisions\Run 4\Br2720_dACC_20x_img_020-MaxIP-Stitched_unmixed_rotated.nd2","Layer 1","dACC_v17_ FISH-IF v2.4.4","1564","2102","2122","3487","3508","0","0","0","0","1","1","1569.1885","0","201.94232","0","0","0","0","0","0","0","0","0","0","0","0","0","0","0","1","0.874587","0","431.81604","469.05","60.66875","51.876842","8.791905","12.443794","0.86424"
"D:\HAA\dACC revisions\Run 4\Br2720_dACC_20x_img_020-MaxIP-Stitched_unmixed_rotated.nd2","Layer 1","dACC_v17_ FISH-IF v2.4.4","1565","1826","1846","3497","3525","0","0","0","0","1","1","1579.698","0","327.75665","0","0","0","0","0","0","0","0","0","0","0","0","0","0","0","0","0","0","0","0","81.612816","53.718082","27.894735","22.742105","0.792821"
"D:\HAA\dACC revisions\Run 4\Br2720_dACC_20x_img_020-MaxIP-Stitched_unmixed_rotated.nd2","Layer 1","dACC_v17_ FISH-IF v2.4.4","1566","2053","2078","3500","3521","0","0","1","0","1","1","2034.4023","0","318.7542","0","0","0","0","0","0","0","0","0","0","0","0","0","0","0","29","45.340454","3","46529.434","1026.2234","78.52875","62.74014","15.788605","17.378403","0.797951"
"D:\HAA\dACC revisions\Run 4\Br2720_dACC_20x_img_020-MaxIP-Stitched_unmixed_rotated.nd2","Layer 1","dACC_v17_ FISH-IF v2.4.4","1567","1846","1861","3501","3525","0","0","0","0","1","1","1342.1445","0","334.3282","0","0","0","0","0","0","0","0","0","0","0","0","0","0","0","0","0","0","0","0","64.02901","44.60396","19.425047","17.59295","0.784959"
"D:\HAA\dACC revisions\Run 4\Br2720_dACC_20x_img_020-MaxIP-Stitched_unmixed_rotated.nd2","Layer 1","dACC_v17_ FISH-IF v2.4.4","1568","2145","2168","3505","3529","0","0","0","0","1","1","1671.7836","0","422.3586","0","0","0","0","0","1","0.736495","0","475.26923","645.3125","1","0.50634","0","367.4648","725.7273","0","0","0","0","0","75.858955","46.721382","29.137571","24.887589","0.766016"
"D:\HAA\dACC revisions\Run 4\Br2720_dACC_20x_img_020-MaxIP-Stitched_unmixed_rotated.nd2","Layer 1","dACC_v17_ FISH-IF v2.4.4","1569","2142","2180","3515","3552","0","0","0","0","1","1","1187.009","0","278.45953","0","0","0","0","0","2","1.058711","0","709.10626","669.7826","0","0","0","0","0","0","0","0","0","0","166.03352","94.961784","71.07174","43.55328","0.629294"
"D:\HAA\dACC revisions\Run 4\Br2720_dACC_20x_img_020-MaxIP-Stitched_unmixed_rotated.nd2","Layer 1","dACC_v17_ FISH-IF v2.4.4","1570","1933","1968","3523","3561","0","0","0","0","1","1","725.17834","0","237.31332","0","0","0","0","0","0","0","0","0","0","0","0","0","0","0","0","0","0","0","0","146.10213","79.77158","66.33055","43.124184","0.616346"
"D:\HAA\dACC revisions\Run 4\Br2720_dACC_20x_img_020-MaxIP-Stitched_unmixed_rotated.nd2","Layer 1","dACC_v17_ FISH-IF v2.4.4","1571","1927","1945","3527","3560","0","0","0","0","1","1","842.6896","0","203.87602","0","0","0","0","0","0","0","0","0","0","0","0","0","0","0","0","0","0","0","0","76.365295","44.926174","31.439117","27.676714","0.590628"
"D:\HAA\dACC revisions\Run 4\Br2720_dACC_20x_img_020-MaxIP-Stitched_unmixed_rotated.nd2","Layer 1","dACC_v17_ FISH-IF v2.4.4","1572","1866","1886","3548","3568","0","0","0","0","1","1","1219.0837","0","173.53242","0","0","0","0","0","0","0","0","0","0","0","0","0","0","0","0","0","0","0","0","59.33385","51.09432","8.239534","12.014698","0.850787"
"D:\HAA\dACC revisions\Run 4\Br2720_dACC_20x_img_020-MaxIP-Stitched_unmixed_rotated.nd2","Layer 1","dACC_v17_ FISH-IF v2.4.4","1573","2098","2120","3551","3572","0","0","0","0","1","1","2040.1877","0","255.80032","0","0","0","0","0","0","0","0","0","0","0","0","0","0","0","0","0","0","0","0","70.84158","58.09102","12.750565","15.018372","0.818616"
"D:\HAA\dACC revisions\Run 4\Br2720_dACC_20x_img_020-MaxIP-Stitched_unmixed_rotated.nd2","Layer 1","dACC_v17_ FISH-IF v2.4.4","1574","1832","1859","3551","3577","0","0","0","0","1","1","2464.0977","0","387.6447","0","0","0","0","0","0","0","0","0","0","0","0","0","0","0","0","0","0","0","0","103.33941","75.536736","27.802673","23.171202","0.791686"
"D:\HAA\dACC revisions\Run 4\Br2720_dACC_20x_img_020-MaxIP-Stitched_unmixed_rotated.nd2","Layer 1","dACC_v17_ FISH-IF v2.4.4","1575","2000","2018","3558","3579","0","0","0","0","1","1","1522.3198","0","257.4906","0","0","0","0","0","0","0","0","0","0","0","0","0","0","0","1","0.414278","0","184.0316","444.22223","59.19576","48.976894","10.218863","13.301987","0.858971"
"D:\HAA\dACC revisions\Run 4\Br2720_dACC_20x_img_020-MaxIP-Stitched_unmixed_rotated.nd2","Layer 1","dACC_v17_ FISH-IF v2.4.4","1576","2018","2042","3558","3588","0","0","0","0","1","1","2673.1575","0","364.73605","0","0","0","0","0","0","0","0","0","0","0","0","0","0","0","0","0","0","0","0","105.272705","75.16849","30.10422","25.316685","0.686988"
"D:\HAA\dACC revisions\Run 4\Br2720_dACC_20x_img_020-MaxIP-Stitched_unmixed_rotated.nd2","Layer 1","dACC_v17_ FISH-IF v2.4.4","1577","2129","2150","3571","3590","0","0","0","0","1","1","1722.0627","0","280.72055","0","0","0","0","0","0","0","0","0","0","0","0","0","0","0","0","0","0","0","0","63.06236","53.53396","9.528399","12.87289","0.803406"
"D:\HAA\dACC revisions\Run 4\Br2720_dACC_20x_img_020-MaxIP-Stitched_unmixed_rotated.nd2","Layer 1","dACC_v17_ FISH-IF v2.4.4","1578","2029","2062","3598","3622","0","0","0","0","1","1","858.28894","0","190.7493","0","0","0","0","0","0","0","0","0","0","0","0","0","0","0","0","0","0","0","0","107.3441","82.80962","24.53448","26.603973","0.541924"
"D:\HAA\dACC revisions\Run 4\Br2720_dACC_20x_img_020-MaxIP-Stitched_unmixed_rotated.nd2","Layer 1","dACC_v17_ FISH-IF v2.4.4","1579","2095","2131","3618","3643","0","0","0","0","1","1","638.72565","0","168.2865","0","0","0","0","0","0","0","0","0","0","1","0.552371","0","392.09137","709.8333","1","1.472989","0","837.1183","568.3125","131.4643","92.70627","38.758034","30.894936","0.598886"
"D:\HAA\dACC revisions\Run 4\Br2720_dACC_20x_img_020-MaxIP-Stitched_unmixed_rotated.nd2","Layer 1","dACC_v17_ FISH-IF v2.4.4","1580","2060","2095","3622","3646","0","0","0","0","1","1","2000.3672","0","353.4332","0","0","0","0","0","0","0","0","0","0","0","0","0","0","0","0","0","0","0","0","124.92791","90.95709","33.970818","30.036743","0.581591"
"D:\HAA\dACC revisions\Run 4\Br2720_dACC_20x_img_020-MaxIP-Stitched_unmixed_rotated.nd2","Layer 1","dACC_v17_ FISH-IF v2.4.4","1581","2199","2218","3631","3650","0","0","0","0","1","1","806.98474","0","130.3878","0","0","0","0","0","0","0","0","0","0","0","0","0","0","0","0","0","0","0","0","52.797462","46.76741","6.03005","10.298312","0.888279"
"D:\HAA\dACC revisions\Run 4\Br2720_dACC_20x_img_020-MaxIP-Stitched_unmixed_rotated.nd2","Layer 1","dACC_v17_ FISH-IF v2.4.4","1582","1950","1989","3635","3664","0","0","0","0","1","1","1283.3088","0","237.51125","0","0","0","0","0","3","3.728504","0","3165.5002","849","1","0.874587","0","643.3281","735.5789","0","0","0","0","0","158.02414","102.2807","55.743443","35.1859","0.687466"
"D:\HAA\dACC revisions\Run 4\Br2720_dACC_20x_img_020-MaxIP-Stitched_unmixed_rotated.nd2","Layer 1","dACC_v17_ FISH-IF v2.4.4","1583","1878","1906","3638","3660","0","0","0","0","1","1","1802.2781","0","313.99936","2","1.104742","0","800.79987","724.875","0","0","0","0","0","0","0","0","0","0","0","0","0","0","0","92.52214","70.84158","21.680563","20.596624","0.733814"
"D:\HAA\dACC revisions\Run 4\Br2720_dACC_20x_img_020-MaxIP-Stitched_unmixed_rotated.nd2","Layer 1","dACC_v17_ FISH-IF v2.4.4","1584","2182","2203","3674","3707","0","0","0","0","1","1","3119.036","0","349.19348","0","0","0","0","0","0","0","0","0","0","0","0","0","0","0","1","0.598402","0","275.7252","460.76923","106.37745","80.646164","25.731283","24.029396","0.645302"
"D:\HAA\dACC revisions\Run 4\Br2720_dACC_20x_img_020-MaxIP-Stitched_unmixed_rotated.nd2","Layer 1","dACC_v17_ FISH-IF v2.4.4","1585","1888","1917","3704","3732","0","0","0","0","1","1","1904.6981","0","283.59012","0","0","0","0","0","0","0","0","0","0","0","0","0","0","0","0","0","0","0","0","118.11533","81.981064","36.13427","26.603973","0.846658"
"D:\HAA\dACC revisions\Run 4\Br2720_dACC_20x_img_020-MaxIP-Stitched_unmixed_rotated.nd2","Layer 1","dACC_v17_ FISH-IF v2.4.4","1586","1811","1838","3725","3751","0","0","0","0","1","1","2552.8167","0","320.44177","0","0","0","0","0","0","0","0","0","0","0","0","0","0","0","0","0","0","0","0","102.556885","74.708176","27.848705","22.742105","0.892326"
"D:\HAA\dACC revisions\Run 4\Br2720_dACC_20x_img_020-MaxIP-Stitched_unmixed_rotated.nd2","Layer 1","dACC_v17_ FISH-IF v2.4.4","1587","2024","2055","3740","3766","0","0","0","0","1","1","2264.6091","0","332.9539","0","0","0","0","0","0","0","0","0","0","0","0","0","0","0","0","0","0","0","0","119.35817","82.85565","36.502518","27.03307","0.818652"
"D:\HAA\dACC revisions\Run 4\Br2720_dACC_20x_img_020-MaxIP-Stitched_unmixed_rotated.nd2","Layer 1","dACC_v17_ FISH-IF v2.4.4","1588","1845","1865","3740","3759","0","0","0","0","1","1","1492.6014","0","163.8767","0","0","0","0","0","0","0","0","0","0","0","0","0","0","0","0","0","0","0","0","53.76411","47.411846","6.352267","10.51286","0.886498"
"D:\HAA\dACC revisions\Run 4\Br2720_dACC_20x_img_020-MaxIP-Stitched_unmixed_rotated.nd2","Layer 1","dACC_v17_ FISH-IF v2.4.4","1589","1834","1860","3761","3786","0","0","0","0","1","1","2833.5144","0","354.89706","0","0","0","0","0","0","0","0","0","0","0","0","0","0","0","0","0","0","0","0","92.7523","70.19715","22.55515","21.240269","0.823882"
"D:\HAA\dACC revisions\Run 4\Br2720_dACC_20x_img_020-MaxIP-Stitched_unmixed_rotated.nd2","Layer 1","dACC_v17_ FISH-IF v2.4.4","1590","2195","2221","3770","3798","0","0","0","0","1","1","2975.1038","0","332.71698","0","0","0","0","0","0","0","0","0","0","0","0","0","0","0","0","0","0","0","0","99.79503","68.30988","31.485147","24.887589","0.820044"
"D:\HAA\dACC revisions\Run 4\Br2720_dACC_20x_img_020-MaxIP-Stitched_unmixed_rotated.nd2","Layer 1","dACC_v17_ FISH-IF v2.4.4","1591","1999","2023","3793","3813","0","0","0","0","1","1","3180.8904","0","373.20215","0","0","0","0","0","0","0","0","0","0","0","0","0","0","0","0","0","0","0","0","74.201836","60.346535","13.855307","16.30566","0.793865"
"D:\HAA\dACC revisions\Run 4\Br2720_dACC_20x_img_020-MaxIP-Stitched_unmixed_rotated.nd2","Layer 1","dACC_v17_ FISH-IF v2.4.4","1592","4721","4746","2251","2278","0","0","0","0","1","1","2653.0034","0","297.96188","0","0","0","0","0","1","0.414278","0","264.2635","637.8889","0","0","0","0","0","0","0","0","0","0","100.025185","73.64947","26.375715","22.31301","0.863286"
"D:\HAA\dACC revisions\Run 4\Br2720_dACC_20x_img_020-MaxIP-Stitched_unmixed_rotated.nd2","Layer 1","dACC_v17_ FISH-IF v2.4.4","1593","4614","4648","2325","2357","1","1","1","0","1","1","1653.6117","0","395.04947","0","0","0","0","0","22","27.434427","3","30004.01","1093.6627","12","13.118812","2","10933.494","833.4211","4","3.820566","1","2117.5603","554.253","148.08147","96.75699","51.324474","34.11316","0.809565"
"D:\HAA\dACC revisions\Run 4\Br2720_dACC_20x_img_020-MaxIP-Stitched_unmixed_rotated.nd2","Layer 1","dACC_v17_ FISH-IF v2.4.4","1594","4695","4715","2369","2387","0","0","0","0","1","1","724.0296","0","141.78098","0","0","0","0","0","0","0","0","0","0","0","0","0","0","0","0","0","0","0","0","54.13236","47.918186","6.214174","10.941957","0.753313"
"D:\HAA\dACC revisions\Run 4\Br2720_dACC_20x_img_020-MaxIP-Stitched_unmixed_rotated.nd2","Layer 1","dACC_v17_ FISH-IF v2.4.4","1595","4671","4694","2383","2403","0","0","0","0","1","1","2709.5715","0","662.906","0","0","0","0","0","0","0","0","0","0","0","0","0","0","0","0","0","0","0","0","55.467255","40.6453","14.821956","17.378403","0.823832"
"D:\HAA\dACC revisions\Run 4\Br2720_dACC_20x_img_020-MaxIP-Stitched_unmixed_rotated.nd2","Layer 1","dACC_v17_ FISH-IF v2.4.4","1596","4677","4700","2391","2418","0","0","0","0","1","1","3150.0613","0","719.96796","0","0","0","0","0","0","0","0","0","0","0","0","0","0","0","0","0","0","0","0","81.428696","44.55793","36.870766","29.393099","0.7725"
"D:\HAA\dACC revisions\Run 4\Br2720_dACC_20x_img_020-MaxIP-Stitched_unmixed_rotated.nd2","Layer 1","dACC_v17_ FISH-IF v2.4.4","1597","4768","4793","2393","2425","0","0","0","0","1","1","3041.053","0","399.97635","0","0","0","0","0","0","0","0","0","0","0","0","0","0","0","0","0","0","0","0","113.05193","81.70488","31.347055","26.603973","0.708003"
"D:\HAA\dACC revisions\Run 4\Br2720_dACC_20x_img_020-MaxIP-Stitched_unmixed_rotated.nd2","Layer 1","dACC_v17_ FISH-IF v2.4.4","1598","4736","4751","2395","2412","0","0","0","0","1","1","501.1143","0","170.63329","0","0","0","0","0","0","0","0","0","0","0","0","0","0","0","0","0","0","0","0","37.008858","35.397774","1.611082","5.149156","0.718253"
"D:\HAA\dACC revisions\Run 4\Br2720_dACC_20x_img_020-MaxIP-Stitched_unmixed_rotated.nd2","Layer 1","dACC_v17_ FISH-IF v2.4.4","1599","4643","4665","2395","2419","0","0","0","0","1","1","3488.868","0","441.45554","0","0","0","0","0","0","0","0","0","0","1","0.736495","0","562.31366","763.5","0","0","0","0","0","74.43199","50.72607","23.705923","21.883913","0.796679"
"D:\HAA\dACC revisions\Run 4\Br2720_dACC_20x_img_020-MaxIP-Stitched_unmixed_rotated.nd2","Layer 1","dACC_v17_ FISH-IF v2.4.4","1600","4699","4717","2396","2419","0","0","0","0","1","1","2963.0857","0","304.44067","0","0","0","0","0","0","0","0","0","0","0","0","0","0","0","0","0","0","0","0","61.22112","41.888134","19.332985","21.669365","0.571163"
"D:\HAA\dACC revisions\Run 4\Br2720_dACC_20x_img_020-MaxIP-Stitched_unmixed_rotated.nd2","Layer 1","dACC_v17_ FISH-IF v2.4.4","1601","4617","4648","2398","2421","0","0","0","0","1","1","3232.3254","0","714.808","0","0","0","0","0","0","0","0","0","0","0","0","0","0","0","0","0","0","0","0","97.03317","63.522667","33.51051","29.393099","0.604893"
"D:\HAA\dACC revisions\Run 4\Br2720_dACC_20x_img_020-MaxIP-Stitched_unmixed_rotated.nd2","Layer 1","dACC_v17_ FISH-IF v2.4.4","1602","4718","4737","2399","2419","0","0","0","0","1","1","3031.207","0","277.65598","0","0","0","0","0","0","0","0","0","0","0","0","0","0","0","0","0","0","0","0","61.589367","47.365814","14.223554","17.163853","0.67048"
"D:\HAA\dACC revisions\Run 4\Br2720_dACC_20x_img_020-MaxIP-Stitched_unmixed_rotated.nd2","Layer 1","dACC_v17_ FISH-IF v2.4.4","1603","4838","4863","2402","2424","0","0","0","0","1","1","1896.8506","0","309.62653","0","0","0","0","0","0","0","0","0","0","0","0","0","0","0","0","0","0","0","0","71.486015","52.383183","19.10283","21.454817","0.653823"
"D:\HAA\dACC revisions\Run 4\Br2720_dACC_20x_img_020-MaxIP-Stitched_unmixed_rotated.nd2","Layer 1","dACC_v17_ FISH-IF v2.4.4","1604","4657","4684","2407","2433","0","0","0","0","1","1","2526.4607","0","520.3529","0","0","0","0","0","0","0","0","0","0","0","0","0","0","0","0","0","0","0","0","90.542816","61.17509","29.367725","29.17855","0.706423"
"D:\HAA\dACC revisions\Run 4\Br2720_dACC_20x_img_020-MaxIP-Stitched_unmixed_rotated.nd2","Layer 1","dACC_v17_ FISH-IF v2.4.4","1605","4820","4846","2408","2431","0","0","0","0","1","1","2514.818","0","340.3227","0","0","0","0","0","0","0","0","0","0","0","0","0","0","0","0","0","0","0","0","77.14782","49.06896","28.07886","26.174877","0.641251"
"D:\HAA\dACC revisions\Run 4\Br2720_dACC_20x_img_020-MaxIP-Stitched_unmixed_rotated.nd2","Layer 1","dACC_v17_ FISH-IF v2.4.4","1606","4805","4825","2415","2434","0","0","0","0","1","1","3034.07","0","267.25388","0","0","0","0","0","0","0","0","0","0","0","0","0","0","0","0","0","0","0","0","55.605347","44.419834","11.185513","15.23292","0.667548"
"D:\HAA\dACC revisions\Run 4\Br2720_dACC_20x_img_020-MaxIP-Stitched_unmixed_rotated.nd2","Layer 1","dACC_v17_ FISH-IF v2.4.4","1607","4632","4658","2419","2440","0","0","0","0","1","1","1853.8295","0","596.1224","0","0","0","0","0","0","0","0","0","0","0","0","0","0","0","0","0","0","0","0","82.53343","52.291122","30.242313","27.03307","0.672815"
"D:\HAA\dACC revisions\Run 4\Br2720_dACC_20x_img_020-MaxIP-Stitched_unmixed_rotated.nd2","Layer 1","dACC_v17_ FISH-IF v2.4.4","1608","4783","4803","2421","2441","0","0","0","0","1","1","2475.2285","0","238.22334","0","0","0","0","0","0","0","0","0","0","0","0","0","0","0","0","0","0","0","0","53.395863","45.340454","8.05541","12.014698","0.841529"
"D:\HAA\dACC revisions\Run 4\Br2720_dACC_20x_img_020-MaxIP-Stitched_unmixed_rotated.nd2","Layer 1","dACC_v17_ FISH-IF v2.4.4","1609","4609","4634","2422","2443","0","0","0","0","1","1","2316.198","0","481.71045","0","0","0","0","0","0","0","0","0","0","0","0","0","0","0","0","0","0","0","0","76.27323","53.25777","23.01546","21.883913","0.652262"
"D:\HAA\dACC revisions\Run 4\Br2720_dACC_20x_img_020-MaxIP-Stitched_unmixed_rotated.nd2","Layer 1","dACC_v17_ FISH-IF v2.4.4","1610","4677","4693","2423","2438","0","0","0","0","1","1","1780.7733","0","648.11163","0","0","0","0","0","0","0","0","0","0","0","0","0","0","0","0","0","0","0","0","32.72798","29.275663","3.452319","8.796475","0.557047"
"D:\HAA\dACC revisions\Run 4\Br2720_dACC_20x_img_020-MaxIP-Stitched_unmixed_rotated.nd2","Layer 1","dACC_v17_ FISH-IF v2.4.4","1611","4663","4685","2433","2455","0","0","0","0","1","1","2318.4155","0","344.35703","0","0","0","0","0","0","0","0","0","0","0","0","0","0","0","0","0","0","0","0","75.58276","53.76411","21.818655","21.454817","0.643422"
"D:\HAA\dACC revisions\Run 4\Br2720_dACC_20x_img_020-MaxIP-Stitched_unmixed_rotated.nd2","Layer 1","dACC_v17_ FISH-IF v2.4.4","1612","4763","4791","2428","2449","0","0","0","0","1","1","1885.7198","0","353.71228","0","0","0","0","0","0","0","0","0","0","0","0","0","0","0","0","0","0","0","0","81.70488","65.27184","16.433037","20.382076","0.54972"
"D:\HAA\dACC revisions\Run 4\Br2720_dACC_20x_img_020-MaxIP-Stitched_unmixed_rotated.nd2","Layer 1","dACC_v17_ FISH-IF v2.4.4","1613","4688","4728","2431","2455","0","0","0","0","1","1","2334.2673","0","343.5682","0","0","0","0","0","0","0","0","0","0","0","0","0","0","0","0","0","0","0","0","144.81326","99.88709","44.926174","33.254967","0.607763"
"D:\HAA\dACC revisions\Run 4\Br2720_dACC_20x_img_020-MaxIP-Stitched_unmixed_rotated.nd2","Layer 1","dACC_v17_ FISH-IF v2.4.4","1614","4619","4653","2441","2460","0","0","0","0","1","1","3345.031","0","428.23758","0","0","0","0","0","0","0","0","0","0","0","0","0","0","0","0","0","0","0","0","101.221985","75.95101","25.270973","25.316685","0.567833"
"D:\HAA\dACC revisions\Run 4\Br2720_dACC_20x_img_020-MaxIP-Stitched_unmixed_rotated.nd2","Layer 1","dACC_v17_ FISH-IF v2.4.4","1615","4954","4982","2507","2529","0","0","0","0","1","1","1748.8462","0","248.06123","0","0","0","0","0","0","0","0","0","0","0","0","0","0","0","0","0","0","0","0","88.14921","68.40195","19.747263","20.167528","0.740784"
"D:\HAA\dACC revisions\Run 4\Br2720_dACC_20x_img_020-MaxIP-Stitched_unmixed_rotated.nd2","Layer 1","dACC_v17_ FISH-IF v2.4.4","1616","5160","5182","2704","2730","0","0","0","0","1","1","3216.1401","0","477.0284","0","0","0","0","0","0","0","0","0","0","0","0","0","0","0","0","0","0","0","0","89.11586","63.15442","25.961437","22.31301","0.908963"
"D:\HAA\dACC revisions\Run 4\Br2720_dACC_20x_img_020-MaxIP-Stitched_unmixed_rotated.nd2","Layer 1","dACC_v17_ FISH-IF v2.4.4","1617","5179","5206","2706","2735","0","0","0","0","1","1","2353.23","0","445.85413","0","0","0","0","0","0","0","0","0","0","0","0","0","0","0","0","0","0","0","0","109.92183","74.47803","35.443806","26.389425","0.823903"
"D:\HAA\dACC revisions\Run 4\Br2720_dACC_20x_img_020-MaxIP-Stitched_unmixed_rotated.nd2","Layer 1","dACC_v17_ FISH-IF v2.4.4","1618","5276","5314","2735","2758","0","0","0","0","1","1","2358.154","0","360.47482","0","0","0","0","0","0","0","0","0","0","0","0","0","0","0","0","0","0","0","0","124.28348","91.417404","32.866074","29.393099","0.545488"
"D:\HAA\dACC revisions\Run 4\Br2720_dACC_20x_img_020-MaxIP-Stitched_unmixed_rotated.nd2","Layer 1","dACC_v17_ FISH-IF v2.4.4","1619","5202","5221","2748","2767","0","0","0","0","1","1","1739.2137","0","243.62097","0","0","0","0","0","0","0","0","0","0","0","0","0","0","0","0","0","0","0","0","50.357822","44.327774","6.03005","10.298312","0.854725"
"D:\HAA\dACC revisions\Run 4\Br2720_dACC_20x_img_020-MaxIP-Stitched_unmixed_rotated.nd2","Layer 1","dACC_v17_ FISH-IF v2.4.4","1620","5215","5239","2757","2778","0","0","0","0","1","1","2432.7822","0","302.95636","0","0","0","0","0","0","0","0","0","0","0","0","0","0","0","0","0","0","0","0","73.64947","59.057667","14.591801","16.734756","0.774523"
"D:\HAA\dACC revisions\Run 4\Br2720_dACC_20x_img_020-MaxIP-Stitched_unmixed_rotated.nd2","Layer 1","dACC_v17_ FISH-IF v2.4.4","1621","5176","5209","2803","2833","0","0","0","0","1","1","2917.8884","0","403.5965","0","0","0","0","0","0","0","0","0","0","0","0","0","0","0","0","0","0","0","0","119.17404","89.43807","29.735973","31.75313","0.544904"
"D:\HAA\dACC revisions\Run 4\Br2720_dACC_20x_img_020-MaxIP-Stitched_unmixed_rotated.nd2","Layer 1","dACC_v17_ FISH-IF v2.4.4","1622","5040","5069","2812","2837","0","0","0","0","1","1","3289.845","0","394.76025","0","0","0","0","0","0","0","0","0","0","0","0","0","0","0","0","0","0","0","0","103.4775","75.26055","28.216953","23.600298","0.838563"
"D:\HAA\dACC revisions\Run 4\Br2720_dACC_20x_img_020-MaxIP-Stitched_unmixed_rotated.nd2","Layer 1","dACC_v17_ FISH-IF v2.4.4","1623","5118","5139","2844","2865","0","0","0","0","1","1","863.53455","0","162.75043","0","0","0","0","0","0","0","0","0","0","0","0","0","0","0","1","1.058711","0","587.7688","555.1739","64.581375","54.592667","9.988709","14.160179","0.761048"
"D:\HAA\dACC revisions\Run 4\Br2720_dACC_20x_img_020-MaxIP-Stitched_unmixed_rotated.nd2","Layer 1","dACC_v17_ FISH-IF v2.4.4","1624","5229","5254","2850","2880","0","0","0","0","1","1","3232.355","0","371.46368","0","0","0","0","0","0","0","0","0","0","0","0","0","0","0","0","0","0","0","0","101.45214","76.043076","25.409067","24.887589","0.727392"
"D:\HAA\dACC revisions\Run 4\Br2720_dACC_20x_img_020-MaxIP-Stitched_unmixed_rotated.nd2","Layer 1","dACC_v17_ FISH-IF v2.4.4","1625","5385","5418","2873","2895","0","0","0","0","1","1","1355.8151","0","255.35536","0","0","0","0","0","0","0","0","0","0","0","0","0","0","0","0","0","0","0","0","105.36477","81.474724","23.890047","24.458492","0.590361"
"D:\HAA\dACC revisions\Run 4\Br2720_dACC_20x_img_020-MaxIP-Stitched_unmixed_rotated.nd2","Layer 1","dACC_v17_ FISH-IF v2.4.4","1626","5095","5123","2903","2927","0","0","1","0","1","1","2212.7947","0","310.97394","0","0","0","0","0","0","0","0","0","0","0","0","0","0","0","8","11.231544","1","6379.793","568.0246","99.93312","74.15581","25.777313","23.171202","0.765483"
"D:\HAA\dACC revisions\Run 4\Br2720_dACC_20x_img_020-MaxIP-Stitched_unmixed_rotated.nd2","Layer 1","dACC_v17_ FISH-IF v2.4.4","1627","5137","5156","2921","2940","0","0","0","0","1","1","540.41223","0","121.52901","0","0","0","0","0","0","0","0","0","0","0","0","0","0","0","0","0","0","0","0","52.843494","46.813442","6.03005","10.298312","0.845657"
"D:\HAA\dACC revisions\Run 4\Br2720_dACC_20x_img_020-MaxIP-Stitched_unmixed_rotated.nd2","Layer 1","dACC_v17_ FISH-IF v2.4.4","1628","5322","5353","2921","2948","0","0","0","0","1","1","2319.1643","0","294.10922","0","0","0","0","0","0","0","0","0","0","0","0","0","0","0","1","0.598402","0","278.67117","465.69232","120.96925","83.454056","37.515198","27.03307","0.850693"
"D:\HAA\dACC revisions\Run 4\Br2720_dACC_20x_img_020-MaxIP-Stitched_unmixed_rotated.nd2","Layer 1","dACC_v17_ FISH-IF v2.4.4","1629","5194","5218","2960","2982","0","0","0","0","1","1","878.46454","0","169.48006","0","0","0","0","0","0","0","0","0","0","0","0","0","0","0","0","0","0","0","0","74.2939","60.024315","14.269585","16.30566","0.855469"
"D:\HAA\dACC revisions\Run 4\Br2720_dACC_20x_img_020-MaxIP-Stitched_unmixed_rotated.nd2","Layer 1","dACC_v17_ FISH-IF v2.4.4","1630","5008","5037","2968","2996","0","0","0","1","1","1","2730.9097","0","463.5231","5","12.796595","1","12522.251","978.56116","0","0","0","0","0","0","0","0","0","0","0","0","0","0","0","112.72971","81.658844","31.07087","26.174877","0.716665"
"D:\HAA\dACC revisions\Run 4\Br2720_dACC_20x_img_020-MaxIP-Stitched_unmixed_rotated.nd2","Layer 1","dACC_v17_ FISH-IF v2.4.4","1631","5076","5107","2992","3019","0","0","0","0","1","1","2394.4187","0","375.74768","0","0","0","0","0","0","0","0","0","0","0","0","0","0","0","1","0.644433","0","297.77402","462.07144","123.316826","84.834984","38.481846","27.891262","0.805461"
"D:\HAA\dACC revisions\Run 4\Br2720_dACC_20x_img_020-MaxIP-Stitched_unmixed_rotated.nd2","Layer 1","dACC_v17_ FISH-IF v2.4.4","1632","5173","5208","2998","3023","0","0","0","0","1","1","1464.5406","0","205.04207","0","0","0","0","0","0","0","0","0","0","0","0","0","0","0","0","0","0","0","0","119.17404","89.71426","29.459787","30.036743","0.580055"
"D:\HAA\dACC revisions\Run 4\Br2720_dACC_20x_img_020-MaxIP-Stitched_unmixed_rotated.nd2","Layer 1","dACC_v17_ FISH-IF v2.4.4","1633","4317","4342","2653","2678","1","0","0","0","1","1","2354","0","348.33737","0","0","0","0","0","9","11.231544","1","10893.125","906.6973","3","3.038041","0","2704.6846","890.2727","1","0.690464","0","335.19714","485.46667","90.63488","68.632095","22.002779","20.596624","0.916457"
"D:\HAA\dACC revisions\Run 4\Br2720_dACC_20x_img_020-MaxIP-Stitched_unmixed_rotated.nd2","Layer 1","dACC_v17_ FISH-IF v2.4.4","1634","4412","4434","2683","2702","0","0","0","0","1","1","605.11536","0","137.56586","0","0","0","0","0","0","0","0","0","0","0","0","0","0","0","0","0","0","0","0","61.497307","53.11968","8.377627","13.087439","0.697632"
"D:\HAA\dACC revisions\Run 4\Br2720_dACC_20x_img_020-MaxIP-Stitched_unmixed_rotated.nd2","Layer 1","dACC_v17_ FISH-IF v2.4.4","1635","4236","4260","2784","2808","0","0","0","0","1","1","2064.5273","0","323.86447","0","0","0","0","0","0","0","0","0","0","0","0","0","0","0","0","0","0","0","0","75.67483","52.981586","22.693243","24.458492","0.653474"
"D:\HAA\dACC revisions\Run 4\Br2720_dACC_20x_img_020-MaxIP-Stitched_unmixed_rotated.nd2","Layer 1","dACC_v17_ FISH-IF v2.4.4","1636","4260","4281","2790","2813","0","0","0","0","1","1","2601.8506","0","331.62466","0","0","0","0","0","0","0","0","0","0","0","0","0","0","0","0","0","0","0","0","64.94962","50.772102","14.177523","17.163853","0.789019"
"D:\HAA\dACC revisions\Run 4\Br2720_dACC_20x_img_020-MaxIP-Stitched_unmixed_rotated.nd2","Layer 1","dACC_v17_ FISH-IF v2.4.4","1637","4246","4265","2801","2818","0","0","0","0","1","1","2107.741","0","363.8113","0","0","0","0","0","0","0","0","0","0","0","0","0","0","0","0","0","0","0","0","39.402466","29.275663","10.126801","13.516535","0.839188"
"D:\HAA\dACC revisions\Run 4\Br2720_dACC_20x_img_020-MaxIP-Stitched_unmixed_rotated.nd2","Layer 1","dACC_v17_ FISH-IF v2.4.4","1638","4375","4397","2829","2851","0","0","0","0","1","1","2369.4688","0","315.31256","0","0","0","0","0","0","0","0","0","0","1","0.598402","0","441.80475","738.3077","0","0","0","0","0","68.632095","56.848183","11.783915","14.589275","0.849612"
"D:\HAA\dACC revisions\Run 4\Br2720_dACC_20x_img_020-MaxIP-Stitched_unmixed_rotated.nd2","Layer 1","dACC_v17_ FISH-IF v2.4.4","1639","4356","4387","2852","2881","0","0","0","0","1","1","3753.2905","0","403.45386","0","0","0","0","0","0","0","0","0","0","0","0","0","0","0","0","0","0","0","0","128.01198","86.81431","41.19767","29.17855","0.840249"
"D:\HAA\dACC revisions\Run 4\Br2720_dACC_20x_img_020-MaxIP-Stitched_unmixed_rotated.nd2","Layer 1","dACC_v17_ FISH-IF v2.4.4","1640","4390","4418","2934","2961","0","0","0","0","1","1","3392.8445","0","474.46976","0","0","0","0","0","0","0","0","0","0","0","0","0","0","0","0","0","0","0","0","104.075905","76.8256","27.250303","25.316685","0.747786"
"D:\HAA\dACC revisions\Run 4\Br2720_dACC_20x_img_020-MaxIP-Stitched_unmixed_rotated.nd2","Layer 1","dACC_v17_ FISH-IF v2.4.4","1641","6618","6645","3001","3029","0","0","0","1","1","1","2841.9712","0","445.37033","9","21.864685","1","40923.05","1871.6505","0","0","0","0","0","0","0","0","0","0","0","0","0","0","0","105.13461","76.31926","28.815355","24.458492","0.814603"
"D:\HAA\dACC revisions\Run 4\Br2720_dACC_20x_img_020-MaxIP-Stitched_unmixed_rotated.nd2","Layer 1","dACC_v17_ FISH-IF v2.4.4","1642","6941","6964","3029","3060","0","0","0","0","1","1","2424.8535","0","398.45697","0","0","0","0","0","0","0","0","0","0","0","0","0","0","0","0","0","0","0","0","104.49018","79.67952","24.810665","25.316685","0.575794"
"D:\HAA\dACC revisions\Run 4\Br2720_dACC_20x_img_020-MaxIP-Stitched_unmixed_rotated.nd2","Layer 1","dACC_v17_ FISH-IF v2.4.4","1643","6928","6950","3068","3096","0","0","0","0","1","1","3154.031","0","390.41293","0","0","0","0","0","0","0","0","0","0","0","0","0","0","0","0","0","0","0","0","84.006424","64.7655","19.240923","21.02572","0.630907"
"D:\HAA\dACC revisions\Run 4\Br2720_dACC_20x_img_020-MaxIP-Stitched_unmixed_rotated.nd2","Layer 1","dACC_v17_ FISH-IF v2.4.4","1644","6915","6939","3089","3111","0","0","0","0","1","1","2852.7996","0","517.5169","0","0","0","0","0","0","0","0","0","0","0","0","0","0","0","0","0","0","0","0","69.50668","49.06896","20.437727","19.738432","0.760839"
"D:\HAA\dACC revisions\Run 4\Br2720_dACC_20x_img_020-MaxIP-Stitched_unmixed_rotated.nd2","Layer 1","dACC_v17_ FISH-IF v2.4.4","1645","6913","6935","3107","3125","0","0","0","0","1","1","2483.9766","0","696.755","0","0","0","0","0","0","0","0","0","0","0","0","0","0","0","0","0","0","0","0","54.77679","39.08025","15.696543","18.88024","0.714057"
"D:\HAA\dACC revisions\Run 4\Br2720_dACC_20x_img_020-MaxIP-Stitched_unmixed_rotated.nd2","Layer 1","dACC_v17_ FISH-IF v2.4.4","1646","6898","6929","3121","3142","0","0","0","0","1","1","2084.173","0","278.76978","0","0","0","0","0","0","0","0","0","0","0","0","0","0","0","0","0","0","0","0","99.10457","70.38127","28.723293","26.603973","0.584514"
"D:\HAA\dACC revisions\Run 4\Br2720_dACC_20x_img_020-MaxIP-Stitched_unmixed_rotated.nd2","Layer 1","dACC_v17_ FISH-IF v2.4.4","1647","6929","6945","3121","3139","0","0","0","0","1","1","2006.832","0","248.33835","0","0","0","0","0","0","0","0","0","0","0","0","0","0","0","0","0","0","0","0","42.762722","36.732674","6.03005","10.727408","0.760893"
"D:\HAA\dACC revisions\Run 4\Br2720_dACC_20x_img_020-MaxIP-Stitched_unmixed_rotated.nd2","Layer 1","dACC_v17_ FISH-IF v2.4.4","1648","6913","6929","3177","3195","0","0","0","0","1","1","355.44446","0","117.91862","0","0","0","0","0","0","0","0","0","0","0","0","0","0","0","0","0","0","0","0","41.059578","37.331074","3.728504","7.723734","0.892121"
"D:\HAA\dACC revisions\Run 4\Br2720_dACC_20x_img_020-MaxIP-Stitched_unmixed_rotated.nd2","Layer 1","dACC_v17_ FISH-IF v2.4.4","1649","6898","6913","3178","3196","0","0","0","0","1","1","430.58948","0","113.728455","0","0","0","0","0","0","0","0","0","0","0","0","0","0","0","0","0","0","0","0","43.361126","38.988186","4.372937","8.581926","0.882716"
"D:\HAA\dACC revisions\Run 4\Br2720_dACC_20x_img_020-MaxIP-Stitched_unmixed_rotated.nd2","Layer 1","dACC_v17_ FISH-IF v2.4.4","1650","6989","7012","3194","3218","0","0","0","0","1","1","2401.8462","0","323.03238","0","0","0","0","0","0","0","0","0","0","0","0","0","0","0","0","0","0","0","0","83.36199","65.409935","17.952057","18.88024","0.78676"
"D:\HAA\dACC revisions\Run 4\Br2720_dACC_20x_img_020-MaxIP-Stitched_unmixed_rotated.nd2","Layer 1","dACC_v17_ FISH-IF v2.4.4","1651","6892","6908","3200","3215","0","0","0","0","1","1","377.03226","0","132.82562","0","0","0","0","0","0","0","0","0","0","0","0","0","0","0","0","0","0","0","0","36.27236","34.845406","1.426958","4.72006","0.719329"
"D:\HAA\dACC revisions\Run 4\Br2720_dACC_20x_img_020-MaxIP-Stitched_unmixed_rotated.nd2","Layer 1","dACC_v17_ FISH-IF v2.4.4","1652","6877","6902","3215","3246","0","0","0","0","1","1","2571.944","0","309.0122","0","0","0","0","0","0","0","0","0","0","0","0","0","0","0","0","0","0","0","0","110.52023","79.26524","31.254993","26.174877","0.729851"
"D:\HAA\dACC revisions\Run 4\Br2720_dACC_20x_img_020-MaxIP-Stitched_unmixed_rotated.nd2","Layer 1","dACC_v17_ FISH-IF v2.4.4","1653","6985","7003","3235","3253","0","0","0","0","1","1","425.05103","0","126.54603","0","0","0","0","0","0","0","0","0","0","0","0","0","0","0","0","0","0","0","0","48.010246","43.499218","4.51103","8.581926","0.891815"
"D:\HAA\dACC revisions\Run 4\Br2720_dACC_20x_img_020-MaxIP-Stitched_unmixed_rotated.nd2","Layer 1","dACC_v17_ FISH-IF v2.4.4","1654","6865","6890","3240","3265","0","0","0","0","1","1","2726.2202","0","457.39264","0","0","0","0","0","0","0","0","0","0","0","0","0","0","0","0","0","0","0","0","94.31735","68.81622","25.50113","21.02572","0.898833"
"D:\HAA\dACC revisions\Run 4\Br2720_dACC_20x_img_020-MaxIP-Stitched_unmixed_rotated.nd2","Layer 1","dACC_v17_ FISH-IF v2.4.4","1655","6878","6898","3261","3278","0","0","0","0","1","1","1447.1287","0","219.30577","0","0","0","0","0","0","0","0","0","0","0","0","0","0","0","0","0","0","0","0","46.951534","42.302414","4.649123","9.44012","0.745778"
"D:\HAA\dACC revisions\Run 4\Br2720_dACC_20x_img_020-MaxIP-Stitched_unmixed_rotated.nd2","Layer 1","dACC_v17_ FISH-IF v2.4.4","1656","6874","6892","3277","3291","0","0","0","0","1","1","406.2903","0","158.12994","0","0","0","0","0","0","0","0","0","0","0","0","0","0","0","0","0","0","0","0","37.56123","36.13427","1.426958","5.363704","0.508785"
"D:\HAA\dACC revisions\Run 4\Br2720_dACC_20x_img_020-MaxIP-Stitched_unmixed_rotated.nd2","Layer 1","dACC_v17_ FISH-IF v2.4.4","1657","6972","6991","3287","3306","0","0","0","0","1","1","434.7934","0","127.48445","0","0","0","0","0","0","0","0","0","0","0","0","0","0","0","0","0","0","0","0","51.462566","45.892826","5.569741","9.869216","0.852873"
"D:\HAA\dACC revisions\Run 4\Br2720_dACC_20x_img_020-MaxIP-Stitched_unmixed_rotated.nd2","Layer 1","dACC_v17_ FISH-IF v2.4.4","1658","6918","6956","3288","3312","0","0","0","0","1","1","1183.2151","0","187.3864","0","0","0","0","0","0","0","0","0","0","0","0","0","0","0","0","0","0","0","0","124.42157","93.39673","31.024837","31.109486","0.494903"
"D:\HAA\dACC revisions\Run 4\Br2720_dACC_20x_img_020-MaxIP-Stitched_unmixed_rotated.nd2","Layer 1","dACC_v17_ FISH-IF v2.4.4","1659","6866","6898","3292","3325","0","0","0","0","1","1","1378.6111","0","245.55023","0","0","0","0","0","0","0","0","0","0","0","0","0","0","0","0","0","0","0","0","152.1782","100.80771","51.370502","34.327705","0.745639"
"D:\HAA\dACC revisions\Run 4\Br2720_dACC_20x_img_020-MaxIP-Stitched_unmixed_rotated.nd2","Layer 1","dACC_v17_ FISH-IF v2.4.4","1660","6570","6595","3010","3030","0","0","0","0","1","1","1811.9592","0","210.93095","1","1.288866","0","1201.9133","932.5357","0","0","0","0","0","0","0","0","0","0","0","0","0","0","0","71.7622","59.33385","12.428348","15.876565","0.699871"
"D:\HAA\dACC revisions\Run 4\Br2720_dACC_20x_img_020-MaxIP-Stitched_unmixed_rotated.nd2","Layer 1","dACC_v17_ FISH-IF v2.4.4","1661","6580","6600","3029","3050","0","0","0","0","1","1","1308.579","0","264.72888","3","5.477679","0","5044.574","920.9328","0","0","0","0","0","0","0","0","0","0","0","0","0","0","0","64.12107","54.500607","9.620461","13.301987","0.71577"
"D:\HAA\dACC revisions\Run 4\Br2720_dACC_20x_img_020-MaxIP-Stitched_unmixed_rotated.nd2","Layer 1","dACC_v17_ FISH-IF v2.4.4","1662","6213","6239","3035","3060","0","0","0","0","1","1","1368.646","0","259.7282","0","0","0","0","0","0","0","0","0","0","0","0","0","0","0","0","0","0","0","0","93.30467","70.28921","23.01546","21.02572","0.850267"
"D:\HAA\dACC revisions\Run 4\Br2720_dACC_20x_img_020-MaxIP-Stitched_unmixed_rotated.nd2","Layer 1","dACC_v17_ FISH-IF v2.4.4","1663","6566","6591","3050","3081","0","0","0","1","1","1","2454.921","0","351.2001","11","24.02814","2","56452.18","2349.4194","0","0","0","0","0","0","0","0","0","0","0","0","0","0","0","109.59962","79.3573","30.242313","24.887589","0.771843"
"D:\HAA\dACC revisions\Run 4\Br2720_dACC_20x_img_020-MaxIP-Stitched_unmixed_rotated.nd2","Layer 1","dACC_v17_ FISH-IF v2.4.4","1664","6500","6526","3064","3085","0","0","0","0","1","1","2189.7012","0","262.81772","0","0","0","0","0","0","0","0","0","0","0","0","0","0","0","0","0","0","0","0","78.94302","63.384575","15.55845","18.022047","0.736265"
"D:\HAA\dACC revisions\Run 4\Br2720_dACC_20x_img_020-MaxIP-Stitched_unmixed_rotated.nd2","Layer 1","dACC_v17_ FISH-IF v2.4.4","1665","6361","6379","3084","3104","0","0","0","0","1","1","479.39258","0","123.83301","0","0","0","0","0","0","0","0","0","0","0","0","0","0","0","0","0","0","0","0","53.62602","47.411846","6.214174","10.298312","0.823067"
"D:\HAA\dACC revisions\Run 4\Br2720_dACC_20x_img_020-MaxIP-Stitched_unmixed_rotated.nd2","Layer 1","dACC_v17_ FISH-IF v2.4.4","1666","6527","6546","3120","3138","0","0","0","0","1","1","961.3387","0","133.63898","0","0","0","0","0","0","0","0","0","0","0","0","0","0","0","0","0","0","0","0","52.24509","46.53726","5.707834","9.869216","0.822584"
"D:\HAA\dACC revisions\Run 4\Br2720_dACC_20x_img_020-MaxIP-Stitched_unmixed_rotated.nd2","Layer 1","dACC_v17_ FISH-IF v2.4.4","1667","6425","6447","3122","3153","0","0","0","0","1","1","3418.0276","0","484.3613","1","0.644433","0","497.36407","771.7857","0","0","0","0","0","0","0","0","0","0","0","0","0","0","0","100.11725","71.85426","28.262983","25.102137","0.631176"
"D:\HAA\dACC revisions\Run 4\Br2720_dACC_20x_img_020-MaxIP-Stitched_unmixed_rotated.nd2","Layer 1","dACC_v17_ FISH-IF v2.4.4","1668","6381","6405","3128","3147","0","0","0","0","1","1","1880.5287","0","252.82971","0","0","0","0","0","0","0","0","0","0","0","0","0","0","0","0","0","0","0","0","68.54004","57.30849","11.231544","15.018372","0.715751"
"D:\HAA\dACC revisions\Run 4\Br2720_dACC_20x_img_020-MaxIP-Stitched_unmixed_rotated.nd2","Layer 1","dACC_v17_ FISH-IF v2.4.4","1669","6522","6542","3138","3164","0","0","0","0","1","1","1820.839","0","276.1442","0","0","0","0","0","0","0","0","0","0","0","0","0","0","0","0","0","0","0","0","79.03509","64.1671","14.867987","17.163853","0.694852"
"D:\HAA\dACC revisions\Run 4\Br2720_dACC_20x_img_020-MaxIP-Stitched_unmixed_rotated.nd2","Layer 1","dACC_v17_ FISH-IF v2.4.4","1670","6433","6461","3148","3177","0","0","0","0","1","1","2122.3801","0","406.20163","0","0","0","0","0","0","0","0","0","0","0","0","0","0","0","1","0.874587","0","431.44778","493.3158","99.93312","73.05106","26.882055","29.822195","0.515682"
"D:\HAA\dACC revisions\Run 4\Br2720_dACC_20x_img_020-MaxIP-Stitched_unmixed_rotated.nd2","Layer 1","dACC_v17_ FISH-IF v2.4.4","1671","6469","6496","3169","3198","0","0","0","0","1","1","2493.7625","0","364.11557","0","0","0","0","0","0","0","0","0","0","0","0","0","0","0","1","0.50634","0","220.58015","435.63635","111.671005","80.46204","31.208961","26.174877","0.742481"
"D:\HAA\dACC revisions\Run 4\Br2720_dACC_20x_img_020-MaxIP-Stitched_unmixed_rotated.nd2","Layer 1","dACC_v17_ FISH-IF v2.4.4","1672","6287","6321","3327","3361","0","0","0","1","1","1","2737.861","0","333.77887","21","36.456486","3","106999.14","2934.9824","0","0","0","0","0","1","0.50634","0","351.4921","694.1818","0","0","0","0","0","160.50981","102.83307","57.67674","36.902287","0.818038"
"D:\HAA\dACC revisions\Run 4\Br2720_dACC_20x_img_020-MaxIP-Stitched_unmixed_rotated.nd2","Layer 1","dACC_v17_ FISH-IF v2.4.4","1673","6486","6512","3330","3357","0","0","0","1","1","1","2775.3057","0","389.7263","6","14.315616","1","23940.865","1672.3601","0","0","0","0","0","0","0","0","0","0","0","0","0","0","0","93.99513","72.314575","21.680563","23.171202","0.677299"
"D:\HAA\dACC revisions\Run 4\Br2720_dACC_20x_img_020-MaxIP-Stitched_unmixed_rotated.nd2","Layer 1","dACC_v17_ FISH-IF v2.4.4","1674","2251","2279","2613","2636","0","0","1","0","1","1","2523.3499","0","420.52957","0","0","0","0","0","0","0","0","0","0","0","0","0","0","0","47","49.391174","4","73606.195","1490.2703","94.91575","71.62411","23.291645","21.454817","0.770296"
"D:\HAA\dACC revisions\Run 4\Br2720_dACC_20x_img_020-MaxIP-Stitched_unmixed_rotated.nd2","Layer 1","dACC_v17_ FISH-IF v2.4.4","1675","2398","2424","2615","2646","0","0","0","0","1","1","2740.2817","0","443.36026","2","2.761855","0","2120.3682","767.73334","0","0","0","0","0","0","0","0","0","0","0","0","0","0","0","112.91384","83.17787","29.735973","26.603973","0.671953"
"D:\HAA\dACC revisions\Run 4\Br2720_dACC_20x_img_020-MaxIP-Stitched_unmixed_rotated.nd2","Layer 1","dACC_v17_ FISH-IF v2.4.4","1676","2317","2338","2639","2658","0","0","0","0","1","1","1144.994","0","182.13486","0","0","0","0","0","0","0","0","0","0","0","0","0","0","0","0","0","0","0","0","57.81483","50.1737","7.641132","11.585601","0.829032"
"D:\HAA\dACC revisions\Run 4\Br2720_dACC_20x_img_020-MaxIP-Stitched_unmixed_rotated.nd2","Layer 1","dACC_v17_ FISH-IF v2.4.4","1677","2339","2366","2639","2672","0","0","0","0","1","1","3123.5637","0","654.5171","0","0","0","0","0","0","0","0","0","0","0","0","0","0","0","0","0","0","0","0","122.71843","88.74761","33.970818","29.607647","0.622416"
"D:\HAA\dACC revisions\Run 4\Br2720_dACC_20x_img_020-MaxIP-Stitched_unmixed_rotated.nd2","Layer 1","dACC_v17_ FISH-IF v2.4.4","1678","2239","2267","2653","2677","0","0","0","0","1","1","1455.7086","0","211.66098","0","0","0","0","0","0","0","0","0","0","0","0","0","0","0","0","0","0","0","0","88.83967","70.19715","18.64252","21.883913","0.660833"
"D:\HAA\dACC revisions\Run 4\Br2720_dACC_20x_img_020-MaxIP-Stitched_unmixed_rotated.nd2","Layer 1","dACC_v17_ FISH-IF v2.4.4","1679","2285","2321","2661","2693","0","0","0","1","1","1","2713.871","0","491.62256","11","30.242313","2","57563.273","1903.4019","0","0","0","0","0","0","0","0","0","0","0","0","0","0","0","147.02275","99.1506","47.872154","36.044094","0.644019"
"D:\HAA\dACC revisions\Run 4\Br2720_dACC_20x_img_020-MaxIP-Stitched_unmixed_rotated.nd2","Layer 1","dACC_v17_ FISH-IF v2.4.4","1680","2514","2536","2667","2689","0","0","0","0","1","1","3005.341","0","381.73566","0","0","0","0","0","0","0","0","0","0","0","0","0","0","0","0","0","0","0","0","73.14313","59.379883","13.763245","15.876565","0.848719"
"D:\HAA\dACC revisions\Run 4\Br2720_dACC_20x_img_020-MaxIP-Stitched_unmixed_rotated.nd2","Layer 1","dACC_v17_ FISH-IF v2.4.4","1681","2542","2570","2676","2699","0","0","0","0","1","1","3429.7246","0","384.62845","0","0","0","0","0","0","0","0","0","0","0","0","0","0","0","0","0","0","0","0","91.095184","69.87493","21.220253","20.811172","0.75554"
"D:\HAA\dACC revisions\Run 4\Br2720_dACC_20x_img_020-MaxIP-Stitched_unmixed_rotated.nd2","Layer 1","dACC_v17_ FISH-IF v2.4.4","1682","2362","2388","2677","2703","0","0","0","0","1","1","2457.949","0","311.56696","0","0","0","0","0","0","0","0","0","0","0","0","0","0","0","2","2.669793","0","1605.006","601.1724","96.20462","71.85426","24.350355","22.31301","0.823185"
"D:\HAA\dACC revisions\Run 4\Br2720_dACC_20x_img_020-MaxIP-Stitched_unmixed_rotated.nd2","Layer 1","dACC_v17_ FISH-IF v2.4.4","1683","2483","2510","2679","2698","0","0","0","0","1","1","1896.1466","0","242.87753","0","0","0","0","0","0","0","0","0","0","0","0","0","0","0","0","0","0","0","0","77.33194","63.522667","13.809276","16.949305","0.623823"
"D:\HAA\dACC revisions\Run 4\Br2720_dACC_20x_img_020-MaxIP-Stitched_unmixed_rotated.nd2","Layer 1","dACC_v17_ FISH-IF v2.4.4","1684","2490","2510","2753","2772","0","0","0","0","1","1","564.72107","0","135.02827","0","0","0","0","0","0","0","0","0","0","0","0","0","0","0","0","0","0","0","0","55.605347","48.838802","6.766545","11.585601","0.777594"
"D:\HAA\dACC revisions\Run 4\Br2720_dACC_20x_img_020-MaxIP-Stitched_unmixed_rotated.nd2","Layer 1","dACC_v17_ FISH-IF v2.4.4","1685","2542","2569","2907","2933","0","0","0","0","1","1","2837.5117","0","681.89496","0","0","0","0","0","0","0","0","0","0","0","0","0","0","0","0","0","0","0","0","101.77436","74.06374","27.710613","24.458492","0.721685"
"D:\HAA\dACC revisions\Run 4\Br2720_dACC_20x_img_020-MaxIP-Stitched_unmixed_rotated.nd2","Layer 1","dACC_v17_ FISH-IF v2.4.4","1686","2569","2590","2908","2928","0","0","0","0","1","1","2035.1371","0","252.54498","0","0","0","0","0","0","0","0","0","0","0","0","0","0","0","0","0","0","0","0","64.12107","52.705402","11.415668","15.018372","0.746587"
"D:\HAA\dACC revisions\Run 4\Br2720_dACC_20x_img_020-MaxIP-Stitched_unmixed_rotated.nd2","Layer 1","dACC_v17_ FISH-IF v2.4.4","1687","2319","2340","2990","3008","0","0","0","0","1","1","2792.4148","0","293.3947","0","0","0","0","0","0","0","0","0","0","0","0","0","0","0","0","0","0","0","0","47.18169","34.75334","12.428348","16.30566","0.756498"
"D:\HAA\dACC revisions\Run 4\Br2720_dACC_20x_img_020-MaxIP-Stitched_unmixed_rotated.nd2","Layer 1","dACC_v17_ FISH-IF v2.4.4","1688","2319","2351","2994","3025","0","0","0","0","1","1","2315.4927","0","454.64908","0","0","0","0","0","0","0","0","0","0","0","0","0","0","0","0","0","0","0","0","91.46343","53.25777","38.20566","32.182224","0.621844"
"D:\HAA\dACC revisions\Run 4\Br2720_dACC_20x_img_020-MaxIP-Stitched_unmixed_rotated.nd2","Layer 1","dACC_v17_ FISH-IF v2.4.4","1689","3212","3239","2610","2633","0","0","0","0","1","1","3072.9214","0","390.96133","0","0","0","0","0","0","0","0","0","0","0","0","0","0","0","0","0","0","0","0","89.4841","64.30519","25.178911","22.098461","0.80522"
"D:\HAA\dACC revisions\Run 4\Br2720_dACC_20x_img_020-MaxIP-Stitched_unmixed_rotated.nd2","Layer 1","dACC_v17_ FISH-IF v2.4.4","1690","3281","3321","2631","2664","0","0","1","0","1","1","1086.0333","0","305.34113","0","0","0","0","0","1","0.782526","0","515.3161","658.5294","1","0.50634","0","366.31406","723.4545","5","7.226854","1","4576.3477","633.24207","176.48254","110.10596","66.37658","41.19325","0.693666"
"D:\HAA\dACC revisions\Run 4\Br2720_dACC_20x_img_020-MaxIP-Stitched_unmixed_rotated.nd2","Layer 1","dACC_v17_ FISH-IF v2.4.4","1691","3093","3122","2685","2712","0","0","0","0","1","1","3420.0742","0","346.3091","0","0","0","0","0","0","0","0","0","0","0","0","0","0","0","0","0","0","0","0","107.620285","77.884315","29.735973","25.316685","0.771542"
"D:\HAA\dACC revisions\Run 4\Br2720_dACC_20x_img_020-MaxIP-Stitched_unmixed_rotated.nd2","Layer 1","dACC_v17_ FISH-IF v2.4.4","1692","3138","3173","2688","2718","0","0","0","0","1","1","2338.9578","0","397.43585","0","0","0","0","0","0","0","0","0","0","0","0","0","0","0","0","0","0","0","0","141.26889","96.52683","44.74205","33.254967","0.677483"
"D:\HAA\dACC revisions\Run 4\Br2720_dACC_20x_img_020-MaxIP-Stitched_unmixed_rotated.nd2","Layer 1","dACC_v17_ FISH-IF v2.4.4","1693","3257","3282","2713","2737","0","0","0","0","1","1","3208.7249","0","566.6445","0","0","0","0","0","0","0","0","0","0","0","0","0","0","0","0","0","0","0","0","85.019104","66.28452","18.734583","19.309336","0.804064"
"D:\HAA\dACC revisions\Run 4\Br2720_dACC_20x_img_020-MaxIP-Stitched_unmixed_rotated.nd2","Layer 1","dACC_v17_ FISH-IF v2.4.4","1694","3206","3250","2721","2756","0","0","0","0","1","1","2987.1929","0","581.05853","0","0","0","0","0","0","0","0","0","0","0","0","0","0","0","0","0","0","0","0","188.58867","90.45075","98.13792","52.135204","0.758236"
"D:\HAA\dACC revisions\Run 4\Br2720_dACC_20x_img_020-MaxIP-Stitched_unmixed_rotated.nd2","Layer 1","dACC_v17_ FISH-IF v2.4.4","1695","3193","3228","2735","2773","0","0","0","0","1","1","2983.5955","0","413.3259","0","0","0","0","0","0","0","0","0","0","0","0","0","0","0","0","0","0","0","0","142.00539","59.74813","82.25725","47.844242","0.735549"
"D:\HAA\dACC revisions\Run 4\Br2720_dACC_20x_img_020-MaxIP-Stitched_unmixed_rotated.nd2","Layer 1","dACC_v17_ FISH-IF v2.4.4","1696","3330","3352","2747","2764","0","0","0","0","1","1","733.088","0","220.17061","0","0","0","0","0","0","0","0","0","0","0","0","0","0","0","0","0","0","0","0","48.14834","35.075558","13.072781","18.88024","0.598502"
"D:\HAA\dACC revisions\Run 4\Br2720_dACC_20x_img_020-MaxIP-Stitched_unmixed_rotated.nd2","Layer 1","dACC_v17_ FISH-IF v2.4.4","1697","3238","3253","2749","2764","0","0","0","0","1","1","2513.2104","0","549.46063","0","0","0","0","0","0","0","0","0","0","0","0","0","0","0","0","0","0","0","0","31.254993","30.380405","0.874587","3.432771","0.677789"
"D:\HAA\dACC revisions\Run 4\Br2720_dACC_20x_img_020-MaxIP-Stitched_unmixed_rotated.nd2","Layer 1","dACC_v17_ FISH-IF v2.4.4","1698","3349","3366","2750","2767","0","0","0","0","1","1","445.11008","0","210.04228","0","0","0","0","0","0","0","0","0","0","0","0","0","0","0","1","0.598402","0","282.99808","472.92307","42.026226","37.008858","5.01737","11.156505","0.539152"
"D:\HAA\dACC revisions\Run 4\Br2720_dACC_20x_img_020-MaxIP-Stitched_unmixed_rotated.nd2","Layer 1","dACC_v17_ FISH-IF v2.4.4","1699","3397","3429","2752","2776","0","0","0","0","1","1","1697.4723","0","262.45557","0","0","0","0","0","0","0","0","0","0","0","0","0","0","0","0","0","0","0","0","111.76307","81.84297","29.920095","25.74578","0.675215"
"D:\HAA\dACC revisions\Run 4\Br2720_dACC_20x_img_020-MaxIP-Stitched_unmixed_rotated.nd2","Layer 1","dACC_v17_ FISH-IF v2.4.4","1700","3213","3239","2757","2785","0","0","0","0","1","1","2800.27","0","462.32632","0","0","0","0","0","0","0","0","0","0","0","0","0","0","0","2","0.920618","0","407.7879","442.95","96.06653","56.848183","39.21834","30.251291","0.759035"
"D:\HAA\dACC revisions\Run 4\Br2720_dACC_20x_img_020-MaxIP-Stitched_unmixed_rotated.nd2","Layer 1","dACC_v17_ FISH-IF v2.4.4","1701","3328","3350","2759","2781","0","0","0","0","1","1","863.7265","0","233.16255","0","0","0","0","0","0","0","0","0","0","0","0","0","0","0","0","0","0","0","0","65.087715","48.424526","16.663193","19.309336","0.681051"
"D:\HAA\dACC revisions\Run 4\Br2720_dACC_20x_img_020-MaxIP-Stitched_unmixed_rotated.nd2","Layer 1","dACC_v17_ FISH-IF v2.4.4","1702","3252","3290","2772","2794","0","0","0","0","1","1","986.02356","0","201.30501","0","0","0","0","0","0","0","0","0","0","0","0","0","0","0","1","0.644433","0","296.07086","459.42856","106.97585","69.87493","37.100918","30.894936","0.537454"
"D:\HAA\dACC revisions\Run 4\Br2720_dACC_20x_img_020-MaxIP-Stitched_unmixed_rotated.nd2","Layer 1","dACC_v17_ FISH-IF v2.4.4","1703","3251","3279","2789","2805","0","0","0","0","1","1","830.87854","0","334.18134","0","0","0","0","0","0","0","0","0","0","0","0","0","0","0","0","0","0","0","0","67.15911","44.419834","22.739273","20.596624","0.749642"
"D:\HAA\dACC revisions\Run 4\Br2720_dACC_20x_img_020-MaxIP-Stitched_unmixed_rotated.nd2","Layer 1","dACC_v17_ FISH-IF v2.4.4","1704","3282","3300","2799","2819","0","0","0","0","1","1","488.80536","0","123.81681","0","0","0","0","0","0","0","0","0","0","0","0","0","0","0","0","0","0","0","0","55.605347","48.746742","6.858607","10.941957","0.816458"
"D:\HAA\dACC revisions\Run 4\Br2720_dACC_20x_img_020-MaxIP-Stitched_unmixed_rotated.nd2","Layer 1","dACC_v17_ FISH-IF v2.4.4","1705","3296","3328","2820","2847","0","1","1","0","1","1","2006.6034","0","330.73022","0","0","0","0","0","0","0","0","0","0","10","9.252214","2","7932.0938","772.7399","88","87.32065","4","141564.5","1621.203","130.54369","86.676216","43.867466","29.607647","0.753253"
"D:\HAA\dACC revisions\Run 4\Br2720_dACC_20x_img_020-MaxIP-Stitched_unmixed_rotated.nd2","Layer 1","dACC_v17_ FISH-IF v2.4.4","1706","3273","3296","2822","2845","0","0","1","0","1","1","3372.6738","0","376.0022","0","0","0","0","0","0","0","0","0","0","2","1.196804","0","846.23236","707.0769","14","23.383705","2","21173.945","905.5","84.4207","62.832203","21.588501","20.167528","0.849059"
"D:\HAA\dACC revisions\Run 4\Br2720_dACC_20x_img_020-MaxIP-Stitched_unmixed_rotated.nd2","Layer 1","dACC_v17_ FISH-IF v2.4.4","1707","3055","3086","3000","3022","0","0","0","1","1","1","3125.2026","0","464.75204","12","27.52649","2","47149.285","1712.8695","0","0","0","0","0","0","0","0","0","0","0","0","0","0","0","105.917145","78.896996","27.02015","24.029396","0.710546"
"D:\HAA\dACC revisions\Run 4\Br2720_dACC_20x_img_020-MaxIP-Stitched_unmixed_rotated.nd2","Layer 1","dACC_v17_ FISH-IF v2.4.4","1708","5602","5625","3008","3036","0","0","0","1","1","1","2441.2256","0","384.54184","7","20.207573","1","34581.65","1711.3212","0","0","0","0","0","0","0","0","0","0","0","0","0","0","0","93.16658","71.53204","21.634531","21.02572","0.737772"
"D:\HAA\dACC revisions\Run 4\Br2720_dACC_20x_img_020-MaxIP-Stitched_unmixed_rotated.nd2","Layer 1","dACC_v17_ FISH-IF v2.4.4","1709","5429","5456","3010","3043","0","0","0","0","1","1","1969.4753","0","229.25333","0","0","0","0","0","0","0","0","0","0","0","0","0","0","0","0","0","0","0","0","130.08337","86.30797","43.775402","29.607647","0.828669"
"D:\HAA\dACC revisions\Run 4\Br2720_dACC_20x_img_020-MaxIP-Stitched_unmixed_rotated.nd2","Layer 1","dACC_v17_ FISH-IF v2.4.4","1710","5509","5535","3016","3050","0","0","0","1","1","1","1748.4734","0","341.59363","4","8.56175","1","10404.736","1215.258","0","0","0","0","0","0","0","0","0","0","0","0","0","0","0","129.02466","92.66024","36.364426","31.324034","0.577877"
"D:\HAA\dACC revisions\Run 4\Br2720_dACC_20x_img_020-MaxIP-Stitched_unmixed_rotated.nd2","Layer 1","dACC_v17_ FISH-IF v2.4.4","1711","5473","5497","3018","3046","0","0","0","1","1","1","3204.501","0","438.61066","4","9.436338","1","8446.949","895.15125","0","0","0","0","0","0","0","0","0","0","0","0","0","0","0","91.64756","69.87493","21.772623","21.669365","0.761413"
"D:\HAA\dACC revisions\Run 4\Br2720_dACC_20x_img_020-MaxIP-Stitched_unmixed_rotated.nd2","Layer 1","dACC_v17_ FISH-IF v2.4.4","1712","5659","5685","3023","3050","0","0","0","0","1","1","2895.535","0","329.11368","0","0","0","0","0","0","0","0","0","0","0","0","0","0","0","0","0","0","0","0","100.80771","73.695496","27.112211","23.171202","0.914261"
"D:\HAA\dACC revisions\Run 4\Br2720_dACC_20x_img_020-MaxIP-Stitched_unmixed_rotated.nd2","Layer 1","dACC_v17_ FISH-IF v2.4.4","1713","5563","5590","3041","3067","0","0","0","0","1","1","2485.923","0","431.69504","0","0","0","0","0","0","0","0","0","0","0","0","0","0","0","0","0","0","0","0","104.99652","76.227196","28.769323","23.38575","0.861744"
"D:\HAA\dACC revisions\Run 4\Br2720_dACC_20x_img_020-MaxIP-Stitched_unmixed_rotated.nd2","Layer 1","dACC_v17_ FISH-IF v2.4.4","1714","5420","5445","3052","3080","0","0","0","0","1","1","2764.9827","0","322.89975","0","0","0","0","0","0","0","0","0","0","0","0","0","0","0","0","0","0","0","0","105.45683","76.227196","29.229633","23.600298","0.873144"
"D:\HAA\dACC revisions\Run 4\Br2720_dACC_20x_img_020-MaxIP-Stitched_unmixed_rotated.nd2","Layer 1","dACC_v17_ FISH-IF v2.4.4","1715","5563","5589","3099","3126","0","0","0","0","1","1","2684.092","0","358.2849","0","0","0","0","0","0","0","0","0","0","0","0","0","0","0","0","0","0","0","0","102.00452","74.47803","27.52649","22.742105","0.857092"
"D:\HAA\dACC revisions\Run 4\Br2720_dACC_20x_img_020-MaxIP-Stitched_unmixed_rotated.nd2","Layer 1","dACC_v17_ FISH-IF v2.4.4","1716","5430","5460","3124","3146","0","0","0","0","1","1","797.6809","0","171.60025","0","0","0","0","0","0","0","0","0","0","0","0","0","0","0","0","0","0","0","0","92.56818","72.08442","20.483759","21.883913","0.679219"
"D:\HAA\dACC revisions\Run 4\Br2720_dACC_20x_img_020-MaxIP-Stitched_unmixed_rotated.nd2","Layer 1","dACC_v17_ FISH-IF v2.4.4","1717","5471","5502","3155","3184","0","0","0","1","1","1","2091.5361","0","366.7806","7","18.320305","1","26120.566","1425.7714","0","0","0","0","0","0","0","0","0","0","0","0","0","0","0","119.68038","86.44606","33.23432","29.17855","0.688289"
"D:\HAA\dACC revisions\Run 4\Br2720_dACC_20x_img_020-MaxIP-Stitched_unmixed_rotated.nd2","Layer 1","dACC_v17_ FISH-IF v2.4.4","1718","5743","5762","3219","3237","0","0","0","0","1","1","1072.3951","0","135.42273","0","0","0","0","0","0","0","0","0","0","0","0","0","0","0","0","0","0","0","0","51.876842","46.16901","5.707834","9.869216","0.90358"
"D:\HAA\dACC revisions\Run 4\Br2720_dACC_20x_img_020-MaxIP-Stitched_unmixed_rotated.nd2","Layer 1","dACC_v17_ FISH-IF v2.4.4","1719","5490","5508","3221","3240","0","0","0","0","1","1","483.26718","0","116.91732","0","0","0","0","0","0","0","0","0","0","0","0","0","0","0","0","0","0","0","0","52.797462","46.76741","6.03005","10.298312","0.859427"
"D:\HAA\dACC revisions\Run 4\Br2720_dACC_20x_img_020-MaxIP-Stitched_unmixed_rotated.nd2","Layer 1","dACC_v17_ FISH-IF v2.4.4","1720","5585","5607","3232","3251","0","0","0","0","1","1","835.2353","0","149.64433","0","0","0","0","0","0","0","0","0","0","0","0","0","0","0","0","0","0","0","0","62.970295","53.579987","9.390307","13.301987","0.779198"
"D:\HAA\dACC revisions\Run 4\Br2720_dACC_20x_img_020-MaxIP-Stitched_unmixed_rotated.nd2","Layer 1","dACC_v17_ FISH-IF v2.4.4","1721","5414","5449","3263","3290","0","0","1","0","1","1","1286.0424","0","247.2094","0","0","0","0","0","1","0.966649","0","767.0592","793.5238","0","0","0","0","0","4","2.071391","1","975.11896","470.75555","126.90724","92.107864","34.799374","30.894936","0.625376"
"D:\HAA\dACC revisions\Run 4\Br2720_dACC_20x_img_020-MaxIP-Stitched_unmixed_rotated.nd2","Layer 1","dACC_v17_ FISH-IF v2.4.4","1722","5732","5762","3317","3346","0","0","0","0","1","1","2320.6638","0","368.26062","0","0","0","0","0","0","0","0","0","0","0","0","0","0","0","0","0","0","0","0","119.95657","83.54611","36.410458","27.891262","0.783919"
"D:\HAA\dACC revisions\Run 4\Br2720_dACC_20x_img_020-MaxIP-Stitched_unmixed_rotated.nd2","Layer 1","dACC_v17_ FISH-IF v2.4.4","1723","5775","5806","3353","3385","0","0","1","0","1","1","1817.9414","0","309.81662","0","0","0","0","0","0","0","0","0","0","0","0","0","0","0","12","22.509119","2","16854.957","748.8057","139.28955","91.37137","47.918186","31.324034","0.850447"
"D:\HAA\dACC revisions\Run 4\Br2720_dACC_20x_img_020-MaxIP-Stitched_unmixed_rotated.nd2","Layer 1","dACC_v17_ FISH-IF v2.4.4","1724","5680","5707","3359","3382","0","0","0","0","1","1","2099.9917","0","345.25937","0","0","0","0","0","1","0.460309","0","280.88065","610.2","0","0","0","0","0","0","0","0","0","0","92.24596","70.10509","22.140871","20.596624","0.781408"
"D:\HAA\dACC revisions\Run 4\Br2720_dACC_20x_img_020-MaxIP-Stitched_unmixed_rotated.nd2","Layer 1","dACC_v17_ FISH-IF v2.4.4","1725","5692","5720","3394","3420","0","0","0","0","1","1","2810.328","0","392.99268","0","0","0","0","0","0","0","0","0","0","0","0","0","0","0","0","0","0","0","0","104.12193","75.49071","28.631231","23.600298","0.845189"
"D:\HAA\dACC revisions\Run 4\Br2720_dACC_20x_img_020-MaxIP-Stitched_unmixed_rotated.nd2","Layer 1","dACC_v17_ FISH-IF v2.4.4","1726","5482","5515","2608","2634","0","0","0","0","1","1","1841.1505","0","267.21356","0","0","0","0","0","0","0","0","0","0","0","0","0","0","0","1","0.966649","0","473.61212","489.9524","127.5977","88.14921","39.448498","28.749454","0.736922"
"D:\HAA\dACC revisions\Run 4\Br2720_dACC_20x_img_020-MaxIP-Stitched_unmixed_rotated.nd2","Layer 1","dACC_v17_ FISH-IF v2.4.4","1727","5726","5754","2614","2640","0","0","0","0","1","1","1475.9313","0","269.5171","0","0","0","0","0","0","0","0","0","0","0","0","0","0","0","0","0","0","0","0","106.285385","76.8256","29.459787","24.029396","0.83615"
"D:\HAA\dACC revisions\Run 4\Br2720_dACC_20x_img_020-MaxIP-Stitched_unmixed_rotated.nd2","Layer 1","dACC_v17_ FISH-IF v2.4.4","1728","5556","5585","2670","2696","0","0","0","0","1","1","1514.2087","0","222.18105","0","0","0","0","0","0","0","0","0","0","0","0","0","0","0","2","1.472989","0","684.2496","464.53125","113.46621","80.600136","32.866074","24.887589","0.777953"
"D:\HAA\dACC revisions\Run 4\Br2720_dACC_20x_img_020-MaxIP-Stitched_unmixed_rotated.nd2","Layer 1","dACC_v17_ FISH-IF v2.4.4","1729","5747","5775","2676","2699","0","0","0","1","1","1","2694.7378","0","371.54358","5","13.348966","1","16995.443","1273.1655","0","0","0","0","0","0","0","0","0","0","0","0","0","0","0","89.023796","69.18447","19.839325","20.382076","0.710815"
"D:\HAA\dACC revisions\Run 4\Br2720_dACC_20x_img_020-MaxIP-Stitched_unmixed_rotated.nd2","Layer 1","dACC_v17_ FISH-IF v2.4.4","1730","5474","5502","2717","2744","0","0","0","0","1","1","676.671","0","161.94438","0","0","0","0","0","3","3.49835","0","3098.7092","885.7632","0","0","0","0","0","2","1.380928","0","690.46375","500","110.38214","78.620804","31.761333","25.316685","0.890569"
"D:\HAA\dACC revisions\Run 4\Br2720_dACC_20x_img_020-MaxIP-Stitched_unmixed_rotated.nd2","Layer 1","dACC_v17_ FISH-IF v2.4.4","1731","5736","5764","2724","2748","0","0","0","0","1","1","3140.925","0","373.11124","0","0","0","0","0","0","0","0","0","0","0","0","0","0","0","0","0","0","0","0","99.42678","73.64947","25.777313","22.527557","0.809172"
"D:\HAA\dACC revisions\Run 4\Br2720_dACC_20x_img_020-MaxIP-Stitched_unmixed_rotated.nd2","Layer 1","dACC_v17_ FISH-IF v2.4.4","1732","5749","5770","2755","2776","0","0","1","0","1","1","1463.8778","0","189.70583","0","0","0","0","0","3","1.288866","0","793.2968","615.5","0","0","0","0","0","4","4.326906","1","2160.3691","499.28723","64.62741","54.454575","10.172832","13.731083","0.815167"
"D:\HAA\dACC revisions\Run 4\Br2720_dACC_20x_img_020-MaxIP-Stitched_unmixed_rotated.nd2","Layer 1","dACC_v17_ FISH-IF v2.4.4","1733","5417","5446","2763","2788","0","0","0","0","1","1","2569.4668","0","368.13235","0","0","0","0","0","0","0","0","0","0","0","0","0","0","0","0","0","0","0","0","107.436165","77.562096","29.874065","24.458492","0.803309"
"D:\HAA\dACC revisions\Run 4\Br2720_dACC_20x_img_020-MaxIP-Stitched_unmixed_rotated.nd2","Layer 1","dACC_v17_ FISH-IF v2.4.4","1734","5626","5648","2783","2806","0","0","0","0","1","1","3013.6497","0","482.36017","1","1.242835","0","1060.4143","853.2222","0","0","0","0","0","0","0","0","0","0","0","0","0","0","0","74.524055","60.070347","14.453708","16.734756","0.874111"
"D:\HAA\dACC revisions\Run 4\Br2720_dACC_20x_img_020-MaxIP-Stitched_unmixed_rotated.nd2","Layer 1","dACC_v17_ FISH-IF v2.4.4","1735","5773","5802","2800","2828","0","0","0","0","1","1","2347.0889","0","397.92886","0","0","0","0","0","0","0","0","0","0","0","0","0","0","0","0","0","0","0","0","116.82647","82.165184","34.66128","27.03307","0.768716"
"D:\HAA\dACC revisions\Run 4\Br2720_dACC_20x_img_020-MaxIP-Stitched_unmixed_rotated.nd2","Layer 1","dACC_v17_ FISH-IF v2.4.4","1736","5526","5544","2821","2839","0","0","0","0","1","1","372.0392","0","113.83787","0","0","0","0","0","0","0","0","0","0","0","0","0","0","0","0","0","0","0","0","48.70071","44.005558","4.695154","8.581926","0.885545"
"D:\HAA\dACC revisions\Run 4\Br2720_dACC_20x_img_020-MaxIP-Stitched_unmixed_rotated.nd2","Layer 1","dACC_v17_ FISH-IF v2.4.4","1737","5678","5703","2840","2862","0","0","0","1","1","1","2439.6382","0","409.404","5","6.582421","1","5920.22","899.3986","0","0","0","0","0","0","0","0","0","0","0","0","0","0","0","81.428696","57.768803","23.659891","22.742105","0.72138"
"D:\HAA\dACC revisions\Run 4\Br2720_dACC_20x_img_020-MaxIP-Stitched_unmixed_rotated.nd2","Layer 1","dACC_v17_ FISH-IF v2.4.4","1738","5682","5703","2859","2875","0","0","0","1","1","1","1966.1576","0","396.63495","4","6.444328","1","6885.1206","1068.4","0","0","0","0","0","0","0","0","0","0","0","0","0","0","0","42.900814","35.305714","7.595101","12.443794","0.715545"
"D:\HAA\dACC revisions\Run 4\Br2720_dACC_20x_img_020-MaxIP-Stitched_unmixed_rotated.nd2","Layer 1","dACC_v17_ FISH-IF v2.4.4","1739","5508","5526","2865","2881","0","0","0","0","1","1","648.54236","0","201.91203","0","0","0","0","0","0","0","0","0","0","0","0","0","0","0","0","0","0","0","0","42.486538","39.770714","2.715824","7.08009","0.700605"
"D:\HAA\dACC revisions\Run 4\Br2720_dACC_20x_img_020-MaxIP-Stitched_unmixed_rotated.nd2","Layer 1","dACC_v17_ FISH-IF v2.4.4","1740","5597","5628","2873","2898","0","0","0","0","1","1","1971.4528","0","260.47598","0","0","0","0","0","0","0","0","0","0","0","0","0","0","0","3","2.02536","0","943.26556","465.72726","116.08997","79.587456","36.502518","27.462166","0.76388"
"D:\HAA\dACC revisions\Run 4\Br2720_dACC_20x_img_020-MaxIP-Stitched_unmixed_rotated.nd2","Layer 1","dACC_v17_ FISH-IF v2.4.4","1741","5514","5538","2881","2903","0","0","0","0","1","1","2755.2886","0","575.2002","0","0","0","0","0","0","0","0","0","0","0","0","0","0","0","0","0","0","0","0","59.886223","41.381794","18.504429","20.811172","0.762988"
"D:\HAA\dACC revisions\Run 4\Br2720_dACC_20x_img_020-MaxIP-Stitched_unmixed_rotated.nd2","Layer 1","dACC_v17_ FISH-IF v2.4.4","1742","5503","5533","2888","2913","0","0","0","1","1","1","2549.3765","0","483.18198","7","16.61716","1","20455.402","1230.9806","0","0","0","0","0","0","0","0","0","0","0","0","0","0","0","86.63019","57.1704","29.459787","27.676714","0.726796"
"D:\HAA\dACC revisions\Run 4\Br2720_dACC_20x_img_020-MaxIP-Stitched_unmixed_rotated.nd2","Layer 1","dACC_v17_ FISH-IF v2.4.4","1743","5598","5626","2897","2917","0","0","0","0","1","1","1314.0149","0","197.61281","0","0","0","0","0","0","0","0","0","0","0","0","0","0","0","0","0","0","0","0","81.75091","63.24648","18.504429","20.167528","0.734106"
"D:\HAA\dACC revisions\Run 4\Br2720_dACC_20x_img_020-MaxIP-Stitched_unmixed_rotated.nd2","Layer 1","dACC_v17_ FISH-IF v2.4.4","1744","5434","5453","2900","2919","0","0","0","0","1","1","715.0709","0","127.47003","0","0","0","0","0","0","0","0","0","0","0","0","0","0","0","0","0","0","0","0","54.868855","48.378494","6.490359","10.727408","0.763169"
"D:\HAA\dACC revisions\Run 4\Br2720_dACC_20x_img_020-MaxIP-Stitched_unmixed_rotated.nd2","Layer 1","dACC_v17_ FISH-IF v2.4.4","1745","5595","5617","2916","2939","0","0","0","0","1","1","1385.1019","0","211.9159","0","0","0","0","0","0","0","0","0","0","0","0","0","0","0","0","0","0","0","0","73.64947","59.65607","13.993399","15.876565","0.886044"
"D:\HAA\dACC revisions\Run 4\Br2720_dACC_20x_img_020-MaxIP-Stitched_unmixed_rotated.nd2","Layer 1","dACC_v17_ FISH-IF v2.4.4","1746","5450","5478","2930","2952","0","0","0","0","1","1","3292.5198","0","349.50906","0","0","0","0","0","0","0","0","0","0","0","0","0","0","0","0","0","0","0","0","93.21261","71.07174","22.140871","20.596624","0.747982"
"D:\HAA\dACC revisions\Run 4\Br2720_dACC_20x_img_020-MaxIP-Stitched_unmixed_rotated.nd2","Layer 1","dACC_v17_ FISH-IF v2.4.4","1747","5779","5800","2995","3015","0","0","0","0","1","1","1004.237","0","168.21352","0","0","0","0","0","2","0.920618","0","622.70624","676.4","0","0","0","0","0","0","0","0","0","0","59.057667","51.09432","7.963349","12.443794","0.742996"
"D:\HAA\dACC revisions\Run 4\Br2720_dACC_20x_img_020-MaxIP-Stitched_unmixed_rotated.nd2","Layer 1","dACC_v17_ FISH-IF v2.4.4","1748","4476","4503","2206","2232","0","0","0","0","1","1","3099.7341","0","374.2695","0","0","0","0","0","0","0","0","0","0","0","0","0","0","0","0","0","0","0","0","90.45075","58.413235","32.037518","26.389425","0.827946"
"D:\HAA\dACC revisions\Run 4\Br2720_dACC_20x_img_020-MaxIP-Stitched_unmixed_rotated.nd2","Layer 1","dACC_v17_ FISH-IF v2.4.4","1749","4508","4531","2216","2245","0","0","0","0","1","1","3571.3171","0","389.1917","0","0","0","0","0","0","0","0","0","0","0","0","0","0","0","0","0","0","0","0","99.79503","73.23519","26.55984","23.171202","0.783007"
"D:\HAA\dACC revisions\Run 4\Br2720_dACC_20x_img_020-MaxIP-Stitched_unmixed_rotated.nd2","Layer 1","dACC_v17_ FISH-IF v2.4.4","1750","4575","4608","2217","2247","1","1","0","0","1","1","1603.8307","0","469.88284","0","0","0","0","0","11","16.433037","2","15403.556","937.35297","4","4.326906","1","3361.638","776.9149","0","0","0","0","0","144.44502","90.35869","54.086327","33.040417","0.759951"
"D:\HAA\dACC revisions\Run 4\Br2720_dACC_20x_img_020-MaxIP-Stitched_unmixed_rotated.nd2","Layer 1","dACC_v17_ FISH-IF v2.4.4","1751","4532","4553","2220","2252","1","0","0","0","1","1","896.42316","0","176.73633","0","0","0","0","0","5","5.937988","1","5091.94","779.0141","0","0","0","0","0","0","0","0","0","0","95.56019","74.8923","20.667881","24.029396","0.575917"
"D:\HAA\dACC revisions\Run 4\Br2720_dACC_20x_img_020-MaxIP-Stitched_unmixed_rotated.nd2","Layer 1","dACC_v17_ FISH-IF v2.4.4","1752","4226","4247","2227","2260","0","0","0","0","1","1","2298.7715","0","331.7064","0","0","0","0","0","0","0","0","0","0","0","0","0","0","0","0","0","0","0","0","107.89647","81.52075","26.375715","24.67304","0.592942"
"D:\HAA\dACC revisions\Run 4\Br2720_dACC_20x_img_020-MaxIP-Stitched_unmixed_rotated.nd2","Layer 1","dACC_v17_ FISH-IF v2.4.4","1753","4578","4604","2246","2271","0","0","0","0","1","1","2973.1375","0","460.86948","0","0","0","0","0","2","1.841237","0","1335.0347","725.075","0","0","0","0","0","0","0","0","0","0","88.14921","54.316483","33.832726","26.818521","0.84486"
"D:\HAA\dACC revisions\Run 4\Br2720_dACC_20x_img_020-MaxIP-Stitched_unmixed_rotated.nd2","Layer 1","dACC_v17_ FISH-IF v2.4.4","1754","4595","4619","2252","2281","0","0","0","0","1","1","3257.122","0","368.56104","1","0.552371","0","445.25708","806.0833","0","0","0","0","0","0","0","0","0","0","0","0","0","0","0","89.392044","58.82751","30.56453","25.531233","0.742217"
"D:\HAA\dACC revisions\Run 4\Br2720_dACC_20x_img_020-MaxIP-Stitched_unmixed_rotated.nd2","Layer 1","dACC_v17_ FISH-IF v2.4.4","1755","4341","4379","2336","2365","1","0","0","0","1","1","1061.4299","0","209.18242","0","0","0","0","0","4","6.582421","1","7127.7036","1082.8391","3","2.853917","0","2775.7563","972.6129","3","1.657113","0","756.4721","456.5","143.57043","96.89508","46.67535","35.614998","0.640245"
"D:\HAA\dACC revisions\Run 4\Br2720_dACC_20x_img_020-MaxIP-Stitched_unmixed_rotated.nd2","Layer 1","dACC_v17_ FISH-IF v2.4.4","1756","4325","4343","2343","2363","0","0","0","0","1","1","484.78262","0","121.36418","0","0","0","0","0","3","2.853917","0","2270.2449","795.4839","0","0","0","0","0","1","0.50634","0","240.37344","474.72726","52.61334","46.26107","6.352267","10.51286","0.794881"
"D:\HAA\dACC revisions\Run 4\Br2720_dACC_20x_img_020-MaxIP-Stitched_unmixed_rotated.nd2","Layer 1","dACC_v17_ FISH-IF v2.4.4","1757","4486","4505","2368","2387","0","0","0","0","1","1","848.70966","0","133.112","0","0","0","0","0","0","0","0","0","0","0","0","0","0","0","2","1.611082","0","783.124","486.08572","51.73875","46.03092","5.707834","10.298312","0.881"
"D:\HAA\dACC revisions\Run 4\Br2720_dACC_20x_img_020-MaxIP-Stitched_unmixed_rotated.nd2","Layer 1","dACC_v17_ FISH-IF v2.4.4","1758","4577","4614","2397","2420","0","0","0","0","1","1","2726.8142","0","502.11295","0","0","0","0","0","0","0","0","0","0","0","0","0","0","0","0","0","0","0","0","129.20879","91.27931","37.929478","29.822195","0.655538"
"D:\HAA\dACC revisions\Run 4\Br2720_dACC_20x_img_020-MaxIP-Stitched_unmixed_rotated.nd2","Layer 1","dACC_v17_ FISH-IF v2.4.4","1759","4470","4504","2402","2431","0","0","0","0","1","1","3058.002","0","630.9255","0","0","0","0","0","0","0","0","0","0","0","0","0","0","0","0","0","0","0","0","132.24683","82.165184","50.08164","34.542255","0.721463"
"D:\HAA\dACC revisions\Run 4\Br2720_dACC_20x_img_020-MaxIP-Stitched_unmixed_rotated.nd2","Layer 1","dACC_v17_ FISH-IF v2.4.4","1760","4518","4562","2405","2438","0","0","0","0","1","1","3124.8547","0","655.148","0","0","0","0","0","0","0","0","0","0","0","0","0","0","0","0","0","0","0","0","207.50737","117.88518","89.6222","47.200596","0.672841"
"D:\HAA\dACC revisions\Run 4\Br2720_dACC_20x_img_020-MaxIP-Stitched_unmixed_rotated.nd2","Layer 1","dACC_v17_ FISH-IF v2.4.4","1761","4441","4467","2414","2441","0","0","0","0","1","1","2962.144","0","765.8876","0","0","0","0","0","0","0","0","0","0","0","0","0","0","0","0","0","0","0","0","91.5555","61.819523","29.735973","24.887589","0.733969"
"D:\HAA\dACC revisions\Run 4\Br2720_dACC_20x_img_020-MaxIP-Stitched_unmixed_rotated.nd2","Layer 1","dACC_v17_ FISH-IF v2.4.4","1762","4500","4518","2415","2437","0","0","0","0","1","1","1836.505","0","598.12256","0","0","0","0","0","0","0","0","0","0","0","0","0","0","0","0","0","0","0","0","58.09102","44.327774","13.763245","16.949305","0.721984"
"D:\HAA\dACC revisions\Run 4\Br2720_dACC_20x_img_020-MaxIP-Stitched_unmixed_rotated.nd2","Layer 1","dACC_v17_ FISH-IF v2.4.4","1763","4463","4496","2425","2446","0","0","0","0","1","1","3363.102","0","717.42334","0","0","0","0","0","0","0","0","0","0","0","0","0","0","0","0","0","0","0","0","79.909676","43.821434","36.088238","29.822195","0.608652"
"D:\HAA\dACC revisions\Run 4\Br2720_dACC_20x_img_020-MaxIP-Stitched_unmixed_rotated.nd2","Layer 1","dACC_v17_ FISH-IF v2.4.4","1764","4507","4535","2434","2452","0","0","0","0","1","1","2043.0575","0","630.4333","0","0","0","0","0","0","0","0","0","0","0","0","0","0","0","0","0","0","0","0","63.936943","43.13097","20.805975","23.171202","0.593223"
"D:\HAA\dACC revisions\Run 4\Br2720_dACC_20x_img_020-MaxIP-Stitched_unmixed_rotated.nd2","Layer 1","dACC_v17_ FISH-IF v2.4.4","1765","4450","4471","2438","2455","0","0","0","0","1","1","2756.721","0","619.47424","0","0","0","0","0","0","0","0","0","0","0","0","0","0","0","0","0","0","0","0","48.976894","33.970818","15.006079","18.236595","0.679414"
"D:\HAA\dACC revisions\Run 4\Br2720_dACC_20x_img_020-MaxIP-Stitched_unmixed_rotated.nd2","Layer 1","dACC_v17_ FISH-IF v2.4.4","1766","4469","4484","2441","2454","0","0","0","0","1","1","3136.7568","0","424.3343","0","0","0","0","0","0","0","0","0","0","0","0","0","0","0","0","0","0","0","0","26.00747","15.972729","10.03474","13.516535","0.720423"
"D:\HAA\dACC revisions\Run 4\Br2720_dACC_20x_img_020-MaxIP-Stitched_unmixed_rotated.nd2","Layer 1","dACC_v17_ FISH-IF v2.4.4","1767","4482","4517","2438","2463","0","0","0","0","1","1","1980.2144","0","335.08868","0","0","0","0","0","0","0","0","0","0","0","0","0","0","0","0","0","0","0","0","105.68699","73.695496","31.991488","33.040417","0.550657"
"D:\HAA\dACC revisions\Run 4\Br2720_dACC_20x_img_020-MaxIP-Stitched_unmixed_rotated.nd2","Layer 1","dACC_v17_ FISH-IF v2.4.4","1768","4567","4588","2437","2460","0","0","0","0","1","1","2108.1714","0","512.89703","0","0","0","0","0","0","0","0","0","0","0","0","0","0","0","0","0","0","0","0","69.04638","45.15633","23.890047","22.098461","0.736306"
"D:\HAA\dACC revisions\Run 4\Br2720_dACC_20x_img_020-MaxIP-Stitched_unmixed_rotated.nd2","Layer 1","dACC_v17_ FISH-IF v2.4.4","1769","4553","4569","2440","2464","0","0","0","0","1","1","2515.772","0","659.2543","0","0","0","0","0","0","0","0","0","0","0","0","0","0","0","0","0","0","0","0","53.902203","29.689941","24.212263","21.454817","0.745774"
"D:\HAA\dACC revisions\Run 4\Br2720_dACC_20x_img_020-MaxIP-Stitched_unmixed_rotated.nd2","Layer 1","dACC_v17_ FISH-IF v2.4.4","1770","4414","4435","2441","2458","0","0","0","0","1","1","1390.8334","0","228.82431","0","0","0","0","0","0","0","0","0","0","0","0","0","0","0","0","0","0","0","0","52.24509","45.06427","7.180823","12.443794","0.729353"
"D:\HAA\dACC revisions\Run 4\Br2720_dACC_20x_img_020-MaxIP-Stitched_unmixed_rotated.nd2","Layer 1","dACC_v17_ FISH-IF v2.4.4","1771","4596","4621","2443","2467","0","0","0","0","1","1","2696.517","0","475.9825","0","0","0","0","0","0","0","0","0","0","0","0","0","0","0","0","0","0","0","0","74.10978","52.65937","21.450407","21.02572","0.783273"
"D:\HAA\dACC revisions\Run 4\Br2720_dACC_20x_img_020-MaxIP-Stitched_unmixed_rotated.nd2","Layer 1","dACC_v17_ FISH-IF v2.4.4","1772","4539","4560","2447","2476","0","0","0","0","1","1","2092.7334","0","525.07434","0","0","0","0","0","0","0","0","0","0","0","0","0","0","0","0","0","0","0","0","82.25725","42.71669","39.540558","33.469513","0.617284"
"D:\HAA\dACC revisions\Run 4\Br2720_dACC_20x_img_020-MaxIP-Stitched_unmixed_rotated.nd2","Layer 1","dACC_v17_ FISH-IF v2.4.4","1773","4587","4611","2452","2479","0","0","0","0","1","1","3053.0073","0","680.37946","0","0","0","0","0","0","0","0","0","0","0","0","0","0","0","0","0","0","0","0","80.87632","55.55932","25.317005","23.171202","0.756475"
"D:\HAA\dACC revisions\Run 4\Br2720_dACC_20x_img_020-MaxIP-Stitched_unmixed_rotated.nd2","Layer 1","dACC_v17_ FISH-IF v2.4.4","1774","4510","4539","2454","2478","0","0","0","0","1","1","2113.163","0","441.50424","0","0","0","0","0","0","0","0","0","0","0","0","0","0","0","0","0","0","0","0","95.69828","54.224422","41.473858","31.75313","0.633277"
"D:\HAA\dACC revisions\Run 4\Br2720_dACC_20x_img_020-MaxIP-Stitched_unmixed_rotated.nd2","Layer 1","dACC_v17_ FISH-IF v2.4.4","1775","4412","4464","2456","2489","0","0","0","0","1","1","2216.0789","0","334.58096","0","0","0","0","0","0","0","0","0","0","0","0","0","0","0","0","0","0","0","0","242.95119","146.10213","96.84905","58.3571","0.645469"
"D:\HAA\dACC revisions\Run 4\Br2720_dACC_20x_img_020-MaxIP-Stitched_unmixed_rotated.nd2","Layer 1","dACC_v17_ FISH-IF v2.4.4","1776","4560","4588","2458","2482","0","0","0","0","1","1","2679.142","0","540.5993","0","0","0","0","0","0","0","0","0","0","0","0","0","0","0","0","0","0","0","0","99.702965","65.3639","34.339066","26.603973","0.723721"
"D:\HAA\dACC revisions\Run 4\Br2720_dACC_20x_img_020-MaxIP-Stitched_unmixed_rotated.nd2","Layer 1","dACC_v17_ FISH-IF v2.4.4","1777","4386","4411","2459","2483","0","0","0","0","1","1","2472.1406","0","319.66272","0","0","0","0","0","0","0","0","0","0","0","0","0","0","0","0","0","0","0","0","84.32864","66.33055","17.998089","21.02572","0.691171"
"D:\HAA\dACC revisions\Run 4\Br2720_dACC_20x_img_020-MaxIP-Stitched_unmixed_rotated.nd2","Layer 1","dACC_v17_ FISH-IF v2.4.4","1778","4367","4386","2460","2483","0","0","1","0","1","1","529.7","0","223.43947","0","0","0","0","0","0","0","0","0","0","1","0.920618","0","674.6752","732.85","9","13.348966","1","6304.6704","472.29654","66.56071","55.513287","11.047421","14.160179","0.769339"
"D:\HAA\dACC revisions\Run 4\Br2720_dACC_20x_img_020-MaxIP-Stitched_unmixed_rotated.nd2","Layer 1","dACC_v17_ FISH-IF v2.4.4","1779","4488","4513","2466","2495","0","0","0","0","1","1","2013.1199","0","428.65833","0","0","0","0","0","0","0","0","0","0","0","0","0","0","0","0","0","0","0","0","106.37745","77.19385","29.183601","24.029396","0.76891"
"D:\HAA\dACC revisions\Run 4\Br2720_dACC_20x_img_020-MaxIP-Stitched_unmixed_rotated.nd2","Layer 1","dACC_v17_ FISH-IF v2.4.4","1780","4521","4539","2476","2493","0","0","0","0","1","1","2717.1865","0","452.0105","0","0","0","0","0","0","0","0","0","0","0","0","0","0","0","0","0","0","0","0","54.362514","35.12159","19.240923","18.022047","0.782744"
"D:\HAA\dACC revisions\Run 4\Br2720_dACC_20x_img_020-MaxIP-Stitched_unmixed_rotated.nd2","Layer 1","dACC_v17_ FISH-IF v2.4.4","1781","4540","4559","2476","2493","0","0","0","0","1","1","2482.7705","0","441.3031","0","0","0","0","0","0","0","0","0","0","0","0","0","0","0","0","0","0","0","0","53.395863","35.53587","17.859997","18.451143","0.769389"
"D:\HAA\dACC revisions\Run 4\Br2720_dACC_20x_img_020-MaxIP-Stitched_unmixed_rotated.nd2","Layer 1","dACC_v17_ FISH-IF v2.4.4","1782","4343","4365","2470","2489","0","0","0","0","1","1","1724.6809","0","193.06216","0","0","0","0","0","0","0","0","0","0","0","0","0","0","0","1","0.552371","0","239.54489","433.66666","61.22112","52.567307","8.653812","12.443794","0.788025"
"D:\HAA\dACC revisions\Run 4\Br2720_dACC_20x_img_020-MaxIP-Stitched_unmixed_rotated.nd2","Layer 1","dACC_v17_ FISH-IF v2.4.4","1783","4458","4477","2472","2491","0","0","0","0","1","1","1664.854","0","325.8631","0","0","0","0","0","0","0","0","0","0","0","0","0","0","0","0","0","0","0","0","45.984886","39.67865","6.306236","11.585601","0.688973"
"D:\HAA\dACC revisions\Run 4\Br2720_dACC_20x_img_020-MaxIP-Stitched_unmixed_rotated.nd2","Layer 1","dACC_v17_ FISH-IF v2.4.4","1784","4293","4321","2479","2505","0","0","0","0","1","1","2575.1472","0","591.59106","0","0","0","0","0","0","0","0","0","0","0","0","0","0","0","0","0","0","0","0","94.54751","67.98766","26.55984","24.029396","0.718974"
"D:\HAA\dACC revisions\Run 4\Br2720_dACC_20x_img_020-MaxIP-Stitched_unmixed_rotated.nd2","Layer 1","dACC_v17_ FISH-IF v2.4.4","1785","4452","4471","2484","2505","0","0","0","0","1","1","1955.1992","0","372.71878","0","0","0","0","0","0","0","0","0","0","0","0","0","0","0","0","0","0","0","0","55.421227","43.867466","11.553761","14.160179","0.877737"
"D:\HAA\dACC revisions\Run 4\Br2720_dACC_20x_img_020-MaxIP-Stitched_unmixed_rotated.nd2","Layer 1","dACC_v17_ FISH-IF v2.4.4","1786","4434","4451","2485","2507","0","0","0","0","1","1","1171.9946","0","214.61287","0","0","0","0","0","0","0","0","0","0","0","0","0","0","0","0","0","0","0","0","57.998955","49.345142","8.653812","13.731083","0.672582"
"D:\HAA\dACC revisions\Run 4\Br2720_dACC_20x_img_020-MaxIP-Stitched_unmixed_rotated.nd2","Layer 1","dACC_v17_ FISH-IF v2.4.4","1787","4304","4329","2494","2519","0","0","0","0","1","1","2748.344","0","372.5834","0","0","0","0","0","0","0","0","0","0","0","0","0","0","0","0","0","0","0","0","75.67483","55.467255","20.207573","22.527557","0.63029"
"D:\HAA\dACC revisions\Run 4\Br2720_dACC_20x_img_020-MaxIP-Stitched_unmixed_rotated.nd2","Layer 1","dACC_v17_ FISH-IF v2.4.4","1788","4276","4300","2498","2519","0","0","0","0","1","1","1920.589","0","326.1529","0","0","0","0","0","0","0","0","0","0","0","0","0","0","0","0","0","0","0","0","68.54004","55.099007","13.441028","16.30566","0.779245"
"D:\HAA\dACC revisions\Run 4\Br2720_dACC_20x_img_020-MaxIP-Stitched_unmixed_rotated.nd2","Layer 1","dACC_v17_ FISH-IF v2.4.4","1789","4483","4511","2501","2527","0","0","0","0","1","1","2991.7932","0","549.6442","0","0","0","0","0","0","0","0","0","0","0","0","0","0","0","0","0","0","0","0","104.766365","75.81292","28.953447","23.600298","0.847479"
"D:\HAA\dACC revisions\Run 4\Br2720_dACC_20x_img_020-MaxIP-Stitched_unmixed_rotated.nd2","Layer 1","dACC_v17_ FISH-IF v2.4.4","1790","4248","4282","2510","2540","0","0","0","0","1","1","2694.1096","0","412.48196","0","0","0","0","0","0","0","0","0","0","0","0","0","0","0","0","0","0","0","0","117.51693","90.63488","26.882055","33.040417","0.45302"
"D:\HAA\dACC revisions\Run 4\Br2720_dACC_20x_img_020-MaxIP-Stitched_unmixed_rotated.nd2","Layer 1","dACC_v17_ FISH-IF v2.4.4","1791","4293","4320","2514","2537","0","0","0","0","1","1","2256.0417","0","366.78073","0","0","0","0","0","0","0","0","0","0","0","0","0","0","0","0","0","0","0","0","82.76359","60.66875","22.094841","22.527557","0.734762"
"D:\HAA\dACC revisions\Run 4\Br2720_dACC_20x_img_020-MaxIP-Stitched_unmixed_rotated.nd2","Layer 1","dACC_v17_ FISH-IF v2.4.4","1792","6026","6051","3466","3492","0","0","0","1","1","1","2646.4194","0","464.921","10","21.312315","2","50438.61","2366.6414","0","0","0","0","0","0","0","0","0","0","0","0","0","0","0","94.77766","71.07174","23.705923","21.02572","0.867697"
"D:\HAA\dACC revisions\Run 4\Br2720_dACC_20x_img_020-MaxIP-Stitched_unmixed_rotated.nd2","Layer 1","dACC_v17_ FISH-IF v2.4.4","1793","5894","5915","3467","3491","0","0","0","0","1","1","1070.4982","0","158.4762","0","0","0","0","0","0","0","0","0","0","0","0","0","0","0","0","0","0","0","0","70.28921","57.998955","12.290255","15.876565","0.80769"
"D:\HAA\dACC revisions\Run 4\Br2720_dACC_20x_img_020-MaxIP-Stitched_unmixed_rotated.nd2","Layer 1","dACC_v17_ FISH-IF v2.4.4","1794","5842","5878","3514","3539","0","0","0","0","1","1","2163.3848","0","295.87985","0","0","0","0","0","0","0","0","0","0","0","0","0","0","0","0","0","0","0","0","132.70714","91.18725","41.519886","30.46584","0.681102"
"D:\HAA\dACC revisions\Run 4\Br2720_dACC_20x_img_020-MaxIP-Stitched_unmixed_rotated.nd2","Layer 1","dACC_v17_ FISH-IF v2.4.4","1795","5876","5900","3534","3562","0","0","0","0","1","1","2706.5396","0","381.65204","0","0","0","0","0","0","0","0","0","0","0","0","0","0","0","0","0","0","0","0","96.25065","72.3606","23.890047","21.883913","0.753349"
"D:\HAA\dACC revisions\Run 4\Br2720_dACC_20x_img_020-MaxIP-Stitched_unmixed_rotated.nd2","Layer 1","dACC_v17_ FISH-IF v2.4.4","1796","5968","5996","3594","3620","0","0","1","0","1","1","3210.8384","0","444.46567","0","0","0","0","0","0","0","0","0","0","0","0","0","0","0","4","4.096752","1","1981.9993","483.79776","103.93781","75.720856","28.216953","24.029396","0.822283"
"D:\HAA\dACC revisions\Run 4\Br2720_dACC_20x_img_020-MaxIP-Stitched_unmixed_rotated.nd2","Layer 1","dACC_v17_ FISH-IF v2.4.4","1797","6047","6061","3596","3613","0","0","0","0","1","1","2264.9912","0","526.41876","0","0","0","0","0","0","0","0","0","0","0","0","0","0","0","0","0","0","0","0","38.66597","33.418446","5.247525","10.083764","0.599025"
"D:\HAA\dACC revisions\Run 4\Br2720_dACC_20x_img_020-MaxIP-Stitched_unmixed_rotated.nd2","Layer 1","dACC_v17_ FISH-IF v2.4.4","1798","6058","6078","3597","3616","0","0","0","0","1","1","3267.234","0","400.15784","0","0","0","0","0","0","0","0","0","0","0","0","0","0","0","0","0","0","0","0","50.63401","36.456486","14.177523","16.520208","0.774723"
"D:\HAA\dACC revisions\Run 4\Br2720_dACC_20x_img_020-MaxIP-Stitched_unmixed_rotated.nd2","Layer 1","dACC_v17_ FISH-IF v2.4.4","1799","6059","6080","3614","3638","0","0","0","0","1","1","3635.3865","0","371.566","0","0","0","0","0","0","0","0","0","0","0","0","0","0","0","0","0","0","0","0","81.52075","59.61004","21.910717","21.454817","0.659732"
"D:\HAA\dACC revisions\Run 4\Br2720_dACC_20x_img_020-MaxIP-Stitched_unmixed_rotated.nd2","Layer 1","dACC_v17_ FISH-IF v2.4.4","1800","5936","5961","3623","3647","0","0","0","1","1","1","1908.9896","0","229.17076","5","8.653812","1","7804.68","901.8777","0","0","0","0","0","0","0","0","0","0","0","0","0","0","0","85.157196","67.38927","17.767935","20.596624","0.688117"
"D:\HAA\dACC revisions\Run 4\Br2720_dACC_20x_img_020-MaxIP-Stitched_unmixed_rotated.nd2","Layer 1","dACC_v17_ FISH-IF v2.4.4","1801","5912","5944","3712","3735","0","0","0","0","1","1","2812.2788","0","348.82727","0","0","0","0","0","0","0","0","0","0","0","0","0","0","0","0","0","0","0","0","110.56626","81.01441","29.55185","24.887589","0.707063"
"D:\HAA\dACC revisions\Run 4\Br2720_dACC_20x_img_020-MaxIP-Stitched_unmixed_rotated.nd2","Layer 1","dACC_v17_ FISH-IF v2.4.4","1802","5988","6015","3787","3810","0","0","0","0","1","1","3147.114","0","463.002","0","0","0","0","0","0","0","0","0","0","0","0","0","0","0","0","0","0","0","0","89.023796","68.447975","20.57582","20.382076","0.77757"
"D:\HAA\dACC revisions\Run 4\Br2720_dACC_20x_img_020-MaxIP-Stitched_unmixed_rotated.nd2","Layer 1","dACC_v17_ FISH-IF v2.4.4","1803","6155","6177","3793","3812","0","0","0","0","1","1","3111.2817","0","352.6171","0","0","0","0","0","0","0","0","0","0","0","0","0","0","0","0","0","0","0","0","58.18308","43.63731","14.54577","17.163853","0.671457"
"D:\HAA\dACC revisions\Run 4\Br2720_dACC_20x_img_020-MaxIP-Stitched_unmixed_rotated.nd2","Layer 1","dACC_v17_ FISH-IF v2.4.4","1804","5406","5429","3014","3040","0","0","0","0","1","1","3160.1282","0","510.33728","0","0","0","0","0","0","0","0","0","0","0","0","0","0","0","0","0","0","0","0","87.09049","65.916275","21.174223","20.596624","0.837671"
"D:\HAA\dACC revisions\Run 4\Br2720_dACC_20x_img_020-MaxIP-Stitched_unmixed_rotated.nd2","Layer 1","dACC_v17_ FISH-IF v2.4.4","1805","5278","5302","3062","3087","0","0","0","0","1","1","3215.0427","0","462.25974","3","10.172832","0","10943.851","1075.7919","0","0","0","0","0","0","0","0","0","0","0","0","0","0","0","85.663536","66.28452","19.379017","19.738432","0.828899"
"D:\HAA\dACC revisions\Run 4\Br2720_dACC_20x_img_020-MaxIP-Stitched_unmixed_rotated.nd2","Layer 1","dACC_v17_ FISH-IF v2.4.4","1806","5096","5133","3087","3118","0","0","0","1","1","1","1692.5931","0","326.9773","11","27.204271","2","45251.293","1663.3892","0","0","0","0","0","0","0","0","0","0","0","0","0","0","0","163.87007","111.486885","52.383183","40.335056","0.624676"
"D:\HAA\dACC revisions\Run 4\Br2720_dACC_20x_img_020-MaxIP-Stitched_unmixed_rotated.nd2","Layer 1","dACC_v17_ FISH-IF v2.4.4","1807","5250","5274","3091","3111","0","0","0","0","1","1","1094.4","0","160.3848","0","0","0","0","0","1","2.071391","0","1719.4849","830.1111","1","0.874587","0","632.2347","722.8947","2","2.117422","0","1143.2239","539.913","67.98766","56.940247","11.047421","14.803823","0.753497"
"D:\HAA\dACC revisions\Run 4\Br2720_dACC_20x_img_020-MaxIP-Stitched_unmixed_rotated.nd2","Layer 1","dACC_v17_ FISH-IF v2.4.4","1808","5139","5166","3114","3143","0","0","1","0","1","1","2298.9333","0","372.7886","0","0","0","0","0","0","0","0","0","0","0","0","0","0","0","14","24.948757","2","19244.375","771.3561","110.24405","79.909676","30.334375","26.174877","0.753151"
"D:\HAA\dACC revisions\Run 4\Br2720_dACC_20x_img_020-MaxIP-Stitched_unmixed_rotated.nd2","Layer 1","dACC_v17_ FISH-IF v2.4.4","1809","5362","5397","3183","3215","1","0","0","0","1","1","1631.3765","0","255.74966","0","0","0","0","0","8","5.799896","1","4137.351","713.3492","1","0.552371","0","361.3427","654.1667","1","0.460309","0","206.40263","448.4","155.53847","100.76168","54.77679","36.47319","0.758642"
"D:\HAA\dACC revisions\Run 4\Br2720_dACC_20x_img_020-MaxIP-Stitched_unmixed_rotated.nd2","Layer 1","dACC_v17_ FISH-IF v2.4.4","1810","5271","5303","3192","3216","0","0","0","0","1","1","1536.4473","0","289.84033","0","0","0","0","0","1","0.414278","0","248.65901","600.2222","0","0","0","0","0","0","0","0","0","0","99.702965","70.05906","29.643911","25.316685","0.718102"
"D:\HAA\dACC revisions\Run 4\Br2720_dACC_20x_img_020-MaxIP-Stitched_unmixed_rotated.nd2","Layer 1","dACC_v17_ FISH-IF v2.4.4","1811","5236","5263","3203","3233","0","0","0","0","1","1","2256.714","0","332.61124","0","0","0","0","0","0","0","0","0","0","0","0","0","0","0","1","1.242835","0","648.34546","521.6667","102.00452","66.422615","35.581898","33.254967","0.557564"
"D:\HAA\dACC revisions\Run 4\Br2720_dACC_20x_img_020-MaxIP-Stitched_unmixed_rotated.nd2","Layer 1","dACC_v17_ FISH-IF v2.4.4","1812","5255","5285","3203","3233","0","0","0","0","1","1","1955.5114","0","281.5077","0","0","0","0","0","0","0","0","0","0","0","0","0","0","0","1","0.414278","0","174.5032","421.22223","107.57426","62.832203","44.74205","31.538582","0.73501"
"D:\HAA\dACC revisions\Run 4\Br2720_dACC_20x_img_020-MaxIP-Stitched_unmixed_rotated.nd2","Layer 1","dACC_v17_ FISH-IF v2.4.4","1813","5210","5231","3231","3246","0","0","0","0","1","1","2119.1023","0","354.07404","0","0","0","0","0","0","0","0","0","0","0","0","0","0","0","0","0","0","0","0","53.11968","39.17231","13.947368","16.734756","0.699064"
"D:\HAA\dACC revisions\Run 4\Br2720_dACC_20x_img_020-MaxIP-Stitched_unmixed_rotated.nd2","Layer 1","dACC_v17_ FISH-IF v2.4.4","1814","5231","5256","3232","3251","0","0","0","0","1","1","1340.9386","0","286.1819","0","0","0","0","0","0","0","0","0","0","0","0","0","0","0","0","0","0","0","0","66.88292","53.395863","13.487059","17.163853","0.62601"
"D:\HAA\dACC revisions\Run 4\Br2720_dACC_20x_img_020-MaxIP-Stitched_unmixed_rotated.nd2","Layer 1","dACC_v17_ FISH-IF v2.4.4","1815","5089","5132","3238","3262","0","0","0","0","1","1","2062.2502","0","383.81625","0","0","0","0","0","0","0","0","0","0","0","0","0","0","0","0","0","0","0","0","132.15477","86.169876","45.984886","36.687737","0.541676"
"D:\HAA\dACC revisions\Run 4\Br2720_dACC_20x_img_020-MaxIP-Stitched_unmixed_rotated.nd2","Layer 1","dACC_v17_ FISH-IF v2.4.4","1816","5207","5233","3246","3268","0","0","1","0","1","1","2230.5713","0","292.03903","0","0","0","0","0","0","0","0","0","0","0","0","0","0","0","4","6.628452","1","3772.602","569.1528","80.646164","55.421227","25.224943","23.171202","0.828257"
"D:\HAA\dACC revisions\Run 4\Br2720_dACC_20x_img_020-MaxIP-Stitched_unmixed_rotated.nd2","Layer 1","dACC_v17_ FISH-IF v2.4.4","1817","5132","5150","3242","3255","0","0","0","0","1","1","1252.8561","0","305.20255","0","0","0","0","0","0","0","0","0","0","0","0","0","0","0","0","0","0","0","0","35.16762","29.09154","6.076081","11.156505","0.649345"
"D:\HAA\dACC revisions\Run 4\Br2720_dACC_20x_img_020-MaxIP-Stitched_unmixed_rotated.nd2","Layer 1","dACC_v17_ FISH-IF v2.4.4","1818","5112","5150","3246","3276","0","0","0","0","1","1","1438.0399","0","365.433","0","0","0","0","0","0","0","0","0","0","0","0","0","0","0","0","0","0","0","0","130.54369","69.41463","61.12906","45.269665","0.73715"
"D:\HAA\dACC revisions\Run 4\Br2720_dACC_20x_img_020-MaxIP-Stitched_unmixed_rotated.nd2","Layer 1","dACC_v17_ FISH-IF v2.4.4","1819","5041","5068","3256","3277","0","0","0","0","1","1","2543.7153","0","382.48468","0","0","0","0","0","0","0","0","0","0","0","0","0","0","0","0","0","0","0","0","74.017715","54.13236","19.885357","21.02572","0.670992"
"D:\HAA\dACC revisions\Run 4\Br2720_dACC_20x_img_020-MaxIP-Stitched_unmixed_rotated.nd2","Layer 1","dACC_v17_ FISH-IF v2.4.4","1820","5052","5092","3258","3291","0","0","0","0","1","1","1837.6394","0","334.0598","0","0","0","0","0","0","0","0","0","0","0","0","0","0","0","0","0","0","0","0","155.5845","99.28869","56.29581","41.622345","0.592916"
"D:\HAA\dACC revisions\Run 4\Br2720_dACC_20x_img_020-MaxIP-Stitched_unmixed_rotated.nd2","Layer 1","dACC_v17_ FISH-IF v2.4.4","1821","5317","5343","3271","3297","0","0","0","0","1","1","2944.4011","0","514.36847","0","0","0","0","0","0","0","0","0","0","0","0","0","0","0","0","0","0","0","0","97.76967","73.327255","24.442417","22.742105","0.816258"
"D:\HAA\dACC revisions\Run 4\Br2720_dACC_20x_img_020-MaxIP-Stitched_unmixed_rotated.nd2","Layer 1","dACC_v17_ FISH-IF v2.4.4","1822","5016","5051","3272","3298","0","0","0","0","1","1","1523.9897","0","400.6999","0","0","0","0","0","0","0","0","0","0","0","0","0","0","0","0","0","0","0","0","130.4056","90.036476","40.369114","31.324034","0.581662"
"D:\HAA\dACC revisions\Run 4\Br2720_dACC_20x_img_020-MaxIP-Stitched_unmixed_rotated.nd2","Layer 1","dACC_v17_ FISH-IF v2.4.4","1823","5358","5385","3295","3321","0","0","0","0","1","1","2698.5894","0","482.795","2","3.130102","0","2964.9434","947.2353","0","0","0","0","0","0","0","0","0","0","0","0","0","0","0","100.209305","73.64947","26.55984","23.171202","0.861698"
"D:\HAA\dACC revisions\Run 4\Br2720_dACC_20x_img_020-MaxIP-Stitched_unmixed_rotated.nd2","Layer 1","dACC_v17_ FISH-IF v2.4.4","1824","5270","5299","3327","3349","0","0","0","0","1","1","1206.3809","0","247.82817","0","0","0","0","0","0","0","0","0","0","0","0","0","0","0","0","0","0","0","0","86.07781","68.30988","17.767935","22.742105","0.549338"
"D:\HAA\dACC revisions\Run 4\Br2720_dACC_20x_img_020-MaxIP-Stitched_unmixed_rotated.nd2","Layer 1","dACC_v17_ FISH-IF v2.4.4","1825","5273","5292","3349","3363","0","0","0","0","1","1","700.2895","0","167.52542","0","0","0","0","0","0","0","0","0","0","0","0","0","0","0","0","0","0","0","0","41.519886","38.021538","3.49835","8.15283","0.71775"
"D:\HAA\dACC revisions\Run 4\Br2720_dACC_20x_img_020-MaxIP-Stitched_unmixed_rotated.nd2","Layer 1","dACC_v17_ FISH-IF v2.4.4","1826","5021","5055","3373","3403","1","0","1","0","1","1","1778.491","0","302.79675","0","0","0","0","0","12","14.131492","2","12004.771","849.5049","3","2.715824","0","2175.191","800.9322","4","4.326906","1","2275.4004","514.9167","149.1862","96.02049","53.16571","32.61132","0.779761"
"D:\HAA\dACC revisions\Run 4\Br2720_dACC_20x_img_020-MaxIP-Stitched_unmixed_rotated.nd2","Layer 1","dACC_v17_ FISH-IF v2.4.4","1827","5146","5171","3386","3412","0","0","0","0","1","1","2892.0059","0","330.66248","0","0","0","0","0","1","0.460309","0","332.57336","722.5","0","0","0","0","0","0","0","0","0","0","96.664925","72.95901","23.705923","22.31301","0.818123"
"D:\HAA\dACC revisions\Run 4\Br2720_dACC_20x_img_020-MaxIP-Stitched_unmixed_rotated.nd2","Layer 1","dACC_v17_ FISH-IF v2.4.4","1828","5187","5211","3389","3414","0","0","0","1","1","1","3384.617","0","401.11594","6","16.847317","1","24645.55","1462.8771","0","0","0","0","0","0","0","0","0","0","0","0","0","0","0","87.96508","67.89561","20.06948","19.738432","0.812517"
"D:\HAA\dACC revisions\Run 4\Br2720_dACC_20x_img_020-MaxIP-Stitched_unmixed_rotated.nd2","Layer 1","dACC_v17_ FISH-IF v2.4.4","1829","1876","1903","2620","2646","0","0","0","0","1","1","3337.9358","0","297.15164","0","0","0","0","0","0","0","0","0","0","0","0","0","0","0","0","0","0","0","0","100.025185","73.46535","26.55984","22.742105","0.881956"
"D:\HAA\dACC revisions\Run 4\Br2720_dACC_20x_img_020-MaxIP-Stitched_unmixed_rotated.nd2","Layer 1","dACC_v17_ FISH-IF v2.4.4","1830","1956","1986","2696","2721","0","0","1","0","1","1","2358.418","0","234.18605","0","0","0","0","0","0","0","0","0","0","0","0","0","0","0","66","78.1605","4","104632.65","1338.6896","114.29477","81.152504","33.14226","25.316685","0.786306"
"D:\HAA\dACC revisions\Run 4\Br2720_dACC_20x_img_020-MaxIP-Stitched_unmixed_rotated.nd2","Layer 1","dACC_v17_ FISH-IF v2.4.4","1831","2163","2188","2697","2722","0","0","0","0","1","1","2064.29","0","441.10748","3","6.582421","0","5975.365","907.77625","0","0","0","0","0","0","0","0","0","0","0","0","0","0","0","93.3507","70.657455","22.693243","21.02572","0.803345"
"D:\HAA\dACC revisions\Run 4\Br2720_dACC_20x_img_020-MaxIP-Stitched_unmixed_rotated.nd2","Layer 1","dACC_v17_ FISH-IF v2.4.4","1832","2189","2208","2711","2730","0","0","0","0","1","1","535.13464","0","117.47083","0","0","0","0","0","0","0","0","0","0","0","0","0","0","0","0","0","0","0","0","48.976894","44.189682","4.787215","9.225572","0.887952"
"D:\HAA\dACC revisions\Run 4\Br2720_dACC_20x_img_020-MaxIP-Stitched_unmixed_rotated.nd2","Layer 1","dACC_v17_ FISH-IF v2.4.4","1833","1912","1942","2716","2743","0","0","0","0","1","1","2449.6714","0","362.15198","0","0","0","0","0","0","0","0","0","0","0","0","0","0","0","0","0","0","0","0","114.06461","80.87632","33.18829","26.603973","0.809226"
"D:\HAA\dACC revisions\Run 4\Br2720_dACC_20x_img_020-MaxIP-Stitched_unmixed_rotated.nd2","Layer 1","dACC_v17_ FISH-IF v2.4.4","1834","2095","2118","2719","2751","0","0","0","0","1","1","2565.022","0","382.53778","0","0","0","0","0","0","0","0","0","0","0","0","0","0","0","0","0","0","0","0","100.11725","68.81622","31.301023","26.174877","0.730075"
"D:\HAA\dACC revisions\Run 4\Br2720_dACC_20x_img_020-MaxIP-Stitched_unmixed_rotated.nd2","Layer 1","dACC_v17_ FISH-IF v2.4.4","1835","2062","2093","2721","2753","0","0","0","0","1","1","1638.7063","0","392.29224","0","0","0","0","0","0","0","0","0","0","0","0","0","0","0","0","0","0","0","0","117.42487","72.45267","44.972206","33.89861","0.726229"
"D:\HAA\dACC revisions\Run 4\Br2720_dACC_20x_img_020-MaxIP-Stitched_unmixed_rotated.nd2","Layer 1","dACC_v17_ FISH-IF v2.4.4","1836","2082","2100","2730","2756","0","0","0","0","1","1","2259.1401","0","511.59183","0","0","0","0","0","0","0","0","0","0","0","0","0","0","0","0","0","0","0","0","56.479935","33.832726","22.647211","22.31301","0.81644"
"D:\HAA\dACC revisions\Run 4\Br2720_dACC_20x_img_020-MaxIP-Stitched_unmixed_rotated.nd2","Layer 1","dACC_v17_ FISH-IF v2.4.4","1837","1848","1866","2735","2753","0","0","0","0","1","1","607.75964","0","121.67641","0","0","0","0","0","0","0","0","0","0","0","0","0","0","0","0","0","0","0","0","48.884834","44.09762","4.787215","9.011024","0.89333"
"D:\HAA\dACC revisions\Run 4\Br2720_dACC_20x_img_020-MaxIP-Stitched_unmixed_rotated.nd2","Layer 1","dACC_v17_ FISH-IF v2.4.4","1838","1949","1981","2748","2773","0","0","0","0","1","1","1094.9835","0","218.50058","0","0","0","0","0","0","0","0","0","0","0","0","0","0","0","2","3.360257","0","1908.672","568.0137","107.48219","79.633484","27.848705","25.74578","0.673645"
"D:\HAA\dACC revisions\Run 4\Br2720_dACC_20x_img_020-MaxIP-Stitched_unmixed_rotated.nd2","Layer 1","dACC_v17_ FISH-IF v2.4.4","1839","2010","2032","2764","2787","0","0","0","0","1","1","2175.7874","0","407.20932","0","0","0","0","0","0","0","0","0","0","0","0","0","0","0","0","0","0","0","0","74.10978","60.25447","13.855307","16.734756","0.807481"
"D:\HAA\dACC revisions\Run 4\Br2720_dACC_20x_img_020-MaxIP-Stitched_unmixed_rotated.nd2","Layer 1","dACC_v17_ FISH-IF v2.4.4","1840","1874","1890","2783","2798","0","0","0","0","1","1","917.38806","0","434.0692","0","0","0","0","0","0","0","0","0","0","0","0","0","0","0","0","0","0","0","0","28.355045","25.270973","3.084071","7.509186","0.660025"
"D:\HAA\dACC revisions\Run 4\Br2720_dACC_20x_img_020-MaxIP-Stitched_unmixed_rotated.nd2","Layer 1","dACC_v17_ FISH-IF v2.4.4","1841","1857","1886","2786","2810","0","0","0","0","1","1","1282.4092","0","570.63635","0","0","0","0","0","0","0","0","0","0","0","0","0","0","0","1","0.736495","0","347.0271","471.1875","85.847664","57.72277","28.124891","27.676714","0.65769"
"D:\HAA\dACC revisions\Run 4\Br2720_dACC_20x_img_020-MaxIP-Stitched_unmixed_rotated.nd2","Layer 1","dACC_v17_ FISH-IF v2.4.4","1842","1887","1910","2791","2808","0","0","0","0","1","1","730.2984","0","374.09027","0","0","0","0","0","0","0","0","0","0","0","0","0","0","0","0","0","0","0","0","58.22911","52.52128","5.707834","13.945631","0.4208"
"D:\HAA\dACC revisions\Run 4\Br2720_dACC_20x_img_020-MaxIP-Stitched_unmixed_rotated.nd2","Layer 1","dACC_v17_ FISH-IF v2.4.4","1843","1867","1896","2805","2828","0","0","0","0","1","1","2336.515","0","537.92","0","0","0","0","0","0","0","0","0","0","0","0","0","0","0","0","0","0","0","0","93.85704","64.44328","29.413755","24.243944","0.765196"
"D:\HAA\dACC revisions\Run 4\Br2720_dACC_20x_img_020-MaxIP-Stitched_unmixed_rotated.nd2","Layer 1","dACC_v17_ FISH-IF v2.4.4","1844","1830","1859","2809","2836","0","0","0","0","1","1","1793.4126","0","403.87506","0","0","0","0","0","0","0","0","0","0","0","0","0","0","0","0","0","0","0","0","114.38683","80.6922","33.694633","25.531233","0.855103"
"D:\HAA\dACC revisions\Run 4\Br2720_dACC_20x_img_020-MaxIP-Stitched_unmixed_rotated.nd2","Layer 1","dACC_v17_ FISH-IF v2.4.4","1845","1976","2005","2828","2852","0","0","0","0","1","1","412.3859","0","96.50031","0","0","0","0","0","0","0","0","0","0","1","0.552371","0","378.83444","685.8333","1","1.058711","0","520.6557","491.78262","92.33802","72.77488","19.56314","22.742105","0.617643"
"D:\HAA\dACC revisions\Run 4\Br2720_dACC_20x_img_020-MaxIP-Stitched_unmixed_rotated.nd2","Layer 1","dACC_v17_ FISH-IF v2.4.4","1846","1832","1865","2837","2858","0","0","0","0","1","1","1361.3787","0","282.28253","0","0","0","0","0","0","0","0","0","0","0","0","0","0","0","2","3.130102","0","1727.5863","551.92645","109.50755","82.76359","26.743963","24.458492","0.60553"
"D:\HAA\dACC revisions\Run 4\Br2720_dACC_20x_img_020-MaxIP-Stitched_unmixed_rotated.nd2","Layer 1","dACC_v17_ FISH-IF v2.4.4","1847","1912","1944","2858","2880","0","0","0","0","1","1","814.9718","0","154.05461","0","0","0","0","0","0","0","0","0","0","0","0","0","0","0","1","0.552371","0","259.4763","469.75","104.49018","78.390656","26.09953","24.243944","0.652132"
"D:\HAA\dACC revisions\Run 4\Br2720_dACC_20x_img_020-MaxIP-Stitched_unmixed_rotated.nd2","Layer 1","dACC_v17_ FISH-IF v2.4.4","1848","1879","1897","2870","2888","0","0","0","0","1","1","353.64517","0","116.17685","0","0","0","0","0","0","0","0","0","0","0","0","0","0","0","0","0","0","0","0","47.227722","42.946846","4.280875","8.581926","0.874728"
"D:\HAA\dACC revisions\Run 4\Br2720_dACC_20x_img_020-MaxIP-Stitched_unmixed_rotated.nd2","Layer 1","dACC_v17_ FISH-IF v2.4.4","1849","1962","1977","2883","2898","0","0","0","0","1","1","993.65","0","312.24316","0","0","0","0","0","0","0","0","0","0","0","0","0","0","0","0","0","0","0","0","32.912106","31.991488","0.920618","3.432771","0.697514"
"D:\HAA\dACC revisions\Run 4\Br2720_dACC_20x_img_020-MaxIP-Stitched_unmixed_rotated.nd2","Layer 1","dACC_v17_ FISH-IF v2.4.4","1850","2071","2100","2886","2913","0","0","0","0","1","1","2542.0977","0","339.94296","0","0","0","0","0","0","0","0","0","0","0","0","0","0","0","1","0.460309","0","205.25186","445.9","109.36946","78.29859","31.07087","25.316685","0.826245"
"D:\HAA\dACC revisions\Run 4\Br2720_dACC_20x_img_020-MaxIP-Stitched_unmixed_rotated.nd2","Layer 1","dACC_v17_ FISH-IF v2.4.4","1851","1952","1972","2895","2916","0","0","0","0","1","1","2670.5793","0","401.69415","0","0","0","0","0","0","0","0","0","0","0","0","0","0","0","0","0","0","0","0","56.572","44.09762","12.474379","16.30566","0.667576"
"D:\HAA\dACC revisions\Run 4\Br2720_dACC_20x_img_020-MaxIP-Stitched_unmixed_rotated.nd2","Layer 1","dACC_v17_ FISH-IF v2.4.4","1852","1957","1979","2910","2932","0","0","0","0","1","1","3030.2622","0","343.24374","0","0","0","0","0","0","0","0","0","0","0","0","0","0","0","0","0","0","0","0","63.936943","47.780094","16.156853","17.807499","0.721083"
"D:\HAA\dACC revisions\Run 4\Br2720_dACC_20x_img_020-MaxIP-Stitched_unmixed_rotated.nd2","Layer 1","dACC_v17_ FISH-IF v2.4.4","1853","1890","1917","2990","3011","0","0","0","0","1","1","705.37366","0","170.22597","0","0","0","0","0","0","0","0","0","0","0","0","0","0","0","0","0","0","0","0","84.512764","67.02102","17.491749","19.309336","0.663125"
"D:\HAA\dACC revisions\Run 4\Br2720_dACC_20x_img_020-MaxIP-Stitched_unmixed_rotated.nd2","Layer 1","dACC_v17_ FISH-IF v2.4.4","1854","2165","2188","2991","3018","0","0","0","0","1","1","2430.0662","0","396.21982","0","0","0","0","0","0","0","0","0","0","0","0","0","0","0","0","0","0","0","0","93.07452","70.151115","22.923397","20.596624","0.860619"
"D:\HAA\dACC revisions\Run 4\Br2720_dACC_20x_img_020-MaxIP-Stitched_unmixed_rotated.nd2","Layer 1","dACC_v17_ FISH-IF v2.4.4","1855","3653","3675","1811","1835","0","0","0","0","1","1","2390.864","0","387.7969","0","0","0","0","0","0","0","0","0","0","0","0","0","0","0","0","0","0","0","0","76.549416","62.325863","14.223554","16.734756","0.721601"
"D:\HAA\dACC revisions\Run 4\Br2720_dACC_20x_img_020-MaxIP-Stitched_unmixed_rotated.nd2","Layer 1","dACC_v17_ FISH-IF v2.4.4","1856","3471","3498","1832","1862","0","0","0","1","1","1","1948.5651","0","483.32318","7","9.482369","1","8679.82","915.3641","0","0","0","0","0","0","0","0","0","0","1","0.368247","0","168.8414","458.5","118.39152","83.03977","35.351746","26.818521","0.801644"
"D:\HAA\dACC revisions\Run 4\Br2720_dACC_20x_img_020-MaxIP-Stitched_unmixed_rotated.nd2","Layer 1","dACC_v17_ FISH-IF v2.4.4","1857","3577","3607","1833","1866","0","0","1","0","1","1","1268.3822","0","362.36087","0","0","0","0","0","0","0","0","0","0","3","2.807886","0","2028.0302","722.26227","48","69.966995","4","75063.08","1072.8356","146.28625","94.133224","52.15303","31.75313","0.905017"
"D:\HAA\dACC revisions\Run 4\Br2720_dACC_20x_img_020-MaxIP-Stitched_unmixed_rotated.nd2","Layer 1","dACC_v17_ FISH-IF v2.4.4","1858","3743","3786","1842","1872","0","0","0","0","1","1","955.0852","0","327.9816","0","0","0","0","0","0","0","0","0","0","0","0","0","0","0","0","0","0","0","0","182.83481","117.4709","65.3639","41.622345","0.589769"
"D:\HAA\dACC revisions\Run 4\Br2720_dACC_20x_img_020-MaxIP-Stitched_unmixed_rotated.nd2","Layer 1","dACC_v17_ FISH-IF v2.4.4","1859","3717","3745","1881","1909","0","0","0","0","1","1","2106.4155","0","433.4545","0","0","0","0","0","1","0.644433","0","457.2251","709.5","2","1.426958","0","1065.6617","746.80646","1","0.736495","0","338.18915","459.1875","120.278786","82.947716","37.331074","26.174877","0.888423"
"D:\HAA\dACC revisions\Run 4\Br2720_dACC_20x_img_020-MaxIP-Stitched_unmixed_rotated.nd2","Layer 1","dACC_v17_ FISH-IF v2.4.4","1860","3497","3513","1899","1915","0","0","0","0","1","1","1732.8055","0","467.0909","0","0","0","0","0","0","0","0","0","0","0","0","0","0","0","0","0","0","0","0","37.239014","33.924786","3.314226","7.723734","0.754423"
"D:\HAA\dACC revisions\Run 4\Br2720_dACC_20x_img_020-MaxIP-Stitched_unmixed_rotated.nd2","Layer 1","dACC_v17_ FISH-IF v2.4.4","1861","3547","3565","1906","1925","0","0","0","0","1","1","1075.5289","0","199.91745","0","0","0","0","0","0","0","0","0","0","0","0","0","0","0","0","0","0","0","0","32.22164","19.517109","12.704534","18.022047","0.594294"
"D:\HAA\dACC revisions\Run 4\Br2720_dACC_20x_img_020-MaxIP-Stitched_unmixed_rotated.nd2","Layer 1","dACC_v17_ FISH-IF v2.4.4","1862","3503","3524","1909","1924","0","0","0","0","1","1","2561.9004","0","380.46902","0","0","0","0","0","0","0","0","0","0","0","0","0","0","0","0","0","0","0","0","43.775402","32.68195","11.093451","14.589275","0.837911"
"D:\HAA\dACC revisions\Run 4\Br2720_dACC_20x_img_020-MaxIP-Stitched_unmixed_rotated.nd2","Layer 1","dACC_v17_ FISH-IF v2.4.4","1863","3540","3559","1912","1930","0","0","0","0","1","1","1035.394","0","272.52206","0","0","0","0","0","0","0","0","0","0","0","0","0","0","0","1","1.242835","0","777.6923","625.7407","29.459787","12.52041","16.939377","22.098461","0.747093"
"D:\HAA\dACC revisions\Run 4\Br2720_dACC_20x_img_020-MaxIP-Stitched_unmixed_rotated.nd2","Layer 1","dACC_v17_ FISH-IF v2.4.4","1864","3556","3584","1911","1949","0","0","0","0","1","1","773.9641","0","225.10158","0","0","0","0","0","0","0","0","0","0","0","0","0","0","0","1","1.703144","0","976.5459","573.37836","136.94199","70.24318","66.6988","40.764153","0.669477"
"D:\HAA\dACC revisions\Run 4\Br2720_dACC_20x_img_020-MaxIP-Stitched_unmixed_rotated.nd2","Layer 1","dACC_v17_ FISH-IF v2.4.4","1865","3535","3552","1919","1940","0","0","0","0","1","1","828.9033","0","260.26096","0","0","0","0","0","0","0","0","0","0","0","0","0","0","0","1","0.736495","0","332.52734","451.5","36.226334","20.990099","15.236234","19.523884","0.737657"
"D:\HAA\dACC revisions\Run 4\Br2720_dACC_20x_img_020-MaxIP-Stitched_unmixed_rotated.nd2","Layer 1","dACC_v17_ FISH-IF v2.4.4","1866","3497","3528","1922","1946","0","0","0","0","1","1","2602.9111","0","372.26752","0","0","0","0","0","0","0","0","0","0","0","0","0","0","0","0","0","0","0","0","112.177345","72.26854","39.908806","28.320358","0.798519"
"D:\HAA\dACC revisions\Run 4\Br2720_dACC_20x_img_020-MaxIP-Stitched_unmixed_rotated.nd2","Layer 1","dACC_v17_ FISH-IF v2.4.4","1867","3539","3555","1931","1949","0","0","0","0","1","1","717.4015","0","220.46153","0","0","0","0","0","0","0","0","0","0","0","0","0","0","0","1","1.01268","0","673.29425","664.86365","39.770714","21.542469","18.228243","19.309336","0.731072"
"D:\HAA\dACC revisions\Run 4\Br2720_dACC_20x_img_020-MaxIP-Stitched_unmixed_rotated.nd2","Layer 1","dACC_v17_ FISH-IF v2.4.4","1868","3672","3690","1950","1969","0","0","0","0","1","1","374.77777","0","124.66322","0","0","0","0","0","0","0","0","0","0","0","0","0","0","0","0","0","0","0","0","49.529266","44.55793","4.971339","9.011024","0.85741"
"D:\HAA\dACC revisions\Run 4\Br2720_dACC_20x_img_020-MaxIP-Stitched_unmixed_rotated.nd2","Layer 1","dACC_v17_ FISH-IF v2.4.4","1869","3608","3635","1951","1979","0","0","0","0","1","1","2820.6902","0","574.4781","2","7.04273","0","10642.992","1511.2026","0","0","0","0","0","0","0","0","0","0","1","1.104742","0","612.85565","554.75","103.4775","76.733536","26.743963","24.458492","0.725803"
"D:\HAA\dACC revisions\Run 4\Br2720_dACC_20x_img_020-MaxIP-Stitched_unmixed_rotated.nd2","Layer 1","dACC_v17_ FISH-IF v2.4.4","1870","3419","3440","1954","1975","0","0","0","0","1","1","1896.0913","0","299.79828","0","0","0","0","0","0","0","0","0","0","0","0","0","0","0","0","0","0","0","0","64.71947","53.62602","11.093451","14.589275","0.748961"
"D:\HAA\dACC revisions\Run 4\Br2720_dACC_20x_img_020-MaxIP-Stitched_unmixed_rotated.nd2","Layer 1","dACC_v17_ FISH-IF v2.4.4","1871","3440","3457","1960","1982","0","0","0","0","1","1","728.20294","0","361.36923","0","0","0","0","0","0","0","0","0","0","0","0","0","0","0","0","0","0","0","0","48.19437","38.896126","9.298245","13.731083","0.798278"
"D:\HAA\dACC revisions\Run 4\Br2720_dACC_20x_img_020-MaxIP-Stitched_unmixed_rotated.nd2","Layer 1","dACC_v17_ FISH-IF v2.4.4","1872","3469","3491","1962","1986","0","0","0","0","1","1","1123.8782","0","270.99515","0","0","0","0","0","1","0.50634","0","339.8923","671.2727","0","0","0","0","0","1","0.50634","0","216.39134","427.36365","67.52736","47.503906","20.023449","20.382076","0.759229"
"D:\HAA\dACC revisions\Run 4\Br2720_dACC_20x_img_020-MaxIP-Stitched_unmixed_rotated.nd2","Layer 1","dACC_v17_ FISH-IF v2.4.4","1873","3448","3473","1964","1989","0","0","0","0","1","1","939.54626","0","355.27856","0","0","0","0","0","0","0","0","0","0","0","0","0","0","0","1","0.414278","0","194.34253","469.1111","81.889","51.554626","30.334375","26.174877","0.662342"
"D:\HAA\dACC revisions\Run 4\Br2720_dACC_20x_img_020-MaxIP-Stitched_unmixed_rotated.nd2","Layer 1","dACC_v17_ FISH-IF v2.4.4","1874","3709","3728","1999","2018","0","0","0","0","1","1","550.528","0","122.40436","0","0","0","0","0","0","0","0","0","0","0","0","0","0","0","0","0","0","0","0","52.19906","46.445194","5.753865","10.298312","0.84323"
"D:\HAA\dACC revisions\Run 4\Br2720_dACC_20x_img_020-MaxIP-Stitched_unmixed_rotated.nd2","Layer 1","dACC_v17_ FISH-IF v2.4.4","1875","3547","3570","2002","2030","0","0","0","0","1","1","3408.501","0","571.598","1","0.782526","0","666.20544","851.35297","0","0","0","0","0","0","0","0","0","0","1","0.828557","0","416.80997","503.05554","92.430084","70.19715","22.232933","20.811172","0.798808"
"D:\HAA\dACC revisions\Run 4\Br2720_dACC_20x_img_020-MaxIP-Stitched_unmixed_rotated.nd2","Layer 1","dACC_v17_ FISH-IF v2.4.4","1876","3795","3832","2023","2051","1","1","1","0","1","1","1646.7174","0","244.43883","0","0","0","0","0","9","8.147472","1","9664.56","1186.2034","8","7.825256","1","6990.6235","893.3412","14","24.948757","2","15905.661","631.7057","150.15285","99.33472","50.818134","33.89861","0.661547"
"D:\HAA\dACC revisions\Run 4\Br2720_dACC_20x_img_020-MaxIP-Stitched_unmixed_rotated.nd2","Layer 1","dACC_v17_ FISH-IF v2.4.4","1877","3696","3719","2028","2053","0","0","0","0","1","1","2508.4438","0","391.6717","0","0","0","0","0","0","0","0","0","0","0","0","0","0","0","0","0","0","0","0","81.84297","64.21313","17.62984","18.451143","0.859675"
"D:\HAA\dACC revisions\Run 4\Br2720_dACC_20x_img_020-MaxIP-Stitched_unmixed_rotated.nd2","Layer 1","dACC_v17_ FISH-IF v2.4.4","1878","3557","3583","2048","2073","0","0","0","0","1","1","3477.0496","0","405.24283","0","0","0","0","0","0","0","0","0","0","0","0","0","0","0","0","0","0","0","0","81.52075","54.592667","26.928087","23.600298","0.851063"
"D:\HAA\dACC revisions\Run 4\Br2720_dACC_20x_img_020-MaxIP-Stitched_unmixed_rotated.nd2","Layer 1","dACC_v17_ FISH-IF v2.4.4","1879","3547","3573","2059","2087","0","0","0","0","1","1","3020.755","0","414.7212","0","0","0","0","0","0","0","0","0","0","0","0","0","0","0","0","0","0","0","0","87.73493","57.124367","30.61056","25.102137","0.860874"
"D:\HAA\dACC revisions\Run 4\Br2720_dACC_20x_img_020-MaxIP-Stitched_unmixed_rotated.nd2","Layer 1","dACC_v17_ FISH-IF v2.4.4","1880","3480","3510","2069","2092","0","0","0","0","1","1","1680.7452","0","212.9363","0","0","0","0","0","0","0","0","0","0","0","0","0","0","0","0","0","0","0","0","91.417404","74.43199","16.985409","23.600298","0.527724"
"D:\HAA\dACC revisions\Run 4\Br2720_dACC_20x_img_020-MaxIP-Stitched_unmixed_rotated.nd2","Layer 1","dACC_v17_ FISH-IF v2.4.4","1881","3512","3549","2070","2093","0","0","0","0","1","1","2443.9976","0","417.6586","0","0","0","0","0","0","0","0","0","0","0","0","0","0","0","0","0","0","0","0","129.39291","91.417404","37.975506","30.036743","0.626386"
"D:\HAA\dACC revisions\Run 4\Br2720_dACC_20x_img_020-MaxIP-Stitched_unmixed_rotated.nd2","Layer 1","dACC_v17_ FISH-IF v2.4.4","1882","3666","3685","2077","2095","0","0","0","0","1","1","475.82645","0","118.7332","0","0","0","0","0","0","0","0","0","0","0","0","0","0","0","3","6.03005","0","3973.1587","658.8931","51.462566","45.892826","5.569741","9.44012","0.864822"
"D:\HAA\dACC revisions\Run 4\Br2720_dACC_20x_img_020-MaxIP-Stitched_unmixed_rotated.nd2","Layer 1","dACC_v17_ FISH-IF v2.4.4","1883","3541","3576","2101","2129","0","1","1","0","1","1","1723.1465","0","419.79657","0","0","0","0","0","0","0","0","0","0","6","5.247525","1","4627.6265","881.8684","53","74.24787","4","86267.79","1161.889","121.38353","74.8923","46.491226","32.396774","0.708926"
"D:\HAA\dACC revisions\Run 4\Br2720_dACC_20x_img_020-MaxIP-Stitched_unmixed_rotated.nd2","Layer 1","dACC_v17_ FISH-IF v2.4.4","1884","3674","3701","2111","2136","0","0","0","1","1","1","3037.6372","0","473.14578","5","17.906027","1","26182.8","1462.2339","0","0","0","0","0","0","0","0","0","0","0","0","0","0","0","94.639565","71.670135","22.969427","22.31301","0.777645"
"D:\HAA\dACC revisions\Run 4\Br2720_dACC_20x_img_020-MaxIP-Stitched_unmixed_rotated.nd2","Layer 1","dACC_v17_ FISH-IF v2.4.4","1885","3572","3597","2113","2139","0","0","0","0","1","1","2679.8347","0","403.2199","1","0.50634","0","459.66473","907.8182","0","0","0","0","0","0","0","0","0","0","2","6.582421","0","3980.0632","604.6503","98.13792","61.957615","36.1803","26.603973","0.789542"
"D:\HAA\dACC revisions\Run 4\Br2720_dACC_20x_img_020-MaxIP-Stitched_unmixed_rotated.nd2","Layer 1","dACC_v17_ FISH-IF v2.4.4","1886","3555","3571","2119","2131","0","0","0","0","1","1","2319.248","0","497.93073","3","11.093451","0","17442.266","1572.3029","0","0","0","0","0","0","0","0","0","0","0","0","0","0","0","28.999477","10.633142","18.366337","17.807499","0.790281"
"D:\HAA\dACC revisions\Run 4\Br2720_dACC_20x_img_020-MaxIP-Stitched_unmixed_rotated.nd2","Layer 1","dACC_v17_ FISH-IF v2.4.4","1887","3554","3576","2132","2148","0","0","0","0","1","1","2295.6167","0","380.79318","2","2.117422","0","1972.8391","931.7174","0","0","0","0","0","0","0","0","0","0","1","0.920618","0","484.88968","526.7","53.579987","39.17231","14.407678","15.876565","0.813536"
"D:\HAA\dACC revisions\Run 4\Br2720_dACC_20x_img_020-MaxIP-Stitched_unmixed_rotated.nd2","Layer 1","dACC_v17_ FISH-IF v2.4.4","1888","3412","3437","2638","2666","0","0","0","0","1","1","3188.6655","0","455.05173","0","0","0","0","0","0","0","0","0","0","0","0","0","0","0","1","1.01268","0","879.973","562.2647","99.749","73.87962","25.869375","23.171202","0.796988"
"D:\HAA\dACC revisions\Run 4\Br2720_dACC_20x_img_020-MaxIP-Stitched_unmixed_rotated.nd2","Layer 1","dACC_v17_ FISH-IF v2.4.4","1889","3452","3476","2648","2670","0","0","0","0","1","1","551.724","0","129.82146","0","0","0","0","0","0","0","0","0","0","0","0","0","0","0","1","1.795206","0","851.0656","474.07693","70.28921","58.781483","11.50773","16.30566","0.698036"
"D:\HAA\dACC revisions\Run 4\Br2720_dACC_20x_img_020-MaxIP-Stitched_unmixed_rotated.nd2","Layer 1","dACC_v17_ FISH-IF v2.4.4","1890","3796","3821","2722","2768","0","0","0","0","1","1","2541.9429","0","479.66864","0","0","0","0","0","0","0","0","0","0","0","0","0","0","0","0","0","0","0","0","151.30362","101.40611","49.897514","42.480537","0.511174"
"D:\HAA\dACC revisions\Run 4\Br2720_dACC_20x_img_020-MaxIP-Stitched_unmixed_rotated.nd2","Layer 1","dACC_v17_ FISH-IF v2.4.4","1891","3806","3831","2750","2784","0","0","0","0","1","1","1804.7285","0","482.3361","0","0","0","0","0","0","0","0","0","0","0","0","0","0","0","0","0","0","0","0","104.95049","55.605347","49.345142","37.116833","0.611378"
"D:\HAA\dACC revisions\Run 4\Br2720_dACC_20x_img_020-MaxIP-Stitched_unmixed_rotated.nd2","Layer 1","dACC_v17_ FISH-IF v2.4.4","1892","3679","3704","2767","2793","0","0","0","1","1","1","2520.772","0","359.40048","7","18.734583","1","37648.41","2009.5676","0","0","0","0","0","1","0.644433","0","439.59528","682.1429","0","0","0","0","0","81.658844","56.433907","25.224943","24.243944","0.683906"
"D:\HAA\dACC revisions\Run 4\Br2720_dACC_20x_img_020-MaxIP-Stitched_unmixed_rotated.nd2","Layer 1","dACC_v17_ FISH-IF v2.4.4","1893","3568","3588","2770","2789","0","0","1","0","1","1","355.36472","0","92.36018","0","0","0","0","0","1","0.460309","0","309.41983","672.2","0","0","0","0","0","17","27.57252","3","28075.04","1018.2254","58.68942","50.864162","7.825256","12.014698","0.769976"
"D:\HAA\dACC revisions\Run 4\Br2720_dACC_20x_img_020-MaxIP-Stitched_unmixed_rotated.nd2","Layer 1","dACC_v17_ FISH-IF v2.4.4","1894","3741","3770","2775","2800","0","0","0","0","1","1","2593.1604","0","306.297","0","0","0","0","0","0","0","0","0","0","0","0","0","0","0","0","0","0","0","0","106.423485","76.871635","29.55185","23.600298","0.834182"
"D:\HAA\dACC revisions\Run 4\Br2720_dACC_20x_img_020-MaxIP-Stitched_unmixed_rotated.nd2","Layer 1","dACC_v17_ FISH-IF v2.4.4","1895","3797","3829","2782","2805","0","0","0","0","1","1","2070.8499","0","548.28503","0","0","0","0","0","0","0","0","0","0","0","0","0","0","0","0","0","0","0","0","100.715645","66.05437","34.66128","28.749454","0.771297"
"D:\HAA\dACC revisions\Run 4\Br2720_dACC_20x_img_020-MaxIP-Stitched_unmixed_rotated.nd2","Layer 1","dACC_v17_ FISH-IF v2.4.4","1896","3671","3701","2785","2807","0","0","0","0","1","1","2512.7803","0","319.1489","0","0","0","0","0","0","0","0","0","0","1","0.690464","0","567.3771","821.73334","0","0","0","0","0","91.83168","59.978287","31.853395","26.603973","0.726579"
"D:\HAA\dACC revisions\Run 4\Br2720_dACC_20x_img_020-MaxIP-Stitched_unmixed_rotated.nd2","Layer 1","dACC_v17_ FISH-IF v2.4.4","1897","3781","3808","2797","2818","0","0","0","0","1","1","2312.2705","0","614.1895","0","0","0","0","0","0","0","0","0","0","0","0","0","0","0","0","0","0","0","0","67.84957","46.399166","21.450407","20.596624","0.700959"
"D:\HAA\dACC revisions\Run 4\Br2720_dACC_20x_img_020-MaxIP-Stitched_unmixed_rotated.nd2","Layer 1","dACC_v17_ FISH-IF v2.4.4","1898","3426","3449","2804","2823","0","0","0","0","1","1","546.8931","0","162.48413","0","0","0","0","0","0","0","0","0","0","0","0","0","0","0","0","0","0","0","0","57.400555","40.59927","16.801285","20.596624","0.604811"
"D:\HAA\dACC revisions\Run 4\Br2720_dACC_20x_img_020-MaxIP-Stitched_unmixed_rotated.nd2","Layer 1","dACC_v17_ FISH-IF v2.4.4","1899","3414","3430","2805","2825","0","0","0","0","1","1","478.8254","0","137.13745","0","0","0","0","0","0","0","0","0","0","0","0","0","0","0","0","0","0","0","0","45.202362","36.502518","8.699843","12.87289","0.681041"
"D:\HAA\dACC revisions\Run 4\Br2720_dACC_20x_img_020-MaxIP-Stitched_unmixed_rotated.nd2","Layer 1","dACC_v17_ FISH-IF v2.4.4","1900","3786","3810","2810","2838","0","0","0","0","1","1","2309.8406","0","844.0099","0","0","0","0","0","0","0","0","0","0","0","0","0","0","0","0","0","0","0","0","93.58086","46.491226","47.08963","30.036743","0.749328"
"D:\HAA\dACC revisions\Run 4\Br2720_dACC_20x_img_020-MaxIP-Stitched_unmixed_rotated.nd2","Layer 1","dACC_v17_ FISH-IF v2.4.4","1901","3811","3828","2810","2836","0","0","0","0","1","1","2660.9292","0","927.0128","0","0","0","0","0","0","0","0","0","0","0","0","0","0","0","0","0","0","0","0","72.03838","39.540558","32.49783","25.74578","0.737708"
"D:\HAA\dACC revisions\Run 4\Br2720_dACC_20x_img_020-MaxIP-Stitched_unmixed_rotated.nd2","Layer 1","dACC_v17_ FISH-IF v2.4.4","1902","3435","3462","2816","2845","0","0","0","0","1","1","540.7189","0","130.09036","0","0","0","0","0","0","0","0","0","0","0","0","0","0","0","0","0","0","0","0","96.11256","68.77019","27.342365","27.676714","0.61878"
"D:\HAA\dACC revisions\Run 4\Br2720_dACC_20x_img_020-MaxIP-Stitched_unmixed_rotated.nd2","Layer 1","dACC_v17_ FISH-IF v2.4.4","1903","3623","3646","2814","2843","0","0","0","0","1","1","2061.2961","0","468.08838","0","0","0","0","0","0","0","0","0","0","0","0","0","0","0","0","0","0","0","0","90.542816","64.581375","25.961437","24.458492","0.736184"
"D:\HAA\dACC revisions\Run 4\Br2720_dACC_20x_img_020-MaxIP-Stitched_unmixed_rotated.nd2","Layer 1","dACC_v17_ FISH-IF v2.4.4","1904","3644","3665","2818","2840","0","0","0","0","1","1","1931.4829","0","454.97327","0","0","0","0","0","0","0","0","0","0","0","0","0","0","0","0","0","0","0","0","69.18447","51.64669","17.537779","18.451143","0.746084"
"D:\HAA\dACC revisions\Run 4\Br2720_dACC_20x_img_020-MaxIP-Stitched_unmixed_rotated.nd2","Layer 1","dACC_v17_ FISH-IF v2.4.4","1905","3634","3660","2839","2864","0","0","0","0","1","1","3318.923","0","432.70844","0","0","0","0","0","0","0","0","0","0","0","0","0","0","0","1","0.644433","0","295.8407","459.07144","93.21261","68.67813","24.53448","22.742105","0.802897"
"D:\HAA\dACC revisions\Run 4\Br2720_dACC_20x_img_020-MaxIP-Stitched_unmixed_rotated.nd2","Layer 1","dACC_v17_ FISH-IF v2.4.4","1906","3605","3632","2853","2871","0","0","0","0","1","1","651.4007","0","151.79558","0","0","0","0","0","0","0","0","0","0","0","0","0","0","0","0","0","0","0","0","75.12246","62.371895","12.750565","16.30566","0.638723"
"D:\HAA\dACC revisions\Run 4\Br2720_dACC_20x_img_020-MaxIP-Stitched_unmixed_rotated.nd2","Layer 1","dACC_v17_ FISH-IF v2.4.4","1907","3770","3794","2853","2877","0","0","0","0","1","1","2363.3184","0","477.44785","0","0","0","0","0","0","0","0","0","0","0","0","0","0","0","0","0","0","0","0","86.81431","63.108387","23.705923","22.31301","0.754938"
"D:\HAA\dACC revisions\Run 4\Br2720_dACC_20x_img_020-MaxIP-Stitched_unmixed_rotated.nd2","Layer 1","dACC_v17_ FISH-IF v2.4.4","1908","3648","3670","2872","2892","0","0","0","0","1","1","893.86664","0","154.84276","0","0","0","0","0","0","0","0","0","0","0","0","0","0","0","0","0","0","0","0","65.68612","55.329163","10.356956","14.160179","0.766376"
"D:\HAA\dACC revisions\Run 4\Br2720_dACC_20x_img_020-MaxIP-Stitched_unmixed_rotated.nd2","Layer 1","dACC_v17_ FISH-IF v2.4.4","1909","3773","3790","2877","2889","0","0","0","0","1","1","1269.193","0","547.82513","0","0","0","0","0","0","0","0","0","0","0","0","0","0","0","0","0","0","0","0","30.794683","28.170921","2.623762","6.865541","0.698941"
"D:\HAA\dACC revisions\Run 4\Br2720_dACC_20x_img_020-MaxIP-Stitched_unmixed_rotated.nd2","Layer 1","dACC_v17_ FISH-IF v2.4.4","1910","3564","3583","2881","2901","0","0","0","0","1","1","354.22556","0","123.1712","0","0","0","0","0","0","0","0","0","0","0","0","0","0","0","0","0","0","0","0","53.441895","47.319782","6.122112","10.298312","0.802246"
"D:\HAA\dACC revisions\Run 4\Br2720_dACC_20x_img_020-MaxIP-Stitched_unmixed_rotated.nd2","Layer 1","dACC_v17_ FISH-IF v2.4.4","1911","3782","3799","2886","2901","0","0","0","0","1","1","1429.6885","0","632.113","0","0","0","0","0","0","0","0","0","0","0","0","0","0","0","0","0","0","0","0","36.226334","33.418446","2.807886","6.865541","0.793589"
"D:\HAA\dACC revisions\Run 4\Br2720_dACC_20x_img_020-MaxIP-Stitched_unmixed_rotated.nd2","Layer 1","dACC_v17_ FISH-IF v2.4.4","1912","3751","3774","2891","2913","0","0","0","0","1","1","2390.46","0","389.96686","0","0","0","0","0","0","0","0","0","0","0","0","0","0","0","0","0","0","0","0","77.377975","55.55932","21.818655","21.883913","0.674696"
"D:\HAA\dACC revisions\Run 4\Br2720_dACC_20x_img_020-MaxIP-Stitched_unmixed_rotated.nd2","Layer 1","dACC_v17_ FISH-IF v2.4.4","1913","3801","3821","2893","2914","0","0","0","0","1","1","1507.9897","0","204.31837","0","0","0","0","0","0","0","0","0","0","0","0","0","0","0","0","0","0","0","0","61.359215","52.337154","9.022059","12.443794","0.875178"
"D:\HAA\dACC revisions\Run 4\Br2720_dACC_20x_img_020-MaxIP-Stitched_unmixed_rotated.nd2","Layer 1","dACC_v17_ FISH-IF v2.4.4","1914","3771","3800","2896","2926","0","0","0","0","1","1","2816.514","0","663.1692","0","0","0","0","0","0","0","0","0","0","0","0","0","0","0","0","0","0","0","0","118.575645","79.17318","39.402466","28.320358","0.879124"
"D:\HAA\dACC revisions\Run 4\Br2720_dACC_20x_img_020-MaxIP-Stitched_unmixed_rotated.nd2","Layer 1","dACC_v17_ FISH-IF v2.4.4","1915","3554","3573","2903","2925","0","0","0","0","1","1","463.0269","0","127.41944","1","0.552371","0","400.9753","725.9167","0","0","0","0","0","0","0","0","0","0","0","0","0","0","0","61.12906","52.567307","8.56175","12.87289","0.762724"
"D:\HAA\dACC revisions\Run 4\Br2720_dACC_20x_img_020-MaxIP-Stitched_unmixed_rotated.nd2","Layer 1","dACC_v17_ FISH-IF v2.4.4","1916","3437","3461","2906","2929","0","0","0","0","1","1","2429.3877","0","592.0281","0","0","0","0","0","0","0","0","0","0","0","0","0","0","0","0","0","0","0","0","79.54143","60.66875","18.872677","19.738432","0.744361"
"D:\HAA\dACC revisions\Run 4\Br2720_dACC_20x_img_020-MaxIP-Stitched_unmixed_rotated.nd2","Layer 1","dACC_v17_ FISH-IF v2.4.4","1917","3751","3771","2914","2931","0","0","0","0","1","1","1869.9735","0","357.67715","0","0","0","0","0","0","0","0","0","0","0","0","0","0","0","0","0","0","0","0","53.073647","40.921486","12.152163","14.589275","0.764163"
"D:\HAA\dACC revisions\Run 4\Br2720_dACC_20x_img_020-MaxIP-Stitched_unmixed_rotated.nd2","Layer 1","dACC_v17_ FISH-IF v2.4.4","1918","3437","3456","2927","2951","0","0","0","0","1","1","3492.1328","0","629.33405","0","0","0","0","0","0","0","0","0","0","0","0","0","0","0","0","0","0","0","0","67.941635","44.373806","23.56783","21.02572","0.85405"
"D:\HAA\dACC revisions\Run 4\Br2720_dACC_20x_img_020-MaxIP-Stitched_unmixed_rotated.nd2","Layer 1","dACC_v17_ FISH-IF v2.4.4","1919","3421","3438","2926","2950","0","0","0","0","1","1","3399.9863","0","489.2382","0","0","0","0","0","0","0","0","0","0","0","0","0","0","0","1","0.920618","0","455.568","494.85","59.84019","42.900814","16.939377","17.59295","0.845696"
"D:\HAA\dACC revisions\Run 4\Br2720_dACC_20x_img_020-MaxIP-Stitched_unmixed_rotated.nd2","Layer 1","dACC_v17_ FISH-IF v2.4.4","1920","3677","3703","2940","2966","1","0","1","0","1","1","842.6743","0","165.42839","0","0","0","0","0","5","4.971339","1","4447.9214","894.71295","1","0.50634","0","316.2324","624.5455","20","42.71669","3","31681.654","741.6692","99.61091","73.60344","26.00747","21.883913","0.857351"
"D:\HAA\dACC revisions\Run 4\Br2720_dACC_20x_img_020-MaxIP-Stitched_unmixed_rotated.nd2","Layer 1","dACC_v17_ FISH-IF v2.4.4","1921","3495","3525","2947","2968","0","0","0","0","1","1","2534.1301","0","425.35034","2","3.774535","0","3192.198","845.7195","0","0","0","0","0","1","0.644433","0","469.10107","727.9286","3","1.841237","0","963.8414","523.475","99.88709","75.81292","24.07417","22.31301","0.680926"
"D:\HAA\dACC revisions\Run 4\Br2720_dACC_20x_img_020-MaxIP-Stitched_unmixed_rotated.nd2","Layer 1","dACC_v17_ FISH-IF v2.4.4","1922","6784","6805","2400","2422","0","0","0","0","1","1","1686.8893","0","317.2476","0","0","0","0","0","0","0","0","0","0","0","0","0","0","0","0","0","0","0","0","69.92097","57.446587","12.474379","14.589275","0.893019"
"D:\HAA\dACC revisions\Run 4\Br2720_dACC_20x_img_020-MaxIP-Stitched_unmixed_rotated.nd2","Layer 1","dACC_v17_ FISH-IF v2.4.4","1923","6749","6770","2503","2522","0","0","0","0","1","1","1465.5741","0","317.87512","0","0","0","0","0","0","0","0","0","0","0","0","0","0","0","0","0","0","0","0","60.070347","50.12767","9.942678","13.301987","0.849205"
"D:\HAA\dACC revisions\Run 4\Br2720_dACC_20x_img_020-MaxIP-Stitched_unmixed_rotated.nd2","Layer 1","dACC_v17_ FISH-IF v2.4.4","1924","6745","6773","2522","2547","0","0","0","0","1","1","3193.7566","0","528.64716","0","0","0","0","0","0","0","0","0","0","0","0","0","0","0","0","0","0","0","0","105.779045","74.75421","31.024837","24.458492","0.855261"
"D:\HAA\dACC revisions\Run 4\Br2720_dACC_20x_img_020-MaxIP-Stitched_unmixed_rotated.nd2","Layer 1","dACC_v17_ FISH-IF v2.4.4","1925","4121","4148","2640","2665","1","0","0","0","1","1","1557.3204","0","395.23706","0","0","0","0","0","6","8.009379","1","9576.226","1195.6265","2","2.209484","0","1854.9078","839.5208","2","3.130102","0","1533.8423","490.02942","99.1506","73.005035","26.145561","23.171202","0.814769"
"D:\HAA\dACC revisions\Run 4\Br2720_dACC_20x_img_020-MaxIP-Stitched_unmixed_rotated.nd2","Layer 1","dACC_v17_ FISH-IF v2.4.4","1926","4145","4163","2652","2671","0","0","0","0","1","1","762.5816","0","191.87808","0","0","0","0","0","0","0","0","0","0","0","0","0","0","0","0","0","0","0","0","47.54994","43.038906","4.51103","9.011024","0.793843"
"D:\HAA\dACC revisions\Run 4\Br2720_dACC_20x_img_020-MaxIP-Stitched_unmixed_rotated.nd2","Layer 1","dACC_v17_ FISH-IF v2.4.4","1927","4051","4070","2654","2673","0","0","0","0","1","1","1172.6221","0","136.75298","0","0","0","0","0","0","0","0","0","0","0","0","0","0","0","2","3.820566","0","2283.3638","597.6506","52.24509","46.399166","5.845926","10.298312","0.890631"
"D:\HAA\dACC revisions\Run 4\Br2720_dACC_20x_img_020-MaxIP-Stitched_unmixed_rotated.nd2","Layer 1","dACC_v17_ FISH-IF v2.4.4","1928","4201","4225","2655","2679","0","1","1","0","1","1","1314.2648","0","250.68541","0","0","0","0","0","3","5.615772","0","5197.581","925.5328","9","7.503039","1","7986.8247","1064.4785","13","20.759943","2","13450.694","647.9158","82.57947","64.67344","17.906027","18.88024","0.865143"
"D:\HAA\dACC revisions\Run 4\Br2720_dACC_20x_img_020-MaxIP-Stitched_unmixed_rotated.nd2","Layer 1","dACC_v17_ FISH-IF v2.4.4","1929","3819","3839","2724","2750","0","0","0","0","1","1","1335.3865","0","363.84567","0","0","0","0","0","0","0","0","0","0","0","0","0","0","0","0","0","0","0","0","73.23519","59.65607","13.579121","21.240269","0.522919"
"D:\HAA\dACC revisions\Run 4\Br2720_dACC_20x_img_020-MaxIP-Stitched_unmixed_rotated.nd2","Layer 1","dACC_v17_ FISH-IF v2.4.4","1930","4124","4147","2731","2753","0","0","0","0","1","1","3261.719","0","394.9715","0","0","0","0","0","0","0","0","0","0","0","0","0","0","0","0","0","0","0","0","73.833595","59.74813","14.085461","15.876565","0.850023"
"D:\HAA\dACC revisions\Run 4\Br2720_dACC_20x_img_020-MaxIP-Stitched_unmixed_rotated.nd2","Layer 1","dACC_v17_ FISH-IF v2.4.4","1931","3826","3847","2758","2789","0","0","0","0","1","1","1726.5886","0","269.47705","0","0","0","0","0","0","0","0","0","0","0","0","0","0","0","0","0","0","0","0","87.366684","54.13236","33.23432","27.462166","0.664459"
"D:\HAA\dACC revisions\Run 4\Br2720_dACC_20x_img_020-MaxIP-Stitched_unmixed_rotated.nd2","Layer 1","dACC_v17_ FISH-IF v2.4.4","1932","4133","4151","2770","2788","0","0","0","0","1","1","401.901","0","113.507355","0","0","0","0","0","0","0","0","0","0","0","0","0","0","0","0","0","0","0","0","48.470554","43.821434","4.649123","9.011024","0.88299"
"D:\HAA\dACC revisions\Run 4\Br2720_dACC_20x_img_020-MaxIP-Stitched_unmixed_rotated.nd2","Layer 1","dACC_v17_ FISH-IF v2.4.4","1933","3826","3846","2793","2810","0","0","0","0","1","1","2062.1174","0","402.37006","0","0","0","0","0","0","0","0","0","0","0","0","0","0","0","0","0","0","0","0","51.830814","39.67865","12.152163","14.589275","0.753114"
"D:\HAA\dACC revisions\Run 4\Br2720_dACC_20x_img_020-MaxIP-Stitched_unmixed_rotated.nd2","Layer 1","dACC_v17_ FISH-IF v2.4.4","1934","3824","3852","2807","2837","0","0","0","0","1","1","2787.3796","0","756.42236","0","0","0","0","0","0","0","0","0","0","0","0","0","0","0","0","0","0","0","0","104.53622","62.2338","42.302414","32.61132","0.641952"
"D:\HAA\dACC revisions\Run 4\Br2720_dACC_20x_img_020-MaxIP-Stitched_unmixed_rotated.nd2","Layer 1","dACC_v17_ FISH-IF v2.4.4","1935","3891","3915","2809","2833","0","0","0","0","1","1","1032.5796","0","185.83286","0","0","0","0","0","0","0","0","0","0","0","0","0","0","0","0","0","0","0","0","83.500084","64.99566","18.504429","18.88024","0.894058"
"D:\HAA\dACC revisions\Run 4\Br2720_dACC_20x_img_020-MaxIP-Stitched_unmixed_rotated.nd2","Layer 1","dACC_v17_ FISH-IF v2.4.4","1936","3815","3841","2833","2859","0","0","0","0","1","1","2418.3132","0","488.7191","0","0","0","0","0","0","0","0","0","0","0","0","0","0","0","0","0","0","0","0","96.25065","71.11777","25.132881","23.171202","0.846538"
"D:\HAA\dACC revisions\Run 4\Br2720_dACC_20x_img_020-MaxIP-Stitched_unmixed_rotated.nd2","Layer 1","dACC_v17_ FISH-IF v2.4.4","1937","4018","4037","2833","2852","0","0","0","0","1","1","514.3307","0","119.24383","0","0","0","0","0","0","0","0","0","0","0","0","0","0","0","1","0.598402","0","264.07938","441.30768","52.475246","46.62932","5.845926","10.298312","0.820574"
"D:\HAA\dACC revisions\Run 4\Br2720_dACC_20x_img_020-MaxIP-Stitched_unmixed_rotated.nd2","Layer 1","dACC_v17_ FISH-IF v2.4.4","1938","4153","4196","2846","2875","0","0","0","0","1","1","1666.4353","0","316.383","0","0","0","0","0","0","0","0","0","0","0","0","0","0","0","1","1.51902","0","910.62964","599.48486","170.68265","110.93451","59.74813","39.476864","0.602964"
"D:\HAA\dACC revisions\Run 4\Br2720_dACC_20x_img_020-MaxIP-Stitched_unmixed_rotated.nd2","Layer 1","dACC_v17_ FISH-IF v2.4.4","1939","4008","4027","2855","2886","0","0","0","0","1","1","1411.7256","0","200.54112","0","0","0","0","0","0","0","0","0","0","0","0","0","0","0","1","0.966649","0","472.46133","488.7619","91.27931","73.327255","17.952057","21.02572","0.583852"
"D:\HAA\dACC revisions\Run 4\Br2720_dACC_20x_img_020-MaxIP-Stitched_unmixed_rotated.nd2","Layer 1","dACC_v17_ FISH-IF v2.4.4","1940","3832","3849","2884","2899","0","0","0","0","1","1","1189.1052","0","255.85863","0","0","0","0","0","0","0","0","0","0","0","0","0","0","0","0","0","0","0","0","37.239014","35.489838","1.749175","5.578252","0.624754"
"D:\HAA\dACC revisions\Run 4\Br2720_dACC_20x_img_020-MaxIP-Stitched_unmixed_rotated.nd2","Layer 1","dACC_v17_ FISH-IF v2.4.4","1941","3834","3855","2898","2927","0","0","0","0","1","1","2809.0054","0","624.6107","0","0","0","0","0","0","0","0","0","0","0","0","0","0","0","0","0","0","0","0","94.961784","69.644775","25.317005","22.742105","0.734577"
"D:\HAA\dACC revisions\Run 4\Br2720_dACC_20x_img_020-MaxIP-Stitched_unmixed_rotated.nd2","Layer 1","dACC_v17_ FISH-IF v2.4.4","1942","4044","4073","2900","2925","0","0","0","0","1","1","2994.1462","0","384.1119","0","0","0","0","0","0","0","0","0","0","0","0","0","0","0","0","0","0","0","0","105.22668","76.91766","28.309013","24.029396","0.764372"
"D:\HAA\dACC revisions\Run 4\Br2720_dACC_20x_img_020-MaxIP-Stitched_unmixed_rotated.nd2","Layer 1","dACC_v17_ FISH-IF v2.4.4","1943","3855","3868","2903","2919","0","0","0","0","1","1","1562.8148","0","411.46085","0","0","0","0","0","0","0","0","0","0","0","0","0","0","0","0","0","0","0","0","31.807364","30.56453","1.242835","4.076415","0.693623"
"D:\HAA\dACC revisions\Run 4\Br2720_dACC_20x_img_020-MaxIP-Stitched_unmixed_rotated.nd2","Layer 1","dACC_v17_ FISH-IF v2.4.4","1944","4172","4194","2911","2930","0","0","0","0","1","1","1104.7646","0","175.58746","0","0","0","0","0","0","0","0","0","0","0","0","0","0","0","0","0","0","0","0","60.71478","52.107","8.607781","12.658342","0.798689"
"D:\HAA\dACC revisions\Run 4\Br2720_dACC_20x_img_020-MaxIP-Stitched_unmixed_rotated.nd2","Layer 1","dACC_v17_ FISH-IF v2.4.4","1945","4016","4040","2926","2952","0","0","0","0","1","1","3370.2346","0","420.24808","0","0","0","0","0","0","0","0","0","0","0","0","0","0","0","0","0","0","0","0","95.74431","71.62411","24.120201","21.454817","0.843699"
"D:\HAA\dACC revisions\Run 4\Br2720_dACC_20x_img_020-MaxIP-Stitched_unmixed_rotated.nd2","Layer 1","dACC_v17_ FISH-IF v2.4.4","1946","4095","4113","2964","2983","0","0","0","0","1","1","458.67856","0","121.44183","0","0","0","0","0","0","0","0","0","0","0","0","0","0","0","1","0.736495","0","349.78894","474.9375","50.265762","45.1103","5.155463","9.011024","0.867337"
"D:\HAA\dACC revisions\Run 4\Br2720_dACC_20x_img_020-MaxIP-Stitched_unmixed_rotated.nd2","Layer 1","dACC_v17_ FISH-IF v2.4.4","1947","4079","4107","2985","3012","0","0","0","1","1","1","2435.6135","0","439.7029","5","10.587111","1","11734.155","1108.3435","0","0","0","0","0","0","0","0","0","0","0","0","0","0","0","111.57894","79.17318","32.405766","26.174877","0.7596"
"D:\HAA\dACC revisions\Run 4\Br2720_dACC_20x_img_020-MaxIP-Stitched_unmixed_rotated.nd2","Layer 1","dACC_v17_ FISH-IF v2.4.4","1948","6287","6312","3556","3581","0","0","0","0","1","1","3618.3599","0","435.05264","0","0","0","0","0","0","0","0","0","0","0","0","0","0","0","0","0","0","0","0","88.19524","67.34323","20.852005","19.738432","0.940278"
"D:\HAA\dACC revisions\Run 4\Br2720_dACC_20x_img_020-MaxIP-Stitched_unmixed_rotated.nd2","Layer 1","dACC_v17_ FISH-IF v2.4.4","1949","6260","6287","3575","3602","0","0","0","0","1","1","3082.3713","0","400.79953","0","0","0","0","0","0","0","0","0","0","0","0","0","0","0","0","0","0","0","0","104.95049","76.68751","28.262983","24.029396","0.784624"
"D:\HAA\dACC revisions\Run 4\Br2720_dACC_20x_img_020-MaxIP-Stitched_unmixed_rotated.nd2","Layer 1","dACC_v17_ FISH-IF v2.4.4","1950","6542","6560","3608","3633","0","0","0","0","1","1","1884.0807","0","286.13937","3","10.310925","0","18260.557","1770.9911","0","0","0","0","0","0","0","0","0","0","0","0","0","0","0","65.9623","52.843494","13.118812","16.734756","0.739691"
"D:\HAA\dACC revisions\Run 4\Br2720_dACC_20x_img_020-MaxIP-Stitched_unmixed_rotated.nd2","Layer 1","dACC_v17_ FISH-IF v2.4.4","1951","6527","6542","3611","3629","0","0","0","0","1","1","1449.9504","0","240.60449","0","0","0","0","0","0","0","0","0","0","0","0","0","0","0","0","0","0","0","0","44.55793","38.988186","5.569741","10.298312","0.820828"
"D:\HAA\dACC revisions\Run 4\Br2720_dACC_20x_img_020-MaxIP-Stitched_unmixed_rotated.nd2","Layer 1","dACC_v17_ FISH-IF v2.4.4","1952","6255","6284","3800","3828","0","0","0","0","1","1","3381.4307","0","368.27927","0","0","0","0","0","0","0","0","0","0","0","0","0","0","0","0","0","0","0","0","104.02988","79.44936","24.58051","26.174877","0.588033"
"D:\HAA\dACC revisions\Run 4\Br2720_dACC_20x_img_020-MaxIP-Stitched_unmixed_rotated.nd2","Layer 1","dACC_v17_ FISH-IF v2.4.4","1953","6351","6383","2643","2669","0","0","0","0","1","1","3333.1191","0","397.80325","0","0","0","0","0","0","0","0","0","0","0","0","0","0","0","0","0","0","0","0","108.632965","82.34931","26.283653","27.676714","0.57753"
"D:\HAA\dACC revisions\Run 4\Br2720_dACC_20x_img_020-MaxIP-Stitched_unmixed_rotated.nd2","Layer 1","dACC_v17_ FISH-IF v2.4.4","1954","6206","6237","2647","2679","0","0","0","0","1","1","1891.7931","0","259.80573","0","0","0","0","0","0","0","0","0","0","0","0","0","0","0","0","0","0","0","0","139.74986","91.46343","48.286434","31.75313","0.866287"
"D:\HAA\dACC revisions\Run 4\Br2720_dACC_20x_img_020-MaxIP-Stitched_unmixed_rotated.nd2","Layer 1","dACC_v17_ FISH-IF v2.4.4","1955","6254","6284","2651","2678","0","0","0","1","1","1","2477.35","0","517.96497","14","27.434427","2","60065.746","2189.4294","0","0","0","0","0","0","0","0","0","0","0","0","0","0","0","112.177345","80.093796","32.08355","26.174877","0.795645"
"D:\HAA\dACC revisions\Run 4\Br2720_dACC_20x_img_020-MaxIP-Stitched_unmixed_rotated.nd2","Layer 1","dACC_v17_ FISH-IF v2.4.4","1956","6466","6495","2668","2696","0","0","0","1","1","1","2620.8892","0","382.75232","24","41.15164","3","119582.984","2905.9104","0","0","0","0","0","0","0","0","0","0","0","0","0","0","0","111.71703","79.3573","32.359734","25.96033","0.850694"
"D:\HAA\dACC revisions\Run 4\Br2720_dACC_20x_img_020-MaxIP-Stitched_unmixed_rotated.nd2","Layer 1","dACC_v17_ FISH-IF v2.4.4","1957","6551","6574","2688","2707","0","0","0","0","1","1","1082.4044","0","165.15247","0","0","0","0","0","0","0","0","0","0","0","0","0","0","0","0","0","0","0","0","66.51468","56.15772","10.356956","13.731083","0.719592"
"D:\HAA\dACC revisions\Run 4\Br2720_dACC_20x_img_020-MaxIP-Stitched_unmixed_rotated.nd2","Layer 1","dACC_v17_ FISH-IF v2.4.4","1958","6407","6438","2688","2720","0","0","0","0","1","1","2216.2617","0","295.17847","0","0","0","0","0","0","0","0","0","0","0","0","0","0","0","0","0","0","0","0","143.57043","93.626884","49.943546","31.75313","0.806832"
"D:\HAA\dACC revisions\Run 4\Br2720_dACC_20x_img_020-MaxIP-Stitched_unmixed_rotated.nd2","Layer 1","dACC_v17_ FISH-IF v2.4.4","1959","6289","6315","2695","2718","0","0","0","1","1","1","2410.0374","0","420.46265","6","11.093451","1","14164.772","1276.8589","0","0","0","0","0","0","0","0","0","0","0","0","0","0","0","83.77627","66.56071","17.215563","19.738432","0.683424"
"D:\HAA\dACC revisions\Run 4\Br2720_dACC_20x_img_020-MaxIP-Stitched_unmixed_rotated.nd2","Layer 1","dACC_v17_ FISH-IF v2.4.4","1960","6277","6304","2721","2748","0","0","0","0","1","1","2788.023","0","408.18433","0","0","0","0","0","0","0","0","0","0","0","0","0","0","0","0","0","0","0","0","110.10596","78.1605","31.945457","24.029396","0.922526"
"D:\HAA\dACC revisions\Run 4\Br2720_dACC_20x_img_020-MaxIP-Stitched_unmixed_rotated.nd2","Layer 1","dACC_v17_ FISH-IF v2.4.4","1961","6367","6390","2722","2749","0","0","0","1","1","1","2924.752","0","338.06152","8","24.120201","1","43699.727","1811.748","0","0","0","0","0","0","0","0","0","0","0","0","0","0","0","87.366684","68.81622","18.550459","20.596624","0.685428"
"D:\HAA\dACC revisions\Run 4\Br2720_dACC_20x_img_020-MaxIP-Stitched_unmixed_rotated.nd2","Layer 1","dACC_v17_ FISH-IF v2.4.4","1962","6339","6360","2763","2784","0","0","0","0","1","1","1370.159","0","224.13306","3","10.126801","0","12917.748","1275.6","0","0","0","0","0","0","0","0","0","0","0","0","0","0","0","64.44328","54.316483","10.126801","13.731083","0.839995"
"D:\HAA\dACC revisions\Run 4\Br2720_dACC_20x_img_020-MaxIP-Stitched_unmixed_rotated.nd2","Layer 1","dACC_v17_ FISH-IF v2.4.4","1963","6437","6459","2767","2789","0","0","0","0","1","1","1360.4761","0","198.88329","0","0","0","0","0","0","0","0","0","0","0","0","0","0","0","0","0","0","0","0","70.84158","58.367203","12.474379","15.447468","0.760902"
"D:\HAA\dACC revisions\Run 4\Br2720_dACC_20x_img_020-MaxIP-Stitched_unmixed_rotated.nd2","Layer 1","dACC_v17_ FISH-IF v2.4.4","1964","6551","6579","2926","2949","0","0","0","0","1","1","3283.022","0","771.66846","0","0","0","0","0","0","0","0","0","0","0","0","0","0","0","0","0","0","0","0","93.48879","59.84019","33.6486","28.749454","0.647027"
"D:\HAA\dACC revisions\Run 4\Br2720_dACC_20x_img_020-MaxIP-Stitched_unmixed_rotated.nd2","Layer 1","dACC_v17_ FISH-IF v2.4.4","1965","6577","6595","2937","2953","0","0","0","0","1","1","2364.4353","0","620.41974","0","0","0","0","0","0","0","0","0","0","0","0","0","0","0","0","0","0","0","0","42.440506","27.52649","14.914018","17.163853","0.6843"
"D:\HAA\dACC revisions\Run 4\Br2720_dACC_20x_img_020-MaxIP-Stitched_unmixed_rotated.nd2","Layer 1","dACC_v17_ FISH-IF v2.4.4","1966","6594","6637","2939","2962","0","0","0","0","1","1","2344.1255","0","363.80612","0","0","0","0","0","0","0","0","0","0","0","0","0","0","0","0","0","0","0","0","140.34827","90.45075","49.897514","37.76048","0.545875"
"D:\HAA\dACC revisions\Run 4\Br2720_dACC_20x_img_020-MaxIP-Stitched_unmixed_rotated.nd2","Layer 1","dACC_v17_ FISH-IF v2.4.4","1967","6562","6581","2948","2969","0","0","0","0","1","1","2348.0017","0","881.70215","0","0","0","0","0","0","0","0","0","0","0","0","0","0","0","0","0","0","0","0","58.367203","32.451797","25.915407","23.600298","0.698456"
"D:\HAA\dACC revisions\Run 4\Br2720_dACC_20x_img_020-MaxIP-Stitched_unmixed_rotated.nd2","Layer 1","dACC_v17_ FISH-IF v2.4.4","1968","6579","6595","2951","2969","0","0","0","0","1","1","2295.0376","0","537.5494","0","0","0","0","0","0","0","0","0","0","0","0","0","0","0","0","0","0","0","0","32.451797","11.645823","20.805975","21.669365","0.711749"
"D:\HAA\dACC revisions\Run 4\Br2720_dACC_20x_img_020-MaxIP-Stitched_unmixed_rotated.nd2","Layer 1","dACC_v17_ FISH-IF v2.4.4","1969","6549","6562","2949","2964","0","0","0","0","1","1","1427.1515","0","679.56384","0","0","0","0","0","0","0","0","0","0","0","0","0","0","0","0","0","0","0","0","29.275663","27.756643","1.51902","4.72006","0.702936"
"D:\HAA\dACC revisions\Run 4\Br2720_dACC_20x_img_020-MaxIP-Stitched_unmixed_rotated.nd2","Layer 1","dACC_v17_ FISH-IF v2.4.4","1970","6600","6614","2957","2972","0","0","0","0","1","1","1756.4171","0","393.51385","0","0","0","0","0","0","0","0","0","0","0","0","0","0","0","0","0","0","0","0","31.301023","21.588501","9.712523","13.301987","0.711026"
"D:\HAA\dACC revisions\Run 4\Br2720_dACC_20x_img_020-MaxIP-Stitched_unmixed_rotated.nd2","Layer 1","dACC_v17_ FISH-IF v2.4.4","1971","6587","6600","2956","2973","0","0","0","0","1","1","1675.0321","0","547.6244","0","0","0","0","0","0","0","0","0","0","0","0","0","0","0","0","0","0","0","0","28.170921","18.13618","10.03474","14.589275","0.769837"
"D:\HAA\dACC revisions\Run 4\Br2720_dACC_20x_img_020-MaxIP-Stitched_unmixed_rotated.nd2","Layer 1","dACC_v17_ FISH-IF v2.4.4","1972","6551","6580","2967","2989","0","0","0","0","1","1","2877.9165","0","324.39124","0","0","0","0","0","0","0","0","0","0","0","0","0","0","0","0","0","0","0","0","96.80302","73.64947","23.153551","22.31301","0.654585"
"D:\HAA\dACC revisions\Run 4\Br2720_dACC_20x_img_020-MaxIP-Stitched_unmixed_rotated.nd2","Layer 1","dACC_v17_ FISH-IF v2.4.4","1973","6227","6270","2975","2997","0","0","0","0","1","1","2385.2458","0","307.41016","0","0","0","0","0","0","0","0","0","0","0","0","0","0","0","0","0","0","0","0","145.4577","104.260025","41.19767","34.756805","0.501362"
"D:\HAA\dACC revisions\Run 4\Br2720_dACC_20x_img_020-MaxIP-Stitched_unmixed_rotated.nd2","Layer 1","dACC_v17_ FISH-IF v2.4.4","1974","6270","6294","2981","3001","0","0","0","0","1","1","2070.1875","0","235.50916","1","0.874587","0","738.1978","844.0526","0","0","0","0","0","0","0","0","0","0","0","0","0","0","0","69.644775","57.860863","11.783915","15.018372","0.72217"
"D:\HAA\dACC revisions\Run 4\Br2720_dACC_20x_img_020-MaxIP-Stitched_unmixed_rotated.nd2","Layer 1","dACC_v17_ FISH-IF v2.4.4","1975","6265","6284","3003","3021","0","0","0","0","1","1","370.90817","0","113.50529","0","0","0","0","0","0","0","0","0","0","0","0","0","0","0","0","0","0","0","0","48.05628","43.545246","4.51103","9.011024","0.88543"
"D:\HAA\dACC revisions\Run 4\Br2720_dACC_20x_img_020-MaxIP-Stitched_unmixed_rotated.nd2","Layer 1","dACC_v17_ FISH-IF v2.4.4","1976","4539","4564","3421","3442","0","0","0","0","1","1","1312.1295","0","248.4361","0","0","0","0","0","0","0","0","0","0","0","0","0","0","0","0","0","0","0","0","69.00034","57.63071","11.369637","15.876565","0.702622"
"D:\HAA\dACC revisions\Run 4\Br2720_dACC_20x_img_020-MaxIP-Stitched_unmixed_rotated.nd2","Layer 1","dACC_v17_ FISH-IF v2.4.4","1977","4302","4325","3480","3502","0","1","1","0","1","1","1697.0704","0","190.98761","0","0","0","0","0","2","2.163453","0","1532.9216","708.55316","10","9.712523","2","7950.092","818.5403","21","36.916798","3","33148.246","897.9177","73.189156","59.471947","13.717214","16.30566","0.804908"
"D:\HAA\dACC revisions\Run 4\Br2720_dACC_20x_img_020-MaxIP-Stitched_unmixed_rotated.nd2","Layer 1","dACC_v17_ FISH-IF v2.4.4","1978","4508","4539","3503","3530","0","0","0","0","1","1","2657.498","0","395.52866","0","0","0","0","0","0","0","0","0","0","0","0","0","0","0","0","0","0","0","0","120.7391","83.500084","37.239014","27.03307","0.817094"
"D:\HAA\dACC revisions\Run 4\Br2720_dACC_20x_img_020-MaxIP-Stitched_unmixed_rotated.nd2","Layer 1","dACC_v17_ FISH-IF v2.4.4","1979","4222","4249","3534","3561","0","0","0","0","1","1","3286.8726","0","535.34863","0","0","0","0","0","0","0","0","0","0","0","0","0","0","0","0","0","0","0","0","91.601524","68.125755","23.475767","24.243944","0.630024"
"D:\HAA\dACC revisions\Run 4\Br2720_dACC_20x_img_020-MaxIP-Stitched_unmixed_rotated.nd2","Layer 1","dACC_v17_ FISH-IF v2.4.4","1980","4535","4557","3563","3583","0","0","1","0","1","1","2151.9683","0","234.07562","0","0","0","0","0","0","0","0","0","0","0","0","0","0","0","10","18.688553","2","15468.414","827.6946","64.30519","54.17839","10.126801","13.731083","0.852687"
"D:\HAA\dACC revisions\Run 4\Br2720_dACC_20x_img_020-MaxIP-Stitched_unmixed_rotated.nd2","Layer 1","dACC_v17_ FISH-IF v2.4.4","1981","4278","4311","3567","3590","0","0","0","1","1","1","2649.959","0","392.00998","6","15.696543","1","19669.334","1253.0997","0","0","0","0","0","0","0","0","0","0","0","0","0","0","0","113.46621","83.131836","30.334375","26.603973","0.639048"
"D:\HAA\dACC revisions\Run 4\Br2720_dACC_20x_img_020-MaxIP-Stitched_unmixed_rotated.nd2","Layer 1","dACC_v17_ FISH-IF v2.4.4","1982","4485","4511","3653","3682","0","0","0","1","1","1","2105.173","0","380.7618","4","8.883967","1","9867.003","1110.6528","0","0","0","0","0","0","0","0","0","0","0","0","0","0","0","109.78374","77.884315","31.899426","26.603973","0.722751"
"D:\HAA\dACC revisions\Run 4\Br2720_dACC_20x_img_020-MaxIP-Stitched_unmixed_rotated.nd2","Layer 1","dACC_v17_ FISH-IF v2.4.4","1983","4495","4525","3679","3706","0","0","0","0","1","1","2767.2717","0","397.697","0","0","0","0","0","0","0","0","0","0","0","0","0","0","0","0","0","0","0","0","113.28209","78.390656","34.891434","26.603973","0.822779"
"D:\HAA\dACC revisions\Run 4\Br2720_dACC_20x_img_020-MaxIP-Stitched_unmixed_rotated.nd2","Layer 1","dACC_v17_ FISH-IF v2.4.4","1984","4453","4483","3695","3723","0","0","0","1","1","1","2446.4612","0","613.5494","4","10.218863","1","11033.9795","1079.7657","0","0","0","0","0","0","0","0","0","0","0","0","0","0","0","115.44554","81.612816","33.832726","27.462166","0.815095"
"D:\HAA\dACC revisions\Run 4\Br2720_dACC_20x_img_020-MaxIP-Stitched_unmixed_rotated.nd2","Layer 1","dACC_v17_ FISH-IF v2.4.4","1985","4275","4304","3724","3749","0","0","0","0","1","1","3122.7737","0","518.3111","0","0","0","0","0","0","0","0","0","0","0","0","0","0","0","0","0","0","0","0","108.03456","80.78426","27.250303","26.174877","0.706213"
"D:\HAA\dACC revisions\Run 4\Br2720_dACC_20x_img_020-MaxIP-Stitched_unmixed_rotated.nd2","Layer 1","dACC_v17_ FISH-IF v2.4.4","1986","4332","4356","3726","3746","0","0","0","0","1","1","1724.6118","0","208.44012","0","0","0","0","0","0","0","0","0","0","0","0","0","0","0","0","0","0","0","0","68.954315","58.044987","10.909328","15.447468","0.672546"
"D:\HAA\dACC revisions\Run 4\Br2720_dACC_20x_img_020-MaxIP-Stitched_unmixed_rotated.nd2","Layer 1","dACC_v17_ FISH-IF v2.4.4","1987","4595","4621","3741","3767","0","0","0","0","1","1","3718.6716","0","398.29208","0","0","0","0","0","0","0","0","0","0","0","0","0","0","0","0","0","0","0","0","97.26333","72.176476","25.08685","22.098461","0.893226"
"D:\HAA\dACC revisions\Run 4\Br2720_dACC_20x_img_020-MaxIP-Stitched_unmixed_rotated.nd2","Layer 1","dACC_v17_ FISH-IF v2.4.4","1988","4385","4404","3800","3821","0","0","0","0","1","1","498.86227","0","123.938126","0","0","0","0","0","3","2.807886","0","2151.393","766.1967","0","0","0","0","0","0","0","0","0","0","58.275143","50.58798","7.687163","12.229246","0.785725"
"D:\HAA\dACC revisions\Run 4\Br2720_dACC_20x_img_020-MaxIP-Stitched_unmixed_rotated.nd2","Layer 1","dACC_v17_ FISH-IF v2.4.4","1989","4714","4741","3035","3060","0","0","0","0","1","1","1503.8546","0","248.55438","0","0","0","0","0","1","1.51902","0","1274.8723","839.2727","1","0.690464","0","514.6257","745.3333","0","0","0","0","0","99.61091","73.64947","25.961437","22.31301","0.834298"
"D:\HAA\dACC revisions\Run 4\Br2720_dACC_20x_img_020-MaxIP-Stitched_unmixed_rotated.nd2","Layer 1","dACC_v17_ FISH-IF v2.4.4","1990","4909","4938","3067","3092","0","0","0","0","1","1","2533.3188","0","359.9459","0","0","0","0","0","0","0","0","0","0","0","0","0","0","0","0","0","0","0","0","106.285385","76.549416","29.735973","24.029396","0.856139"
"D:\HAA\dACC revisions\Run 4\Br2720_dACC_20x_img_020-MaxIP-Stitched_unmixed_rotated.nd2","Layer 1","dACC_v17_ FISH-IF v2.4.4","1991","4735","4754","3072","3091","0","0","0","0","1","1","437.58557","0","120.64784","0","0","0","0","0","0","0","0","0","0","0","0","0","0","0","0","0","0","0","0","49.943546","44.834114","5.109432","9.44012","0.898302"
"D:\HAA\dACC revisions\Run 4\Br2720_dACC_20x_img_020-MaxIP-Stitched_unmixed_rotated.nd2","Layer 1","dACC_v17_ FISH-IF v2.4.4","1992","4672","4708","3130","3161","0","0","0","0","1","1","2735.2869","0","487.48972","0","0","0","0","0","0","0","0","0","0","0","0","0","0","0","0","0","0","0","0","127.96595","96.34271","31.62324","36.902287","0.460533"
"D:\HAA\dACC revisions\Run 4\Br2720_dACC_20x_img_020-MaxIP-Stitched_unmixed_rotated.nd2","Layer 1","dACC_v17_ FISH-IF v2.4.4","1993","4929","4957","3135","3164","0","0","0","0","1","1","2488.0645","0","549.2297","0","0","0","0","0","0","0","0","0","0","0","0","0","0","0","1","2.301546","0","1733.9846","753.4","118.069305","83.77627","34.293034","27.03307","0.793079"
"D:\HAA\dACC revisions\Run 4\Br2720_dACC_20x_img_020-MaxIP-Stitched_unmixed_rotated.nd2","Layer 1","dACC_v17_ FISH-IF v2.4.4","1994","4682","4710","3162","3182","0","0","0","0","1","1","818.62463","0","251.86018","0","0","0","0","0","0","0","0","0","0","0","0","0","0","0","0","0","0","0","0","83.59215","67.15911","16.433037","19.95298","0.591953"
"D:\HAA\dACC revisions\Run 4\Br2720_dACC_20x_img_020-MaxIP-Stitched_unmixed_rotated.nd2","Layer 1","dACC_v17_ FISH-IF v2.4.4","1995","4956","4985","3172","3195","1","0","0","0","1","1","1101.9526","0","162.7895","0","0","0","0","0","4","2.853917","1","1957.741","685.9839","0","0","0","0","0","0","0","0","0","0","100.715645","75.44467","25.270973","23.171202","0.700641"
"D:\HAA\dACC revisions\Run 4\Br2720_dACC_20x_img_020-MaxIP-Stitched_unmixed_rotated.nd2","Layer 1","dACC_v17_ FISH-IF v2.4.4","1996","4820","4859","3191","3222","1","1","0","0","1","1","1597.2775","0","223.78479","0","0","0","0","0","14","26.00747","2","28984.932","1114.485","17","17.031439","3","13623.402","799.8973","1","3.130102","0","1712.212","547.0147","171.74135","105.87111","65.87024","38.61867","0.755254"
"D:\HAA\dACC revisions\Run 4\Br2720_dACC_20x_img_020-MaxIP-Stitched_unmixed_rotated.nd2","Layer 1","dACC_v17_ FISH-IF v2.4.4","1997","4793","4824","3236","3263","0","0","0","0","1","1","2675.7944","0","594.5445","0","0","0","0","0","0","0","0","0","0","0","0","0","0","0","0","0","0","0","0","115.07729","85.29529","29.782003","28.320358","0.674879"
"D:\HAA\dACC revisions\Run 4\Br2720_dACC_20x_img_020-MaxIP-Stitched_unmixed_rotated.nd2","Layer 1","dACC_v17_ FISH-IF v2.4.4","1998","4951","4973","3239","3261","0","0","0","0","1","1","1298.5137","0","188.98947","0","0","0","0","0","3","2.761855","0","2191.3938","793.45","1","1.334897","0","1007.4327","754.68964","0","0","0","0","0","68.67813","56.848183","11.829946","15.018372","0.841495"
"D:\HAA\dACC revisions\Run 4\Br2720_dACC_20x_img_020-MaxIP-Stitched_unmixed_rotated.nd2","Layer 1","dACC_v17_ FISH-IF v2.4.4","1999","4753","4784","3248","3275","0","0","0","0","1","1","2865.8716","0","338.61777","0","0","0","0","0","0","0","0","0","0","0","0","0","0","0","0","0","0","0","0","116.08997","81.2906","34.799374","26.818521","0.821761"
"D:\HAA\dACC revisions\Run 4\Br2720_dACC_20x_img_020-MaxIP-Stitched_unmixed_rotated.nd2","Layer 1","dACC_v17_ FISH-IF v2.4.4","2000","4844","4869","3255","3274","0","0","0","0","1","1","712.86163","0","140.07692","0","0","0","0","0","0","0","0","0","0","0","0","0","0","0","0","0","0","0","0","70.88761","59.24179","11.645823","15.447468","0.68017"
"D:\HAA\dACC revisions\Run 4\Br2720_dACC_20x_img_020-MaxIP-Stitched_unmixed_rotated.nd2","Layer 1","dACC_v17_ FISH-IF v2.4.4","2001","4916","4954","3255","3282","0","0","0","0","1","1","2224.8728","0","354.65265","0","0","0","0","0","1","0.460309","0","317.2451","689.2","0","0","0","0","0","0","0","0","0","0","145.96404","100.715645","45.24839","33.040417","0.579615"
"D:\HAA\dACC revisions\Run 4\Br2720_dACC_20x_img_020-MaxIP-Stitched_unmixed_rotated.nd2","Layer 1","dACC_v17_ FISH-IF v2.4.4","2002","4695","4724","3262","3281","0","0","0","0","1","1","1748.271","0","201.43588","0","0","0","0","0","0","0","0","0","0","0","0","0","0","0","0","0","0","0","0","86.26194","69.27653","16.985409","19.309336","0.621928"
"D:\HAA\dACC revisions\Run 4\Br2720_dACC_20x_img_020-MaxIP-Stitched_unmixed_rotated.nd2","Layer 1","dACC_v17_ FISH-IF v2.4.4","2003","4955","4986","3269","3300","0","0","0","0","1","1","1897.2697","0","284.17606","0","0","0","0","0","0","0","0","0","0","0","0","0","0","0","1","0.920618","0","442.4952","480.65","142.926","93.07452","49.851482","30.036743","0.85829"
"D:\HAA\dACC revisions\Run 4\Br2720_dACC_20x_img_020-MaxIP-Stitched_unmixed_rotated.nd2","Layer 1","dACC_v17_ FISH-IF v2.4.4","2004","4991","5015","3276","3294","0","0","0","0","1","1","630.9813","0","124.095436","0","0","0","0","0","0","0","0","0","0","0","0","0","0","0","0","0","0","0","0","66.28452","56.433907","9.850616","14.160179","0.66419"
"D:\HAA\dACC revisions\Run 4\Br2720_dACC_20x_img_020-MaxIP-Stitched_unmixed_rotated.nd2","Layer 1","dACC_v17_ FISH-IF v2.4.4","2005","4883","4906","3293","3324","0","0","0","0","1","1","3279.0566","0","463.40152","0","0","0","0","0","0","0","0","0","0","0","0","0","0","0","0","0","0","0","0","107.20601","78.7589","28.447107","23.600298","0.723746"
"D:\HAA\dACC revisions\Run 4\Br2720_dACC_20x_img_020-MaxIP-Stitched_unmixed_rotated.nd2","Layer 1","dACC_v17_ FISH-IF v2.4.4","2006","4753","4783","3314","3348","0","0","0","0","1","1","2381.0293","0","340.31332","0","0","0","0","0","0","0","0","0","0","0","0","0","0","0","1","0.414278","0","227.39273","548.8889","135.28487","92.84436","42.440506","32.182224","0.686761"
"D:\HAA\dACC revisions\Run 4\Br2720_dACC_20x_img_020-MaxIP-Stitched_unmixed_rotated.nd2","Layer 1","dACC_v17_ FISH-IF v2.4.4","2007","4928","4955","3322","3345","0","0","0","0","1","1","3410.1917","0","579.17645","0","0","0","0","0","0","0","0","0","0","0","0","0","0","0","0","0","0","0","0","93.76498","70.70349","23.06149","21.02572","0.83679"
"D:\HAA\dACC revisions\Run 4\Br2720_dACC_20x_img_020-MaxIP-Stitched_unmixed_rotated.nd2","Layer 1","dACC_v17_ FISH-IF v2.4.4","2008","4975","5012","3468","3502","1","0","1","0","1","1","1452.9712","0","257.7004","0","0","0","0","0","5","3.866597","1","3393.6755","877.6905","1","0.874587","0","685.6305","783.9474","7","9.252214","1","5538.44","598.607","179.2444","110.474205","68.77019","40.764153","0.759941"
"D:\HAA\dACC revisions\Run 4\Br2720_dACC_20x_img_020-MaxIP-Stitched_unmixed_rotated.nd2","Layer 1","dACC_v17_ FISH-IF v2.4.4","2009","4789","4827","3473","3507","1","1","1","0","1","1","1556.0514","0","243.11856","0","0","0","0","0","20","27.02015","3","42900.125","1587.7087","21","19.379017","3","19040.506","982.53204","4","3.130102","1","1557.456","497.57352","152.9147","106.37745","46.53726","39.90596","0.529522"
"D:\HAA\dACC revisions\Run 4\Br2720_dACC_20x_img_020-MaxIP-Stitched_unmixed_rotated.nd2","Layer 1","dACC_v17_ FISH-IF v2.4.4","2010","4666","4686","3494","3515","0","0","0","0","1","1","901.1269","0","180.31894","0","0","0","0","0","2","3.452319","0","3298.0232","955.30664","0","0","0","0","0","0","0","0","0","0","61.313183","52.24509","9.06809","12.87289","0.86744"
"D:\HAA\dACC revisions\Run 4\Br2720_dACC_20x_img_020-MaxIP-Stitched_unmixed_rotated.nd2","Layer 1","dACC_v17_ FISH-IF v2.4.4","2011","4718","4752","3496","3523","0","0","0","0","1","1","2234.4983","0","346.58716","0","0","0","0","0","0","0","0","0","0","0","0","0","0","0","0","0","0","0","0","128.65642","88.19524","40.461178","30.036743","0.719887"
"D:\HAA\dACC revisions\Run 4\Br2720_dACC_20x_img_020-MaxIP-Stitched_unmixed_rotated.nd2","Layer 1","dACC_v17_ FISH-IF v2.4.4","2012","4880","4924","3499","3521","0","0","0","0","1","1","3460.0676","0","388.9481","0","0","0","0","0","0","0","0","0","0","0","0","0","0","0","0","0","0","0","0","145.68785","105.50286","40.18499","34.756805","0.487738"
"D:\HAA\dACC revisions\Run 4\Br2720_dACC_20x_img_020-MaxIP-Stitched_unmixed_rotated.nd2","Layer 1","dACC_v17_ FISH-IF v2.4.4","2013","4755","4799","3508","3532","0","0","0","0","1","1","2345.5142","0","348.6559","0","0","0","0","0","0","0","0","0","0","0","0","0","0","0","0","0","0","0","0","150.93538","108.49487","42.440506","36.47319","0.481766"
"D:\HAA\dACC revisions\Run 4\Br2720_dACC_20x_img_020-MaxIP-Stitched_unmixed_rotated.nd2","Layer 1","dACC_v17_ FISH-IF v2.4.4","2014","4889","4911","3535","3556","0","0","0","0","1","1","1374.1578","0","242.10307","0","0","0","0","0","0","0","0","0","0","0","0","0","0","0","0","0","0","0","0","71.62411","58.505295","13.118812","15.018372","0.877249"
"D:\HAA\dACC revisions\Run 4\Br2720_dACC_20x_img_020-MaxIP-Stitched_unmixed_rotated.nd2","Layer 1","dACC_v17_ FISH-IF v2.4.4","2015","4815","4845","3550","3574","0","0","0","0","1","1","1226.7358","0","201.90347","2","2.577731","0","2221.498","861.8036","0","0","0","0","0","0","0","0","0","0","0","0","0","0","0","97.171265","76.77957","20.391697","24.458492","0.610791"
"D:\HAA\dACC revisions\Run 4\Br2720_dACC_20x_img_020-MaxIP-Stitched_unmixed_rotated.nd2","Layer 1","dACC_v17_ FISH-IF v2.4.4","2016","4998","5025","3570","3594","1","1","0","0","1","1","760.36536","0","115.23006","0","0","0","0","0","9","14.085461","1","13166.131","934.73206","7","6.444328","1","5354.224","830.84283","0","0","0","0","0","89.4841","69.8289","19.655201","21.02572","0.656737"
"D:\HAA\dACC revisions\Run 4\Br2720_dACC_20x_img_020-MaxIP-Stitched_unmixed_rotated.nd2","Layer 1","dACC_v17_ FISH-IF v2.4.4","2017","4984","5010","3636","3656","0","0","0","0","1","1","2133.0588","0","275.66345","0","0","0","0","0","1","0.690464","0","484.6135","701.86664","0","0","0","0","0","0","0","0","0","0","76.043076","61.957615","14.085461","16.734756","0.697631"
"D:\HAA\dACC revisions\Run 4\Br2720_dACC_20x_img_020-MaxIP-Stitched_unmixed_rotated.nd2","Layer 1","dACC_v17_ FISH-IF v2.4.4","2018","4948","4971","3659","3684","0","0","0","0","1","1","2085.444","0","292.96304","0","0","0","0","0","0","0","0","0","0","0","0","0","0","0","0","0","0","0","0","82.07313","64.7655","17.307625","18.88024","0.788193"
"D:\HAA\dACC revisions\Run 4\Br2720_dACC_20x_img_020-MaxIP-Stitched_unmixed_rotated.nd2","Layer 1","dACC_v17_ FISH-IF v2.4.4","2019","4736","4754","3708","3723","0","0","0","0","1","1","884.3134","0","172.98344","0","0","0","0","0","0","0","0","0","0","0","0","0","0","0","0","0","0","0","0","42.026226","38.942158","3.084071","7.294638","0.730017"
"D:\HAA\dACC revisions\Run 4\Br2720_dACC_20x_img_020-MaxIP-Stitched_unmixed_rotated.nd2","Layer 1","dACC_v17_ FISH-IF v2.4.4","2020","4727","4760","3723","3749","0","0","0","1","1","1","2132.3083","0","343.818","5","10.449018","1","11860.648","1135.0969","0","0","0","0","0","0","0","0","0","0","0","0","0","0","0","123.77714","84.973076","38.80406","27.891262","0.769227"
"D:\HAA\dACC revisions\Run 4\Br2720_dACC_20x_img_020-MaxIP-Stitched_unmixed_rotated.nd2","Layer 1","dACC_v17_ FISH-IF v2.4.4","2021","4876","4912","3731","3759","1","1","0","0","1","1","1725.8125","0","213.54747","0","0","0","0","0","10","14.914018","2","12580.25","843.5185","4","4.372937","1","3255.3525","744.4316","1","0.50634","0","236.64494","467.36365","137.03404","93.58086","43.453186","32.182224","0.680723"
"D:\HAA\dACC revisions\Run 4\Br2720_dACC_20x_img_020-MaxIP-Stitched_unmixed_rotated.nd2","Layer 1","dACC_v17_ FISH-IF v2.4.4","2022","4847","4870","3739","3764","0","0","0","0","1","1","2869.4739","0","409.88943","0","0","0","0","0","2","0.782526","0","667.3102","658.9545","0","0","0","0","0","0","0","0","0","0","86.354004","67.02102","19.332985","18.88024","0.813439"
"D:\HAA\dACC revisions\Run 4\Br2720_dACC_20x_img_020-MaxIP-Stitched_unmixed_rotated.nd2","Layer 1","dACC_v17_ FISH-IF v2.4.4","2023","4802","4822","3776","3798","0","0","0","0","1","1","2072.1726","0","301.64334","0","0","0","0","0","2","1.150773","0","934.1054","676.43335","0","0","0","0","0","0","0","0","0","0","62.78617","48.65468","14.131492","16.30566","0.769004"
"D:\HAA\dACC revisions\Run 4\Br2720_dACC_20x_img_020-MaxIP-Stitched_unmixed_rotated.nd2","Layer 1","dACC_v17_ FISH-IF v2.4.4","2024","4817","4848","3781","3811","1","1","0","0","1","1","1723.8685","0","308.23502","0","0","0","0","0","9","9.712523","1","9087.792","935.67773","4","4.188814","1","3558.9724","849.6374","1","0.828557","0","437.75403","528.3333","124.88188","81.474724","43.407154","31.538582","0.712092"
"D:\HAA\dACC revisions\Run 4\Br2720_dACC_20x_img_020-MaxIP-Stitched_unmixed_rotated.nd2","Layer 1","dACC_v17_ FISH-IF v2.4.4","2025","6811","6838","3484","3511","0","0","0","0","1","1","3077.4863","0","422.33115","0","0","0","0","0","0","0","0","0","0","0","0","0","0","0","0","0","0","0","0","94.0872","63.522667","30.56453","25.316685","0.779985"
"D:\HAA\dACC revisions\Run 4\Br2720_dACC_20x_img_020-MaxIP-Stitched_unmixed_rotated.nd2","Layer 1","dACC_v17_ FISH-IF v2.4.4","2026","6984","7003","3488","3510","0","0","0","0","1","1","2755.1448","0","340.1376","0","0","0","0","0","0","0","0","0","0","0","0","0","0","0","0","0","0","0","0","47.642","37.469166","10.172832","14.160179","0.79582"
"D:\HAA\dACC revisions\Run 4\Br2720_dACC_20x_img_020-MaxIP-Stitched_unmixed_rotated.nd2","Layer 1","dACC_v17_ FISH-IF v2.4.4","2027","6968","6992","3495","3529","0","0","0","0","1","1","2315.393","0","551.6485","0","0","0","0","0","0","0","0","0","0","0","0","0","0","0","0","0","0","0","0","101.221985","69.138435","32.08355","28.320358","0.631541"
"D:\HAA\dACC revisions\Run 4\Br2720_dACC_20x_img_020-MaxIP-Stitched_unmixed_rotated.nd2","Layer 1","dACC_v17_ FISH-IF v2.4.4","2028","6995","7021","3498","3525","0","0","0","0","1","1","2424.7617","0","428.8629","0","0","0","0","0","0","0","0","0","0","0","0","0","0","0","0","0","0","0","0","89.392044","58.09102","31.301023","27.03307","0.724503"
"D:\HAA\dACC revisions\Run 4\Br2720_dACC_20x_img_020-MaxIP-Stitched_unmixed_rotated.nd2","Layer 1","dACC_v17_ FISH-IF v2.4.4","2029","6822","6841","3503","3525","0","0","0","0","1","1","2991.4812","0","481.69116","0","0","0","0","0","0","0","0","0","0","0","0","0","0","0","0","0","0","0","0","54.086327","40.69133","13.394997","16.30566","0.699806"
"D:\HAA\dACC revisions\Run 4\Br2720_dACC_20x_img_020-MaxIP-Stitched_unmixed_rotated.nd2","Layer 1","dACC_v17_ FISH-IF v2.4.4","2030","6986","7008","3511","3542","0","0","0","0","1","1","3156.816","0","551.5328","0","0","0","0","0","0","0","0","0","0","0","0","0","0","0","0","0","0","0","0","87.504776","58.22911","29.275663","26.174877","0.644848"
"D:\HAA\dACC revisions\Run 4\Br2720_dACC_20x_img_020-MaxIP-Stitched_unmixed_rotated.nd2","Layer 1","dACC_v17_ FISH-IF v2.4.4","2031","6698","6721","3516","3542","0","0","0","1","1","1","2414.6538","0","426.83102","4","6.582421","1","5920.8647","899.4965","0","0","0","0","0","0","0","0","0","0","0","0","0","0","0","85.341324","66.19246","19.14886","20.167528","0.829941"
"D:\HAA\dACC revisions\Run 4\Br2720_dACC_20x_img_020-MaxIP-Stitched_unmixed_rotated.nd2","Layer 1","dACC_v17_ FISH-IF v2.4.4","2032","6828","6855","3516","3542","0","0","0","0","1","1","3249.3433","0","671.2851","0","0","0","0","0","0","0","0","0","0","0","0","0","0","0","0","0","0","0","0","98.64426","72.498695","26.145561","23.38575","0.702936"
"D:\HAA\dACC revisions\Run 4\Br2720_dACC_20x_img_020-MaxIP-Stitched_unmixed_rotated.nd2","Layer 1","dACC_v17_ FISH-IF v2.4.4","2033","6800","6822","3591","3615","0","0","0","0","1","1","3209.6047","0","475.47787","0","0","0","0","0","0","0","0","0","0","0","0","0","0","0","0","0","0","0","0","74.017715","50.956226","23.06149","22.098461","0.713445"
"D:\HAA\dACC revisions\Run 4\Br2720_dACC_20x_img_020-MaxIP-Stitched_unmixed_rotated.nd2","Layer 1","dACC_v17_ FISH-IF v2.4.4","2034","6783","6799","3599","3620","0","0","0","0","1","1","2069.0706","0","402.09207","0","0","0","0","0","0","0","0","0","0","0","0","0","0","0","0","0","0","0","0","50.68004","43.499218","7.180823","11.585601","0.786487"
"D:\HAA\dACC revisions\Run 4\Br2720_dACC_20x_img_020-MaxIP-Stitched_unmixed_rotated.nd2","Layer 1","dACC_v17_ FISH-IF v2.4.4","2035","6795","6818","3608","3637","0","0","0","0","1","1","2741.732","0","540.37354","0","0","0","0","0","0","0","0","0","0","0","0","0","0","0","0","0","0","0","0","87.09049","58.413235","28.677261","26.603973","0.632438"
"D:\HAA\dACC revisions\Run 4\Br2720_dACC_20x_img_020-MaxIP-Stitched_unmixed_rotated.nd2","Layer 1","dACC_v17_ FISH-IF v2.4.4","2036","6653","6672","3605","3627","0","0","0","0","1","1","2053.773","0","218.03436","0","0","0","0","0","0","0","0","0","0","0","0","0","0","0","0","0","0","0","0","63.108387","53.579987","9.528399","13.301987","0.801081"
"D:\HAA\dACC revisions\Run 4\Br2720_dACC_20x_img_020-MaxIP-Stitched_unmixed_rotated.nd2","Layer 1","dACC_v17_ FISH-IF v2.4.4","2037","6852","6875","3610","3633","0","0","0","0","1","1","1722.118","0","242.10565","0","0","0","0","0","0","0","0","0","0","0","0","0","0","0","0","0","0","0","0","77.47003","61.865555","15.604481","17.163853","0.838125"
"D:\HAA\dACC revisions\Run 4\Br2720_dACC_20x_img_020-MaxIP-Stitched_unmixed_rotated.nd2","Layer 1","dACC_v17_ FISH-IF v2.4.4","2038","6913","6928","3636","3660","0","0","0","0","1","1","2117.0647","0","394.22534","0","0","0","0","0","0","0","0","0","0","0","0","0","0","0","0","0","0","0","0","54.592667","42.486538","12.106132","15.876565","0.709728"
"D:\HAA\dACC revisions\Run 4\Br2720_dACC_20x_img_020-MaxIP-Stitched_unmixed_rotated.nd2","Layer 1","dACC_v17_ FISH-IF v2.4.4","2039","6888","6915","3637","3668","0","0","0","0","1","1","2504.061","0","604.43744","0","0","0","0","0","0","0","0","0","0","0","0","0","0","0","0","0","0","0","0","113.512245","74.2939","39.21834","31.324034","0.780929"
"D:\HAA\dACC revisions\Run 4\Br2720_dACC_20x_img_020-MaxIP-Stitched_unmixed_rotated.nd2","Layer 1","dACC_v17_ FISH-IF v2.4.4","2040","6924","6947","3670","3696","0","0","0","0","1","1","1294.9137","0","202.63051","0","0","0","0","0","0","0","0","0","0","0","0","0","0","0","1","0.552371","0","257.26678","465.75","81.24457","65.77818","15.466389","19.309336","0.720105"
"D:\HAA\dACC revisions\Run 4\Br2720_dACC_20x_img_020-MaxIP-Stitched_unmixed_rotated.nd2","Layer 1","dACC_v17_ FISH-IF v2.4.4","2041","6643","6665","3671","3691","0","0","0","0","1","1","2444.5664","0","239.13652","0","0","0","0","0","0","0","0","0","0","0","0","0","0","0","0","0","0","0","0","61.957615","52.935555","9.022059","13.301987","0.766988"
"D:\HAA\dACC revisions\Run 4\Br2720_dACC_20x_img_020-MaxIP-Stitched_unmixed_rotated.nd2","Layer 1","dACC_v17_ FISH-IF v2.4.4","2042","6900","6931","3692","3721","0","0","0","0","1","1","2263.2488","0","400.6143","0","0","0","0","0","0","0","0","0","0","0","0","0","0","0","0","0","0","0","0","129.02466","87.59683","41.427826","29.17855","0.787362"
"D:\HAA\dACC revisions\Run 4\Br2720_dACC_20x_img_020-MaxIP-Stitched_unmixed_rotated.nd2","Layer 1","dACC_v17_ FISH-IF v2.4.4","2043","6910","6937","3721","3750","0","0","0","0","1","1","2282.293","0","498.68738","0","0","0","0","0","0","0","0","0","0","0","0","0","0","0","0","0","0","0","0","109.645645","79.9557","29.689941","25.316685","0.739974"
"D:\HAA\dACC revisions\Run 4\Br2720_dACC_20x_img_020-MaxIP-Stitched_unmixed_rotated.nd2","Layer 1","dACC_v17_ FISH-IF v2.4.4","2044","7000","7019","3743","3761","0","0","0","0","1","1","915.512","0","130.87164","0","0","0","0","0","0","0","0","0","0","0","0","0","0","0","0","0","0","0","0","52.01494","46.26107","5.753865","9.869216","0.89656"
"D:\HAA\dACC revisions\Run 4\Br2720_dACC_20x_img_020-MaxIP-Stitched_unmixed_rotated.nd2","Layer 1","dACC_v17_ FISH-IF v2.4.4","2045","6688","6711","3781","3801","0","0","0","0","1","1","966.7548","0","166.06001","0","0","0","0","0","0","0","0","0","0","0","0","0","0","0","0","0","0","0","0","64.02901","54.454575","9.57443","14.160179","0.74092"
"D:\HAA\dACC revisions\Run 4\Br2720_dACC_20x_img_020-MaxIP-Stitched_unmixed_rotated.nd2","Layer 1","dACC_v17_ FISH-IF v2.4.4","2046","2798","2817","3416","3434","0","0","0","0","1","1","458.43903","0","125.13914","0","0","0","0","0","0","0","0","0","0","0","0","0","0","0","0","0","0","0","0","51.64669","45.984886","5.661803","9.869216","0.895483"
"D:\HAA\dACC revisions\Run 4\Br2720_dACC_20x_img_020-MaxIP-Stitched_unmixed_rotated.nd2","Layer 1","dACC_v17_ FISH-IF v2.4.4","2047","2900","2919","3421","3439","0","0","0","0","1","1","1306.3103","0","142.03749","0","0","0","0","0","0","0","0","0","0","0","0","0","0","0","0","0","0","0","0","50.772102","45.432514","5.339586","9.44012","0.88585"
"D:\HAA\dACC revisions\Run 4\Br2720_dACC_20x_img_020-MaxIP-Stitched_unmixed_rotated.nd2","Layer 1","dACC_v17_ FISH-IF v2.4.4","2048","2743","2787","3433","3459","0","0","0","0","1","1","1896.2269","0","318.44037","0","0","0","0","0","0","0","0","0","0","0","0","0","0","0","0","0","0","0","0","167.0462","109.23137","57.81483","37.331383","0.627019"
"D:\HAA\dACC revisions\Run 4\Br2720_dACC_20x_img_020-MaxIP-Stitched_unmixed_rotated.nd2","Layer 1","dACC_v17_ FISH-IF v2.4.4","2049","2675","2702","3443","3470","0","0","0","0","1","1","3144.4731","0","524.5998","0","0","0","0","0","0","0","0","0","0","0","0","0","0","0","0","0","0","0","0","106.285385","77.97637","28.309013","24.887589","0.764984"
"D:\HAA\dACC revisions\Run 4\Br2720_dACC_20x_img_020-MaxIP-Stitched_unmixed_rotated.nd2","Layer 1","dACC_v17_ FISH-IF v2.4.4","2050","2798","2823","3447","3471","0","0","0","0","1","1","3245.3257","0","405.99786","0","0","0","0","0","0","0","0","0","0","0","0","0","0","0","0","0","0","0","0","83.31596","65.087715","18.228243","19.309336","0.886526"
"D:\HAA\dACC revisions\Run 4\Br2720_dACC_20x_img_020-MaxIP-Stitched_unmixed_rotated.nd2","Layer 1","dACC_v17_ FISH-IF v2.4.4","2051","2922","2946","3453","3474","0","0","0","0","1","1","2625.6758","0","271.88016","0","0","0","0","0","0","0","0","0","0","0","0","0","0","0","0","0","0","0","0","76.50339","61.451275","15.05211","16.734756","0.819461"
"D:\HAA\dACC revisions\Run 4\Br2720_dACC_20x_img_020-MaxIP-Stitched_unmixed_rotated.nd2","Layer 1","dACC_v17_ FISH-IF v2.4.4","2052","2795","2816","3483","3506","0","0","0","0","1","1","1930.7137","0","269.44217","0","0","0","0","0","0","0","0","0","0","0","0","0","0","0","0","0","0","0","0","70.5654","58.505295","12.060101","15.876565","0.72963"
"D:\HAA\dACC revisions\Run 4\Br2720_dACC_20x_img_020-MaxIP-Stitched_unmixed_rotated.nd2","Layer 1","dACC_v17_ FISH-IF v2.4.4","2053","2885","2922","3486","3523","0","1","1","0","1","1","1092.9292","0","239.85744","0","0","0","0","0","0","0","0","0","0","9","7.226854","1","8605.986","1190.8344","56","94.59354","4","87436.74","924.3416","195.95361","113.97255","81.981064","42.480537","0.818822"
"D:\HAA\dACC revisions\Run 4\Br2720_dACC_20x_img_020-MaxIP-Stitched_unmixed_rotated.nd2","Layer 1","dACC_v17_ FISH-IF v2.4.4","2054","2953","2974","3548","3568","0","0","0","0","1","1","504.11517","0","132.25542","2","2.347577","0","1778.2664","757.4902","0","0","0","0","0","0","0","0","0","0","0","0","0","0","0","61.957615","53.16571","8.791905","13.301987","0.745366"
"D:\HAA\dACC revisions\Run 4\Br2720_dACC_20x_img_020-MaxIP-Stitched_unmixed_rotated.nd2","Layer 1","dACC_v17_ FISH-IF v2.4.4","2055","2662","2690","3564","3587","0","0","0","0","1","1","3686.5535","0","412.74835","0","0","0","0","0","0","0","0","0","0","0","0","0","0","0","0","0","0","0","0","96.94111","70.24318","26.697931","23.171202","0.843902"
"D:\HAA\dACC revisions\Run 4\Br2720_dACC_20x_img_020-MaxIP-Stitched_unmixed_rotated.nd2","Layer 1","dACC_v17_ FISH-IF v2.4.4","2056","2693","2714","3564","3583","0","0","0","0","1","1","1908.8136","0","210.31564","0","0","0","0","0","0","0","0","0","0","0","0","0","0","0","0","0","0","0","0","59.33385","51.18638","8.147472","12.014698","0.829195"
"D:\HAA\dACC revisions\Run 4\Br2720_dACC_20x_img_020-MaxIP-Stitched_unmixed_rotated.nd2","Layer 1","dACC_v17_ FISH-IF v2.4.4","2057","2669","2689","3588","3601","0","0","0","0","1","1","1175.283","0","512.496","0","0","0","0","0","0","0","0","0","0","1","0.644433","0","442.4492","686.5714","0","0","0","0","0","42.16432","39.72468","2.439639","7.509186","0.497658"
"D:\HAA\dACC revisions\Run 4\Br2720_dACC_20x_img_020-MaxIP-Stitched_unmixed_rotated.nd2","Layer 1","dACC_v17_ FISH-IF v2.4.4","2058","2748","2784","3591","3618","0","0","0","0","1","1","2394.8044","0","438.51685","0","0","0","0","0","1","1.472989","0","1649.2877","1119.6875","0","0","0","0","0","0","0","0","0","0","132.75316","92.98245","39.770714","32.182224","0.639947"
"D:\HAA\dACC revisions\Run 4\Br2720_dACC_20x_img_020-MaxIP-Stitched_unmixed_rotated.nd2","Layer 1","dACC_v17_ FISH-IF v2.4.4","2059","2627","2647","3648","3666","0","0","0","0","1","1","562.1871","0","129.46648","0","0","0","0","0","0","0","0","0","0","0","0","0","0","0","0","0","0","0","0","54.454575","48.05628","6.398297","10.727408","0.786083"
"D:\HAA\dACC revisions\Run 4\Br2720_dACC_20x_img_020-MaxIP-Stitched_unmixed_rotated.nd2","Layer 1","dACC_v17_ FISH-IF v2.4.4","2060","2857","2873","3658","3676","0","0","0","0","1","1","435.64044","0","123.70353","0","0","0","0","0","0","0","0","0","0","0","0","0","0","0","0","0","0","0","0","43.22303","39.12628","4.096752","8.15283","0.86169"
"D:\HAA\dACC revisions\Run 4\Br2720_dACC_20x_img_020-MaxIP-Stitched_unmixed_rotated.nd2","Layer 1","dACC_v17_ FISH-IF v2.4.4","2061","2870","2890","3664","3685","0","0","0","0","1","1","480.41144","0","143.61131","0","0","0","0","0","0","0","0","0","0","0","0","0","0","0","0","0","0","0","0","57.67674","49.62133","8.05541","13.301987","0.66019"
"D:\HAA\dACC revisions\Run 4\Br2720_dACC_20x_img_020-MaxIP-Stitched_unmixed_rotated.nd2","Layer 1","dACC_v17_ FISH-IF v2.4.4","2062","2727","2745","3709","3729","0","0","0","0","1","1","1384.9066","0","276.28247","0","0","0","0","0","0","0","0","0","0","0","0","0","0","0","1","0.690464","0","312.91818","453.2","47.319782","40.415146","6.904638","12.014698","0.739183"
"D:\HAA\dACC revisions\Run 4\Br2720_dACC_20x_img_020-MaxIP-Stitched_unmixed_rotated.nd2","Layer 1","dACC_v17_ FISH-IF v2.4.4","2063","2719","2740","3722","3742","0","0","0","0","1","1","1758.4113","0","237.1061","0","0","0","0","0","0","0","0","0","0","0","0","0","0","0","0","0","0","0","0","58.275143","46.859474","11.415668","15.018372","0.762133"
"D:\HAA\dACC revisions\Run 4\Br2720_dACC_20x_img_020-MaxIP-Stitched_unmixed_rotated.nd2","Layer 1","dACC_v17_ FISH-IF v2.4.4","2064","2876","2906","3736","3764","0","0","0","0","1","1","1448.9795","0","316.5516","0","0","0","0","0","0","0","0","0","0","0","0","0","0","0","0","0","0","0","0","100.209305","59.74813","40.461178","30.036743","0.820565"
"D:\HAA\dACC revisions\Run 4\Br2720_dACC_20x_img_020-MaxIP-Stitched_unmixed_rotated.nd2","Layer 1","dACC_v17_ FISH-IF v2.4.4","2065","2868","2896","3746","3783","0","0","0","1","1","1","1572.3434","0","377.88287","5","9.344276","1","10641.151","1138.7882","0","0","0","0","0","0","0","0","0","0","1","0.322216","0","150.75125","467.85715","121.06131","73.87962","47.18169","37.975025","0.654865"
"D:\HAA\dACC revisions\Run 4\Br2720_dACC_20x_img_020-MaxIP-Stitched_unmixed_rotated.nd2","Layer 1","dACC_v17_ FISH-IF v2.4.4","2066","2638","2665","3773","3803","0","0","0","0","1","1","2166.2659","0","464.1443","1","1.380928","0","1145.7096","829.6667","0","0","0","0","0","0","0","0","0","0","0","0","0","0","0","116.41219","82.30328","34.10891","26.603973","0.78628"
"D:\HAA\dACC revisions\Run 4\Br2720_dACC_20x_img_020-MaxIP-Stitched_unmixed_rotated.nd2","Layer 1","dACC_v17_ FISH-IF v2.4.4","2067","2965","2991","3791","3821","0","0","1","0","1","1","3052.6223","0","332.32263","0","0","0","0","0","0","0","0","0","0","0","0","0","0","0","5","9.988709","1","7169.407","717.75116","115.99791","81.75091","34.247","25.74578","0.805982"
"D:\HAA\dACC revisions\Run 4\Br2720_dACC_20x_img_020-MaxIP-Stitched_unmixed_rotated.nd2","Layer 1","dACC_v17_ FISH-IF v2.4.4","2068","5959","5985","3008","3030","0","0","0","0","1","1","1047.2552","0","219.21709","0","0","0","0","0","0","0","0","0","0","0","0","0","0","0","0","0","0","0","0","68.67813","46.859474","21.818655","21.883913","0.704163"
"D:\HAA\dACC revisions\Run 4\Br2720_dACC_20x_img_020-MaxIP-Stitched_unmixed_rotated.nd2","Layer 1","dACC_v17_ FISH-IF v2.4.4","2069","5985","6015","3019","3042","0","0","0","0","1","1","3453.2856","0","450.41028","0","0","0","0","0","0","0","0","0","0","0","0","0","0","0","0","0","0","0","0","95.42209","71.57808","23.844015","22.742105","0.714811"
"D:\HAA\dACC revisions\Run 4\Br2720_dACC_20x_img_020-MaxIP-Stitched_unmixed_rotated.nd2","Layer 1","dACC_v17_ FISH-IF v2.4.4","2070","6115","6142","3045","3073","0","0","0","0","1","1","3085.758","0","295.52975","0","0","0","0","0","0","0","0","0","0","0","0","0","0","0","1","0.598402","0","295.42642","493.69232","109.69167","78.11446","31.57721","24.887589","0.881928"
"D:\HAA\dACC revisions\Run 4\Br2720_dACC_20x_img_020-MaxIP-Stitched_unmixed_rotated.nd2","Layer 1","dACC_v17_ FISH-IF v2.4.4","2071","5932","5963","3232","3257","0","0","0","0","1","1","2840.7107","0","297.50748","0","0","0","0","0","0","0","0","0","0","0","0","0","0","0","1","1.51902","0","855.0243","562.8788","111.90116","79.909676","31.991488","25.316685","0.795893"
"D:\HAA\dACC revisions\Run 4\Br2720_dACC_20x_img_020-MaxIP-Stitched_unmixed_rotated.nd2","Layer 1","dACC_v17_ FISH-IF v2.4.4","2072","5853","5873","3242","3264","0","0","0","0","1","1","843.65","0","159.1671","0","0","0","0","0","0","0","0","0","0","0","0","0","0","0","1","1.51902","0","808.9473","532.5455","62.095707","52.889523","9.206183","13.301987","0.819043"
"D:\HAA\dACC revisions\Run 4\Br2720_dACC_20x_img_020-MaxIP-Stitched_unmixed_rotated.nd2","Layer 1","dACC_v17_ FISH-IF v2.4.4","2073","6089","6111","3286","3307","0","0","0","1","1","1","1859.412","0","207.8798","5","14.177523","1","29355.895","2070.5942","0","0","0","0","0","0","0","0","0","0","0","0","0","0","0","65.087715","55.14504","9.942678","14.160179","0.721882"
"D:\HAA\dACC revisions\Run 4\Br2720_dACC_20x_img_020-MaxIP-Stitched_unmixed_rotated.nd2","Layer 1","dACC_v17_ FISH-IF v2.4.4","2074","6197","6227","3349","3377","0","0","0","1","1","1","2460.5789","0","358.58636","22","45.800762","3","115603.75","2524.0574","0","0","0","0","0","0","0","0","0","0","0","0","0","0","0","120.18672","83.68421","36.502518","27.891262","0.786614"
"D:\HAA\dACC revisions\Run 4\Br2720_dACC_20x_img_020-MaxIP-Stitched_unmixed_rotated.nd2","Layer 1","dACC_v17_ FISH-IF v2.4.4","2075","6160","6193","3365","3391","0","0","0","0","1","1","2729.315","0","319.007","0","0","0","0","0","0","0","0","0","0","0","0","0","0","0","0","0","0","0","0","123.50095","85.80163","37.69932","28.320358","0.755751"
"D:\HAA\dACC revisions\Run 4\Br2720_dACC_20x_img_020-MaxIP-Stitched_unmixed_rotated.nd2","Layer 1","dACC_v17_ FISH-IF v2.4.4","2076","5923","5952","3385","3411","0","0","0","0","1","1","2846.8257","0","477.48853","0","0","0","0","0","0","0","0","0","0","0","0","0","0","0","0","0","0","0","0","109.36946","78.20653","31.162931","24.458492","0.83045"
"D:\HAA\dACC revisions\Run 4\Br2720_dACC_20x_img_020-MaxIP-Stitched_unmixed_rotated.nd2","Layer 1","dACC_v17_ FISH-IF v2.4.4","2077","5994","6025","3398","3421","0","0","0","0","1","1","3005.597","0","419.7822","0","0","0","0","0","0","0","0","0","0","0","0","0","0","0","0","0","0","0","0","100.9458","76.50339","24.442417","24.029396","0.649379"
"D:\HAA\dACC revisions\Run 4\Br2720_dACC_20x_img_020-MaxIP-Stitched_unmixed_rotated.nd2","Layer 1","dACC_v17_ FISH-IF v2.4.4","2078","5047","5073","3439","3466","0","0","0","0","1","1","3383.4814","0","466.9223","0","0","0","0","0","0","0","0","0","0","0","0","0","0","0","0","0","0","0","0","100.07121","74.06374","26.00747","22.742105","0.827266"
"D:\HAA\dACC revisions\Run 4\Br2720_dACC_20x_img_020-MaxIP-Stitched_unmixed_rotated.nd2","Layer 1","dACC_v17_ FISH-IF v2.4.4","2079","5176","5202","3459","3487","1","1","0","0","1","1","374.52042","0","77.28121","0","0","0","0","0","12","13.210874","2","13028.821","986.2195","7","6.812576","1","5708.9844","838.0068","1","0.368247","0","162.30501","440.75","95.8824","74.47803","21.404377","22.956654","0.683973"
"D:\HAA\dACC revisions\Run 4\Br2720_dACC_20x_img_020-MaxIP-Stitched_unmixed_rotated.nd2","Layer 1","dACC_v17_ FISH-IF v2.4.4","2080","5246","5274","3486","3511","0","0","0","0","1","1","2980.718","0","346.69345","0","0","0","0","0","0","0","0","0","0","0","0","0","0","0","0","0","0","0","0","97.493484","74.47803","23.01546","23.600298","0.712678"
"D:\HAA\dACC revisions\Run 4\Br2720_dACC_20x_img_020-MaxIP-Stitched_unmixed_rotated.nd2","Layer 1","dACC_v17_ FISH-IF v2.4.4","2081","5037","5057","3510","3529","0","0","0","0","1","1","701.2917","0","86.84909","0","0","0","0","0","0","0","0","0","0","0","0","0","0","0","3","2.439639","0","1144.2366","469.01886","54.822823","48.19437","6.628452","10.298312","0.85192"
"D:\HAA\dACC revisions\Run 4\Br2720_dACC_20x_img_020-MaxIP-Stitched_unmixed_rotated.nd2","Layer 1","dACC_v17_ FISH-IF v2.4.4","2082","5334","5355","3513","3538","0","0","0","0","1","1","792.7299","0","156.1094","0","0","0","0","0","0","0","0","0","0","0","0","0","0","0","1","1.380928","0","813.8727","589.36664","72.3606","59.74813","12.612472","17.163853","0.620931"
"D:\HAA\dACC revisions\Run 4\Br2720_dACC_20x_img_020-MaxIP-Stitched_unmixed_rotated.nd2","Layer 1","dACC_v17_ FISH-IF v2.4.4","2083","5320","5336","3521","3539","0","0","0","0","1","1","358.6377","0","112.857994","0","0","0","0","0","1","1.01268","0","801.3062","791.2727","0","0","0","0","0","0","0","0","0","0","41.750042","38.57391","3.176133","7.294638","0.784151"
"D:\HAA\dACC revisions\Run 4\Br2720_dACC_20x_img_020-MaxIP-Stitched_unmixed_rotated.nd2","Layer 1","dACC_v17_ FISH-IF v2.4.4","2084","5208","5230","3527","3551","0","0","0","0","1","1","2137.842","0","311.6855","0","0","0","0","0","0","0","0","0","0","0","0","0","0","0","1","0.966649","0","494.51013","511.57144","72.820915","57.07834","15.742574","17.807499","0.763391"
"D:\HAA\dACC revisions\Run 4\Br2720_dACC_20x_img_020-MaxIP-Stitched_unmixed_rotated.nd2","Layer 1","dACC_v17_ FISH-IF v2.4.4","2085","5196","5228","3544","3574","1","0","0","0","1","1","1904.0032","0","340.8377","0","0","0","0","0","7","5.891957","1","5881.8306","998.28125","3","1.841237","0","1852.192","1005.95","3","3.176133","0","1669.7255","525.71014","126.95327","83.960396","42.992878","30.036743","0.806782"
"D:\HAA\dACC revisions\Run 4\Br2720_dACC_20x_img_020-MaxIP-Stitched_unmixed_rotated.nd2","Layer 1","dACC_v17_ FISH-IF v2.4.4","2086","5027","5046","3559","3578","0","0","0","0","1","1","360.80673","0","120.68448","0","0","0","0","0","0","0","0","0","0","0","0","0","0","0","0","0","0","0","0","51.14035","45.66267","5.477679","9.869216","0.893034"
"D:\HAA\dACC revisions\Run 4\Br2720_dACC_20x_img_020-MaxIP-Stitched_unmixed_rotated.nd2","Layer 1","dACC_v17_ FISH-IF v2.4.4","2087","5255","5286","3569","3599","0","0","0","0","1","1","2170.7114","0","332.5344","0","0","0","0","0","0","0","0","0","0","0","0","0","0","0","0","0","0","0","0","127.367546","86.998436","40.369114","29.607647","0.822053"
"D:\HAA\dACC revisions\Run 4\Br2720_dACC_20x_img_020-MaxIP-Stitched_unmixed_rotated.nd2","Layer 1","dACC_v17_ FISH-IF v2.4.4","2088","5298","5329","3578","3608","0","0","0","0","1","1","2025.4155","0","272.11823","0","0","0","0","0","0","0","0","0","0","0","0","0","0","0","0","0","0","0","0","135.14677","89.94441","45.202362","30.036743","0.855189"
"D:\HAA\dACC revisions\Run 4\Br2720_dACC_20x_img_020-MaxIP-Stitched_unmixed_rotated.nd2","Layer 1","dACC_v17_ FISH-IF v2.4.4","2089","5025","5048","3586","3608","0","0","0","0","1","1","3256.2844","0","388.568","1","0.828557","0","635.8251","767.3889","0","0","0","0","0","0","0","0","0","0","0","0","0","0","0","73.64947","59.564007","14.085461","16.734756","0.89559"
"D:\HAA\dACC revisions\Run 4\Br2720_dACC_20x_img_020-MaxIP-Stitched_unmixed_rotated.nd2","Layer 1","dACC_v17_ FISH-IF v2.4.4","2090","5404","5431","3590","3615","0","0","0","0","1","1","2908.8906","0","292.11658","0","0","0","0","0","0","0","0","0","0","0","0","0","0","0","0","0","0","0","0","99.56487","73.05106","26.51381","22.742105","0.900585"
"D:\HAA\dACC revisions\Run 4\Br2720_dACC_20x_img_020-MaxIP-Stitched_unmixed_rotated.nd2","Layer 1","dACC_v17_ FISH-IF v2.4.4","2091","5061","5086","3593","3617","0","0","0","0","1","1","3496.6929","0","526.1616","0","0","0","0","0","1","0.644433","0","436.3731","677.1429","0","0","0","0","0","0","0","0","0","0","87.13653","67.20514","19.931387","20.167528","0.829461"
"D:\HAA\dACC revisions\Run 4\Br2720_dACC_20x_img_020-MaxIP-Stitched_unmixed_rotated.nd2","Layer 1","dACC_v17_ FISH-IF v2.4.4","2092","5311","5338","3606","3633","0","0","1","0","1","1","2864.1326","0","317.88922","0","0","0","0","0","0","0","0","0","0","0","0","0","0","0","16","29.367725","3","21927.012","746.63635","105.272705","76.45735","28.815355","24.458492","0.792194"
"D:\HAA\dACC revisions\Run 4\Br2720_dACC_20x_img_020-MaxIP-Stitched_unmixed_rotated.nd2","Layer 1","dACC_v17_ FISH-IF v2.4.4","2093","5082","5112","3619","3640","1","0","0","0","1","1","1042.2882","0","184.47575","0","0","0","0","0","7","10.633142","1","8816.439","829.14716","2","1.841237","0","1224.6526","665.125","0","0","0","0","0","91.96977","71.20983","20.759943","21.454817","0.681855"
"D:\HAA\dACC revisions\Run 4\Br2720_dACC_20x_img_020-MaxIP-Stitched_unmixed_rotated.nd2","Layer 1","dACC_v17_ FISH-IF v2.4.4","2094","5047","5066","3643","3661","0","0","0","0","1","1","418.73914","0","108.879715","1","0.874587","0","737.5074","843.2632","0","0","0","0","0","0","0","0","0","0","0","0","0","0","0","50.449886","45.15633","5.293556","9.44012","0.913208"
"D:\HAA\dACC revisions\Run 4\Br2720_dACC_20x_img_020-MaxIP-Stitched_unmixed_rotated.nd2","Layer 1","dACC_v17_ FISH-IF v2.4.4","2095","5297","5326","3695","3720","0","0","0","0","1","1","2730.4368","0","409.79904","0","0","0","0","0","0","0","0","0","0","0","0","0","0","0","0","0","0","0","0","106.51554","77.424","29.09154","23.600298","0.811413"
"D:\HAA\dACC revisions\Run 4\Br2720_dACC_20x_img_020-MaxIP-Stitched_unmixed_rotated.nd2","Layer 1","dACC_v17_ FISH-IF v2.4.4","2096","5358","5383","3710","3731","0","0","0","0","1","1","1462.5598","0","239.24371","0","0","0","0","0","0","0","0","0","0","0","0","0","0","0","0","0","0","0","0","73.511375","60.438595","13.072781","16.734756","0.727333"
"D:\HAA\dACC revisions\Run 4\Br2720_dACC_20x_img_020-MaxIP-Stitched_unmixed_rotated.nd2","Layer 1","dACC_v17_ FISH-IF v2.4.4","2097","5227","5251","3713","3734","0","0","0","0","1","1","2035.4506","0","375.8804","0","0","0","0","0","0","0","0","0","0","0","0","0","0","0","0","0","0","0","0","67.25117","52.337154","14.914018","16.734756","0.851489"
"D:\HAA\dACC revisions\Run 4\Br2720_dACC_20x_img_020-MaxIP-Stitched_unmixed_rotated.nd2","Layer 1","dACC_v17_ FISH-IF v2.4.4","2098","5046","5077","3721","3746","0","0","0","0","1","1","3002.0784","0","370.6563","0","0","0","0","0","0","0","0","0","0","0","0","0","0","0","0","0","0","0","0","111.62498","79.9557","31.669271","25.316685","0.768597"
"D:\HAA\dACC revisions\Run 4\Br2720_dACC_20x_img_020-MaxIP-Stitched_unmixed_rotated.nd2","Layer 1","dACC_v17_ FISH-IF v2.4.4","2099","5211","5241","3725","3750","0","0","0","0","1","1","2317.2039","0","376.93277","0","0","0","0","0","0","0","0","0","0","0","0","0","0","0","0","0","0","0","0","104.39812","71.90029","32.49783","24.887589","0.813927"
"D:\HAA\dACC revisions\Run 4\Br2720_dACC_20x_img_020-MaxIP-Stitched_unmixed_rotated.nd2","Layer 1","dACC_v17_ FISH-IF v2.4.4","2100","5121","5141","3762","3781","0","0","0","0","1","1","703.7413","0","133.96161","0","0","0","0","0","0","0","0","0","0","0","0","0","0","0","0","0","0","0","0","54.54664","47.964214","6.582421","11.156505","0.849594"
"D:\HAA\dACC revisions\Run 4\Br2720_dACC_20x_img_020-MaxIP-Stitched_unmixed_rotated.nd2","Layer 1","dACC_v17_ FISH-IF v2.4.4","2101","5112","5130","3792","3813","0","0","0","0","1","1","440.1284","0","122.95493","0","0","0","0","0","0","0","0","0","0","0","0","0","0","0","0","0","0","0","0","55.835503","49.022926","6.812576","10.727408","0.789038"
"D:\HAA\dACC revisions\Run 4\Br2720_dACC_20x_img_020-MaxIP-Stitched_unmixed_rotated.nd2","Layer 1","dACC_v17_ FISH-IF v2.4.4","2102","3143","3191","3037","3072","1","1","1","0","1","1","1111.8815","0","193.13898","0","0","0","0","0","13","13.53309","2","36709.195","2712.551","27","18.964739","3","22799.389","1199.2881","15","21.220253","3","12529.662","590.4577","226.65623","128.84055","97.8157","48.48789","0.712426"
"D:\HAA\dACC revisions\Run 4\Br2720_dACC_20x_img_020-MaxIP-Stitched_unmixed_rotated.nd2","Layer 1","dACC_v17_ FISH-IF v2.4.4","2103","3213","3235","3108","3132","0","0","0","0","1","1","2858.3586","0","368.3484","0","0","0","0","0","0","0","0","0","0","0","0","0","0","0","0","0","0","0","0","79.587456","63.15442","16.433037","17.59295","0.805791"
"D:\HAA\dACC revisions\Run 4\Br2720_dACC_20x_img_020-MaxIP-Stitched_unmixed_rotated.nd2","Layer 1","dACC_v17_ FISH-IF v2.4.4","2104","3322","3361","3130","3166","0","1","1","0","1","1","977.7536","0","275.65268","0","0","0","0","0","0","0","0","0","0","11","8.607781","2","8648.611","1004.7433","139","124.697754","4","224231.28","1798.1982","197.88692","118.48358","79.403336","42.05144","0.6501"
"D:\HAA\dACC revisions\Run 4\Br2720_dACC_20x_img_020-MaxIP-Stitched_unmixed_rotated.nd2","Layer 1","dACC_v17_ FISH-IF v2.4.4","2105","3371","3400","3141","3168","0","0","1","0","1","1","2786.0896","0","393.01895","0","0","0","0","0","0","0","0","0","0","0","0","0","0","0","15","21.358345","3","20952.307","980.9892","112.499565","80.093796","32.405766","25.316685","0.832171"
"D:\HAA\dACC revisions\Run 4\Br2720_dACC_20x_img_020-MaxIP-Stitched_unmixed_rotated.nd2","Layer 1","dACC_v17_ FISH-IF v2.4.4","2106","3283","3304","3153","3175","0","0","1","0","1","1","2063.1077","0","239.93112","0","0","0","0","0","0","0","0","0","0","0","0","0","0","0","4","6.260205","1","5247.939","838.30145","68.35591","56.80215","11.553761","14.589275","0.792202"
"D:\HAA\dACC revisions\Run 4\Br2720_dACC_20x_img_020-MaxIP-Stitched_unmixed_rotated.nd2","Layer 1","dACC_v17_ FISH-IF v2.4.4","2107","3354","3379","3181","3211","0","0","0","0","1","1","917.0699","0","233.58322","0","0","0","0","0","0","0","0","0","0","0","0","0","0","0","2","4.188814","0","2608.25","622.67035","109.09328","66.928955","42.16432","29.822195","0.869512"
"D:\HAA\dACC revisions\Run 4\Br2720_dACC_20x_img_020-MaxIP-Stitched_unmixed_rotated.nd2","Layer 1","dACC_v17_ FISH-IF v2.4.4","2108","3377","3400","3182","3213","0","0","0","0","1","1","579.60535","0","289.33087","0","0","0","0","0","0","0","0","0","0","0","0","0","0","0","0","0","0","0","0","98.87441","62.602047","36.27236","27.462166","0.83466"
"D:\HAA\dACC revisions\Run 4\Br2720_dACC_20x_img_020-MaxIP-Stitched_unmixed_rotated.nd2","Layer 1","dACC_v17_ FISH-IF v2.4.4","2109","3280","3310","3183","3202","0","0","1","0","1","1","1616.561","0","296.89905","0","0","0","0","0","0","0","0","0","0","1","0.552371","0","347.4874","629.0833","11","19.194893","2","15786.35","822.42444","76.733536","53.349834","23.383705","22.742105","0.655939"
"D:\HAA\dACC revisions\Run 4\Br2720_dACC_20x_img_020-MaxIP-Stitched_unmixed_rotated.nd2","Layer 1","dACC_v17_ FISH-IF v2.4.4","2110","3257","3279","3184","3212","0","0","1","1","1","1","2242.7864","0","392.25656","5","12.52041","1","17031.809","1360.3235","0","0","0","0","0","1","0.50634","0","344.2192","679.8182","4","6.766545","1","3922.1104","579.6326","91.83168","68.35591","23.475767","21.883913","0.711805"
"D:\HAA\dACC revisions\Run 4\Br2720_dACC_20x_img_020-MaxIP-Stitched_unmixed_rotated.nd2","Layer 1","dACC_v17_ FISH-IF v2.4.4","2111","3278","3305","3198","3217","0","1","1","0","1","1","1926.4565","0","313.26706","2","2.623762","0","2135.052","813.7368","0","0","0","0","0","5","5.155463","1","4953.7554","960.875","25","38.20566","3","37433.586","979.79156","75.12246","48.60865","26.51381","22.742105","0.778309"
"D:\HAA\dACC revisions\Run 4\Br2720_dACC_20x_img_020-MaxIP-Stitched_unmixed_rotated.nd2","Layer 1","dACC_v17_ FISH-IF v2.4.4","2112","3135","3159","3202","3222","0","0","0","0","1","1","1769.0165","0","214.4658","0","0","0","0","0","0","0","0","0","0","0","0","0","0","0","0","0","0","0","0","68.40195","57.21643","11.185513","15.018372","0.730182"
"D:\HAA\dACC revisions\Run 4\Br2720_dACC_20x_img_020-MaxIP-Stitched_unmixed_rotated.nd2","Layer 1","dACC_v17_ FISH-IF v2.4.4","2113","3107","3136","3245","3272","0","0","0","0","1","1","2046.4281","0","516.3322","0","0","0","0","0","0","0","0","0","0","0","0","0","0","0","0","0","0","0","0","113.512245","82.441376","31.07087","26.818521","0.689426"
"D:\HAA\dACC revisions\Run 4\Br2720_dACC_20x_img_020-MaxIP-Stitched_unmixed_rotated.nd2","Layer 1","dACC_v17_ FISH-IF v2.4.4","2114","3238","3261","3249","3272","0","0","1","0","1","1","1296.1072","0","194.62138","0","0","0","0","0","0","0","0","0","0","3","2.99201","0","2587.3518","864.75385","39","41.473858","4","59385.133","1431.869","79.17318","63.70679","15.466389","18.022047","0.680721"
"D:\HAA\dACC revisions\Run 4\Br2720_dACC_20x_img_020-MaxIP-Stitched_unmixed_rotated.nd2","Layer 1","dACC_v17_ FISH-IF v2.4.4","2115","3335","3369","3281","3315","0","0","0","0","1","1","3326.5444","0","505.15533","0","0","0","0","0","0","0","0","0","0","0","0","0","0","0","0","0","0","0","0","149.55444","105.50286","44.051586","37.76048","0.641122"
"D:\HAA\dACC revisions\Run 4\Br2720_dACC_20x_img_020-MaxIP-Stitched_unmixed_rotated.nd2","Layer 1","dACC_v17_ FISH-IF v2.4.4","2116","3189","3216","3308","3333","0","0","0","0","1","1","3143.258","0","548.3378","0","0","0","0","0","0","0","0","0","0","0","0","0","0","0","0","0","0","0","0","96.38874","71.94633","24.442417","21.883913","0.842346"
"D:\HAA\dACC revisions\Run 4\Br2720_dACC_20x_img_020-MaxIP-Stitched_unmixed_rotated.nd2","Layer 1","dACC_v17_ FISH-IF v2.4.4","2117","3051","3085","3332","3357","0","0","0","0","1","1","2956.088","0","460.68967","3","3.360257","0","2847.4727","847.3973","0","0","0","0","0","0","0","0","0","0","0","0","0","0","0","118.48358","88.10317","30.380405","29.17855","0.570432"
"D:\HAA\dACC revisions\Run 4\Br2720_dACC_20x_img_020-MaxIP-Stitched_unmixed_rotated.nd2","Layer 1","dACC_v17_ FISH-IF v2.4.4","2118","3103","3130","3345","3369","0","0","0","0","1","1","3417.8142","0","433.3148","0","0","0","0","0","0","0","0","0","0","0","0","0","0","0","0","0","0","0","0","85.29529","58.781483","26.51381","22.742105","0.782157"
"D:\HAA\dACC revisions\Run 4\Br2720_dACC_20x_img_020-MaxIP-Stitched_unmixed_rotated.nd2","Layer 1","dACC_v17_ FISH-IF v2.4.4","2119","3360","3386","3350","3375","0","0","0","0","1","1","2861.9194","0","494.4949","3","9.298245","0","10435.762","1122.3367","0","0","0","0","0","0","0","0","0","0","2","2.577731","0","1661.8542","644.6964","96.25065","72.26854","23.982107","21.454817","0.799229"
"D:\HAA\dACC revisions\Run 4\Br2720_dACC_20x_img_020-MaxIP-Stitched_unmixed_rotated.nd2","Layer 1","dACC_v17_ FISH-IF v2.4.4","2120","3081","3112","3351","3376","0","0","0","0","1","1","2383.0361","0","561.048","0","0","0","0","0","0","0","0","0","0","0","0","0","0","0","3","4.142783","0","2545.6018","570.1237","106.88379","70.05906","36.824734","28.320358","0.715752"
"D:\HAA\dACC revisions\Run 4\Br2720_dACC_20x_img_020-MaxIP-Stitched_unmixed_rotated.nd2","Layer 1","dACC_v17_ FISH-IF v2.4.4","2121","3112","3136","3368","3393","0","0","0","0","1","1","798.9837","0","261.64532","0","0","0","0","0","0","0","0","0","0","1","0.828557","0","608.80493","734.7778","0","0","0","0","0","73.5574","48.14834","25.409067","23.814846","0.74431"
"D:\HAA\dACC revisions\Run 4\Br2720_dACC_20x_img_020-MaxIP-Stitched_unmixed_rotated.nd2","Layer 1","dACC_v17_ FISH-IF v2.4.4","2122","3185","3211","3369","3396","0","0","0","0","1","1","3267.334","0","544.25476","3","7.180823","0","6996.884","974.38464","0","0","0","0","0","0","0","0","0","0","0","0","0","0","0","92.84436","72.45267","20.391697","22.31301","0.608401"
"D:\HAA\dACC revisions\Run 4\Br2720_dACC_20x_img_020-MaxIP-Stitched_unmixed_rotated.nd2","Layer 1","dACC_v17_ FISH-IF v2.4.4","2123","3095","3120","3374","3395","0","0","0","0","1","1","709.2964","0","307.0823","0","0","0","0","0","0","0","0","0","0","0","0","0","0","0","1","1.841237","0","1000.29785","543.275","70.24318","48.65468","21.588501","26.603973","0.553466"
"D:\HAA\dACC revisions\Run 4\Br2720_dACC_20x_img_020-MaxIP-Stitched_unmixed_rotated.nd2","Layer 1","dACC_v17_ FISH-IF v2.4.4","2124","3246","3267","3376","3395","0","0","0","0","1","1","1874.0588","0","223.17517","1","1.703144","0","1363.3898","800.5135","0","0","0","0","0","0","0","0","0","0","1","1.104742","0","708.2317","549.5","60.898903","52.291122","8.607781","12.443794","0.758169"
"D:\HAA\dACC revisions\Run 4\Br2720_dACC_20x_img_020-MaxIP-Stitched_unmixed_rotated.nd2","Layer 1","dACC_v17_ FISH-IF v2.4.4","2125","3115","3132","3389","3405","0","0","0","0","1","1","593.85474","0","259.89377","0","0","0","0","0","0","0","0","0","0","0","0","0","0","0","0","0","0","0","0","28.170921","19.931387","8.239534","13.516535","0.744039"
"D:\HAA\dACC revisions\Run 4\Br2720_dACC_20x_img_020-MaxIP-Stitched_unmixed_rotated.nd2","Layer 1","dACC_v17_ FISH-IF v2.4.4","2126","3102","3124","3395","3411","0","0","0","0","1","1","487.54358","0","193.86816","0","0","0","0","0","0","0","0","0","0","1","0.782526","0","557.94073","713","0","0","0","0","0","49.851482","38.758034","11.093451","16.091112","0.709265"
"D:\HAA\dACC revisions\Run 4\Br2720_dACC_20x_img_020-MaxIP-Stitched_unmixed_rotated.nd2","Layer 1","dACC_v17_ FISH-IF v2.4.4","2127","4165","4189","3404","3434","0","0","0","1","1","1","2242.7412","0","466.90088","4","9.620461","1","11528.306","1198.311","0","0","0","0","0","0","0","0","0","0","0","0","0","0","0","87.64287","57.58468","30.05819","26.389425","0.755399"
"D:\HAA\dACC revisions\Run 4\Br2720_dACC_20x_img_020-MaxIP-Stitched_unmixed_rotated.nd2","Layer 1","dACC_v17_ FISH-IF v2.4.4","2128","4179","4201","3413","3437","0","0","0","0","1","1","2459.1562","0","461.28436","1","0.552371","0","431.3557","780.9167","0","0","0","0","0","0","0","0","0","0","0","0","0","0","0","72.72885","48.884834","23.844015","22.527557","0.757851"
"D:\HAA\dACC revisions\Run 4\Br2720_dACC_20x_img_020-MaxIP-Stitched_unmixed_rotated.nd2","Layer 1","dACC_v17_ FISH-IF v2.4.4","2129","3853","3881","3429","3458","0","0","0","0","1","1","2408.1062","0","396.3888","0","0","0","0","0","0","0","0","0","0","0","0","0","0","0","0","0","0","0","0","116.91853","81.33663","35.581898","26.174877","0.89166"
"D:\HAA\dACC revisions\Run 4\Br2720_dACC_20x_img_020-MaxIP-Stitched_unmixed_rotated.nd2","Layer 1","dACC_v17_ FISH-IF v2.4.4","2130","3982","4011","3442","3470","0","0","1","0","1","1","2773.983","0","635.54504","0","0","0","0","0","0","0","0","0","0","0","0","0","0","0","4","7.318916","1","3918.2898","535.3648","115.81379","80.73823","35.075558","26.603973","0.89689"
"D:\HAA\dACC revisions\Run 4\Br2720_dACC_20x_img_020-MaxIP-Stitched_unmixed_rotated.nd2","Layer 1","dACC_v17_ FISH-IF v2.4.4","2131","3951","3971","3452","3472","0","0","0","0","1","1","813.006","0","154.89871","0","0","0","0","0","0","0","0","0","0","0","0","0","0","0","1","0.414278","0","178.73805","431.44446","57.72277","49.98958","7.733194","11.585601","0.909485"
"D:\HAA\dACC revisions\Run 4\Br2720_dACC_20x_img_020-MaxIP-Stitched_unmixed_rotated.nd2","Layer 1","dACC_v17_ FISH-IF v2.4.4","2132","4143","4161","3478","3493","0","0","0","0","1","1","1142.4423","0","281.1138","0","0","0","0","0","0","0","0","0","0","0","0","0","0","0","0","0","0","0","0","38.389786","35.996178","2.393608","6.436445","0.753063"
"D:\HAA\dACC revisions\Run 4\Br2720_dACC_20x_img_020-MaxIP-Stitched_unmixed_rotated.nd2","Layer 1","dACC_v17_ FISH-IF v2.4.4","2133","3813","3859","3491","3529","1","0","1","0","1","1","975.89014","0","224.98596","0","0","0","0","0","6","4.971339","1","4552.642","915.7778","1","1.150773","0","953.20825","828.32","30","56.66406","4","35165.32","620.593","228.81969","127.82786","100.99184","48.702435","0.763656"
"D:\HAA\dACC revisions\Run 4\Br2720_dACC_20x_img_020-MaxIP-Stitched_unmixed_rotated.nd2","Layer 1","dACC_v17_ FISH-IF v2.4.4","2134","4139","4166","3492","3518","0","0","0","0","1","1","2732.317","0","455.4174","0","0","0","0","0","0","0","0","0","0","0","0","0","0","0","0","0","0","0","0","100.715645","73.5574","27.158241","23.600298","0.796263"
"D:\HAA\dACC revisions\Run 4\Br2720_dACC_20x_img_020-MaxIP-Stitched_unmixed_rotated.nd2","Layer 1","dACC_v17_ FISH-IF v2.4.4","2135","4181","4206","3506","3531","0","0","0","0","1","1","3796.7246","0","352.91876","0","0","0","0","0","0","0","0","0","0","0","0","0","0","0","0","0","0","0","0","90.86503","69.138435","21.726593","20.596624","0.813201"
"D:\HAA\dACC revisions\Run 4\Br2720_dACC_20x_img_020-MaxIP-Stitched_unmixed_rotated.nd2","Layer 1","dACC_v17_ FISH-IF v2.4.4","2136","3933","3957","3527","3547","0","0","0","0","1","1","1445.5103","0","225.2478","1","0.552371","0","414.87665","751.0833","0","0","0","0","0","0","0","0","0","0","0","0","0","0","0","69.04638","57.768803","11.277575","15.018372","0.687176"
"D:\HAA\dACC revisions\Run 4\Br2720_dACC_20x_img_020-MaxIP-Stitched_unmixed_rotated.nd2","Layer 1","dACC_v17_ FISH-IF v2.4.4","2137","4202","4230","3531","3556","0","0","0","0","1","1","3283.627","0","427.65546","0","0","0","0","0","0","0","0","0","0","0","0","0","0","0","0","0","0","0","0","98.36807","69.73684","28.631231","24.887589","0.704563"
"D:\HAA\dACC revisions\Run 4\Br2720_dACC_20x_img_020-MaxIP-Stitched_unmixed_rotated.nd2","Layer 1","dACC_v17_ FISH-IF v2.4.4","2138","3995","4016","3548","3580","0","0","0","0","1","1","2703.006","0","546.3139","0","0","0","0","0","0","0","0","0","0","0","0","0","0","0","0","0","0","0","0","91.69359","61.589367","30.10422","26.174877","0.673288"
"D:\HAA\dACC revisions\Run 4\Br2720_dACC_20x_img_020-MaxIP-Stitched_unmixed_rotated.nd2","Layer 1","dACC_v17_ FISH-IF v2.4.4","2139","3977","3997","3549","3576","0","0","0","0","1","1","3527.7239","0","430.28745","0","0","0","0","0","0","0","0","0","0","0","0","0","0","0","0","0","0","0","0","77.83828","53.16571","24.672571","23.600298","0.754695"
"D:\HAA\dACC revisions\Run 4\Br2720_dACC_20x_img_020-MaxIP-Stitched_unmixed_rotated.nd2","Layer 1","dACC_v17_ FISH-IF v2.4.4","2140","3976","4006","3575","3597","0","0","0","0","1","1","1929.4492","0","332.01376","0","0","0","0","0","0","0","0","0","0","0","0","0","0","0","0","0","0","0","0","93.76498","70.19715","23.56783","24.458492","0.599609"
"D:\HAA\dACC revisions\Run 4\Br2720_dACC_20x_img_020-MaxIP-Stitched_unmixed_rotated.nd2","Layer 1","dACC_v17_ FISH-IF v2.4.4","2141","3884","3904","3589","3607","0","0","0","0","1","1","1283.8591","0","174.6755","1","1.380928","0","1022.7609","740.63336","0","0","0","0","0","0","0","0","0","0","0","0","0","0","0","51.64669","45.1103","6.53639","10.727408","0.876151"
"D:\HAA\dACC revisions\Run 4\Br2720_dACC_20x_img_020-MaxIP-Stitched_unmixed_rotated.nd2","Layer 1","dACC_v17_ FISH-IF v2.4.4","2142","3882","3900","3606","3620","0","0","0","0","1","1","489.8085","0","202.49033","0","0","0","0","0","0","0","0","0","0","0","0","0","0","0","0","0","0","0","0","37.837414","35.67396","2.163453","6.436445","0.648821"
"D:\HAA\dACC revisions\Run 4\Br2720_dACC_20x_img_020-MaxIP-Stitched_unmixed_rotated.nd2","Layer 1","dACC_v17_ FISH-IF v2.4.4","2143","4091","4118","3605","3632","0","0","0","1","1","1","2776.1265","0","506.5253","9","22.140871","1","32023.525","1446.3534","0","0","0","0","0","0","0","0","0","0","0","0","0","0","0","107.113945","77.28591","29.828035","24.029396","0.864548"
"D:\HAA\dACC revisions\Run 4\Br2720_dACC_20x_img_020-MaxIP-Stitched_unmixed_rotated.nd2","Layer 1","dACC_v17_ FISH-IF v2.4.4","2144","3936","3965","3626","3647","0","0","0","0","1","1","1776.3774","0","268.66385","0","0","0","0","0","0","0","0","0","0","0","0","0","0","0","0","0","0","0","0","91.37137","70.51936","20.852005","20.596624","0.709456"
"D:\HAA\dACC revisions\Run 4\Br2720_dACC_20x_img_020-MaxIP-Stitched_unmixed_rotated.nd2","Layer 1","dACC_v17_ FISH-IF v2.4.4","2145","3988","4017","3658","3679","0","0","0","0","1","1","1094.287","0","322.37057","0","0","0","0","0","0","0","0","0","0","0","0","0","0","0","0","0","0","0","0","87.182556","66.33055","20.852005","21.02572","0.643246"
"D:\HAA\dACC revisions\Run 4\Br2720_dACC_20x_img_020-MaxIP-Stitched_unmixed_rotated.nd2","Layer 1","dACC_v17_ FISH-IF v2.4.4","2146","4044","4063","3664","3682","0","0","0","0","1","1","522.3798","0","126.887146","0","0","0","0","0","0","0","0","0","0","0","0","0","0","0","0","0","0","0","0","52.843494","46.905506","5.937988","10.298312","0.842838"
"D:\HAA\dACC revisions\Run 4\Br2720_dACC_20x_img_020-MaxIP-Stitched_unmixed_rotated.nd2","Layer 1","dACC_v17_ FISH-IF v2.4.4","2147","3990","4022","3678","3704","1","1","0","0","1","1","2246.8557","0","378.1931","0","0","0","0","0","7","5.984019","1","4439.6357","741.9154","7","6.628452","1","4562.1704","688.2708","0","0","0","0","0","122.35018","81.52075","40.829422","29.17855","0.802825"
"D:\HAA\dACC revisions\Run 4\Br2720_dACC_20x_img_020-MaxIP-Stitched_unmixed_rotated.nd2","Layer 1","dACC_v17_ FISH-IF v2.4.4","2148","4076","4106","3714","3741","0","0","0","0","1","1","2607.1484","0","414.17126","0","0","0","0","0","0","0","0","0","0","0","0","0","0","0","0","0","0","0","0","118.39152","84.92704","33.464478","27.462166","0.732561"
"D:\HAA\dACC revisions\Run 4\Br2720_dACC_20x_img_020-MaxIP-Stitched_unmixed_rotated.nd2","Layer 1","dACC_v17_ FISH-IF v2.4.4","2149","3901","3928","3741","3768","0","0","1","0","1","1","1930.1271","0","350.81894","0","0","0","0","0","0","0","0","0","0","0","0","0","0","0","4","3.774535","1","1873.1821","496.26828","104.8124","77.28591","27.52649","24.458492","0.704719"
"D:\HAA\dACC revisions\Run 4\Br2720_dACC_20x_img_020-MaxIP-Stitched_unmixed_rotated.nd2","Layer 1","dACC_v17_ FISH-IF v2.4.4","2150","4209","4229","3759","3780","0","0","0","0","1","1","2658.1155","0","280.31882","0","0","0","0","0","0","0","0","0","0","0","0","0","0","0","0","0","0","0","0","65.77818","55.006947","10.771235","13.731083","0.883695"
"D:\HAA\dACC revisions\Run 4\Br2720_dACC_20x_img_020-MaxIP-Stitched_unmixed_rotated.nd2","Layer 1","dACC_v17_ FISH-IF v2.4.4","2151","6962","6981","2634","2655","0","0","0","0","1","1","1050.2916","0","142.2073","0","0","0","0","0","0","0","0","0","0","0","0","0","0","0","0","0","0","0","0","58.13705","50.403854","7.733194","12.014698","0.806175"
"D:\HAA\dACC revisions\Run 4\Br2720_dACC_20x_img_020-MaxIP-Stitched_unmixed_rotated.nd2","Layer 1","dACC_v17_ FISH-IF v2.4.4","2152","6897","6921","2670","2694","0","0","0","1","1","1","1855.6327","0","241.4688","6","15.55845","1","28293.133","1818.5059","0","0","0","0","0","0","0","0","0","0","0","0","0","0","0","76.27323","60.484627","15.788605","18.022047","0.78365"
"D:\HAA\dACC revisions\Run 4\Br2720_dACC_20x_img_020-MaxIP-Stitched_unmixed_rotated.nd2","Layer 1","dACC_v17_ FISH-IF v2.4.4","2153","6873","6904","2679","2705","0","0","0","1","1","1","2267.1697","0","415.42316","13","26.375715","2","50254.945","1905.349","0","0","0","0","0","0","0","0","0","0","0","0","0","0","0","110.151985","77.884315","32.267673","26.174877","0.787561"
"D:\HAA\dACC revisions\Run 4\Br2720_dACC_20x_img_020-MaxIP-Stitched_unmixed_rotated.nd2","Layer 1","dACC_v17_ FISH-IF v2.4.4","2154","6851","6871","2705","2723","0","0","0","0","1","1","699.51166","0","127.38514","0","0","0","0","0","0","0","0","0","0","0","0","0","0","0","0","0","0","0","0","53.02762","47.08963","5.937988","10.298312","0.806767"
"D:\HAA\dACC revisions\Run 4\Br2720_dACC_20x_img_020-MaxIP-Stitched_unmixed_rotated.nd2","Layer 1","dACC_v17_ FISH-IF v2.4.4","2155","6967","6987","2723","2744","0","0","0","0","1","1","1321.4564","0","173.11456","0","0","0","0","0","0","0","0","0","0","0","0","0","0","0","0","0","0","0","0","62.417923","53.441895","8.976028","13.301987","0.731191"
"D:\HAA\dACC revisions\Run 4\Br2720_dACC_20x_img_020-MaxIP-Stitched_unmixed_rotated.nd2","Layer 1","dACC_v17_ FISH-IF v2.4.4","2156","6990","7022","2725","2755","0","0","0","0","1","1","3559.624","0","455.43417","0","0","0","0","0","0","0","0","0","0","0","0","0","0","0","0","0","0","0","0","127.229454","89.16189","38.06757","30.46584","0.654775"
"D:\HAA\dACC revisions\Run 4\Br2720_dACC_20x_img_020-MaxIP-Stitched_unmixed_rotated.nd2","Layer 1","dACC_v17_ FISH-IF v2.4.4","2157","6950","6974","2793","2832","0","0","0","0","1","1","2275.3489","0","364.90356","0","0","0","0","0","0","0","0","0","0","0","0","0","0","0","0","0","0","0","0","131.74048","95.468124","36.27236","31.324034","0.563057"
"D:\HAA\dACC revisions\Run 4\Br2720_dACC_20x_img_020-MaxIP-Stitched_unmixed_rotated.nd2","Layer 1","dACC_v17_ FISH-IF v2.4.4","2158","6723","6747","2845","2871","0","0","0","0","1","1","1432.636","0","276.12216","0","0","0","0","0","0","0","0","0","0","0","0","0","0","0","0","0","0","0","0","95.23797","71.20983","24.02814","21.454817","0.855739"
"D:\HAA\dACC revisions\Run 4\Br2720_dACC_20x_img_020-MaxIP-Stitched_unmixed_rotated.nd2","Layer 1","dACC_v17_ FISH-IF v2.4.4","2159","6948","6976","2865","2892","0","0","0","0","1","1","2332.597","0","417.16644","0","0","0","0","0","0","0","0","0","0","0","0","0","0","0","1","1.933299","0","1260.2345","651.8571","104.49018","72.176476","32.313705","24.458492","0.839921"
"D:\HAA\dACC revisions\Run 4\Br2720_dACC_20x_img_020-MaxIP-Stitched_unmixed_rotated.nd2","Layer 1","dACC_v17_ FISH-IF v2.4.4","2160","6973","6993","2879","2899","0","0","0","0","1","1","2312.3157","0","223.83386","0","0","0","0","0","0","0","0","0","0","0","0","0","0","0","1","0.598402","0","278.34897","465.15384","50.818134","42.946846","7.871287","11.585601","0.872666"
"D:\HAA\dACC revisions\Run 4\Br2720_dACC_20x_img_020-MaxIP-Stitched_unmixed_rotated.nd2","Layer 1","dACC_v17_ FISH-IF v2.4.4","2161","6941","6963","2883","2911","0","0","0","0","1","1","2971.308","0","467.48508","0","0","0","0","0","0","0","0","0","0","0","0","0","0","0","0","0","0","0","0","88.33333","64.71947","23.613861","22.742105","0.681177"
"D:\HAA\dACC revisions\Run 4\Br2720_dACC_20x_img_020-MaxIP-Stitched_unmixed_rotated.nd2","Layer 1","dACC_v17_ FISH-IF v2.4.4","2162","6984","7005","2888","2917","0","0","0","0","1","1","1713.2195","0","399.66302","0","0","0","0","0","0","0","0","0","0","0","0","0","0","0","0","0","0","0","0","79.3573","59.011635","20.345665","22.098461","0.646311"
"D:\HAA\dACC revisions\Run 4\Br2720_dACC_20x_img_020-MaxIP-Stitched_unmixed_rotated.nd2","Layer 1","dACC_v17_ FISH-IF v2.4.4","2163","7003","7027","2897","2923","0","0","0","0","1","1","2563.2544","0","492.40015","0","0","0","0","0","0","0","0","0","0","0","0","0","0","0","0","0","0","0","0","97.40142","65.916275","31.485147","24.458492","0.803036"
"D:\HAA\dACC revisions\Run 4\Br2720_dACC_20x_img_020-MaxIP-Stitched_unmixed_rotated.nd2","Layer 1","dACC_v17_ FISH-IF v2.4.4","2164","6925","6959","2908","2933","0","0","0","0","1","1","2018.1028","0","456.22095","1","1.196804","0","1041.2194","870","0","0","0","0","0","0","0","0","0","0","0","0","0","0","0","122.44224","84.37467","38.06757","28.320358","0.737946"
"D:\HAA\dACC revisions\Run 4\Br2720_dACC_20x_img_020-MaxIP-Stitched_unmixed_rotated.nd2","Layer 1","dACC_v17_ FISH-IF v2.4.4","2165","6970","6989","2911","2928","0","0","0","0","1","1","1601.2822","0","223.76517","0","0","0","0","0","0","0","0","0","0","0","0","0","0","0","0","0","0","0","0","47.457874","41.750042","5.707834","10.298312","0.792626"
"D:\HAA\dACC revisions\Run 4\Br2720_dACC_20x_img_020-MaxIP-Stitched_unmixed_rotated.nd2","Layer 1","dACC_v17_ FISH-IF v2.4.4","2166","6991","7023","2919","2939","0","0","0","0","1","1","1947.8925","0","337.8559","0","0","0","0","0","0","0","0","0","0","0","0","0","0","0","0","0","0","0","0","86.860344","68.0337","18.826645","22.742105","0.555256"
"D:\HAA\dACC revisions\Run 4\Br2720_dACC_20x_img_020-MaxIP-Stitched_unmixed_rotated.nd2","Layer 1","dACC_v17_ FISH-IF v2.4.4","2167","6970","6993","2926","2950","0","0","0","0","1","1","2156.7695","0","335.0892","0","0","0","0","0","0","0","0","0","0","0","0","0","0","0","0","0","0","0","0","68.58607","49.022926","19.56314","21.454817","0.649787"
"D:\HAA\dACC revisions\Run 4\Br2720_dACC_20x_img_020-MaxIP-Stitched_unmixed_rotated.nd2","Layer 1","dACC_v17_ FISH-IF v2.4.4","2168","6985","7001","2934","2951","0","0","0","0","1","1","2423.037","0","246.0796","0","0","0","0","0","0","0","0","0","0","0","0","0","0","0","0","0","0","0","0","33.970818","27.756643","6.214174","10.51286","0.844985"
"D:\HAA\dACC revisions\Run 4\Br2720_dACC_20x_img_020-MaxIP-Stitched_unmixed_rotated.nd2","Layer 1","dACC_v17_ FISH-IF v2.4.4","2169","6976","6997","2959","2980","0","0","0","0","1","1","2903.9446","0","308.48993","0","0","0","0","0","0","0","0","0","0","0","0","0","0","0","0","0","0","0","0","63.338543","52.52128","10.817266","14.160179","0.893701"
"D:\HAA\dACC revisions\Run 4\Br2720_dACC_20x_img_020-MaxIP-Stitched_unmixed_rotated.nd2","Layer 1","dACC_v17_ FISH-IF v2.4.4","2170","6956","6982","2969","2991","0","0","0","0","1","1","3038.4329","0","384.44357","0","0","0","0","0","0","0","0","0","0","0","0","0","0","0","0","0","0","0","0","82.21122","64.02901","18.182213","19.309336","0.742784"
"D:\HAA\dACC revisions\Run 4\Br2720_dACC_20x_img_020-MaxIP-Stitched_unmixed_rotated.nd2","Layer 1","dACC_v17_ FISH-IF v2.4.4","2171","5574","5592","3433","3452","0","0","0","0","1","1","415.3644","0","115.28744","0","0","0","0","0","0","0","0","0","0","0","0","0","0","0","0","0","0","0","0","51.23241","45.800762","5.431648","9.44012","0.872172"
"D:\HAA\dACC revisions\Run 4\Br2720_dACC_20x_img_020-MaxIP-Stitched_unmixed_rotated.nd2","Layer 1","dACC_v17_ FISH-IF v2.4.4","2172","5759","5787","3446","3474","0","0","0","1","1","1","2326.2856","0","455.44327","7","22.923397","1","39324.21","1715.4618","0","0","0","0","0","0","0","0","0","0","0","0","0","0","0","111.02657","79.127144","31.899426","24.887589","0.811913"
"D:\HAA\dACC revisions\Run 4\Br2720_dACC_20x_img_020-MaxIP-Stitched_unmixed_rotated.nd2","Layer 1","dACC_v17_ FISH-IF v2.4.4","2173","5808","5833","3476","3500","0","0","0","0","1","1","1263.8143","0","233.22939","0","0","0","0","0","0","0","0","0","0","0","0","0","0","0","3","1.979329","0","930.60706","470.16278","85.019104","66.422615","18.59649","19.738432","0.755361"
"D:\HAA\dACC revisions\Run 4\Br2720_dACC_20x_img_020-MaxIP-Stitched_unmixed_rotated.nd2","Layer 1","dACC_v17_ FISH-IF v2.4.4","2174","5429","5451","3529","3554","0","0","0","0","1","1","1855.7942","0","280.38425","1","5.799896","0","7571.8096","1305.5079","0","0","0","0","0","0","0","0","0","0","0","0","0","0","0","82.25725","64.81153","17.445717","18.451143","0.80439"
"D:\HAA\dACC revisions\Run 4\Br2720_dACC_20x_img_020-MaxIP-Stitched_unmixed_rotated.nd2","Layer 1","dACC_v17_ FISH-IF v2.4.4","2175","5569","5593","3546","3574","0","0","0","0","1","1","3134.397","0","408.8805","0","0","0","0","0","0","0","0","0","0","0","0","0","0","0","1","0.598402","0","283.82663","474.30768","97.999825","73.189156","24.810665","22.098461","0.780498"
"D:\HAA\dACC revisions\Run 4\Br2720_dACC_20x_img_020-MaxIP-Stitched_unmixed_rotated.nd2","Layer 1","dACC_v17_ FISH-IF v2.4.4","2176","5622","5647","3552","3574","0","0","0","1","1","1","2827.2046","0","649.3107","5","9.528399","1","13133.68","1378.372","0","0","0","0","0","0","0","0","0","0","0","0","0","0","0","83.68421","65.916275","17.767935","18.88024","0.732282"
"D:\HAA\dACC revisions\Run 4\Br2720_dACC_20x_img_020-MaxIP-Stitched_unmixed_rotated.nd2","Layer 1","dACC_v17_ FISH-IF v2.4.4","2177","5517","5554","3564","3591","0","0","1","0","1","1","1689.967","0","273.36963","0","0","0","0","0","0","0","0","0","0","0","0","0","0","0","10","18.918707","2","12978.693","677.7789","147.52908","97.26333","50.265762","33.040417","0.688032"
"D:\HAA\dACC revisions\Run 4\Br2720_dACC_20x_img_020-MaxIP-Stitched_unmixed_rotated.nd2","Layer 1","dACC_v17_ FISH-IF v2.4.4","2178","5572","5596","3622","3652","0","0","0","1","1","1","3013.789","0","454.09674","6","19.701233","1","34840.203","1768.4276","0","0","0","0","0","0","0","0","0","0","0","0","0","0","0","97.40142","74.708176","22.693243","23.38575","0.654714"
"D:\HAA\dACC revisions\Run 4\Br2720_dACC_20x_img_020-MaxIP-Stitched_unmixed_rotated.nd2","Layer 1","dACC_v17_ FISH-IF v2.4.4","2179","5500","5525","3627","3651","0","0","0","0","1","1","3347.1172","0","354.1702","0","0","0","0","0","0","0","0","0","0","0","0","0","0","0","0","0","0","0","0","92.29199","69.50668","22.785305","20.596624","0.908606"
"D:\HAA\dACC revisions\Run 4\Br2720_dACC_20x_img_020-MaxIP-Stitched_unmixed_rotated.nd2","Layer 1","dACC_v17_ FISH-IF v2.4.4","2180","5408","5439","3629","3654","0","0","0","0","1","1","1080.5721","0","185.87128","0","0","0","0","0","1","0.828557","0","622.70624","751.55554","0","0","0","0","0","2","1.196804","0","592.0957","494.73077","109.50755","80.46204","29.04551","25.74578","0.68984"
"D:\HAA\dACC revisions\Run 4\Br2720_dACC_20x_img_020-MaxIP-Stitched_unmixed_rotated.nd2","Layer 1","dACC_v17_ FISH-IF v2.4.4","2181","5643","5674","3669","3691","0","0","0","0","1","1","1175.7299","0","184.82356","0","0","0","0","0","0","0","0","0","0","0","0","0","0","0","0","0","0","0","0","95.23797","74.61612","20.621851","23.171202","0.606634"
"D:\HAA\dACC revisions\Run 4\Br2720_dACC_20x_img_020-MaxIP-Stitched_unmixed_rotated.nd2","Layer 1","dACC_v17_ FISH-IF v2.4.4","2182","5490","5520","3675","3698","0","0","0","0","1","1","2262.9495","0","342.5662","0","0","0","0","0","0","0","0","0","0","0","0","0","0","0","0","0","0","0","0","100.99184","75.44467","25.54716","23.171202","0.691897"
"D:\HAA\dACC revisions\Run 4\Br2720_dACC_20x_img_020-MaxIP-Stitched_unmixed_rotated.nd2","Layer 1","dACC_v17_ FISH-IF v2.4.4","2183","5546","5570","3703","3733","0","0","0","0","1","1","2669.725","0","393.7515","0","0","0","0","0","0","0","0","0","0","0","0","0","0","0","0","0","0","0","0","107.57426","77.60812","29.966127","25.316685","0.713912"
"D:\HAA\dACC revisions\Run 4\Br2720_dACC_20x_img_020-MaxIP-Stitched_unmixed_rotated.nd2","Layer 1","dACC_v17_ FISH-IF v2.4.4","2184","5546","5571","3734","3759","0","0","0","0","1","1","2902.135","0","408.76138","0","0","0","0","0","0","0","0","0","0","0","0","0","0","0","0","0","0","0","0","92.19993","68.67813","23.5218","21.883913","0.844864"
"D:\HAA\dACC revisions\Run 4\Br2720_dACC_20x_img_020-MaxIP-Stitched_unmixed_rotated.nd2","Layer 1","dACC_v17_ FISH-IF v2.4.4","2185","5515","5537","3748","3762","0","0","0","0","1","1","1488.091","0","877.1967","0","0","0","0","0","0","0","0","0","0","0","0","0","0","0","0","0","0","0","0","43.63731","39.08025","4.557061","11.156505","0.477163"
"D:\HAA\dACC revisions\Run 4\Br2720_dACC_20x_img_020-MaxIP-Stitched_unmixed_rotated.nd2","Layer 1","dACC_v17_ FISH-IF v2.4.4","2186","5511","5535","3759","3785","0","0","0","0","1","1","3123.25","0","635.65314","0","0","0","0","0","0","0","0","0","0","0","0","0","0","0","1","1.242835","0","551.7726","443.96295","87.182556","57.72277","29.459787","24.887589","0.835417"
"D:\HAA\dACC revisions\Run 4\Br2720_dACC_20x_img_020-MaxIP-Stitched_unmixed_rotated.nd2","Layer 1","dACC_v17_ FISH-IF v2.4.4","2187","5499","5513","3764","3780","0","0","0","0","1","1","2346.2913","0","680.57574","0","0","0","0","0","0","0","0","0","0","0","0","0","0","0","0","0","0","0","0","34.01685","30.380405","3.636442","8.367378","0.592313"
"D:\HAA\dACC revisions\Run 4\Br2720_dACC_20x_img_020-MaxIP-Stitched_unmixed_rotated.nd2","Layer 1","dACC_v17_ FISH-IF v2.4.4","2188","2258","2284","3404","3428","0","0","0","0","1","1","509.77078","0","160.80183","0","0","0","0","0","0","0","0","0","0","0","0","0","0","0","0","0","0","0","0","92.84436","70.151115","22.693243","21.02572","0.8175"
"D:\HAA\dACC revisions\Run 4\Br2720_dACC_20x_img_020-MaxIP-Stitched_unmixed_rotated.nd2","Layer 1","dACC_v17_ FISH-IF v2.4.4","2189","2388","2422","3405","3432","0","0","0","0","1","1","2922.756","0","461.96106","0","0","0","0","0","0","0","0","0","0","0","0","0","0","0","0","0","0","0","0","111.85513","79.21921","32.63592","30.036743","0.598245"
"D:\HAA\dACC revisions\Run 4\Br2720_dACC_20x_img_020-MaxIP-Stitched_unmixed_rotated.nd2","Layer 1","dACC_v17_ FISH-IF v2.4.4","2190","2485","2518","3414","3439","0","1","0","0","1","1","1891.9924","0","319.16107","0","0","0","0","0","0","0","0","0","0","13","12.198194","2","11915.886","976.8566","0","0","0","0","0","123.36286","86.58415","36.7787","27.891262","0.71739"
"D:\HAA\dACC revisions\Run 4\Br2720_dACC_20x_img_020-MaxIP-Stitched_unmixed_rotated.nd2","Layer 1","dACC_v17_ FISH-IF v2.4.4","2191","2435","2463","3428","3459","0","0","0","0","1","1","2736.8718","0","400.60098","0","0","0","0","0","0","0","0","0","0","0","0","0","0","0","0","0","0","0","0","118.62167","83.40802","35.213654","27.891262","0.708457"
"D:\HAA\dACC revisions\Run 4\Br2720_dACC_20x_img_020-MaxIP-Stitched_unmixed_rotated.nd2","Layer 1","dACC_v17_ FISH-IF v2.4.4","2192","2512","2532","3453","3473","0","0","0","0","1","1","856.31055","0","137.18373","0","0","0","0","0","0","0","0","0","0","0","0","0","0","0","0","0","0","0","0","57.768803","50.357822","7.410978","12.014698","0.756479"
"D:\HAA\dACC revisions\Run 4\Br2720_dACC_20x_img_020-MaxIP-Stitched_unmixed_rotated.nd2","Layer 1","dACC_v17_ FISH-IF v2.4.4","2193","2448","2473","3457","3482","0","0","0","0","1","1","3018.951","0","425.0898","0","0","0","0","0","0","0","0","0","0","0","0","0","0","0","0","0","0","0","0","89.76029","68.17179","21.588501","20.167528","0.851657"
"D:\HAA\dACC revisions\Run 4\Br2720_dACC_20x_img_020-MaxIP-Stitched_unmixed_rotated.nd2","Layer 1","dACC_v17_ FISH-IF v2.4.4","2194","2261","2293","3489","3519","0","0","0","0","1","1","1826.9603","0","304.1915","0","0","0","0","0","0","0","0","0","0","0","0","0","0","0","1","0.322216","0","138.78322","430.7143","145.64183","91.095184","54.54664","33.040417","0.848043"
"D:\HAA\dACC revisions\Run 4\Br2720_dACC_20x_img_020-MaxIP-Stitched_unmixed_rotated.nd2","Layer 1","dACC_v17_ FISH-IF v2.4.4","2195","2487","2513","3489","3514","0","0","0","0","1","1","3520.958","0","465.1995","0","0","0","0","0","0","0","0","0","0","0","0","0","0","0","0","0","0","0","0","98.36807","73.14313","25.224943","22.31301","0.805184"
"D:\HAA\dACC revisions\Run 4\Br2720_dACC_20x_img_020-MaxIP-Stitched_unmixed_rotated.nd2","Layer 1","dACC_v17_ FISH-IF v2.4.4","2196","2236","2262","3493","3522","0","0","0","0","1","1","2968.1672","0","389.5771","0","0","0","0","0","0","0","0","0","0","0","0","0","0","0","0","0","0","0","0","107.89647","74.339935","33.556538","25.74578","0.855225"
"D:\HAA\dACC revisions\Run 4\Br2720_dACC_20x_img_020-MaxIP-Stitched_unmixed_rotated.nd2","Layer 1","dACC_v17_ FISH-IF v2.4.4","2197","2607","2634","3498","3522","0","0","0","0","1","1","2265.8965","0","364.69012","0","0","0","0","0","0","0","0","0","0","0","0","0","0","0","1","0.736495","0","361.71094","491.125","89.99044","69.966995","20.023449","21.883913","0.694096"
"D:\HAA\dACC revisions\Run 4\Br2720_dACC_20x_img_020-MaxIP-Stitched_unmixed_rotated.nd2","Layer 1","dACC_v17_ FISH-IF v2.4.4","2198","2330","2355","3511","3540","0","0","0","0","1","1","3213.8406","0","319.27106","0","0","0","0","0","0","0","0","0","0","0","0","0","0","0","0","0","0","0","0","108.21869","77.60812","30.61056","24.458492","0.838342"
"D:\HAA\dACC revisions\Run 4\Br2720_dACC_20x_img_020-MaxIP-Stitched_unmixed_rotated.nd2","Layer 1","dACC_v17_ FISH-IF v2.4.4","2199","2599","2639","3537","3569","0","0","0","0","1","1","1880.8597","0","256.47226","0","0","0","0","0","0","0","0","0","0","0","0","0","0","0","0","0","0","0","0","166.4478","107.02188","59.425915","39.047768","0.675652"
"D:\HAA\dACC revisions\Run 4\Br2720_dACC_20x_img_020-MaxIP-Stitched_unmixed_rotated.nd2","Layer 1","dACC_v17_ FISH-IF v2.4.4","2200","2564","2591","3567","3593","0","1","0","0","1","1","3119.8323","0","313.3922","0","0","0","0","0","0","0","0","0","0","10","9.06809","2","6928.3438","764.0355","3","1.841237","0","862.84955","468.625","103.753685","72.176476","31.57721","24.887589","0.830709"
"D:\HAA\dACC revisions\Run 4\Br2720_dACC_20x_img_020-MaxIP-Stitched_unmixed_rotated.nd2","Layer 1","dACC_v17_ FISH-IF v2.4.4","2201","2541","2564","3569","3596","0","0","0","0","1","1","3292.1372","0","456.3657","0","0","0","0","0","0","0","0","0","0","0","0","0","0","0","1","0.322216","0","139.47368","432.85715","96.89508","68.72416","28.170921","23.600298","0.835774"
"D:\HAA\dACC revisions\Run 4\Br2720_dACC_20x_img_020-MaxIP-Stitched_unmixed_rotated.nd2","Layer 1","dACC_v17_ FISH-IF v2.4.4","2202","2372","2392","3575","3594","0","0","0","0","1","1","2513","0","248.97078","0","0","0","0","0","0","0","0","0","0","0","0","0","0","0","0","0","0","0","0","58.275143","50.403854","7.871287","11.585601","0.843704"
"D:\HAA\dACC revisions\Run 4\Br2720_dACC_20x_img_020-MaxIP-Stitched_unmixed_rotated.nd2","Layer 1","dACC_v17_ FISH-IF v2.4.4","2203","2397","2420","3596","3618","0","0","0","0","1","1","1179.2458","0","236.5701","0","0","0","0","0","0","0","0","0","0","0","0","0","0","0","0","0","0","0","0","73.0971","59.425915","13.671183","16.30566","0.841783"
"D:\HAA\dACC revisions\Run 4\Br2720_dACC_20x_img_020-MaxIP-Stitched_unmixed_rotated.nd2","Layer 1","dACC_v17_ FISH-IF v2.4.4","2204","2536","2560","3611","3634","0","0","0","0","1","1","1307.2635","0","194.13844","0","0","0","0","0","0","0","0","0","0","0","0","0","0","0","0","0","0","0","0","75.67483","61.17509","14.499739","17.59295","0.805904"
"D:\HAA\dACC revisions\Run 4\Br2720_dACC_20x_img_020-MaxIP-Stitched_unmixed_rotated.nd2","Layer 1","dACC_v17_ FISH-IF v2.4.4","2205","2237","2260","3618","3641","0","0","0","0","1","1","2118.7563","0","282.13724","0","0","0","0","0","0","0","0","0","0","0","0","0","0","0","0","0","0","0","0","79.49539","63.06236","16.433037","17.59295","0.816753"
"D:\HAA\dACC revisions\Run 4\Br2720_dACC_20x_img_020-MaxIP-Stitched_unmixed_rotated.nd2","Layer 1","dACC_v17_ FISH-IF v2.4.4","2206","2269","2292","3640","3656","0","0","0","0","1","1","2692.6106","0","376.37015","0","0","0","0","0","0","0","0","0","0","0","0","0","0","0","0","0","0","0","0","59.379883","43.775402","15.604481","16.734756","0.755078"
"D:\HAA\dACC revisions\Run 4\Br2720_dACC_20x_img_020-MaxIP-Stitched_unmixed_rotated.nd2","Layer 1","dACC_v17_ FISH-IF v2.4.4","2207","2213","2245","3650","3678","0","0","0","0","1","1","1995.0211","0","289.0526","0","0","0","0","0","0","0","0","0","0","0","0","0","0","0","0","0","0","0","0","124.97394","85.7556","39.21834","28.749454","0.7964"
"D:\HAA\dACC revisions\Run 4\Br2720_dACC_20x_img_020-MaxIP-Stitched_unmixed_rotated.nd2","Layer 1","dACC_v17_ FISH-IF v2.4.4","2208","2272","2294","3656","3673","0","0","0","0","1","1","2889.4966","0","325.1375","0","0","0","0","0","0","0","0","0","0","0","0","0","0","0","0","0","0","0","0","55.375195","41.842106","13.53309","16.091112","0.68356"
"D:\HAA\dACC revisions\Run 4\Br2720_dACC_20x_img_020-MaxIP-Stitched_unmixed_rotated.nd2","Layer 1","dACC_v17_ FISH-IF v2.4.4","2209","2459","2478","3706","3725","0","0","0","0","1","1","356.76923","0","131.24828","0","0","0","0","0","0","0","0","0","0","0","0","0","0","0","1","1.657113","0","940.54974","567.5833","52.705402","46.721382","5.984019","10.298312","0.874735"
"D:\HAA\dACC revisions\Run 4\Br2720_dACC_20x_img_020-MaxIP-Stitched_unmixed_rotated.nd2","Layer 1","dACC_v17_ FISH-IF v2.4.4","2210","2450","2472","3727","3751","0","0","0","0","1","1","1823.881","0","250.70686","0","0","0","0","0","0","0","0","0","0","0","0","0","0","0","0","0","0","0","0","74.61612","60.300503","14.315616","17.163853","0.83064"
"D:\HAA\dACC revisions\Run 4\Br2720_dACC_20x_img_020-MaxIP-Stitched_unmixed_rotated.nd2","Layer 1","dACC_v17_ FISH-IF v2.4.4","2211","2555","2583","3727","3751","0","0","0","0","1","1","2948.0642","0","432.04233","0","0","0","0","0","0","0","0","0","0","0","0","0","0","0","0","0","0","0","0","99.79503","73.97169","25.823345","22.31301","0.784019"
"D:\HAA\dACC revisions\Run 4\Br2720_dACC_20x_img_020-MaxIP-Stitched_unmixed_rotated.nd2","Layer 1","dACC_v17_ FISH-IF v2.4.4","2212","2209","2235","3738","3763","0","0","0","0","1","1","1226.448","0","246.75368","0","0","0","0","0","0","0","0","0","0","2","2.255515","0","1782.5472","790.30615","0","0","0","0","0","87.366684","68.77019","18.59649","21.02572","0.646801"
"D:\HAA\dACC revisions\Run 4\Br2720_dACC_20x_img_020-MaxIP-Stitched_unmixed_rotated.nd2","Layer 1","dACC_v17_ FISH-IF v2.4.4","2213","2478","2510","3747","3772","0","0","1","0","1","1","2467.948","0","440.3526","0","0","0","0","0","0","0","0","0","0","0","0","0","0","0","24","48.976894","3","33984.67","693.8919","114.018585","80.416016","33.60257","26.603973","0.720009"
"D:\HAA\dACC revisions\Run 4\Br2720_dACC_20x_img_020-MaxIP-Stitched_unmixed_rotated.nd2","Layer 1","dACC_v17_ FISH-IF v2.4.4","2214","2289","2319","3754","3788","0","0","0","0","1","1","2909.6775","0","575.26697","0","0","0","0","0","0","0","0","0","0","0","0","0","0","0","0","0","0","0","0","140.76254","97.07921","43.683342","33.469513","0.698254"
"D:\HAA\dACC revisions\Run 4\Br2720_dACC_20x_img_020-MaxIP-Stitched_unmixed_rotated.nd2","Layer 1","dACC_v17_ FISH-IF v2.4.4","2215","2507","2529","3756","3779","0","0","1","0","1","1","3091.6294","0","427.18607","0","0","0","0","0","0","0","0","0","0","0","0","0","0","0","4","7.180823","1","3702.543","515.61536","76.77957","56.15772","20.621851","21.669365","0.636163"
"D:\HAA\dACC revisions\Run 4\Br2720_dACC_20x_img_020-MaxIP-Stitched_unmixed_rotated.nd2","Layer 1","dACC_v17_ FISH-IF v2.4.4","2216","2530","2544","3759","3775","0","0","0","0","1","1","2478.9177","0","407.311","0","0","0","0","0","0","0","0","0","0","0","0","0","0","0","0","0","0","0","0","36.916798","33.00417","3.912628","9.225572","0.573427"
"D:\HAA\dACC revisions\Run 4\Br2720_dACC_20x_img_020-MaxIP-Stitched_unmixed_rotated.nd2","Layer 1","dACC_v17_ FISH-IF v2.4.4","2217","2570","2590","3774","3796","0","0","0","0","1","1","2257.3652","0","256.62003","0","0","0","0","0","0","0","0","0","0","0","0","0","0","0","0","0","0","0","0","64.35122","54.27045","10.08077","13.731083","0.830477"
"D:\HAA\dACC revisions\Run 4\Br2720_dACC_20x_img_020-MaxIP-Stitched_unmixed_rotated.nd2","Layer 1","dACC_v17_ FISH-IF v2.4.4","2218","2209","2238","3785","3813","0","0","0","0","1","1","2608.624","0","382.31885","0","0","0","0","0","0","0","0","0","0","0","0","0","0","0","0","0","0","0","0","107.298065","72.03838","35.25968","26.603973","0.836878"
"D:\HAA\dACC revisions\Run 4\Br2720_dACC_20x_img_020-MaxIP-Stitched_unmixed_rotated.nd2","Layer 1","dACC_v17_ FISH-IF v2.4.4","2219","3715","3739","3413","3438","0","0","0","1","1","1","2388.172","0","497.95996","5","10.955359","1","13220.908","1206.7983","0","0","0","0","0","0","0","0","0","0","0","0","0","0","0","80.96838","64.397255","16.57113","18.88024","0.76169"
"D:\HAA\dACC revisions\Run 4\Br2720_dACC_20x_img_020-MaxIP-Stitched_unmixed_rotated.nd2","Layer 1","dACC_v17_ FISH-IF v2.4.4","2220","3601","3625","3418","3445","0","0","0","0","1","1","2235.3284","0","376.17255","3","4.557061","0","4156.73","912.1515","0","0","0","0","0","1","0.690464","0","481.25323","697","1","0.920618","0","560.05817","486.68","96.02049","71.7622","24.258293","21.454817","0.840036"
"D:\HAA\dACC revisions\Run 4\Br2720_dACC_20x_img_020-MaxIP-Stitched_unmixed_rotated.nd2","Layer 1","dACC_v17_ FISH-IF v2.4.4","2221","3558","3586","3471","3491","0","0","0","0","1","1","2090.6648","0","238.33537","0","0","0","0","0","0","0","0","0","0","0","0","0","0","0","0","0","0","0","0","83.454056","67.941635","15.512419","19.309336","0.588543"
"D:\HAA\dACC revisions\Run 4\Br2720_dACC_20x_img_020-MaxIP-Stitched_unmixed_rotated.nd2","Layer 1","dACC_v17_ FISH-IF v2.4.4","2222","3765","3791","3487","3509","0","0","0","0","1","1","2405.4465","0","302.11234","0","0","0","0","0","0","0","0","0","0","0","0","0","0","0","0","0","0","0","0","85.341324","66.79086","18.550459","19.309336","0.731167"
"D:\HAA\dACC revisions\Run 4\Br2720_dACC_20x_img_020-MaxIP-Stitched_unmixed_rotated.nd2","Layer 1","dACC_v17_ FISH-IF v2.4.4","2223","3455","3476","3490","3519","0","0","0","1","1","1","1665.8224","0","270.76697","4","7.088761","1","6972.119","983.5455","0","0","0","0","0","0","0","0","0","0","0","0","0","0","0","91.601524","71.90029","19.701233","20.596624","0.684251"
"D:\HAA\dACC revisions\Run 4\Br2720_dACC_20x_img_020-MaxIP-Stitched_unmixed_rotated.nd2","Layer 1","dACC_v17_ FISH-IF v2.4.4","2224","3413","3443","3498","3525","0","1","1","0","1","1","2272.7646","0","319.97733","1","1.288866","0","1065.1554","826.4286","0","0","0","0","0","20","20.667881","3","18166.377","878.9666","22","39.12628","3","28224.18","710.4948","115.99791","81.19854","34.799374","26.174877","0.834255"
"D:\HAA\dACC revisions\Run 4\Br2720_dACC_20x_img_020-MaxIP-Stitched_unmixed_rotated.nd2","Layer 1","dACC_v17_ FISH-IF v2.4.4","2225","3641","3665","3500","3522","0","0","0","1","1","1","2264.818","0","459.19342","4","7.687163","1","7570.613","984.8383","0","0","0","0","0","0","0","0","0","0","0","0","0","0","0","82.30328","58.781483","23.5218","22.742105","0.716218"
"D:\HAA\dACC revisions\Run 4\Br2720_dACC_20x_img_020-MaxIP-Stitched_unmixed_rotated.nd2","Layer 1","dACC_v17_ FISH-IF v2.4.4","2226","3742","3763","3504","3529","0","0","1","0","1","1","814.0808","0","162.32999","0","0","0","0","0","1","0.552371","0","450.32047","698.7857","1","0.552371","0","341.8256","618.8333","9","17.998089","1","10685.663","593.711","82.30328","54.960915","27.342365","23.171202","0.772553"
"D:\HAA\dACC revisions\Run 4\Br2720_dACC_20x_img_020-MaxIP-Stitched_unmixed_rotated.nd2","Layer 1","dACC_v17_ FISH-IF v2.4.4","2227","3724","3741","3504","3527","0","0","1","0","1","1","810.48303","0","135.14131","0","0","0","0","0","1","0.690464","0","431.07953","624.3333","1","0.782526","0","534.0507","682.4706","10","20.207573","2","14232.161","704.2984","58.64339","42.348446","16.294945","17.163853","0.743022"
"D:\HAA\dACC revisions\Run 4\Br2720_dACC_20x_img_020-MaxIP-Stitched_unmixed_rotated.nd2","Layer 1","dACC_v17_ FISH-IF v2.4.4","2228","3690","3711","3508","3531","0","0","0","0","1","1","1580.3495","0","195.73108","0","0","0","0","0","0","0","0","0","0","0","0","0","0","0","1","1.51902","0","795.3682","523.6061","70.74952","58.367203","12.382317","15.447468","0.800524"
"D:\HAA\dACC revisions\Run 4\Br2720_dACC_20x_img_020-MaxIP-Stitched_unmixed_rotated.nd2","Layer 1","dACC_v17_ FISH-IF v2.4.4","2229","3642","3661","3523","3537","0","0","0","0","1","1","1565.2084","0","494.42798","0","0","0","0","0","0","0","0","0","0","0","0","0","0","0","1","1.104742","0","567.65326","513.8333","38.29772","33.878754","4.418968","10.941957","0.559469"
"D:\HAA\dACC revisions\Run 4\Br2720_dACC_20x_img_020-MaxIP-Stitched_unmixed_rotated.nd2","Layer 1","dACC_v17_ FISH-IF v2.4.4","2230","3593","3617","3529","3554","0","0","0","0","1","1","1148.9648","0","188.2033","0","0","0","0","0","0","0","0","0","0","0","0","0","0","0","2","1.749175","0","864.6448","494.3158","86.90637","67.25117","19.655201","19.738432","0.792704"
"D:\HAA\dACC revisions\Run 4\Br2720_dACC_20x_img_020-MaxIP-Stitched_unmixed_rotated.nd2","Layer 1","dACC_v17_ FISH-IF v2.4.4","2231","3735","3762","3571","3597","0","0","0","0","1","1","3012.1167","0","382.36597","0","0","0","0","0","0","0","0","0","0","0","0","0","0","0","0","0","0","0","0","100.66962","73.833595","26.836025","23.171202","0.860866"
"D:\HAA\dACC revisions\Run 4\Br2720_dACC_20x_img_020-MaxIP-Stitched_unmixed_rotated.nd2","Layer 1","dACC_v17_ FISH-IF v2.4.4","2232","3483","3513","3584","3609","0","0","0","0","1","1","2144.2366","0","272.1045","0","0","0","0","0","0","0","0","0","0","0","0","0","0","0","0","0","0","0","0","105.50286","77.10178","28.401075","24.243944","0.77586"
"D:\HAA\dACC revisions\Run 4\Br2720_dACC_20x_img_020-MaxIP-Stitched_unmixed_rotated.nd2","Layer 1","dACC_v17_ FISH-IF v2.4.4","2233","3431","3462","3614","3642","0","1","1","0","1","1","2373.592","0","293.9189","0","0","0","0","0","0","0","0","0","0","10","9.114121","2","8537.953","936.78284","29","50.265762","3","40797.754","811.64105","120.785126","84.006424","36.7787","27.891262","0.777556"
"D:\HAA\dACC revisions\Run 4\Br2720_dACC_20x_img_020-MaxIP-Stitched_unmixed_rotated.nd2","Layer 1","dACC_v17_ FISH-IF v2.4.4","2234","3734","3758","3640","3666","0","0","0","0","1","1","1929.5242","0","350.8434","3","5.753865","0","5744.5664","998.384","0","0","0","0","0","0","0","0","0","0","0","0","0","0","0","95.23797","71.43999","23.797985","21.454817","0.834285"
"D:\HAA\dACC revisions\Run 4\Br2720_dACC_20x_img_020-MaxIP-Stitched_unmixed_rotated.nd2","Layer 1","dACC_v17_ FISH-IF v2.4.4","2235","3551","3580","3711","3737","0","0","0","0","1","1","2594.9468","0","355.7587","0","0","0","0","0","0","0","0","0","0","0","0","0","0","0","1","1.01268","0","530.5984","523.9545","108.26472","78.02241","30.242313","25.316685","0.792161"
"D:\HAA\dACC revisions\Run 4\Br2720_dACC_20x_img_020-MaxIP-Stitched_unmixed_rotated.nd2","Layer 1","dACC_v17_ FISH-IF v2.4.4","2236","3420","3447","3746","3773","0","0","1","0","1","1","2573.6145","0","399.01773","0","0","0","0","0","0","0","0","0","0","0","0","0","0","0","12","23.475767","2","16661.902","709.749","90.63488","57.07834","33.556538","27.03307","0.818769"
"D:\HAA\dACC revisions\Run 4\Br2720_dACC_20x_img_020-MaxIP-Stitched_unmixed_rotated.nd2","Layer 1","dACC_v17_ FISH-IF v2.4.4","2237","3515","3547","3751","3777","0","0","0","1","1","1","2176.4387","0","352.2699","6","13.02675","1","12929.302","992.5194","0","0","0","0","0","0","0","0","0","0","0","0","0","0","0","118.62167","84.4207","34.200974","28.320358","0.75266"
"D:\HAA\dACC revisions\Run 4\Br2720_dACC_20x_img_020-MaxIP-Stitched_unmixed_rotated.nd2","Layer 1","dACC_v17_ FISH-IF v2.4.4","2238","3674","3699","3776","3800","0","0","0","0","1","1","3149.43","0","393.3614","0","0","0","0","0","0","0","0","0","0","0","0","0","0","0","0","0","0","0","0","86.07781","61.77349","24.304325","21.02572","0.916426"
"D:\HAA\dACC revisions\Run 4\Br2720_dACC_20x_img_020-MaxIP-Stitched_unmixed_rotated.nd2","Layer 1","dACC_v17_ FISH-IF v2.4.4","2239","3510","3543","3788","3811","0","0","0","0","1","1","2238.296","0","443.36652","0","0","0","0","0","0","0","0","0","0","0","0","0","0","0","0","0","0","0","0","108.77106","80.00173","28.769323","25.316685","0.683659"
"D:\HAA\dACC revisions\Run 4\Br2720_dACC_20x_img_020-MaxIP-Stitched_unmixed_rotated.nd2","Layer 1","dACC_v17_ FISH-IF v2.4.4","2240","3716","3740","3791","3821","0","0","0","0","1","1","2850.4832","0","773.2985","0","0","0","0","0","0","0","0","0","0","0","0","0","0","0","1","1.104742","0","494.55618","447.66666","102.69498","64.30519","38.389786","29.17855","0.850674"
"D:\HAA\dACC revisions\Run 4\Br2720_dACC_20x_img_020-MaxIP-Stitched_unmixed_rotated.nd2","Layer 1","dACC_v17_ FISH-IF v2.4.4","2241","3662","3686","3792","3808","0","0","0","0","1","1","2508.17","0","517.1126","0","0","0","0","0","0","0","0","0","0","0","0","0","0","0","0","0","0","0","0","49.759422","33.51051","16.248915","18.665691","0.680658"
"D:\HAA\dACC revisions\Run 4\Br2720_dACC_20x_img_020-MaxIP-Stitched_unmixed_rotated.nd2","Layer 1","dACC_v17_ FISH-IF v2.4.4","2242","3738","3755","3796","3816","0","0","0","0","1","1","2842.5818","0","333.7915","0","0","0","0","0","0","0","0","0","0","0","0","0","0","0","0","0","0","0","0","47.872154","35.76602","12.106132","15.447468","0.709204"
"D:\HAA\dACC revisions\Run 4\Br2720_dACC_20x_img_020-MaxIP-Stitched_unmixed_rotated.nd2","Layer 1","dACC_v17_ FISH-IF v2.4.4","2243","3674","3687","3803","3817","0","0","0","0","1","1","1904.5859","0","1160.0677","0","0","0","0","0","0","0","0","0","0","0","0","0","0","0","0","0","0","0","0","21.266283","8.147472","13.118812","17.59295","0.69345"
"D:\HAA\dACC revisions\Run 4\Br2720_dACC_20x_img_020-MaxIP-Stitched_unmixed_rotated.nd2","Layer 1","dACC_v17_ FISH-IF v2.4.4","2244","3686","3718","3799","3828","0","0","0","0","1","1","2412.4392","0","910.79596","0","0","0","0","0","0","0","0","0","0","0","0","0","0","0","0","0","0","0","0","142.55775","75.58276","66.97498","45.69876","0.630461"
