"Image Location","Analysis Region","Algorithm Name","Object Id","XMin","XMax","YMin","YMax","ADCYAP1+","RORB+","PCP4+","AQP4+","DAPI Positive","DAPI Positive Nucleus","DAPI Nucleus Intensity","DAPI Positive Cytoplasm","DAPI Cytoplasm Intensity","AQP4-520 Copies","AQP4-520 Area (µm²)","AQP4-520 Classification","AQP4-520 Cell Intensity","AQP4-520 Avg Intensity","ADCYAP1-520 Copies","ADCYAP1-520 Area (µm²)","ADCYAP1-520 Classification","ADCYAP1-520 Cell Intensity","ADCYAP1-520 Avg Intensity","RORB-620 Copies","RORB-620 Area (µm²)","RORB-620 Classification","RORB-620 Cell Intensity","RORB-620 Avg Intensity","PCP4-690 Copies","PCP4-690 Area (µm²)","PCP4-690 Classification","PCP4-690 Cell Intensity","PCP4-690 Avg Intensity","Cell Area (µm²)","Cytoplasm Area (µm²)","Nucleus Area (µm²)","Nucleus Perimeter (µm)","Nucleus Roundness"
"D:\HAA\dACC revisions\Run 4\Br6471_dACC_20x_img_021-MaxIP-Stitched_unmixed_rotated.nd2","Layer 1","dACC_v17_ FISH-IF v2.4.4","0","7156","7179","4127","4158","0","0","0","1","1","1","1980.4543","0","373.72507","4","14.683863","1","17781.283","1210.9404","0","0","0","0","0","0","0","0","0","0","1","2.301546","0","1052.0366","457.1","103.753685","78.02241","25.731283","24.458492","0.631853"
"D:\HAA\dACC revisions\Run 4\Br6471_dACC_20x_img_021-MaxIP-Stitched_unmixed_rotated.nd2","Layer 1","dACC_v17_ FISH-IF v2.4.4","1","7323","7355","4146","4179","0","0","0","0","1","1","1275.6232","0","208.8159","0","0","0","0","0","0","0","0","0","0","0","0","0","0","0","0","0","0","0","0","138.96735","93.76498","45.202362","33.469513","0.721316"
"D:\HAA\dACC revisions\Run 4\Br6471_dACC_20x_img_021-MaxIP-Stitched_unmixed_rotated.nd2","Layer 1","dACC_v17_ FISH-IF v2.4.4","2","7424","7443","4171","4193","0","0","0","0","1","1","748.6316","0","171.12796","0","0","0","0","0","0","0","0","0","0","0","0","0","0","0","0","0","0","0","0","61.26715","52.52128","8.745874","12.87289","0.780482"
"D:\HAA\dACC revisions\Run 4\Br6471_dACC_20x_img_021-MaxIP-Stitched_unmixed_rotated.nd2","Layer 1","dACC_v17_ FISH-IF v2.4.4","3","7031","7069","4202","4232","0","0","0","0","1","1","1439.182","0","311.04782","0","0","0","0","0","0","0","0","0","0","0","0","0","0","0","0","0","0","0","0","155.17023","101.037865","54.13236","35.614998","0.684845"
"D:\HAA\dACC revisions\Run 4\Br6471_dACC_20x_img_021-MaxIP-Stitched_unmixed_rotated.nd2","Layer 1","dACC_v17_ FISH-IF v2.4.4","4","7208","7228","4214","4240","0","0","0","0","1","1","1258.839","0","201.48535","2","2.439639","0","1872.814","767.6604","0","0","0","0","0","0","0","0","0","0","0","0","0","0","0","77.74622","62.878235","14.867987","17.163853","0.712418"
"D:\HAA\dACC revisions\Run 4\Br6471_dACC_20x_img_021-MaxIP-Stitched_unmixed_rotated.nd2","Layer 1","dACC_v17_ FISH-IF v2.4.4","5","7308","7329","4215","4238","0","0","0","0","1","1","1219.0414","0","203.78639","0","0","0","0","0","0","0","0","0","0","0","0","0","0","0","0","0","0","0","0","73.28122","58.82751","14.453708","16.734756","0.791283"
"D:\HAA\dACC revisions\Run 4\Br6471_dACC_20x_img_021-MaxIP-Stitched_unmixed_rotated.nd2","Layer 1","dACC_v17_ FISH-IF v2.4.4","6","7391","7413","4236","4259","0","0","0","0","1","1","1671.0358","0","232.46361","0","0","0","0","0","0","0","0","0","0","0","0","0","0","0","0","0","0","0","0","71.07174","58.18308","12.888657","15.876565","0.846893"
"D:\HAA\dACC revisions\Run 4\Br6471_dACC_20x_img_021-MaxIP-Stitched_unmixed_rotated.nd2","Layer 1","dACC_v17_ FISH-IF v2.4.4","7","7307","7338","4237","4265","0","0","0","0","1","1","1821.6814","0","282.4729","0","0","0","0","0","0","0","0","0","0","0","0","0","0","0","0","0","0","0","0","123.685074","83.2239","40.461178","27.891262","0.890058"
"D:\HAA\dACC revisions\Run 4\Br6471_dACC_20x_img_021-MaxIP-Stitched_unmixed_rotated.nd2","Layer 1","dACC_v17_ FISH-IF v2.4.4","8","7167","7195","4252","4287","0","0","0","1","1","1","1654.3577","0","284.182","12","27.894735","2","55644.844","1994.8152","0","0","0","0","0","1","0.782526","0","526.8699","673.2941","0","0","0","0","0","124.51363","90.542816","33.970818","31.324034","0.613439"
"D:\HAA\dACC revisions\Run 4\Br6471_dACC_20x_img_021-MaxIP-Stitched_unmixed_rotated.nd2","Layer 1","dACC_v17_ FISH-IF v2.4.4","9","7060","7085","4273","4302","0","0","0","1","1","1","1220.8793","0","235.61336","8","18.780615","1","28374.424","1510.8358","1","1.334897","0","1053.3254","789.069","0","0","0","0","0","0","0","0","0","0","101.037865","75.12246","25.915407","24.029396","0.745026"
"D:\HAA\dACC revisions\Run 4\Br6471_dACC_20x_img_021-MaxIP-Stitched_unmixed_rotated.nd2","Layer 1","dACC_v17_ FISH-IF v2.4.4","10","7136","7160","4283","4319","0","0","0","1","1","1","1308.1522","0","223.04643","13","29.828035","2","61578.64","2064.4553","0","0","0","0","0","3","2.439639","0","2005.1068","821.8868","0","0","0","0","0","117.33281","89.20792","28.124891","30.036743","0.564242"
"D:\HAA\dACC revisions\Run 4\Br6471_dACC_20x_img_021-MaxIP-Stitched_unmixed_rotated.nd2","Layer 1","dACC_v17_ FISH-IF v2.4.4","11","7101","7123","4291","4320","0","0","0","1","1","1","1057.8429","0","206.04828","5","14.591801","1","17816.268","1220.9779","0","0","0","0","0","0","0","0","0","0","0","0","0","0","0","95.974464","73.41931","22.55515","21.454817","0.717313"
"D:\HAA\dACC revisions\Run 4\Br6471_dACC_20x_img_021-MaxIP-Stitched_unmixed_rotated.nd2","Layer 1","dACC_v17_ FISH-IF v2.4.4","12","7221","7247","4304","4330","0","0","0","0","1","1","1251.6436","0","219.40146","2","3.544381","0","3038.501","835.56964","0","0","0","0","0","0","0","0","0","0","0","0","0","0","0","88.83967","69.59875","19.240923","21.454817","0.655026"
"D:\HAA\dACC revisions\Run 4\Br6471_dACC_20x_img_021-MaxIP-Stitched_unmixed_rotated.nd2","Layer 1","dACC_v17_ FISH-IF v2.4.4","13","7117","7150","4326","4360","0","0","0","0","1","1","1361.8579","0","239.53847","0","0","0","0","0","0","0","0","0","0","0","0","0","0","0","0","0","0","0","0","153.5131","98.13792","55.375195","34.756805","0.771026"
"D:\HAA\dACC revisions\Run 4\Br6471_dACC_20x_img_021-MaxIP-Stitched_unmixed_rotated.nd2","Layer 1","dACC_v17_ FISH-IF v2.4.4","14","7150","7174","4336","4370","0","0","0","1","1","1","1633.5128","0","333.81204","10","22.463087","2","37324.676","1661.6005","0","0","0","0","0","2","1.288866","0","1564.0386","894.1579","0","0","0","0","0","113.88049","83.26993","30.61056","26.603973","0.638208"
"D:\HAA\dACC revisions\Run 4\Br6471_dACC_20x_img_021-MaxIP-Stitched_unmixed_rotated.nd2","Layer 1","dACC_v17_ FISH-IF v2.4.4","15","7039","7070","4346","4375","0","0","0","1","1","1","1257.7339","0","283.12488","10","26.882055","2","55622.703","2048.0967","0","0","0","0","0","0","0","0","0","0","0","0","0","0","0","123.08667","85.89369","37.19298","29.17855","0.765374"
"D:\HAA\dACC revisions\Run 4\Br6471_dACC_20x_img_021-MaxIP-Stitched_unmixed_rotated.nd2","Layer 1","dACC_v17_ FISH-IF v2.4.4","16","7081","7105","4354","4381","0","0","0","0","1","1","1166.1018","0","209.50128","0","0","0","0","0","0","0","0","0","0","0","0","0","0","0","0","0","0","0","0","96.94111","72.08442","24.856695","21.454817","0.839071"
"D:\HAA\dACC revisions\Run 4\Br6471_dACC_20x_img_021-MaxIP-Stitched_unmixed_rotated.nd2","Layer 1","dACC_v17_ FISH-IF v2.4.4","17","7282","7309","4357","4386","0","0","0","0","1","1","843.8443","0","196.64668","0","0","0","0","0","0","0","0","0","0","0","0","0","0","0","0","0","0","0","0","110.01389","79.86364","30.150251","25.96033","0.708585"
"D:\HAA\dACC revisions\Run 4\Br6471_dACC_20x_img_021-MaxIP-Stitched_unmixed_rotated.nd2","Layer 1","dACC_v17_ FISH-IF v2.4.4","18","7035","7064","4375","4409","0","0","0","1","1","1","979.4457","0","207.15836","7","15.282265","1","21420.395","1401.6506","0","0","0","0","0","0","0","0","0","0","0","0","0","0","0","131.87859","89.530136","42.348446","30.894936","0.758077"
"D:\HAA\dACC revisions\Run 4\Br6471_dACC_20x_img_021-MaxIP-Stitched_unmixed_rotated.nd2","Layer 1","dACC_v17_ FISH-IF v2.4.4","19","7269","7296","4390","4415","0","0","0","0","1","1","1959.6602","0","368.1565","0","0","0","0","0","0","0","0","0","0","0","0","0","0","0","0","0","0","0","0","99.10457","73.23519","25.869375","22.31301","0.85791"
"D:\HAA\dACC revisions\Run 4\Br6471_dACC_20x_img_021-MaxIP-Stitched_unmixed_rotated.nd2","Layer 1","dACC_v17_ FISH-IF v2.4.4","20","7377","7395","4392","4411","0","0","0","0","1","1","411.3063","0","114.82323","0","0","0","0","0","0","0","0","0","0","0","0","0","0","0","0","0","0","0","0","49.897514","44.788082","5.109432","9.44012","0.895724"
"D:\HAA\dACC revisions\Run 4\Br6471_dACC_20x_img_021-MaxIP-Stitched_unmixed_rotated.nd2","Layer 1","dACC_v17_ FISH-IF v2.4.4","21","7212","7231","4398","4417","0","0","0","0","1","1","783.5101","0","136.21938","0","0","0","0","0","0","0","0","0","0","0","0","0","0","0","0","0","0","0","0","55.329163","48.470554","6.858607","10.727408","0.898192"
"D:\HAA\dACC revisions\Run 4\Br6471_dACC_20x_img_021-MaxIP-Stitched_unmixed_rotated.nd2","Layer 1","dACC_v17_ FISH-IF v2.4.4","22","7407","7435","4404","4429","0","0","0","0","1","1","1447.1066","0","227.34698","0","0","0","0","0","0","0","0","0","0","0","0","0","0","0","0","0","0","0","0","98.78235","74.15581","24.626541","23.171202","0.720248"
"D:\HAA\dACC revisions\Run 4\Br6471_dACC_20x_img_021-MaxIP-Stitched_unmixed_rotated.nd2","Layer 1","dACC_v17_ FISH-IF v2.4.4","23","7370","7390","4420","4451","0","0","0","0","1","1","1279.7892","0","274.21393","0","0","0","0","0","0","0","0","0","0","0","0","0","0","0","0","0","0","0","0","84.650856","63.476635","21.174223","27.03307","0.493961"
"D:\HAA\dACC revisions\Run 4\Br6471_dACC_20x_img_021-MaxIP-Stitched_unmixed_rotated.nd2","Layer 1","dACC_v17_ FISH-IF v2.4.4","24","7391","7408","4420","4446","0","0","0","0","1","1","1420.4338","0","279.4249","0","0","0","0","0","0","0","0","0","0","0","0","0","0","0","0","0","0","0","0","64.7655","48.424526","16.340975","19.738432","0.63212"
"D:\HAA\dACC revisions\Run 4\Br6471_dACC_20x_img_021-MaxIP-Stitched_unmixed_rotated.nd2","Layer 1","dACC_v17_ FISH-IF v2.4.4","25","7380","7399","4444","4465","0","0","0","0","1","1","751.7101","0","243.4924","0","0","0","0","0","0","0","0","0","0","0","0","0","0","0","0","0","0","0","0","56.20375","48.424526","7.779225","12.014698","0.747709"
"D:\HAA\dACC revisions\Run 4\Br6471_dACC_20x_img_021-MaxIP-Stitched_unmixed_rotated.nd2","Layer 1","dACC_v17_ FISH-IF v2.4.4","26","7397","7416","4452","4482","0","0","0","0","1","1","854.2289","0","208.13298","0","0","0","0","0","0","0","0","0","0","0","0","0","0","0","0","0","0","0","0","86.12385","69.2305","16.893347","19.95298","0.579962"
"D:\HAA\dACC revisions\Run 4\Br6471_dACC_20x_img_021-MaxIP-Stitched_unmixed_rotated.nd2","Layer 1","dACC_v17_ FISH-IF v2.4.4","27","7373","7397","4464","4484","0","0","0","0","1","1","1554.6481","0","528.7803","0","0","0","0","0","0","0","0","0","0","0","0","0","0","0","0","0","0","0","0","70.979675","52.797462","18.182213","19.95298","0.75731"
"D:\HAA\dACC revisions\Run 4\Br6471_dACC_20x_img_021-MaxIP-Stitched_unmixed_rotated.nd2","Layer 1","dACC_v17_ FISH-IF v2.4.4","28","7373","7398","4483","4498","0","0","0","0","1","1","1242.8336","0","396.53342","0","0","0","0","0","0","0","0","0","0","0","0","0","0","0","0","0","0","0","0","57.538647","35.12159","22.417057","21.454817","0.725278"
"D:\HAA\dACC revisions\Run 4\Br6471_dACC_20x_img_021-MaxIP-Stitched_unmixed_rotated.nd2","Layer 1","dACC_v17_ FISH-IF v2.4.4","29","7354","7376","4484","4515","0","0","0","0","1","1","911.60297","0","286.6969","0","0","0","0","0","0","0","0","0","0","0","0","0","0","0","0","0","0","0","0","100.62359","69.55272","31.07087","28.749454","0.530264"
"D:\HAA\dACC revisions\Run 4\Br6471_dACC_20x_img_021-MaxIP-Stitched_unmixed_rotated.nd2","Layer 1","dACC_v17_ FISH-IF v2.4.4","30","7376","7398","4498","4525","0","0","0","0","1","1","1251.1099","0","317.48138","0","0","0","0","0","0","0","0","0","0","0","0","0","0","0","0","0","0","0","0","82.85565","58.13705","24.718603","24.67304","0.53176"
"D:\HAA\dACC revisions\Run 4\Br6471_dACC_20x_img_021-MaxIP-Stitched_unmixed_rotated.nd2","Layer 1","dACC_v17_ FISH-IF v2.4.4","31","7354","7374","4516","4538","0","0","0","0","1","1","895.5166","0","279.37454","0","0","0","0","0","0","0","0","0","0","0","0","0","0","0","0","0","0","0","0","68.632095","50.63401","17.998089","19.523884","0.617301"
"D:\HAA\dACC revisions\Run 4\Br6471_dACC_20x_img_021-MaxIP-Stitched_unmixed_rotated.nd2","Layer 1","dACC_v17_ FISH-IF v2.4.4","32","7389","7409","4511","4532","0","0","0","0","1","1","1255.3413","0","236.70529","0","0","0","0","0","0","0","0","0","0","0","0","0","0","0","0","0","0","0","0","60.66875","45.294422","15.374327","17.807499","0.620524"
"D:\HAA\dACC revisions\Run 4\Br6471_dACC_20x_img_021-MaxIP-Stitched_unmixed_rotated.nd2","Layer 1","dACC_v17_ FISH-IF v2.4.4","33","7931","7958","4123","4147","0","0","0","0","1","1","794.69556","0","187.25658","0","0","0","0","0","0","0","0","0","0","0","0","0","0","0","0","0","0","0","0","83.77627","57.768803","26.00747","23.171202","0.833832"
"D:\HAA\dACC revisions\Run 4\Br6471_dACC_20x_img_021-MaxIP-Stitched_unmixed_rotated.nd2","Layer 1","dACC_v17_ FISH-IF v2.4.4","34","7926","7946","4137","4156","0","0","0","0","1","1","854.4812","0","187.71046","0","0","0","0","0","0","0","0","0","0","0","0","0","0","0","0","0","0","0","0","48.838802","37.837414","11.00139","14.803823","0.828472"
"D:\HAA\dACC revisions\Run 4\Br6471_dACC_20x_img_021-MaxIP-Stitched_unmixed_rotated.nd2","Layer 1","dACC_v17_ FISH-IF v2.4.4","35","7876","7901","4189","4215","0","0","0","0","1","1","1040.0055","0","216.79034","0","0","0","0","0","0","0","0","0","0","0","0","0","0","0","0","0","0","0","0","97.40142","72.45267","24.948757","21.454817","0.859814"
"D:\HAA\dACC revisions\Run 4\Br6471_dACC_20x_img_021-MaxIP-Stitched_unmixed_rotated.nd2","Layer 1","dACC_v17_ FISH-IF v2.4.4","36","7969","7997","4305","4330","0","0","0","0","1","1","2118.647","0","327.80157","0","0","0","0","0","0","0","0","0","0","0","0","0","0","0","0","0","0","0","0","103.89178","75.858955","28.03283","23.171202","0.817043"
"D:\HAA\dACC revisions\Run 4\Br6471_dACC_20x_img_021-MaxIP-Stitched_unmixed_rotated.nd2","Layer 1","dACC_v17_ FISH-IF v2.4.4","37","7897","7925","4312","4335","0","0","0","0","1","1","1654.6584","0","362.73483","0","0","0","0","0","0","0","0","0","0","0","0","0","0","0","0","0","0","0","0","100.39343","61.451275","38.942158","26.389425","0.815789"
"D:\HAA\dACC revisions\Run 4\Br6471_dACC_20x_img_021-MaxIP-Stitched_unmixed_rotated.nd2","Layer 1","dACC_v17_ FISH-IF v2.4.4","38","7898","7924","4336","4352","0","0","0","0","1","1","1872.4419","0","401.09174","0","0","0","0","0","0","0","0","0","0","0","0","0","0","0","0","0","0","0","0","76.77957","41.15164","35.62793","24.887589","0.736671"
"D:\HAA\dACC revisions\Run 4\Br6471_dACC_20x_img_021-MaxIP-Stitched_unmixed_rotated.nd2","Layer 1","dACC_v17_ FISH-IF v2.4.4","39","7853","7881","4333","4362","0","0","0","1","1","1","1288.1432","0","279.08228","10","20.990099","2","47489.453","2262.4692","0","0","0","0","0","0","0","0","0","0","0","0","0","0","0","120.094666","82.80962","37.28504","27.03307","0.885736"
"D:\HAA\dACC revisions\Run 4\Br6471_dACC_20x_img_021-MaxIP-Stitched_unmixed_rotated.nd2","Layer 1","dACC_v17_ FISH-IF v2.4.4","40","7899","7925","4353","4375","0","0","0","0","1","1","1977.3796","0","356.3436","0","0","0","0","0","0","0","0","0","0","0","0","0","0","0","0","0","0","0","0","91.87771","59.74813","32.12958","24.458492","0.806161"
"D:\HAA\dACC revisions\Run 4\Br6471_dACC_20x_img_021-MaxIP-Stitched_unmixed_rotated.nd2","Layer 1","dACC_v17_ FISH-IF v2.4.4","41","7935","7956","4417","4440","0","0","0","0","1","1","1010.7159","0","232.66772","0","0","0","0","0","0","0","0","0","0","0","0","0","0","0","0","0","0","0","0","69.92097","57.768803","12.152163","15.447468","0.759682"
"D:\HAA\dACC revisions\Run 4\Br6471_dACC_20x_img_021-MaxIP-Stitched_unmixed_rotated.nd2","Layer 1","dACC_v17_ FISH-IF v2.4.4","42","7870","7898","4427","4456","0","0","0","0","1","1","1577.8845","0","339.62927","0","0","0","0","0","0","0","0","0","0","0","0","0","0","0","0","0","0","0","0","121.9359","83.68421","38.251694","27.247618","0.8841"
"D:\HAA\dACC revisions\Run 4\Br6471_dACC_20x_img_021-MaxIP-Stitched_unmixed_rotated.nd2","Layer 1","dACC_v17_ FISH-IF v2.4.4","43","7925","7946","4436","4457","0","0","0","0","1","1","1066.504","0","287.98734","0","0","0","0","0","0","0","0","0","0","0","0","0","0","0","0","0","0","0","0","65.87024","54.54664","11.323606","14.589275","0.867422"
"D:\HAA\dACC revisions\Run 4\Br6471_dACC_20x_img_021-MaxIP-Stitched_unmixed_rotated.nd2","Layer 1","dACC_v17_ FISH-IF v2.4.4","44","7959","7979","4451","4475","0","0","0","0","1","1","379.18066","0","179.91136","0","0","0","0","0","0","0","0","0","0","0","0","0","0","0","0","0","0","0","0","68.07973","57.124367","10.955359","15.018372","0.720109"
"D:\HAA\dACC revisions\Run 4\Br6471_dACC_20x_img_021-MaxIP-Stitched_unmixed_rotated.nd2","Layer 1","dACC_v17_ FISH-IF v2.4.4","45","7920","7949","4458","4486","0","0","0","0","1","1","1685.1838","0","406.71017","0","0","0","0","0","0","0","0","0","0","0","0","0","0","0","0","0","0","0","0","111.993225","73.695496","38.29772","26.603973","0.889634"
"D:\HAA\dACC revisions\Run 4\Br6471_dACC_20x_img_021-MaxIP-Stitched_unmixed_rotated.nd2","Layer 1","dACC_v17_ FISH-IF v2.4.4","46","7847","7873","4459","4487","0","0","0","0","1","1","1770.8331","0","328.96866","0","0","0","0","0","0","0","0","0","0","0","0","0","0","0","0","0","0","0","0","107.89647","77.83828","30.05819","24.458492","0.788151"
"D:\HAA\dACC revisions\Run 4\Br6471_dACC_20x_img_021-MaxIP-Stitched_unmixed_rotated.nd2","Layer 1","dACC_v17_ FISH-IF v2.4.4","47","7929","7957","4477","4509","0","0","0","0","1","1","1678.8768","0","318.3467","0","0","0","0","0","0","0","0","0","0","0","0","0","0","0","0","0","0","0","0","124.74379","81.38266","43.361126","29.17855","0.790049"
"D:\HAA\dACC revisions\Run 4\Br6471_dACC_20x_img_021-MaxIP-Stitched_unmixed_rotated.nd2","Layer 1","dACC_v17_ FISH-IF v2.4.4","48","5071","5100","4939","4971","0","0","0","0","1","1","1324.9832","0","242.74634","0","0","0","0","0","0","0","0","0","0","0","0","0","0","0","0","0","0","0","0","129.531","91.27931","38.251694","30.46584","0.666587"
"D:\HAA\dACC revisions\Run 4\Br6471_dACC_20x_img_021-MaxIP-Stitched_unmixed_rotated.nd2","Layer 1","dACC_v17_ FISH-IF v2.4.4","49","5301","5333","4955","4986","0","0","0","0","1","1","1983.4972","0","318.669","0","0","0","0","0","0","0","0","0","0","0","0","0","0","0","0","0","0","0","0","141.22285","91.78565","49.437206","31.324034","0.893766"
"D:\HAA\dACC revisions\Run 4\Br6471_dACC_20x_img_021-MaxIP-Stitched_unmixed_rotated.nd2","Layer 1","dACC_v17_ FISH-IF v2.4.4","50","5173","5200","4973","4997","0","0","0","0","1","1","1776.6805","0","287.59546","0","0","0","0","0","0","0","0","0","0","0","0","0","0","0","0","0","0","0","0","81.658844","62.924263","18.734583","20.382076","0.694601"
"D:\HAA\dACC revisions\Run 4\Br6471_dACC_20x_img_021-MaxIP-Stitched_unmixed_rotated.nd2","Layer 1","dACC_v17_ FISH-IF v2.4.4","51","5164","5181","4988","5004","0","0","0","0","1","1","1515.75","0","281.94293","0","0","0","0","0","0","0","0","0","0","0","0","0","0","0","0","0","0","0","0","38.435818","35.489838","2.945979","6.865541","0.722841"
"D:\HAA\dACC revisions\Run 4\Br6471_dACC_20x_img_021-MaxIP-Stitched_unmixed_rotated.nd2","Layer 1","dACC_v17_ FISH-IF v2.4.4","52","5143","5168","5002","5027","0","0","0","0","1","1","2895.3352","0","422.7548","0","0","0","0","0","3","4.925308","0","3862.7766","784.27106","0","0","0","0","0","0","0","0","0","0","98.32204","72.08442","26.237623","21.454817","0.906219"
"D:\HAA\dACC revisions\Run 4\Br6471_dACC_20x_img_021-MaxIP-Stitched_unmixed_rotated.nd2","Layer 1","dACC_v17_ FISH-IF v2.4.4","53","5113","5149","5002","5047","1","1","0","0","1","1","694.8453","0","265.87863","0","0","0","0","0","18","25.685251","3","27128.045","1056.172","4","4.188814","1","3188.6538","761.2308","1","0.50634","0","220.39603","435.27274","200.6948","123.639046","77.055756","48.916985","0.636064"
"D:\HAA\dACC revisions\Run 4\Br6471_dACC_20x_img_021-MaxIP-Stitched_unmixed_rotated.nd2","Layer 1","dACC_v17_ FISH-IF v2.4.4","54","5319","5355","5013","5043","0","0","0","0","1","1","1030.7192","0","210.3102","0","0","0","0","0","0","0","0","0","0","0","0","0","0","0","0","0","0","0","0","156.73528","100.16328","56.572","34.327705","0.79493"
"D:\HAA\dACC revisions\Run 4\Br6471_dACC_20x_img_021-MaxIP-Stitched_unmixed_rotated.nd2","Layer 1","dACC_v17_ FISH-IF v2.4.4","55","5284","5322","5026","5061","0","0","0","1","1","1","2087.2769","0","365.9552","5","16.939377","1","24699.408","1458.106","0","0","0","0","0","0","0","0","0","0","0","0","0","0","0","178.09361","109.92183","68.17179","40.335056","0.733543"
"D:\HAA\dACC revisions\Run 4\Br6471_dACC_20x_img_021-MaxIP-Stitched_unmixed_rotated.nd2","Layer 1","dACC_v17_ FISH-IF v2.4.4","56","5422","5440","5162","5183","0","0","0","0","1","1","352.56644","0","119.140724","3","9.482369","0","16324.082","1721.5194","0","0","0","0","0","0","0","0","0","0","0","0","0","0","0","55.973595","49.391174","6.582421","11.585601","0.665721"
"D:\HAA\dACC revisions\Run 4\Br6471_dACC_20x_img_021-MaxIP-Stitched_unmixed_rotated.nd2","Layer 1","dACC_v17_ FISH-IF v2.4.4","57","5354","5382","5163","5189","0","0","0","0","1","1","2079.9607","0","365.42673","0","0","0","0","0","0","0","0","0","0","0","0","0","0","0","0","0","0","0","0","98.59823","71.62411","26.974117","24.029396","0.738002"
"D:\HAA\dACC revisions\Run 4\Br6471_dACC_20x_img_021-MaxIP-Stitched_unmixed_rotated.nd2","Layer 1","dACC_v17_ FISH-IF v2.4.4","58","5338","5365","5175","5204","0","0","0","1","1","1","2053.404","0","426.76474","9","22.785305","1","39814.49","1736.8494","0","0","0","0","0","0","0","0","0","0","0","0","0","0","0","109.645645","76.50339","33.14226","25.316685","0.816164"
"D:\HAA\dACC revisions\Run 4\Br6471_dACC_20x_img_021-MaxIP-Stitched_unmixed_rotated.nd2","Layer 1","dACC_v17_ FISH-IF v2.4.4","59","5036","5068","5197","5226","0","0","0","0","1","1","2018.8439","0","341.8869","0","0","0","0","0","0","0","0","0","0","0","0","0","0","0","0","0","0","0","0","128.15007","89.530136","38.619938","30.036743","0.684867"
"D:\HAA\dACC revisions\Run 4\Br6471_dACC_20x_img_021-MaxIP-Stitched_unmixed_rotated.nd2","Layer 1","dACC_v17_ FISH-IF v2.4.4","60","5084","5111","5225","5250","0","0","0","0","1","1","1560.3118","0","270.91696","0","0","0","0","0","1","1.150773","0","865.4733","752.08","0","0","0","0","0","0","0","0","0","0","99.05853","74.846275","24.212263","23.171202","0.680209"
"D:\HAA\dACC revisions\Run 4\Br6471_dACC_20x_img_021-MaxIP-Stitched_unmixed_rotated.nd2","Layer 1","dACC_v17_ FISH-IF v2.4.4","61","5185","5217","5274","5305","0","0","0","0","1","1","1601.7843","0","330.91547","0","0","0","0","0","0","0","0","0","0","0","0","0","0","0","0","0","0","0","0","139.38162","92.0158","47.365814","31.324034","0.776323"
"D:\HAA\dACC revisions\Run 4\Br6471_dACC_20x_img_021-MaxIP-Stitched_unmixed_rotated.nd2","Layer 1","dACC_v17_ FISH-IF v2.4.4","62","5373","5393","5297","5317","0","0","0","0","1","1","593.77576","0","146.09125","0","0","0","0","0","0","0","0","0","0","0","0","0","0","0","0","0","0","0","0","58.044987","50.449886","7.595101","11.800149","0.7863"
"D:\HAA\dACC revisions\Run 4\Br6471_dACC_20x_img_021-MaxIP-Stitched_unmixed_rotated.nd2","Layer 1","dACC_v17_ FISH-IF v2.4.4","63","5357","5376","5312","5332","0","0","0","0","1","1","524.6478","0","133.61438","0","0","0","0","0","0","0","0","0","0","0","0","0","0","0","0","0","0","0","0","56.618027","49.299114","7.318916","11.156505","0.900155"
"D:\HAA\dACC revisions\Run 4\Br6471_dACC_20x_img_021-MaxIP-Stitched_unmixed_rotated.nd2","Layer 1","dACC_v17_ FISH-IF v2.4.4","64","5328","5353","5313","5340","0","0","0","0","1","1","1386.4318","0","315.1797","2","9.712523","0","12033.862","1239.0048","0","0","0","0","0","0","0","0","0","0","0","0","0","0","0","101.12993","74.80024","26.329685","23.171202","0.78332"
"D:\HAA\dACC revisions\Run 4\Br6471_dACC_20x_img_021-MaxIP-Stitched_unmixed_rotated.nd2","Layer 1","dACC_v17_ FISH-IF v2.4.4","65","6514","6538","3748","3773","0","0","0","0","1","1","1327.8373","0","241.25673","0","0","0","0","0","0","0","0","0","0","1","1.104742","0","816.72656","739.2917","0","0","0","0","0","86.21591","66.6988","19.517109","19.738432","0.822085"
"D:\HAA\dACC revisions\Run 4\Br6471_dACC_20x_img_021-MaxIP-Stitched_unmixed_rotated.nd2","Layer 1","dACC_v17_ FISH-IF v2.4.4","66","6553","6573","3748","3767","0","0","0","0","1","1","400.27856","0","127.8393","0","0","0","0","0","3","5.155463","0","8180.799","1586.8214","2","2.48567","0","2251.7864","905.9074","0","0","0","0","0","53.994267","47.54994","6.444328","10.727408","0.882066"
"D:\HAA\dACC revisions\Run 4\Br6471_dACC_20x_img_021-MaxIP-Stitched_unmixed_rotated.nd2","Layer 1","dACC_v17_ FISH-IF v2.4.4","67","6618","6646","3778","3807","0","0","0","0","1","1","2064.3137","0","329.1766","0","0","0","0","0","0","0","0","0","0","0","0","0","0","0","0","0","0","0","0","118.62167","76.365295","42.256382","29.17855","0.824411"
"D:\HAA\dACC revisions\Run 4\Br6471_dACC_20x_img_021-MaxIP-Stitched_unmixed_rotated.nd2","Layer 1","dACC_v17_ FISH-IF v2.4.4","68","6584","6611","3779","3816","0","0","0","1","1","1","2615.4844","0","438.7339","21","49.759422","3","121429.56","2438.0776","0","0","0","0","0","2","1.749175","0","1223.5479","699.5","0","0","0","0","0","140.30223","94.961784","45.340454","32.182224","0.673902"
"D:\HAA\dACC revisions\Run 4\Br6471_dACC_20x_img_021-MaxIP-Stitched_unmixed_rotated.nd2","Layer 1","dACC_v17_ FISH-IF v2.4.4","69","6619","6647","3806","3839","0","0","0","1","1","1","1611.357","0","346.7403","17","43.775402","3","99199.984","2266.1125","0","0","0","0","0","0","0","0","0","0","0","0","0","0","0","134.64043","86.676216","47.964214","32.82587","0.724477"
"D:\HAA\dACC revisions\Run 4\Br6471_dACC_20x_img_021-MaxIP-Stitched_unmixed_rotated.nd2","Layer 1","dACC_v17_ FISH-IF v2.4.4","70","6527","6554","3860","3892","0","0","0","1","1","1","1713.6307","0","321.74805","17","42.302414","3","87127.09","2059.6245","0","0","0","0","0","0","0","0","0","0","0","0","0","0","0","132.24683","87.873024","44.373806","28.749454","0.85718"
"D:\HAA\dACC revisions\Run 4\Br6471_dACC_20x_img_021-MaxIP-Stitched_unmixed_rotated.nd2","Layer 1","dACC_v17_ FISH-IF v2.4.4","71","6511","6531","3878","3899","0","0","0","0","1","1","1048.268","0","197.2987","0","0","0","0","0","0","0","0","0","0","0","0","0","0","0","0","0","0","0","0","62.78617","53.16571","9.620461","13.301987","0.766064"
"D:\HAA\dACC revisions\Run 4\Br6471_dACC_20x_img_021-MaxIP-Stitched_unmixed_rotated.nd2","Layer 1","dACC_v17_ FISH-IF v2.4.4","72","6317","6349","3878","3914","0","0","0","0","1","1","740.63934","0","226.24268","0","0","0","0","0","0","0","0","0","0","0","0","0","0","0","0","0","0","0","0","145.4577","100.531525","44.926174","36.044094","0.675676"
"D:\HAA\dACC revisions\Run 4\Br6471_dACC_20x_img_021-MaxIP-Stitched_unmixed_rotated.nd2","Layer 1","dACC_v17_ FISH-IF v2.4.4","73","6405","6439","3922","3952","0","0","0","0","1","1","1316.6721","0","254.70029","0","0","0","0","0","0","0","0","0","0","0","0","0","0","0","2","1.657113","0","784.3208","473.30554","148.91002","95.83637","53.073647","32.61132","0.809604"
"D:\HAA\dACC revisions\Run 4\Br6471_dACC_20x_img_021-MaxIP-Stitched_unmixed_rotated.nd2","Layer 1","dACC_v17_ FISH-IF v2.4.4","74","6625","6651","3925","3951","0","0","0","0","1","1","1537.317","0","238.86888","0","0","0","0","0","0","0","0","0","0","0","0","0","0","0","0","0","0","0","0","99.79503","73.37328","26.421747","22.31301","0.878654"
"D:\HAA\dACC revisions\Run 4\Br6471_dACC_20x_img_021-MaxIP-Stitched_unmixed_rotated.nd2","Layer 1","dACC_v17_ FISH-IF v2.4.4","75","6453","6486","3940","3969","0","0","0","1","1","1","1475.7334","0","342.8982","13","39.954838","2","71302.35","1784.5737","0","0","0","0","0","1","0.966649","0","665.00867","687.9524","0","0","0","0","0","138.461","89.069824","49.391174","31.324034","0.856087"
"D:\HAA\dACC revisions\Run 4\Br6471_dACC_20x_img_021-MaxIP-Stitched_unmixed_rotated.nd2","Layer 1","dACC_v17_ FISH-IF v2.4.4","76","6475","6506","3956","3987","0","0","0","0","1","1","1713.5177","0","286.5476","0","0","0","0","0","0","0","0","0","0","0","0","0","0","0","0","0","0","0","0","137.35626","88.011116","49.345142","30.894936","0.935174"
"D:\HAA\dACC revisions\Run 4\Br6471_dACC_20x_img_021-MaxIP-Stitched_unmixed_rotated.nd2","Layer 1","dACC_v17_ FISH-IF v2.4.4","77","6288","6321","3976","4010","0","0","0","0","1","1","1569.282","0","257.35065","0","0","0","0","0","0","0","0","0","0","0","0","0","0","0","0","0","0","0","0","152.73059","97.40142","55.329163","34.756805","0.833996"
"D:\HAA\dACC revisions\Run 4\Br6471_dACC_20x_img_021-MaxIP-Stitched_unmixed_rotated.nd2","Layer 1","dACC_v17_ FISH-IF v2.4.4","78","6533","6562","3992","4019","0","0","0","0","1","1","1963.2344","0","367.19974","0","0","0","0","0","0","0","0","0","0","0","0","0","0","0","0","0","0","0","0","108.817085","70.51936","38.29772","27.676714","0.774763"
"D:\HAA\dACC revisions\Run 4\Br6471_dACC_20x_img_021-MaxIP-Stitched_unmixed_rotated.nd2","Layer 1","dACC_v17_ FISH-IF v2.4.4","79","6523","6555","4011","4045","0","0","0","0","1","1","1829.4589","0","300.17725","0","0","0","0","0","0","0","0","0","0","0","0","0","0","0","0","0","0","0","0","142.1895","86.21591","55.973595","36.47319","0.718523"
"D:\HAA\dACC revisions\Run 4\Br6471_dACC_20x_img_021-MaxIP-Stitched_unmixed_rotated.nd2","Layer 1","dACC_v17_ FISH-IF v2.4.4","80","6439","6469","4022","4051","0","0","0","0","1","1","1794.5944","0","342.8329","0","0","0","0","0","0","0","0","0","0","0","0","0","0","0","0","0","0","0","0","123.36286","84.55879","38.80406","28.320358","0.863311"
"D:\HAA\dACC revisions\Run 4\Br6471_dACC_20x_img_021-MaxIP-Stitched_unmixed_rotated.nd2","Layer 1","dACC_v17_ FISH-IF v2.4.4","81","6345","6375","4026","4060","0","0","0","0","1","1","979.5221","0","204.36372","1","2.255515","0","1872.3076","830.10205","1","0.966649","0","792.10004","717","0","0","0","0","0","0","0","0","0","0","137.17213","92.38405","44.788082","32.182224","0.71813"
"D:\HAA\dACC revisions\Run 4\Br6471_dACC_20x_img_021-MaxIP-Stitched_unmixed_rotated.nd2","Layer 1","dACC_v17_ FISH-IF v2.4.4","82","6369","6401","4040","4067","0","0","0","1","1","1","1918.3934","0","305.00632","6","13.855307","1","22581.525","1629.8107","0","0","0","0","0","0","0","0","0","0","0","0","0","0","0","120.83116","80.23189","40.59927","30.036743","0.744692"
"D:\HAA\dACC revisions\Run 4\Br6471_dACC_20x_img_021-MaxIP-Stitched_unmixed_rotated.nd2","Layer 1","dACC_v17_ FISH-IF v2.4.4","83","6270","6306","4060","4092","0","0","1","0","1","1","1248.8335","0","256.61362","0","0","0","0","0","0","0","0","0","0","0","0","0","0","0","27","57.906895","3","37067.18","640.1169","165.43512","103.52354","61.911583","36.47319","0.753454"
"D:\HAA\dACC revisions\Run 4\Br6471_dACC_20x_img_021-MaxIP-Stitched_unmixed_rotated.nd2","Layer 1","dACC_v17_ FISH-IF v2.4.4","84","6360","6400","4063","4106","0","0","0","1","1","1","2063.8823","0","468.19537","45","87.91905","4","263185.6","2993.499","0","0","0","0","0","1","0.644433","0","415.79727","645.2143","0","0","0","0","0","209.90099","127.689766","82.21122","50.63337","0.620006"
"D:\HAA\dACC revisions\Run 4\Br6471_dACC_20x_img_021-MaxIP-Stitched_unmixed_rotated.nd2","Layer 1","dACC_v17_ FISH-IF v2.4.4","85","6302","6339","4103","4131","0","0","0","0","1","1","1457.292","0","365.36136","0","0","0","0","0","0","0","0","0","0","0","0","0","0","0","0","0","0","0","0","123.04064","73.37328","49.66736","34.542255","0.674507"
"D:\HAA\dACC revisions\Run 4\Br6471_dACC_20x_img_021-MaxIP-Stitched_unmixed_rotated.nd2","Layer 1","dACC_v17_ FISH-IF v2.4.4","86","2984","3011","4529","4555","0","0","0","0","1","1","1857.9634","0","377.6766","0","0","0","0","0","0","0","0","0","0","0","0","0","0","0","0","0","0","0","0","95.05385","72.45267","22.601181","24.029396","0.663062"
"D:\HAA\dACC revisions\Run 4\Br6471_dACC_20x_img_021-MaxIP-Stitched_unmixed_rotated.nd2","Layer 1","dACC_v17_ FISH-IF v2.4.4","87","2811","2846","4550","4582","0","0","0","0","1","1","1330.4617","0","355.13882","0","0","0","0","0","0","0","0","0","0","0","0","0","0","0","3","1.703144","0","733.0884","430.43243","157.47177","99.1506","58.32117","34.756805","0.804619"
"D:\HAA\dACC revisions\Run 4\Br6471_dACC_20x_img_021-MaxIP-Stitched_unmixed_rotated.nd2","Layer 1","dACC_v17_ FISH-IF v2.4.4","88","2654","2673","4573","4591","0","0","0","0","1","1","453.4701","0","122.354904","0","0","0","0","0","0","0","0","0","0","0","0","0","0","0","0","0","0","0","0","50.910194","45.52458","5.385617","9.654668","0.889209"
"D:\HAA\dACC revisions\Run 4\Br6471_dACC_20x_img_021-MaxIP-Stitched_unmixed_rotated.nd2","Layer 1","dACC_v17_ FISH-IF v2.4.4","89","2784","2820","4609","4646","0","0","0","0","1","1","1349.407","0","307.25922","0","0","0","0","0","0","0","0","0","0","0","0","0","0","0","3","1.933299","0","824.828","426.64285","183.7094","109.73771","73.97169","39.476864","0.788775"
"D:\HAA\dACC revisions\Run 4\Br6471_dACC_20x_img_021-MaxIP-Stitched_unmixed_rotated.nd2","Layer 1","dACC_v17_ FISH-IF v2.4.4","90","2684","2709","4615","4643","0","0","0","0","1","1","2616.5244","0","443.08502","0","0","0","0","0","0","0","0","0","0","0","0","0","0","0","0","0","0","0","0","95.56019","59.564007","35.996178","26.389425","0.869274"
"D:\HAA\dACC revisions\Run 4\Br6471_dACC_20x_img_021-MaxIP-Stitched_unmixed_rotated.nd2","Layer 1","dACC_v17_ FISH-IF v2.4.4","91","2667","2690","4621","4648","0","0","0","0","1","1","2412.355","0","381.1131","0","0","0","0","0","0","0","0","0","0","0","0","0","0","0","0","0","0","0","0","83.960396","54.13236","29.828035","24.243944","0.825547"
"D:\HAA\dACC revisions\Run 4\Br6471_dACC_20x_img_021-MaxIP-Stitched_unmixed_rotated.nd2","Layer 1","dACC_v17_ FISH-IF v2.4.4","92","2778","2804","4646","4671","0","0","0","0","1","1","1755.4445","0","304.75317","0","0","0","0","0","0","0","0","0","0","1","0.736495","0","519.82715","705.8125","1","0.690464","0","311.0309","450.46667","89.66823","61.911583","27.756643","23.171202","0.826802"
"D:\HAA\dACC revisions\Run 4\Br6471_dACC_20x_img_021-MaxIP-Stitched_unmixed_rotated.nd2","Layer 1","dACC_v17_ FISH-IF v2.4.4","93","2848","2872","4659","4703","0","0","0","0","1","1","1125.17","0","236.16263","0","0","0","0","0","0","0","0","0","0","0","0","0","0","0","0","0","0","0","0","162.35104","110.38214","51.968906","37.331383","0.55121"
"D:\HAA\dACC revisions\Run 4\Br6471_dACC_20x_img_021-MaxIP-Stitched_unmixed_rotated.nd2","Layer 1","dACC_v17_ FISH-IF v2.4.4","94","2769","2798","4665","4695","0","0","0","0","1","1","1591.4331","0","291.36353","0","0","0","0","0","0","0","0","0","0","0","0","0","0","0","0","0","0","0","0","119.4042","75.720856","43.683342","30.894936","0.774071"
"D:\HAA\dACC revisions\Run 4\Br6471_dACC_20x_img_021-MaxIP-Stitched_unmixed_rotated.nd2","Layer 1","dACC_v17_ FISH-IF v2.4.4","95","3034","3059","4668","4697","0","0","0","0","1","1","2829.3877","0","370.1989","0","0","0","0","0","0","0","0","0","0","0","0","0","0","0","0","0","0","0","0","107.804405","77.28591","30.518497","24.029396","0.847985"
"D:\HAA\dACC revisions\Run 4\Br6471_dACC_20x_img_021-MaxIP-Stitched_unmixed_rotated.nd2","Layer 1","dACC_v17_ FISH-IF v2.4.4","96","2713","2745","4716","4741","1","0","0","0","1","1","1144.2195","0","457.56555","0","0","0","0","0","6","12.474379","1","11832.846","948.57196","1","0.552371","0","361.71094","654.8333","0","0","0","0","0","101.12993","75.12246","26.00747","27.03307","0.605777"
"D:\HAA\dACC revisions\Run 4\Br6471_dACC_20x_img_021-MaxIP-Stitched_unmixed_rotated.nd2","Layer 1","dACC_v17_ FISH-IF v2.4.4","97","2670","2693","4728","4752","0","0","0","0","1","1","543.32526","0","154.96703","0","0","0","0","0","0","0","0","0","0","0","0","0","0","0","0","0","0","0","0","77.97637","62.832203","15.144172","18.022047","0.74216"
"D:\HAA\dACC revisions\Run 4\Br6471_dACC_20x_img_021-MaxIP-Stitched_unmixed_rotated.nd2","Layer 1","dACC_v17_ FISH-IF v2.4.4","98","2705","2734","4733","4760","1","0","0","0","1","1","2399.8506","0","499.33435","0","0","0","0","0","6","8.469688","1","7238.868","794.2475","1","0.828557","0","616.58417","744.1667","2","1.196804","0","499.48148","417.34616","116.91853","76.549416","40.369114","28.320358","0.885169"
"D:\HAA\dACC revisions\Run 4\Br6471_dACC_20x_img_021-MaxIP-Stitched_unmixed_rotated.nd2","Layer 1","dACC_v17_ FISH-IF v2.4.4","99","2649","2674","4772","4803","0","0","0","0","1","1","993.8496","0","265.69083","0","0","0","0","0","0","0","0","0","0","0","0","0","0","0","0","0","0","0","0","89.25395","64.7655","24.488447","29.393099","0.467438"
"D:\HAA\dACC revisions\Run 4\Br6471_dACC_20x_img_021-MaxIP-Stitched_unmixed_rotated.nd2","Layer 1","dACC_v17_ FISH-IF v2.4.4","100","2708","2727","4785","4806","0","0","0","0","1","1","543.9149","0","143.33719","0","0","0","0","0","0","0","0","0","0","0","0","0","0","0","0","0","0","0","0","60.392563","51.73875","8.653812","12.443794","0.858433"
"D:\HAA\dACC revisions\Run 4\Br6471_dACC_20x_img_021-MaxIP-Stitched_unmixed_rotated.nd2","Layer 1","dACC_v17_ FISH-IF v2.4.4","101","3017","3045","4816","4847","0","0","0","0","1","1","1418.05","0","215.95697","0","0","0","0","0","0","0","0","0","0","0","0","0","0","0","0","0","0","0","0","123.316826","85.57147","37.745354","28.320358","0.770289"
"D:\HAA\dACC revisions\Run 4\Br6471_dACC_20x_img_021-MaxIP-Stitched_unmixed_rotated.nd2","Layer 1","dACC_v17_ FISH-IF v2.4.4","102","2732","2761","4849","4890","0","0","0","0","1","1","1777.4513","0","289.8142","0","0","0","0","0","0","0","0","0","0","0","0","0","0","0","0","0","0","0","0","154.61786","105.04256","49.5753","37.975025","0.582746"
"D:\HAA\dACC revisions\Run 4\Br6471_dACC_20x_img_021-MaxIP-Stitched_unmixed_rotated.nd2","Layer 1","dACC_v17_ FISH-IF v2.4.4","103","2913","2940","4867","4896","0","0","0","0","1","1","2379.993","0","289.06705","0","0","0","0","0","0","0","0","0","0","0","0","0","0","0","0","0","0","0","0","112.683685","79.633484","33.050198","25.74578","0.827682"
"D:\HAA\dACC revisions\Run 4\Br6471_dACC_20x_img_021-MaxIP-Stitched_unmixed_rotated.nd2","Layer 1","dACC_v17_ FISH-IF v2.4.4","104","2733","2760","4899","4929","0","0","0","0","1","1","1909.6072","0","286.08298","0","0","0","0","0","0","0","0","0","0","0","0","0","0","0","0","0","0","0","0","124.835846","84.88101","39.954838","27.462166","0.886005"
"D:\HAA\dACC revisions\Run 4\Br6471_dACC_20x_img_021-MaxIP-Stitched_unmixed_rotated.nd2","Layer 1","dACC_v17_ FISH-IF v2.4.4","105","4013","4043","4153","4193","0","0","0","0","1","1","1340.0594","0","239.05215","0","0","0","0","0","0","0","0","0","0","0","0","0","0","0","0","0","0","0","0","164.14626","107.66631","56.479935","38.61867","0.6605"
"D:\HAA\dACC revisions\Run 4\Br6471_dACC_20x_img_021-MaxIP-Stitched_unmixed_rotated.nd2","Layer 1","dACC_v17_ FISH-IF v2.4.4","106","4216","4235","4179","4198","0","0","0","0","1","1","1003.0075","0","143.62035","0","0","0","0","0","0","0","0","0","0","0","0","0","0","0","0","0","0","0","0","53.16571","47.0436","6.122112","10.298312","0.838181"
"D:\HAA\dACC revisions\Run 4\Br6471_dACC_20x_img_021-MaxIP-Stitched_unmixed_rotated.nd2","Layer 1","dACC_v17_ FISH-IF v2.4.4","107","4153","4177","4182","4202","0","0","0","0","1","1","2426.079","0","392.69113","0","0","0","0","0","0","0","0","0","0","0","0","0","0","0","0","0","0","0","0","60.070347","42.026226","18.044119","18.88024","0.811865"
"D:\HAA\dACC revisions\Run 4\Br6471_dACC_20x_img_021-MaxIP-Stitched_unmixed_rotated.nd2","Layer 1","dACC_v17_ FISH-IF v2.4.4","108","3844","3866","4185","4207","0","0","0","0","1","1","1759.2695","0","238.5888","0","0","0","0","0","0","0","0","0","0","0","0","0","0","0","0","0","0","0","0","68.54004","56.756123","11.783915","15.018372","0.819285"
"D:\HAA\dACC revisions\Run 4\Br6471_dACC_20x_img_021-MaxIP-Stitched_unmixed_rotated.nd2","Layer 1","dACC_v17_ FISH-IF v2.4.4","109","4093","4130","4189","4229","0","1","1","0","1","1","807.201","0","229.15373","0","0","0","0","0","0","0","0","0","0","15","14.683863","3","11300.36","769.5768","46","107.02188","4","71711.195","670.0611","218.69289","124.55966","94.133224","45.055115","0.754892"
"D:\HAA\dACC revisions\Run 4\Br6471_dACC_20x_img_021-MaxIP-Stitched_unmixed_rotated.nd2","Layer 1","dACC_v17_ FISH-IF v2.4.4","110","4145","4174","4192","4217","0","0","0","0","1","1","2333.4663","0","413.1152","0","0","0","0","0","0","0","0","0","0","0","0","0","0","0","0","0","0","0","0","81.981064","46.353134","35.62793","26.389425","0.786709"
"D:\HAA\dACC revisions\Run 4\Br6471_dACC_20x_img_021-MaxIP-Stitched_unmixed_rotated.nd2","Layer 1","dACC_v17_ FISH-IF v2.4.4","111","4163","4188","4204","4234","0","0","0","0","1","1","2012.353","0","488.1632","0","0","0","0","0","0","0","0","0","0","0","0","0","0","0","0","0","0","0","0","101.63627","66.56071","35.075558","30.036743","0.625471"
"D:\HAA\dACC revisions\Run 4\Br6471_dACC_20x_img_021-MaxIP-Stitched_unmixed_rotated.nd2","Layer 1","dACC_v17_ FISH-IF v2.4.4","112","4168","4187","4234","4257","0","0","0","0","1","1","1457.2445","0","260.31918","0","0","0","0","0","0","0","0","0","0","0","0","0","0","0","0","0","0","0","0","71.07174","56.387875","14.683863","17.59295","0.650431"
"D:\HAA\dACC revisions\Run 4\Br6471_dACC_20x_img_021-MaxIP-Stitched_unmixed_rotated.nd2","Layer 1","dACC_v17_ FISH-IF v2.4.4","113","3853","3880","4279","4307","0","0","0","0","1","1","2560.4465","0","333.8551","0","0","0","0","0","0","0","0","0","0","0","0","0","0","0","0","0","0","0","0","99.012505","67.98766","31.024837","25.316685","0.830334"
"D:\HAA\dACC revisions\Run 4\Br6471_dACC_20x_img_021-MaxIP-Stitched_unmixed_rotated.nd2","Layer 1","dACC_v17_ FISH-IF v2.4.4","114","3842","3873","4299","4328","0","0","0","0","1","1","2148.255","0","391.11325","0","0","0","0","0","0","0","0","0","0","0","0","0","0","0","0","0","0","0","0","124.78982","79.26524","45.52458","29.607647","0.864959"
"D:\HAA\dACC revisions\Run 4\Br6471_dACC_20x_img_021-MaxIP-Stitched_unmixed_rotated.nd2","Layer 1","dACC_v17_ FISH-IF v2.4.4","115","4004","4037","4301","4336","0","1","0","0","1","1","1095.3556","0","283.21848","0","0","0","0","0","0","0","0","0","0","4","3.49835","1","2361.386","675","0","0","0","0","0","158.53049","95.23797","63.29251","37.331383","0.812474"
"D:\HAA\dACC revisions\Run 4\Br6471_dACC_20x_img_021-MaxIP-Stitched_unmixed_rotated.nd2","Layer 1","dACC_v17_ FISH-IF v2.4.4","116","4027","4054","4318","4349","0","0","0","0","1","1","1682.1368","0","356.9097","0","0","0","0","0","0","0","0","0","0","0","0","0","0","0","0","0","0","0","0","117.83915","77.47003","40.369114","30.036743","0.749501"
"D:\HAA\dACC revisions\Run 4\Br6471_dACC_20x_img_021-MaxIP-Stitched_unmixed_rotated.nd2","Layer 1","dACC_v17_ FISH-IF v2.4.4","117","4000","4021","4332","4353","0","0","0","0","1","1","1730.3549","0","225.12032","0","0","0","0","0","0","0","0","0","0","1","1.196804","0","979.2157","818.1923","0","0","0","0","0","62.78617","52.797462","9.988709","13.301987","0.843714"
"D:\HAA\dACC revisions\Run 4\Br6471_dACC_20x_img_021-MaxIP-Stitched_unmixed_rotated.nd2","Layer 1","dACC_v17_ FISH-IF v2.4.4","118","4050","4070","4369","4389","0","0","0","0","1","1","616.24115","0","167.96419","0","0","0","0","0","0","0","0","0","0","2","2.209484","0","1841.1907","833.3125","2","5.753865","0","2895.0225","503.144","65.73215","51.416534","14.315616","18.022047","0.599798"
"D:\HAA\dACC revisions\Run 4\Br6471_dACC_20x_img_021-MaxIP-Stitched_unmixed_rotated.nd2","Layer 1","dACC_v17_ FISH-IF v2.4.4","119","4037","4049","4370","4387","0","0","0","0","1","1","450.08823","0","237.77429","0","0","0","0","0","0","0","0","0","0","0","0","0","0","0","2","2.48567","0","1208.0354","486","32.49783","29.367725","3.130102","8.15283","0.620878"
"D:\HAA\dACC revisions\Run 4\Br6471_dACC_20x_img_021-MaxIP-Stitched_unmixed_rotated.nd2","Layer 1","dACC_v17_ FISH-IF v2.4.4","120","4095","4125","4376","4403","0","0","0","0","1","1","2278.1375","0","342.45798","0","0","0","0","0","3","2.99201","0","2137.2156","714.3077","0","0","0","0","0","0","0","0","0","0","117.10265","81.612816","35.489838","26.603973","0.87318"
"D:\HAA\dACC revisions\Run 4\Br6471_dACC_20x_img_021-MaxIP-Stitched_unmixed_rotated.nd2","Layer 1","dACC_v17_ FISH-IF v2.4.4","121","3876","3897","4380","4401","0","0","0","0","1","1","1893.1162","0","223.39844","0","0","0","0","0","0","0","0","0","0","0","0","0","0","0","0","0","0","0","0","62.14174","53.02762","9.114121","13.301987","0.795641"
"D:\HAA\dACC revisions\Run 4\Br6471_dACC_20x_img_021-MaxIP-Stitched_unmixed_rotated.nd2","Layer 1","dACC_v17_ FISH-IF v2.4.4","122","3959","3974","4380","4401","0","0","0","0","1","1","1277.9607","0","193.21547","0","0","0","0","0","0","0","0","0","0","0","0","0","0","0","0","0","0","0","0","49.851482","41.65798","8.193503","12.014698","0.830346"
"D:\HAA\dACC revisions\Run 4\Br6471_dACC_20x_img_021-MaxIP-Stitched_unmixed_rotated.nd2","Layer 1","dACC_v17_ FISH-IF v2.4.4","123","3975","3990","4381","4402","0","0","0","0","1","1","1176.8103","0","187.27438","0","0","0","0","0","0","0","0","0","0","0","0","0","0","0","0","0","0","0","0","50.956226","42.946846","8.009379","12.443794","0.789725"
"D:\HAA\dACC revisions\Run 4\Br6471_dACC_20x_img_021-MaxIP-Stitched_unmixed_rotated.nd2","Layer 1","dACC_v17_ FISH-IF v2.4.4","124","3880","3902","4403","4424","0","0","0","0","1","1","1581.9585","0","258.50775","0","0","0","0","0","0","0","0","0","0","0","0","0","0","0","0","0","0","0","0","61.589367","50.49592","11.093451","14.160179","0.899862"
"D:\HAA\dACC revisions\Run 4\Br6471_dACC_20x_img_021-MaxIP-Stitched_unmixed_rotated.nd2","Layer 1","dACC_v17_ FISH-IF v2.4.4","125","3850","3871","4414","4443","0","0","0","0","1","1","2233.2927","0","433.98404","0","0","0","0","0","0","0","0","0","0","0","0","0","0","0","0","0","0","0","0","92.47611","43.269062","49.20705","31.324034","0.737986"
"D:\HAA\dACC revisions\Run 4\Br6471_dACC_20x_img_021-MaxIP-Stitched_unmixed_rotated.nd2","Layer 1","dACC_v17_ FISH-IF v2.4.4","126","3870","3890","4415","4437","0","0","0","0","1","1","2179.5237","0","659.5623","0","0","0","0","0","0","0","0","0","0","0","0","0","0","0","0","0","0","0","0","64.67344","32.49783","32.17561","24.243944","0.750308"
"D:\HAA\dACC revisions\Run 4\Br6471_dACC_20x_img_021-MaxIP-Stitched_unmixed_rotated.nd2","Layer 1","dACC_v17_ FISH-IF v2.4.4","127","4169","4192","4416","4440","0","0","0","0","1","1","1070.4379","0","211.5507","0","0","0","0","0","0","0","0","0","0","0","0","0","0","0","0","0","0","0","0","78.48271","62.18777","16.294945","17.59295","0.762178"
"D:\HAA\dACC revisions\Run 4\Br6471_dACC_20x_img_021-MaxIP-Stitched_unmixed_rotated.nd2","Layer 1","dACC_v17_ FISH-IF v2.4.4","128","3868","3889","4437","4456","0","0","0","0","1","1","2236.267","0","694.822","0","0","0","0","0","0","0","0","0","0","0","0","0","0","0","0","0","0","0","0","53.16571","23.01546","30.150251","25.102137","0.761286"
"D:\HAA\dACC revisions\Run 4\Br6471_dACC_20x_img_021-MaxIP-Stitched_unmixed_rotated.nd2","Layer 1","dACC_v17_ FISH-IF v2.4.4","129","3850","3883","4441","4469","0","0","0","0","1","1","2477.7576","0","387.20215","0","0","0","0","0","0","0","0","0","0","0","0","0","0","0","0","0","0","0","0","114.018585","59.886223","54.13236","35.614998","0.668518"
"D:\HAA\dACC revisions\Run 4\Br6471_dACC_20x_img_021-MaxIP-Stitched_unmixed_rotated.nd2","Layer 1","dACC_v17_ FISH-IF v2.4.4","130","4180","4208","4436","4467","0","0","0","0","1","1","1665.4224","0","331.82635","0","0","0","0","0","0","0","0","0","0","0","0","0","0","0","0","0","0","0","0","123.40889","86.676216","36.732674","28.320358","0.703436"
"D:\HAA\dACC revisions\Run 4\Br6471_dACC_20x_img_021-MaxIP-Stitched_unmixed_rotated.nd2","Layer 1","dACC_v17_ FISH-IF v2.4.4","131","3979","3998","4458","4478","0","0","0","0","1","1","956.9211","0","153.43207","0","0","0","0","0","0","0","0","0","0","0","0","0","0","0","0","0","0","0","0","55.78947","48.792774","6.996699","11.156505","0.847843"
"D:\HAA\dACC revisions\Run 4\Br6471_dACC_20x_img_021-MaxIP-Stitched_unmixed_rotated.nd2","Layer 1","dACC_v17_ FISH-IF v2.4.4","132","3841","3860","4467","4487","0","0","0","0","1","1","367.029","0","130.50334","0","0","0","0","0","0","0","0","0","0","0","0","0","0","0","0","0","0","0","0","54.454575","48.10231","6.352267","10.941957","0.77085"
"D:\HAA\dACC revisions\Run 4\Br6471_dACC_20x_img_021-MaxIP-Stitched_unmixed_rotated.nd2","Layer 1","dACC_v17_ FISH-IF v2.4.4","133","4132","4163","4501","4527","0","0","0","0","1","1","2292.7715","0","272.0599","0","0","0","0","0","0","0","0","0","0","0","0","0","0","0","0","0","0","0","0","115.031265","82.21122","32.820045","26.389425","0.758665"
"D:\HAA\dACC revisions\Run 4\Br6471_dACC_20x_img_021-MaxIP-Stitched_unmixed_rotated.nd2","Layer 1","dACC_v17_ FISH-IF v2.4.4","134","3998","4026","4506","4536","0","0","0","0","1","1","1778.4106","0","401.98145","3","12.474379","0","13297.642","1065.9963","0","0","0","0","0","0","0","0","0","0","0","0","0","0","0","119.81848","84.28261","35.53587","27.462166","0.756335"
"D:\HAA\dACC revisions\Run 4\Br6471_dACC_20x_img_021-MaxIP-Stitched_unmixed_rotated.nd2","Layer 1","dACC_v17_ FISH-IF v2.4.4","135","4344","4375","3732","3761","0","0","0","0","1","1","1768.222","0","262.99323","0","0","0","0","0","1","0.966649","0","770.51154","797.0952","1","0.598402","0","413.12747","690.38464","1","1.703144","0","947.13214","556.1081","132.6611","88.2873","44.373806","29.607647","0.880146"
"D:\HAA\dACC revisions\Run 4\Br6471_dACC_20x_img_021-MaxIP-Stitched_unmixed_rotated.nd2","Layer 1","dACC_v17_ FISH-IF v2.4.4","136","4303","4323","3734","3755","0","0","0","0","1","1","1259.8263","0","213.74245","2","5.293556","0","6750.204","1275.174","0","0","0","0","0","0","0","0","0","0","0","0","0","0","0","60.576687","51.830814","8.745874","12.443794","0.884262"
"D:\HAA\dACC revisions\Run 4\Br6471_dACC_20x_img_021-MaxIP-Stitched_unmixed_rotated.nd2","Layer 1","dACC_v17_ FISH-IF v2.4.4","137","4567","4607","3788","3826","1","1","0","0","1","1","1101.7504","0","249.19897","0","0","0","0","0","22","30.702621","3","28538.662","928.12726","6","5.247525","1","3667.4673","698.8947","0","0","0","0","0","199.59006","117.51693","82.07313","44.62602","0.757657"
"D:\HAA\dACC revisions\Run 4\Br6471_dACC_20x_img_021-MaxIP-Stitched_unmixed_rotated.nd2","Layer 1","dACC_v17_ FISH-IF v2.4.4","138","4387","4414","3835","3872","0","1","1","0","1","1","840.92957","0","213.22499","0","0","0","0","0","0","0","0","0","0","5","5.155463","1","3850.072","746.7946","20","43.177002","3","26552.705","614.9733","143.20218","96.158585","47.0436","33.469513","0.671098"
"D:\HAA\dACC revisions\Run 4\Br6471_dACC_20x_img_021-MaxIP-Stitched_unmixed_rotated.nd2","Layer 1","dACC_v17_ FISH-IF v2.4.4","139","4615","4636","3850","3874","0","0","0","1","1","1","1442.6204","0","217.0884","9","22.140871","1","40902.703","1847.3846","0","0","0","0","0","0","0","0","0","0","0","0","0","0","0","73.46535","59.886223","13.579121","15.447468","0.793082"
"D:\HAA\dACC revisions\Run 4\Br6471_dACC_20x_img_021-MaxIP-Stitched_unmixed_rotated.nd2","Layer 1","dACC_v17_ FISH-IF v2.4.4","140","4582","4610","3896","3924","0","0","0","0","1","1","2440.8984","0","406.06128","0","0","0","0","0","0","0","0","0","0","0","0","0","0","0","0","0","0","0","0","115.26142","80.36998","34.891434","26.174877","0.934622"
"D:\HAA\dACC revisions\Run 4\Br6471_dACC_20x_img_021-MaxIP-Stitched_unmixed_rotated.nd2","Layer 1","dACC_v17_ FISH-IF v2.4.4","141","4358","4400","3911","3936","0","0","0","0","1","1","1780.2131","0","326.15674","0","0","0","0","0","0","0","0","0","0","0","0","0","0","0","0","0","0","0","0","149.73857","95.74431","53.994267","36.044094","0.625311"
"D:\HAA\dACC revisions\Run 4\Br6471_dACC_20x_img_021-MaxIP-Stitched_unmixed_rotated.nd2","Layer 1","dACC_v17_ FISH-IF v2.4.4","142","4333","4361","3913","3943","0","0","0","0","1","1","2309.659","0","338.16727","0","0","0","0","0","0","0","0","0","0","0","0","0","0","0","0","0","0","0","0","120.7391","75.67483","45.06427","30.894936","0.820207"
"D:\HAA\dACC revisions\Run 4\Br6471_dACC_20x_img_021-MaxIP-Stitched_unmixed_rotated.nd2","Layer 1","dACC_v17_ FISH-IF v2.4.4","143","4605","4632","3914","3945","0","0","0","0","1","1","2198.7532","0","481.2883","0","0","0","0","0","0","0","0","0","0","0","0","0","0","0","0","0","0","0","0","117.42487","83.500084","33.924786","27.462166","0.736248"
"D:\HAA\dACC revisions\Run 4\Br6471_dACC_20x_img_021-MaxIP-Stitched_unmixed_rotated.nd2","Layer 1","dACC_v17_ FISH-IF v2.4.4","144","4358","4376","3929","3950","0","0","0","0","1","1","1325.3196","0","487.95615","0","0","0","0","0","0","0","0","0","0","0","0","0","0","0","0","0","0","0","0","52.060966","41.980198","10.08077","15.876565","0.643118"
"D:\HAA\dACC revisions\Run 4\Br6471_dACC_20x_img_021-MaxIP-Stitched_unmixed_rotated.nd2","Layer 1","dACC_v17_ FISH-IF v2.4.4","145","4236","4262","3938","3961","0","0","0","0","1","1","2931.3784","0","339.53384","0","0","0","0","0","0","0","0","0","0","0","0","0","0","0","0","0","0","0","0","87.78096","67.34323","20.437727","19.738432","0.856018"
"D:\HAA\dACC revisions\Run 4\Br6471_dACC_20x_img_021-MaxIP-Stitched_unmixed_rotated.nd2","Layer 1","dACC_v17_ FISH-IF v2.4.4","146","4322","4344","3954","3979","0","0","0","0","1","1","2017.3695","0","376.41092","1","1.472989","0","1338.3029","908.5625","0","0","0","0","0","0","0","0","0","0","0","0","0","0","0","82.30328","61.497307","20.805975","19.738432","0.83385"
"D:\HAA\dACC revisions\Run 4\Br6471_dACC_20x_img_021-MaxIP-Stitched_unmixed_rotated.nd2","Layer 1","dACC_v17_ FISH-IF v2.4.4","147","4344","4367","3954","3980","0","0","0","0","1","1","1696.8591","0","262.87323","0","0","0","0","0","0","0","0","0","0","3","2.853917","0","1961.8838","687.4355","1","1.334897","0","638.4949","478.31033","91.73962","67.89561","23.844015","21.02572","0.886374"
"D:\HAA\dACC revisions\Run 4\Br6471_dACC_20x_img_021-MaxIP-Stitched_unmixed_rotated.nd2","Layer 1","dACC_v17_ FISH-IF v2.4.4","148","4527","4546","3974","3995","0","0","0","0","1","1","710.61176","0","143.45905","0","0","0","0","0","0","0","0","0","0","0","0","0","0","0","0","0","0","0","0","58.965607","51.14035","7.825256","12.443794","0.747165"
"D:\HAA\dACC revisions\Run 4\Br6471_dACC_20x_img_021-MaxIP-Stitched_unmixed_rotated.nd2","Layer 1","dACC_v17_ FISH-IF v2.4.4","149","4303","4352","3977","4012","0","1","1","0","1","1","623.51764","0","232.39262","0","0","0","0","0","2","3.636442","0","4718.906","1297.6709","18","18.274275","3","14738.916","806.53906","7","14.407678","1","8613.535","597.84344","236.73701","132.24683","104.49018","49.775177","0.66031"
"D:\HAA\dACC revisions\Run 4\Br6471_dACC_20x_img_021-MaxIP-Stitched_unmixed_rotated.nd2","Layer 1","dACC_v17_ FISH-IF v2.4.4","150","4463","4488","3978","4009","0","0","0","0","1","1","1344.4463","0","256.08603","0","0","0","0","0","0","0","0","0","0","0","0","0","0","0","0","0","0","0","0","108.67899","78.66684","30.012157","25.531233","0.74316"
"D:\HAA\dACC revisions\Run 4\Br6471_dACC_20x_img_021-MaxIP-Stitched_unmixed_rotated.nd2","Layer 1","dACC_v17_ FISH-IF v2.4.4","151","4384","4432","3989","4028","1","1","1","0","1","1","665.28613","0","205.24399","0","0","0","0","0","38","53.073647","4","62141.97","1170.8629","18","18.688553","3","15716.382","840.9631","21","38.80406","3","19402.354","500.0083","276.922","143.57043","133.35156","63.50626","0.797228"
"D:\HAA\dACC revisions\Run 4\Br6471_dACC_20x_img_021-MaxIP-Stitched_unmixed_rotated.nd2","Layer 1","dACC_v17_ FISH-IF v2.4.4","152","4242","4275","4007","4037","0","0","0","0","1","1","735.52545","0","171.2777","0","0","0","0","0","0","0","0","0","0","0","0","0","0","0","0","0","0","0","0","127.229454","90.17457","37.05489","31.324034","0.639962"
"D:\HAA\dACC revisions\Run 4\Br6471_dACC_20x_img_021-MaxIP-Stitched_unmixed_rotated.nd2","Layer 1","dACC_v17_ FISH-IF v2.4.4","153","4343","4367","4013","4049","0","0","0","0","1","1","1975.0085","0","338.33746","0","0","0","0","0","0","0","0","0","0","0","0","0","0","0","0","0","0","0","0","127.045334","89.34601","37.69932","29.17855","0.680352"
"D:\HAA\dACC revisions\Run 4\Br6471_dACC_20x_img_021-MaxIP-Stitched_unmixed_rotated.nd2","Layer 1","dACC_v17_ FISH-IF v2.4.4","154","4293","4314","4040","4060","0","0","0","0","1","1","580.8619","0","154.67326","1","1.703144","0","1348.844","791.97296","0","0","0","0","0","0","0","0","0","0","0","0","0","0","0","59.471947","51.14035","8.331596","12.014698","0.884321"
"D:\HAA\dACC revisions\Run 4\Br6471_dACC_20x_img_021-MaxIP-Stitched_unmixed_rotated.nd2","Layer 1","dACC_v17_ FISH-IF v2.4.4","155","4425","4462","4065","4089","0","0","0","1","1","1","1882.4792","0","344.29263","8","23.475767","1","38480.51","1639.1588","0","0","0","0","0","1","0.736495","0","579.85144","787.3125","0","0","0","0","0","127.551674","92.0158","35.53587","30.46584","0.557932"
"D:\HAA\dACC revisions\Run 4\Br6471_dACC_20x_img_021-MaxIP-Stitched_unmixed_rotated.nd2","Layer 1","dACC_v17_ FISH-IF v2.4.4","156","4563","4582","4119","4138","0","0","0","0","1","1","818.51514","0","139.53831","0","0","0","0","0","0","0","0","0","0","0","0","0","0","0","0","0","0","0","0","52.935555","46.859474","6.076081","10.298312","0.89055"
"D:\HAA\dACC revisions\Run 4\Br6471_dACC_20x_img_021-MaxIP-Stitched_unmixed_rotated.nd2","Layer 1","dACC_v17_ FISH-IF v2.4.4","157","5078","5102","3725","3752","0","0","0","0","1","1","2475.123","0","378.1695","0","0","0","0","0","0","0","0","0","0","0","0","0","0","0","0","0","0","0","0","87.73493","64.903595","22.831335","21.883913","0.792136"
"D:\HAA\dACC revisions\Run 4\Br6471_dACC_20x_img_021-MaxIP-Stitched_unmixed_rotated.nd2","Layer 1","dACC_v17_ FISH-IF v2.4.4","158","5253","5283","3736","3760","0","0","0","0","1","1","1933.1351","0","277.78946","0","0","0","0","0","1","0.874587","0","587.4005","671.6316","0","0","0","0","0","0","0","0","0","0","109.09328","74.339935","34.75334","27.03307","0.820745"
"D:\HAA\dACC revisions\Run 4\Br6471_dACC_20x_img_021-MaxIP-Stitched_unmixed_rotated.nd2","Layer 1","dACC_v17_ FISH-IF v2.4.4","159","5298","5327","3740","3770","0","0","0","0","1","1","1715.445","0","267.00797","0","0","0","0","0","1","1.334897","0","1083.5677","811.7241","0","0","0","0","0","0","0","0","0","0","109.50755","63.5687","45.938854","30.680387","0.877442"
"D:\HAA\dACC revisions\Run 4\Br6471_dACC_20x_img_021-MaxIP-Stitched_unmixed_rotated.nd2","Layer 1","dACC_v17_ FISH-IF v2.4.4","160","5193","5224","3740","3775","0","0","0","0","1","1","711.1796","0","202.00229","0","0","0","0","0","1","1.795206","0","1457.3389","811.79486","1","0.782526","0","542.6124","693.41174","0","0","0","0","0","158.5765","100.66962","57.906895","34.327705","0.837417"
"D:\HAA\dACC revisions\Run 4\Br6471_dACC_20x_img_021-MaxIP-Stitched_unmixed_rotated.nd2","Layer 1","dACC_v17_ FISH-IF v2.4.4","161","5283","5310","3750","3776","0","0","0","1","1","1","1662.6887","0","306.77203","5","14.729894","1","25816.395","1752.6531","0","0","0","0","0","1","0.782526","0","528.0667","674.82355","0","0","0","0","0","92.24596","59.564007","32.68195","27.891262","0.755476"
"D:\HAA\dACC revisions\Run 4\Br6471_dACC_20x_img_021-MaxIP-Stitched_unmixed_rotated.nd2","Layer 1","dACC_v17_ FISH-IF v2.4.4","162","5322","5339","3756","3774","0","0","0","0","1","1","1076.3014","0","210.45338","0","0","0","0","0","0","0","0","0","0","0","0","0","0","0","0","0","0","0","0","42.854786","39.494526","3.360257","7.938282","0.732364"
"D:\HAA\dACC revisions\Run 4\Br6471_dACC_20x_img_021-MaxIP-Stitched_unmixed_rotated.nd2","Layer 1","dACC_v17_ FISH-IF v2.4.4","163","5296","5317","3841","3860","0","0","0","0","1","1","734.8908","0","143.48648","0","0","0","0","0","0","0","0","0","0","0","0","0","0","0","0","0","0","0","0","59.1037","51.09432","8.009379","11.800149","0.813074"
"D:\HAA\dACC revisions\Run 4\Br6471_dACC_20x_img_021-MaxIP-Stitched_unmixed_rotated.nd2","Layer 1","dACC_v17_ FISH-IF v2.4.4","164","5193","5226","3859","3893","0","0","0","0","1","1","1081.1218","0","216.8576","0","0","0","0","0","0","0","0","0","0","0","0","0","0","0","0","0","0","0","0","160.0495","99.56487","60.484627","35.1859","0.851812"
"D:\HAA\dACC revisions\Run 4\Br6471_dACC_20x_img_021-MaxIP-Stitched_unmixed_rotated.nd2","Layer 1","dACC_v17_ FISH-IF v2.4.4","165","5257","5282","3882","3909","0","0","0","0","1","1","2517.697","0","336.1131","0","0","0","0","0","0","0","0","0","0","0","0","0","0","0","0","0","0","0","0","97.677605","72.45267","25.224943","21.883913","0.844993"
"D:\HAA\dACC revisions\Run 4\Br6471_dACC_20x_img_021-MaxIP-Stitched_unmixed_rotated.nd2","Layer 1","dACC_v17_ FISH-IF v2.4.4","166","5131","5164","3903","3940","0","0","0","1","1","1","2420.3574","0","647.22046","15","43.407154","3","79935.82","1841.5355","0","0","0","0","0","0","0","0","0","0","0","0","0","0","0","174.77939","107.942505","66.83689","37.76048","0.785725"
"D:\HAA\dACC revisions\Run 4\Br6471_dACC_20x_img_021-MaxIP-Stitched_unmixed_rotated.nd2","Layer 1","dACC_v17_ FISH-IF v2.4.4","167","5230","5260","3903","3932","0","0","0","0","1","1","1893.7715","0","345.32776","0","0","0","0","0","0","0","0","0","0","0","0","0","0","0","0","0","0","0","0","104.67431","66.00834","38.66597","30.46584","0.749748"
"D:\HAA\dACC revisions\Run 4\Br6471_dACC_20x_img_021-MaxIP-Stitched_unmixed_rotated.nd2","Layer 1","dACC_v17_ FISH-IF v2.4.4","168","5212","5243","3917","3949","0","0","0","0","1","1","1751.0577","0","327.2749","0","0","0","0","0","0","0","0","0","0","0","0","0","0","0","0","0","0","0","0","116.68838","68.81622","47.872154","35.1859","0.695852"
"D:\HAA\dACC revisions\Run 4\Br6471_dACC_20x_img_021-MaxIP-Stitched_unmixed_rotated.nd2","Layer 1","dACC_v17_ FISH-IF v2.4.4","169","5196","5227","3939","3970","0","0","0","0","1","1","1617.4067","0","333.96265","0","0","0","0","0","0","0","0","0","0","0","0","0","0","0","0","0","0","0","0","123.77714","81.33663","42.440506","30.036743","0.859281"
"D:\HAA\dACC revisions\Run 4\Br6471_dACC_20x_img_021-MaxIP-Stitched_unmixed_rotated.nd2","Layer 1","dACC_v17_ FISH-IF v2.4.4","170","5147","5176","3941","3963","0","0","0","0","1","1","1736.701","0","294.2572","0","0","0","0","0","0","0","0","0","0","0","0","0","0","0","0","0","0","0","0","95.69828","73.37328","22.324995","21.669365","0.700781"
"D:\HAA\dACC revisions\Run 4\Br6471_dACC_20x_img_021-MaxIP-Stitched_unmixed_rotated.nd2","Layer 1","dACC_v17_ FISH-IF v2.4.4","171","5411","5441","3988","4018","0","0","0","0","1","1","1723.1559","0","309.18396","0","0","0","0","0","0","0","0","0","0","0","0","0","0","0","0","0","0","0","0","133.21347","88.33333","44.880146","29.17855","0.921807"
"D:\HAA\dACC revisions\Run 4\Br6471_dACC_20x_img_021-MaxIP-Stitched_unmixed_rotated.nd2","Layer 1","dACC_v17_ FISH-IF v2.4.4","172","5154","5180","3995","4021","0","0","0","0","1","1","2003.2128","0","402.90488","0","0","0","0","0","0","0","0","0","0","0","0","0","0","0","0","0","0","0","0","89.6222","55.65138","33.970818","26.603973","0.784973"
"D:\HAA\dACC revisions\Run 4\Br6471_dACC_20x_img_021-MaxIP-Stitched_unmixed_rotated.nd2","Layer 1","dACC_v17_ FISH-IF v2.4.4","173","5178","5191","3999","4017","0","0","0","0","1","1","1644.8368","0","360.61502","0","0","0","0","0","0","0","0","0","0","0","0","0","0","0","0","0","0","0","0","33.924786","29.413755","4.51103","9.011024","0.796555"
"D:\HAA\dACC revisions\Run 4\Br6471_dACC_20x_img_021-MaxIP-Stitched_unmixed_rotated.nd2","Layer 1","dACC_v17_ FISH-IF v2.4.4","174","5135","5163","4003","4029","0","0","0","0","1","1","2296.3455","0","557.50244","0","0","0","0","0","0","0","0","0","0","0","0","0","0","0","0","0","0","0","0","96.38874","56.80215","39.58659","30.036743","0.787582"
"D:\HAA\dACC revisions\Run 4\Br6471_dACC_20x_img_021-MaxIP-Stitched_unmixed_rotated.nd2","Layer 1","dACC_v17_ FISH-IF v2.4.4","175","5134","5158","4025","4046","0","0","0","0","1","1","1669.9686","0","416.6409","0","0","0","0","0","0","0","0","0","0","0","0","0","0","0","0","0","0","0","0","72.63679","50.63401","22.002779","20.811172","0.767445"
"D:\HAA\dACC revisions\Run 4\Br6471_dACC_20x_img_021-MaxIP-Stitched_unmixed_rotated.nd2","Layer 1","dACC_v17_ FISH-IF v2.4.4","176","5344","5367","4022","4045","0","0","0","1","1","1","2086.6829","0","397.7579","6","14.03943","1","21287.137","1516.2394","0","0","0","0","0","0","0","0","0","0","0","0","0","0","0","76.8256","59.7021","17.1235","18.88024","0.813958"
"D:\HAA\dACC revisions\Run 4\Br6471_dACC_20x_img_021-MaxIP-Stitched_unmixed_rotated.nd2","Layer 1","dACC_v17_ FISH-IF v2.4.4","177","5341","5358","4041","4054","0","0","0","0","1","1","1345.5892","0","433.0347","0","0","0","0","0","0","0","0","0","0","0","0","0","0","0","0","0","0","0","0","33.09623","30.518497","2.577731","6.650993","0.730977"
"D:\HAA\dACC revisions\Run 4\Br6471_dACC_20x_img_021-MaxIP-Stitched_unmixed_rotated.nd2","Layer 1","dACC_v17_ FISH-IF v2.4.4","178","5214","5238","4040","4067","0","0","0","0","1","1","1961.3035","0","281.11334","0","0","0","0","0","0","0","0","0","0","0","0","0","0","0","0","0","0","0","0","86.354004","52.383183","33.970818","26.174877","0.918942"
"D:\HAA\dACC revisions\Run 4\Br6471_dACC_20x_img_021-MaxIP-Stitched_unmixed_rotated.nd2","Layer 1","dACC_v17_ FISH-IF v2.4.4","179","5193","5228","4043","4083","0","0","0","0","1","1","1636.686","0","488.34607","0","0","0","0","0","0","0","0","0","0","0","0","0","0","0","0","0","0","0","0","160.23363","89.11586","71.11777","43.33873","0.713783"
"D:\HAA\dACC revisions\Run 4\Br6471_dACC_20x_img_021-MaxIP-Stitched_unmixed_rotated.nd2","Layer 1","dACC_v17_ FISH-IF v2.4.4","180","5336","5367","4054","4077","0","0","0","1","1","1","2100.861","0","359.2188","4","10.126801","1","11277.206","1113.6","0","0","0","0","0","0","0","0","0","0","0","0","0","0","0","95.69828","61.22112","34.477158","27.247618","0.696366"
"D:\HAA\dACC revisions\Run 4\Br6471_dACC_20x_img_021-MaxIP-Stitched_unmixed_rotated.nd2","Layer 1","dACC_v17_ FISH-IF v2.4.4","181","5049","5084","4059","4087","0","0","0","0","1","1","1636.1523","0","293.21463","0","0","0","0","0","0","0","0","0","0","0","0","0","0","0","0","0","0","0","0","138.04672","92.430084","45.61664","31.75313","0.728042"
"D:\HAA\dACC revisions\Run 4\Br6471_dACC_20x_img_021-MaxIP-Stitched_unmixed_rotated.nd2","Layer 1","dACC_v17_ FISH-IF v2.4.4","182","5350","5375","4067","4095","0","0","0","1","1","1","1988.5334","0","419.15378","10","27.434427","2","47074.023","1715.8741","0","0","0","0","0","0","0","0","0","0","0","0","0","0","0","95.09988","61.359215","33.74066","26.174877","0.780868"
"D:\HAA\dACC revisions\Run 4\Br6471_dACC_20x_img_021-MaxIP-Stitched_unmixed_rotated.nd2","Layer 1","dACC_v17_ FISH-IF v2.4.4","183","7283","7318","3735","3770","0","0","0","0","1","1","1885.3041","0","391.00986","0","0","0","0","0","0","0","0","0","0","0","0","0","0","0","0","0","0","0","0","175.05557","107.52822","67.52736","40.764153","0.718396"
"D:\HAA\dACC revisions\Run 4\Br6471_dACC_20x_img_021-MaxIP-Stitched_unmixed_rotated.nd2","Layer 1","dACC_v17_ FISH-IF v2.4.4","184","7255","7283","3739","3768","0","0","0","0","1","1","2026.3689","0","363.20187","0","0","0","0","0","0","0","0","0","0","0","0","0","0","0","0","0","0","0","0","124.78982","82.993744","41.796074","28.320358","0.91923"
"D:\HAA\dACC revisions\Run 4\Br6471_dACC_20x_img_021-MaxIP-Stitched_unmixed_rotated.nd2","Layer 1","dACC_v17_ FISH-IF v2.4.4","185","7422","7439","3741","3762","0","0","0","0","1","1","1622.5537","0","527.01825","0","0","0","0","0","0","0","0","0","0","0","0","0","0","0","0","0","0","0","0","48.976894","40.415146","8.56175","12.443794","0.77227"
"D:\HAA\dACC revisions\Run 4\Br6471_dACC_20x_img_021-MaxIP-Stitched_unmixed_rotated.nd2","Layer 1","dACC_v17_ FISH-IF v2.4.4","186","7383","7407","3741","3763","0","0","0","0","1","1","1160.8806","0","295.69196","0","0","0","0","0","0","0","0","0","0","0","0","0","0","0","0","0","0","0","0","74.8923","59.471947","15.420358","17.59295","0.812205"
"D:\HAA\dACC revisions\Run 4\Br6471_dACC_20x_img_021-MaxIP-Stitched_unmixed_rotated.nd2","Layer 1","dACC_v17_ FISH-IF v2.4.4","187","7150","7176","3746","3775","0","0","0","0","1","1","2078.4438","0","403.37845","1","2.5317","0","2442.0322","964.58185","0","0","0","0","0","0","0","0","0","0","0","0","0","0","0","110.6123","78.574776","32.037518","24.887589","0.856527"
"D:\HAA\dACC revisions\Run 4\Br6471_dACC_20x_img_021-MaxIP-Stitched_unmixed_rotated.nd2","Layer 1","dACC_v17_ FISH-IF v2.4.4","188","7428","7455","3748","3777","0","0","0","0","1","1","2216.8088","0","397.08865","0","0","0","0","0","0","0","0","0","0","0","0","0","0","0","0","0","0","0","0","104.582245","70.61143","33.970818","25.74578","0.8715"
"D:\HAA\dACC revisions\Run 4\Br6471_dACC_20x_img_021-MaxIP-Stitched_unmixed_rotated.nd2","Layer 1","dACC_v17_ FISH-IF v2.4.4","189","7375","7400","3760","3787","0","0","0","0","1","1","2261.1963","0","439.70874","0","0","0","0","0","0","0","0","0","0","0","0","0","0","0","0","0","0","0","0","88.14921","55.78947","32.359734","26.389425","0.774484"
"D:\HAA\dACC revisions\Run 4\Br6471_dACC_20x_img_021-MaxIP-Stitched_unmixed_rotated.nd2","Layer 1","dACC_v17_ FISH-IF v2.4.4","190","7279","7307","3770","3797","0","0","0","0","1","1","2292.104","0","499.89404","0","0","0","0","0","0","0","0","0","0","0","0","0","0","0","0","0","0","0","0","107.942505","73.41931","34.52319","25.74578","0.910907"
"D:\HAA\dACC revisions\Run 4\Br6471_dACC_20x_img_021-MaxIP-Stitched_unmixed_rotated.nd2","Layer 1","dACC_v17_ FISH-IF v2.4.4","191","7382","7409","3776","3803","0","0","0","0","1","1","2363.0337","0","450.7788","0","0","0","0","0","0","0","0","0","0","0","0","0","0","0","0","0","0","0","0","91.5555","58.68942","32.866074","25.96033","0.848361"
"D:\HAA\dACC revisions\Run 4\Br6471_dACC_20x_img_021-MaxIP-Stitched_unmixed_rotated.nd2","Layer 1","dACC_v17_ FISH-IF v2.4.4","192","7270","7292","3792","3819","0","0","0","0","1","1","2583.9548","0","478.76358","0","0","0","0","0","0","0","0","0","0","0","0","0","0","0","0","0","0","0","0","88.517456","60.944935","27.57252","23.171202","0.836928"
"D:\HAA\dACC revisions\Run 4\Br6471_dACC_20x_img_021-MaxIP-Stitched_unmixed_rotated.nd2","Layer 1","dACC_v17_ FISH-IF v2.4.4","193","7290","7313","3796","3823","0","0","0","0","1","1","2581.323","0","455.86093","0","0","0","0","0","0","0","0","0","0","0","0","0","0","0","0","0","0","0","0","90.86503","64.21313","26.651901","22.742105","0.884339"
"D:\HAA\dACC revisions\Run 4\Br6471_dACC_20x_img_021-MaxIP-Stitched_unmixed_rotated.nd2","Layer 1","dACC_v17_ FISH-IF v2.4.4","194","7070","7099","3797","3827","0","0","0","1","1","1","1792.1368","0","408.31052","12","26.51381","2","50001.82","1885.8784","0","0","0","0","0","1","0.736495","0","523.09534","710.25","0","0","0","0","0","125.75647","85.38735","40.369114","28.749454","0.874878"
"D:\HAA\dACC revisions\Run 4\Br6471_dACC_20x_img_021-MaxIP-Stitched_unmixed_rotated.nd2","Layer 1","dACC_v17_ FISH-IF v2.4.4","195","7215","7242","3797","3827","0","0","0","0","1","1","2421.559","0","342.50394","0","0","0","0","0","0","0","0","0","0","0","0","0","0","0","1","1.334897","0","614.6969","460.48276","116.91853","81.84297","35.075558","26.603973","0.801222"
"D:\HAA\dACC revisions\Run 4\Br6471_dACC_20x_img_021-MaxIP-Stitched_unmixed_rotated.nd2","Layer 1","dACC_v17_ FISH-IF v2.4.4","196","7185","7208","3805","3836","0","0","0","0","1","1","1977.5339","0","314.46094","2","2.623762","0","1906.4625","726.614","0","0","0","0","0","0","0","0","0","0","1","0.828557","0","344.58746","415.8889","104.95049","77.79225","27.158241","24.029396","0.704246"
"D:\HAA\dACC revisions\Run 4\Br6471_dACC_20x_img_021-MaxIP-Stitched_unmixed_rotated.nd2","Layer 1","dACC_v17_ FISH-IF v2.4.4","197","7051","7071","3818","3840","0","0","0","0","1","1","1692.7864","0","235.6384","0","0","0","0","0","0","0","0","0","0","0","0","0","0","0","0","0","0","0","0","66.14643","55.375195","10.771235","14.160179","0.804288"
"D:\HAA\dACC revisions\Run 4\Br6471_dACC_20x_img_021-MaxIP-Stitched_unmixed_rotated.nd2","Layer 1","dACC_v17_ FISH-IF v2.4.4","198","7278","7295","3820","3835","0","0","0","0","1","1","722.7879","0","291.39258","0","0","0","0","0","0","0","0","0","0","0","0","0","0","0","0","0","0","0","0","37.515198","35.996178","1.51902","5.363704","0.615628"
"D:\HAA\dACC revisions\Run 4\Br6471_dACC_20x_img_021-MaxIP-Stitched_unmixed_rotated.nd2","Layer 1","dACC_v17_ FISH-IF v2.4.4","199","7238","7262","3829","3856","0","0","0","0","1","1","2309.198","0","333.47867","0","0","0","0","0","0","0","0","0","0","0","0","0","0","0","0","0","0","0","0","94.50147","71.25586","23.245613","21.454817","0.813671"
"D:\HAA\dACC revisions\Run 4\Br6471_dACC_20x_img_021-MaxIP-Stitched_unmixed_rotated.nd2","Layer 1","dACC_v17_ FISH-IF v2.4.4","200","7284","7307","3838","3870","0","0","0","0","1","1","1650.621","0","370.96176","0","0","0","0","0","0","0","0","0","0","0","0","0","0","0","0","0","0","0","0","107.620285","79.44936","28.170921","24.458492","0.702088"
"D:\HAA\dACC revisions\Run 4\Br6471_dACC_20x_img_021-MaxIP-Stitched_unmixed_rotated.nd2","Layer 1","dACC_v17_ FISH-IF v2.4.4","201","7042","7067","3856","3880","0","0","0","1","1","1","2080.7322","0","328.21683","6","16.248915","1","23085.334","1420.7308","0","0","0","0","0","2","1.887268","0","1576.605","835.39026","0","0","0","0","0","92.56818","70.05906","22.509119","20.596624","0.869503"
"D:\HAA\dACC revisions\Run 4\Br6471_dACC_20x_img_021-MaxIP-Stitched_unmixed_rotated.nd2","Layer 1","dACC_v17_ FISH-IF v2.4.4","202","7341","7369","3871","3897","0","0","0","0","1","1","1321.3049","0","285.60168","0","0","0","0","0","0","0","0","0","0","0","0","0","0","0","0","0","0","0","0","106.0092","76.27323","29.735973","24.458492","0.871244"
"D:\HAA\dACC revisions\Run 4\Br6471_dACC_20x_img_021-MaxIP-Stitched_unmixed_rotated.nd2","Layer 1","dACC_v17_ FISH-IF v2.4.4","203","7232","7267","3939","3976","0","0","0","0","1","1","2112.2847","0","449.42294","0","0","0","0","0","0","0","0","0","0","1","2.209484","0","1329.557","601.75","2","5.569741","0","2575.5679","462.42148","184.35382","113.512245","70.84158","39.90596","0.743928"
"D:\HAA\dACC revisions\Run 4\Br6471_dACC_20x_img_021-MaxIP-Stitched_unmixed_rotated.nd2","Layer 1","dACC_v17_ FISH-IF v2.4.4","204","7338","7365","3943","3972","0","0","0","0","1","1","1685.3735","0","320.48352","0","0","0","0","0","0","0","0","0","0","0","0","0","0","0","0","0","0","0","0","105.73302","74.06374","31.669271","25.74578","0.840731"
"D:\HAA\dACC revisions\Run 4\Br6471_dACC_20x_img_021-MaxIP-Stitched_unmixed_rotated.nd2","Layer 1","dACC_v17_ FISH-IF v2.4.4","205","7285","7305","3946","3974","0","0","0","0","1","1","375.0269","0","151.03178","0","0","0","0","0","0","0","0","0","0","0","0","0","0","0","0","0","0","0","0","89.80632","70.979675","18.826645","19.738432","0.676989"
"D:\HAA\dACC revisions\Run 4\Br6471_dACC_20x_img_021-MaxIP-Stitched_unmixed_rotated.nd2","Layer 1","dACC_v17_ FISH-IF v2.4.4","206","7352","7384","3962","3994","0","0","0","0","1","1","1919.7545","0","326.41855","0","0","0","0","0","0","0","0","0","0","0","0","0","0","0","0","0","0","0","0","146.37831","92.38405","53.994267","31.967678","0.873673"
"D:\HAA\dACC revisions\Run 4\Br6471_dACC_20x_img_021-MaxIP-Stitched_unmixed_rotated.nd2","Layer 1","dACC_v17_ FISH-IF v2.4.4","207","7265","7285","3974","3994","0","0","0","0","1","1","1311.6666","0","261.06564","0","0","0","0","0","0","0","0","0","0","0","0","0","0","0","0","0","0","0","0","59.61004","51.18638","8.423658","12.443794","0.889021"
"D:\HAA\dACC revisions\Run 4\Br6471_dACC_20x_img_021-MaxIP-Stitched_unmixed_rotated.nd2","Layer 1","dACC_v17_ FISH-IF v2.4.4","208","7219","7246","3981","4006","0","0","0","0","1","1","2349.4663","0","345.39075","0","0","0","0","0","0","0","0","0","0","0","0","0","0","0","0","0","0","0","0","91.46343","60.66875","30.794683","26.174877","0.669939"
"D:\HAA\dACC revisions\Run 4\Br6471_dACC_20x_img_021-MaxIP-Stitched_unmixed_rotated.nd2","Layer 1","dACC_v17_ FISH-IF v2.4.4","209","7181","7201","3991","4011","0","0","0","0","1","1","554.16364","0","142.29657","0","0","0","0","0","0","0","0","0","0","0","0","0","0","0","0","0","0","0","0","57.262463","49.66736","7.595101","12.014698","0.915089"
"D:\HAA\dACC revisions\Run 4\Br6471_dACC_20x_img_021-MaxIP-Stitched_unmixed_rotated.nd2","Layer 1","dACC_v17_ FISH-IF v2.4.4","210","7219","7249","4005","4027","0","0","0","0","1","1","2092.1038","0","377.5276","0","0","0","0","0","0","0","0","0","0","0","0","0","0","0","0","0","0","0","0","101.63627","62.556015","39.08025","27.462166","0.845428"
"D:\HAA\dACC revisions\Run 4\Br6471_dACC_20x_img_021-MaxIP-Stitched_unmixed_rotated.nd2","Layer 1","dACC_v17_ FISH-IF v2.4.4","211","7280","7303","4003","4025","0","0","0","0","1","1","1768.8384","0","304.9034","0","0","0","0","0","0","0","0","0","0","0","0","0","0","0","0","0","0","0","0","72.77488","59.1037","13.671183","16.30566","0.886744"
"D:\HAA\dACC revisions\Run 4\Br6471_dACC_20x_img_021-MaxIP-Stitched_unmixed_rotated.nd2","Layer 1","dACC_v17_ FISH-IF v2.4.4","212","7088","7115","4072","4098","0","0","0","0","1","1","2014.0637","0","314.27164","2","1.657113","0","1354.2756","817.25","0","0","0","0","0","0","0","0","0","0","0","0","0","0","0","107.942505","69.644775","38.29772","27.462166","0.821296"
"D:\HAA\dACC revisions\Run 4\Br6471_dACC_20x_img_021-MaxIP-Stitched_unmixed_rotated.nd2","Layer 1","dACC_v17_ FISH-IF v2.4.4","213","7088","7119","4097","4123","0","0","0","0","1","1","1607.6909","0","313.1642","0","0","0","0","0","0","0","0","0","0","0","0","0","0","0","0","0","0","0","0","120.41688","74.846275","45.57061","30.251291","0.89544"
"D:\HAA\dACC revisions\Run 4\Br6471_dACC_20x_img_021-MaxIP-Stitched_unmixed_rotated.nd2","Layer 1","dACC_v17_ FISH-IF v2.4.4","214","7401","7423","4096","4122","0","0","0","0","1","1","1342.1266","0","263.10516","0","0","0","0","0","0","0","0","0","0","0","0","0","0","0","0","0","0","0","0","78.02241","63.476635","14.54577","18.451143","0.663569"
"D:\HAA\dACC revisions\Run 4\Br6471_dACC_20x_img_021-MaxIP-Stitched_unmixed_rotated.nd2","Layer 1","dACC_v17_ FISH-IF v2.4.4","215","7135","7162","4110","4137","0","0","0","0","1","1","2059.3792","0","358.5136","1","0.920618","0","802.1808","871.35","0","0","0","0","0","0","0","0","0","0","0","0","0","0","0","105.594925","76.0891","29.505817","24.458492","0.911396"
"D:\HAA\dACC revisions\Run 4\Br6471_dACC_20x_img_021-MaxIP-Stitched_unmixed_rotated.nd2","Layer 1","dACC_v17_ FISH-IF v2.4.4","216","7665","7691","4131","4163","0","0","0","0","1","1","1253.2368","0","312.7485","1","2.301546","0","2181.6814","947.92","0","0","0","0","0","0","0","0","0","0","0","0","0","0","0","113.23605","76.68751","36.54855","27.891262","0.745463"
"D:\HAA\dACC revisions\Run 4\Br6471_dACC_20x_img_021-MaxIP-Stitched_unmixed_rotated.nd2","Layer 1","dACC_v17_ FISH-IF v2.4.4","217","7745","7769","4143","4169","0","0","0","1","1","1","1058.0698","0","227.35054","4","13.901337","1","18663.559","1342.5729","0","0","0","0","0","0","0","0","0","0","0","0","0","0","0","86.860344","67.75751","19.10283","20.596624","0.721174"
"D:\HAA\dACC revisions\Run 4\Br6471_dACC_20x_img_021-MaxIP-Stitched_unmixed_rotated.nd2","Layer 1","dACC_v17_ FISH-IF v2.4.4","218","7742","7771","4234","4262","0","0","0","0","1","1","1630.7593","0","310.13177","0","0","0","0","0","0","0","0","0","0","0","0","0","0","0","0","0","0","0","0","119.54229","82.441376","37.100918","27.03307","0.902441"
"D:\HAA\dACC revisions\Run 4\Br6471_dACC_20x_img_021-MaxIP-Stitched_unmixed_rotated.nd2","Layer 1","dACC_v17_ FISH-IF v2.4.4","219","7690","7713","4235","4263","0","0","0","0","1","1","1171.439","0","254.05429","0","0","0","0","0","0","0","0","0","0","0","0","0","0","0","0","0","0","0","0","97.44745","72.91297","24.53448","21.883913","0.803668"
"D:\HAA\dACC revisions\Run 4\Br6471_dACC_20x_img_021-MaxIP-Stitched_unmixed_rotated.nd2","Layer 1","dACC_v17_ FISH-IF v2.4.4","220","7650","7677","4243","4267","0","0","0","0","1","1","1495.9806","0","323.60123","0","0","0","0","0","0","0","0","0","0","0","0","0","0","0","0","0","0","0","0","95.974464","60.484627","35.489838","25.96033","0.807855"
"D:\HAA\dACC revisions\Run 4\Br6471_dACC_20x_img_021-MaxIP-Stitched_unmixed_rotated.nd2","Layer 1","dACC_v17_ FISH-IF v2.4.4","221","7712","7738","4256","4284","0","0","0","0","1","1","1749.8425","0","334.2693","0","0","0","0","0","0","0","0","0","0","0","0","0","0","0","0","0","0","0","0","109.69167","78.11446","31.57721","24.458492","0.871343"
"D:\HAA\dACC revisions\Run 4\Br6471_dACC_20x_img_021-MaxIP-Stitched_unmixed_rotated.nd2","Layer 1","dACC_v17_ FISH-IF v2.4.4","222","7795","7810","4258","4269","0","0","0","0","1","1","1434.9546","0","488.16492","0","0","0","0","0","0","0","0","0","0","0","0","0","0","0","0","0","0","0","0","22.785305","21.772623","1.01268","3.432771","0.776727"
"D:\HAA\dACC revisions\Run 4\Br6471_dACC_20x_img_021-MaxIP-Stitched_unmixed_rotated.nd2","Layer 1","dACC_v17_ FISH-IF v2.4.4","223","7647","7675","4264","4288","0","0","0","0","1","1","1487.8389","0","349.78638","0","0","0","0","0","0","0","0","0","0","0","0","0","0","0","0","0","0","0","0","94.6856","60.11638","34.569218","25.96033","0.841937"
"D:\HAA\dACC revisions\Run 4\Br6471_dACC_20x_img_021-MaxIP-Stitched_unmixed_rotated.nd2","Layer 1","dACC_v17_ FISH-IF v2.4.4","224","7788","7815","4267","4299","0","0","0","0","1","1","1809.6355","0","437.23795","0","0","0","0","0","0","0","0","0","0","0","0","0","0","0","0","0","0","0","0","128.79451","83.960396","44.834114","29.822195","0.779463"
"D:\HAA\dACC revisions\Run 4\Br6471_dACC_20x_img_021-MaxIP-Stitched_unmixed_rotated.nd2","Layer 1","dACC_v17_ FISH-IF v2.4.4","225","7821","7849","4266","4292","0","0","0","0","1","1","1890.9419","0","410.76227","0","0","0","0","0","0","0","0","0","0","0","0","0","0","0","0","0","0","0","0","102.83307","75.12246","27.710613","23.600298","0.818532"
"D:\HAA\dACC revisions\Run 4\Br6471_dACC_20x_img_021-MaxIP-Stitched_unmixed_rotated.nd2","Layer 1","dACC_v17_ FISH-IF v2.4.4","226","7623","7650","4292","4320","0","0","0","0","1","1","1334.7588","0","288.01685","0","0","0","0","0","0","0","0","0","0","0","0","0","0","0","0","0","0","0","0","110.658325","79.17318","31.485147","25.316685","0.777763"
"D:\HAA\dACC revisions\Run 4\Br6471_dACC_20x_img_021-MaxIP-Stitched_unmixed_rotated.nd2","Layer 1","dACC_v17_ FISH-IF v2.4.4","227","7563","7584","4295","4320","0","0","0","0","1","1","957.93805","0","266.42868","0","0","0","0","0","0","0","0","0","0","0","0","0","0","0","0","0","0","0","0","79.633484","58.09102","21.542469","21.669365","0.668291"
"D:\HAA\dACC revisions\Run 4\Br6471_dACC_20x_img_021-MaxIP-Stitched_unmixed_rotated.nd2","Layer 1","dACC_v17_ FISH-IF v2.4.4","228","7712","7731","4295","4314","0","0","0","0","1","1","483.68494","0","178.71129","0","0","0","0","0","0","0","0","0","0","0","0","0","0","0","0","0","0","0","0","54.868855","48.14834","6.720514","10.727408","0.903167"
"D:\HAA\dACC revisions\Run 4\Br6471_dACC_20x_img_021-MaxIP-Stitched_unmixed_rotated.nd2","Layer 1","dACC_v17_ FISH-IF v2.4.4","229","7652","7680","4300","4328","0","0","0","0","1","1","1189.9431","0","290.0167","0","0","0","0","0","0","0","0","0","0","0","0","0","0","0","0","0","0","0","0","112.82178","77.239876","35.581898","26.603973","0.822287"
"D:\HAA\dACC revisions\Run 4\Br6471_dACC_20x_img_021-MaxIP-Stitched_unmixed_rotated.nd2","Layer 1","dACC_v17_ FISH-IF v2.4.4","230","7585","7613","4300","4328","0","0","0","0","1","1","1532.8544","0","286.61316","0","0","0","0","0","0","0","0","0","0","0","0","0","0","0","0","0","0","0","0","115.12332","79.72555","35.397774","25.74578","0.922271"
"D:\HAA\dACC revisions\Run 4\Br6471_dACC_20x_img_021-MaxIP-Stitched_unmixed_rotated.nd2","Layer 1","dACC_v17_ FISH-IF v2.4.4","231","7564","7581","4318","4333","0","0","0","0","1","1","866.08185","0","206.02635","0","0","0","0","0","0","0","0","0","0","0","0","0","0","0","0","0","0","0","0","34.75334","29.689941","5.063401","9.654668","0.679092"
"D:\HAA\dACC revisions\Run 4\Br6471_dACC_20x_img_021-MaxIP-Stitched_unmixed_rotated.nd2","Layer 1","dACC_v17_ FISH-IF v2.4.4","232","7737","7763","4318","4355","0","0","0","0","1","1","2329.3735","0","421.8275","0","0","0","0","0","0","0","0","0","0","0","0","0","0","0","0","0","0","0","0","145.82594","97.40142","48.424526","32.61132","0.71366"
"D:\HAA\dACC revisions\Run 4\Br6471_dACC_20x_img_021-MaxIP-Stitched_unmixed_rotated.nd2","Layer 1","dACC_v17_ FISH-IF v2.4.4","233","7578","7594","4321","4339","0","0","0","0","1","1","827.7344","0","352.7077","0","0","0","0","0","0","0","0","0","0","0","0","0","0","0","0","0","0","0","0","39.954838","37.008858","2.945979","7.294638","0.682972"
"D:\HAA\dACC revisions\Run 4\Br6471_dACC_20x_img_021-MaxIP-Stitched_unmixed_rotated.nd2","Layer 1","dACC_v17_ FISH-IF v2.4.4","234","7661","7687","4323","4350","0","0","0","0","1","1","1988.1272","0","340.4547","0","0","0","0","0","0","0","0","0","0","0","0","0","0","0","0","0","0","0","0","100.4855","71.163795","29.321695","23.600298","0.917824"
"D:\HAA\dACC revisions\Run 4\Br6471_dACC_20x_img_021-MaxIP-Stitched_unmixed_rotated.nd2","Layer 1","dACC_v17_ FISH-IF v2.4.4","235","7451","7480","4324","4353","0","0","0","0","1","1","1636.609","0","275.419","0","0","0","0","0","0","0","0","0","0","0","0","0","0","0","0","0","0","0","0","118.29946","82.39534","35.904114","27.03307","0.82696"
"D:\HAA\dACC revisions\Run 4\Br6471_dACC_20x_img_021-MaxIP-Stitched_unmixed_rotated.nd2","Layer 1","dACC_v17_ FISH-IF v2.4.4","236","7692","7716","4332","4366","0","0","0","0","1","1","1681.3794","0","357.8192","0","0","0","0","0","0","0","0","0","0","0","0","0","0","0","0","0","0","0","0","122.58033","86.30797","36.27236","27.462166","0.707826"
"D:\HAA\dACC revisions\Run 4\Br6471_dACC_20x_img_021-MaxIP-Stitched_unmixed_rotated.nd2","Layer 1","dACC_v17_ FISH-IF v2.4.4","237","7486","7505","4370","4399","0","0","0","0","1","1","1182.5792","0","293.90732","0","0","0","0","0","0","0","0","0","0","0","0","0","0","0","0","0","0","0","0","85.89369","57.124367","28.769323","23.600298","0.78382"
"D:\HAA\dACC revisions\Run 4\Br6471_dACC_20x_img_021-MaxIP-Stitched_unmixed_rotated.nd2","Layer 1","dACC_v17_ FISH-IF v2.4.4","238","7470","7486","4373","4398","0","0","0","0","1","1","1172.4163","0","265.86502","0","0","0","0","0","0","0","0","0","0","0","0","0","0","0","0","0","0","0","0","64.25916","45.018238","19.240923","18.665691","0.732771"
"D:\HAA\dACC revisions\Run 4\Br6471_dACC_20x_img_021-MaxIP-Stitched_unmixed_rotated.nd2","Layer 1","dACC_v17_ FISH-IF v2.4.4","239","7713","7743","4398","4426","0","0","0","0","1","1","1592.8627","0","280.6487","0","0","0","0","0","0","0","0","0","0","0","0","0","0","0","0","0","0","0","0","119.081985","71.80823","47.273754","31.324034","0.789948"
"D:\HAA\dACC revisions\Run 4\Br6471_dACC_20x_img_021-MaxIP-Stitched_unmixed_rotated.nd2","Layer 1","dACC_v17_ FISH-IF v2.4.4","240","7459","7484","4400","4426","0","0","0","0","1","1","1659.3761","0","365.19058","0","0","0","0","0","0","0","0","0","0","0","0","0","0","0","0","0","0","0","0","82.119156","54.822823","27.296333","23.171202","0.873785"
"D:\HAA\dACC revisions\Run 4\Br6471_dACC_20x_img_021-MaxIP-Stitched_unmixed_rotated.nd2","Layer 1","dACC_v17_ FISH-IF v2.4.4","241","7585","7617","4407","4438","0","0","0","0","1","1","1384.3298","0","276.36157","0","0","0","0","0","0","0","0","0","0","0","0","0","0","0","0","0","0","0","0","140.11812","91.27931","48.838802","31.324034","0.916635"
"D:\HAA\dACC revisions\Run 4\Br6471_dACC_20x_img_021-MaxIP-Stitched_unmixed_rotated.nd2","Layer 1","dACC_v17_ FISH-IF v2.4.4","242","7467","7493","4414","4443","0","0","0","0","1","1","1557.4237","0","356.7943","1","0.50634","0","351.2159","693.63635","0","0","0","0","0","0","0","0","0","0","0","0","0","0","0","95.69828","63.108387","32.58989","25.74578","0.769541"
"D:\HAA\dACC revisions\Run 4\Br6471_dACC_20x_img_021-MaxIP-Stitched_unmixed_rotated.nd2","Layer 1","dACC_v17_ FISH-IF v2.4.4","243","7711","7736","4423","4445","0","0","0","0","1","1","1779.4932","0","352.19556","0","0","0","0","0","0","0","0","0","0","0","0","0","0","0","0","0","0","0","0","80.87632","53.902203","26.974117","22.31301","0.819074"
"D:\HAA\dACC revisions\Run 4\Br6471_dACC_20x_img_021-MaxIP-Stitched_unmixed_rotated.nd2","Layer 1","dACC_v17_ FISH-IF v2.4.4","244","7806","7830","4425","4454","0","0","0","0","1","1","1928.4026","0","419.5176","0","0","0","0","0","0","0","0","0","0","0","0","0","0","0","0","0","0","0","0","98.96647","66.606735","32.359734","24.458492","0.87024"
"D:\HAA\dACC revisions\Run 4\Br6471_dACC_20x_img_021-MaxIP-Stitched_unmixed_rotated.nd2","Layer 1","dACC_v17_ FISH-IF v2.4.4","245","7785","7811","4433","4461","0","0","0","0","1","1","1413.8793","0","359.75787","0","0","0","0","0","0","0","0","0","0","0","0","0","0","0","0","0","0","0","0","103.70766","68.632095","35.075558","26.603973","0.8525"
"D:\HAA\dACC revisions\Run 4\Br6471_dACC_20x_img_021-MaxIP-Stitched_unmixed_rotated.nd2","Layer 1","dACC_v17_ FISH-IF v2.4.4","246","7648","7667","4440","4459","0","0","0","0","1","1","702.8707","0","200.86723","0","0","0","0","0","0","0","0","0","0","0","0","0","0","0","0","0","0","0","0","54.960915","48.19437","6.766545","10.727408","0.877421"
"D:\HAA\dACC revisions\Run 4\Br6471_dACC_20x_img_021-MaxIP-Stitched_unmixed_rotated.nd2","Layer 1","dACC_v17_ FISH-IF v2.4.4","247","7608","7633","4442","4466","0","0","0","0","1","1","1286.6385","0","247.93657","0","0","0","0","0","0","0","0","0","0","0","0","0","0","0","0","0","0","0","0","88.24127","67.48132","20.759943","19.738432","0.877594"
"D:\HAA\dACC revisions\Run 4\Br6471_dACC_20x_img_021-MaxIP-Stitched_unmixed_rotated.nd2","Layer 1","dACC_v17_ FISH-IF v2.4.4","248","7558","7588","4452","4480","0","0","0","0","1","1","1585.7325","0","352.76303","0","0","0","0","0","0","0","0","0","0","0","0","0","0","0","0","0","0","0","0","122.810486","83.91436","38.896126","27.462166","0.894042"
"D:\HAA\dACC revisions\Run 4\Br6471_dACC_20x_img_021-MaxIP-Stitched_unmixed_rotated.nd2","Layer 1","dACC_v17_ FISH-IF v2.4.4","249","7795","7819","4461","4490","0","0","0","0","1","1","1997","0","423.86496","0","0","0","0","0","0","0","0","0","0","0","0","0","0","0","0","0","0","0","0","96.987144","68.17179","28.815355","23.600298","0.815615"
"D:\HAA\dACC revisions\Run 4\Br6471_dACC_20x_img_021-MaxIP-Stitched_unmixed_rotated.nd2","Layer 1","dACC_v17_ FISH-IF v2.4.4","250","7447","7488","4468","4496","0","0","0","0","1","1","1517.3735","0","403.81363","0","0","0","0","0","0","0","0","0","0","0","0","0","0","0","0","0","0","0","0","167.09222","108.67899","58.413235","37.54593","0.611354"
"D:\HAA\dACC revisions\Run 4\Br6471_dACC_20x_img_021-MaxIP-Stitched_unmixed_rotated.nd2","Layer 1","dACC_v17_ FISH-IF v2.4.4","251","7607","7628","4475","4497","0","0","0","0","1","1","1543.3796","0","258.564","0","0","0","0","0","0","0","0","0","0","0","0","0","0","0","0","0","0","0","0","67.02102","55.743443","11.277575","14.160179","0.885737"
"D:\HAA\dACC revisions\Run 4\Br6471_dACC_20x_img_021-MaxIP-Stitched_unmixed_rotated.nd2","Layer 1","dACC_v17_ FISH-IF v2.4.4","252","7784","7811","4480","4503","0","0","0","0","1","1","2002.8806","0","457.5174","0","0","0","0","0","0","0","0","0","0","0","0","0","0","0","0","0","0","0","0","83.03977","50.265762","32.774014","25.102137","0.838058"
"D:\HAA\dACC revisions\Run 4\Br6471_dACC_20x_img_021-MaxIP-Stitched_unmixed_rotated.nd2","Layer 1","dACC_v17_ FISH-IF v2.4.4","253","7783","7810","4502","4521","0","0","0","0","1","1","1980.1023","0","436.7592","0","0","0","0","0","0","0","0","0","0","0","0","0","0","0","0","0","0","0","0","79.31127","43.775402","35.53587","26.174877","0.862137"
"D:\HAA\dACC revisions\Run 4\Br6471_dACC_20x_img_021-MaxIP-Stitched_unmixed_rotated.nd2","Layer 1","dACC_v17_ FISH-IF v2.4.4","254","7533","7552","4505","4525","0","0","0","0","1","1","664.6928","0","173.23729","0","0","0","0","0","0","0","0","0","0","0","0","0","0","0","0","0","0","0","0","55.927567","48.884834","7.04273","11.156505","0.84077"
"D:\HAA\dACC revisions\Run 4\Br6471_dACC_20x_img_021-MaxIP-Stitched_unmixed_rotated.nd2","Layer 1","dACC_v17_ FISH-IF v2.4.4","255","7780","7809","4518","4544","0","0","0","0","1","1","1765.601","0","401.02402","0","0","0","0","0","0","0","0","0","0","0","0","0","0","0","0","0","0","0","0","109.36946","69.00034","40.369114","28.749454","0.861345"
"D:\HAA\dACC revisions\Run 4\Br6471_dACC_20x_img_021-MaxIP-Stitched_unmixed_rotated.nd2","Layer 1","dACC_v17_ FISH-IF v2.4.4","256","3457","3491","4922","4944","0","0","0","0","1","1","1004.6239","0","348.67697","0","0","0","0","0","0","0","0","0","0","0","0","0","0","0","0","0","0","0","0","102.51086","65.54803","36.962826","29.822195","0.67962"
"D:\HAA\dACC revisions\Run 4\Br6471_dACC_20x_img_021-MaxIP-Stitched_unmixed_rotated.nd2","Layer 1","dACC_v17_ FISH-IF v2.4.4","257","3824","3860","4918","4951","0","1","0","0","1","1","863.7481","0","267.916","0","0","0","0","0","3","2.5317","0","1700.0138","671.4909","12","13.02675","2","10308.117","772.2034","0","0","0","0","0","179.01424","105.73302","73.28122","37.331383","0.842425"
"D:\HAA\dACC revisions\Run 4\Br6471_dACC_20x_img_021-MaxIP-Stitched_unmixed_rotated.nd2","Layer 1","dACC_v17_ FISH-IF v2.4.4","258","3773","3799","4932","4959","0","0","0","0","1","1","2015.6262","0","336.51755","0","0","0","0","0","0","0","0","0","0","0","0","0","0","0","0","0","0","0","0","101.77436","74.80024","26.974117","23.171202","0.799685"
"D:\HAA\dACC revisions\Run 4\Br6471_dACC_20x_img_021-MaxIP-Stitched_unmixed_rotated.nd2","Layer 1","dACC_v17_ FISH-IF v2.4.4","259","3594","3627","4939","4972","0","0","0","0","1","1","351.51306","0","260.64474","0","0","0","0","0","0","0","0","0","0","0","0","0","0","0","0","0","0","0","0","138.78322","96.52683","42.256382","33.89861","0.761351"
"D:\HAA\dACC revisions\Run 4\Br6471_dACC_20x_img_021-MaxIP-Stitched_unmixed_rotated.nd2","Layer 1","dACC_v17_ FISH-IF v2.4.4","260","3736","3771","4946","4976","0","0","0","0","1","1","1403.4417","0","364.4904","0","0","0","0","0","0","0","0","0","0","0","0","0","0","0","1","0.690464","0","320.05298","463.53333","133.90395","86.169876","47.734062","33.469513","0.737995"
"D:\HAA\dACC revisions\Run 4\Br6471_dACC_20x_img_021-MaxIP-Stitched_unmixed_rotated.nd2","Layer 1","dACC_v17_ FISH-IF v2.4.4","261","3702","3727","4959","4989","0","0","0","0","1","1","2289.2341","0","398.65576","0","0","0","0","0","0","0","0","0","0","0","0","0","0","0","0","0","0","0","0","111.486885","80.23189","31.254993","25.316685","0.769931"
"D:\HAA\dACC revisions\Run 4\Br6471_dACC_20x_img_021-MaxIP-Stitched_unmixed_rotated.nd2","Layer 1","dACC_v17_ FISH-IF v2.4.4","262","3729","3754","4964","4992","0","0","0","0","1","1","2508.5103","0","511.61954","0","0","0","0","0","0","0","0","0","0","1","1.426958","0","1190.6818","834.4194","0","0","0","0","0","100.07121","70.657455","29.413755","24.887589","0.728649"
"D:\HAA\dACC revisions\Run 4\Br6471_dACC_20x_img_021-MaxIP-Stitched_unmixed_rotated.nd2","Layer 1","dACC_v17_ FISH-IF v2.4.4","263","3611","3643","4965","5000","0","0","0","0","1","1","372.48203","0","282.83905","0","0","0","0","0","0","0","0","0","0","0","0","0","0","0","0","0","0","0","0","155.76863","105.82508","49.943546","37.331383","0.734235"
"D:\HAA\dACC revisions\Run 4\Br6471_dACC_20x_img_021-MaxIP-Stitched_unmixed_rotated.nd2","Layer 1","dACC_v17_ FISH-IF v2.4.4","264","3580","3599","5010","5029","0","0","0","0","1","1","363.20755","0","174.60995","0","0","0","0","0","0","0","0","0","0","0","0","0","0","0","0","0","0","0","0","49.253082","44.373806","4.879277","9.44012","0.862177"
"D:\HAA\dACC revisions\Run 4\Br6471_dACC_20x_img_021-MaxIP-Stitched_unmixed_rotated.nd2","Layer 1","dACC_v17_ FISH-IF v2.4.4","265","3657","3682","5011","5039","0","0","0","0","1","1","2249.9983","0","366.44977","0","0","0","0","0","0","0","0","0","0","0","0","0","0","0","0","0","0","0","0","101.037865","73.78756","27.250303","22.742105","0.855791"
"D:\HAA\dACC revisions\Run 4\Br6471_dACC_20x_img_021-MaxIP-Stitched_unmixed_rotated.nd2","Layer 1","dACC_v17_ FISH-IF v2.4.4","266","3545","3565","5017","5042","0","0","0","0","1","1","1183.8691","0","197.26949","1","3.820566","0","4171.69","1091.9036","0","0","0","0","0","0","0","0","0","0","0","0","0","0","0","73.46535","60.806843","12.658503","15.876565","0.687455"
"D:\HAA\dACC revisions\Run 4\Br6471_dACC_20x_img_021-MaxIP-Stitched_unmixed_rotated.nd2","Layer 1","dACC_v17_ FISH-IF v2.4.4","267","3653","3673","5038","5057","0","0","0","0","1","1","527.9","0","273.26096","0","0","0","0","0","0","0","0","0","0","0","0","0","0","0","0","0","0","0","0","56.756123","49.391174","7.364947","11.800149","0.818446"
"D:\HAA\dACC revisions\Run 4\Br6471_dACC_20x_img_021-MaxIP-Stitched_unmixed_rotated.nd2","Layer 1","dACC_v17_ FISH-IF v2.4.4","268","3477","3506","5050","5078","0","0","0","0","1","1","1627.7745","0","268.8603","0","0","0","0","0","0","0","0","0","0","0","0","0","0","0","0","0","0","0","0","112.59162","79.72555","32.866074","26.174877","0.815658"
"D:\HAA\dACC revisions\Run 4\Br6471_dACC_20x_img_021-MaxIP-Stitched_unmixed_rotated.nd2","Layer 1","dACC_v17_ FISH-IF v2.4.4","269","3448","3477","5052","5093","0","0","0","0","1","1","1678.2216","0","302.26273","0","0","0","0","0","0","0","0","0","0","0","0","0","0","0","0","0","0","0","0","153.97342","103.89178","50.08164","37.116833","0.606262"
"D:\HAA\dACC revisions\Run 4\Br6471_dACC_20x_img_021-MaxIP-Stitched_unmixed_rotated.nd2","Layer 1","dACC_v17_ FISH-IF v2.4.4","270","3442","3463","5091","5121","0","0","0","0","1","1","543.7446","0","141.24425","0","0","0","0","0","0","0","0","0","0","0","0","0","0","0","0","0","0","0","0","91.27931","71.992355","19.286955","21.02572","0.64423"
"D:\HAA\dACC revisions\Run 4\Br6471_dACC_20x_img_021-MaxIP-Stitched_unmixed_rotated.nd2","Layer 1","dACC_v17_ FISH-IF v2.4.4","271","3608","3635","5092","5117","0","0","0","1","1","1","1370.5785","0","272.69388","4","16.018759","1","24683.803","1540.931","0","0","0","0","0","0","0","0","0","0","0","0","0","0","0","95.33003","72.176476","23.153551","21.883913","0.742965"
"D:\HAA\dACC revisions\Run 4\Br6471_dACC_20x_img_021-MaxIP-Stitched_unmixed_rotated.nd2","Layer 1","dACC_v17_ FISH-IF v2.4.4","272","3711","3733","5097","5117","0","0","0","0","1","1","1039.6608","0","163.86543","0","0","0","0","0","0","0","0","0","0","0","0","0","0","0","0","0","0","0","0","65.04169","54.730762","10.310925","14.160179","0.811917"
"D:\HAA\dACC revisions\Run 4\Br6471_dACC_20x_img_021-MaxIP-Stitched_unmixed_rotated.nd2","Layer 1","dACC_v17_ FISH-IF v2.4.4","273","3488","3510","5117","5139","0","0","0","0","1","1","1329.8845","0","232.3312","0","0","0","0","0","0","0","0","0","0","0","0","0","0","0","0","0","0","0","0","70.42731","57.67674","12.750565","15.447468","0.881698"
"D:\HAA\dACC revisions\Run 4\Br6471_dACC_20x_img_021-MaxIP-Stitched_unmixed_rotated.nd2","Layer 1","dACC_v17_ FISH-IF v2.4.4","274","3581","3615","5124","5158","0","0","0","0","1","1","2276.8062","0","500.37186","3","7.687163","0","12005.277","1561.7306","0","0","0","0","0","0","0","0","0","0","0","0","0","0","0","149.96873","84.4207","65.54803","39.69141","0.759804"
"D:\HAA\dACC revisions\Run 4\Br6471_dACC_20x_img_021-MaxIP-Stitched_unmixed_rotated.nd2","Layer 1","dACC_v17_ FISH-IF v2.4.4","275","3580","3608","5150","5177","0","0","0","1","1","1","1606.6404","0","389.72263","7","20.023449","1","30771.898","1536.7931","0","0","0","0","0","0","0","0","0","0","0","0","0","0","0","98.4141","57.58468","40.829422","31.967678","0.718744"
"D:\HAA\dACC revisions\Run 4\Br6471_dACC_20x_img_021-MaxIP-Stitched_unmixed_rotated.nd2","Layer 1","dACC_v17_ FISH-IF v2.4.4","276","3607","3626","5153","5177","0","0","0","0","1","1","1200.806","0","330.4273","0","0","0","0","0","0","0","0","0","0","0","0","0","0","0","0","0","0","0","0","70.42731","51.922874","18.504429","19.094788","0.821207"
"D:\HAA\dACC revisions\Run 4\Br6471_dACC_20x_img_021-MaxIP-Stitched_unmixed_rotated.nd2","Layer 1","dACC_v17_ FISH-IF v2.4.4","277","3779","3799","5199","5219","0","0","0","0","1","1","879.2474","0","184.48894","0","0","0","0","0","0","0","0","0","0","0","0","0","0","0","0","0","0","0","0","58.64339","49.897514","8.745874","12.229246","0.886577"
"D:\HAA\dACC revisions\Run 4\Br6471_dACC_20x_img_021-MaxIP-Stitched_unmixed_rotated.nd2","Layer 1","dACC_v17_ FISH-IF v2.4.4","278","3508","3536","5203","5232","0","0","0","1","1","1","1904.723","0","371.72757","9","20.898037","1","34426.523","1647.3568","0","0","0","0","0","0","0","0","0","0","0","0","0","0","0","114.66302","80.600136","34.062878","26.603973","0.862015"
"D:\HAA\dACC revisions\Run 4\Br6471_dACC_20x_img_021-MaxIP-Stitched_unmixed_rotated.nd2","Layer 1","dACC_v17_ FISH-IF v2.4.4","279","3766","3782","5207","5225","0","0","0","0","1","1","404.85","0","180.1907","0","0","0","0","0","0","0","0","0","0","0","0","0","0","0","0","0","0","0","0","40.415146","37.65329","2.761855","7.08009","0.770927"
"D:\HAA\dACC revisions\Run 4\Br6471_dACC_20x_img_021-MaxIP-Stitched_unmixed_rotated.nd2","Layer 1","dACC_v17_ FISH-IF v2.4.4","280","3805","3827","5233","5260","0","0","0","1","1","1","893.1439","0","229.40271","4","12.290255","1","17666.896","1437.4719","0","0","0","0","0","0","0","0","0","0","0","0","0","0","0","86.76828","67.89561","18.872677","19.309336","0.724448"
"D:\HAA\dACC revisions\Run 4\Br6471_dACC_20x_img_021-MaxIP-Stitched_unmixed_rotated.nd2","Layer 1","dACC_v17_ FISH-IF v2.4.4","281","6956","6987","4124","4154","0","0","0","0","1","1","1256.9005","0","235.39458","0","0","0","0","0","0","0","0","0","0","0","0","0","0","0","0","0","0","0","0","133.07538","88.19524","44.880146","29.607647","0.920071"
"D:\HAA\dACC revisions\Run 4\Br6471_dACC_20x_img_021-MaxIP-Stitched_unmixed_rotated.nd2","Layer 1","dACC_v17_ FISH-IF v2.4.4","282","6860","6890","4172","4212","0","0","0","0","1","1","1386.6876","0","218.44936","0","0","0","0","0","0","0","0","0","0","0","0","0","0","0","0","0","0","0","0","171.64929","107.25204","64.397255","36.902287","0.700544"
"D:\HAA\dACC revisions\Run 4\Br6471_dACC_20x_img_021-MaxIP-Stitched_unmixed_rotated.nd2","Layer 1","dACC_v17_ FISH-IF v2.4.4","283","6983","7017","4182","4210","0","0","0","0","1","1","1471.574","0","276.10434","0","0","0","0","0","0","0","0","0","0","0","0","0","0","0","0","0","0","0","0","134.54837","91.32534","43.22303","31.324034","0.719151"
"D:\HAA\dACC revisions\Run 4\Br6471_dACC_20x_img_021-MaxIP-Stitched_unmixed_rotated.nd2","Layer 1","dACC_v17_ FISH-IF v2.4.4","284","6864","6893","4241","4278","0","0","0","0","1","1","1205.7577","0","237.4291","0","0","0","0","0","0","0","0","0","0","0","0","0","0","0","0","0","0","0","0","159.313","100.62359","58.68942","34.756805","0.778877"
"D:\HAA\dACC revisions\Run 4\Br6471_dACC_20x_img_021-MaxIP-Stitched_unmixed_rotated.nd2","Layer 1","dACC_v17_ FISH-IF v2.4.4","285","6744","6780","4261","4291","0","0","0","1","1","1","1498.7839","0","376.8038","19","40.507206","3","104225.69","2573.0159","1","0.598402","0","414.6465","692.9231","0","0","0","0","0","0","0","0","0","0","157.56383","89.392044","68.17179","39.047768","0.829295"
"D:\HAA\dACC revisions\Run 4\Br6471_dACC_20x_img_021-MaxIP-Stitched_unmixed_rotated.nd2","Layer 1","dACC_v17_ FISH-IF v2.4.4","286","6751","6775","4289","4307","0","0","0","0","1","1","1193.1006","0","276.87155","3","5.247525","0","12583.702","2398.0264","1","0.644433","0","409.62912","635.6429","0","0","0","0","0","0","0","0","0","0","63.06236","46.58329","16.479069","17.163853","0.761719"
"D:\HAA\dACC revisions\Run 4\Br6471_dACC_20x_img_021-MaxIP-Stitched_unmixed_rotated.nd2","Layer 1","dACC_v17_ FISH-IF v2.4.4","287","6886","6915","4296","4320","0","0","0","0","1","1","1572.9967","0","299.7363","1","0.690464","0","494.4641","716.13336","0","0","0","0","0","0","0","0","0","0","0","0","0","0","0","105.22668","77.33194","27.894735","23.171202","0.729263"
"D:\HAA\dACC revisions\Run 4\Br6471_dACC_20x_img_021-MaxIP-Stitched_unmixed_rotated.nd2","Layer 1","dACC_v17_ FISH-IF v2.4.4","288","6762","6781","4356","4382","0","0","0","0","1","1","907.3576","0","168.46445","0","0","0","0","0","0","0","0","0","0","0","0","0","0","0","0","0","0","0","0","76.043076","62.14174","13.901337","16.734756","0.70601"
"D:\HAA\dACC revisions\Run 4\Br6471_dACC_20x_img_021-MaxIP-Stitched_unmixed_rotated.nd2","Layer 1","dACC_v17_ FISH-IF v2.4.4","289","6831","6870","4383","4421","0","0","0","0","1","1","1461.1069","0","250.58676","0","0","0","0","0","1","0.598402","0","376.94717","629.9231","0","0","0","0","0","0","0","0","0","0","189.3712","116.18204","73.189156","42.909634","0.683324"
"D:\HAA\dACC revisions\Run 4\Br6471_dACC_20x_img_021-MaxIP-Stitched_unmixed_rotated.nd2","Layer 1","dACC_v17_ FISH-IF v2.4.4","290","6996","7027","4392","4427","0","0","0","0","1","1","1339.5624","0","217.79282","2","2.715824","0","2171.3704","799.52545","0","0","0","0","0","0","0","0","0","0","0","0","0","0","0","151.80997","93.53482","58.275143","34.327705","0.844469"
"D:\HAA\dACC revisions\Run 4\Br6471_dACC_20x_img_021-MaxIP-Stitched_unmixed_rotated.nd2","Layer 1","dACC_v17_ FISH-IF v2.4.4","291","6637","6663","4397","4431","0","0","0","1","1","1","1508.8818","0","257.53506","5","14.729894","1","23163.219","1572.5312","0","0","0","0","0","0","0","0","0","0","0","0","0","0","0","130.5897","89.29998","41.289734","29.607647","0.730054"
"D:\HAA\dACC revisions\Run 4\Br6471_dACC_20x_img_021-MaxIP-Stitched_unmixed_rotated.nd2","Layer 1","dACC_v17_ FISH-IF v2.4.4","292","6972","7004","4410","4439","0","0","0","1","1","1","1364.0171","0","339.37045","15","33.00417","3","73662.49","2186.179","0","0","0","0","0","0","0","0","0","0","0","0","0","0","0","121.15337","83.500084","37.65329","30.036743","0.748847"
"D:\HAA\dACC revisions\Run 4\Br6471_dACC_20x_img_021-MaxIP-Stitched_unmixed_rotated.nd2","Layer 1","dACC_v17_ FISH-IF v2.4.4","293","7026","7058","4469","4494","0","0","0","0","1","1","1353.7543","0","291.97263","0","0","0","0","0","0","0","0","0","0","0","0","0","0","0","0","0","0","0","0","111.62498","65.54803","46.07695","30.46584","0.760054"
"D:\HAA\dACC revisions\Run 4\Br6471_dACC_20x_img_021-MaxIP-Stitched_unmixed_rotated.nd2","Layer 1","dACC_v17_ FISH-IF v2.4.4","294","7022","7052","4490","4513","0","0","0","0","1","1","1657.3163","0","320.77502","1","0.644433","0","470.0217","729.3571","0","0","0","0","0","0","0","0","0","0","0","0","0","0","0","99.47282","59.74813","39.72468","27.891262","0.803027"
"D:\HAA\dACC revisions\Run 4\Br6471_dACC_20x_img_021-MaxIP-Stitched_unmixed_rotated.nd2","Layer 1","dACC_v17_ FISH-IF v2.4.4","295","6906","6930","4486","4510","0","0","0","1","1","1","1425.7424","0","240.33694","9","16.525099","1","32442.084","1963.2006","0","0","0","0","0","0","0","0","0","0","0","0","0","0","0","80.600136","63.79885","16.801285","18.236595","0.78248"
"D:\HAA\dACC revisions\Run 4\Br6471_dACC_20x_img_021-MaxIP-Stitched_unmixed_rotated.nd2","Layer 1","dACC_v17_ FISH-IF v2.4.4","296","4612","4652","4519","4570","0","0","0","1","1","1","1189.8395","0","346.6685","14","30.748653","2","36489.492","1186.7021","0","0","0","0","0","0","0","0","0","0","0","0","0","0","0","255.42557","152.73059","102.69498","60.93168","0.646551"
"D:\HAA\dACC revisions\Run 4\Br6471_dACC_20x_img_021-MaxIP-Stitched_unmixed_rotated.nd2","Layer 1","dACC_v17_ FISH-IF v2.4.4","297","4313","4338","4572","4611","0","1","1","0","1","1","601.78143","0","158.37953","0","0","0","0","0","0","0","0","0","0","13","12.106132","2","10209.428","843.327","58","90.45075","4","92839.76","1026.4122","144.03075","98.96647","45.06427","33.469513","0.632449"
"D:\HAA\dACC revisions\Run 4\Br6471_dACC_20x_img_021-MaxIP-Stitched_unmixed_rotated.nd2","Layer 1","dACC_v17_ FISH-IF v2.4.4","298","4408","4425","4578","4591","0","0","1","0","1","1","619.0732","0","301.1863","0","0","0","0","0","0","0","0","0","0","1","0.828557","0","537.68713","648.94446","4","4.925308","1","2528.4783","513.3645","33.51051","31.62324","1.887268","5.363704","0.729213"
"D:\HAA\dACC revisions\Run 4\Br6471_dACC_20x_img_021-MaxIP-Stitched_unmixed_rotated.nd2","Layer 1","dACC_v17_ FISH-IF v2.4.4","299","4398","4415","4587","4613","0","0","1","0","1","1","900.19904","0","423.96094","0","0","0","0","0","0","0","0","0","0","2","2.071391","0","1465.9927","707.73334","6","12.658503","1","8254.633","652.1018","56.618027","47.13566","9.482369","18.236595","0.55401"
"D:\HAA\dACC revisions\Run 4\Br6471_dACC_20x_img_021-MaxIP-Stitched_unmixed_rotated.nd2","Layer 1","dACC_v17_ FISH-IF v2.4.4","300","4408","4434","4590","4622","0","0","1","1","1","1","1379.4536","0","279.3839","9","28.677261","1","53187.344","1854.687","0","0","0","0","0","2","2.163453","0","1759.716","813.383","7","10.817266","1","7141.0986","618.0757","109.73771","71.57808","38.15963","28.534906","0.743158"
"D:\HAA\dACC revisions\Run 4\Br6471_dACC_20x_img_021-MaxIP-Stitched_unmixed_rotated.nd2","Layer 1","dACC_v17_ FISH-IF v2.4.4","301","4597","4623","4592","4620","0","0","0","0","1","1","1222.7719","0","223.08589","0","0","0","0","0","1","1.150773","0","907.5456","788.64","2","1.51902","0","1258.2091","683.35","1","0.368247","0","155.7226","422.875","111.993225","79.31127","32.68195","24.887589","0.840151"
"D:\HAA\dACC revisions\Run 4\Br6471_dACC_20x_img_021-MaxIP-Stitched_unmixed_rotated.nd2","Layer 1","dACC_v17_ FISH-IF v2.4.4","302","4514","4549","4597","4630","0","0","0","0","1","1","1083.1648","0","275.23145","0","0","0","0","0","1","0.322216","0","190.06166","589.8571","0","0","0","0","0","0","0","0","0","0","154.34166","100.43946","53.902203","36.902287","0.676009"
"D:\HAA\dACC revisions\Run 4\Br6471_dACC_20x_img_021-MaxIP-Stitched_unmixed_rotated.nd2","Layer 1","dACC_v17_ FISH-IF v2.4.4","303","4479","4514","4604","4638","1","1","0","0","1","1","871.686","0","217.83273","0","0","0","0","0","11","18.044119","2","17223.895","921.62805","4","4.188814","1","3329.5083","794.8571","0","0","0","0","0","169.90012","103.20132","66.6988","37.331383","0.801855"
"D:\HAA\dACC revisions\Run 4\Br6471_dACC_20x_img_021-MaxIP-Stitched_unmixed_rotated.nd2","Layer 1","dACC_v17_ FISH-IF v2.4.4","304","4297","4320","4610","4633","0","0","1","0","1","1","1172.8164","0","185.44502","0","0","0","0","0","0","0","0","0","0","0","0","0","0","0","5","9.57443","1","7948.3887","830.1683","75.67483","61.12906","14.54577","17.163853","0.781563"
"D:\HAA\dACC revisions\Run 4\Br6471_dACC_20x_img_021-MaxIP-Stitched_unmixed_rotated.nd2","Layer 1","dACC_v17_ FISH-IF v2.4.4","305","4290","4310","4636","4655","0","0","0","0","1","1","849.36127","0","145.1676","0","0","0","0","0","0","0","0","0","0","0","0","0","0","0","0","0","0","0","0","56.29581","49.16102","7.134792","11.156505","0.836106"
"D:\HAA\dACC revisions\Run 4\Br6471_dACC_20x_img_021-MaxIP-Stitched_unmixed_rotated.nd2","Layer 1","dACC_v17_ FISH-IF v2.4.4","306","4326","4361","4641","4672","0","1","1","0","1","1","545.5179","0","151.85109","0","0","0","0","0","0","0","0","0","0","29","28.861385","3","26689.877","920.3571","56","88.563484","4","80711.76","911.34357","141.40698","97.677605","43.72937","34.756805","0.677701"
"D:\HAA\dACC revisions\Run 4\Br6471_dACC_20x_img_021-MaxIP-Stitched_unmixed_rotated.nd2","Layer 1","dACC_v17_ FISH-IF v2.4.4","307","4258","4289","4641","4672","0","0","0","0","1","1","1243.6432","0","298.71597","0","0","0","0","0","0","0","0","0","0","0","0","0","0","0","0","0","0","0","0","134.1341","89.6222","44.511898","30.46584","0.861529"
"D:\HAA\dACC revisions\Run 4\Br6471_dACC_20x_img_021-MaxIP-Stitched_unmixed_rotated.nd2","Layer 1","dACC_v17_ FISH-IF v2.4.4","308","4627","4656","4722","4752","0","0","0","0","1","1","1738.5126","0","265.663","0","0","0","0","0","0","0","0","0","0","0","0","0","0","0","0","0","0","0","0","131.64842","87.82699","43.821434","28.749454","0.916844"
"D:\HAA\dACC revisions\Run 4\Br6471_dACC_20x_img_021-MaxIP-Stitched_unmixed_rotated.nd2","Layer 1","dACC_v17_ FISH-IF v2.4.4","309","4397","4443","4722","4763","0","1","1","0","1","1","594.8727","0","230.3576","0","0","0","0","0","0","0","0","0","0","8","8.239534","1","6714.3916","814.8994","9","10.218863","1","4782.5205","468.009","260.30484","140.30223","120.0026","53.422493","0.778004"
"D:\HAA\dACC revisions\Run 4\Br6471_dACC_20x_img_021-MaxIP-Stitched_unmixed_rotated.nd2","Layer 1","dACC_v17_ FISH-IF v2.4.4","310","4473","4507","4736","4772","0","0","0","1","1","1","1689.7023","0","449.4022","14","32.68195","2","62715.973","1918.9789","0","0","0","0","0","0","0","0","0","0","0","0","0","0","0","158.43842","104.95049","53.487926","37.76048","0.670291"
"D:\HAA\dACC revisions\Run 4\Br6471_dACC_20x_img_021-MaxIP-Stitched_unmixed_rotated.nd2","Layer 1","dACC_v17_ FISH-IF v2.4.4","311","4593","4621","4752","4778","0","0","0","0","1","1","1340.9672","0","303.21796","2","7.04273","0","8106.1826","1151","0","0","0","0","0","0","0","0","0","0","0","0","0","0","0","106.285385","76.871635","29.413755","24.029396","0.811854"
"D:\HAA\dACC revisions\Run 4\Br6471_dACC_20x_img_021-MaxIP-Stitched_unmixed_rotated.nd2","Layer 1","dACC_v17_ FISH-IF v2.4.4","312","4479","4510","4775","4804","0","0","0","0","1","1","1364.0978","0","286.9461","0","0","0","0","0","0","0","0","0","0","3","1.611082","0","3153.2559","1957.2285","0","0","0","0","0","130.81987","78.574776","52.24509","33.254967","0.793222"
"D:\HAA\dACC revisions\Run 4\Br6471_dACC_20x_img_021-MaxIP-Stitched_unmixed_rotated.nd2","Layer 1","dACC_v17_ FISH-IF v2.4.4","313","4450","4483","4775","4814","0","1","0","0","1","1","1158.0408","0","202.68585","0","0","0","0","0","0","0","0","0","0","42","33.23432","4","38643.414","1162.7562","3","2.899948","0","1363.6659","470.2381","174.91748","101.544205","73.37328","44.411472","0.684716"
"D:\HAA\dACC revisions\Run 4\Br6471_dACC_20x_img_021-MaxIP-Stitched_unmixed_rotated.nd2","Layer 1","dACC_v17_ FISH-IF v2.4.4","314","4328","4357","4817","4841","0","0","0","1","1","1","1864.7616","0","357.79865","17","35.719994","3","87878.36","2460.201","0","0","0","0","0","0","0","0","0","0","0","0","0","0","0","101.12993","75.44467","25.685251","23.600298","0.68952"
"D:\HAA\dACC revisions\Run 4\Br6471_dACC_20x_img_021-MaxIP-Stitched_unmixed_rotated.nd2","Layer 1","dACC_v17_ FISH-IF v2.4.4","315","4379","4405","4818","4845","0","0","0","0","1","1","2284.2349","0","456.78665","0","0","0","0","0","0","0","0","0","0","0","0","0","0","0","0","0","0","0","0","80.50807","55.237103","25.270973","25.102137","0.696948"
"D:\HAA\dACC revisions\Run 4\Br6471_dACC_20x_img_021-MaxIP-Stitched_unmixed_rotated.nd2","Layer 1","dACC_v17_ FISH-IF v2.4.4","316","4371","4392","4824","4850","0","0","0","0","1","1","2730.812","0","384.28418","0","0","0","0","0","0","0","0","0","0","0","0","0","0","0","0","0","0","0","0","69.92097","47.13566","22.785305","22.527557","0.771691"
"D:\HAA\dACC revisions\Run 4\Br6471_dACC_20x_img_021-MaxIP-Stitched_unmixed_rotated.nd2","Layer 1","dACC_v17_ FISH-IF v2.4.4","317","4414","4450","4860","4900","0","0","0","0","1","1","964.7431","0","263.0535","0","0","0","0","0","0","0","0","0","0","0","0","0","0","0","0","0","0","0","0","199.72815","114.43286","85.29529","42.909634","0.848698"
"D:\HAA\dACC revisions\Run 4\Br6471_dACC_20x_img_021-MaxIP-Stitched_unmixed_rotated.nd2","Layer 1","dACC_v17_ FISH-IF v2.4.4","318","4324","4339","4882","4899","0","0","0","0","1","1","859.4569","0","153.88281","0","0","0","0","0","0","0","0","0","0","0","0","0","0","0","0","0","0","0","0","34.799374","29.459787","5.339586","9.654668","0.857772"
"D:\HAA\dACC revisions\Run 4\Br6471_dACC_20x_img_021-MaxIP-Stitched_unmixed_rotated.nd2","Layer 1","dACC_v17_ FISH-IF v2.4.4","319","4313","4329","4885","4899","0","0","0","0","1","1","802.5283","0","156.72144","0","0","0","0","0","0","0","0","0","0","0","0","0","0","0","0","0","0","0","0","32.72798","22.969427","9.758554","13.516535","0.782342"
"D:\HAA\dACC revisions\Run 4\Br6471_dACC_20x_img_021-MaxIP-Stitched_unmixed_rotated.nd2","Layer 1","dACC_v17_ FISH-IF v2.4.4","320","4314","4335","4900","4916","0","0","0","0","1","1","806.44165","0","167.82233","0","0","0","0","0","0","0","0","0","0","0","0","0","0","0","0","0","0","0","0","51.462566","40.415146","11.047421","14.589275","0.73662"
"D:\HAA\dACC revisions\Run 4\Br6471_dACC_20x_img_021-MaxIP-Stitched_unmixed_rotated.nd2","Layer 1","dACC_v17_ FISH-IF v2.4.4","321","4779","4811","4127","4163","0","0","0","0","1","1","1361.647","0","401.11993","0","0","0","0","0","0","0","0","0","0","0","0","0","0","0","0","0","0","0","0","154.06548","90.95709","63.108387","40.764153","0.722682"
"D:\HAA\dACC revisions\Run 4\Br6471_dACC_20x_img_021-MaxIP-Stitched_unmixed_rotated.nd2","Layer 1","dACC_v17_ FISH-IF v2.4.4","322","4739","4779","4127","4159","0","0","0","0","1","1","1306.076","0","343.97815","0","0","0","0","0","0","0","0","0","0","0","0","0","0","0","0","0","0","0","0","144.21486","80.093796","64.12107","46.342403","0.532249"
"D:\HAA\dACC revisions\Run 4\Br6471_dACC_20x_img_021-MaxIP-Stitched_unmixed_rotated.nd2","Layer 1","dACC_v17_ FISH-IF v2.4.4","323","4738","4780","4144","4188","0","0","0","0","1","1","1572.5372","0","443.6618","0","0","0","0","0","0","0","0","0","0","0","0","0","0","0","0","0","0","0","0","234.80371","116.91853","117.88518","58.786198","0.716618"
"D:\HAA\dACC revisions\Run 4\Br6471_dACC_20x_img_021-MaxIP-Stitched_unmixed_rotated.nd2","Layer 1","dACC_v17_ FISH-IF v2.4.4","324","4974","4995","4167","4188","0","0","0","1","1","1","1279.1821","0","195.87018","7","17.675873","1","32777.973","1854.3906","0","0","0","0","0","0","0","0","0","0","0","0","0","0","0","67.38927","56.019627","11.369637","14.374727","0.889757"
"D:\HAA\dACC revisions\Run 4\Br6471_dACC_20x_img_021-MaxIP-Stitched_unmixed_rotated.nd2","Layer 1","dACC_v17_ FISH-IF v2.4.4","325","4983","4996","4188","4203","0","0","0","0","1","1","750.6667","0","238.28006","1","1.703144","0","1406.8889","826.0541","0","0","0","0","0","1","0.552371","0","424.86536","769.1667","0","0","0","0","0","28.355045","27.940767","0.414278","1.930933","0.735891"
"D:\HAA\dACC revisions\Run 4\Br6471_dACC_20x_img_021-MaxIP-Stitched_unmixed_rotated.nd2","Layer 1","dACC_v17_ FISH-IF v2.4.4","326","4962","5000","4191","4240","0","0","0","1","1","1","1777.6199","0","323.44098","15","42.486538","3","66438.22","1563.7476","0","0","0","0","0","0","0","0","0","0","0","0","0","0","0","222.83568","136.84991","85.985756","52.993397","0.566603"
"D:\HAA\dACC revisions\Run 4\Br6471_dACC_20x_img_021-MaxIP-Stitched_unmixed_rotated.nd2","Layer 1","dACC_v17_ FISH-IF v2.4.4","327","4906","4940","4193","4233","1","1","0","0","1","1","626.1296","0","176.81442","0","0","0","0","0","10","9.620461","2","6998.955","727.5072","4","2.899948","1","1964.3234","677.36505","1","0.368247","0","157.19559","426.875","190.15372","114.84714","75.30658","42.05144","0.7066"
"D:\HAA\dACC revisions\Run 4\Br6471_dACC_20x_img_021-MaxIP-Stitched_unmixed_rotated.nd2","Layer 1","dACC_v17_ FISH-IF v2.4.4","328","4691","4717","4225","4259","0","0","0","0","1","1","1748.9362","0","317.97443","0","0","0","0","0","0","0","0","0","0","0","0","0","0","0","0","0","0","0","0","127.91992","88.24127","39.67865","28.749454","0.73478"
"D:\HAA\dACC revisions\Run 4\Br6471_dACC_20x_img_021-MaxIP-Stitched_unmixed_rotated.nd2","Layer 1","dACC_v17_ FISH-IF v2.4.4","329","4943","4964","4241","4272","0","0","0","0","1","1","1491.4087","0","230.34491","3","11.369637","0","14170.756","1246.3684","0","0","0","0","0","0","0","0","0","0","0","0","0","0","0","101.08389","76.871635","24.212263","22.742105","0.654633"
"D:\HAA\dACC revisions\Run 4\Br6471_dACC_20x_img_021-MaxIP-Stitched_unmixed_rotated.nd2","Layer 1","dACC_v17_ FISH-IF v2.4.4","330","4999","5033","4254","4287","0","0","0","0","1","1","1853.5288","0","285.61935","1","0.644433","0","461.45996","716.0714","0","0","0","0","0","0","0","0","0","0","0","0","0","0","0","158.5765","101.82039","56.756123","36.687737","0.81461"
"D:\HAA\dACC revisions\Run 4\Br6471_dACC_20x_img_021-MaxIP-Stitched_unmixed_rotated.nd2","Layer 1","dACC_v17_ FISH-IF v2.4.4","331","4797","4817","4263","4284","0","0","0","0","1","1","838.5079","0","150.07631","0","0","0","0","0","1","0.690464","0","401.8499","582","0","0","0","0","0","0","0","0","0","0","60.66875","51.876842","8.791905","12.443794","0.875179"
"D:\HAA\dACC revisions\Run 4\Br6471_dACC_20x_img_021-MaxIP-Stitched_unmixed_rotated.nd2","Layer 1","dACC_v17_ FISH-IF v2.4.4","332","4907","4938","4296","4326","0","0","0","0","1","1","1411.9686","0","248.5873","0","0","0","0","0","0","0","0","0","0","0","0","0","0","0","0","0","0","0","0","135.42296","89.898384","45.52458","30.894936","0.821713"
"D:\HAA\dACC revisions\Run 4\Br6471_dACC_20x_img_021-MaxIP-Stitched_unmixed_rotated.nd2","Layer 1","dACC_v17_ FISH-IF v2.4.4","333","4763","4799","4414","4446","0","0","0","0","1","1","1475.0051","0","349.10858","0","0","0","0","0","0","0","0","0","0","0","0","0","0","0","0","0","0","0","0","173.21434","109.78374","63.430603","39.476864","0.812718"
"D:\HAA\dACC revisions\Run 4\Br6471_dACC_20x_img_021-MaxIP-Stitched_unmixed_rotated.nd2","Layer 1","dACC_v17_ FISH-IF v2.4.4","334","4847","4878","4414","4446","0","0","0","0","1","1","1388.4716","0","265.42062","0","0","0","0","0","0","0","0","0","0","0","0","0","0","0","0","0","0","0","0","139.74986","91.923744","47.826122","31.324034","0.798905"
"D:\HAA\dACC revisions\Run 4\Br6471_dACC_20x_img_021-MaxIP-Stitched_unmixed_rotated.nd2","Layer 1","dACC_v17_ FISH-IF v2.4.4","335","4667","4694","4424","4451","0","0","0","0","1","1","1657.081","0","348.81125","2","5.247525","0","4909.7495","935.6316","0","0","0","0","0","0","0","0","0","0","0","0","0","0","0","89.11586","57.30849","31.807364","25.96033","0.859696"
"D:\HAA\dACC revisions\Run 4\Br6471_dACC_20x_img_021-MaxIP-Stitched_unmixed_rotated.nd2","Layer 1","dACC_v17_ FISH-IF v2.4.4","336","4679","4708","4435","4464","0","0","0","0","1","1","1522.8625","0","285.07855","3","7.04273","0","6284.417","892.3268","1","0.552371","0","348.31595","630.5833","0","0","0","0","0","3","6.858607","0","4210.8164","613.9463","108.17265","65.64009","42.532566","30.251291","0.83705"
"D:\HAA\dACC revisions\Run 4\Br6471_dACC_20x_img_021-MaxIP-Stitched_unmixed_rotated.nd2","Layer 1","dACC_v17_ FISH-IF v2.4.4","337","5034","5062","4437","4466","0","0","0","0","1","1","2461.3337","0","404.5871","0","0","0","0","0","0","0","0","0","0","0","0","0","0","0","0","0","0","0","0","116.68838","81.38266","35.305714","26.603973","0.853272"
"D:\HAA\dACC revisions\Run 4\Br6471_dACC_20x_img_021-MaxIP-Stitched_unmixed_rotated.nd2","Layer 1","dACC_v17_ FISH-IF v2.4.4","338","4680","4707","4485","4512","0","0","0","0","1","1","1487.9937","0","242.97255","0","0","0","0","0","0","0","0","0","0","0","0","0","0","0","0","0","0","0","0","104.62827","75.44467","29.183601","24.029396","0.924118"
"D:\HAA\dACC revisions\Run 4\Br6471_dACC_20x_img_021-MaxIP-Stitched_unmixed_rotated.nd2","Layer 1","dACC_v17_ FISH-IF v2.4.4","339","4974","5007","4491","4522","0","0","1","0","1","1","1726.2334","0","314.98032","1","1.334897","0","1132.5907","848.4483","0","0","0","0","0","0","0","0","0","0","13","35.351746","2","19477.982","550.97656","146.33229","93.48879","52.843494","33.040417","0.790256"
"D:\HAA\dACC revisions\Run 4\Br6471_dACC_20x_img_021-MaxIP-Stitched_unmixed_rotated.nd2","Layer 1","dACC_v17_ FISH-IF v2.4.4","340","4820","4848","4501","4526","0","0","0","1","1","1","2104.2947","0","459.2136","6","20.391697","1","31690.629","1554.0948","0","0","0","0","0","0","0","0","0","0","0","0","0","0","0","99.196625","69.8289","29.367725","24.887589","0.759255"
"D:\HAA\dACC revisions\Run 4\Br6471_dACC_20x_img_021-MaxIP-Stitched_unmixed_rotated.nd2","Layer 1","dACC_v17_ FISH-IF v2.4.4","341","5004","5024","4503","4526","0","0","0","0","1","1","927.9054","0","226.42857","2","7.779225","0","10766.125","1383.9586","0","0","0","0","0","0","0","0","0","0","0","0","0","0","0","64.67344","54.454575","10.218863","15.23292","0.701044"
"D:\HAA\dACC revisions\Run 4\Br6471_dACC_20x_img_021-MaxIP-Stitched_unmixed_rotated.nd2","Layer 1","dACC_v17_ FISH-IF v2.4.4","342","4842","4873","4508","4538","0","0","0","1","1","1","1662.8629","0","376.1986","13","32.543858","2","64632.01","1985.9972","0","0","0","0","0","0","0","0","0","0","0","0","0","0","0","125.25013","85.29529","39.954838","31.538582","0.666666"
"D:\HAA\dACC revisions\Run 4\Br6471_dACC_20x_img_021-MaxIP-Stitched_unmixed_rotated.nd2","Layer 1","dACC_v17_ FISH-IF v2.4.4","343","4698","4715","4510","4525","0","0","0","0","1","1","451.58823","0","172.1514","0","0","0","0","0","0","0","0","0","0","0","0","0","0","0","0","0","0","0","0","37.745354","36.1803","1.565051","5.149156","0.619063"
"D:\HAA\dACC revisions\Run 4\Br6471_dACC_20x_img_021-MaxIP-Stitched_unmixed_rotated.nd2","Layer 1","dACC_v17_ FISH-IF v2.4.4","344","7466","7491","3724","3748","0","0","0","0","1","1","1884.4955","0","338.88156","0","0","0","0","0","0","0","0","0","0","0","0","0","0","0","0","0","0","0","0","80.46204","55.19107","25.270973","23.171202","0.70863"
"D:\HAA\dACC revisions\Run 4\Br6471_dACC_20x_img_021-MaxIP-Stitched_unmixed_rotated.nd2","Layer 1","dACC_v17_ FISH-IF v2.4.4","345","7795","7814","3736","3756","0","0","0","0","1","1","484.1887","0","189.04814","0","0","0","0","0","0","0","0","0","0","0","0","0","0","0","0","0","0","0","0","57.032307","49.71339","7.318916","11.156505","0.849914"
"D:\HAA\dACC revisions\Run 4\Br6471_dACC_20x_img_021-MaxIP-Stitched_unmixed_rotated.nd2","Layer 1","dACC_v17_ FISH-IF v2.4.4","346","7455","7478","3744","3763","0","0","0","0","1","1","428.9689","0","229.42128","0","0","0","0","0","0","0","0","0","0","0","0","0","0","0","0","0","0","0","0","63.844883","54.960915","8.883967","14.160179","0.64627"
"D:\HAA\dACC revisions\Run 4\Br6471_dACC_20x_img_021-MaxIP-Stitched_unmixed_rotated.nd2","Layer 1","dACC_v17_ FISH-IF v2.4.4","347","7479","7499","3746","3770","0","0","0","0","1","1","1323.6287","0","223.53761","0","0","0","0","0","0","0","0","0","0","0","0","0","0","0","0","0","0","0","0","71.25586","58.73545","12.52041","15.447468","0.758274"
"D:\HAA\dACC revisions\Run 4\Br6471_dACC_20x_img_021-MaxIP-Stitched_unmixed_rotated.nd2","Layer 1","dACC_v17_ FISH-IF v2.4.4","348","7675","7703","3770","3797","0","0","0","0","1","1","2148.5525","0","311.91702","0","0","0","0","0","0","0","0","0","0","0","0","0","0","0","0","0","0","0","0","107.85044","77.10178","30.748653","24.458492","0.937825"
"D:\HAA\dACC revisions\Run 4\Br6471_dACC_20x_img_021-MaxIP-Stitched_unmixed_rotated.nd2","Layer 1","dACC_v17_ FISH-IF v2.4.4","349","7447","7467","3774","3793","0","0","0","0","1","1","674.89874","0","200.96732","0","0","0","0","0","0","0","0","0","0","0","0","0","0","0","0","0","0","0","0","56.572","49.299114","7.272885","11.156505","0.8432"
"D:\HAA\dACC revisions\Run 4\Br6471_dACC_20x_img_021-MaxIP-Stitched_unmixed_rotated.nd2","Layer 1","dACC_v17_ FISH-IF v2.4.4","350","7561","7589","3780","3823","0","0","0","0","1","1","1812.0197","0","413.41547","0","0","0","0","0","0","0","0","0","0","0","0","0","0","0","0","0","0","0","0","174.82542","113.78843","61.036995","39.476864","0.60156"
"D:\HAA\dACC revisions\Run 4\Br6471_dACC_20x_img_021-MaxIP-Stitched_unmixed_rotated.nd2","Layer 1","dACC_v17_ FISH-IF v2.4.4","351","7832","7856","3787","3814","0","0","0","0","1","1","1791.1079","0","307.92438","0","0","0","0","0","0","0","0","0","0","0","0","0","0","0","0","0","0","0","0","94.36338","68.77019","25.59319","21.883913","0.849217"
"D:\HAA\dACC revisions\Run 4\Br6471_dACC_20x_img_021-MaxIP-Stitched_unmixed_rotated.nd2","Layer 1","dACC_v17_ FISH-IF v2.4.4","352","7467","7491","3789","3809","0","0","0","0","1","1","1153.0463","0","233.22311","0","0","0","0","0","0","0","0","0","0","0","0","0","0","0","0","0","0","0","0","64.30519","51.370502","12.934688","16.30566","0.663694"
"D:\HAA\dACC revisions\Run 4\Br6471_dACC_20x_img_021-MaxIP-Stitched_unmixed_rotated.nd2","Layer 1","dACC_v17_ FISH-IF v2.4.4","353","7748","7772","3790","3813","0","0","0","0","1","1","1471.0804","0","256.45712","1","1.334897","0","1208.1274","905.0345","0","0","0","0","0","0","0","0","0","0","0","0","0","0","0","83.26993","64.94962","18.320305","18.451143","0.861303"
"D:\HAA\dACC revisions\Run 4\Br6471_dACC_20x_img_021-MaxIP-Stitched_unmixed_rotated.nd2","Layer 1","dACC_v17_ FISH-IF v2.4.4","354","7483","7501","3797","3818","0","0","0","0","1","1","1054.875","0","241.90466","0","0","0","0","0","0","0","0","0","0","0","0","0","0","0","0","0","0","0","0","48.884834","41.519886","7.364947","12.014698","0.751384"
"D:\HAA\dACC revisions\Run 4\Br6471_dACC_20x_img_021-MaxIP-Stitched_unmixed_rotated.nd2","Layer 1","dACC_v17_ FISH-IF v2.4.4","355","7798","7819","3797","3812","0","0","0","0","1","1","1064.8811","0","340.7184","3","6.306236","0","9059.806","1436.6423","0","0","0","0","0","0","0","0","0","0","0","0","0","0","0","46.76741","38.251694","8.515719","12.87289","0.796848"
"D:\HAA\dACC revisions\Run 4\Br6471_dACC_20x_img_021-MaxIP-Stitched_unmixed_rotated.nd2","Layer 1","dACC_v17_ FISH-IF v2.4.4","356","7681","7710","3804","3834","0","0","0","0","1","1","1755.8324","0","320.03326","0","0","0","0","0","0","0","0","0","0","0","0","0","0","0","1","0.414278","0","175.79207","424.33334","124.74379","84.37467","40.369114","27.891262","0.874422"
"D:\HAA\dACC revisions\Run 4\Br6471_dACC_20x_img_021-MaxIP-Stitched_unmixed_rotated.nd2","Layer 1","dACC_v17_ FISH-IF v2.4.4","357","7796","7821","3811","3832","0","0","0","1","1","1","1446.7355","0","361.6644","10","23.56783","2","62557.49","2654.3594","0","0","0","0","0","0","0","0","0","0","0","0","0","0","0","74.2939","54.454575","19.839325","21.02572","0.793246"
"D:\HAA\dACC revisions\Run 4\Br6471_dACC_20x_img_021-MaxIP-Stitched_unmixed_rotated.nd2","Layer 1","dACC_v17_ FISH-IF v2.4.4","358","7768","7792","3807","3835","0","0","0","0","1","1","1475.5891","0","262.49625","0","0","0","0","0","0","0","0","0","0","0","0","0","0","0","0","0","0","0","0","100.07121","73.74153","26.329685","22.742105","0.856443"
"D:\HAA\dACC revisions\Run 4\Br6471_dACC_20x_img_021-MaxIP-Stitched_unmixed_rotated.nd2","Layer 1","dACC_v17_ FISH-IF v2.4.4","359","7739","7760","3812","3834","0","0","0","0","1","1","1155.8601","0","197.85805","0","0","0","0","0","0","0","0","0","0","0","0","0","0","0","0","0","0","0","0","71.53204","58.367203","13.164843","15.447468","0.881777"
"D:\HAA\dACC revisions\Run 4\Br6471_dACC_20x_img_021-MaxIP-Stitched_unmixed_rotated.nd2","Layer 1","dACC_v17_ FISH-IF v2.4.4","360","7616","7645","3814","3841","0","0","0","0","1","1","1575.6444","0","299.58664","0","0","0","0","0","0","0","0","0","0","0","0","0","0","0","0","0","0","0","0","110.88848","79.17318","31.715302","24.887589","0.79778"
"D:\HAA\dACC revisions\Run 4\Br6471_dACC_20x_img_021-MaxIP-Stitched_unmixed_rotated.nd2","Layer 1","dACC_v17_ FISH-IF v2.4.4","361","7658","7686","3821","3850","0","0","0","0","1","1","1835.834","0","330.8608","0","0","0","0","0","0","0","0","0","0","0","0","0","0","0","0","0","0","0","0","117.28678","80.6922","36.594578","26.174877","0.898005"
"D:\HAA\dACC revisions\Run 4\Br6471_dACC_20x_img_021-MaxIP-Stitched_unmixed_rotated.nd2","Layer 1","dACC_v17_ FISH-IF v2.4.4","362","7798","7828","3833","3863","0","0","0","0","1","1","1531.797","0","336.74857","0","0","0","0","0","0","0","0","0","0","0","0","0","0","0","0","0","0","0","0","104.49018","64.81153","39.67865","30.894936","0.796255"
"D:\HAA\dACC revisions\Run 4\Br6471_dACC_20x_img_021-MaxIP-Stitched_unmixed_rotated.nd2","Layer 1","dACC_v17_ FISH-IF v2.4.4","363","7464","7490","3834","3859","0","0","0","0","1","1","1990.5717","0","355.32916","0","0","0","0","0","0","0","0","0","0","0","0","0","0","0","0","0","0","0","0","93.16658","70.05906","23.107521","21.02572","0.89871"
"D:\HAA\dACC revisions\Run 4\Br6471_dACC_20x_img_021-MaxIP-Stitched_unmixed_rotated.nd2","Layer 1","dACC_v17_ FISH-IF v2.4.4","364","7791","7813","3846","3870","0","0","0","0","1","1","1380.4282","0","396.2147","0","0","0","0","0","0","0","0","0","0","0","0","0","0","0","0","0","0","0","0","59.65607","42.026226","17.62984","20.382076","0.804312"
"D:\HAA\dACC revisions\Run 4\Br6471_dACC_20x_img_021-MaxIP-Stitched_unmixed_rotated.nd2","Layer 1","dACC_v17_ FISH-IF v2.4.4","365","7528","7554","3851","3876","0","0","0","0","1","1","2146.7246","0","399.61594","0","0","0","0","0","0","0","0","0","0","0","0","0","0","0","0","0","0","0","0","93.53482","70.473335","23.06149","21.240269","0.826092"
"D:\HAA\dACC revisions\Run 4\Br6471_dACC_20x_img_021-MaxIP-Stitched_unmixed_rotated.nd2","Layer 1","dACC_v17_ FISH-IF v2.4.4","366","7463","7495","3874","3904","0","0","0","0","1","1","1592.5762","0","294.46716","0","0","0","0","0","0","0","0","0","0","0","0","0","0","0","0","0","0","0","0","142.69585","92.52214","50.1737","30.894936","0.88684"
"D:\HAA\dACC revisions\Run 4\Br6471_dACC_20x_img_021-MaxIP-Stitched_unmixed_rotated.nd2","Layer 1","dACC_v17_ FISH-IF v2.4.4","367","7701","7728","3899","3928","0","0","0","0","1","1","1661.5658","0","340.20123","0","0","0","0","0","0","0","0","0","0","0","0","0","0","0","0","0","0","0","0","116.734406","81.428696","35.305714","25.74578","0.876822"
"D:\HAA\dACC revisions\Run 4\Br6471_dACC_20x_img_021-MaxIP-Stitched_unmixed_rotated.nd2","Layer 1","dACC_v17_ FISH-IF v2.4.4","368","7548","7569","3919","3945","0","0","0","0","1","1","866.0926","0","225.88054","0","0","0","0","0","0","0","0","0","0","0","0","0","0","0","0","0","0","0","0","76.18117","61.26715","14.914018","16.949305","0.764018"
"D:\HAA\dACC revisions\Run 4\Br6471_dACC_20x_img_021-MaxIP-Stitched_unmixed_rotated.nd2","Layer 1","dACC_v17_ FISH-IF v2.4.4","369","7771","7795","3920","3950","0","0","0","0","1","1","1022.26984","0","234.8798","0","0","0","0","0","0","0","0","0","0","0","0","0","0","0","0","0","0","0","0","106.7457","77.74622","28.999477","24.029396","0.757474"
"D:\HAA\dACC revisions\Run 4\Br6471_dACC_20x_img_021-MaxIP-Stitched_unmixed_rotated.nd2","Layer 1","dACC_v17_ FISH-IF v2.4.4","370","7799","7825","3923","3949","0","0","0","0","1","1","1473.1835","0","270.50873","0","0","0","0","0","0","0","0","0","0","0","0","0","0","0","0","0","0","0","0","103.33941","73.74153","29.59788","24.029396","0.846496"
"D:\HAA\dACC revisions\Run 4\Br6471_dACC_20x_img_021-MaxIP-Stitched_unmixed_rotated.nd2","Layer 1","dACC_v17_ FISH-IF v2.4.4","371","7568","7590","3928","3952","0","0","0","0","1","1","860.4334","0","238.74536","0","0","0","0","0","0","0","0","0","0","0","0","0","0","0","0","0","0","0","0","78.25256","62.003647","16.248915","17.59295","0.861549"
"D:\HAA\dACC revisions\Run 4\Br6471_dACC_20x_img_021-MaxIP-Stitched_unmixed_rotated.nd2","Layer 1","dACC_v17_ FISH-IF v2.4.4","372","7588","7615","3942","3968","0","0","0","0","1","1","2025.5127","0","431.13162","0","0","0","0","0","0","0","0","0","0","0","0","0","0","0","0","0","0","0","0","93.25864","64.35122","28.907415","23.600298","0.933817"
"D:\HAA\dACC revisions\Run 4\Br6471_dACC_20x_img_021-MaxIP-Stitched_unmixed_rotated.nd2","Layer 1","dACC_v17_ FISH-IF v2.4.4","373","7801","7825","3950","3980","0","0","0","0","1","1","1276","0","275.05887","0","0","0","0","0","0","0","0","0","0","0","0","0","0","0","0","0","0","0","0","115.90585","80.55411","35.351746","25.74578","0.782141"
"D:\HAA\dACC revisions\Run 4\Br6471_dACC_20x_img_021-MaxIP-Stitched_unmixed_rotated.nd2","Layer 1","dACC_v17_ FISH-IF v2.4.4","374","7769","7790","3954","3969","0","0","0","0","1","1","1210.0385","0","294.82938","0","0","0","0","0","0","0","0","0","0","0","0","0","0","0","0","0","0","0","0","50.818134","38.850094","11.968039","14.589275","0.75118"
"D:\HAA\dACC revisions\Run 4\Br6471_dACC_20x_img_021-MaxIP-Stitched_unmixed_rotated.nd2","Layer 1","dACC_v17_ FISH-IF v2.4.4","375","7599","7625","3958","3984","0","0","0","0","1","1","2243.6987","0","406.9218","0","0","0","0","0","0","0","0","0","0","0","0","0","0","0","0","0","0","0","0","91.50946","64.1671","27.342365","23.171202","0.90354"
"D:\HAA\dACC revisions\Run 4\Br6471_dACC_20x_img_021-MaxIP-Stitched_unmixed_rotated.nd2","Layer 1","dACC_v17_ FISH-IF v2.4.4","376","7678","7708","3961","3990","0","0","0","0","1","1","1219.1339","0","255.45554","0","0","0","0","0","0","0","0","0","0","0","0","0","0","0","0","0","0","0","0","123.22477","84.37467","38.850094","27.891262","0.899843"
"D:\HAA\dACC revisions\Run 4\Br6471_dACC_20x_img_021-MaxIP-Stitched_unmixed_rotated.nd2","Layer 1","dACC_v17_ FISH-IF v2.4.4","377","7770","7793","3970","3991","0","0","0","0","1","1","1509.1359","0","250.237","0","0","0","0","0","0","0","0","0","0","0","0","0","0","0","0","0","0","0","0","72.91297","52.24509","20.667881","20.811172","0.674163"
"D:\HAA\dACC revisions\Run 4\Br6471_dACC_20x_img_021-MaxIP-Stitched_unmixed_rotated.nd2","Layer 1","dACC_v17_ FISH-IF v2.4.4","378","7612","7637","3986","4013","0","0","0","0","1","1","1831.5272","0","293.18005","0","0","0","0","0","0","0","0","0","0","0","0","0","0","0","0","0","0","0","0","100.9458","73.87962","27.06618","23.171202","0.871432"
"D:\HAA\dACC revisions\Run 4\Br6471_dACC_20x_img_021-MaxIP-Stitched_unmixed_rotated.nd2","Layer 1","dACC_v17_ FISH-IF v2.4.4","379","7661","7686","3992","4017","0","0","0","0","1","1","1844.5225","0","278.52383","0","0","0","0","0","0","0","0","0","0","0","0","0","0","0","0","0","0","0","0","90.036476","68.54004","21.496439","21.02572","0.88158"
"D:\HAA\dACC revisions\Run 4\Br6471_dACC_20x_img_021-MaxIP-Stitched_unmixed_rotated.nd2","Layer 1","dACC_v17_ FISH-IF v2.4.4","380","7479","7502","4000","4028","0","0","0","0","1","1","2105.502","0","326.70886","0","0","0","0","0","0","0","0","0","0","0","0","0","0","0","0","0","0","0","0","94.54751","71.62411","22.923397","21.883913","0.743438"
"D:\HAA\dACC revisions\Run 4\Br6471_dACC_20x_img_021-MaxIP-Stitched_unmixed_rotated.nd2","Layer 1","dACC_v17_ FISH-IF v2.4.4","381","7824","7852","4002","4026","0","0","0","0","1","1","1364.7538","0","359.29977","0","0","0","0","0","0","0","0","0","0","0","0","0","0","0","0","0","0","0","0","105.22668","65.409935","39.816742","27.462166","0.817726"
"D:\HAA\dACC revisions\Run 4\Br6471_dACC_20x_img_021-MaxIP-Stitched_unmixed_rotated.nd2","Layer 1","dACC_v17_ FISH-IF v2.4.4","382","7825","7850","4027","4059","0","0","0","0","1","1","1764.9363","0","449.99176","0","0","0","0","0","0","0","0","0","0","0","0","0","0","0","0","0","0","0","0","119.4042","78.20653","41.19767","32.182224","0.58892"
"D:\HAA\dACC revisions\Run 4\Br6471_dACC_20x_img_021-MaxIP-Stitched_unmixed_rotated.nd2","Layer 1","dACC_v17_ FISH-IF v2.4.4","383","7761","7790","4027","4057","0","0","0","0","1","1","1482.8424","0","299.20596","0","0","0","0","0","0","0","0","0","0","0","0","0","0","0","0","0","0","0","0","121.3375","83.36199","37.975506","27.462166","0.900471"
"D:\HAA\dACC revisions\Run 4\Br6471_dACC_20x_img_021-MaxIP-Stitched_unmixed_rotated.nd2","Layer 1","dACC_v17_ FISH-IF v2.4.4","384","7752","7779","4065","4094","0","0","0","0","1","1","1613.7854","0","276.1771","0","0","0","0","0","0","0","0","0","0","0","0","0","0","0","0","0","0","0","0","115.58363","80.83029","34.75334","25.316685","0.878168"
"D:\HAA\dACC revisions\Run 4\Br6471_dACC_20x_img_021-MaxIP-Stitched_unmixed_rotated.nd2","Layer 1","dACC_v17_ FISH-IF v2.4.4","385","7561","7588","4103","4134","0","0","0","0","1","1","1631.9197","0","293.5096","0","0","0","0","0","0","0","0","0","0","0","0","0","0","0","0","0","0","0","0","121.65971","83.8223","37.837414","27.891262","0.811162"
"D:\HAA\dACC revisions\Run 4\Br6471_dACC_20x_img_021-MaxIP-Stitched_unmixed_rotated.nd2","Layer 1","dACC_v17_ FISH-IF v2.4.4","386","7673","7694","4114","4139","0","0","0","0","1","1","800.9746","0","202.53894","0","0","0","0","0","0","0","0","0","0","0","0","0","0","0","0","0","0","0","0","64.71947","52.01494","12.704534","18.022047","0.581641"
"D:\HAA\dACC revisions\Run 4\Br6471_dACC_20x_img_021-MaxIP-Stitched_unmixed_rotated.nd2","Layer 1","dACC_v17_ FISH-IF v2.4.4","387","7694","7712","4118","4142","0","0","0","0","1","1","553.12085","0","148.10843","0","0","0","0","0","0","0","0","0","0","0","0","0","0","0","0","0","0","0","0","68.35591","57.30849","11.047421","14.589275","0.698932"
"D:\HAA\dACC revisions\Run 4\Br6471_dACC_20x_img_021-MaxIP-Stitched_unmixed_rotated.nd2","Layer 1","dACC_v17_ FISH-IF v2.4.4","388","2674","2695","3725","3746","0","0","0","0","1","1","720.2657","0","91.31309","1","3.774535","0","3275.0537","867.6707","0","0","0","0","0","0","0","0","0","0","0","0","0","0","0","63.338543","53.810143","9.528399","13.516535","0.770476"
"D:\HAA\dACC revisions\Run 4\Br6471_dACC_20x_img_021-MaxIP-Stitched_unmixed_rotated.nd2","Layer 1","dACC_v17_ FISH-IF v2.4.4","389","2805","2833","3818","3847","0","0","0","0","1","1","2317.8877","0","317.56757","0","0","0","0","0","0","0","0","0","0","0","0","0","0","0","0","0","0","0","0","117.79312","81.75091","36.04221","26.174877","0.881376"
"D:\HAA\dACC revisions\Run 4\Br6471_dACC_20x_img_021-MaxIP-Stitched_unmixed_rotated.nd2","Layer 1","dACC_v17_ FISH-IF v2.4.4","390","2729","2757","3878","3907","0","0","0","1","1","1","1596.3422","0","332.54535","14","34.569218","2","78678.625","2275.9734","0","0","0","0","0","0","0","0","0","0","0","0","0","0","0","109.92183","80.18586","29.735973","26.174877","0.773601"
"D:\HAA\dACC revisions\Run 4\Br6471_dACC_20x_img_021-MaxIP-Stitched_unmixed_rotated.nd2","Layer 1","dACC_v17_ FISH-IF v2.4.4","391","2926","2944","3886","3904","0","0","0","0","1","1","498.0566","0","122.215324","0","0","0","0","0","0","0","0","0","0","0","0","0","0","0","0","0","0","0","0","49.345142","44.465866","4.879277","9.225572","0.87358"
"D:\HAA\dACC revisions\Run 4\Br6471_dACC_20x_img_021-MaxIP-Stitched_unmixed_rotated.nd2","Layer 1","dACC_v17_ FISH-IF v2.4.4","392","2831","2859","3903","3928","0","0","0","0","1","1","2575.8564","0","404.7388","0","0","0","0","0","0","0","0","0","0","0","0","0","0","0","0","0","0","0","0","98.27601","72.95901","25.317005","22.742105","0.795079"
"D:\HAA\dACC revisions\Run 4\Br6471_dACC_20x_img_021-MaxIP-Stitched_unmixed_rotated.nd2","Layer 1","dACC_v17_ FISH-IF v2.4.4","393","3030","3065","3904","3938","0","0","0","0","1","1","1292.3949","0","244.13951","0","0","0","0","0","0","0","0","0","0","0","0","0","0","0","0","0","0","0","0","167.55254","102.2807","65.27184","36.47319","0.870398"
"D:\HAA\dACC revisions\Run 4\Br6471_dACC_20x_img_021-MaxIP-Stitched_unmixed_rotated.nd2","Layer 1","dACC_v17_ FISH-IF v2.4.4","394","2806","2825","3926","3954","0","0","0","0","1","1","2285.8142","0","656.42975","0","0","0","0","0","0","0","0","0","0","0","0","0","0","0","0","0","0","0","0","70.979675","34.062878","36.916798","26.174877","0.776994"
"D:\HAA\dACC revisions\Run 4\Br6471_dACC_20x_img_021-MaxIP-Stitched_unmixed_rotated.nd2","Layer 1","dACC_v17_ FISH-IF v2.4.4","395","2824","2842","3926","3953","0","0","0","0","1","1","2234.2412","0","450.76816","0","0","0","0","0","0","0","0","0","0","0","0","0","0","0","0","0","0","0","0","66.6988","36.732674","29.966127","27.03307","0.630947"
"D:\HAA\dACC revisions\Run 4\Br6471_dACC_20x_img_021-MaxIP-Stitched_unmixed_rotated.nd2","Layer 1","dACC_v17_ FISH-IF v2.4.4","396","2662","2691","3932","3961","0","0","0","0","1","1","2249.0737","0","392.15137","0","0","0","0","0","0","0","0","0","0","0","0","0","0","0","1","1.058711","0","559.09155","467.15384","112.59162","75.720856","36.870766","27.03307","0.898284"
"D:\HAA\dACC revisions\Run 4\Br6471_dACC_20x_img_021-MaxIP-Stitched_unmixed_rotated.nd2","Layer 1","dACC_v17_ FISH-IF v2.4.4","397","2788","2817","3936","3965","0","0","0","0","1","1","2368.8755","0","396.2939","0","0","0","0","0","0","0","0","0","0","0","0","0","0","0","0","0","0","0","0","102.00452","57.63071","44.373806","30.680387","0.689142"
"D:\HAA\dACC revisions\Run 4\Br6471_dACC_20x_img_021-MaxIP-Stitched_unmixed_rotated.nd2","Layer 1","dACC_v17_ FISH-IF v2.4.4","398","2646","2680","3943","3984","0","0","1","0","1","1","1179.9092","0","363.95547","0","0","0","0","0","0","0","0","0","0","0","0","0","0","0","6","9.620461","1","5094.2417","529.52155","171.32707","107.48219","63.844883","41.4078","0.644376"
"D:\HAA\dACC revisions\Run 4\Br6471_dACC_20x_img_021-MaxIP-Stitched_unmixed_rotated.nd2","Layer 1","dACC_v17_ FISH-IF v2.4.4","399","2827","2849","3949","3985","0","0","0","0","1","1","1795.2971","0","332.62823","0","0","0","0","0","0","0","0","0","0","0","0","0","0","0","0","0","0","0","0","103.063225","60.300503","42.762722","37.54593","0.573791"
"D:\HAA\dACC revisions\Run 4\Br6471_dACC_20x_img_021-MaxIP-Stitched_unmixed_rotated.nd2","Layer 1","dACC_v17_ FISH-IF v2.4.4","400","2804","2831","3953","3983","0","0","0","0","1","1","1677.9625","0","631.92035","0","0","0","0","0","0","0","0","0","0","0","0","0","0","0","0","0","0","0","0","107.15997","54.316483","52.843494","35.1859","0.758561"
"D:\HAA\dACC revisions\Run 4\Br6471_dACC_20x_img_021-MaxIP-Stitched_unmixed_rotated.nd2","Layer 1","dACC_v17_ FISH-IF v2.4.4","401","2804","2822","3988","4006","0","0","0","0","1","1","388.15308","0","111.29947","0","0","0","0","0","0","0","0","0","0","0","0","0","0","0","0","0","0","0","0","48.010246","43.499218","4.51103","8.581926","0.887701"
"D:\HAA\dACC revisions\Run 4\Br6471_dACC_20x_img_021-MaxIP-Stitched_unmixed_rotated.nd2","Layer 1","dACC_v17_ FISH-IF v2.4.4","402","2967","2990","4005","4029","0","0","0","1","1","1","1903.8096","0","401.77945","6","15.098141","1","21826.664","1445.6525","0","0","0","0","0","0","0","0","0","0","0","0","0","0","0","80.27792","60.944935","19.332985","19.738432","0.816014"
"D:\HAA\dACC revisions\Run 4\Br6471_dACC_20x_img_021-MaxIP-Stitched_unmixed_rotated.nd2","Layer 1","dACC_v17_ FISH-IF v2.4.4","403","2658","2685","4020","4054","0","0","0","0","1","1","2063.028","0","304.77353","0","0","0","0","0","0","0","0","0","0","0","0","0","0","0","0","0","0","0","0","134.31822","90.036476","44.281742","30.036743","0.777256"
"D:\HAA\dACC revisions\Run 4\Br6471_dACC_20x_img_021-MaxIP-Stitched_unmixed_rotated.nd2","Layer 1","dACC_v17_ FISH-IF v2.4.4","404","2972","2991","4027","4045","0","0","0","0","1","1","1403.9724","0","230.03471","2","4.326906","0","4694.371","1084.9255","0","0","0","0","0","0","0","0","0","0","0","0","0","0","0","49.11499","42.440506","6.674483","11.156505","0.866158"
"D:\HAA\dACC revisions\Run 4\Br6471_dACC_20x_img_021-MaxIP-Stitched_unmixed_rotated.nd2","Layer 1","dACC_v17_ FISH-IF v2.4.4","405","2658","2682","4068","4090","0","0","0","0","1","1","2262.2515","0","315.56122","0","0","0","0","0","0","0","0","0","0","0","0","0","0","0","0","0","0","0","0","76.0891","61.26715","14.821956","16.734756","0.802288"
"D:\HAA\dACC revisions\Run 4\Br6471_dACC_20x_img_021-MaxIP-Stitched_unmixed_rotated.nd2","Layer 1","dACC_v17_ FISH-IF v2.4.4","406","2834","2863","4087","4130","0","0","0","0","1","1","1902.9668","0","419.59604","0","0","0","0","0","0","0","0","0","0","0","0","0","0","0","0","0","0","0","0","179.61264","118.62167","60.990967","43.767826","0.553455"
"D:\HAA\dACC revisions\Run 4\Br6471_dACC_20x_img_021-MaxIP-Stitched_unmixed_rotated.nd2","Layer 1","dACC_v17_ FISH-IF v2.4.4","407","2907","2936","4110","4141","0","0","0","0","1","1","2091.3142","0","382.53195","0","0","0","0","0","0","0","0","0","0","0","0","0","0","0","0","0","0","0","0","132.01668","87.91905","44.09762","29.607647","0.910653"
"D:\HAA\dACC revisions\Run 4\Br6471_dACC_20x_img_021-MaxIP-Stitched_unmixed_rotated.nd2","Layer 1","dACC_v17_ FISH-IF v2.4.4","408","3690","3718","4520","4550","0","0","0","0","1","1","1840.7568","0","380.71017","0","0","0","0","0","0","0","0","0","0","0","0","0","0","0","0","0","0","0","0","105.917145","65.594055","40.323082","30.894936","0.74444"
"D:\HAA\dACC revisions\Run 4\Br6471_dACC_20x_img_021-MaxIP-Stitched_unmixed_rotated.nd2","Layer 1","dACC_v17_ FISH-IF v2.4.4","409","3650","3672","4534","4559","0","0","0","0","1","1","1603.9005","0","249.77676","0","0","0","0","0","0","0","0","0","0","0","0","0","0","0","2","2.439639","0","1281.4087","525.2453","83.86833","65.3639","18.504429","18.88024","0.810777"
"D:\HAA\dACC revisions\Run 4\Br6471_dACC_20x_img_021-MaxIP-Stitched_unmixed_rotated.nd2","Layer 1","dACC_v17_ FISH-IF v2.4.4","410","3685","3713","4542","4573","0","0","0","0","1","1","2124.0256","0","356.4832","0","0","0","0","0","0","0","0","0","0","0","0","0","0","0","0","0","0","0","0","116.82647","68.494","48.332462","31.538582","0.805444"
"D:\HAA\dACC revisions\Run 4\Br6471_dACC_20x_img_021-MaxIP-Stitched_unmixed_rotated.nd2","Layer 1","dACC_v17_ FISH-IF v2.4.4","411","3826","3846","4543","4568","0","0","0","0","1","1","1458.4589","0","213.93968","0","0","0","0","0","0","0","0","0","0","0","0","0","0","0","0","0","0","0","0","71.25586","59.517975","11.737884","16.30566","0.674383"
"D:\HAA\dACC revisions\Run 4\Br6471_dACC_20x_img_021-MaxIP-Stitched_unmixed_rotated.nd2","Layer 1","dACC_v17_ FISH-IF v2.4.4","412","3484","3517","4570","4605","0","0","0","0","1","1","707.1852","0","230.69543","0","0","0","0","0","0","0","0","0","0","1","0.828557","0","567.0549","684.3889","2","5.707834","0","2796.1482","489.87903","159.54317","101.86642","57.67674","35.614998","0.723275"
"D:\HAA\dACC revisions\Run 4\Br6471_dACC_20x_img_021-MaxIP-Stitched_unmixed_rotated.nd2","Layer 1","dACC_v17_ FISH-IF v2.4.4","413","3798","3834","4575","4607","0","0","0","0","1","1","2292.4133","0","392.76935","0","0","0","0","0","0","0","0","0","0","0","0","0","0","0","0","0","0","0","0","137.08008","82.625496","54.454575","39.476864","0.585838"
"D:\HAA\dACC revisions\Run 4\Br6471_dACC_20x_img_021-MaxIP-Stitched_unmixed_rotated.nd2","Layer 1","dACC_v17_ FISH-IF v2.4.4","414","3833","3858","4576","4601","0","0","0","0","1","1","1598.131","0","409.70993","0","0","0","0","0","0","0","0","0","0","0","0","0","0","0","0","0","0","0","0","89.4841","63.476635","26.00747","23.171202","0.784298"
"D:\HAA\dACC revisions\Run 4\Br6471_dACC_20x_img_021-MaxIP-Stitched_unmixed_rotated.nd2","Layer 1","dACC_v17_ FISH-IF v2.4.4","415","3776","3809","4592","4638","0","0","0","0","1","1","2638.7703","0","632.6628","0","0","0","0","0","0","0","0","0","0","0","0","0","0","0","0","0","0","0","0","173.39847","86.81431","86.58415","52.993397","0.558197"
"D:\HAA\dACC revisions\Run 4\Br6471_dACC_20x_img_021-MaxIP-Stitched_unmixed_rotated.nd2","Layer 1","dACC_v17_ FISH-IF v2.4.4","416","3819","3845","4595","4626","0","0","0","0","1","1","1824.5688","0","362.57407","0","0","0","0","0","0","0","0","0","0","0","0","0","0","0","0","0","0","0","0","103.33941","69.92097","33.418446","27.462166","0.727149"
"D:\HAA\dACC revisions\Run 4\Br6471_dACC_20x_img_021-MaxIP-Stitched_unmixed_rotated.nd2","Layer 1","dACC_v17_ FISH-IF v2.4.4","417","3609","3629","4597","4616","0","0","0","0","1","1","1290.2535","0","175.04234","0","0","0","0","0","0","0","0","0","0","0","0","0","0","0","0","0","0","0","0","54.362514","47.826122","6.53639","10.727408","0.876651"
"D:\HAA\dACC revisions\Run 4\Br6471_dACC_20x_img_021-MaxIP-Stitched_unmixed_rotated.nd2","Layer 1","dACC_v17_ FISH-IF v2.4.4","418","3801","3816","4616","4628","0","0","0","0","1","1","2018.3698","0","560.64954","0","0","0","0","0","0","0","0","0","0","0","0","0","0","0","0","0","0","0","0","26.375715","18.780615","7.595101","12.014698","0.660481"
"D:\HAA\dACC revisions\Run 4\Br6471_dACC_20x_img_021-MaxIP-Stitched_unmixed_rotated.nd2","Layer 1","dACC_v17_ FISH-IF v2.4.4","419","3442","3462","4617","4636","0","0","0","1","1","1","701.8092","0","139.37111","4","11.783915","1","26672.89","2263.5","0","0","0","0","0","0","0","0","0","0","0","0","0","0","0","55.743443","48.746742","6.996699","10.941957","0.862868"
"D:\HAA\dACC revisions\Run 4\Br6471_dACC_20x_img_021-MaxIP-Stitched_unmixed_rotated.nd2","Layer 1","dACC_v17_ FISH-IF v2.4.4","420","3783","3820","4627","4657","0","0","0","0","1","1","2400.3154","0","506.27274","0","0","0","0","0","0","0","0","0","0","0","0","0","0","0","0","0","0","0","0","140.30223","73.92565","66.37658","40.764153","0.762867"
"D:\HAA\dACC revisions\Run 4\Br6471_dACC_20x_img_021-MaxIP-Stitched_unmixed_rotated.nd2","Layer 1","dACC_v17_ FISH-IF v2.4.4","421","3546","3569","4625","4644","0","0","0","0","1","1","1894.0758","0","224.95857","0","0","0","0","0","0","0","0","0","0","0","0","0","0","0","0","0","0","0","0","64.1671","54.454575","9.712523","13.301987","0.752037"
"D:\HAA\dACC revisions\Run 4\Br6471_dACC_20x_img_021-MaxIP-Stitched_unmixed_rotated.nd2","Layer 1","dACC_v17_ FISH-IF v2.4.4","422","3754","3780","4625","4656","0","0","0","0","1","1","2439.7656","0","511.7057","0","0","0","0","0","0","0","0","0","0","0","0","0","0","0","0","0","0","0","0","118.52961","81.79694","36.732674","26.603973","0.845628"
"D:\HAA\dACC revisions\Run 4\Br6471_dACC_20x_img_021-MaxIP-Stitched_unmixed_rotated.nd2","Layer 1","dACC_v17_ FISH-IF v2.4.4","423","3814","3835","4632","4658","0","0","0","0","1","1","2649.9146","0","524.40155","0","0","0","0","0","0","0","0","0","0","0","0","0","0","0","0","0","0","0","0","64.7655","41.61195","23.153551","21.240269","0.793937"
"D:\HAA\dACC revisions\Run 4\Br6471_dACC_20x_img_021-MaxIP-Stitched_unmixed_rotated.nd2","Layer 1","dACC_v17_ FISH-IF v2.4.4","424","3826","3852","4636","4663","0","0","0","0","1","1","2416.6868","0","433.78864","0","0","0","0","0","0","0","0","0","0","0","0","0","0","0","0","0","0","0","0","90.26663","57.492615","32.774014","25.74578","0.769957"
"D:\HAA\dACC revisions\Run 4\Br6471_dACC_20x_img_021-MaxIP-Stitched_unmixed_rotated.nd2","Layer 1","dACC_v17_ FISH-IF v2.4.4","425","3807","3829","4655","4674","0","0","0","0","1","1","1935.3982","0","257.4594","0","0","0","0","0","0","0","0","0","0","0","0","0","0","0","0","0","0","0","0","60.070347","49.897514","10.172832","13.516535","0.792981"
"D:\HAA\dACC revisions\Run 4\Br6471_dACC_20x_img_021-MaxIP-Stitched_unmixed_rotated.nd2","Layer 1","dACC_v17_ FISH-IF v2.4.4","426","3547","3573","4668","4695","0","0","0","0","1","1","3031.7112","0","415.23694","0","0","0","0","0","0","0","0","0","0","0","0","0","0","0","0","0","0","0","0","100.9458","74.017715","26.928087","22.742105","0.85365"
"D:\HAA\dACC revisions\Run 4\Br6471_dACC_20x_img_021-MaxIP-Stitched_unmixed_rotated.nd2","Layer 1","dACC_v17_ FISH-IF v2.4.4","427","3812","3829","4674","4699","0","0","0","0","1","1","719.3155","0","179.67879","0","0","0","0","0","0","0","0","0","0","0","0","0","0","0","3","5.063401","0","2564.3823","506.45456","68.21782","51.876842","16.340975","20.167528","0.614717"
"D:\HAA\dACC revisions\Run 4\Br6471_dACC_20x_img_021-MaxIP-Stitched_unmixed_rotated.nd2","Layer 1","dACC_v17_ FISH-IF v2.4.4","428","3791","3812","4680","4700","0","0","0","0","1","1","803.42145","0","182.79825","0","0","0","0","0","0","0","0","0","0","0","0","0","0","0","0","0","0","0","0","70.93365","52.475246","18.458399","18.451143","0.698155"
"D:\HAA\dACC revisions\Run 4\Br6471_dACC_20x_img_021-MaxIP-Stitched_unmixed_rotated.nd2","Layer 1","dACC_v17_ FISH-IF v2.4.4","429","3526","3549","4685","4707","0","0","0","0","1","1","2514.8442","0","335.95358","0","0","0","0","0","0","0","0","0","0","0","0","0","0","0","0","0","0","0","0","74.15581","52.567307","21.588501","20.811172","0.734974"
"D:\HAA\dACC revisions\Run 4\Br6471_dACC_20x_img_021-MaxIP-Stitched_unmixed_rotated.nd2","Layer 1","dACC_v17_ FISH-IF v2.4.4","430","3663","3698","4689","4719","0","1","1","0","1","1","837.6199","0","161.90384","0","0","0","0","0","0","0","0","0","0","40","31.162931","4","40440.97","1297.7267","18","23.751953","3","12018.995","506.02133","155.63054","100.531525","55.099007","33.040417","0.755719"
"D:\HAA\dACC revisions\Run 4\Br6471_dACC_20x_img_021-MaxIP-Stitched_unmixed_rotated.nd2","Layer 1","dACC_v17_ FISH-IF v2.4.4","431","3523","3551","4704","4722","0","0","0","0","1","1","2505.7688","0","437.5749","0","0","0","0","0","0","0","0","0","0","0","0","0","0","0","0","0","0","0","0","78.43668","41.796074","36.64061","27.462166","0.777681"
"D:\HAA\dACC revisions\Run 4\Br6471_dACC_20x_img_021-MaxIP-Stitched_unmixed_rotated.nd2","Layer 1","dACC_v17_ FISH-IF v2.4.4","432","3516","3549","4722","4742","0","0","0","0","1","1","1760.9633","0","485.24533","0","0","0","0","0","0","0","0","0","0","0","0","0","0","0","0","0","0","0","0","100.39343","61.543335","38.850094","28.749454","0.717558"
"D:\HAA\dACC revisions\Run 4\Br6471_dACC_20x_img_021-MaxIP-Stitched_unmixed_rotated.nd2","Layer 1","dACC_v17_ FISH-IF v2.4.4","433","3462","3480","4729","4750","0","0","0","0","1","1","2009.3948","0","302.16022","0","0","0","0","0","0","0","0","0","0","0","0","0","0","0","0","0","0","0","0","59.7021","43.959526","15.742574","16.734756","0.753003"
"D:\HAA\dACC revisions\Run 4\Br6471_dACC_20x_img_021-MaxIP-Stitched_unmixed_rotated.nd2","Layer 1","dACC_v17_ FISH-IF v2.4.4","434","3479","3497","4729","4750","0","0","0","0","1","1","1951.1707","0","290.5314","0","0","0","0","0","0","0","0","0","0","0","0","0","0","0","0","0","0","0","0","56.71009","43.22303","13.487059","16.520208","0.702386"
"D:\HAA\dACC revisions\Run 4\Br6471_dACC_20x_img_021-MaxIP-Stitched_unmixed_rotated.nd2","Layer 1","dACC_v17_ FISH-IF v2.4.4","435","3498","3520","4730","4750","0","0","0","0","1","1","1743.6648","0","352.2175","0","0","0","0","0","0","0","0","0","0","0","0","0","0","0","0","0","0","0","0","69.04638","53.11968","15.926698","16.734756","0.883095"
"D:\HAA\dACC revisions\Run 4\Br6471_dACC_20x_img_021-MaxIP-Stitched_unmixed_rotated.nd2","Layer 1","dACC_v17_ FISH-IF v2.4.4","436","3494","3521","4750","4779","0","0","0","0","1","1","2420.282","0","349.6706","1","0.920618","0","773.4575","840.15","0","0","0","0","0","0","0","0","0","0","0","0","0","0","0","117.33281","77.97637","39.356434","28.749454","0.786941"
"D:\HAA\dACC revisions\Run 4\Br6471_dACC_20x_img_021-MaxIP-Stitched_unmixed_rotated.nd2","Layer 1","dACC_v17_ FISH-IF v2.4.4","437","3773","3798","4773","4800","0","0","0","0","1","1","2360.2878","0","406.29205","0","0","0","0","0","0","0","0","0","0","0","0","0","0","0","0","0","0","0","0","100.3474","71.71617","28.631231","24.458492","0.777291"
"D:\HAA\dACC revisions\Run 4\Br6471_dACC_20x_img_021-MaxIP-Stitched_unmixed_rotated.nd2","Layer 1","dACC_v17_ FISH-IF v2.4.4","438","3450","3478","4778","4802","0","0","0","1","1","1","2687.4749","0","456.11487","13","24.902727","2","57536.758","2310.4602","0","0","0","0","0","0","0","0","0","0","0","0","0","0","0","102.2807","74.93833","27.342365","22.742105","0.796696"
"D:\HAA\dACC revisions\Run 4\Br6471_dACC_20x_img_021-MaxIP-Stitched_unmixed_rotated.nd2","Layer 1","dACC_v17_ FISH-IF v2.4.4","439","3713","3744","4784","4822","0","0","0","0","1","1","1165.8638","0","224.21484","0","0","0","0","0","0","0","0","0","0","0","0","0","0","0","0","0","0","0","0","170.31439","105.410805","64.903595","36.902287","0.749127"
"D:\HAA\dACC revisions\Run 4\Br6471_dACC_20x_img_021-MaxIP-Stitched_unmixed_rotated.nd2","Layer 1","dACC_v17_ FISH-IF v2.4.4","440","3617","3648","4795","4832","0","0","0","0","1","1","2013.6161","0","349.84198","0","0","0","0","0","0","0","0","0","0","0","0","0","0","0","0","0","0","0","0","142.7879","97.58555","45.202362","35.1859","0.625053"
"D:\HAA\dACC revisions\Run 4\Br6471_dACC_20x_img_021-MaxIP-Stitched_unmixed_rotated.nd2","Layer 1","dACC_v17_ FISH-IF v2.4.4","441","3766","3795","4799","4827","0","0","0","0","1","1","2284.3293","0","369.48822","0","0","0","0","0","0","0","0","0","0","0","0","0","0","0","1","0.644433","0","287.00278","445.35715","116.2741","78.25256","38.021538","27.247618","0.897045"
"D:\HAA\dACC revisions\Run 4\Br6471_dACC_20x_img_021-MaxIP-Stitched_unmixed_rotated.nd2","Layer 1","dACC_v17_ FISH-IF v2.4.4","442","3607","3624","4816","4834","0","0","0","0","1","1","1163.1449","0","261.3532","0","0","0","0","0","0","0","0","0","0","0","0","0","0","0","0","0","0","0","0","44.09762","40.921486","3.176133","7.723734","0.682912"
"D:\HAA\dACC revisions\Run 4\Br6471_dACC_20x_img_021-MaxIP-Stitched_unmixed_rotated.nd2","Layer 1","dACC_v17_ FISH-IF v2.4.4","443","3728","3764","4821","4857","0","0","0","0","1","1","756.13696","0","221.37791","2","2.99201","0","2856.0803","954.5692","0","0","0","0","0","1","0.782526","0","517.57166","661.41174","1","1.703144","0","899.95044","528.4054","153.23692","85.019104","68.21782","42.05144","0.728531"
"D:\HAA\dACC revisions\Run 4\Br6471_dACC_20x_img_021-MaxIP-Stitched_unmixed_rotated.nd2","Layer 1","dACC_v17_ FISH-IF v2.4.4","444","3717","3744","4839","4868","0","0","0","0","1","1","812.62225","0","189.49155","0","0","0","0","0","0","0","0","0","0","0","0","0","0","0","2","1.703144","0","805.5871","473","90.72694","57.21643","33.51051","28.749454","0.753988"
"D:\HAA\dACC revisions\Run 4\Br6471_dACC_20x_img_021-MaxIP-Stitched_unmixed_rotated.nd2","Layer 1","dACC_v17_ FISH-IF v2.4.4","445","3686","3709","4849","4868","0","0","0","0","1","1","2066.32","0","469.88504","0","0","0","0","0","0","0","0","0","0","1","1.426958","0","913.62164","640.25806","0","0","0","0","0","68.35591","38.435818","29.920095","24.458492","0.719692"
"D:\HAA\dACC revisions\Run 4\Br6471_dACC_20x_img_021-MaxIP-Stitched_unmixed_rotated.nd2","Layer 1","dACC_v17_ FISH-IF v2.4.4","446","3663","3686","4851","4872","0","0","0","0","1","1","2253.051","0","417.21167","0","0","0","0","0","0","0","0","0","0","0","0","0","0","0","0","0","0","0","0","75.07642","42.62463","32.451797","25.74578","0.787853"
"D:\HAA\dACC revisions\Run 4\Br6471_dACC_20x_img_021-MaxIP-Stitched_unmixed_rotated.nd2","Layer 1","dACC_v17_ FISH-IF v2.4.4","447","3687","3715","4867","4891","0","0","0","0","1","1","2412.2021","0","501.30133","0","0","0","0","0","0","0","0","0","0","0","0","0","0","0","1","0.552371","0","237.24335","429.5","92.107864","51.784782","40.323082","28.749454","0.699678"
"D:\HAA\dACC revisions\Run 4\Br6471_dACC_20x_img_021-MaxIP-Stitched_unmixed_rotated.nd2","Layer 1","dACC_v17_ FISH-IF v2.4.4","448","3667","3691","4870","4890","0","0","0","0","1","1","2387.9756","0","464.5358","0","0","0","0","0","0","0","0","0","0","0","0","0","0","0","0","0","0","0","0","65.68612","41.15164","24.53448","21.883913","0.680092"
"D:\HAA\dACC revisions\Run 4\Br6471_dACC_20x_img_021-MaxIP-Stitched_unmixed_rotated.nd2","Layer 1","dACC_v17_ FISH-IF v2.4.4","449","3488","3516","4870","4898","0","0","0","0","1","1","1993.8674","0","417.5705","0","0","0","0","0","0","0","0","0","0","0","0","0","0","0","0","0","0","0","0","104.49018","77.055756","27.434427","25.316685","0.737481"
"D:\HAA\dACC revisions\Run 4\Br6471_dACC_20x_img_021-MaxIP-Stitched_unmixed_rotated.nd2","Layer 1","dACC_v17_ FISH-IF v2.4.4","450","3544","3577","4881","4913","0","0","0","1","1","1","1368.9142","0","358.15753","7","20.713913","1","27798.854","1342.0377","0","0","0","0","0","0","0","0","0","0","0","0","0","0","0","157.6559","100.80771","56.848183","33.469513","0.809725"
"D:\HAA\dACC revisions\Run 4\Br6471_dACC_20x_img_021-MaxIP-Stitched_unmixed_rotated.nd2","Layer 1","dACC_v17_ FISH-IF v2.4.4","451","3822","3852","4891","4918","0","0","0","0","1","1","1822.8546","0","320.46118","0","0","0","0","0","0","0","0","0","0","0","0","0","0","0","0","0","0","0","0","123.639046","81.84297","41.796074","28.320358","0.916145"
"D:\HAA\dACC revisions\Run 4\Br6471_dACC_20x_img_021-MaxIP-Stitched_unmixed_rotated.nd2","Layer 1","dACC_v17_ FISH-IF v2.4.4","452","3460","3488","4898","4925","0","0","0","0","1","1","1631.2477","0","386.00406","0","0","0","0","0","0","0","0","0","0","0","0","0","0","0","0","0","0","0","0","91.23328","56.66406","34.569218","29.17855","0.748331"
"D:\HAA\dACC revisions\Run 4\Br6471_dACC_20x_img_021-MaxIP-Stitched_unmixed_rotated.nd2","Layer 1","dACC_v17_ FISH-IF v2.4.4","453","3477","3494","4912","4927","0","0","0","0","1","1","1164.492","0","540.9255","0","0","0","0","0","1","1.104742","0","1026.6276","826.03705","1","0.644433","0","408.84662","634.4286","0","0","0","0","0","29.413755","17.906027","11.50773","15.876565","0.704828"
"D:\HAA\dACC revisions\Run 4\Br6471_dACC_20x_img_021-MaxIP-Stitched_unmixed_rotated.nd2","Layer 1","dACC_v17_ FISH-IF v2.4.4","454","4427","4461","4127","4159","0","0","0","0","1","1","1315.1952","0","241.6173","0","0","0","0","0","0","0","0","0","0","0","0","0","0","0","0","0","0","0","0","162.5812","100.07121","62.509987","35.1859","0.910092"
"D:\HAA\dACC revisions\Run 4\Br6471_dACC_20x_img_021-MaxIP-Stitched_unmixed_rotated.nd2","Layer 1","dACC_v17_ FISH-IF v2.4.4","455","4348","4372","4140","4166","0","1","1","0","1","1","358.68497","0","123.79108","0","0","0","0","0","0","0","0","0","0","4","4.833246","1","3561.458","736.86664","7","18.182213","1","9977.708","548.762","77.562096","64.99566","12.566441","19.738432","0.586001"
"D:\HAA\dACC revisions\Run 4\Br6471_dACC_20x_img_021-MaxIP-Stitched_unmixed_rotated.nd2","Layer 1","dACC_v17_ FISH-IF v2.4.4","456","4526","4566","4155","4194","0","0","0","0","1","1","629.0918","0","184.88643","0","0","0","0","0","0","0","0","0","0","0","0","0","0","0","1","1.196804","0","541.0474","452.07693","223.71027","124.42157","99.28869","45.913307","0.761612"
"D:\HAA\dACC revisions\Run 4\Br6471_dACC_20x_img_021-MaxIP-Stitched_unmixed_rotated.nd2","Layer 1","dACC_v17_ FISH-IF v2.4.4","457","4328","4359","4157","4190","0","0","0","0","1","1","1460.5078","0","216.18169","0","0","0","0","0","0","0","0","0","0","1","1.242835","0","821.1916","660.7407","2","3.774535","0","1982.7357","525.29266","147.43703","94.50147","52.935555","33.040417","0.878706"
"D:\HAA\dACC revisions\Run 4\Br6471_dACC_20x_img_021-MaxIP-Stitched_unmixed_rotated.nd2","Layer 1","dACC_v17_ FISH-IF v2.4.4","458","4444","4471","4167","4195","0","0","0","0","1","1","1875.9003","0","379.09125","0","0","0","0","0","0","0","0","0","0","0","0","0","0","0","0","0","0","0","0","106.69967","76.68751","30.012157","24.458492","0.872171"
"D:\HAA\dACC revisions\Run 4\Br6471_dACC_20x_img_021-MaxIP-Stitched_unmixed_rotated.nd2","Layer 1","dACC_v17_ FISH-IF v2.4.4","459","4339","4375","4191","4218","1","0","1","0","1","1","590.7529","0","146.46445","0","0","0","0","0","6","6.582421","1","4728.066","718.28674","2","1.611082","0","1068.9299","663.4857","5","5.845926","1","2897.9685","495.7244","129.0707","93.85704","35.213654","32.61132","0.546447"
"D:\HAA\dACC revisions\Run 4\Br6471_dACC_20x_img_021-MaxIP-Stitched_unmixed_rotated.nd2","Layer 1","dACC_v17_ FISH-IF v2.4.4","460","4328","4360","4263","4293","0","0","1","0","1","1","712.6296","0","202.2825","0","0","0","0","0","0","0","0","0","0","2","1.933299","0","1540.7468","796.9524","14","34.845406","2","20575.406","590.47687","99.10457","57.354523","41.750042","33.469513","0.635098"
"D:\HAA\dACC revisions\Run 4\Br6471_dACC_20x_img_021-MaxIP-Stitched_unmixed_rotated.nd2","Layer 1","dACC_v17_ FISH-IF v2.4.4","461","4323","4341","4270","4282","0","0","0","0","1","1","548.21173","0","279.7769","0","0","0","0","0","0","0","0","0","0","3","3.958659","0","3467.8772","876.02325","2","5.385617","0","2909.062","540.1539","21.772623","11.553761","10.218863","15.447468","0.596735"
"D:\HAA\dACC revisions\Run 4\Br6471_dACC_20x_img_021-MaxIP-Stitched_unmixed_rotated.nd2","Layer 1","dACC_v17_ FISH-IF v2.4.4","462","4322","4355","4281","4309","0","1","1","0","1","1","551.1299","0","178.26204","0","0","0","0","0","0","0","0","0","0","7","8.976028","1","7534.801","768.4977","17","44.880146","3","25753.193","573.82153","123.316826","63.06236","60.25447","36.902287","0.716286"
"D:\HAA\dACC revisions\Run 4\Br6471_dACC_20x_img_021-MaxIP-Stitched_unmixed_rotated.nd2","Layer 1","dACC_v17_ FISH-IF v2.4.4","463","4542","4576","4305","4338","0","0","0","0","1","1","983.19763","0","211.96957","0","0","0","0","0","0","0","0","0","0","0","0","0","0","0","0","0","0","0","0","147.80528","96.80302","51.00226","34.756805","0.752633"
"D:\HAA\dACC revisions\Run 4\Br6471_dACC_20x_img_021-MaxIP-Stitched_unmixed_rotated.nd2","Layer 1","dACC_v17_ FISH-IF v2.4.4","464","4618","4647","4320","4348","0","0","0","0","1","1","1632.153","0","272.7224","0","0","0","0","0","0","0","0","0","0","0","0","0","0","0","0","0","0","0","0","122.16605","84.23658","37.929478","27.03307","0.821442"
"D:\HAA\dACC revisions\Run 4\Br6471_dACC_20x_img_021-MaxIP-Stitched_unmixed_rotated.nd2","Layer 1","dACC_v17_ FISH-IF v2.4.4","465","4239","4259","4326","4346","0","0","0","0","1","1","424.22223","0","139.83098","0","0","0","0","0","0","0","0","0","0","0","0","0","0","0","0","0","0","0","0","55.78947","48.746742","7.04273","11.156505","0.869659"
"D:\HAA\dACC revisions\Run 4\Br6471_dACC_20x_img_021-MaxIP-Stitched_unmixed_rotated.nd2","Layer 1","dACC_v17_ FISH-IF v2.4.4","466","4509","4534","4335","4366","0","0","0","1","1","1","1351.0507","0","304.63925","5","17.07747","1","30886.654","1808.62","0","0","0","0","0","0","0","0","0","0","0","0","0","0","0","95.69828","59.33385","36.364426","27.891262","0.738151"
"D:\HAA\dACC revisions\Run 4\Br6471_dACC_20x_img_021-MaxIP-Stitched_unmixed_rotated.nd2","Layer 1","dACC_v17_ FISH-IF v2.4.4","467","4524","4551","4342","4370","0","0","0","0","1","1","1311.1908","0","267.20697","0","0","0","0","0","0","0","0","0","0","0","0","0","0","0","0","0","0","0","0","101.36008","59.379883","41.980198","28.964003","0.840824"
"D:\HAA\dACC revisions\Run 4\Br6471_dACC_20x_img_021-MaxIP-Stitched_unmixed_rotated.nd2","Layer 1","dACC_v17_ FISH-IF v2.4.4","468","4608","4647","4354","4392","0","0","0","0","1","1","796.32495","0","232.78932","0","0","0","0","0","0","0","0","0","0","0","0","0","0","0","0","0","0","0","0","204.00903","116.45822","87.550804","43.767826","0.818821"
"D:\HAA\dACC revisions\Run 4\Br6471_dACC_20x_img_021-MaxIP-Stitched_unmixed_rotated.nd2","Layer 1","dACC_v17_ FISH-IF v2.4.4","469","4273","4304","4376","4410","0","0","0","0","1","1","1021.0845","0","253.92361","0","0","0","0","0","0","0","0","0","0","1","0.50634","0","383.94388","641.61536","0","0","0","0","0","153.74327","97.63158","56.111687","34.327705","0.828541"
"D:\HAA\dACC revisions\Run 4\Br6471_dACC_20x_img_021-MaxIP-Stitched_unmixed_rotated.nd2","Layer 1","dACC_v17_ FISH-IF v2.4.4","470","4417","4448","4389","4418","0","0","0","0","1","1","1427.5306","0","240.44585","0","0","0","0","0","0","0","0","0","0","0","0","0","0","0","0","0","0","0","0","129.99132","87.13653","42.854786","29.17855","0.867369"
"D:\HAA\dACC revisions\Run 4\Br6471_dACC_20x_img_021-MaxIP-Stitched_unmixed_rotated.nd2","Layer 1","dACC_v17_ FISH-IF v2.4.4","471","4633","4655","4397","4416","0","0","0","0","1","1","536.3702","0","140.98553","2","3.774535","0","2980.0415","789.5122","0","0","0","0","0","0","0","0","0","0","0","0","0","0","0","63.66076","54.086327","9.57443","13.301987","0.786361"
"D:\HAA\dACC revisions\Run 4\Br6471_dACC_20x_img_021-MaxIP-Stitched_unmixed_rotated.nd2","Layer 1","dACC_v17_ FISH-IF v2.4.4","472","4603","4623","4426","4446","0","0","0","0","1","1","918.1634","0","178.9222","0","0","0","0","0","0","0","0","0","0","0","0","0","0","0","0","0","0","0","0","61.957615","52.65937","9.298245","12.443794","0.875222"
"D:\HAA\dACC revisions\Run 4\Br6471_dACC_20x_img_021-MaxIP-Stitched_unmixed_rotated.nd2","Layer 1","dACC_v17_ FISH-IF v2.4.4","473","4515","4547","4434","4455","0","0","0","0","1","1","1631.3788","0","290.99155","0","0","0","0","0","0","0","0","0","0","0","0","0","0","0","0","0","0","0","0","99.749","59.886223","39.862774","27.891262","0.800213"
"D:\HAA\dACC revisions\Run 4\Br6471_dACC_20x_img_021-MaxIP-Stitched_unmixed_rotated.nd2","Layer 1","dACC_v17_ FISH-IF v2.4.4","474","4578","4598","4440","4464","0","0","0","1","1","1","1349.5338","0","185.23737","4","15.006079","1","24417.7","1627.1871","0","0","0","0","0","0","0","0","0","0","0","0","0","0","0","73.05106","60.11638","12.934688","15.876565","0.716651"
"D:\HAA\dACC revisions\Run 4\Br6471_dACC_20x_img_021-MaxIP-Stitched_unmixed_rotated.nd2","Layer 1","dACC_v17_ FISH-IF v2.4.4","475","4514","4542","4452","4474","0","0","0","0","1","1","1659.1128","0","274.6796","0","0","0","0","0","0","0","0","0","0","0","0","0","0","0","0","0","0","0","0","88.47142","54.592667","33.878754","25.74578","0.771788"
"D:\HAA\dACC revisions\Run 4\Br6471_dACC_20x_img_021-MaxIP-Stitched_unmixed_rotated.nd2","Layer 1","dACC_v17_ FISH-IF v2.4.4","476","4298","4327","4468","4495","0","0","0","1","1","1","1911.6362","0","340.32983","5","18.550459","1","28697.883","1547.0173","0","0","0","0","0","0","0","0","0","0","0","0","0","0","0","110.38214","79.127144","31.254993","25.316685","0.786828"
"D:\HAA\dACC revisions\Run 4\Br6471_dACC_20x_img_021-MaxIP-Stitched_unmixed_rotated.nd2","Layer 1","dACC_v17_ FISH-IF v2.4.4","477","4565","4593","4494","4519","0","0","0","0","1","1","1582.3701","0","243.6926","0","0","0","0","0","0","0","0","0","0","0","0","0","0","0","0","0","0","0","0","98.4141","72.176476","26.237623","23.171202","0.835235"
"D:\HAA\dACC revisions\Run 4\Br6471_dACC_20x_img_021-MaxIP-Stitched_unmixed_rotated.nd2","Layer 1","dACC_v17_ FISH-IF v2.4.4","478","4616","4639","4500","4524","0","0","0","0","1","1","724.4613","0","181.01685","2","7.54907","0","7320.7573","969.7561","0","0","0","0","0","0","0","0","0","0","0","0","0","0","0","74.38596","60.11638","14.269585","17.59295","0.683245"
"D:\HAA\dACC revisions\Run 4\Br6471_dACC_20x_img_021-MaxIP-Stitched_unmixed_rotated.nd2","Layer 1","dACC_v17_ FISH-IF v2.4.4","479","4548","4571","4505","4531","0","1","0","0","1","1","845.6504","0","194.48985","0","0","0","0","0","0","0","0","0","0","6","7.54907","1","6110.8345","809.4817","0","0","0","0","0","80.50807","63.522667","16.985409","19.309336","0.760937"
"D:\HAA\dACC revisions\Run 4\Br6471_dACC_20x_img_021-MaxIP-Stitched_unmixed_rotated.nd2","Layer 1","dACC_v17_ FISH-IF v2.4.4","480","4470","4498","4514","4539","0","0","0","0","1","1","1238.38","0","248.38196","0","0","0","0","0","0","0","0","0","0","0","0","0","0","0","0","0","0","0","0","100.76168","74.47803","26.283653","23.600298","0.791037"
"D:\HAA\dACC revisions\Run 4\Br6471_dACC_20x_img_021-MaxIP-Stitched_unmixed_rotated.nd2","Layer 1","dACC_v17_ FISH-IF v2.4.4","481","7221","7244","4528","4557","0","0","0","0","1","1","883.38165","0","200.41237","2","2.715824","0","2230.8423","821.4237","0","0","0","0","0","0","0","0","0","0","0","0","0","0","0","89.34601","67.75751","21.588501","25.74578","0.542822"
"D:\HAA\dACC revisions\Run 4\Br6471_dACC_20x_img_021-MaxIP-Stitched_unmixed_rotated.nd2","Layer 1","dACC_v17_ FISH-IF v2.4.4","482","7141","7162","4526","4549","0","0","0","0","1","1","656.6972","0","142.23882","0","0","0","0","0","0","0","0","0","0","0","0","0","0","0","0","0","0","0","0","69.18447","57.63071","11.553761","15.447468","0.730346"
"D:\HAA\dACC revisions\Run 4\Br6471_dACC_20x_img_021-MaxIP-Stitched_unmixed_rotated.nd2","Layer 1","dACC_v17_ FISH-IF v2.4.4","483","7387","7408","4532","4550","0","0","0","0","1","1","1037.3727","0","282.66818","0","0","0","0","0","0","0","0","0","0","0","0","0","0","0","0","0","0","0","0","53.25777","40.783394","12.474379","16.734756","0.651283"
"D:\HAA\dACC revisions\Run 4\Br6471_dACC_20x_img_021-MaxIP-Stitched_unmixed_rotated.nd2","Layer 1","dACC_v17_ FISH-IF v2.4.4","484","7079","7099","4534","4556","0","0","0","0","1","1","932.4626","0","180.47894","1","2.945979","0","2326.2644","789.6406","0","0","0","0","0","0","0","0","0","0","0","0","0","0","0","66.19246","55.743443","10.449018","14.589275","0.74224"
"D:\HAA\dACC revisions\Run 4\Br6471_dACC_20x_img_021-MaxIP-Stitched_unmixed_rotated.nd2","Layer 1","dACC_v17_ FISH-IF v2.4.4","485","7361","7376","4536","4551","0","0","0","0","1","1","434.77142","0","251.88646","0","0","0","0","0","0","0","0","0","0","0","0","0","0","0","0","0","0","0","0","35.25968","33.6486","1.611082","5.149156","0.743017"
"D:\HAA\dACC revisions\Run 4\Br6471_dACC_20x_img_021-MaxIP-Stitched_unmixed_rotated.nd2","Layer 1","dACC_v17_ FISH-IF v2.4.4","486","7302","7327","4536","4564","0","0","0","0","1","1","1430.9623","0","241.72398","0","0","0","0","0","0","0","0","0","0","0","0","0","0","0","0","0","0","0","0","99.47282","73.87962","25.59319","23.171202","0.765367"
"D:\HAA\dACC revisions\Run 4\Br6471_dACC_20x_img_021-MaxIP-Stitched_unmixed_rotated.nd2","Layer 1","dACC_v17_ FISH-IF v2.4.4","487","7343","7362","4538","4562","0","0","0","0","1","1","607.6101","0","150.1859","0","0","0","0","0","0","0","0","0","0","0","0","0","0","0","0","0","0","0","0","65.502","55.467255","10.03474","14.589275","0.653166"
"D:\HAA\dACC revisions\Run 4\Br6471_dACC_20x_img_021-MaxIP-Stitched_unmixed_rotated.nd2","Layer 1","dACC_v17_ FISH-IF v2.4.4","488","7375","7396","4542","4582","0","0","0","0","1","1","1316.8806","0","400.2164","0","0","0","0","0","0","0","0","0","0","0","0","0","0","0","0","0","0","0","0","107.436165","68.494","38.942158","34.97135","0.522991"
"D:\HAA\dACC revisions\Run 4\Br6471_dACC_20x_img_021-MaxIP-Stitched_unmixed_rotated.nd2","Layer 1","dACC_v17_ FISH-IF v2.4.4","489","7359","7376","4551","4576","0","0","0","0","1","1","353.45694","0","202.14912","0","0","0","0","0","0","0","0","0","0","0","0","0","0","0","0","0","0","0","0","62.509987","55.55932","6.950668","13.945631","0.481948"
"D:\HAA\dACC revisions\Run 4\Br6471_dACC_20x_img_021-MaxIP-Stitched_unmixed_rotated.nd2","Layer 1","dACC_v17_ FISH-IF v2.4.4","490","7396","7414","4560","4584","0","0","0","0","1","1","1241.6068","0","300.09503","0","0","0","0","0","0","0","0","0","0","0","0","0","0","0","0","0","0","0","0","64.48932","45.52458","18.964739","18.88024","0.749741"
"D:\HAA\dACC revisions\Run 4\Br6471_dACC_20x_img_021-MaxIP-Stitched_unmixed_rotated.nd2","Layer 1","dACC_v17_ FISH-IF v2.4.4","491","7237","7263","4566","4594","0","0","0","0","1","1","1133.5339","0","206.38882","2","8.515719","0","8810.962","1034.6703","0","0","0","0","0","0","0","0","0","0","0","0","0","0","0","105.04256","76.59544","28.447107","24.458492","0.776807"
"D:\HAA\dACC revisions\Run 4\Br6471_dACC_20x_img_021-MaxIP-Stitched_unmixed_rotated.nd2","Layer 1","dACC_v17_ FISH-IF v2.4.4","492","7375","7396","4573","4594","0","0","0","0","1","1","1227.3021","0","386.86774","0","0","0","0","0","0","0","0","0","0","0","0","0","0","0","0","0","0","0","0","56.29581","43.499218","12.796595","15.876565","0.720755"
"D:\HAA\dACC revisions\Run 4\Br6471_dACC_20x_img_021-MaxIP-Stitched_unmixed_rotated.nd2","Layer 1","dACC_v17_ FISH-IF v2.4.4","493","7331","7349","4583","4603","0","0","0","0","1","1","424.37405","0","118.91016","0","0","0","0","0","0","0","0","0","0","0","0","0","0","0","0","0","0","0","0","53.16571","47.13566","6.03005","10.298312","0.821565"
"D:\HAA\dACC revisions\Run 4\Br6471_dACC_20x_img_021-MaxIP-Stitched_unmixed_rotated.nd2","Layer 1","dACC_v17_ FISH-IF v2.4.4","494","7401","7424","4583","4616","0","0","0","0","1","1","1770.2117","0","417.6624","0","0","0","0","0","0","0","0","0","0","0","0","0","0","0","0","0","0","0","0","105.82508","75.81292","30.012157","26.174877","0.678676"
"D:\HAA\dACC revisions\Run 4\Br6471_dACC_20x_img_021-MaxIP-Stitched_unmixed_rotated.nd2","Layer 1","dACC_v17_ FISH-IF v2.4.4","495","7381","7403","4590","4615","0","0","0","0","1","1","1573.273","0","418.28583","0","0","0","0","0","0","0","0","0","0","0","0","0","0","0","0","0","0","0","0","83.36199","59.74813","23.613861","20.596624","0.873384"
"D:\HAA\dACC revisions\Run 4\Br6471_dACC_20x_img_021-MaxIP-Stitched_unmixed_rotated.nd2","Layer 1","dACC_v17_ FISH-IF v2.4.4","496","7295","7313","4598","4616","0","0","0","0","1","1","849.5497","0","194.97089","0","0","0","0","0","0","0","0","0","0","0","0","0","0","0","0","0","0","0","0","38.57391","31.62324","6.950668","12.014698","0.802044"
"D:\HAA\dACC revisions\Run 4\Br6471_dACC_20x_img_021-MaxIP-Stitched_unmixed_rotated.nd2","Layer 1","dACC_v17_ FISH-IF v2.4.4","497","7289","7310","4606","4631","0","0","0","0","1","1","942.272","0","173.88878","0","0","0","0","0","0","0","0","0","0","0","0","0","0","0","0","0","0","0","0","66.00834","49.253082","16.755255","18.88024","0.653975"
"D:\HAA\dACC revisions\Run 4\Br6471_dACC_20x_img_021-MaxIP-Stitched_unmixed_rotated.nd2","Layer 1","dACC_v17_ FISH-IF v2.4.4","498","7386","7408","4615","4641","0","0","0","0","1","1","2252.6467","0","472.3246","0","0","0","0","0","0","0","0","0","0","0","0","0","0","0","0","0","0","0","0","82.671524","64.94962","17.721903","18.88024","0.74805"
"D:\HAA\dACC revisions\Run 4\Br6471_dACC_20x_img_021-MaxIP-Stitched_unmixed_rotated.nd2","Layer 1","dACC_v17_ FISH-IF v2.4.4","499","7360","7386","4619","4644","0","0","0","0","1","1","1712.3782","0","281.3253","0","0","0","0","0","0","0","0","0","0","0","0","0","0","0","0","0","0","0","0","90.31266","70.473335","19.839325","22.31301","0.649372"
"D:\HAA\dACC revisions\Run 4\Br6471_dACC_20x_img_021-MaxIP-Stitched_unmixed_rotated.nd2","Layer 1","dACC_v17_ FISH-IF v2.4.4","500","7370","7398","4649","4669","0","0","0","0","1","1","1815.8865","0","409.03433","0","0","0","0","0","0","0","0","0","0","0","0","0","0","0","0","0","0","0","0","81.152504","61.68143","19.471079","20.167528","0.671698"
"D:\HAA\dACC revisions\Run 4\Br6471_dACC_20x_img_021-MaxIP-Stitched_unmixed_rotated.nd2","Layer 1","dACC_v17_ FISH-IF v2.4.4","501","7357","7398","4656","4696","0","0","0","0","1","1","1568.7904","0","383.76395","0","0","0","0","0","0","0","0","0","0","0","0","0","0","0","0","0","0","0","0","163.73198","112.13132","51.60066","46.98605","0.473861"
"D:\HAA\dACC revisions\Run 4\Br6471_dACC_20x_img_021-MaxIP-Stitched_unmixed_rotated.nd2","Layer 1","dACC_v17_ FISH-IF v2.4.4","502","7397","7414","4659","4688","0","0","0","0","1","1","395.8816","0","218.3948","0","0","0","0","0","0","0","0","0","0","0","0","0","0","0","0","0","0","0","0","76.13514","65.64009","10.495049","17.378403","0.501026"
"D:\HAA\dACC revisions\Run 4\Br6471_dACC_20x_img_021-MaxIP-Stitched_unmixed_rotated.nd2","Layer 1","dACC_v17_ FISH-IF v2.4.4","503","7214","7236","4662","4682","0","0","0","0","1","1","630.9037","0","152.59488","0","0","0","0","0","0","0","0","0","0","0","0","0","0","0","0","0","0","0","0","63.890915","53.856174","10.03474","13.731083","0.858212"
"D:\HAA\dACC revisions\Run 4\Br6471_dACC_20x_img_021-MaxIP-Stitched_unmixed_rotated.nd2","Layer 1","dACC_v17_ FISH-IF v2.4.4","504","7127","7165","4684","4725","0","0","0","0","1","1","1157.3625","0","251.31201","2","5.431648","0","5179.8594","953.64404","0","0","0","0","0","0","0","0","0","0","0","0","0","0","0","230.29268","131.004","99.28869","49.775177","0.780784"
"D:\HAA\dACC revisions\Run 4\Br6471_dACC_20x_img_021-MaxIP-Stitched_unmixed_rotated.nd2","Layer 1","dACC_v17_ FISH-IF v2.4.4","505","7390","7409","4699","4720","0","0","0","0","1","1","498.09875","0","152.81296","0","0","0","0","0","0","0","0","0","0","0","0","0","0","0","0","0","0","0","0","57.1704","49.71339","7.457009","11.585601","0.828667"
"D:\HAA\dACC revisions\Run 4\Br6471_dACC_20x_img_021-MaxIP-Stitched_unmixed_rotated.nd2","Layer 1","dACC_v17_ FISH-IF v2.4.4","506","7276","7297","4724","4742","0","0","0","0","1","1","915.4689","0","178.95525","2","6.628452","0","6631.9043","1000.5208","0","0","0","0","0","0","0","0","0","0","0","0","0","0","0","53.25777","42.16432","11.093451","15.018372","0.812784"
"D:\HAA\dACC revisions\Run 4\Br6471_dACC_20x_img_021-MaxIP-Stitched_unmixed_rotated.nd2","Layer 1","dACC_v17_ FISH-IF v2.4.4","507","7075","7100","4725","4748","0","0","0","0","1","1","670.6724","0","152.29024","0","0","0","0","0","0","0","0","0","0","0","0","0","0","0","0","0","0","0","0","84.19055","65.502","18.688553","18.88024","0.848574"
"D:\HAA\dACC revisions\Run 4\Br6471_dACC_20x_img_021-MaxIP-Stitched_unmixed_rotated.nd2","Layer 1","dACC_v17_ FISH-IF v2.4.4","508","7273","7294","4741","4763","0","0","0","0","1","1","1010.2023","0","214.61635","2","2.715824","0","2124.603","782.3051","0","0","0","0","0","0","0","0","0","0","0","0","0","0","0","72.314575","51.830814","20.483759","21.454817","0.648004"
"D:\HAA\dACC revisions\Run 4\Br6471_dACC_20x_img_021-MaxIP-Stitched_unmixed_rotated.nd2","Layer 1","dACC_v17_ FISH-IF v2.4.4","509","7294","7310","4740","4760","0","0","0","0","1","1","479.8595","0","203.42703","0","0","0","0","0","0","0","0","0","0","0","0","0","0","0","0","0","0","0","0","48.14834","42.578598","5.569741","10.083764","0.768919"
"D:\HAA\dACC revisions\Run 4\Br6471_dACC_20x_img_021-MaxIP-Stitched_unmixed_rotated.nd2","Layer 1","dACC_v17_ FISH-IF v2.4.4","510","7120","7146","4748","4773","0","0","0","1","1","1","1354.4767","0","290.9416","7","19.747263","1","37068.79","1877.1609","0","0","0","0","0","0","0","0","0","0","0","0","0","0","0","98.96647","73.28122","25.685251","21.454817","0.861748"
"D:\HAA\dACC revisions\Run 4\Br6471_dACC_20x_img_021-MaxIP-Stitched_unmixed_rotated.nd2","Layer 1","dACC_v17_ FISH-IF v2.4.4","511","7393","7422","4763","4791","0","0","0","0","1","1","1931.4475","0","323.77408","0","0","0","0","0","0","0","0","0","0","0","0","0","0","0","0","0","0","0","0","117.70106","81.70488","35.996178","26.603973","0.882499"
"D:\HAA\dACC revisions\Run 4\Br6471_dACC_20x_img_021-MaxIP-Stitched_unmixed_rotated.nd2","Layer 1","dACC_v17_ FISH-IF v2.4.4","512","7350","7379","4765","4799","0","0","0","0","1","1","1450.0394","0","232.39078","0","0","0","0","0","0","0","0","0","0","0","0","0","0","0","0","0","0","0","0","146.14816","94.82369","51.324474","31.75313","0.801806"
"D:\HAA\dACC revisions\Run 4\Br6471_dACC_20x_img_021-MaxIP-Stitched_unmixed_rotated.nd2","Layer 1","dACC_v17_ FISH-IF v2.4.4","513","7231","7252","4780","4804","0","0","0","0","1","1","775.30597","0","196.9543","2","1.841237","0","1464.7499","795.525","0","0","0","0","0","0","0","0","0","0","0","0","0","0","0","76.043076","61.451275","14.591801","16.734756","0.779377"
"D:\HAA\dACC revisions\Run 4\Br6471_dACC_20x_img_021-MaxIP-Stitched_unmixed_rotated.nd2","Layer 1","dACC_v17_ FISH-IF v2.4.4","514","7412","7441","4801","4831","0","0","0","0","1","1","1476.5686","0","298.1625","0","0","0","0","0","0","0","0","0","0","0","0","0","0","0","0","0","0","0","0","115.62966","62.602047","53.02762","31.967678","0.827247"
"D:\HAA\dACC revisions\Run 4\Br6471_dACC_20x_img_021-MaxIP-Stitched_unmixed_rotated.nd2","Layer 1","dACC_v17_ FISH-IF v2.4.4","515","7376","7407","4805","4836","0","0","0","0","1","1","1609.385","0","216.71341","0","0","0","0","0","0","0","0","0","0","0","0","0","0","0","0","0","0","0","0","137.35626","89.29998","48.05628","30.46584","0.927279"
"D:\HAA\dACC revisions\Run 4\Br6471_dACC_20x_img_021-MaxIP-Stitched_unmixed_rotated.nd2","Layer 1","dACC_v17_ FISH-IF v2.4.4","516","7434","7460","4808","4838","0","0","0","0","1","1","1214.1017","0","277.84595","0","0","0","0","0","0","0","0","0","0","0","0","0","0","0","0","0","0","0","0","106.05524","63.936943","42.11829","29.393099","0.810127"
"D:\HAA\dACC revisions\Run 4\Br6471_dACC_20x_img_021-MaxIP-Stitched_unmixed_rotated.nd2","Layer 1","dACC_v17_ FISH-IF v2.4.4","517","7402","7432","4823","4852","0","0","0","0","1","1","1792.24","0","329.65518","0","0","0","0","0","0","0","0","0","0","0","0","0","0","0","0","0","0","0","0","116.68838","76.227196","40.461178","27.891262","0.84946"
"D:\HAA\dACC revisions\Run 4\Br6471_dACC_20x_img_021-MaxIP-Stitched_unmixed_rotated.nd2","Layer 1","dACC_v17_ FISH-IF v2.4.4","518","7357","7388","4838","4867","0","0","0","0","1","1","1471.3334","0","279.4861","0","0","0","0","0","0","0","0","0","0","0","0","0","0","0","0","0","0","0","0","135.28487","89.576164","45.708702","30.036743","0.864275"
"D:\HAA\dACC revisions\Run 4\Br6471_dACC_20x_img_021-MaxIP-Stitched_unmixed_rotated.nd2","Layer 1","dACC_v17_ FISH-IF v2.4.4","519","7158","7188","4857","4888","0","0","0","0","1","1","1237.5656","0","222.34462","0","0","0","0","0","0","0","0","0","0","2","2.669793","0","2157.1929","808","0","0","0","0","0","136.8039","89.76029","47.0436","30.036743","0.938064"
"D:\HAA\dACC revisions\Run 4\Br6471_dACC_20x_img_021-MaxIP-Stitched_unmixed_rotated.nd2","Layer 1","dACC_v17_ FISH-IF v2.4.4","520","7160","7193","4902","4937","0","0","0","0","1","1","1016.66235","0","202.04707","0","0","0","0","0","0","0","0","0","0","0","0","0","0","0","0","0","0","0","0","165.75734","101.6823","64.075035","35.614998","0.849284"
"D:\HAA\dACC revisions\Run 4\Br6471_dACC_20x_img_021-MaxIP-Stitched_unmixed_rotated.nd2","Layer 1","dACC_v17_ FISH-IF v2.4.4","521","5535","5565","4582","4619","0","0","0","0","1","1","901.2547","0","237.24268","0","0","0","0","0","1","0.828557","0","1069.1141","800.89655","0","0","0","0","0","1","0.50634","0","210.31526","415.36365","150.33698","99.012505","51.324474","35.614998","0.680217"
"D:\HAA\dACC revisions\Run 4\Br6471_dACC_20x_img_021-MaxIP-Stitched_unmixed_rotated.nd2","Layer 1","dACC_v17_ FISH-IF v2.4.4","522","5789","5812","4594","4626","0","0","0","0","1","1","1032.8502","0","391.60114","0","0","0","0","0","2","1.611082","0","1664.2478","860.8333","0","0","0","0","0","0","0","0","0","0","91.96977","65.54803","26.421747","26.603973","0.622845"
"D:\HAA\dACC revisions\Run 4\Br6471_dACC_20x_img_021-MaxIP-Stitched_unmixed_rotated.nd2","Layer 1","dACC_v17_ FISH-IF v2.4.4","523","5805","5827","4594","4621","0","0","0","0","1","1","1713.9482","0","395.1874","0","0","0","0","0","1","2.209484","0","2003.9099","906.9583","0","0","0","0","0","0","0","0","0","0","79.81761","54.0403","25.777313","24.887589","0.734148"
"D:\HAA\dACC revisions\Run 4\Br6471_dACC_20x_img_021-MaxIP-Stitched_unmixed_rotated.nd2","Layer 1","dACC_v17_ FISH-IF v2.4.4","524","5578","5597","4640","4657","0","0","0","0","1","1","751.98376","0","140.01651","0","0","0","0","0","0","0","0","0","0","0","0","0","0","0","0","0","0","0","0","50.265762","44.60396","5.661803","9.869216","0.852741"
"D:\HAA\dACC revisions\Run 4\Br6471_dACC_20x_img_021-MaxIP-Stitched_unmixed_rotated.nd2","Layer 1","dACC_v17_ FISH-IF v2.4.4","525","5579","5599","4657","4676","0","0","0","0","1","1","1324.5234","0","167.68155","0","0","0","0","0","0","0","0","0","0","0","0","0","0","0","0","0","0","0","0","54.27045","47.411846","6.858607","10.941957","0.903535"
"D:\HAA\dACC revisions\Run 4\Br6471_dACC_20x_img_021-MaxIP-Stitched_unmixed_rotated.nd2","Layer 1","dACC_v17_ FISH-IF v2.4.4","526","5800","5833","4683","4712","0","0","1","0","1","1","2129.6326","0","271.3455","0","0","0","0","0","0","0","0","0","0","0","0","0","0","0","6","10.909328","1","6214.312","569.63293","141.17682","92.06184","49.11499","31.324034","0.857041"
"D:\HAA\dACC revisions\Run 4\Br6471_dACC_20x_img_021-MaxIP-Stitched_unmixed_rotated.nd2","Layer 1","dACC_v17_ FISH-IF v2.4.4","527","5715","5743","4710","4744","0","0","0","0","1","1","1465.1252","0","273.8807","0","0","0","0","0","0","0","0","0","0","0","0","0","0","0","0","0","0","0","0","122.85652","79.86364","42.992878","30.46584","0.769565"
"D:\HAA\dACC revisions\Run 4\Br6471_dACC_20x_img_021-MaxIP-Stitched_unmixed_rotated.nd2","Layer 1","dACC_v17_ FISH-IF v2.4.4","528","5698","5727","4727","4753","0","0","0","0","1","1","1421.2281","0","231.2045","0","0","0","0","0","0","0","0","0","0","0","0","0","0","0","0","0","0","0","0","100.62359","69.55272","31.07087","25.316685","0.775945"
"D:\HAA\dACC revisions\Run 4\Br6471_dACC_20x_img_021-MaxIP-Stitched_unmixed_rotated.nd2","Layer 1","dACC_v17_ FISH-IF v2.4.4","529","5725","5759","4751","4772","0","0","0","0","1","1","2170.8743","0","417.92865","0","0","0","0","0","3","3.314226","0","2714.351","756","0","0","0","0","0","0","0","0","0","0","108.310745","73.5574","34.75334","27.891262","0.70709"
"D:\HAA\dACC revisions\Run 4\Br6471_dACC_20x_img_021-MaxIP-Stitched_unmixed_rotated.nd2","Layer 1","dACC_v17_ FISH-IF v2.4.4","530","5719","5763","4771","4801","1","0","0","0","1","1","1036.3301","0","393.93277","0","0","0","0","0","9","14.269585","1","14115.15","989.1774","2","3.406288","0","2516.28","738.7162","0","0","0","0","0","182.09831","107.48219","74.61612","42.909634","0.629935"
"D:\HAA\dACC revisions\Run 4\Br6471_dACC_20x_img_021-MaxIP-Stitched_unmixed_rotated.nd2","Layer 1","dACC_v17_ FISH-IF v2.4.4","531","5658","5684","4770","4802","0","0","0","1","1","1","2201.4744","0","391.068","16","36.13427","3","87690.09","2426.7847","0","0","0","0","0","0","0","0","0","0","0","0","0","0","0","118.89786","83.960396","34.937466","27.03307","0.734535"
"D:\HAA\dACC revisions\Run 4\Br6471_dACC_20x_img_021-MaxIP-Stitched_unmixed_rotated.nd2","Layer 1","dACC_v17_ FISH-IF v2.4.4","532","5455","5473","4773","4791","0","0","0","0","1","1","446.37","0","115.34737","0","0","0","0","0","0","0","0","0","0","0","0","0","0","0","0","0","0","0","0","48.332462","43.72937","4.603092","9.011024","0.900545"
"D:\HAA\dACC revisions\Run 4\Br6471_dACC_20x_img_021-MaxIP-Stitched_unmixed_rotated.nd2","Layer 1","dACC_v17_ FISH-IF v2.4.4","533","5815","5836","4790","4811","1","0","0","0","1","1","1120.9824","0","269.613","0","0","0","0","0","6","8.331596","1","7709.6265","925.3481","1","0.690464","0","471.26453","682.5333","0","0","0","0","0","64.99566","38.896126","26.09953","22.742105","0.710006"
"D:\HAA\dACC revisions\Run 4\Br6471_dACC_20x_img_021-MaxIP-Stitched_unmixed_rotated.nd2","Layer 1","dACC_v17_ FISH-IF v2.4.4","534","5797","5816","4790","4811","0","0","0","0","1","1","1246.4667","0","287.54117","0","0","0","0","0","2","3.544381","0","3540.8362","999","1","0.828557","0","562.5438","678.94446","0","0","0","0","0","60.070347","35.213654","24.856695","22.31301","0.735969"
"D:\HAA\dACC revisions\Run 4\Br6471_dACC_20x_img_021-MaxIP-Stitched_unmixed_rotated.nd2","Layer 1","dACC_v17_ FISH-IF v2.4.4","535","5814","5831","4809","4827","0","0","0","0","1","1","1051.3662","0","222.24168","0","0","0","0","0","2","1.933299","0","2107.0652","880.28845","0","0","0","0","0","1","0.920618","0","425.83203","462.55","44.511898","26.283653","18.228243","18.022047","0.729026"
"D:\HAA\dACC revisions\Run 4\Br6471_dACC_20x_img_021-MaxIP-Stitched_unmixed_rotated.nd2","Layer 1","dACC_v17_ FISH-IF v2.4.4","536","5796","5813","4811","4828","0","0","0","0","1","1","895.25073","0","227.2012","0","0","0","0","0","1","1.196804","0","871.77954","728.4231","0","0","0","0","0","0","0","0","0","0","46.62932","30.656591","15.972729","17.59295","0.748891"
"D:\HAA\dACC revisions\Run 4\Br6471_dACC_20x_img_021-MaxIP-Stitched_unmixed_rotated.nd2","Layer 1","dACC_v17_ FISH-IF v2.4.4","537","5497","5528","4838","4872","0","0","0","0","1","1","1841.1498","0","314.5682","0","0","0","0","0","0","0","0","0","0","0","0","0","0","0","0","0","0","0","0","152.40837","96.158585","56.249783","33.469513","0.88883"
"D:\HAA\dACC revisions\Run 4\Br6471_dACC_20x_img_021-MaxIP-Stitched_unmixed_rotated.nd2","Layer 1","dACC_v17_ FISH-IF v2.4.4","538","5455","5483","4846","4874","0","0","0","0","1","1","785.0145","0","316.0163","0","0","0","0","0","0","0","0","0","0","0","0","0","0","0","0","0","0","0","0","110.658325","79.03509","31.62324","25.316685","0.816758"
"D:\HAA\dACC revisions\Run 4\Br6471_dACC_20x_img_021-MaxIP-Stitched_unmixed_rotated.nd2","Layer 1","dACC_v17_ FISH-IF v2.4.4","539","3250","3275","4138","4160","0","0","0","0","1","1","955.3338","0","253.13391","0","0","0","0","0","0","0","0","0","0","0","0","0","0","0","0","0","0","0","0","73.92565","42.62463","31.301023","25.74578","0.731455"
"D:\HAA\dACC revisions\Run 4\Br6471_dACC_20x_img_021-MaxIP-Stitched_unmixed_rotated.nd2","Layer 1","dACC_v17_ FISH-IF v2.4.4","540","3239","3260","4144","4177","0","0","0","0","1","1","969.585","0","257.36768","0","0","0","0","0","0","0","0","0","0","0","0","0","0","0","0","0","0","0","0","98.690285","58.09102","40.59927","29.17855","0.68931"
"D:\HAA\dACC revisions\Run 4\Br6471_dACC_20x_img_021-MaxIP-Stitched_unmixed_rotated.nd2","Layer 1","dACC_v17_ FISH-IF v2.4.4","541","3260","3277","4161","4179","0","0","0","0","1","1","1044.7026","0","250.0586","0","0","0","0","0","0","0","0","0","0","0","0","0","0","0","0","0","0","0","0","51.14035","35.351746","15.788605","16.949305","0.735533"
"D:\HAA\dACC revisions\Run 4\Br6471_dACC_20x_img_021-MaxIP-Stitched_unmixed_rotated.nd2","Layer 1","dACC_v17_ FISH-IF v2.4.4","542","3069","3094","4176","4200","0","0","0","0","1","1","720.6029","0","177.95168","0","0","0","0","0","0","0","0","0","0","0","0","0","0","0","0","0","0","0","0","80.646164","64.7655","15.880667","19.309336","0.715907"
"D:\HAA\dACC revisions\Run 4\Br6471_dACC_20x_img_021-MaxIP-Stitched_unmixed_rotated.nd2","Layer 1","dACC_v17_ FISH-IF v2.4.4","543","3175","3210","4197","4234","0","1","0","0","1","1","1377.5447","0","370.91562","0","0","0","0","0","0","0","0","0","0","18","19.747263","3","17049.299","863.3753","0","0","0","0","0","158.5765","109.645645","48.930866","40.764153","0.544408"
"D:\HAA\dACC revisions\Run 4\Br6471_dACC_20x_img_021-MaxIP-Stitched_unmixed_rotated.nd2","Layer 1","dACC_v17_ FISH-IF v2.4.4","544","3253","3280","4226","4258","0","0","0","1","1","1","2280.3818","0","481.03903","5","17.952057","1","22177.281","1235.3616","0","0","0","0","0","0","0","0","0","0","0","0","0","0","0","126.216774","87.27462","38.942158","28.10581","0.754714"
"D:\HAA\dACC revisions\Run 4\Br6471_dACC_20x_img_021-MaxIP-Stitched_unmixed_rotated.nd2","Layer 1","dACC_v17_ FISH-IF v2.4.4","545","3387","3411","4267","4294","0","0","0","0","1","1","1975.3328","0","296.29492","0","0","0","0","0","0","0","0","0","0","0","0","0","0","0","3","1.795206","0","795","442.84616","98.04585","72.72885","25.317005","22.098461","0.83105"
"D:\HAA\dACC revisions\Run 4\Br6471_dACC_20x_img_021-MaxIP-Stitched_unmixed_rotated.nd2","Layer 1","dACC_v17_ FISH-IF v2.4.4","546","3085","3112","4289","4316","0","0","0","0","1","1","3252.9583","0","421.68274","0","0","0","0","0","0","0","0","0","0","0","0","0","0","0","1","0.598402","0","262.1461","438.07693","106.101265","76.31926","29.782003","23.600298","0.885147"
"D:\HAA\dACC revisions\Run 4\Br6471_dACC_20x_img_021-MaxIP-Stitched_unmixed_rotated.nd2","Layer 1","dACC_v17_ FISH-IF v2.4.4","547","3128","3163","4290","4331","0","0","0","0","1","1","1299.9928","0","255.37587","0","0","0","0","0","0","0","0","0","0","0","0","0","0","0","1","1.058711","0","454.46326","429.26086","209.71686","119.772446","89.94441","42.909634","0.765158"
"D:\HAA\dACC revisions\Run 4\Br6471_dACC_20x_img_021-MaxIP-Stitched_unmixed_rotated.nd2","Layer 1","dACC_v17_ FISH-IF v2.4.4","548","3048","3078","4302","4333","0","0","0","0","1","1","2347.995","0","347.78366","1","0.552371","0","494.4641","826.3077","0","0","0","0","0","0","0","0","0","0","0","0","0","0","0","136.25151","89.576164","46.67535","30.46584","0.919926"
"D:\HAA\dACC revisions\Run 4\Br6471_dACC_20x_img_021-MaxIP-Stitched_unmixed_rotated.nd2","Layer 1","dACC_v17_ FISH-IF v2.4.4","549","3368","3397","4306","4341","0","0","1","0","1","1","1935.7736","0","290.8851","0","0","0","0","0","0","0","0","0","0","0","0","0","0","0","6","11.323606","1","5613.3325","489.74698","147.57512","95.74431","51.830814","32.61132","0.788924"
"D:\HAA\dACC revisions\Run 4\Br6471_dACC_20x_img_021-MaxIP-Stitched_unmixed_rotated.nd2","Layer 1","dACC_v17_ FISH-IF v2.4.4","550","3158","3189","4331","4356","0","1","0","0","1","1","2921.8804","0","533.1766","0","0","0","0","0","0","0","0","0","0","6","4.695154","1","5240.3438","1025.6216","2","2.071391","0","1088.4932","492.64584","101.08389","66.46864","34.61525","26.174877","0.82384"
"D:\HAA\dACC revisions\Run 4\Br6471_dACC_20x_img_021-MaxIP-Stitched_unmixed_rotated.nd2","Layer 1","dACC_v17_ FISH-IF v2.4.4","551","3166","3196","4347","4375","0","0","0","0","1","1","2717.5952","0","471.73138","0","0","0","0","0","0","0","0","0","0","1","0.966649","0","698.47314","722.5714","2","1.657113","0","808.441","450.33334","112.683685","72.314575","40.369114","28.749454","0.834392"
"D:\HAA\dACC revisions\Run 4\Br6471_dACC_20x_img_021-MaxIP-Stitched_unmixed_rotated.nd2","Layer 1","dACC_v17_ FISH-IF v2.4.4","552","3141","3162","4360","4386","0","1","0","0","1","1","1346.3538","0","267.91885","0","0","0","0","0","0","0","0","0","0","8","8.56175","1","7935.868","926.8978","1","0.414278","0","180.80945","436.44446","80.96838","65.22581","15.742574","18.451143","0.668114"
"D:\HAA\dACC revisions\Run 4\Br6471_dACC_20x_img_021-MaxIP-Stitched_unmixed_rotated.nd2","Layer 1","dACC_v17_ FISH-IF v2.4.4","553","3327","3349","4366","4387","0","0","0","0","1","1","1843.2628","0","281.1168","0","0","0","0","0","0","0","0","0","0","0","0","0","0","0","0","0","0","0","0","70.151115","57.538647","12.612472","15.018372","0.89596"
"D:\HAA\dACC revisions\Run 4\Br6471_dACC_20x_img_021-MaxIP-Stitched_unmixed_rotated.nd2","Layer 1","dACC_v17_ FISH-IF v2.4.4","554","3119","3146","4387","4413","0","0","0","1","1","1","2139.8938","0","336.69473","12","23.659891","2","56788.805","2400.214","0","0","0","0","0","0","0","0","0","0","0","0","0","0","0","101.63627","74.339935","27.296333","23.171202","0.867628"
"D:\HAA\dACC revisions\Run 4\Br6471_dACC_20x_img_021-MaxIP-Stitched_unmixed_rotated.nd2","Layer 1","dACC_v17_ FISH-IF v2.4.4","555","3063","3088","4397","4423","0","0","0","0","1","1","3034.1575","0","377.05954","0","0","0","0","0","0","0","0","0","0","0","0","0","0","0","2","1.611082","0","759.4641","471.4","97.8157","72.682816","25.132881","21.883913","0.820669"
"D:\HAA\dACC revisions\Run 4\Br6471_dACC_20x_img_021-MaxIP-Stitched_unmixed_rotated.nd2","Layer 1","dACC_v17_ FISH-IF v2.4.4","556","3061","3099","4448","4475","0","0","0","0","1","1","2123.3074","0","383.8212","0","0","0","0","0","0","0","0","0","0","0","0","0","0","0","0","0","0","0","0","147.02275","97.30936","49.71339","33.040417","0.710273"
"D:\HAA\dACC revisions\Run 4\Br6471_dACC_20x_img_021-MaxIP-Stitched_unmixed_rotated.nd2","Layer 1","dACC_v17_ FISH-IF v2.4.4","557","3368","3393","4488","4514","0","0","0","0","1","1","961.826","0","245.42802","0","0","0","0","0","0","0","0","0","0","0","0","0","0","0","0","0","0","0","0","97.40142","72.26854","25.132881","22.31301","0.862211"
"D:\HAA\dACC revisions\Run 4\Br6471_dACC_20x_img_021-MaxIP-Stitched_unmixed_rotated.nd2","Layer 1","dACC_v17_ FISH-IF v2.4.4","558","3116","3142","3746","3769","0","0","0","0","1","1","2147.2888","0","358.38904","0","0","0","0","0","0","0","0","0","0","0","0","0","0","0","0","0","0","0","0","84.60483","63.890915","20.713913","21.02572","0.797627"
"D:\HAA\dACC revisions\Run 4\Br6471_dACC_20x_img_021-MaxIP-Stitched_unmixed_rotated.nd2","Layer 1","dACC_v17_ FISH-IF v2.4.4","559","3141","3169","3765","3788","0","0","0","0","1","1","2232.1345","0","464.43213","0","0","0","0","0","0","0","0","0","0","0","0","0","0","0","0","0","0","0","0","100.39343","61.036995","39.356434","28.320358","0.849021"
"D:\HAA\dACC revisions\Run 4\Br6471_dACC_20x_img_021-MaxIP-Stitched_unmixed_rotated.nd2","Layer 1","dACC_v17_ FISH-IF v2.4.4","560","3114","3141","3768","3793","0","0","0","0","1","1","2268.477","0","518.6985","0","0","0","0","0","0","0","0","0","0","0","0","0","0","0","0","0","0","0","0","95.23797","63.20045","32.037518","26.389425","0.804545"
"D:\HAA\dACC revisions\Run 4\Br6471_dACC_20x_img_021-MaxIP-Stitched_unmixed_rotated.nd2","Layer 1","dACC_v17_ FISH-IF v2.4.4","561","3350","3383","3778","3805","0","0","0","0","1","1","2149.549","0","359.45734","0","0","0","0","0","0","0","0","0","0","0","0","0","0","0","0","0","0","0","0","125.848526","79.81761","46.03092","30.251291","0.778747"
"D:\HAA\dACC revisions\Run 4\Br6471_dACC_20x_img_021-MaxIP-Stitched_unmixed_rotated.nd2","Layer 1","dACC_v17_ FISH-IF v2.4.4","562","3138","3170","3788","3810","0","0","0","0","1","1","2384.0945","0","429.1706","0","0","0","0","0","0","0","0","0","0","0","0","0","0","0","0","0","0","0","0","108.26472","68.26385","40.000866","28.320358","0.83138"
"D:\HAA\dACC revisions\Run 4\Br6471_dACC_20x_img_021-MaxIP-Stitched_unmixed_rotated.nd2","Layer 1","dACC_v17_ FISH-IF v2.4.4","563","3107","3123","3783","3799","0","0","0","0","1","1","2409.151","0","438.21158","0","0","0","0","0","0","0","0","0","0","0","0","0","0","0","0","0","0","0","0","35.075558","32.63592","2.439639","6.436445","0.758717"
"D:\HAA\dACC revisions\Run 4\Br6471_dACC_20x_img_021-MaxIP-Stitched_unmixed_rotated.nd2","Layer 1","dACC_v17_ FISH-IF v2.4.4","564","3086","3105","3791","3809","0","0","0","0","1","1","593.61536","0","124.53333","0","0","0","0","0","0","0","0","0","0","0","0","0","0","0","0","0","0","0","0","48.976894","44.189682","4.787215","9.011024","0.864277"
"D:\HAA\dACC revisions\Run 4\Br6471_dACC_20x_img_021-MaxIP-Stitched_unmixed_rotated.nd2","Layer 1","dACC_v17_ FISH-IF v2.4.4","565","3344","3368","3798","3821","0","0","0","0","1","1","2456.9622","0","368.10498","0","0","0","0","0","0","0","0","0","0","0","0","0","0","0","0","0","0","0","0","72.91297","53.487926","19.425047","19.309336","0.877849"
"D:\HAA\dACC revisions\Run 4\Br6471_dACC_20x_img_021-MaxIP-Stitched_unmixed_rotated.nd2","Layer 1","dACC_v17_ FISH-IF v2.4.4","566","3284","3312","3803","3832","0","0","0","1","1","1","2206.8035","0","359.02896","9","24.902727","1","52238.094","2097.6858","0","0","0","0","0","0","0","0","0","0","0","0","0","0","0","119.22008","82.671524","36.54855","26.603973","0.836306"
"D:\HAA\dACC revisions\Run 4\Br6471_dACC_20x_img_021-MaxIP-Stitched_unmixed_rotated.nd2","Layer 1","dACC_v17_ FISH-IF v2.4.4","567","3212","3253","3803","3847","0","0","1","0","1","1","895.5781","0","299.49493","0","0","0","0","0","0","0","0","0","0","0","0","0","0","0","12","18.780615","2","10042.796","528.26874","237.0132","131.51033","105.50286","50.63337","0.69331"
"D:\HAA\dACC revisions\Run 4\Br6471_dACC_20x_img_021-MaxIP-Stitched_unmixed_rotated.nd2","Layer 1","dACC_v17_ FISH-IF v2.4.4","568","3362","3387","3811","3844","0","0","0","0","1","1","1891.3002","0","374.36746","0","0","0","0","0","0","0","0","0","0","0","0","0","0","0","0","0","0","0","0","119.22008","84.55879","34.66128","27.247618","0.678669"
"D:\HAA\dACC revisions\Run 4\Br6471_dACC_20x_img_021-MaxIP-Stitched_unmixed_rotated.nd2","Layer 1","dACC_v17_ FISH-IF v2.4.4","569","3180","3211","3832","3864","0","0","1","0","1","1","2225.5708","0","378.3841","0","0","0","0","0","0","0","0","0","0","0","0","0","0","0","4","6.858607","1","3363.7092","490.43625","129.0707","90.35869","38.712","31.75313","0.642107"
"D:\HAA\dACC revisions\Run 4\Br6471_dACC_20x_img_021-MaxIP-Stitched_unmixed_rotated.nd2","Layer 1","dACC_v17_ FISH-IF v2.4.4","570","3263","3282","3843","3865","0","0","0","0","1","1","906.93024","0","175.71956","3","3.314226","0","2866.9436","830.44","0","0","0","0","0","0","0","0","0","0","0","0","0","0","0","64.71947","54.822823","9.896647","13.301987","0.772951"
"D:\HAA\dACC revisions\Run 4\Br6471_dACC_20x_img_021-MaxIP-Stitched_unmixed_rotated.nd2","Layer 1","dACC_v17_ FISH-IF v2.4.4","571","3230","3252","3874","3899","0","0","0","0","1","1","1610.7335","0","280.90683","3","7.595101","0","7969.379","1049.2788","0","0","0","0","0","0","0","0","0","0","0","0","0","0","0","78.80493","62.74014","16.06479","17.59295","0.813119"
"D:\HAA\dACC revisions\Run 4\Br6471_dACC_20x_img_021-MaxIP-Stitched_unmixed_rotated.nd2","Layer 1","dACC_v17_ FISH-IF v2.4.4","572","3383","3400","3903","3918","0","0","0","0","1","1","1370.2028","0","485.2855","0","0","0","0","0","0","0","0","0","0","0","0","0","0","0","0","0","0","0","0","31.945457","28.53917","3.406288","7.294638","0.767647"
"D:\HAA\dACC revisions\Run 4\Br6471_dACC_20x_img_021-MaxIP-Stitched_unmixed_rotated.nd2","Layer 1","dACC_v17_ FISH-IF v2.4.4","573","3157","3177","3905","3929","0","0","0","0","1","1","2035.3334","0","348.11163","3","10.495049","0","14905.594","1420.25","0","0","0","0","0","0","0","0","0","0","0","0","0","0","0","71.670135","58.965607","12.704534","15.447468","0.77276"
"D:\HAA\dACC revisions\Run 4\Br6471_dACC_20x_img_021-MaxIP-Stitched_unmixed_rotated.nd2","Layer 1","dACC_v17_ FISH-IF v2.4.4","574","3377","3402","3912","3939","0","0","0","0","1","1","1698.5725","0","328.1507","0","0","0","0","0","0","0","0","0","0","0","0","0","0","0","0","0","0","0","0","87.688896","62.924263","24.764633","23.600298","0.717799"
"D:\HAA\dACC revisions\Run 4\Br6471_dACC_20x_img_021-MaxIP-Stitched_unmixed_rotated.nd2","Layer 1","dACC_v17_ FISH-IF v2.4.4","575","3098","3124","3924","3950","0","0","0","0","1","1","1599.2944","0","320.46515","1","0.966649","0","806.968","834.8095","0","0","0","0","0","0","0","0","0","0","0","0","0","0","0","98.27601","72.63679","25.639221","21.883913","0.853833"
"D:\HAA\dACC revisions\Run 4\Br6471_dACC_20x_img_021-MaxIP-Stitched_unmixed_rotated.nd2","Layer 1","dACC_v17_ FISH-IF v2.4.4","576","3309","3330","3967","3990","0","0","0","0","1","1","1063.6932","0","210.28432","1","0.644433","0","558.7693","867.0714","0","0","0","0","0","0","0","0","0","0","0","0","0","0","0","68.21782","56.66406","11.553761","15.23292","0.808113"
"D:\HAA\dACC revisions\Run 4\Br6471_dACC_20x_img_021-MaxIP-Stitched_unmixed_rotated.nd2","Layer 1","dACC_v17_ FISH-IF v2.4.4","577","3060","3080","3984","4008","0","0","0","0","1","1","1174.8387","0","201.657","0","0","0","0","0","0","0","0","0","0","0","0","0","0","0","0","0","0","0","0","67.15911","57.1704","9.988709","15.018372","0.632297"
"D:\HAA\dACC revisions\Run 4\Br6471_dACC_20x_img_021-MaxIP-Stitched_unmixed_rotated.nd2","Layer 1","dACC_v17_ FISH-IF v2.4.4","578","3300","3344","4004","4033","0","0","0","0","1","1","1616.4797","0","272.35977","2","4.418968","0","4142.138","937.3542","0","0","0","0","0","0","0","0","0","0","0","0","0","0","0","186.47125","114.89317","71.57808","40.9787","0.651173"
"D:\HAA\dACC revisions\Run 4\Br6471_dACC_20x_img_021-MaxIP-Stitched_unmixed_rotated.nd2","Layer 1","dACC_v17_ FISH-IF v2.4.4","579","3396","3428","4007","4043","0","0","0","0","1","1","1887.0297","0","274.0085","0","0","0","0","0","0","0","0","0","0","0","0","0","0","0","0","0","0","0","0","166.26367","102.64895","63.614727","36.902287","0.834629"
"D:\HAA\dACC revisions\Run 4\Br6471_dACC_20x_img_021-MaxIP-Stitched_unmixed_rotated.nd2","Layer 1","dACC_v17_ FISH-IF v2.4.4","580","3066","3090","4020","4056","0","0","0","0","1","1","2387.5286","0","359.88007","0","0","0","0","0","0","0","0","0","0","0","0","0","0","0","0","0","0","0","0","133.30554","92.107864","41.19767","29.17855","0.69745"
"D:\HAA\dACC revisions\Run 4\Br6471_dACC_20x_img_021-MaxIP-Stitched_unmixed_rotated.nd2","Layer 1","dACC_v17_ FISH-IF v2.4.4","581","3168","3187","4033","4052","0","0","0","0","1","1","1033.937","0","153.46298","0","0","0","0","0","0","0","0","0","0","0","0","0","0","0","0","0","0","0","0","52.475246","46.62932","5.845926","9.869216","0.8553"
"D:\HAA\dACC revisions\Run 4\Br6471_dACC_20x_img_021-MaxIP-Stitched_unmixed_rotated.nd2","Layer 1","dACC_v17_ FISH-IF v2.4.4","582","3176","3208","4059","4088","0","0","0","0","1","1","2874.1565","0","659.73346","0","0","0","0","0","0","0","0","0","0","0","0","0","0","0","0","0","0","0","0","129.89925","87.550804","42.348446","29.607647","0.811754"
"D:\HAA\dACC revisions\Run 4\Br6471_dACC_20x_img_021-MaxIP-Stitched_unmixed_rotated.nd2","Layer 1","dACC_v17_ FISH-IF v2.4.4","583","3405","3424","4082","4104","0","0","0","0","1","1","1263.9109","0","180.72954","1","3.452319","0","4279.3564","1239.56","0","0","0","0","0","0","0","0","0","0","0","0","0","0","0","62.74014","53.441895","9.298245","12.87289","0.795331"
"D:\HAA\dACC revisions\Run 4\Br6471_dACC_20x_img_021-MaxIP-Stitched_unmixed_rotated.nd2","Layer 1","dACC_v17_ FISH-IF v2.4.4","584","3062","3083","4109","4130","0","0","0","0","1","1","2190.558","0","262.36972","0","0","0","0","0","0","0","0","0","0","0","0","0","0","0","0","0","0","0","0","64.71947","54.408543","10.310925","13.731083","0.837641"
"D:\HAA\dACC revisions\Run 4\Br6471_dACC_20x_img_021-MaxIP-Stitched_unmixed_rotated.nd2","Layer 1","dACC_v17_ FISH-IF v2.4.4","585","3827","3849","3748","3774","0","0","0","0","1","1","2388.6287","0","339.1276","0","0","0","0","0","0","0","0","0","0","0","0","0","0","0","0","0","0","0","0","81.56679","64.581375","16.985409","18.022047","0.801838"
"D:\HAA\dACC revisions\Run 4\Br6471_dACC_20x_img_021-MaxIP-Stitched_unmixed_rotated.nd2","Layer 1","dACC_v17_ FISH-IF v2.4.4","586","3446","3479","3753","3777","0","0","0","0","1","1","1606.2032","0","343.79657","0","0","0","0","0","0","0","0","0","0","0","0","0","0","0","0","0","0","0","0","120.41688","69.92097","50.49592","32.182224","0.805107"
"D:\HAA\dACC revisions\Run 4\Br6471_dACC_20x_img_021-MaxIP-Stitched_unmixed_rotated.nd2","Layer 1","dACC_v17_ FISH-IF v2.4.4","587","3521","3541","3758","3777","0","0","0","0","1","1","1229.9346","0","192.52263","1","1.657113","0","1384.518","835.5","0","0","0","0","0","0","0","0","0","0","0","0","0","0","0","57.58468","49.851482","7.733194","11.585601","0.887026"
"D:\HAA\dACC revisions\Run 4\Br6471_dACC_20x_img_021-MaxIP-Stitched_unmixed_rotated.nd2","Layer 1","dACC_v17_ FISH-IF v2.4.4","588","3473","3499","3766","3794","0","0","0","1","1","1","2349.2266","0","322.0079","7","20.944067","1","29094.164","1389.1362","0","0","0","0","0","0","0","0","0","0","0","0","0","0","0","109.00121","75.67483","33.326385","25.74578","0.855777"
"D:\HAA\dACC revisions\Run 4\Br6471_dACC_20x_img_021-MaxIP-Stitched_unmixed_rotated.nd2","Layer 1","dACC_v17_ FISH-IF v2.4.4","589","3446","3474","3777","3806","0","0","0","0","1","1","1997.2743","0","381.5604","1","1.51902","0","1383.2751","910.63635","0","0","0","0","0","0","0","0","0","0","0","0","0","0","0","124.78982","72.77488","52.01494","31.75313","0.760449"
"D:\HAA\dACC revisions\Run 4\Br6471_dACC_20x_img_021-MaxIP-Stitched_unmixed_rotated.nd2","Layer 1","dACC_v17_ FISH-IF v2.4.4","590","3574","3603","3785","3814","0","0","0","1","1","1","1986.3585","0","408.30545","13","29.04551","2","65466.23","2253.9192","0","0","0","0","0","0","0","0","0","0","0","0","0","0","0","118.43755","83.638176","34.799374","27.462166","0.738925"
"D:\HAA\dACC revisions\Run 4\Br6471_dACC_20x_img_021-MaxIP-Stitched_unmixed_rotated.nd2","Layer 1","dACC_v17_ FISH-IF v2.4.4","591","3543","3574","3794","3821","0","0","0","1","1","1","2254.407","0","414.10477","9","26.882055","1","40393.742","1502.6284","0","0","0","0","0","0","0","0","0","0","0","0","0","0","0","123.823166","85.24926","38.57391","27.03307","0.820547"
"D:\HAA\dACC revisions\Run 4\Br6471_dACC_20x_img_021-MaxIP-Stitched_unmixed_rotated.nd2","Layer 1","dACC_v17_ FISH-IF v2.4.4","592","3716","3744","3801","3834","0","1","0","0","1","1","1069.0775","0","209.037","0","0","0","0","0","0","0","0","0","0","21","17.721903","3","20599.756","1162.3896","0","0","0","0","0","131.14209","89.576164","41.565918","30.036743","0.713815"
"D:\HAA\dACC revisions\Run 4\Br6471_dACC_20x_img_021-MaxIP-Stitched_unmixed_rotated.nd2","Layer 1","dACC_v17_ FISH-IF v2.4.4","593","3628","3654","3924","3969","0","0","1","0","1","1","1056.8921","0","386.8047","1","3.268195","0","6670.11","2040.9155","0","0","0","0","0","0","0","0","0","0","14","24.120201","2","12867.206","533.46185","160.0495","106.285385","53.76411","39.262314","0.558991"
"D:\HAA\dACC revisions\Run 4\Br6471_dACC_20x_img_021-MaxIP-Stitched_unmixed_rotated.nd2","Layer 1","dACC_v17_ FISH-IF v2.4.4","594","3649","3678","3930","3959","0","0","0","1","1","1","2170.9563","0","394.38165","18","39.816742","3","100466.85","2523.2312","0","0","0","0","0","0","0","0","0","0","2","4.925308","0","2845.6772","577.76636","120.87719","79.72555","41.15164","29.17855","0.762074"
"D:\HAA\dACC revisions\Run 4\Br6471_dACC_20x_img_021-MaxIP-Stitched_unmixed_rotated.nd2","Layer 1","dACC_v17_ FISH-IF v2.4.4","595","3506","3534","3940","3967","0","0","0","0","1","1","2401.1372","0","346.9677","0","0","0","0","0","0","0","0","0","0","0","0","0","0","0","0","0","0","0","0","110.24405","78.390656","31.853395","24.887589","0.875054"
"D:\HAA\dACC revisions\Run 4\Br6471_dACC_20x_img_021-MaxIP-Stitched_unmixed_rotated.nd2","Layer 1","dACC_v17_ FISH-IF v2.4.4","596","3439","3464","3948","3974","0","0","0","0","1","1","1036.799","0","212.375","0","0","0","0","0","0","0","0","0","0","0","0","0","0","0","1","2.48567","0","1255.4473","505.07407","98.22998","73.28122","24.948757","22.098461","0.815264"
"D:\HAA\dACC revisions\Run 4\Br6471_dACC_20x_img_021-MaxIP-Stitched_unmixed_rotated.nd2","Layer 1","dACC_v17_ FISH-IF v2.4.4","597","3716","3747","3953","3986","0","0","0","1","1","1","2037.3184","0","450.92557","9","22.55515","1","42859.11","1900.1919","0","0","0","0","0","0","0","0","0","0","0","0","0","0","0","146.01007","97.72364","48.286434","32.82587","0.686024"
"D:\HAA\dACC revisions\Run 4\Br6471_dACC_20x_img_021-MaxIP-Stitched_unmixed_rotated.nd2","Layer 1","dACC_v17_ FISH-IF v2.4.4","598","3536","3557","3953","3974","0","0","0","0","1","1","885.7923","0","188.68547","0","0","0","0","0","0","0","0","0","0","0","0","0","0","0","0","0","0","0","0","63.384575","53.856174","9.528399","13.731083","0.766796"
"D:\HAA\dACC revisions\Run 4\Br6471_dACC_20x_img_021-MaxIP-Stitched_unmixed_rotated.nd2","Layer 1","dACC_v17_ FISH-IF v2.4.4","599","3499","3530","4069","4099","0","0","0","1","1","1","1959.9591","0","442.15677","14","37.14695","2","86769.25","2335.8376","0","0","0","0","0","1","0.874587","0","654.7438","748.6316","1","0.782526","0","393.1961","502.47058","129.99132","88.379364","41.61195","29.393099","0.800654"
"D:\HAA\dACC revisions\Run 4\Br6471_dACC_20x_img_021-MaxIP-Stitched_unmixed_rotated.nd2","Layer 1","dACC_v17_ FISH-IF v2.4.4","600","3794","3823","4085","4115","0","0","0","0","1","1","2429.6597","0","349.68887","0","0","0","0","0","0","0","0","0","0","0","0","0","0","0","0","0","0","0","0","128.3342","86.40003","41.934166","28.320358","0.890574"
"D:\HAA\dACC revisions\Run 4\Br6471_dACC_20x_img_021-MaxIP-Stitched_unmixed_rotated.nd2","Layer 1","dACC_v17_ FISH-IF v2.4.4","601","3589","3618","4097","4128","0","0","0","0","1","1","2723.7065","0","317.42014","0","0","0","0","0","0","0","0","0","0","0","0","0","0","0","1","0.920618","0","429.9748","467.05","130.12941","87.32065","42.808754","29.17855","0.867738"
"D:\HAA\dACC revisions\Run 4\Br6471_dACC_20x_img_021-MaxIP-Stitched_unmixed_rotated.nd2","Layer 1","dACC_v17_ FISH-IF v2.4.4","602","3734","3753","4098","4120","0","0","0","0","1","1","604.9286","0","143.64383","0","0","0","0","0","0","0","0","0","0","0","0","0","0","0","0","0","0","0","0","64.075035","54.408543","9.666492","13.731083","0.755002"
"D:\HAA\dACC revisions\Run 4\Br6471_dACC_20x_img_021-MaxIP-Stitched_unmixed_rotated.nd2","Layer 1","dACC_v17_ FISH-IF v2.4.4","603","6310","6339","4121","4148","0","0","0","0","1","1","2051.4744","0","407.13248","0","0","0","0","0","0","0","0","0","0","0","0","0","0","0","0","0","0","0","0","87.873024","50.035606","37.837414","28.749454","0.736285"
"D:\HAA\dACC revisions\Run 4\Br6471_dACC_20x_img_021-MaxIP-Stitched_unmixed_rotated.nd2","Layer 1","dACC_v17_ FISH-IF v2.4.4","604","6319","6346","4138","4166","0","0","0","1","1","1","1820.0526","0","401.90286","11","26.789993","2","46412.836","1732.4691","0","0","0","0","0","0","0","0","0","0","0","0","0","0","0","107.804405","71.07174","36.732674","27.891262","0.764198"
"D:\HAA\dACC revisions\Run 4\Br6471_dACC_20x_img_021-MaxIP-Stitched_unmixed_rotated.nd2","Layer 1","dACC_v17_ FISH-IF v2.4.4","605","6272","6303","4160","4188","0","0","0","0","1","1","2083.991","0","308.11023","0","0","0","0","0","0","0","0","0","0","0","0","0","0","0","0","0","0","0","0","123.22477","82.25725","40.967518","28.749454","0.843244"
"D:\HAA\dACC revisions\Run 4\Br6471_dACC_20x_img_021-MaxIP-Stitched_unmixed_rotated.nd2","Layer 1","dACC_v17_ FISH-IF v2.4.4","606","6249","6274","4167","4198","0","0","0","0","1","1","2142.699","0","373.28378","0","0","0","0","0","0","0","0","0","0","0","0","0","0","0","0","0","0","0","0","111.62498","74.61612","37.008858","27.462166","0.774246"
"D:\HAA\dACC revisions\Run 4\Br6471_dACC_20x_img_021-MaxIP-Stitched_unmixed_rotated.nd2","Layer 1","dACC_v17_ FISH-IF v2.4.4","607","6340","6368","4178","4208","0","0","0","0","1","1","1213.2858","0","262.0042","0","0","0","0","0","0","0","0","0","0","0","0","0","0","0","1","0.552371","0","241.3401","436.91666","125.48028","87.13653","38.343754","27.891262","0.753293"
"D:\HAA\dACC revisions\Run 4\Br6471_dACC_20x_img_021-MaxIP-Stitched_unmixed_rotated.nd2","Layer 1","dACC_v17_ FISH-IF v2.4.4","608","6282","6319","4185","4213","0","0","0","0","1","1","1566.3431","0","252.1124","0","0","0","0","0","2","1.196804","0","769.775","643.1923","0","0","0","0","0","2","2.623762","0","1249.6934","476.29825","141.17682","95.83637","45.340454","33.040417","0.635342"
"D:\HAA\dACC revisions\Run 4\Br6471_dACC_20x_img_021-MaxIP-Stitched_unmixed_rotated.nd2","Layer 1","dACC_v17_ FISH-IF v2.4.4","609","6414","6449","4192","4222","1","0","1","0","1","1","1421.4668","0","311.7784","0","0","0","0","0","9","14.867987","1","13121.573","882.5387","3","3.544381","0","2437.107","687.5974","4","7.410978","1","3752.9006","506.39752","148.5878","95.145905","53.441895","33.469513","0.837811"
"D:\HAA\dACC revisions\Run 4\Br6471_dACC_20x_img_021-MaxIP-Stitched_unmixed_rotated.nd2","Layer 1","dACC_v17_ FISH-IF v2.4.4","610","6388","6419","4221","4252","0","0","0","0","1","1","1576.9937","0","257.93414","0","0","0","0","0","2","3.682473","0","2722.959","739.4375","0","0","0","0","0","0","0","0","0","0","142.55775","92.24596","50.311794","30.894936","0.903933"
"D:\HAA\dACC revisions\Run 4\Br6471_dACC_20x_img_021-MaxIP-Stitched_unmixed_rotated.nd2","Layer 1","dACC_v17_ FISH-IF v2.4.4","611","6289","6317","4236","4268","0","0","0","0","1","1","1874.7778","0","493.88184","0","0","0","0","0","0","0","0","0","0","0","0","0","0","0","0","0","0","0","0","116.96456","82.57947","34.385094","28.749454","0.708066"
"D:\HAA\dACC revisions\Run 4\Br6471_dACC_20x_img_021-MaxIP-Stitched_unmixed_rotated.nd2","Layer 1","dACC_v17_ FISH-IF v2.4.4","612","6270","6292","4245","4266","0","0","1","0","1","1","1697.8069","0","241.25557","0","0","0","0","0","0","0","0","0","0","1","0.598402","0","358.39673","598.9231","5","12.244224","1","6188.5347","505.4248","64.397255","53.67205","10.725204","14.160179","0.817282"
"D:\HAA\dACC revisions\Run 4\Br6471_dACC_20x_img_021-MaxIP-Stitched_unmixed_rotated.nd2","Layer 1","dACC_v17_ FISH-IF v2.4.4","613","6358","6384","4251","4279","0","0","0","0","1","1","1513.2781","0","267.15515","0","0","0","0","0","0","0","0","0","0","0","0","0","0","0","1","0.414278","0","199.68211","482","109.139305","78.02241","31.1169","24.029396","0.889493"
"D:\HAA\dACC revisions\Run 4\Br6471_dACC_20x_img_021-MaxIP-Stitched_unmixed_rotated.nd2","Layer 1","dACC_v17_ FISH-IF v2.4.4","614","6292","6317","4276","4297","0","0","0","0","1","1","1341.9131","0","215.6254","0","0","0","0","0","0","0","0","0","0","0","0","0","0","0","2","1.472989","0","646.4582","438.875","79.03509","58.367203","20.667881","21.240269","0.622317"
"D:\HAA\dACC revisions\Run 4\Br6471_dACC_20x_img_021-MaxIP-Stitched_unmixed_rotated.nd2","Layer 1","dACC_v17_ FISH-IF v2.4.4","615","6252","6294","4277","4309","0","0","0","0","1","1","1144.4781","0","282.41653","0","0","0","0","0","0","0","0","0","0","0","0","0","0","0","0","0","0","0","0","161.01614","86.30797","74.708176","50.63337","0.523338"
"D:\HAA\dACC revisions\Run 4\Br6471_dACC_20x_img_021-MaxIP-Stitched_unmixed_rotated.nd2","Layer 1","dACC_v17_ FISH-IF v2.4.4","616","6239","6269","4285","4317","0","0","0","0","1","1","993.8211","0","231.78421","0","0","0","0","0","0","0","0","0","0","0","0","0","0","0","0","0","0","0","0","115.537605","63.5687","51.968906","34.756805","0.742297"
"D:\HAA\dACC revisions\Run 4\Br6471_dACC_20x_img_021-MaxIP-Stitched_unmixed_rotated.nd2","Layer 1","dACC_v17_ FISH-IF v2.4.4","617","6528","6562","4299","4331","0","0","0","0","1","1","1669.7244","0","401.21033","0","0","0","0","0","0","0","0","0","0","0","0","0","0","0","0","0","0","0","0","145.18152","98.92044","46.26107","35.400448","0.700803"
"D:\HAA\dACC revisions\Run 4\Br6471_dACC_20x_img_021-MaxIP-Stitched_unmixed_rotated.nd2","Layer 1","dACC_v17_ FISH-IF v2.4.4","618","6466","6486","4316","4339","0","0","0","0","1","1","1325.9419","0","200.01811","0","0","0","0","0","0","0","0","0","0","0","0","0","0","0","0","0","0","0","0","67.02102","55.927567","11.093451","14.589275","0.801823"
"D:\HAA\dACC revisions\Run 4\Br6471_dACC_20x_img_021-MaxIP-Stitched_unmixed_rotated.nd2","Layer 1","dACC_v17_ FISH-IF v2.4.4","619","6235","6265","4367","4396","0","0","0","0","1","1","2145.355","0","330.00317","0","0","0","0","0","0","0","0","0","0","0","0","0","0","0","0","0","0","0","0","130.12941","87.09049","43.038906","28.320358","0.934809"
"D:\HAA\dACC revisions\Run 4\Br6471_dACC_20x_img_021-MaxIP-Stitched_unmixed_rotated.nd2","Layer 1","dACC_v17_ FISH-IF v2.4.4","620","6372","6395","4373","4397","0","0","0","0","1","1","1989.3271","0","282.3749","0","0","0","0","0","0","0","0","0","0","0","0","0","0","0","0","0","0","0","0","81.152504","63.844883","17.307625","18.022047","0.825024"
"D:\HAA\dACC revisions\Run 4\Br6471_dACC_20x_img_021-MaxIP-Stitched_unmixed_rotated.nd2","Layer 1","dACC_v17_ FISH-IF v2.4.4","621","6343","6367","4389","4413","0","0","0","0","1","1","1576.9863","0","268.97333","0","0","0","0","0","0","0","0","0","0","0","0","0","0","0","0","0","0","0","0","90.911064","67.2972","23.613861","20.596624","0.839896"
"D:\HAA\dACC revisions\Run 4\Br6471_dACC_20x_img_021-MaxIP-Stitched_unmixed_rotated.nd2","Layer 1","dACC_v17_ FISH-IF v2.4.4","622","6367","6384","4394","4414","0","0","0","0","1","1","838.5305","0","214.72691","0","0","0","0","0","0","0","0","0","0","0","0","0","0","0","0","0","0","0","0","54.914886","47.365814","7.54907","11.585601","0.727322"
"D:\HAA\dACC revisions\Run 4\Br6471_dACC_20x_img_021-MaxIP-Stitched_unmixed_rotated.nd2","Layer 1","dACC_v17_ FISH-IF v2.4.4","623","6570","6602","4407","4434","0","0","0","1","1","1","1693.7538","0","276.3344","14","37.975506","2","80896.53","2130.229","0","0","0","0","0","0","0","0","0","0","0","0","0","0","0","120.87719","84.78895","36.088238","27.891262","0.756412"
"D:\HAA\dACC revisions\Run 4\Br6471_dACC_20x_img_021-MaxIP-Stitched_unmixed_rotated.nd2","Layer 1","dACC_v17_ FISH-IF v2.4.4","624","6437","6466","4416","4448","0","0","0","0","1","1","998.2315","0","255.10994","0","0","0","0","0","0","0","0","0","0","0","0","0","0","0","2","4.649123","0","2654.1428","570.8911","139.61177","91.69359","47.918186","30.46584","0.87986"
"D:\HAA\dACC revisions\Run 4\Br6471_dACC_20x_img_021-MaxIP-Stitched_unmixed_rotated.nd2","Layer 1","dACC_v17_ FISH-IF v2.4.4","625","6390","6428","4450","4484","0","0","1","0","1","1","1131.6337","0","257.26013","0","0","0","0","0","0","0","0","0","0","0","0","0","0","0","6","6.122112","1","3158.1812","515.8647","194.5727","114.66302","79.909676","40.764153","0.820967"
"D:\HAA\dACC revisions\Run 4\Br6471_dACC_20x_img_021-MaxIP-Stitched_unmixed_rotated.nd2","Layer 1","dACC_v17_ FISH-IF v2.4.4","626","6326","6360","4479","4512","0","0","1","0","1","1","1470.6171","0","263.5927","0","0","0","0","0","0","0","0","0","0","0","0","0","0","0","10","18.13618","2","11055.798","609.599","159.77332","99.79503","59.978287","35.614998","0.859243"
"D:\HAA\dACC revisions\Run 4\Br6471_dACC_20x_img_021-MaxIP-Stitched_unmixed_rotated.nd2","Layer 1","dACC_v17_ FISH-IF v2.4.4","627","7945","7973","3762","3792","0","0","0","0","1","1","1381.883","0","263.2725","1","0.552371","0","411.28625","744.5833","0","0","0","0","0","0","0","0","0","0","0","0","0","0","0","125.11203","84.973076","40.13896","27.891262","0.885564"
"D:\HAA\dACC revisions\Run 4\Br6471_dACC_20x_img_021-MaxIP-Stitched_unmixed_rotated.nd2","Layer 1","dACC_v17_ FISH-IF v2.4.4","628","7848","7876","3772","3800","0","0","0","0","1","1","1587.9304","0","309.09308","0","0","0","0","0","0","0","0","0","0","0","0","0","0","0","0","0","0","0","0","112.86781","77.14782","35.719994","26.174877","0.909304"
"D:\HAA\dACC revisions\Run 4\Br6471_dACC_20x_img_021-MaxIP-Stitched_unmixed_rotated.nd2","Layer 1","dACC_v17_ FISH-IF v2.4.4","629","7882","7910","3802","3832","0","0","0","0","1","1","1446.3855","0","286.32294","0","0","0","0","0","0","0","0","0","0","0","0","0","0","0","0","0","0","0","0","116.82647","81.24457","35.581898","26.603973","0.902959"
"D:\HAA\dACC revisions\Run 4\Br6471_dACC_20x_img_021-MaxIP-Stitched_unmixed_rotated.nd2","Layer 1","dACC_v17_ FISH-IF v2.4.4","630","7844","7869","3852","3882","0","0","0","0","1","1","1693.68","0","309.2481","0","0","0","0","0","0","0","0","0","0","0","0","0","0","0","0","0","0","0","0","109.78374","78.85096","30.932777","24.458492","0.796726"
"D:\HAA\dACC revisions\Run 4\Br6471_dACC_20x_img_021-MaxIP-Stitched_unmixed_rotated.nd2","Layer 1","dACC_v17_ FISH-IF v2.4.4","631","7866","7893","3925","3952","0","0","0","0","1","1","1646.2997","0","338.6976","0","0","0","0","0","0","0","0","0","0","0","0","0","0","0","0","0","0","0","0","106.51554","76.41132","30.10422","23.600298","0.937144"
"D:\HAA\dACC revisions\Run 4\Br6471_dACC_20x_img_021-MaxIP-Stitched_unmixed_rotated.nd2","Layer 1","dACC_v17_ FISH-IF v2.4.4","632","7933","7959","3933","3962","0","0","0","1","1","1","765.4455","0","151.35503","11","22.463087","2","48825.316","2173.5798","0","0","0","0","0","0","0","0","0","0","0","0","0","0","0","101.45214","77.79225","23.659891","25.316685","0.628993"
"D:\HAA\dACC revisions\Run 4\Br6471_dACC_20x_img_021-MaxIP-Stitched_unmixed_rotated.nd2","Layer 1","dACC_v17_ FISH-IF v2.4.4","633","7905","7933","3940","3971","0","0","0","0","1","1","1341.8839","0","275.45316","1","0.644433","0","548.9647","851.8571","0","0","0","0","0","0","0","0","0","0","0","0","0","0","0","123.2708","84.006424","39.264374","28.320358","0.84636"
"D:\HAA\dACC revisions\Run 4\Br6471_dACC_20x_img_021-MaxIP-Stitched_unmixed_rotated.nd2","Layer 1","dACC_v17_ FISH-IF v2.4.4","634","7892","7918","3965","3995","0","0","0","0","1","1","1711.8975","0","354.3901","1","0.50634","0","419.20355","827.9091","0","0","0","0","0","0","0","0","0","0","0","0","0","0","0","105.82508","70.79555","35.02953","29.607647","0.678252"
"D:\HAA\dACC revisions\Run 4\Br6471_dACC_20x_img_021-MaxIP-Stitched_unmixed_rotated.nd2","Layer 1","dACC_v17_ FISH-IF v2.4.4","635","7893","7919","3993","4018","0","0","0","0","1","1","1616.7126","0","302.86703","0","0","0","0","0","0","0","0","0","0","0","0","0","0","0","0","0","0","0","0","96.80302","65.087715","31.715302","25.74578","0.754518"
"D:\HAA\dACC revisions\Run 4\Br6471_dACC_20x_img_021-MaxIP-Stitched_unmixed_rotated.nd2","Layer 1","dACC_v17_ FISH-IF v2.4.4","636","7967","7993","4052","4074","0","0","0","0","1","1","1735.9897","0","327.57938","0","0","0","0","0","0","0","0","0","0","0","0","0","0","0","0","0","0","0","0","89.29998","57.998955","31.301023","24.458492","0.83436"
"D:\HAA\dACC revisions\Run 4\Br6471_dACC_20x_img_021-MaxIP-Stitched_unmixed_rotated.nd2","Layer 1","dACC_v17_ FISH-IF v2.4.4","637","7966","7994","4075","4097","0","0","0","0","1","1","1508.2258","0","336.9697","0","0","0","0","0","0","0","0","0","0","0","0","0","0","0","0","0","0","0","0","96.43477","60.76081","35.67396","26.174877","0.847621"
"D:\HAA\dACC revisions\Run 4\Br6471_dACC_20x_img_021-MaxIP-Stitched_unmixed_rotated.nd2","Layer 1","dACC_v17_ FISH-IF v2.4.4","638","7939","7965","4088","4115","0","0","0","0","1","1","1278.541","0","242.39093","0","0","0","0","0","0","0","0","0","0","0","0","0","0","0","0","0","0","0","0","104.766365","76.18117","28.5852","24.029396","0.811891"
"D:\HAA\dACC revisions\Run 4\Br6471_dACC_20x_img_021-MaxIP-Stitched_unmixed_rotated.nd2","Layer 1","dACC_v17_ FISH-IF v2.4.4","639","5528","5553","3725","3753","1","0","0","0","1","1","427.41058","0","111.73082","0","0","0","0","0","9","11.415668","1","11399.971","994.61444","3","3.222164","0","2581.1377","801.0571","0","0","0","0","0","95.83637","73.189156","22.647211","22.742105","0.702723"
"D:\HAA\dACC revisions\Run 4\Br6471_dACC_20x_img_021-MaxIP-Stitched_unmixed_rotated.nd2","Layer 1","dACC_v17_ FISH-IF v2.4.4","640","5673","5701","3742","3769","0","0","0","0","1","1","1563.2794","0","256.73987","0","0","0","0","0","0","0","0","0","0","0","0","0","0","0","1","0.414278","0","173.95084","419.8889","104.67431","77.33194","27.342365","24.67304","0.728191"
"D:\HAA\dACC revisions\Run 4\Br6471_dACC_20x_img_021-MaxIP-Stitched_unmixed_rotated.nd2","Layer 1","dACC_v17_ FISH-IF v2.4.4","641","5681","5699","3773","3793","0","0","0","0","1","1","749.15","0","132.89731","0","0","0","0","0","0","0","0","0","0","0","0","0","0","0","0","0","0","0","0","54.408543","47.964214","6.444328","10.51286","0.819167"
"D:\HAA\dACC revisions\Run 4\Br6471_dACC_20x_img_021-MaxIP-Stitched_unmixed_rotated.nd2","Layer 1","dACC_v17_ FISH-IF v2.4.4","642","5590","5614","3775","3798","0","0","0","0","1","1","1605.1631","0","277.75146","0","0","0","0","0","0","0","0","0","0","0","0","0","0","0","0","0","0","0","0","80.093796","63.15442","16.939377","17.59295","0.872455"
"D:\HAA\dACC revisions\Run 4\Br6471_dACC_20x_img_021-MaxIP-Stitched_unmixed_rotated.nd2","Layer 1","dACC_v17_ FISH-IF v2.4.4","643","5762","5794","3817","3851","0","0","0","0","1","1","1389.1682","0","280.94165","0","0","0","0","0","0","0","0","0","0","0","0","0","0","0","0","0","0","0","0","134.22615","78.11446","56.111687","34.97135","0.822155"
"D:\HAA\dACC revisions\Run 4\Br6471_dACC_20x_img_021-MaxIP-Stitched_unmixed_rotated.nd2","Layer 1","dACC_v17_ FISH-IF v2.4.4","644","5824","5851","3821","3849","0","0","0","1","1","1","1824.0056","0","400.34943","10","28.907415","2","47118.535","1629.9808","0","0","0","0","0","0","0","0","0","0","0","0","0","0","0","111.85513","79.17318","32.68195","24.887589","0.856004"
"D:\HAA\dACC revisions\Run 4\Br6471_dACC_20x_img_021-MaxIP-Stitched_unmixed_rotated.nd2","Layer 1","dACC_v17_ FISH-IF v2.4.4","645","5783","5811","3827","3855","0","0","0","0","1","1","1850.0795","0","319.55057","0","0","0","0","0","0","0","0","0","0","0","0","0","0","0","1","0.552371","0","246.90984","447","110.52023","66.46864","44.051586","29.607647","0.81899"
"D:\HAA\dACC revisions\Run 4\Br6471_dACC_20x_img_021-MaxIP-Stitched_unmixed_rotated.nd2","Layer 1","dACC_v17_ FISH-IF v2.4.4","646","5565","5588","3851","3871","0","0","0","0","1","1","372.00443","0","125.85008","0","0","0","0","0","3","1.979329","0","1336.0474","675","0","0","0","0","0","0","0","0","0","0","67.20514","56.80215","10.402987","15.018372","0.667363"
"D:\HAA\dACC revisions\Run 4\Br6471_dACC_20x_img_021-MaxIP-Stitched_unmixed_rotated.nd2","Layer 1","dACC_v17_ FISH-IF v2.4.4","647","5832","5859","3891","3919","0","0","0","0","1","1","1048.1829","0","227.2346","0","0","0","0","0","3","5.431648","0","4428.4043","815.29663","0","0","0","0","0","0","0","0","0","0","109.18533","78.48271","30.702621","24.67304","0.802485"
"D:\HAA\dACC revisions\Run 4\Br6471_dACC_20x_img_021-MaxIP-Stitched_unmixed_rotated.nd2","Layer 1","dACC_v17_ FISH-IF v2.4.4","648","5509","5531","3909","3930","0","0","0","1","1","1","1146.124","0","179.66042","4","12.336286","1","15355.315","1244.7277","0","0","0","0","0","0","0","0","0","0","0","0","0","0","0","67.89561","56.387875","11.50773","15.018372","0.83455"
"D:\HAA\dACC revisions\Run 4\Br6471_dACC_20x_img_021-MaxIP-Stitched_unmixed_rotated.nd2","Layer 1","dACC_v17_ FISH-IF v2.4.4","649","5453","5474","3925","3948","0","0","0","0","1","1","2362.119","0","291.6942","0","0","0","0","0","0","0","0","0","0","0","0","0","0","0","0","0","0","0","0","69.73684","57.354523","12.382317","15.018372","0.859892"
"D:\HAA\dACC revisions\Run 4\Br6471_dACC_20x_img_021-MaxIP-Stitched_unmixed_rotated.nd2","Layer 1","dACC_v17_ FISH-IF v2.4.4","650","5605","5633","3944","3981","1","0","0","0","1","1","553.54816","0","191.92949","0","0","0","0","0","4","3.544381","1","2571.4712","725.5065","0","0","0","0","0","2","0.828557","0","340.62878","411.1111","131.3262","95.974464","35.351746","34.327705","0.527563"
"D:\HAA\dACC revisions\Run 4\Br6471_dACC_20x_img_021-MaxIP-Stitched_unmixed_rotated.nd2","Layer 1","dACC_v17_ FISH-IF v2.4.4","651","5780","5812","3947","3983","0","0","0","0","1","1","1365.8629","0","273.0286","0","0","0","0","0","0","0","0","0","0","0","0","0","0","0","1","1.104742","0","523.3255","473.70834","145.77992","83.68421","62.095707","36.687737","0.82535"
"D:\HAA\dACC revisions\Run 4\Br6471_dACC_20x_img_021-MaxIP-Stitched_unmixed_rotated.nd2","Layer 1","dACC_v17_ FISH-IF v2.4.4","652","5766","5791","3961","3993","0","0","0","0","1","1","1973.0216","0","331.92792","0","0","0","0","0","0","0","0","0","0","0","0","0","0","0","0","0","0","0","0","109.04724","66.422615","42.62463","30.036743","0.776957"
"D:\HAA\dACC revisions\Run 4\Br6471_dACC_20x_img_021-MaxIP-Stitched_unmixed_rotated.nd2","Layer 1","dACC_v17_ FISH-IF v2.4.4","653","5433","5475","4027","4061","0","0","0","0","1","1","1067.7656","0","300.5809","0","0","0","0","0","0","0","0","0","0","0","0","0","0","0","2","0.966649","0","414.87665","429.1905","194.25047","116.08997","78.1605","42.480537","0.725229"
"D:\HAA\dACC revisions\Run 4\Br6471_dACC_20x_img_021-MaxIP-Stitched_unmixed_rotated.nd2","Layer 1","dACC_v17_ FISH-IF v2.4.4","654","5666","5702","4049","4074","0","0","0","0","1","1","2032.6674","0","287.9256","0","0","0","0","0","0","0","0","0","0","0","0","0","0","0","0","0","0","0","0","139.33559","94.639565","44.696022","30.46584","0.720866"
"D:\HAA\dACC revisions\Run 4\Br6471_dACC_20x_img_021-MaxIP-Stitched_unmixed_rotated.nd2","Layer 1","dACC_v17_ FISH-IF v2.4.4","655","5619","5647","4056","4083","0","0","0","0","1","1","2431.707","0","328.72202","0","0","0","0","0","0","0","0","0","0","0","0","0","0","0","1","0.322216","0","131.14209","407","108.632965","78.1605","30.472467","24.887589","0.788263"
"D:\HAA\dACC revisions\Run 4\Br6471_dACC_20x_img_021-MaxIP-Stitched_unmixed_rotated.nd2","Layer 1","dACC_v17_ FISH-IF v2.4.4","656","5712","5739","4056","4084","0","0","0","0","1","1","2858.2122","0","369.40454","0","0","0","0","0","0","0","0","0","0","0","0","0","0","0","0","0","0","0","0","103.84575","75.214516","28.631231","24.029396","0.895904"
"D:\HAA\dACC revisions\Run 4\Br6471_dACC_20x_img_021-MaxIP-Stitched_unmixed_rotated.nd2","Layer 1","dACC_v17_ FISH-IF v2.4.4","657","5808","5842","4084","4110","0","0","0","0","1","1","2111.6772","0","398.00433","0","0","0","0","0","0","0","0","0","0","0","0","0","0","0","0","0","0","0","0","126.12472","85.06513","41.059578","30.036743","0.665578"
"D:\HAA\dACC revisions\Run 4\Br6471_dACC_20x_img_021-MaxIP-Stitched_unmixed_rotated.nd2","Layer 1","dACC_v17_ FISH-IF v2.4.4","658","5560","5579","4095","4114","0","0","0","0","1","1","776.5546","0","131.3998","0","0","0","0","0","0","0","0","0","0","0","0","0","0","0","0","0","0","0","0","51.18638","45.708702","5.477679","9.869216","0.875756"
"D:\HAA\dACC revisions\Run 4\Br6471_dACC_20x_img_021-MaxIP-Stitched_unmixed_rotated.nd2","Layer 1","dACC_v17_ FISH-IF v2.4.4","659","4100","4126","3732","3771","0","0","0","0","1","1","1945.073","0","398.48495","0","0","0","0","0","0","0","0","0","0","0","0","0","0","0","0","0","0","0","0","140.9927","99.38075","41.61195","34.97135","0.591636"
"D:\HAA\dACC revisions\Run 4\Br6471_dACC_20x_img_021-MaxIP-Stitched_unmixed_rotated.nd2","Layer 1","dACC_v17_ FISH-IF v2.4.4","660","3934","3981","3762","3797","1","1","1","0","1","1","683.4097","0","233.94678","0","0","0","0","0","5","4.649123","1","3597.132","773.7228","22","24.120201","3","20533.979","851.3187","23","46.62932","3","24510.36","525.64264","220.94841","127.1374","93.81101","47.629692","0.698663"
"D:\HAA\dACC revisions\Run 4\Br6471_dACC_20x_img_021-MaxIP-Stitched_unmixed_rotated.nd2","Layer 1","dACC_v17_ FISH-IF v2.4.4","661","3928","3953","3787","3816","0","0","0","0","1","1","2081.1543","0","344.70517","0","0","0","0","0","1","1.01268","0","690.50977","681.86365","2","2.347577","0","2027.3397","863.58826","2","1.150773","0","499.75766","434.28","109.2774","78.52875","30.748653","25.316685","0.750898"
"D:\HAA\dACC revisions\Run 4\Br6471_dACC_20x_img_021-MaxIP-Stitched_unmixed_rotated.nd2","Layer 1","dACC_v17_ FISH-IF v2.4.4","662","4104","4131","3805","3834","0","0","0","1","1","1","1806.4926","0","492.12122","5","18.044119","1","23555.908","1305.4618","0","0","0","0","0","0","0","0","0","0","0","0","0","0","0","110.38214","79.3573","31.024837","25.316685","0.812875"
"D:\HAA\dACC revisions\Run 4\Br6471_dACC_20x_img_021-MaxIP-Stitched_unmixed_rotated.nd2","Layer 1","dACC_v17_ FISH-IF v2.4.4","663","3977","4020","3851","3891","0","1","0","0","1","1","886.04553","0","206.18005","0","0","0","0","0","0","0","0","0","0","5","4.971339","1","3731.6804","750.6389","0","0","0","0","0","246.31143","130.12941","116.18204","49.34608","0.827441"
"D:\HAA\dACC revisions\Run 4\Br6471_dACC_20x_img_021-MaxIP-Stitched_unmixed_rotated.nd2","Layer 1","dACC_v17_ FISH-IF v2.4.4","664","4102","4131","3885","3921","0","1","0","0","1","1","1241.0916","0","221.8509","0","0","0","0","0","0","0","0","0","0","21","22.463087","3","20074.176","890.0041","0","0","0","0","0","156.45909","99.10457","57.354523","34.327705","0.7806"
"D:\HAA\dACC revisions\Run 4\Br6471_dACC_20x_img_021-MaxIP-Stitched_unmixed_rotated.nd2","Layer 1","dACC_v17_ FISH-IF v2.4.4","665","4073","4101","3953","3985","0","0","0","0","1","1","1926.1082","0","284.0454","0","0","0","0","0","0","0","0","0","0","0","0","0","0","0","0","0","0","0","0","122.02796","84.144516","37.883446","28.320358","0.817998"
"D:\HAA\dACC revisions\Run 4\Br6471_dACC_20x_img_021-MaxIP-Stitched_unmixed_rotated.nd2","Layer 1","dACC_v17_ FISH-IF v2.4.4","666","4121","4151","3953","3979","0","0","0","0","1","1","1410.0526","0","220.70238","0","0","0","0","0","0","0","0","0","0","0","0","0","0","0","0","0","0","0","0","111.02657","79.49539","31.53118","25.316685","0.786549"
"D:\HAA\dACC revisions\Run 4\Br6471_dACC_20x_img_021-MaxIP-Stitched_unmixed_rotated.nd2","Layer 1","dACC_v17_ FISH-IF v2.4.4","667","3882","3909","3979","4005","0","0","0","0","1","1","2755.1917","0","461.25693","0","0","0","0","0","0","0","0","0","0","0","0","0","0","0","0","0","0","0","0","102.556885","74.708176","27.848705","23.171202","0.870619"
"D:\HAA\dACC revisions\Run 4\Br6471_dACC_20x_img_021-MaxIP-Stitched_unmixed_rotated.nd2","Layer 1","dACC_v17_ FISH-IF v2.4.4","668","3839","3868","4025","4062","0","0","0","0","1","1","835.29767","0","277.85092","0","0","0","0","0","0","0","0","0","0","0","0","0","0","0","0","0","0","0","0","123.73111","75.95101","47.780094","35.614998","0.631845"
"D:\HAA\dACC revisions\Run 4\Br6471_dACC_20x_img_021-MaxIP-Stitched_unmixed_rotated.nd2","Layer 1","dACC_v17_ FISH-IF v2.4.4","669","4066","4088","4034","4059","0","0","0","0","1","1","621.5294","0","141.93134","0","0","0","0","0","0","0","0","0","0","0","0","0","0","0","0","0","0","0","0","76.31926","63.016327","13.302936","18.451143","0.65077"
"D:\HAA\dACC revisions\Run 4\Br6471_dACC_20x_img_021-MaxIP-Stitched_unmixed_rotated.nd2","Layer 1","dACC_v17_ FISH-IF v2.4.4","670","3853","3883","4038","4067","0","0","0","0","1","1","1018.04944","0","342.75266","0","0","0","0","0","0","0","0","0","0","0","0","0","0","0","0","0","0","0","0","116.8725","69.41463","47.457874","34.97135","0.656165"
"D:\HAA\dACC revisions\Run 4\Br6471_dACC_20x_img_021-MaxIP-Stitched_unmixed_rotated.nd2","Layer 1","dACC_v17_ FISH-IF v2.4.4","671","3937","3968","4071","4102","0","0","0","0","1","1","2233.6045","0","317.3951","0","0","0","0","0","0","0","0","0","0","0","0","0","0","0","0","0","0","0","0","130.08337","88.65555","41.427826","30.894936","0.785239"
"D:\HAA\dACC revisions\Run 4\Br6471_dACC_20x_img_021-MaxIP-Stitched_unmixed_rotated.nd2","Layer 1","dACC_v17_ FISH-IF v2.4.4","672","4221","4258","4072","4109","0","1","1","0","1","1","868.8765","0","174.36702","0","0","0","0","0","0","0","0","0","0","37","36.364426","4","35212.133","968.3127","86","136.20549","4","134904.19","990.4461","200.37259","116.136","84.23658","41.622345","0.837879"
"D:\HAA\dACC revisions\Run 4\Br6471_dACC_20x_img_021-MaxIP-Stitched_unmixed_rotated.nd2","Layer 1","dACC_v17_ FISH-IF v2.4.4","673","5042","5061","4546","4565","0","0","0","0","1","1","392.82947","0","127.51652","0","0","0","0","0","0","0","0","0","0","0","0","0","0","0","0","0","0","0","0","51.922874","45.984886","5.937988","9.869216","0.797769"
"D:\HAA\dACC revisions\Run 4\Br6471_dACC_20x_img_021-MaxIP-Stitched_unmixed_rotated.nd2","Layer 1","dACC_v17_ FISH-IF v2.4.4","674","5104","5123","4556","4575","0","0","0","0","1","1","423.66666","0","125.02645","0","0","0","0","0","0","0","0","0","0","0","0","0","0","0","0","0","0","0","0","50.49592","45.24839","5.247525","9.654668","0.843419"
"D:\HAA\dACC revisions\Run 4\Br6471_dACC_20x_img_021-MaxIP-Stitched_unmixed_rotated.nd2","Layer 1","dACC_v17_ FISH-IF v2.4.4","675","5042","5057","4564","4575","0","0","0","0","1","1","765.6667","0","349.3656","0","0","0","0","0","0","0","0","0","0","0","0","0","0","0","1","0.690464","0","313.74673","454.4","23.705923","23.291645","0.414278","1.930933","0.652815"
"D:\HAA\dACC revisions\Run 4\Br6471_dACC_20x_img_021-MaxIP-Stitched_unmixed_rotated.nd2","Layer 1","dACC_v17_ FISH-IF v2.4.4","676","5057","5079","4569","4595","0","0","0","0","1","1","2557.3174","0","514.609","0","0","0","0","0","0","0","0","0","0","0","0","0","0","0","0","0","0","0","0","82.71756","63.5687","19.14886","18.88024","0.826931"
"D:\HAA\dACC revisions\Run 4\Br6471_dACC_20x_img_021-MaxIP-Stitched_unmixed_rotated.nd2","Layer 1","dACC_v17_ FISH-IF v2.4.4","677","5420","5441","4578","4598","0","0","0","0","1","1","644.0115","0","139.40286","0","0","0","0","0","1","1.749175","0","1533.382","876.6316","0","0","0","0","0","0","0","0","0","0","59.425915","51.416534","8.009379","12.443794","0.747576"
"D:\HAA\dACC revisions\Run 4\Br6471_dACC_20x_img_021-MaxIP-Stitched_unmixed_rotated.nd2","Layer 1","dACC_v17_ FISH-IF v2.4.4","678","5040","5062","4593","4607","0","0","0","0","1","1","704.00476","0","396.2095","0","0","0","0","0","0","0","0","0","0","0","0","0","0","0","0","0","0","0","0","47.503906","37.79138","9.712523","14.589275","0.672684"
"D:\HAA\dACC revisions\Run 4\Br6471_dACC_20x_img_021-MaxIP-Stitched_unmixed_rotated.nd2","Layer 1","dACC_v17_ FISH-IF v2.4.4","679","5408","5438","4600","4630","0","0","0","1","1","1","2188.5427","0","335.74857","11","34.61525","2","63787.85","1842.7673","0","0","0","0","0","0","0","0","0","0","0","0","0","0","0","129.57703","87.504776","42.072258","29.607647","0.841395"
"D:\HAA\dACC revisions\Run 4\Br6471_dACC_20x_img_021-MaxIP-Stitched_unmixed_rotated.nd2","Layer 1","dACC_v17_ FISH-IF v2.4.4","680","5310","5340","4601","4629","0","0","0","0","1","1","2412.3413","0","371.95355","0","0","0","0","0","1","1.288866","0","947.13214","734.8571","0","0","0","0","0","1","0.644433","0","292.06616","453.2143","118.34549","83.26993","35.075558","27.462166","0.724792"
"D:\HAA\dACC revisions\Run 4\Br6471_dACC_20x_img_021-MaxIP-Stitched_unmixed_rotated.nd2","Layer 1","dACC_v17_ FISH-IF v2.4.4","681","5225","5256","4603","4639","0","0","0","1","1","1","2673.8335","0","537.4935","20","46.307102","3","112847.97","2436.9473","0","0","0","0","0","0","0","0","0","0","0","0","0","0","0","157.56383","99.24266","58.32117","35.1859","0.791573"
"D:\HAA\dACC revisions\Run 4\Br6471_dACC_20x_img_021-MaxIP-Stitched_unmixed_rotated.nd2","Layer 1","dACC_v17_ FISH-IF v2.4.4","682","5077","5107","4608","4635","0","0","0","0","1","1","2273.0642","0","307.01654","0","0","0","0","0","1","1.196804","0","970.37775","810.8077","0","0","0","0","0","0","0","0","0","0","113.65034","80.6922","32.958138","26.603973","0.781849"
"D:\HAA\dACC revisions\Run 4\Br6471_dACC_20x_img_021-MaxIP-Stitched_unmixed_rotated.nd2","Layer 1","dACC_v17_ FISH-IF v2.4.4","683","5047","5070","4620","4650","1","1","0","0","1","1","1013.1757","0","208.34729","0","0","0","0","0","8","15.650512","1","17957.396","1147.4","8","10.264894","1","7793.1724","759.2063","1","1.51902","0","764.61957","503.36365","95.69828","73.695496","22.002779","22.527557","0.612505"
"D:\HAA\dACC revisions\Run 4\Br6471_dACC_20x_img_021-MaxIP-Stitched_unmixed_rotated.nd2","Layer 1","dACC_v17_ FISH-IF v2.4.4","684","5334","5357","4625","4648","0","0","0","0","1","1","2317.5945","0","301.39297","0","0","0","0","0","0","0","0","0","0","0","0","0","0","0","1","3.268195","0","1601.922","490.15494","79.587456","62.78617","16.801285","17.59295","0.93886"
"D:\HAA\dACC revisions\Run 4\Br6471_dACC_20x_img_021-MaxIP-Stitched_unmixed_rotated.nd2","Layer 1","dACC_v17_ FISH-IF v2.4.4","685","5194","5220","4638","4664","0","0","0","0","1","1","1632.0796","0","266.75742","1","1.196804","0","867.59076","724.9231","0","0","0","0","0","0","0","0","0","0","0","0","0","0","0","95.652245","71.34792","24.304325","22.31301","0.885828"
"D:\HAA\dACC revisions\Run 4\Br6471_dACC_20x_img_021-MaxIP-Stitched_unmixed_rotated.nd2","Layer 1","dACC_v17_ FISH-IF v2.4.4","686","5273","5314","4643","4677","1","1","1","0","1","1","970.1354","0","194.12564","1","0.736495","0","555.6392","754.4375","8","11.737884","1","11816.229","1006.6745","45","39.310402","4","39720.22","999.8876","107","103.0172","4","171229.95","1662.1493","207.04707","117.97724","89.069824","42.480537","0.825115"
"D:\HAA\dACC revisions\Run 4\Br6471_dACC_20x_img_021-MaxIP-Stitched_unmixed_rotated.nd2","Layer 1","dACC_v17_ FISH-IF v2.4.4","687","5174","5193","4698","4721","0","0","0","0","1","1","476.32883","0","151.56017","0","0","0","0","0","0","0","0","0","0","0","0","0","0","0","0","0","0","0","0","65.68612","55.467255","10.218863","13.731083","0.742069"
"D:\HAA\dACC revisions\Run 4\Br6471_dACC_20x_img_021-MaxIP-Stitched_unmixed_rotated.nd2","Layer 1","dACC_v17_ FISH-IF v2.4.4","688","5255","5284","4705","4730","0","0","0","1","1","1","1593.335","0","281.4904","9","20.667881","1","36671.082","1774.3029","0","0","0","0","0","0","0","0","0","0","3","2.301546","0","1101.842","478.74","105.50286","76.50339","28.999477","23.600298","0.838084"
"D:\HAA\dACC revisions\Run 4\Br6471_dACC_20x_img_021-MaxIP-Stitched_unmixed_rotated.nd2","Layer 1","dACC_v17_ FISH-IF v2.4.4","689","5296","5314","4741","4759","0","0","0","0","1","1","413.5","0","118.7029","0","0","0","0","0","0","0","0","0","0","0","0","0","0","0","0","0","0","0","0","46.997566","42.762722","4.234844","8.581926","0.910085"
"D:\HAA\dACC revisions\Run 4\Br6471_dACC_20x_img_021-MaxIP-Stitched_unmixed_rotated.nd2","Layer 1","dACC_v17_ FISH-IF v2.4.4","690","5334","5369","4744","4779","1","1","0","0","1","1","2027.8777","0","485.03613","0","0","0","0","0","43","58.919575","4","113038.17","1918.5164","26","25.685251","3","23465.732","907.0854","0","0","0","0","0","176.11429","105.73302","70.38127","38.61867","0.877778"
"D:\HAA\dACC revisions\Run 4\Br6471_dACC_20x_img_021-MaxIP-Stitched_unmixed_rotated.nd2","Layer 1","dACC_v17_ FISH-IF v2.4.4","691","5250","5269","4774","4794","0","0","0","0","1","1","653.7823","0","146.77588","0","0","0","0","0","0","0","0","0","0","1","0.966649","0","696.2637","720.2857","0","0","0","0","0","55.237103","48.470554","6.766545","11.156505","0.819008"
"D:\HAA\dACC revisions\Run 4\Br6471_dACC_20x_img_021-MaxIP-Stitched_unmixed_rotated.nd2","Layer 1","dACC_v17_ FISH-IF v2.4.4","692","5171","5196","4808","4833","0","0","0","0","1","1","2592.0483","0","368.1812","0","0","0","0","0","0","0","0","0","0","0","0","0","0","0","0","0","0","0","0","92.38405","68.58607","23.797985","21.240269","0.854972"
"D:\HAA\dACC revisions\Run 4\Br6471_dACC_20x_img_021-MaxIP-Stitched_unmixed_rotated.nd2","Layer 1","dACC_v17_ FISH-IF v2.4.4","693","5199","5225","4818","4852","0","0","0","0","1","1","1296.3102","0","269.98553","0","0","0","0","0","0","0","0","0","0","0","0","0","0","0","0","0","0","0","0","128.9326","89.16189","39.770714","29.607647","0.725679"
"D:\HAA\dACC revisions\Run 4\Br6471_dACC_20x_img_021-MaxIP-Stitched_unmixed_rotated.nd2","Layer 1","dACC_v17_ FISH-IF v2.4.4","694","5088","5111","4831","4859","0","0","0","1","1","1","1184.1339","0","242.54723","5","9.482369","1","10079.62","1062.9855","0","0","0","0","0","0","0","0","0","0","0","0","0","0","0","92.66024","70.657455","22.002779","21.240269","0.770353"
"D:\HAA\dACC revisions\Run 4\Br6471_dACC_20x_img_021-MaxIP-Stitched_unmixed_rotated.nd2","Layer 1","dACC_v17_ FISH-IF v2.4.4","695","5171","5191","4832","4850","0","0","0","0","1","1","1210.3309","0","211.59877","0","0","0","0","0","0","0","0","0","0","0","0","0","0","0","0","0","0","0","0","51.23241","44.972206","6.260205","10.298312","0.838576"
"D:\HAA\dACC revisions\Run 4\Br6471_dACC_20x_img_021-MaxIP-Stitched_unmixed_rotated.nd2","Layer 1","dACC_v17_ FISH-IF v2.4.4","696","5107","5139","4855","4878","1","1","0","0","1","1","889.9249","0","207.00174","2","3.49835","0","3588.7085","1025.829","6","7.595101","1","5266.9956","693.4727","19","16.709223","3","16823.057","1006.8127","0","0","0","0","0","103.93781","79.403336","24.53448","24.887589","0.561137"
"D:\HAA\dACC revisions\Run 4\Br6471_dACC_20x_img_021-MaxIP-Stitched_unmixed_rotated.nd2","Layer 1","dACC_v17_ FISH-IF v2.4.4","697","5266","5297","4862","4887","0","0","0","1","1","1","1906.9841","0","404.3193","8","25.04082","1","41679.43","1664.4596","0","0","0","0","0","0","0","0","0","0","0","0","0","0","0","119.081985","84.19055","34.891434","25.96033","0.774225"
"D:\HAA\dACC revisions\Run 4\Br6471_dACC_20x_img_021-MaxIP-Stitched_unmixed_rotated.nd2","Layer 1","dACC_v17_ FISH-IF v2.4.4","698","5380","5419","4867","4897","0","0","0","0","1","1","1509.6265","0","269.64972","0","0","0","0","0","0","0","0","0","0","0","0","0","0","0","0","0","0","0","0","174.87146","106.83776","68.0337","37.76048","0.775139"
"D:\HAA\dACC revisions\Run 4\Br6471_dACC_20x_img_021-MaxIP-Stitched_unmixed_rotated.nd2","Layer 1","dACC_v17_ FISH-IF v2.4.4","699","4399","4423","4931","4961","0","0","0","0","1","1","1717.3408","0","253.96991","0","0","0","0","0","0","0","0","0","0","0","0","0","0","0","2","3.360257","0","1880.1788","504.2716","106.929825","78.02241","28.907415","24.029396","0.719885"
"D:\HAA\dACC revisions\Run 4\Br6471_dACC_20x_img_021-MaxIP-Stitched_unmixed_rotated.nd2","Layer 1","dACC_v17_ FISH-IF v2.4.4","700","4275","4293","4967","4992","0","0","0","0","1","1","664.2653","0","225.04478","0","0","0","0","0","0","0","0","0","0","0","0","0","0","0","0","0","0","0","0","62.463955","53.441895","9.022059","14.374727","0.593396"
"D:\HAA\dACC revisions\Run 4\Br6471_dACC_20x_img_021-MaxIP-Stitched_unmixed_rotated.nd2","Layer 1","dACC_v17_ FISH-IF v2.4.4","701","4250","4278","4977","5006","0","0","0","0","1","1","1501.3152","0","296.05975","0","0","0","0","0","0","0","0","0","0","0","0","0","0","0","1","1.058711","0","524.56836","495.47827","118.11533","80.87632","37.239014","27.03307","0.849926"
"D:\HAA\dACC revisions\Run 4\Br6471_dACC_20x_img_021-MaxIP-Stitched_unmixed_rotated.nd2","Layer 1","dACC_v17_ FISH-IF v2.4.4","702","4491","4511","5003","5024","0","0","0","0","1","1","726.63214","0","152.92166","0","0","0","0","0","0","0","0","0","0","0","0","0","0","0","0","0","0","0","0","61.17509","52.291122","8.883967","12.87289","0.823262"
"D:\HAA\dACC revisions\Run 4\Br6471_dACC_20x_img_021-MaxIP-Stitched_unmixed_rotated.nd2","Layer 1","dACC_v17_ FISH-IF v2.4.4","703","4513","4543","5022","5046","0","0","0","0","1","1","1166.5115","0","374.96872","3","9.758554","0","11480.433","1154.662","0","0","0","0","0","0","0","0","0","0","0","0","0","0","0","91.83168","67.71148","24.120201","26.174877","0.625001"
"D:\HAA\dACC revisions\Run 4\Br6471_dACC_20x_img_021-MaxIP-Stitched_unmixed_rotated.nd2","Layer 1","dACC_v17_ FISH-IF v2.4.4","704","4497","4519","5029","5050","0","0","0","0","1","1","1686.1044","0","273.69455","0","0","0","0","0","0","0","0","0","0","0","0","0","0","0","0","0","0","0","0","67.02102","53.349834","13.671183","16.30566","0.799887"
"D:\HAA\dACC revisions\Run 4\Br6471_dACC_20x_img_021-MaxIP-Stitched_unmixed_rotated.nd2","Layer 1","dACC_v17_ FISH-IF v2.4.4","705","4517","4545","5047","5076","0","0","0","0","1","1","1968.2349","0","377.6462","0","0","0","0","0","0","0","0","0","0","0","0","0","0","0","0","0","0","0","0","120.32482","81.70488","38.619938","29.17855","0.77669"
"D:\HAA\dACC revisions\Run 4\Br6471_dACC_20x_img_021-MaxIP-Stitched_unmixed_rotated.nd2","Layer 1","dACC_v17_ FISH-IF v2.4.4","706","4439","4471","5048","5079","0","1","0","0","1","1","1537.1693","0","275.61917","0","0","0","0","0","0","0","0","0","0","15","13.118812","3","13023.344","965.61774","0","0","0","0","0","146.83862","94.639565","52.19906","30.894936","0.870722"
"D:\HAA\dACC revisions\Run 4\Br6471_dACC_20x_img_021-MaxIP-Stitched_unmixed_rotated.nd2","Layer 1","dACC_v17_ FISH-IF v2.4.4","707","4269","4299","5067","5098","0","0","0","1","1","1","1666.4579","0","411.7294","7","24.53448","1","35024.832","1427.5759","0","0","0","0","0","0","0","0","0","0","0","0","0","0","0","120.46291","87.09049","33.372414","30.036743","0.579714"
"D:\HAA\dACC revisions\Run 4\Br6471_dACC_20x_img_021-MaxIP-Stitched_unmixed_rotated.nd2","Layer 1","dACC_v17_ FISH-IF v2.4.4","708","4413","4431","5081","5100","0","1","1","0","1","1","425.03622","0","82.62488","0","0","0","0","0","0","0","0","0","0","5","4.649123","1","3749.4485","806.48517","9","16.709223","1","15163.688","907.50415","53.349834","46.997566","6.352267","10.298312","0.820768"
"D:\HAA\dACC revisions\Run 4\Br6471_dACC_20x_img_021-MaxIP-Stitched_unmixed_rotated.nd2","Layer 1","dACC_v17_ FISH-IF v2.4.4","709","4431","4449","5081","5100","0","0","0","0","1","1","380.37097","0","114.95186","2","1.426958","0","1410.9397","785.9487","0","0","0","0","0","1","0.736495","0","478.3533","649.5","2","4.971339","0","2578.79","518.7315","51.60066","45.892826","5.707834","9.869216","0.848566"
"D:\HAA\dACC revisions\Run 4\Br6471_dACC_20x_img_021-MaxIP-Stitched_unmixed_rotated.nd2","Layer 1","dACC_v17_ FISH-IF v2.4.4","710","4592","4625","5097","5130","0","0","1","0","1","1","1558.4965","0","260.8153","0","0","0","0","0","0","0","0","0","0","0","0","0","0","0","10","23.5218","2","11989.673","509.726","158.62254","99.196625","59.425915","35.1859","0.850361"
"D:\HAA\dACC revisions\Run 4\Br6471_dACC_20x_img_021-MaxIP-Stitched_unmixed_rotated.nd2","Layer 1","dACC_v17_ FISH-IF v2.4.4","711","4488","4517","5128","5165","0","0","0","0","1","1","1909.2112","0","276.214","0","0","0","0","0","0","0","0","0","0","1","0.874587","0","618.2413","706.8947","0","0","0","0","0","146.70053","98.09189","48.60865","34.327705","0.716313"
"D:\HAA\dACC revisions\Run 4\Br6471_dACC_20x_img_021-MaxIP-Stitched_unmixed_rotated.nd2","Layer 1","dACC_v17_ FISH-IF v2.4.4","712","4282","4305","5149","5170","0","0","0","0","1","1","1097.0731","0","188.70784","0","0","0","0","0","0","0","0","0","0","0","0","0","0","0","0","0","0","0","0","70.10509","58.13705","11.968039","15.018372","0.751024"
"D:\HAA\dACC revisions\Run 4\Br6471_dACC_20x_img_021-MaxIP-Stitched_unmixed_rotated.nd2","Layer 1","dACC_v17_ FISH-IF v2.4.4","713","4517","4547","5150","5188","0","1","1","0","1","1","1216.5779","0","297.04886","0","0","0","0","0","0","0","0","0","0","21","19.332985","3","15377.088","784.1784","139","124.835846","4","224639.81","1799.4816","161.15424","101.728325","59.425915","35.1859","0.77368"
"D:\HAA\dACC revisions\Run 4\Br6471_dACC_20x_img_021-MaxIP-Stitched_unmixed_rotated.nd2","Layer 1","dACC_v17_ FISH-IF v2.4.4","714","4607","4633","5159","5188","0","0","0","0","1","1","1136.0785","0","245.05988","0","0","0","0","0","0","0","0","0","0","0","0","0","0","0","1","1.01268","0","449.12366","443.5","108.72503","77.65416","31.07087","24.887589","0.827554"
"D:\HAA\dACC revisions\Run 4\Br6471_dACC_20x_img_021-MaxIP-Stitched_unmixed_rotated.nd2","Layer 1","dACC_v17_ FISH-IF v2.4.4","715","4572","4597","5160","5183","1","0","0","0","1","1","1585.1895","0","303.8657","0","0","0","0","0","4","2.761855","1","1737.391","629.06665","2","1.795206","0","1274.7803","710.10254","3","3.084071","0","1478.6511","479.44775","84.92704","63.06236","21.864685","21.883913","0.668453"
"D:\HAA\dACC revisions\Run 4\Br6471_dACC_20x_img_021-MaxIP-Stitched_unmixed_rotated.nd2","Layer 1","dACC_v17_ FISH-IF v2.4.4","716","4595","4607","5169","5185","0","0","0","0","1","1","1075.1316","0","450.4493","0","0","0","0","0","3","4.925308","0","4656.7637","945.4766","1","0.690464","0","437.8461","634.13336","1","2.071391","0","975.11896","470.75555","28.07886","26.329685","1.749175","5.578252","0.736294"
"D:\HAA\dACC revisions\Run 4\Br6471_dACC_20x_img_021-MaxIP-Stitched_unmixed_rotated.nd2","Layer 1","dACC_v17_ FISH-IF v2.4.4","717","4489","4508","5191","5210","0","0","0","0","1","1","661.24646","0","134.14574","0","0","0","0","0","0","0","0","0","0","0","0","0","0","0","0","0","0","0","0","54.54664","48.010246","6.53639","10.727408","0.830967"
"D:\HAA\dACC revisions\Run 4\Br6471_dACC_20x_img_021-MaxIP-Stitched_unmixed_rotated.nd2","Layer 1","dACC_v17_ FISH-IF v2.4.4","718","4463","4482","5202","5220","0","0","0","0","1","1","363.76315","0","118.855835","0","0","0","0","0","0","0","0","0","0","0","0","0","0","0","0","0","0","0","0","50.58798","45.340454","5.247525","9.44012","0.856872"
"D:\HAA\dACC revisions\Run 4\Br6471_dACC_20x_img_021-MaxIP-Stitched_unmixed_rotated.nd2","Layer 1","dACC_v17_ FISH-IF v2.4.4","719","4333","4359","5228","5254","0","0","0","0","1","1","1553.1777","0","270.66782","2","5.569741","0","4930.97","885.314","0","0","0","0","0","0","0","0","0","0","3","6.53639","0","5240.804","801.78876","90.588844","66.23849","24.350355","23.171202","0.742579"
"D:\HAA\dACC revisions\Run 4\Br6471_dACC_20x_img_021-MaxIP-Stitched_unmixed_rotated.nd2","Layer 1","dACC_v17_ FISH-IF v2.4.4","720","4255","4271","5247","5266","0","0","0","0","1","1","511","0","150.60541","0","0","0","0","0","0","0","0","0","0","0","0","0","0","0","0","0","0","0","0","38.343754","34.062878","4.280875","9.011024","0.691134"
"D:\HAA\dACC revisions\Run 4\Br6471_dACC_20x_img_021-MaxIP-Stitched_unmixed_rotated.nd2","Layer 1","dACC_v17_ FISH-IF v2.4.4","721","4323","4352","5249","5270","0","0","0","0","1","1","1543.4518","0","284.33768","3","9.160152","0","11757.401","1283.5377","0","0","0","0","0","3","3.268195","0","2663.9934","815.1268","0","0","0","0","0","83.960396","60.11638","23.844015","24.029396","0.65834"
"D:\HAA\dACC revisions\Run 4\Br6471_dACC_20x_img_021-MaxIP-Stitched_unmixed_rotated.nd2","Layer 1","dACC_v17_ FISH-IF v2.4.4","722","4260","4278","5257","5275","0","0","0","0","1","1","538.82355","0","139.36215","0","0","0","0","0","0","0","0","0","0","0","0","0","0","0","0","0","0","0","0","42.21035","36.732674","5.477679","9.44012","0.88166"
"D:\HAA\dACC revisions\Run 4\Br6471_dACC_20x_img_021-MaxIP-Stitched_unmixed_rotated.nd2","Layer 1","dACC_v17_ FISH-IF v2.4.4","723","4299","4337","5261","5297","0","1","1","0","1","1","956.02765","0","261.9139","0","0","0","0","0","0","0","0","0","0","12","15.880667","2","12289.1045","773.8406","18","42.71669","3","26673.352","624.42456","189.09502","107.48219","81.612816","41.622345","0.785085"
"D:\HAA\dACC revisions\Run 4\Br6471_dACC_20x_img_021-MaxIP-Stitched_unmixed_rotated.nd2","Layer 1","dACC_v17_ FISH-IF v2.4.4","724","4350","4369","5284","5303","0","0","0","0","1","1","364.20514","0","120.63554","0","0","0","0","0","0","0","0","0","0","0","0","0","0","0","0","0","0","0","0","50.72607","45.340454","5.385617","9.869216","0.885378"
"D:\HAA\dACC revisions\Run 4\Br6471_dACC_20x_img_021-MaxIP-Stitched_unmixed_rotated.nd2","Layer 1","dACC_v17_ FISH-IF v2.4.4","725","4611","4632","5293","5318","0","0","0","0","1","1","1936.9554","0","285.09836","0","0","0","0","0","0","0","0","0","0","0","0","0","0","0","0","0","0","0","0","77.83828","61.313183","16.525099","18.451143","0.768425"
"D:\HAA\dACC revisions\Run 4\Br6471_dACC_20x_img_021-MaxIP-Stitched_unmixed_rotated.nd2","Layer 1","dACC_v17_ FISH-IF v2.4.4","726","4595","4610","5294","5312","0","0","0","0","1","1","978.40845","0","221.49876","0","0","0","0","0","0","0","0","0","0","0","0","0","0","0","0","0","0","0","0","40.6453","37.377106","3.268195","7.723734","0.803487"
"D:\HAA\dACC revisions\Run 4\Br6471_dACC_20x_img_021-MaxIP-Stitched_unmixed_rotated.nd2","Layer 1","dACC_v17_ FISH-IF v2.4.4","727","4316","4335","5300","5320","0","0","0","0","1","1","966.7635","0","154.45644","0","0","0","0","0","0","0","0","0","0","0","0","0","0","0","0","0","0","0","0","55.421227","48.60865","6.812576","11.156505","0.836749"
"D:\HAA\dACC revisions\Run 4\Br6471_dACC_20x_img_021-MaxIP-Stitched_unmixed_rotated.nd2","Layer 1","dACC_v17_ FISH-IF v2.4.4","728","4554","4591","5300","5330","0","0","0","0","1","1","2492.1863","0","418.24332","0","0","0","0","0","0","0","0","0","0","0","0","0","0","0","0","0","0","0","0","159.35904","100.07121","59.287823","34.756805","0.789113"
"D:\HAA\dACC revisions\Run 4\Br6471_dACC_20x_img_021-MaxIP-Stitched_unmixed_rotated.nd2","Layer 1","dACC_v17_ FISH-IF v2.4.4","729","4438","4474","5314","5344","0","1","1","0","1","1","1223.7065","0","309.5445","0","0","0","0","0","2","0.920618","0","636.9758","691.9","28","26.55984","3","24240.48","885.06384","33","73.189156","4","53260.074","727.7044","151.76393","85.89369","65.87024","38.189575","0.828207"
"D:\HAA\dACC revisions\Run 4\Br6471_dACC_20x_img_021-MaxIP-Stitched_unmixed_rotated.nd2","Layer 1","dACC_v17_ FISH-IF v2.4.4","730","4487","4507","5320","5341","0","0","0","0","1","1","545.0994","0","142.53549","0","0","0","0","0","0","0","0","0","0","0","0","0","0","0","0","0","0","0","0","59.564007","51.23241","8.331596","12.014698","0.865874"
"D:\HAA\dACC revisions\Run 4\Br6471_dACC_20x_img_021-MaxIP-Stitched_unmixed_rotated.nd2","Layer 1","dACC_v17_ FISH-IF v2.4.4","731","6571","6600","4530","4560","0","0","0","0","1","1","1849.8339","0","247.11111","0","0","0","0","0","0","0","0","0","0","0","0","0","0","0","0","0","0","0","0","128.01198","86.169876","41.842106","28.749454","0.896055"
"D:\HAA\dACC revisions\Run 4\Br6471_dACC_20x_img_021-MaxIP-Stitched_unmixed_rotated.nd2","Layer 1","dACC_v17_ FISH-IF v2.4.4","732","6388","6426","4537","4567","0","0","0","0","1","1","1344.4661","0","325.8066","0","0","0","0","0","0","0","0","0","0","0","0","0","0","0","1","0.782526","0","395.5897","505.52942","160.50981","102.83307","57.67674","36.47319","0.729971"
"D:\HAA\dACC revisions\Run 4\Br6471_dACC_20x_img_021-MaxIP-Stitched_unmixed_rotated.nd2","Layer 1","dACC_v17_ FISH-IF v2.4.4","733","6508","6547","4544","4573","1","1","1","0","1","1","1213.6527","0","225.18329","0","0","0","0","0","18","34.61525","3","38365.94","1095.2457","8","9.942678","1","7095.1597","713.6065","13","22.739273","2","13236.467","582.09717","161.9828","102.46482","59.517975","35.614998","0.750799"
"D:\HAA\dACC revisions\Run 4\Br6471_dACC_20x_img_021-MaxIP-Stitched_unmixed_rotated.nd2","Layer 1","dACC_v17_ FISH-IF v2.4.4","734","6356","6385","4554","4584","0","0","0","0","1","1","2047.1089","0","316.97968","0","0","0","0","0","1","0.966649","0","678.91","702.3333","0","0","0","0","0","0","0","0","0","0","122.71843","83.8223","38.896126","27.462166","0.931753"
"D:\HAA\dACC revisions\Run 4\Br6471_dACC_20x_img_021-MaxIP-Stitched_unmixed_rotated.nd2","Layer 1","dACC_v17_ FISH-IF v2.4.4","735","6504","6530","4592","4617","1","0","0","0","1","1","424.05966","0","114.55281","0","0","0","0","0","6","13.072781","1","11852.316","906.64087","2","1.841237","0","1218.3463","661.7","0","0","0","0","0","85.06513","68.86225","16.202883","21.02572","0.601258"
"D:\HAA\dACC revisions\Run 4\Br6471_dACC_20x_img_021-MaxIP-Stitched_unmixed_rotated.nd2","Layer 1","dACC_v17_ FISH-IF v2.4.4","736","6333","6352","4628","4646","0","0","0","0","1","1","365","0","119.99275","0","0","0","0","0","0","0","0","0","0","0","0","0","0","0","0","0","0","0","0","49.391174","44.465866","4.925308","9.011024","0.884984"
"D:\HAA\dACC revisions\Run 4\Br6471_dACC_20x_img_021-MaxIP-Stitched_unmixed_rotated.nd2","Layer 1","dACC_v17_ FISH-IF v2.4.4","737","6265","6288","4643","4665","0","0","0","0","1","1","1460.1493","0","241.34282","2","9.436338","0","12267.7","1300.0488","0","0","0","0","0","0","0","0","0","0","0","0","0","0","0","70.61143","58.275143","12.336286","15.876565","0.786007"
"D:\HAA\dACC revisions\Run 4\Br6471_dACC_20x_img_021-MaxIP-Stitched_unmixed_rotated.nd2","Layer 1","dACC_v17_ FISH-IF v2.4.4","738","6323","6342","4659","4678","0","0","0","0","1","1","837.32623","0","143.46487","0","0","0","0","0","0","0","0","0","0","0","0","0","0","0","0","0","0","0","0","54.316483","47.826122","6.490359","10.727408","0.846908"
"D:\HAA\dACC revisions\Run 4\Br6471_dACC_20x_img_021-MaxIP-Stitched_unmixed_rotated.nd2","Layer 1","dACC_v17_ FISH-IF v2.4.4","739","6421","6451","4670","4701","0","0","0","0","1","1","1827.3219","0","252.1316","0","0","0","0","0","0","0","0","0","0","0","0","0","0","0","0","0","0","0","0","134.45631","88.83967","45.61664","29.607647","0.935567"
"D:\HAA\dACC revisions\Run 4\Br6471_dACC_20x_img_021-MaxIP-Stitched_unmixed_rotated.nd2","Layer 1","dACC_v17_ FISH-IF v2.4.4","740","6560","6578","4680","4699","0","0","0","0","1","1","434.17517","0","126.696396","0","0","0","0","0","0","0","0","0","0","0","0","0","0","0","2","1.196804","0","603.2812","504.07693","52.24509","45.938854","6.306236","10.298312","0.904444"
"D:\HAA\dACC revisions\Run 4\Br6471_dACC_20x_img_021-MaxIP-Stitched_unmixed_rotated.nd2","Layer 1","dACC_v17_ FISH-IF v2.4.4","741","6537","6560","4682","4706","0","0","0","0","1","1","851.6402","0","182.48555","0","0","0","0","0","0","0","0","0","0","0","0","0","0","0","0","0","0","0","0","79.49539","62.095707","17.399687","18.88024","0.872866"
"D:\HAA\dACC revisions\Run 4\Br6471_dACC_20x_img_021-MaxIP-Stitched_unmixed_rotated.nd2","Layer 1","dACC_v17_ FISH-IF v2.4.4","742","6327","6358","4703","4732","0","0","0","0","1","1","1876.0057","0","328.6882","0","0","0","0","0","0","0","0","0","0","0","0","0","0","0","0","0","0","0","0","134.08806","86.21591","47.872154","30.894936","0.853253"
"D:\HAA\dACC revisions\Run 4\Br6471_dACC_20x_img_021-MaxIP-Stitched_unmixed_rotated.nd2","Layer 1","dACC_v17_ FISH-IF v2.4.4","743","6298","6328","4706","4740","0","0","0","0","1","1","875.2233","0","288.74905","1","1.933299","0","1797.5533","929.7857","0","0","0","0","0","0","0","0","0","0","1","1.749175","0","845.0356","483.10526","156.64322","96.664925","59.978287","33.89861","0.782093"
"D:\HAA\dACC revisions\Run 4\Br6471_dACC_20x_img_021-MaxIP-Stitched_unmixed_rotated.nd2","Layer 1","dACC_v17_ FISH-IF v2.4.4","744","6263","6297","4714","4744","0","0","0","0","1","1","1653.5063","0","265.5459","0","0","0","0","0","0","0","0","0","0","0","0","0","0","0","0","0","0","0","0","150.70523","95.79034","54.914886","33.040417","0.868997"
"D:\HAA\dACC revisions\Run 4\Br6471_dACC_20x_img_021-MaxIP-Stitched_unmixed_rotated.nd2","Layer 1","dACC_v17_ FISH-IF v2.4.4","745","6463","6502","4726","4756","0","0","0","0","1","1","1277.4551","0","206.8929","0","0","0","0","0","0","0","0","0","0","0","0","0","0","0","0","0","0","0","0","166.35574","104.44415","61.911583","36.902287","0.719856"
"D:\HAA\dACC revisions\Run 4\Br6471_dACC_20x_img_021-MaxIP-Stitched_unmixed_rotated.nd2","Layer 1","dACC_v17_ FISH-IF v2.4.4","746","6556","6586","4757","4786","0","0","0","0","1","1","1626.7632","0","269.98557","0","0","0","0","0","0","0","0","0","0","0","0","0","0","0","0","0","0","0","0","127.873886","86.07781","41.796074","28.320358","0.918952"
"D:\HAA\dACC revisions\Run 4\Br6471_dACC_20x_img_021-MaxIP-Stitched_unmixed_rotated.nd2","Layer 1","dACC_v17_ FISH-IF v2.4.4","747","6238","6265","4761","4786","0","0","0","1","1","1","2256.177","0","376.19922","7","18.964739","1","34662.34","1827.7257","0","0","0","0","0","0","0","0","0","0","0","0","0","0","0","96.29668","71.85426","24.442417","22.098461","0.832265"
"D:\HAA\dACC revisions\Run 4\Br6471_dACC_20x_img_021-MaxIP-Stitched_unmixed_rotated.nd2","Layer 1","dACC_v17_ FISH-IF v2.4.4","748","6411","6439","4770","4801","0","0","0","1","1","1","1835.7007","0","320.5457","5","8.285565","1","8517.607","1028.0056","0","0","0","0","0","0","0","0","0","0","0","0","0","0","0","127.183426","86.12385","41.059578","28.749454","0.866849"
"D:\HAA\dACC revisions\Run 4\Br6471_dACC_20x_img_021-MaxIP-Stitched_unmixed_rotated.nd2","Layer 1","dACC_v17_ FISH-IF v2.4.4","749","6472","6505","4793","4821","0","0","0","0","1","1","1545.1508","0","264.9985","0","0","0","0","0","0","0","0","0","0","0","0","0","0","0","0","0","0","0","0","139.56573","91.923744","47.642","30.251291","0.828525"
"D:\HAA\dACC revisions\Run 4\Br6471_dACC_20x_img_021-MaxIP-Stitched_unmixed_rotated.nd2","Layer 1","dACC_v17_ FISH-IF v2.4.4","750","6271","6300","4831","4859","0","0","0","0","1","1","897.78186","0","237.50769","0","0","0","0","0","0","0","0","0","0","0","0","0","0","0","0","0","0","0","0","114.75507","80.78426","33.970818","27.03307","0.855058"
"D:\HAA\dACC revisions\Run 4\Br6471_dACC_20x_img_021-MaxIP-Stitched_unmixed_rotated.nd2","Layer 1","dACC_v17_ FISH-IF v2.4.4","751","6496","6532","4833","4862","0","0","0","0","1","1","1268.7904","0","241.2325","0","0","0","0","0","0","0","0","0","0","0","0","0","0","0","0","0","0","0","0","153.92738","98.59823","55.329163","33.89861","0.751181"
"D:\HAA\dACC revisions\Run 4\Br6471_dACC_20x_img_021-MaxIP-Stitched_unmixed_rotated.nd2","Layer 1","dACC_v17_ FISH-IF v2.4.4","752","6568","6597","4856","4883","0","0","0","0","1","1","851.84106","0","168.24286","0","0","0","0","0","0","0","0","0","0","0","0","0","0","0","0","0","0","0","0","108.86312","79.03509","29.828035","25.74578","0.741509"
"D:\HAA\dACC revisions\Run 4\Br6471_dACC_20x_img_021-MaxIP-Stitched_unmixed_rotated.nd2","Layer 1","dACC_v17_ FISH-IF v2.4.4","753","6439","6479","4883","4918","1","0","0","0","1","1","944.865","0","200.04105","0","0","0","0","0","16","19.655201","3","18268.06","929.4262","3","3.176133","0","2538.8813","799.3623","0","0","0","0","0","191.44258","114.38683","77.055756","42.05144","0.70814"
"D:\HAA\dACC revisions\Run 4\Br6471_dACC_20x_img_021-MaxIP-Stitched_unmixed_rotated.nd2","Layer 1","dACC_v17_ FISH-IF v2.4.4","754","6620","6651","4896","4926","1","1","0","0","1","1","1319.0111","0","204.11472","0","0","0","0","0","14","27.664581","2","31415.963","1135.6023","14","15.006079","2","11773.281","784.5675","2","2.117422","0","938.80054","443.36957","131.004","89.4841","41.519886","30.036743","0.718871"
"D:\HAA\dACC revisions\Run 4\Br6471_dACC_20x_img_021-MaxIP-Stitched_unmixed_rotated.nd2","Layer 1","dACC_v17_ FISH-IF v2.4.4","755","6240","6279","4898","4933","0","0","0","0","1","1","1100.0618","0","264.2004","0","0","0","0","0","0","0","0","0","0","0","0","0","0","0","0","0","0","0","0","188.49661","110.93451","77.562096","40.764153","0.813924"
"D:\HAA\dACC revisions\Run 4\Br6471_dACC_20x_img_021-MaxIP-Stitched_unmixed_rotated.nd2","Layer 1","dACC_v17_ FISH-IF v2.4.4","756","6302","6328","4902","4930","0","0","0","1","1","1","1829.9851","0","297.843","10","25.132881","2","49515.09","1970.1318","0","0","0","0","0","0","0","0","0","0","0","0","0","0","0","107.06792","76.227196","30.840715","24.458492","0.865189"
"D:\HAA\dACC revisions\Run 4\Br6471_dACC_20x_img_021-MaxIP-Stitched_unmixed_rotated.nd2","Layer 1","dACC_v17_ FISH-IF v2.4.4","757","6326","6357","4906","4946","0","0","0","1","1","1","1349.2633","0","367.01843","7","9.06809","1","9765.689","1076.929","1","0.460309","0","286.81863","623.1","0","0","0","0","0","2","0.874587","0","421.45908","436","175.65398","109.92183","65.73215","40.120506","0.711276"
"D:\HAA\dACC revisions\Run 4\Br6471_dACC_20x_img_021-MaxIP-Stitched_unmixed_rotated.nd2","Layer 1","dACC_v17_ FISH-IF v2.4.4","758","3888","3915","4924","4953","0","0","0","0","1","1","1456.4789","0","264.93094","0","0","0","0","0","0","0","0","0","0","0","0","0","0","0","0","0","0","0","0","110.19801","78.66684","31.53118","25.74578","0.816141"
"D:\HAA\dACC revisions\Run 4\Br6471_dACC_20x_img_021-MaxIP-Stitched_unmixed_rotated.nd2","Layer 1","dACC_v17_ FISH-IF v2.4.4","759","3895","3925","4954","4979","0","0","0","0","1","1","1725.9109","0","321.30206","0","0","0","0","0","0","0","0","0","0","0","0","0","0","0","0","0","0","0","0","113.97255","80.922356","33.050198","25.74578","0.820193"
"D:\HAA\dACC revisions\Run 4\Br6471_dACC_20x_img_021-MaxIP-Stitched_unmixed_rotated.nd2","Layer 1","dACC_v17_ FISH-IF v2.4.4","760","4040","4067","4964","4990","0","1","1","0","1","1","353.83762","0","137.69235","0","0","0","0","0","0","0","0","0","0","4","3.130102","1","4100.204","1309.9265","4","7.134792","1","3782.5447","530.15485","94.40941","72.86694","21.542469","23.171202","0.668429"
"D:\HAA\dACC revisions\Run 4\Br6471_dACC_20x_img_021-MaxIP-Stitched_unmixed_rotated.nd2","Layer 1","dACC_v17_ FISH-IF v2.4.4","761","4009","4037","4974","5003","0","0","0","0","1","1","1871.8905","0","274.27512","0","0","0","0","0","0","0","0","0","0","0","0","0","0","0","0","0","0","0","0","115.537605","80.646164","34.891434","26.174877","0.890574"
"D:\HAA\dACC revisions\Run 4\Br6471_dACC_20x_img_021-MaxIP-Stitched_unmixed_rotated.nd2","Layer 1","dACC_v17_ FISH-IF v2.4.4","762","4002","4026","5008","5027","0","0","0","0","1","1","854.78516","0","170.57286","0","0","0","0","0","0","0","0","0","0","0","0","0","0","0","0","0","0","0","0","71.80823","59.379883","12.428348","15.018372","0.734803"
"D:\HAA\dACC revisions\Run 4\Br6471_dACC_20x_img_021-MaxIP-Stitched_unmixed_rotated.nd2","Layer 1","dACC_v17_ FISH-IF v2.4.4","763","3957","3976","5012","5032","0","0","0","0","1","1","496.70062","0","125.54562","0","0","0","0","0","0","0","0","0","0","0","0","0","0","0","0","0","0","0","0","56.66406","49.437206","7.226854","11.585601","0.823605"
"D:\HAA\dACC revisions\Run 4\Br6471_dACC_20x_img_021-MaxIP-Stitched_unmixed_rotated.nd2","Layer 1","dACC_v17_ FISH-IF v2.4.4","764","3851","3870","5041","5060","0","0","0","0","1","1","680.8043","0","142.75241","0","0","0","0","0","0","0","0","0","0","0","0","0","0","0","0","0","0","0","0","53.948235","47.59597","6.352267","10.727408","0.835498"
"D:\HAA\dACC revisions\Run 4\Br6471_dACC_20x_img_021-MaxIP-Stitched_unmixed_rotated.nd2","Layer 1","dACC_v17_ FISH-IF v2.4.4","765","4105","4134","5046","5077","0","0","0","0","1","1","1762.3523","0","274.56332","0","0","0","0","0","0","0","0","0","0","0","0","0","0","0","0","0","0","0","0","128.15007","86.860344","41.289734","28.749454","0.825355"
"D:\HAA\dACC revisions\Run 4\Br6471_dACC_20x_img_021-MaxIP-Stitched_unmixed_rotated.nd2","Layer 1","dACC_v17_ FISH-IF v2.4.4","766","3874","3901","5119","5151","0","0","0","0","1","1","1548.2719","0","295.44104","0","0","0","0","0","0","0","0","0","0","0","0","0","0","0","0","0","0","0","0","127.689766","87.044464","40.6453","28.320358","0.79967"
"D:\HAA\dACC revisions\Run 4\Br6471_dACC_20x_img_021-MaxIP-Stitched_unmixed_rotated.nd2","Layer 1","dACC_v17_ FISH-IF v2.4.4","767","4109","4140","5126","5161","0","0","0","0","1","1","2178.797","0","335.03784","0","0","0","0","0","0","0","0","0","0","0","0","0","0","0","0","0","0","0","0","157.10352","98.55219","58.551327","33.89861","0.874781"
"D:\HAA\dACC revisions\Run 4\Br6471_dACC_20x_img_021-MaxIP-Stitched_unmixed_rotated.nd2","Layer 1","dACC_v17_ FISH-IF v2.4.4","768","4181","4211","5143","5174","0","0","0","0","1","1","1825.4211","0","393.7324","0","0","0","0","0","0","0","0","0","0","0","0","0","0","0","0","0","0","0","0","130.17543","87.550804","42.62463","29.822195","0.862758"
"D:\HAA\dACC revisions\Run 4\Br6471_dACC_20x_img_021-MaxIP-Stitched_unmixed_rotated.nd2","Layer 1","dACC_v17_ FISH-IF v2.4.4","769","3999","4017","5146","5167","0","0","0","0","1","1","1854.6212","0","281.35257","0","0","0","0","0","0","0","0","0","0","0","0","0","0","0","0","0","0","0","0","54.54664","45.432514","9.114121","12.443794","0.905946"
"D:\HAA\dACC revisions\Run 4\Br6471_dACC_20x_img_021-MaxIP-Stitched_unmixed_rotated.nd2","Layer 1","dACC_v17_ FISH-IF v2.4.4","770","4013","4040","5149","5177","0","0","0","0","1","1","2080.4656","0","358.82028","0","0","0","0","0","0","0","0","0","0","0","0","0","0","0","0","0","0","0","0","106.33142","73.511375","32.820045","25.74578","0.892135"
"D:\HAA\dACC revisions\Run 4\Br6471_dACC_20x_img_021-MaxIP-Stitched_unmixed_rotated.nd2","Layer 1","dACC_v17_ FISH-IF v2.4.4","771","3929","3960","5154","5188","0","0","0","0","1","1","1479.1726","0","248.05031","0","0","0","0","0","0","0","0","0","0","0","0","0","0","0","0","0","0","0","0","149.55444","95.145905","54.408543","32.61132","0.889139"
"D:\HAA\dACC revisions\Run 4\Br6471_dACC_20x_img_021-MaxIP-Stitched_unmixed_rotated.nd2","Layer 1","dACC_v17_ FISH-IF v2.4.4","772","4059","4085","5183","5210","0","0","0","0","1","1","1826.687","0","294.413","3","8.469688","0","8589.876","1014.19025","0","0","0","0","0","0","0","0","0","0","0","0","0","0","0","100.715645","75.12246","25.59319","23.600298","0.722904"
"D:\HAA\dACC revisions\Run 4\Br6471_dACC_20x_img_021-MaxIP-Stitched_unmixed_rotated.nd2","Layer 1","dACC_v17_ FISH-IF v2.4.4","773","3952","3989","5184","5219","0","0","0","0","1","1","674.78546","0","203.85495","0","0","0","0","0","1","1.979329","0","1463.553","739.4186","0","0","0","0","0","2","5.477679","0","3018.2012","551","171.5112","108.21869","63.29251","39.476864","0.668437"
"D:\HAA\dACC revisions\Run 4\Br6471_dACC_20x_img_021-MaxIP-Stitched_unmixed_rotated.nd2","Layer 1","dACC_v17_ FISH-IF v2.4.4","774","3896","3921","5208","5238","0","0","0","0","1","1","1691.1024","0","293.43158","0","0","0","0","0","0","0","0","0","0","0","0","0","0","0","0","0","0","0","0","109.73771","78.71287","31.024837","24.887589","0.795388"
"D:\HAA\dACC revisions\Run 4\Br6471_dACC_20x_img_021-MaxIP-Stitched_unmixed_rotated.nd2","Layer 1","dACC_v17_ FISH-IF v2.4.4","775","4209","4235","5233","5261","0","0","0","0","1","1","1622.2141","0","274.3634","0","0","0","0","0","0","0","0","0","0","0","0","0","0","0","0","0","0","0","0","103.43147","75.49071","27.940767","23.600298","0.830695"
"D:\HAA\dACC revisions\Run 4\Br6471_dACC_20x_img_021-MaxIP-Stitched_unmixed_rotated.nd2","Layer 1","dACC_v17_ FISH-IF v2.4.4","776","4159","4187","5247","5278","0","0","0","1","1","1","1877.4229","0","359.54535","7","23.245613","1","35371.03","1521.6218","0","0","0","0","0","1","0.598402","0","418.69724","699.6923","0","0","0","0","0","129.25482","86.26194","42.992878","28.749454","0.864835"
"D:\HAA\dACC revisions\Run 4\Br6471_dACC_20x_img_021-MaxIP-Stitched_unmixed_rotated.nd2","Layer 1","dACC_v17_ FISH-IF v2.4.4","777","4120","4163","5261","5308","0","1","1","0","1","1","718.79663","0","264.6635","1","2.209484","0","2103.843","952.1875","0","0","0","0","0","11","13.02675","2","10161.187","761.19653","33","87.96508","4","48634.336","552.88226","260.25882","140.76254","119.49626","55.13888","0.66581"
"D:\HAA\dACC revisions\Run 4\Br6471_dACC_20x_img_021-MaxIP-Stitched_unmixed_rotated.nd2","Layer 1","dACC_v17_ FISH-IF v2.4.4","778","4131","4150","5319","5339","0","0","0","0","1","1","567.396","0","138.35803","0","0","0","0","0","0","0","0","0","0","0","0","0","0","0","0","0","0","0","0","55.329163","48.470554","6.858607","11.156505","0.866004"
"D:\HAA\dACC revisions\Run 4\Br6471_dACC_20x_img_021-MaxIP-Stitched_unmixed_rotated.nd2","Layer 1","dACC_v17_ FISH-IF v2.4.4","779","4195","4217","5320","5341","0","0","0","1","1","1","1311.8679","0","236.28044","5","18.182213","1","33203.113","1826.1316","0","0","0","0","0","0","0","0","0","0","0","0","0","0","0","69.644775","57.446587","12.198194","14.589275","0.818021"
"D:\HAA\dACC revisions\Run 4\Br6471_dACC_20x_img_021-MaxIP-Stitched_unmixed_rotated.nd2","Layer 1","dACC_v17_ FISH-IF v2.4.4","780","7808","7822","4542","4555","0","0","0","0","1","1","396.69565","0","236.82329","0","0","0","0","0","0","0","0","0","0","0","0","0","0","0","0","0","0","0","0","23.199583","22.140871","1.058711","3.432771","0.792368"
"D:\HAA\dACC revisions\Run 4\Br6471_dACC_20x_img_021-MaxIP-Stitched_unmixed_rotated.nd2","Layer 1","dACC_v17_ FISH-IF v2.4.4","781","7665","7693","4546","4575","0","0","0","0","1","1","1615.5255","0","294.30127","0","0","0","0","0","0","0","0","0","0","0","0","0","0","0","0","0","0","0","0","111.486885","78.98905","32.49783","25.74578","0.862522"
"D:\HAA\dACC revisions\Run 4\Br6471_dACC_20x_img_021-MaxIP-Stitched_unmixed_rotated.nd2","Layer 1","dACC_v17_ FISH-IF v2.4.4","782","7812","7831","4546","4566","0","0","0","0","1","1","457.30405","0","189.02405","0","0","0","0","0","0","0","0","0","0","0","0","0","0","0","0","0","0","0","0","46.997566","40.18499","6.812576","10.727408","0.85256"
"D:\HAA\dACC revisions\Run 4\Br6471_dACC_20x_img_021-MaxIP-Stitched_unmixed_rotated.nd2","Layer 1","dACC_v17_ FISH-IF v2.4.4","783","7525","7551","4554","4578","0","0","0","0","1","1","1691.4238","0","327.1863","0","0","0","0","0","0","0","0","0","0","0","0","0","0","0","0","0","0","0","0","93.48879","67.20514","26.283653","22.31301","0.910224"
"D:\HAA\dACC revisions\Run 4\Br6471_dACC_20x_img_021-MaxIP-Stitched_unmixed_rotated.nd2","Layer 1","dACC_v17_ FISH-IF v2.4.4","784","7791","7809","4562","4581","0","0","0","0","1","1","365.6115","0","178.31244","0","0","0","0","0","0","0","0","0","0","0","0","0","0","0","0","0","0","0","0","54.13236","47.734062","6.398297","10.298312","0.867657"
"D:\HAA\dACC revisions\Run 4\Br6471_dACC_20x_img_021-MaxIP-Stitched_unmixed_rotated.nd2","Layer 1","dACC_v17_ FISH-IF v2.4.4","785","7758","7786","4566","4592","0","0","0","0","1","1","1592.7546","0","334.86145","0","0","0","0","0","0","0","0","0","0","0","0","0","0","0","0","0","0","0","0","111.671005","79.403336","32.267673","24.458492","0.874575"
"D:\HAA\dACC revisions\Run 4\Br6471_dACC_20x_img_021-MaxIP-Stitched_unmixed_rotated.nd2","Layer 1","dACC_v17_ FISH-IF v2.4.4","786","7446","7477","4571","4600","0","0","0","0","1","1","1892.5267","0","406.29385","0","0","0","0","0","0","0","0","0","0","0","0","0","0","0","0","0","0","0","0","125.98662","86.30797","39.67865","29.17855","0.802034"
"D:\HAA\dACC revisions\Run 4\Br6471_dACC_20x_img_021-MaxIP-Stitched_unmixed_rotated.nd2","Layer 1","dACC_v17_ FISH-IF v2.4.4","787","7833","7855","4572","4590","0","0","0","0","1","1","876.88","0","215.15977","0","0","0","0","0","0","0","0","0","0","0","0","0","0","0","0","0","0","0","0","56.15772","41.19767","14.960048","16.520208","0.815884"
"D:\HAA\dACC revisions\Run 4\Br6471_dACC_20x_img_021-MaxIP-Stitched_unmixed_rotated.nd2","Layer 1","dACC_v17_ FISH-IF v2.4.4","788","7527","7562","4577","4618","0","0","0","0","1","1","1536.6084","0","353.96344","0","0","0","0","0","0","0","0","0","0","0","0","0","0","0","0","0","0","0","0","198.02501","114.57095","83.454056","44.196922","0.751871"
"D:\HAA\dACC revisions\Run 4\Br6471_dACC_20x_img_021-MaxIP-Stitched_unmixed_rotated.nd2","Layer 1","dACC_v17_ FISH-IF v2.4.4","789","7831","7853","4587","4603","0","0","0","0","1","1","944.13525","0","306.17587","0","0","0","0","0","0","0","0","0","0","0","0","0","0","0","0","0","0","0","0","47.08963","35.858086","11.231544","14.374727","0.775643"
"D:\HAA\dACC revisions\Run 4\Br6471_dACC_20x_img_021-MaxIP-Stitched_unmixed_rotated.nd2","Layer 1","dACC_v17_ FISH-IF v2.4.4","790","7627","7655","4586","4614","0","0","0","0","1","1","2037.5497","0","335.29767","0","0","0","0","0","0","0","0","0","0","0","0","0","0","0","0","0","0","0","0","115.62966","80.87632","34.75334","25.74578","0.864994"
"D:\HAA\dACC revisions\Run 4\Br6471_dACC_20x_img_021-MaxIP-Stitched_unmixed_rotated.nd2","Layer 1","dACC_v17_ FISH-IF v2.4.4","791","7675","7703","4587","4616","0","0","0","0","1","1","2070.667","0","325.66647","0","0","0","0","0","0","0","0","0","0","0","0","0","0","0","0","0","0","0","0","115.16936","80.46204","34.707314","26.174877","0.915082"
"D:\HAA\dACC revisions\Run 4\Br6471_dACC_20x_img_021-MaxIP-Stitched_unmixed_rotated.nd2","Layer 1","dACC_v17_ FISH-IF v2.4.4","792","7819","7844","4599","4628","0","0","0","0","1","1","2229.8845","0","332.7539","0","0","0","0","0","0","0","0","0","0","0","0","0","0","0","0","0","0","0","0","106.423485","76.50339","29.920095","24.029396","0.83861"
"D:\HAA\dACC revisions\Run 4\Br6471_dACC_20x_img_021-MaxIP-Stitched_unmixed_rotated.nd2","Layer 1","dACC_v17_ FISH-IF v2.4.4","793","7796","7823","4646","4669","0","0","0","0","1","1","2506.4993","0","522.6562","0","0","0","0","0","0","0","0","0","0","0","0","0","0","0","0","0","0","0","0","91.04916","57.032307","34.01685","24.67304","0.820439"
"D:\HAA\dACC revisions\Run 4\Br6471_dACC_20x_img_021-MaxIP-Stitched_unmixed_rotated.nd2","Layer 1","dACC_v17_ FISH-IF v2.4.4","794","7476","7502","4652","4683","0","0","0","0","1","1","2143.2297","0","478.72345","0","0","0","0","0","0","0","0","0","0","0","0","0","0","0","0","0","0","0","0","95.92843","68.07973","27.848705","25.74578","0.668784"
"D:\HAA\dACC revisions\Run 4\Br6471_dACC_20x_img_021-MaxIP-Stitched_unmixed_rotated.nd2","Layer 1","dACC_v17_ FISH-IF v2.4.4","795","7626","7648","4652","4675","0","0","0","0","1","1","1479.1472","0","241.83957","0","0","0","0","0","0","0","0","0","0","0","0","0","0","0","0","0","0","0","0","72.86694","59.1037","13.763245","16.30566","0.893801"
"D:\HAA\dACC revisions\Run 4\Br6471_dACC_20x_img_021-MaxIP-Stitched_unmixed_rotated.nd2","Layer 1","dACC_v17_ FISH-IF v2.4.4","796","7795","7821","4668","4689","0","0","0","0","1","1","2392.8857","0","417.44003","0","0","0","0","0","0","0","0","0","0","0","0","0","0","0","0","0","0","0","0","82.76359","53.349834","29.413755","22.527557","0.797373"
"D:\HAA\dACC revisions\Run 4\Br6471_dACC_20x_img_021-MaxIP-Stitched_unmixed_rotated.nd2","Layer 1","dACC_v17_ FISH-IF v2.4.4","797","7461","7489","4664","4692","0","0","0","0","1","1","2130.967","0","337.2983","0","0","0","0","0","0","0","0","0","0","0","0","0","0","0","1","1.196804","0","556.60583","465.07693","100.11725","67.89561","32.22164","26.174877","0.838092"
"D:\HAA\dACC revisions\Run 4\Br6471_dACC_20x_img_021-MaxIP-Stitched_unmixed_rotated.nd2","Layer 1","dACC_v17_ FISH-IF v2.4.4","798","7569","7597","4683","4715","0","0","0","0","1","1","1655.104","0","341.66498","0","0","0","0","0","0","0","0","0","0","0","0","0","0","0","0","0","0","0","0","136.8039","91.23328","45.57061","30.036743","0.801158"
"D:\HAA\dACC revisions\Run 4\Br6471_dACC_20x_img_021-MaxIP-Stitched_unmixed_rotated.nd2","Layer 1","dACC_v17_ FISH-IF v2.4.4","799","7528","7555","4716","4745","0","0","0","0","1","1","1981.691","0","379.11707","0","0","0","0","0","0","0","0","0","0","0","0","0","0","0","0","0","0","0","0","111.21069","79.03509","32.17561","25.316685","0.849474"
"D:\HAA\dACC revisions\Run 4\Br6471_dACC_20x_img_021-MaxIP-Stitched_unmixed_rotated.nd2","Layer 1","dACC_v17_ FISH-IF v2.4.4","800","7701","7732","4734","4762","0","0","0","1","1","1","1730.082","0","368.8118","8","22.693243","1","41034.676","1808.2333","0","0","0","0","0","0","0","0","0","0","0","0","0","0","0","123.2708","85.11117","38.15963","28.320358","0.795653"
"D:\HAA\dACC revisions\Run 4\Br6471_dACC_20x_img_021-MaxIP-Stitched_unmixed_rotated.nd2","Layer 1","dACC_v17_ FISH-IF v2.4.4","801","7828","7855","4747","4775","0","0","0","0","1","1","1946.85","0","452.23483","0","0","0","0","0","0","0","0","0","0","0","0","0","0","0","0","0","0","0","0","109.50755","78.20653","31.301023","24.887589","0.851152"
"D:\HAA\dACC revisions\Run 4\Br6471_dACC_20x_img_021-MaxIP-Stitched_unmixed_rotated.nd2","Layer 1","dACC_v17_ FISH-IF v2.4.4","802","7678","7702","4772","4792","0","0","0","0","1","1","1612.0981","0","418.8808","0","0","0","0","0","0","0","0","0","0","0","0","0","0","0","0","0","0","0","0","60.990967","43.63731","17.353657","18.665691","0.829011"
"D:\HAA\dACC revisions\Run 4\Br6471_dACC_20x_img_021-MaxIP-Stitched_unmixed_rotated.nd2","Layer 1","dACC_v17_ FISH-IF v2.4.4","803","7750","7770","4780","4799","0","0","0","0","1","1","459.74173","0","197.09082","0","0","0","0","0","0","0","0","0","0","0","0","0","0","0","0","0","0","0","0","55.605347","48.65468","6.950668","11.156505","0.891206"
"D:\HAA\dACC revisions\Run 4\Br6471_dACC_20x_img_021-MaxIP-Stitched_unmixed_rotated.nd2","Layer 1","dACC_v17_ FISH-IF v2.4.4","804","7512","7532","4780","4807","0","0","0","0","1","1","1464.7589","0","349.25955","0","0","0","0","0","0","0","0","0","0","0","0","0","0","0","0","0","0","0","0","79.86364","56.572","23.291645","22.31301","0.781811"
"D:\HAA\dACC revisions\Run 4\Br6471_dACC_20x_img_021-MaxIP-Stitched_unmixed_rotated.nd2","Layer 1","dACC_v17_ FISH-IF v2.4.4","805","7683","7709","4783","4809","0","0","0","0","1","1","1987.1877","0","438.01743","0","0","0","0","0","0","0","0","0","0","0","0","0","0","0","0","0","0","0","0","94.91575","58.13705","36.7787","27.247618","0.797652"
"D:\HAA\dACC revisions\Run 4\Br6471_dACC_20x_img_021-MaxIP-Stitched_unmixed_rotated.nd2","Layer 1","dACC_v17_ FISH-IF v2.4.4","806","7533","7557","4782","4810","0","0","0","0","1","1","2191.33","0","347.60098","0","0","0","0","0","0","0","0","0","0","0","0","0","0","0","0","0","0","0","0","105.87111","74.06374","31.807364","24.887589","0.879721"
"D:\HAA\dACC revisions\Run 4\Br6471_dACC_20x_img_021-MaxIP-Stitched_unmixed_rotated.nd2","Layer 1","dACC_v17_ FISH-IF v2.4.4","807","7495","7514","4786","4806","0","0","0","0","1","1","1571.6823","0","359.59796","0","0","0","0","0","0","0","0","0","0","0","0","0","0","0","0","0","0","0","0","53.62602","40.875454","12.750565","15.662017","0.820743"
"D:\HAA\dACC revisions\Run 4\Br6471_dACC_20x_img_021-MaxIP-Stitched_unmixed_rotated.nd2","Layer 1","dACC_v17_ FISH-IF v2.4.4","808","7481","7508","4797","4827","0","0","0","0","1","1","1948.7019","0","371.0166","0","0","0","0","0","0","0","0","0","0","0","0","0","0","0","0","0","0","0","0","109.2774","74.846275","34.431126","26.603973","0.816088"
"D:\HAA\dACC revisions\Run 4\Br6471_dACC_20x_img_021-MaxIP-Stitched_unmixed_rotated.nd2","Layer 1","dACC_v17_ FISH-IF v2.4.4","809","7686","7706","4809","4827","0","0","0","0","1","1","1630.975","0","270.03168","0","0","0","0","0","0","0","0","0","0","0","0","0","0","0","0","0","0","0","0","55.69741","46.491226","9.206183","12.87289","0.874382"
"D:\HAA\dACC revisions\Run 4\Br6471_dACC_20x_img_021-MaxIP-Stitched_unmixed_rotated.nd2","Layer 1","dACC_v17_ FISH-IF v2.4.4","810","7718","7743","4807","4839","0","0","0","0","1","1","1912.2274","0","376.492","0","0","0","0","0","0","0","0","0","0","0","0","0","0","0","0","0","0","0","0","117.747086","83.54611","34.200974","27.247618","0.717155"
"D:\HAA\dACC revisions\Run 4\Br6471_dACC_20x_img_021-MaxIP-Stitched_unmixed_rotated.nd2","Layer 1","dACC_v17_ FISH-IF v2.4.4","811","7517","7537","4810","4830","0","0","0","0","1","1","436.15384","0","189.2437","0","0","0","0","0","0","0","0","0","0","0","0","0","0","0","0","0","0","0","0","59.564007","51.18638","8.377627","12.014698","0.875831"
"D:\HAA\dACC revisions\Run 4\Br6471_dACC_20x_img_021-MaxIP-Stitched_unmixed_rotated.nd2","Layer 1","dACC_v17_ FISH-IF v2.4.4","812","7607","7629","4818","4843","0","0","0","0","1","1","1214.141","0","230.2015","0","0","0","0","0","0","0","0","0","0","0","0","0","0","0","0","0","0","0","0","74.80024","60.76081","14.03943","17.163853","0.744447"
"D:\HAA\dACC revisions\Run 4\Br6471_dACC_20x_img_021-MaxIP-Stitched_unmixed_rotated.nd2","Layer 1","dACC_v17_ FISH-IF v2.4.4","813","7565","7588","4827","4851","0","0","0","0","1","1","1759.0132","0","303.3774","0","0","0","0","0","0","0","0","0","0","0","0","0","0","0","0","0","0","0","0","81.935036","64.397255","17.537779","18.451143","0.838009"
"D:\HAA\dACC revisions\Run 4\Br6471_dACC_20x_img_021-MaxIP-Stitched_unmixed_rotated.nd2","Layer 1","dACC_v17_ FISH-IF v2.4.4","814","7474","7503","4828","4852","0","0","0","0","1","1","2085.7144","0","418.5197","0","0","0","0","0","0","0","0","0","0","0","0","0","0","0","0","0","0","0","0","106.37745","77.055756","29.321695","23.600298","0.796784"
"D:\HAA\dACC revisions\Run 4\Br6471_dACC_20x_img_021-MaxIP-Stitched_unmixed_rotated.nd2","Layer 1","dACC_v17_ FISH-IF v2.4.4","815","7750","7775","4833","4863","0","0","0","0","1","1","1556.8832","0","384.94122","0","0","0","0","0","0","0","0","0","0","0","0","0","0","0","0","0","0","0","0","107.89647","70.473335","37.423138","27.462166","0.860688"
"D:\HAA\dACC revisions\Run 4\Br6471_dACC_20x_img_021-MaxIP-Stitched_unmixed_rotated.nd2","Layer 1","dACC_v17_ FISH-IF v2.4.4","816","7770","7795","4842","4871","0","0","0","0","1","1","2079.4233","0","395.89313","0","0","0","0","0","0","0","0","0","0","0","0","0","0","0","0","0","0","0","0","105.45683","69.78287","35.67396","26.174877","0.849664"
"D:\HAA\dACC revisions\Run 4\Br6471_dACC_20x_img_021-MaxIP-Stitched_unmixed_rotated.nd2","Layer 1","dACC_v17_ FISH-IF v2.4.4","817","7669","7692","4847","4869","0","0","0","0","1","1","411.65356","0","190.7989","0","0","0","0","0","0","0","0","0","0","0","0","0","0","0","0","0","0","0","0","71.486015","58.59736","12.888657","15.876565","0.81069"
"D:\HAA\dACC revisions\Run 4\Br6471_dACC_20x_img_021-MaxIP-Stitched_unmixed_rotated.nd2","Layer 1","dACC_v17_ FISH-IF v2.4.4","818","7708","7730","4858","4878","0","0","0","0","1","1","1479.8118","0","243.68259","0","0","0","0","0","0","0","0","0","0","0","0","0","0","0","0","0","0","0","0","65.9623","54.960915","11.00139","14.160179","0.872862"
"D:\HAA\dACC revisions\Run 4\Br6471_dACC_20x_img_021-MaxIP-Stitched_unmixed_rotated.nd2","Layer 1","dACC_v17_ FISH-IF v2.4.4","819","7594","7627","4864","4895","0","0","0","0","1","1","2221.2227","0","497.26843","0","0","0","0","0","0","0","0","0","0","0","0","0","0","0","0","0","0","0","0","148.5878","84.88101","63.70679","37.331383","0.796251"
"D:\HAA\dACC revisions\Run 4\Br6471_dACC_20x_img_021-MaxIP-Stitched_unmixed_rotated.nd2","Layer 1","dACC_v17_ FISH-IF v2.4.4","820","7805","7826","4864","4887","0","0","0","1","1","1","1496.9216","0","416.4246","5","15.650512","1","25004.822","1597.7","0","0","0","0","0","0","0","0","0","0","0","0","0","0","0","70.01302","57.67674","12.336286","15.23292","0.808336"
"D:\HAA\dACC revisions\Run 4\Br6471_dACC_20x_img_021-MaxIP-Stitched_unmixed_rotated.nd2","Layer 1","dACC_v17_ FISH-IF v2.4.4","821","7681","7706","4876","4900","0","0","0","1","1","1","2440.1536","0","484.15784","5","13.901337","1","17694.422","1272.8577","0","0","0","0","0","0","0","0","0","0","0","0","0","0","0","86.860344","66.79086","20.06948","20.167528","0.821838"
"D:\HAA\dACC revisions\Run 4\Br6471_dACC_20x_img_021-MaxIP-Stitched_unmixed_rotated.nd2","Layer 1","dACC_v17_ FISH-IF v2.4.4","822","7705","7733","4879","4907","0","0","0","0","1","1","2030.5609","0","331.1048","0","0","0","0","0","0","0","0","0","0","0","0","0","0","0","0","0","0","0","0","112.26941","78.620804","33.6486","25.316685","0.896708"
"D:\HAA\dACC revisions\Run 4\Br6471_dACC_20x_img_021-MaxIP-Stitched_unmixed_rotated.nd2","Layer 1","dACC_v17_ FISH-IF v2.4.4","823","7583","7605","4887","4926","0","0","0","0","1","1","1595.2266","0","405.71924","0","0","0","0","0","0","0","0","0","0","0","0","0","0","0","0","0","0","0","0","117.28678","77.055756","40.23102","31.75313","0.622693"
"D:\HAA\dACC revisions\Run 4\Br6471_dACC_20x_img_021-MaxIP-Stitched_unmixed_rotated.nd2","Layer 1","dACC_v17_ FISH-IF v2.4.4","824","7602","7625","4895","4918","0","0","0","0","1","1","1869.6558","0","443.88318","0","0","0","0","0","0","0","0","0","0","0","0","0","0","0","0","0","0","0","0","82.993744","46.491226","36.502518","27.03307","0.825039"
"D:\HAA\dACC revisions\Run 4\Br6471_dACC_20x_img_021-MaxIP-Stitched_unmixed_rotated.nd2","Layer 1","dACC_v17_ FISH-IF v2.4.4","825","7813","7834","4892","4912","0","0","0","0","1","1","1360.2284","0","253.42781","0","0","0","0","0","0","0","0","0","0","0","0","0","0","0","0","0","0","0","0","61.359215","52.291122","9.06809","12.87289","0.882007"
"D:\HAA\dACC revisions\Run 4\Br6471_dACC_20x_img_021-MaxIP-Stitched_unmixed_rotated.nd2","Layer 1","dACC_v17_ FISH-IF v2.4.4","826","7636","7664","4895","4923","0","0","0","0","1","1","2116.9766","0","333.91162","0","0","0","0","0","0","0","0","0","0","0","0","0","0","0","0","0","0","0","0","111.164665","77.60812","33.556538","25.74578","0.905541"
"D:\HAA\dACC revisions\Run 4\Br6471_dACC_20x_img_021-MaxIP-Stitched_unmixed_rotated.nd2","Layer 1","dACC_v17_ FISH-IF v2.4.4","827","7461","7489","4896","4925","0","0","0","0","1","1","1830.3138","0","260.66443","0","0","0","0","0","0","0","0","0","0","0","0","0","0","0","0","0","0","0","0","117.37884","81.889","35.489838","26.603973","0.839468"
"D:\HAA\dACC revisions\Run 4\Br6471_dACC_20x_img_021-MaxIP-Stitched_unmixed_rotated.nd2","Layer 1","dACC_v17_ FISH-IF v2.4.4","828","7659","7687","4906","4937","0","0","0","0","1","1","2475.9016","0","702.7517","0","0","0","0","0","0","0","0","0","0","0","0","0","0","0","0","0","0","0","0","131.87859","87.873024","44.005558","29.17855","0.813352"
"D:\HAA\dACC revisions\Run 4\Br6471_dACC_20x_img_021-MaxIP-Stitched_unmixed_rotated.nd2","Layer 1","dACC_v17_ FISH-IF v2.4.4","829","7712","7731","4906","4923","0","0","0","0","1","1","579.81445","0","192.1846","0","0","0","0","0","0","0","0","0","0","0","0","0","0","0","0","0","0","0","0","48.10231","43.63731","4.464999","9.44012","0.697298"
"D:\HAA\dACC revisions\Run 4\Br6471_dACC_20x_img_021-MaxIP-Stitched_unmixed_rotated.nd2","Layer 1","dACC_v17_ FISH-IF v2.4.4","830","7923","7950","4522","4552","0","0","0","0","1","1","1660.1614","0","312.0614","0","0","0","0","0","0","0","0","0","0","0","0","0","0","0","0","0","0","0","0","113.88049","80.23189","33.6486","26.174877","0.828456"
"D:\HAA\dACC revisions\Run 4\Br6471_dACC_20x_img_021-MaxIP-Stitched_unmixed_rotated.nd2","Layer 1","dACC_v17_ FISH-IF v2.4.4","831","7845","7869","4523","4549","0","0","0","0","1","1","1102.2362","0","259.4531","0","0","0","0","0","0","0","0","0","0","0","0","0","0","0","0","0","0","0","0","84.55879","66.23849","18.320305","19.523884","0.754349"
"D:\HAA\dACC revisions\Run 4\Br6471_dACC_20x_img_021-MaxIP-Stitched_unmixed_rotated.nd2","Layer 1","dACC_v17_ FISH-IF v2.4.4","832","7982","8002","4540","4565","0","0","0","0","1","1","517.46814","0","208.81354","0","0","0","0","0","0","0","0","0","0","0","0","0","0","0","0","0","0","0","0","73.511375","61.22112","12.290255","16.949305","0.630809"
"D:\HAA\dACC revisions\Run 4\Br6471_dACC_20x_img_021-MaxIP-Stitched_unmixed_rotated.nd2","Layer 1","dACC_v17_ FISH-IF v2.4.4","833","7871","7901","4587","4618","0","0","0","0","1","1","2309.864","0","563.758","0","0","0","0","0","0","0","0","0","0","0","0","0","0","0","0","0","0","0","0","128.84055","87.873024","40.967518","30.46584","0.749412"
"D:\HAA\dACC revisions\Run 4\Br6471_dACC_20x_img_021-MaxIP-Stitched_unmixed_rotated.nd2","Layer 1","dACC_v17_ FISH-IF v2.4.4","834","7860","7887","4637","4665","0","0","0","0","1","1","1980.9253","0","404.7976","0","0","0","0","0","0","0","0","0","0","0","0","0","0","0","0","0","0","0","0","106.88379","73.005035","33.878754","25.96033","0.869719"
"D:\HAA\dACC revisions\Run 4\Br6471_dACC_20x_img_021-MaxIP-Stitched_unmixed_rotated.nd2","Layer 1","dACC_v17_ FISH-IF v2.4.4","835","7951","7987","4644","4681","0","0","0","0","1","1","2248.814","0","486.66794","0","0","0","0","0","0","0","0","0","0","0","0","0","0","0","0","0","0","0","0","182.09831","109.09328","73.005035","42.909634","0.737335"
"D:\HAA\dACC revisions\Run 4\Br6471_dACC_20x_img_021-MaxIP-Stitched_unmixed_rotated.nd2","Layer 1","dACC_v17_ FISH-IF v2.4.4","836","7866","7892","4662","4692","0","0","0","0","1","1","1870.3716","0","407.74954","0","0","0","0","0","0","0","0","0","0","0","0","0","0","0","0","0","0","0","0","113.74239","76.8256","36.916798","27.247618","0.785274"
"D:\HAA\dACC revisions\Run 4\Br6471_dACC_20x_img_021-MaxIP-Stitched_unmixed_rotated.nd2","Layer 1","dACC_v17_ FISH-IF v2.4.4","837","7912","7937","4672","4699","0","0","0","0","1","1","2180.018","0","401.7815","0","0","0","0","0","0","0","0","0","0","0","0","0","0","0","0","0","0","0","0","98.73632","73.0971","25.639221","22.31301","0.839345"
"D:\HAA\dACC revisions\Run 4\Br6471_dACC_20x_img_021-MaxIP-Stitched_unmixed_rotated.nd2","Layer 1","dACC_v17_ FISH-IF v2.4.4","838","7980","8006","4672","4698","0","0","0","0","1","1","1628.8425","0","342.25095","0","0","0","0","0","0","0","0","0","0","0","0","0","0","0","0","0","0","0","0","98.64426","72.63679","26.00747","22.31301","0.895851"
"D:\HAA\dACC revisions\Run 4\Br6471_dACC_20x_img_021-MaxIP-Stitched_unmixed_rotated.nd2","Layer 1","dACC_v17_ FISH-IF v2.4.4","839","7947","7979","4679","4705","0","0","0","0","1","1","1898.6461","0","319.70343","0","0","0","0","0","0","0","0","0","0","0","0","0","0","0","0","0","0","0","0","118.85183","79.31127","39.540558","28.320358","0.849689"
"D:\HAA\dACC revisions\Run 4\Br6471_dACC_20x_img_021-MaxIP-Stitched_unmixed_rotated.nd2","Layer 1","dACC_v17_ FISH-IF v2.4.4","840","7872","7899","4728","4758","0","0","0","0","1","1","1919.0618","0","353.70267","0","0","0","0","0","0","0","0","0","0","0","0","0","0","0","0","0","0","0","0","120.37085","83.131836","37.239014","27.462166","0.849308"
"D:\HAA\dACC revisions\Run 4\Br6471_dACC_20x_img_021-MaxIP-Stitched_unmixed_rotated.nd2","Layer 1","dACC_v17_ FISH-IF v2.4.4","841","7866","7887","4762","4791","0","0","0","0","1","1","1906.8119","0","355.36896","0","0","0","0","0","0","0","0","0","0","0","0","0","0","0","0","0","0","0","0","90.72694","59.886223","30.840715","24.029396","0.843622"
"D:\HAA\dACC revisions\Run 4\Br6471_dACC_20x_img_021-MaxIP-Stitched_unmixed_rotated.nd2","Layer 1","dACC_v17_ FISH-IF v2.4.4","842","7851","7868","4766","4793","0","0","0","0","1","1","1546.1799","0","432.97556","0","0","0","0","0","0","0","0","0","0","0","0","0","0","0","0","0","0","0","0","70.61143","52.705402","17.906027","18.88024","0.730022"
"D:\HAA\dACC revisions\Run 4\Br6471_dACC_20x_img_021-MaxIP-Stitched_unmixed_rotated.nd2","Layer 1","dACC_v17_ FISH-IF v2.4.4","843","7885","7913","4767","4795","0","0","0","0","1","1","2191.9124","0","473.14417","0","0","0","0","0","0","0","0","0","0","0","0","0","0","0","0","0","0","0","0","112.54559","74.708176","37.837414","27.462166","0.862516"
"D:\HAA\dACC revisions\Run 4\Br6471_dACC_20x_img_021-MaxIP-Stitched_unmixed_rotated.nd2","Layer 1","dACC_v17_ FISH-IF v2.4.4","844","7916","7934","4783","4803","0","0","0","0","1","1","404.10938","0","196.44467","0","0","0","0","0","0","0","0","0","0","0","0","0","0","0","0","0","0","0","0","52.475246","46.58329","5.891957","10.083764","0.874381"
"D:\HAA\dACC revisions\Run 4\Br6471_dACC_20x_img_021-MaxIP-Stitched_unmixed_rotated.nd2","Layer 1","dACC_v17_ FISH-IF v2.4.4","845","7888","7907","4794","4810","0","0","0","0","1","1","1054.25","0","279.12216","0","0","0","0","0","0","0","0","0","0","0","0","0","0","0","0","0","0","0","0","45.478546","40.69133","4.787215","9.44012","0.833944"
"D:\HAA\dACC revisions\Run 4\Br6471_dACC_20x_img_021-MaxIP-Stitched_unmixed_rotated.nd2","Layer 1","dACC_v17_ FISH-IF v2.4.4","846","7930","7957","4844","4866","0","0","0","0","1","1","2121.8123","0","387.0401","0","0","0","0","0","0","0","0","0","0","0","0","0","0","0","0","0","0","0","0","95.33003","62.003647","33.326385","24.887589","0.882176"
"D:\HAA\dACC revisions\Run 4\Br6471_dACC_20x_img_021-MaxIP-Stitched_unmixed_rotated.nd2","Layer 1","dACC_v17_ FISH-IF v2.4.4","847","7930","7955","4866","4887","0","0","0","0","1","1","2177.123","0","424.49133","0","0","0","0","0","0","0","0","0","0","0","0","0","0","0","0","0","0","0","0","81.2906","55.835503","25.455097","22.31301","0.807443"
"D:\HAA\dACC revisions\Run 4\Br6471_dACC_20x_img_021-MaxIP-Stitched_unmixed_rotated.nd2","Layer 1","dACC_v17_ FISH-IF v2.4.4","848","7842","7869","4869","4895","0","0","0","0","1","1","1778.455","0","352.213","0","0","0","0","0","0","0","0","0","0","0","0","0","0","0","0","0","0","0","0","104.766365","75.6288","29.137571","23.171202","0.922113"
"D:\HAA\dACC revisions\Run 4\Br6471_dACC_20x_img_021-MaxIP-Stitched_unmixed_rotated.nd2","Layer 1","dACC_v17_ FISH-IF v2.4.4","849","7945","7965","4901","4920","0","0","0","0","1","1","948.61145","0","179.12581","0","0","0","0","0","0","0","0","0","0","0","0","0","0","0","0","0","0","0","0","56.618027","49.391174","7.226854","11.585601","0.836545"
"D:\HAA\dACC revisions\Run 4\Br6471_dACC_20x_img_021-MaxIP-Stitched_unmixed_rotated.nd2","Layer 1","dACC_v17_ FISH-IF v2.4.4","850","3304","3324","4926","4948","0","0","0","0","1","1","1712.2886","0","216.82382","0","0","0","0","0","0","0","0","0","0","0","0","0","0","0","0","0","0","0","0","67.75751","56.433907","11.323606","14.160179","0.799565"
"D:\HAA\dACC revisions\Run 4\Br6471_dACC_20x_img_021-MaxIP-Stitched_unmixed_rotated.nd2","Layer 1","dACC_v17_ FISH-IF v2.4.4","851","3378","3400","4936","4960","0","0","0","0","1","1","1788.9795","0","331.25732","0","0","0","0","0","0","0","0","0","0","0","0","0","0","0","0","0","0","0","0","70.84158","55.099007","15.742574","17.59295","0.797407"
"D:\HAA\dACC revisions\Run 4\Br6471_dACC_20x_img_021-MaxIP-Stitched_unmixed_rotated.nd2","Layer 1","dACC_v17_ FISH-IF v2.4.4","852","3179","3201","4945","4973","0","0","0","1","1","1","2247.5813","0","358.44043","7","18.918707","1","26659.773","1409.1752","0","0","0","0","0","0","0","0","0","0","0","0","0","0","0","88.011116","68.77019","19.240923","20.596624","0.709027"
"D:\HAA\dACC revisions\Run 4\Br6471_dACC_20x_img_021-MaxIP-Stitched_unmixed_rotated.nd2","Layer 1","dACC_v17_ FISH-IF v2.4.4","853","3358","3391","4951","4977","0","0","0","0","1","1","2207.9846","0","346.7905","0","0","0","0","0","0","0","0","0","0","0","0","0","0","0","0","0","0","0","0","122.90255","81.2906","41.61195","28.749454","0.772831"
"D:\HAA\dACC revisions\Run 4\Br6471_dACC_20x_img_021-MaxIP-Stitched_unmixed_rotated.nd2","Layer 1","dACC_v17_ FISH-IF v2.4.4","854","3195","3223","4990","5021","0","0","0","0","1","1","2382.7317","0","384.93457","0","0","0","0","0","0","0","0","0","0","0","0","0","0","0","0","0","0","0","0","115.30745","84.4207","30.886745","28.320358","0.622435"
"D:\HAA\dACC revisions\Run 4\Br6471_dACC_20x_img_021-MaxIP-Stitched_unmixed_rotated.nd2","Layer 1","dACC_v17_ FISH-IF v2.4.4","855","3417","3446","4996","5024","0","0","0","1","1","1","1974.1772","0","374.5995","12","29.735973","2","51722.133","1739.3793","0","0","0","0","0","0","0","0","0","0","0","0","0","0","0","110.42817","73.5574","36.870766","27.891262","0.784475"
"D:\HAA\dACC revisions\Run 4\Br6471_dACC_20x_img_021-MaxIP-Stitched_unmixed_rotated.nd2","Layer 1","dACC_v17_ FISH-IF v2.4.4","856","3135","3161","4997","5024","0","0","0","0","1","1","1169.789","0","205.66165","0","0","0","0","0","0","0","0","0","0","0","0","0","0","0","0","0","0","0","0","106.46951","76.59544","29.874065","24.029396","0.890258"
"D:\HAA\dACC revisions\Run 4\Br6471_dACC_20x_img_021-MaxIP-Stitched_unmixed_rotated.nd2","Layer 1","dACC_v17_ FISH-IF v2.4.4","857","3236","3270","5004","5036","0","0","0","0","1","1","1358.743","0","337.93146","0","0","0","0","0","0","0","0","0","0","0","0","0","0","0","0","0","0","0","0","149.64651","84.60483","65.04169","36.902287","0.770534"
"D:\HAA\dACC revisions\Run 4\Br6471_dACC_20x_img_021-MaxIP-Stitched_unmixed_rotated.nd2","Layer 1","dACC_v17_ FISH-IF v2.4.4","858","3394","3421","5005","5030","0","0","0","0","1","1","1638.9507","0","378.7101","1","2.761855","0","2745.376","994.0333","0","0","0","0","0","0","0","0","0","0","0","0","0","0","0","91.87771","58.275143","33.60257","27.676714","0.67604"
"D:\HAA\dACC revisions\Run 4\Br6471_dACC_20x_img_021-MaxIP-Stitched_unmixed_rotated.nd2","Layer 1","dACC_v17_ FISH-IF v2.4.4","859","3281","3309","5020","5040","0","0","0","0","1","1","2600.6765","0","345.19766","0","0","0","0","0","0","0","0","0","0","0","0","0","0","0","0","0","0","0","0","87.82699","54.960915","32.866074","24.243944","0.760334"
"D:\HAA\dACC revisions\Run 4\Br6471_dACC_20x_img_021-MaxIP-Stitched_unmixed_rotated.nd2","Layer 1","dACC_v17_ FISH-IF v2.4.4","860","3391","3414","5025","5043","0","0","0","0","1","1","1515.5","0","262.0355","0","0","0","0","0","0","0","0","0","0","0","0","0","0","0","0","0","0","0","0","57.63071","44.09762","13.53309","16.734756","0.807631"
"D:\HAA\dACC revisions\Run 4\Br6471_dACC_20x_img_021-MaxIP-Stitched_unmixed_rotated.nd2","Layer 1","dACC_v17_ FISH-IF v2.4.4","861","3415","3440","5025","5056","0","0","0","0","1","1","701.8487","0","210.60194","0","0","0","0","0","0","0","0","0","0","0","0","0","0","0","0","0","0","0","0","112.31544","80.36998","31.945457","26.174877","0.752558"
"D:\HAA\dACC revisions\Run 4\Br6471_dACC_20x_img_021-MaxIP-Stitched_unmixed_rotated.nd2","Layer 1","dACC_v17_ FISH-IF v2.4.4","862","3236","3261","5033","5051","0","0","0","0","1","1","1737.2211","0","328.3609","0","0","0","0","0","0","0","0","0","0","0","0","0","0","0","0","0","0","0","0","70.01302","47.319782","22.693243","20.167528","0.831295"
"D:\HAA\dACC revisions\Run 4\Br6471_dACC_20x_img_021-MaxIP-Stitched_unmixed_rotated.nd2","Layer 1","dACC_v17_ FISH-IF v2.4.4","863","3284","3314","5040","5063","0","0","0","0","1","1","2321.9702","0","365.70105","0","0","0","0","0","0","0","0","0","0","0","0","0","0","0","0","0","0","0","0","99.749","61.12906","38.619938","27.891262","0.722317"
"D:\HAA\dACC revisions\Run 4\Br6471_dACC_20x_img_021-MaxIP-Stitched_unmixed_rotated.nd2","Layer 1","dACC_v17_ FISH-IF v2.4.4","864","3368","3402","5055","5090","0","0","0","0","1","1","1153.2511","0","293.49216","0","0","0","0","0","0","0","0","0","0","0","0","0","0","0","0","0","0","0","0","163.36372","102.8791","60.484627","36.902287","0.808524"
"D:\HAA\dACC revisions\Run 4\Br6471_dACC_20x_img_021-MaxIP-Stitched_unmixed_rotated.nd2","Layer 1","dACC_v17_ FISH-IF v2.4.4","865","3306","3333","5058","5082","0","0","0","0","1","1","1271.4052","0","229.6816","0","0","0","0","0","0","0","0","0","0","0","0","0","0","0","1","1.933299","0","1040.8511","538.381","98.22998","73.005035","25.224943","21.883913","0.807959"
"D:\HAA\dACC revisions\Run 4\Br6471_dACC_20x_img_021-MaxIP-Stitched_unmixed_rotated.nd2","Layer 1","dACC_v17_ FISH-IF v2.4.4","866","3268","3288","5085","5108","0","0","0","0","1","1","2050.7522","0","540.0448","0","0","0","0","0","0","0","0","0","0","0","0","0","0","0","0","0","0","0","0","55.65138","40.046898","15.604481","18.236595","0.748598"
"D:\HAA\dACC revisions\Run 4\Br6471_dACC_20x_img_021-MaxIP-Stitched_unmixed_rotated.nd2","Layer 1","dACC_v17_ FISH-IF v2.4.4","867","3277","3304","5089","5114","0","0","0","0","1","1","2607.385","0","584.1657","0","0","0","0","0","0","0","0","0","0","0","0","0","0","0","0","0","0","0","0","82.119156","49.71339","32.405766","26.603973","0.72772"
"D:\HAA\dACC revisions\Run 4\Br6471_dACC_20x_img_021-MaxIP-Stitched_unmixed_rotated.nd2","Layer 1","dACC_v17_ FISH-IF v2.4.4","868","3368","3402","5106","5138","0","0","0","0","1","1","882.70264","0","224.72466","0","0","0","0","0","0","0","0","0","0","0","0","0","0","0","0","0","0","0","0","156.55115","98.96647","57.58468","34.756805","0.821276"
"D:\HAA\dACC revisions\Run 4\Br6471_dACC_20x_img_021-MaxIP-Stitched_unmixed_rotated.nd2","Layer 1","dACC_v17_ FISH-IF v2.4.4","869","3269","3297","5112","5147","0","0","0","0","1","1","1610.9164","0","395.54","0","0","0","0","0","0","0","0","0","0","0","0","0","0","0","0","0","0","0","0","133.71982","89.16189","44.55793","35.1859","0.611371"
"D:\HAA\dACC revisions\Run 4\Br6471_dACC_20x_img_021-MaxIP-Stitched_unmixed_rotated.nd2","Layer 1","dACC_v17_ FISH-IF v2.4.4","870","3055","3086","5138","5174","0","0","0","0","1","1","1325.7758","0","339.28546","0","0","0","0","0","0","0","0","0","0","0","0","0","0","0","1","3.544381","0","1816.5181","512.5065","145.18152","98.36807","46.813442","35.1859","0.692545"
"D:\HAA\dACC revisions\Run 4\Br6471_dACC_20x_img_021-MaxIP-Stitched_unmixed_rotated.nd2","Layer 1","dACC_v17_ FISH-IF v2.4.4","871","3258","3281","5150","5170","0","0","0","0","1","1","1840.76","0","287.7536","0","0","0","0","0","0","0","0","0","0","0","0","0","0","0","0","0","0","0","0","64.7655","38.481846","26.283653","23.600298","0.711631"
"D:\HAA\dACC revisions\Run 4\Br6471_dACC_20x_img_021-MaxIP-Stitched_unmixed_rotated.nd2","Layer 1","dACC_v17_ FISH-IF v2.4.4","872","3279","3310","5156","5196","0","0","0","0","1","1","1598.0096","0","383.0015","0","0","0","0","0","0","0","0","0","0","0","0","0","0","0","0","0","0","0","0","172.75403","92.06184","80.6922","43.767826","0.710188"
"D:\HAA\dACC revisions\Run 4\Br6471_dACC_20x_img_021-MaxIP-Stitched_unmixed_rotated.nd2","Layer 1","dACC_v17_ FISH-IF v2.4.4","873","3257","3279","5171","5186","0","0","0","0","1","1","1955.4447","0","325.00888","0","0","0","0","0","0","0","0","0","0","0","0","0","0","0","0","0","0","0","0","53.948235","31.07087","22.877365","21.02572","0.713756"
"D:\HAA\dACC revisions\Run 4\Br6471_dACC_20x_img_021-MaxIP-Stitched_unmixed_rotated.nd2","Layer 1","dACC_v17_ FISH-IF v2.4.4","874","3340","3363","5167","5193","0","0","0","0","1","1","1511.4797","0","228.05984","0","0","0","0","0","0","0","0","0","0","0","0","0","0","0","0","0","0","0","0","90.819","69.2305","21.588501","20.167528","0.804805"
"D:\HAA\dACC revisions\Run 4\Br6471_dACC_20x_img_021-MaxIP-Stitched_unmixed_rotated.nd2","Layer 1","dACC_v17_ FISH-IF v2.4.4","875","3145","3170","5175","5203","0","0","0","1","1","1","1727.2251","0","330.4966","10","20.345665","2","40343.062","1969.5146","0","0","0","0","0","1","0.782526","0","549.1949","701.82355","0","0","0","0","0","101.36008","74.98437","26.375715","23.171202","0.760095"
"D:\HAA\dACC revisions\Run 4\Br6471_dACC_20x_img_021-MaxIP-Stitched_unmixed_rotated.nd2","Layer 1","dACC_v17_ FISH-IF v2.4.4","876","3260","3279","5186","5205","0","0","0","0","1","1","942.0933","0","142.59538","0","0","0","0","0","0","0","0","0","0","0","0","0","0","0","0","0","0","0","0","54.68473","47.780094","6.904638","11.156505","0.842518"
"D:\HAA\dACC revisions\Run 4\Br6471_dACC_20x_img_021-MaxIP-Stitched_unmixed_rotated.nd2","Layer 1","dACC_v17_ FISH-IF v2.4.4","877","3364","3395","5222","5261","0","0","0","0","1","1","1101.063","0","275.73492","0","0","0","0","0","0","0","0","0","0","0","0","0","0","0","0","0","0","0","0","171.87944","106.101265","65.77818","37.76048","0.749059"
"D:\HAA\dACC revisions\Run 4\Br6471_dACC_20x_img_021-MaxIP-Stitched_unmixed_rotated.nd2","Layer 1","dACC_v17_ FISH-IF v2.4.4","878","3149","3171","5241","5274","0","0","0","1","1","1","972.35223","0","195.65358","6","19.747263","1","35800.223","1812.9208","0","0","0","0","0","0","0","0","0","0","0","0","0","0","0","108.49487","80.922356","27.57252","25.316685","0.653309"
"D:\HAA\dACC revisions\Run 4\Br6471_dACC_20x_img_021-MaxIP-Stitched_unmixed_rotated.nd2","Layer 1","dACC_v17_ FISH-IF v2.4.4","879","3058","3086","5242","5277","0","0","0","0","1","1","1546.0123","0","297.50836","0","0","0","0","0","1","0.368247","0","216.94371","589.125","0","0","0","0","0","0","0","0","0","0","142.0514","93.71895","48.332462","31.75313","0.766558"
"D:\HAA\dACC revisions\Run 4\Br6471_dACC_20x_img_021-MaxIP-Stitched_unmixed_rotated.nd2","Layer 1","dACC_v17_ FISH-IF v2.4.4","880","3339","3367","5268","5297","0","0","0","0","1","1","1990.6744","0","318.64633","0","0","0","0","0","0","0","0","0","0","1","0.828557","0","561.8994","678.1667","0","0","0","0","0","120.37085","83.03977","37.331074","27.462166","0.861596"
"D:\HAA\dACC revisions\Run 4\Br6471_dACC_20x_img_021-MaxIP-Stitched_unmixed_rotated.nd2","Layer 1","dACC_v17_ FISH-IF v2.4.4","881","3243","3269","5272","5304","0","0","0","0","1","1","1868.9797","0","336.6272","0","0","0","0","0","0","0","0","0","0","0","0","0","0","0","0","0","0","0","0","120.32482","83.960396","36.364426","27.891262","0.768004"
"D:\HAA\dACC revisions\Run 4\Br6471_dACC_20x_img_021-MaxIP-Stitched_unmixed_rotated.nd2","Layer 1","dACC_v17_ FISH-IF v2.4.4","882","3175","3219","5309","5347","1","0","0","0","1","1","764.3846","0","209.47646","0","0","0","0","0","5","2.715824","1","1899.3738","644.7344","0","0","0","0","0","0","0","0","0","0","229.97046","126.07868","103.89178","48.058792","0.783698"
"D:\HAA\dACC revisions\Run 4\Br6471_dACC_20x_img_021-MaxIP-Stitched_unmixed_rotated.nd2","Layer 1","dACC_v17_ FISH-IF v2.4.4","883","3429","3457","5314","5343","0","0","0","0","1","1","1806.8544","0","274.53543","0","0","0","0","0","0","0","0","0","0","0","0","0","0","0","0","0","0","0","0","102.09657","58.459267","43.63731","29.607647","0.896656"
"D:\HAA\dACC revisions\Run 4\Br6471_dACC_20x_img_021-MaxIP-Stitched_unmixed_rotated.nd2","Layer 1","dACC_v17_ FISH-IF v2.4.4","884","3292","3311","5317","5340","0","0","0","0","1","1","479.41827","0","134.98735","1","4.833246","0","5639.0176","1166.7142","0","0","0","0","0","0","0","0","0","0","0","0","0","0","0","64.1671","54.592667","9.57443","13.731083","0.72253"
"D:\HAA\dACC revisions\Run 4\Br6471_dACC_20x_img_021-MaxIP-Stitched_unmixed_rotated.nd2","Layer 1","dACC_v17_ FISH-IF v2.4.4","885","6120","6159","4132","4162","0","0","0","0","1","1","1284.8857","0","273.05228","0","0","0","0","0","2","2.071391","0","1601.1854","773","0","0","0","0","0","0","0","0","0","0","168.5192","105.64095","62.878235","36.902287","0.695175"
"D:\HAA\dACC revisions\Run 4\Br6471_dACC_20x_img_021-MaxIP-Stitched_unmixed_rotated.nd2","Layer 1","dACC_v17_ FISH-IF v2.4.4","886","5961","5982","4145","4165","0","0","0","0","1","1","2205.3384","0","243.79388","0","0","0","0","0","0","0","0","0","0","0","0","0","0","0","0","0","0","0","0","61.819523","52.705402","9.114121","12.658342","0.832861"
"D:\HAA\dACC revisions\Run 4\Br6471_dACC_20x_img_021-MaxIP-Stitched_unmixed_rotated.nd2","Layer 1","dACC_v17_ FISH-IF v2.4.4","887","6051","6090","4151","4182","1","0","0","1","1","1","1315.0623","0","251.3214","4","11.599792","1","20033.484","1727.0555","9","11.829946","1","10268.531","851.4466","3","2.715824","0","1834.332","675.4237","1","0.50634","0","216.7596","428.0909","175.05557","104.12193","70.93365","38.189575","0.715185"
"D:\HAA\dACC revisions\Run 4\Br6471_dACC_20x_img_021-MaxIP-Stitched_unmixed_rotated.nd2","Layer 1","dACC_v17_ FISH-IF v2.4.4","888","5876","5905","4160","4187","0","0","0","0","1","1","2443.579","0","359.54385","1","5.845926","0","6229.3643","1065.5906","0","0","0","0","0","0","0","0","0","0","0","0","0","0","0","118.85183","81.33663","37.515198","26.603973","0.893993"
"D:\HAA\dACC revisions\Run 4\Br6471_dACC_20x_img_021-MaxIP-Stitched_unmixed_rotated.nd2","Layer 1","dACC_v17_ FISH-IF v2.4.4","889","5904","5931","4166","4189","0","0","0","0","1","1","2908.6733","0","366.16776","0","0","0","0","0","0","0","0","0","0","0","0","0","0","0","0","0","0","0","0","93.07452","69.966995","23.107521","21.454817","0.785173"
"D:\HAA\dACC revisions\Run 4\Br6471_dACC_20x_img_021-MaxIP-Stitched_unmixed_rotated.nd2","Layer 1","dACC_v17_ FISH-IF v2.4.4","890","6218","6250","4166","4196","1","0","0","0","1","1","1281.6274","0","356.0744","0","0","0","0","0","9","11.047421","1","12001.779","1086.3875","2","2.899948","0","2186.2385","753.8889","2","1.979329","0","1034.637","468.27084","146.28625","90.31266","55.973595","33.040417","0.831207"
"D:\HAA\dACC revisions\Run 4\Br6471_dACC_20x_img_021-MaxIP-Stitched_unmixed_rotated.nd2","Layer 1","dACC_v17_ FISH-IF v2.4.4","891","6068","6101","4171","4207","0","0","0","0","1","1","1411.2405","0","264.08084","1","0.966649","0","798.9126","826.4762","0","0","0","0","0","0","0","0","0","0","0","0","0","0","0","166.63193","100.209305","66.422615","37.331383","0.787637"
"D:\HAA\dACC revisions\Run 4\Br6471_dACC_20x_img_021-MaxIP-Stitched_unmixed_rotated.nd2","Layer 1","dACC_v17_ FISH-IF v2.4.4","892","6148","6181","4180","4209","1","0","0","0","1","1","1454.8389","0","263.20752","0","0","0","0","0","5","9.436338","1","9291.801","984.6829","2","1.51902","0","1071.7839","705.57574","0","0","0","0","0","129.76115","88.057144","41.70401","30.251291","0.798937"
"D:\HAA\dACC revisions\Run 4\Br6471_dACC_20x_img_021-MaxIP-Stitched_unmixed_rotated.nd2","Layer 1","dACC_v17_ FISH-IF v2.4.4","893","5908","5946","4198","4235","0","0","0","0","1","1","1082.2374","0","308.31674","0","0","0","0","0","0","0","0","0","0","0","0","0","0","0","0","0","0","0","0","201.75351","117.42487","84.32864","42.695087","0.795854"
"D:\HAA\dACC revisions\Run 4\Br6471_dACC_20x_img_021-MaxIP-Stitched_unmixed_rotated.nd2","Layer 1","dACC_v17_ FISH-IF v2.4.4","894","5853","5867","4241","4257","0","0","0","0","1","1","1213.7307","0","256.8416","0","0","0","0","0","0","0","0","0","0","0","0","0","0","0","0","0","0","0","0","32.912106","30.518497","2.393608","6.436445","0.706286"
"D:\HAA\dACC revisions\Run 4\Br6471_dACC_20x_img_021-MaxIP-Stitched_unmixed_rotated.nd2","Layer 1","dACC_v17_ FISH-IF v2.4.4","895","6172","6200","4244","4271","0","0","0","0","1","1","2497.5476","0","310.62155","0","0","0","0","0","0","0","0","0","0","0","0","0","0","0","0","0","0","0","0","109.645645","78.20653","31.439117","25.316685","0.842221"
"D:\HAA\dACC revisions\Run 4\Br6471_dACC_20x_img_021-MaxIP-Stitched_unmixed_rotated.nd2","Layer 1","dACC_v17_ FISH-IF v2.4.4","896","5857","5883","4263","4294","0","0","0","1","1","1","2154.1106","0","527.9817","8","24.304325","1","32767.016","1348.197","0","0","0","0","0","1","1.104742","0","868.18915","785.875","0","0","0","0","0","117.79312","82.85565","34.937466","26.603973","0.773961"
"D:\HAA\dACC revisions\Run 4\Br6471_dACC_20x_img_021-MaxIP-Stitched_unmixed_rotated.nd2","Layer 1","dACC_v17_ FISH-IF v2.4.4","897","6227","6256","4263","4288","0","0","0","0","1","1","2297.8027","0","339.24374","0","0","0","0","0","0","0","0","0","0","0","0","0","0","0","0","0","0","0","0","102.60291","71.57808","31.024837","24.458492","0.84412"
"D:\HAA\dACC revisions\Run 4\Br6471_dACC_20x_img_021-MaxIP-Stitched_unmixed_rotated.nd2","Layer 1","dACC_v17_ FISH-IF v2.4.4","898","6211","6233","4272","4291","0","0","0","0","1","1","1273.4445","0","275.99353","0","0","0","0","0","0","0","0","0","0","0","0","0","0","0","0","0","0","0","0","60.576687","49.805454","10.771235","14.589275","0.739871"
"D:\HAA\dACC revisions\Run 4\Br6471_dACC_20x_img_021-MaxIP-Stitched_unmixed_rotated.nd2","Layer 1","dACC_v17_ FISH-IF v2.4.4","899","6217","6235","4291","4306","0","0","0","0","1","1","759.1579","0","230.9825","0","0","0","0","0","0","0","0","0","0","0","0","0","0","0","0","0","0","0","0","39.448498","36.824734","2.623762","6.865541","0.737384"
"D:\HAA\dACC revisions\Run 4\Br6471_dACC_20x_img_021-MaxIP-Stitched_unmixed_rotated.nd2","Layer 1","dACC_v17_ FISH-IF v2.4.4","900","5875","5903","4291","4320","0","0","0","0","1","1","1367.3087","0","246.92677","1","2.255515","0","1935.2778","858.0204","0","0","0","0","0","0","0","0","0","0","0","0","0","0","0","116.043945","82.34931","33.694633","26.603973","0.779347"
"D:\HAA\dACC revisions\Run 4\Br6471_dACC_20x_img_021-MaxIP-Stitched_unmixed_rotated.nd2","Layer 1","dACC_v17_ FISH-IF v2.4.4","901","6130","6158","4297","4322","0","0","0","0","1","1","921.0637","0","214.42378","0","0","0","0","0","0","0","0","0","0","0","0","0","0","0","0","0","0","0","0","95.8824","72.77488","23.107521","23.171202","0.714539"
"D:\HAA\dACC revisions\Run 4\Br6471_dACC_20x_img_021-MaxIP-Stitched_unmixed_rotated.nd2","Layer 1","dACC_v17_ FISH-IF v2.4.4","902","6187","6217","4299","4328","0","0","0","0","1","1","2389.9812","0","304.3207","0","0","0","0","0","0","0","0","0","0","0","0","0","0","0","0","0","0","0","0","123.04064","83.960396","39.08025","27.891262","0.891208"
"D:\HAA\dACC revisions\Run 4\Br6471_dACC_20x_img_021-MaxIP-Stitched_unmixed_rotated.nd2","Layer 1","dACC_v17_ FISH-IF v2.4.4","903","5863","5898","4333","4366","1","0","0","0","1","1","1705.3192","0","251.94565","0","0","0","0","0","8","17.169533","1","16815.555","979.38336","1","1.565051","0","981.2871","627","1","0.920618","0","439.68732","477.6","163.63991","101.63627","62.003647","35.1859","0.821096"
"D:\HAA\dACC revisions\Run 4\Br6471_dACC_20x_img_021-MaxIP-Stitched_unmixed_rotated.nd2","Layer 1","dACC_v17_ FISH-IF v2.4.4","904","6062","6083","4349","4369","0","0","0","0","1","1","1609.7877","0","266.44595","0","0","0","0","0","0","0","0","0","0","0","0","0","0","0","0","0","0","0","0","59.33385","51.09432","8.239534","12.014698","0.860935"
"D:\HAA\dACC revisions\Run 4\Br6471_dACC_20x_img_021-MaxIP-Stitched_unmixed_rotated.nd2","Layer 1","dACC_v17_ FISH-IF v2.4.4","905","5861","5891","4369","4402","0","0","0","0","1","1","1294.5204","0","256.5","0","0","0","0","0","0","0","0","0","0","0","0","0","0","0","0","0","0","0","0","155.86069","90.404724","65.45596","36.902287","0.783808"
"D:\HAA\dACC revisions\Run 4\Br6471_dACC_20x_img_021-MaxIP-Stitched_unmixed_rotated.nd2","Layer 1","dACC_v17_ FISH-IF v2.4.4","906","5917","5934","4374","4393","0","0","0","0","1","1","1137.5271","0","270.92886","0","0","0","0","0","0","0","0","0","0","0","0","0","0","0","0","0","0","0","0","57.63071","33.00417","24.626541","20.167528","0.80929"
"D:\HAA\dACC revisions\Run 4\Br6471_dACC_20x_img_021-MaxIP-Stitched_unmixed_rotated.nd2","Layer 1","dACC_v17_ FISH-IF v2.4.4","907","5935","5950","4375","4395","0","0","0","0","1","1","1355.8693","0","379.49704","0","0","0","0","0","0","0","0","0","0","0","0","0","0","0","0","0","0","0","0","37.423138","23.337675","14.085461","16.30566","0.733485"
"D:\HAA\dACC revisions\Run 4\Br6471_dACC_20x_img_021-MaxIP-Stitched_unmixed_rotated.nd2","Layer 1","dACC_v17_ FISH-IF v2.4.4","908","5902","5916","4377","4392","0","0","0","0","1","1","440.4203","0","162.66418","0","0","0","0","0","0","0","0","0","0","0","0","0","0","0","0","0","0","0","0","34.01685","30.840715","3.176133","7.294638","0.738952"
"D:\HAA\dACC revisions\Run 4\Br6471_dACC_20x_img_021-MaxIP-Stitched_unmixed_rotated.nd2","Layer 1","dACC_v17_ FISH-IF v2.4.4","909","5890","5902","4379","4399","0","0","0","0","1","1","1433.56","0","190.24681","0","0","0","0","0","0","0","0","0","0","0","0","0","0","0","0","0","0","0","0","35.812054","28.907415","6.904638","10.727408","0.810857"
"D:\HAA\dACC revisions\Run 4\Br6471_dACC_20x_img_021-MaxIP-Stitched_unmixed_rotated.nd2","Layer 1","dACC_v17_ FISH-IF v2.4.4","910","5953","5976","4381","4405","0","0","0","0","1","1","2319.306","0","317.99908","0","0","0","0","0","0","0","0","0","0","0","0","0","0","0","0","0","0","0","0","73.189156","50.1737","23.01546","22.527557","0.784202"
"D:\HAA\dACC revisions\Run 4\Br6471_dACC_20x_img_021-MaxIP-Stitched_unmixed_rotated.nd2","Layer 1","dACC_v17_ FISH-IF v2.4.4","911","5936","5961","4386","4412","0","0","0","0","1","1","1946.6042","0","573.60675","0","0","0","0","0","0","0","0","0","0","0","0","0","0","0","0","0","0","0","0","74.80024","38.15963","36.64061","29.17855","0.749983"
"D:\HAA\dACC revisions\Run 4\Br6471_dACC_20x_img_021-MaxIP-Stitched_unmixed_rotated.nd2","Layer 1","dACC_v17_ FISH-IF v2.4.4","912","5902","5918","4391","4412","0","0","0","0","1","1","599.5728","0","174.17241","0","0","0","0","0","0","0","0","0","0","0","0","0","0","0","0","0","0","0","0","56.20375","46.721382","9.482369","14.803823","0.589375"
"D:\HAA\dACC revisions\Run 4\Br6471_dACC_20x_img_021-MaxIP-Stitched_unmixed_rotated.nd2","Layer 1","dACC_v17_ FISH-IF v2.4.4","913","5918","5936","4394","4410","0","0","0","0","1","1","1073.0763","0","555.3847","0","0","0","0","0","0","0","0","0","0","0","0","0","0","0","0","0","0","0","0","49.437206","30.748653","18.688553","17.59295","0.792168"
"D:\HAA\dACC revisions\Run 4\Br6471_dACC_20x_img_021-MaxIP-Stitched_unmixed_rotated.nd2","Layer 1","dACC_v17_ FISH-IF v2.4.4","914","6053","6076","4394","4416","0","0","0","0","1","1","1898.4191","0","254.17139","0","0","0","0","0","0","0","0","0","0","0","0","0","0","0","0","0","0","0","0","71.62411","58.551327","13.072781","15.662017","0.843664"
"D:\HAA\dACC revisions\Run 4\Br6471_dACC_20x_img_021-MaxIP-Stitched_unmixed_rotated.nd2","Layer 1","dACC_v17_ FISH-IF v2.4.4","915","5859","5874","4402","4415","0","0","0","0","1","1","1330.2632","0","480.6061","0","0","0","0","0","0","0","0","0","0","0","0","0","0","0","0","0","0","0","0","29.505817","28.631231","0.874587","3.432771","0.825936"
"D:\HAA\dACC revisions\Run 4\Br6471_dACC_20x_img_021-MaxIP-Stitched_unmixed_rotated.nd2","Layer 1","dACC_v17_ FISH-IF v2.4.4","916","6189","6222","4406","4438","0","0","0","0","1","1","1641.6385","0","281.14212","0","0","0","0","0","0","0","0","0","0","0","0","0","0","0","0","0","0","0","0","153.83533","97.171265","56.66406","33.89861","0.84667"
"D:\HAA\dACC revisions\Run 4\Br6471_dACC_20x_img_021-MaxIP-Stitched_unmixed_rotated.nd2","Layer 1","dACC_v17_ FISH-IF v2.4.4","917","5920","5951","4408","4436","0","0","0","0","1","1","2267.5461","0","353.31552","0","0","0","0","0","0","0","0","0","0","0","0","0","0","0","0","0","0","0","0","127.78183","81.84297","45.938854","29.17855","0.879984"
"D:\HAA\dACC revisions\Run 4\Br6471_dACC_20x_img_021-MaxIP-Stitched_unmixed_rotated.nd2","Layer 1","dACC_v17_ FISH-IF v2.4.4","918","5879","5901","4408","4434","0","0","0","0","1","1","1078.1632","0","423.66196","0","0","0","0","0","0","0","0","0","0","0","0","0","0","0","0","0","0","0","0","85.525444","65.22581","20.299635","19.738432","0.774857"
"D:\HAA\dACC revisions\Run 4\Br6471_dACC_20x_img_021-MaxIP-Stitched_unmixed_rotated.nd2","Layer 1","dACC_v17_ FISH-IF v2.4.4","919","5855","5882","4415","4442","0","0","0","0","1","1","2860.7432","0","571.2921","0","0","0","0","0","0","0","0","0","0","0","0","0","0","0","0","0","0","0","0","107.3441","73.28122","34.062878","25.74578","0.883182"
"D:\HAA\dACC revisions\Run 4\Br6471_dACC_20x_img_021-MaxIP-Stitched_unmixed_rotated.nd2","Layer 1","dACC_v17_ FISH-IF v2.4.4","920","5996","6014","4420","4439","0","0","0","0","1","1","400.34744","0","122.469406","0","0","0","0","0","0","0","0","0","0","0","0","0","0","0","0","0","0","0","0","51.324474","45.892826","5.431648","9.869216","0.816752"
"D:\HAA\dACC revisions\Run 4\Br6471_dACC_20x_img_021-MaxIP-Stitched_unmixed_rotated.nd2","Layer 1","dACC_v17_ FISH-IF v2.4.4","921","6202","6234","4453","4491","0","0","0","0","1","1","1918.9562","0","233.04446","0","0","0","0","0","0","0","0","0","0","0","0","0","0","0","0","0","0","0","0","160.18759","103.52354","56.66406","37.331383","0.685168"
"D:\HAA\dACC revisions\Run 4\Br6471_dACC_20x_img_021-MaxIP-Stitched_unmixed_rotated.nd2","Layer 1","dACC_v17_ FISH-IF v2.4.4","922","5862","5904","4475","4513","1","1","1","0","1","1","1031.4243","0","271.46716","0","0","0","0","0","17","29.689941","3","32375.11","1090.4403","8","7.318916","1","5886.756","804.32074","10","7.687163","2","3603.1162","468.71857","208.05975","120.50894","87.550804","45.913307","0.7634"
"D:\HAA\dACC revisions\Run 4\Br6471_dACC_20x_img_021-MaxIP-Stitched_unmixed_rotated.nd2","Layer 1","dACC_v17_ FISH-IF v2.4.4","923","6209","6228","4497","4516","0","0","0","0","1","1","632.82306","0","127.53824","0","0","0","0","0","0","0","0","0","0","0","0","0","0","0","0","0","0","0","0","52.935555","46.951534","5.984019","10.298312","0.818256"
"D:\HAA\dACC revisions\Run 4\Br6471_dACC_20x_img_021-MaxIP-Stitched_unmixed_rotated.nd2","Layer 1","dACC_v17_ FISH-IF v2.4.4","924","4005","4029","4550","4573","0","0","0","0","1","1","1526.1108","0","236.16513","0","0","0","0","0","1","1.104742","0","1013.37067","917.2917","0","0","0","0","0","0","0","0","0","0","82.80962","64.94962","17.859997","18.022047","0.821623"
"D:\HAA\dACC revisions\Run 4\Br6471_dACC_20x_img_021-MaxIP-Stitched_unmixed_rotated.nd2","Layer 1","dACC_v17_ FISH-IF v2.4.4","925","4201","4228","4552","4583","0","0","0","0","1","1","1795.3568","0","328.46497","0","0","0","0","0","0","0","0","0","0","0","0","0","0","0","0","0","0","0","0","123.316826","84.74292","38.57391","27.03307","0.814404"
"D:\HAA\dACC revisions\Run 4\Br6471_dACC_20x_img_021-MaxIP-Stitched_unmixed_rotated.nd2","Layer 1","dACC_v17_ FISH-IF v2.4.4","926","4166","4192","4594","4614","0","1","0","0","1","1","608.96814","0","129.79947","0","0","0","0","0","0","0","0","0","0","7","6.306236","1","6328.054","1003.45984","0","0","0","0","0","71.34792","52.567307","18.780615","22.527557","0.630624"
"D:\HAA\dACC revisions\Run 4\Br6471_dACC_20x_img_021-MaxIP-Stitched_unmixed_rotated.nd2","Layer 1","dACC_v17_ FISH-IF v2.4.4","927","4164","4186","4612","4634","0","1","0","0","1","1","616.651","0","74.8137","0","0","0","0","0","0","0","0","0","0","16","15.098141","3","16886.994","1118.4817","0","0","0","0","0","69.00034","50.403854","18.59649","19.094788","0.715668"
"D:\HAA\dACC revisions\Run 4\Br6471_dACC_20x_img_021-MaxIP-Stitched_unmixed_rotated.nd2","Layer 1","dACC_v17_ FISH-IF v2.4.4","928","4082","4109","4620","4645","0","0","0","0","1","1","438.17126","0","192.525","0","0","0","0","0","3","1.795206","0","1515.522","671.9184","1","0.50634","0","445.25708","644.86664","1","1.242835","0","580.86414","467.37036","97.03317","73.64947","23.383705","22.31301","0.712344"
"D:\HAA\dACC revisions\Run 4\Br6471_dACC_20x_img_021-MaxIP-Stitched_unmixed_rotated.nd2","Layer 1","dACC_v17_ FISH-IF v2.4.4","929","4066","4084","4645","4674","0","0","0","0","1","1","2154.1409","0","505.04974","0","0","0","0","0","1","0.690464","0","452.25375","655","0","0","0","0","0","0","0","0","0","0","83.54611","51.830814","31.715302","24.029396","0.771387"
"D:\HAA\dACC revisions\Run 4\Br6471_dACC_20x_img_021-MaxIP-Stitched_unmixed_rotated.nd2","Layer 1","dACC_v17_ FISH-IF v2.4.4","930","4085","4105","4645","4674","0","0","0","0","1","1","1875.9541","0","342.0376","0","0","0","0","0","0","0","0","0","0","1","1.01268","0","629.9331","622.0455","0","0","0","0","0","94.40941","56.29581","38.113598","26.174877","0.773358"
"D:\HAA\dACC revisions\Run 4\Br6471_dACC_20x_img_021-MaxIP-Stitched_unmixed_rotated.nd2","Layer 1","dACC_v17_ FISH-IF v2.4.4","931","3969","3997","4656","4691","0","0","1","0","1","1","511.58008","0","125.49301","0","0","0","0","0","0","0","0","0","0","2","1.887268","0","1224.0082","648.561","4","8.837936","1","4705.879","532.46356","128.74847","92.24596","36.502518","32.182224","0.604141"
"D:\HAA\dACC revisions\Run 4\Br6471_dACC_20x_img_021-MaxIP-Stitched_unmixed_rotated.nd2","Layer 1","dACC_v17_ FISH-IF v2.4.4","932","4083","4107","4693","4718","0","0","0","0","1","1","1826.9882","0","298.65842","0","0","0","0","0","0","0","0","0","0","0","0","0","0","0","0","0","0","0","0","86.30797","66.83689","19.471079","19.309336","0.811756"
"D:\HAA\dACC revisions\Run 4\Br6471_dACC_20x_img_021-MaxIP-Stitched_unmixed_rotated.nd2","Layer 1","dACC_v17_ FISH-IF v2.4.4","933","3969","4002","4710","4737","0","0","0","1","1","1","1537.5681","0","290.2794","4","11.50773","1","17384.818","1510.708","0","0","0","0","0","0","0","0","0","0","0","0","0","0","0","132.01668","90.45075","41.565918","30.036743","0.719656"
"D:\HAA\dACC revisions\Run 4\Br6471_dACC_20x_img_021-MaxIP-Stitched_unmixed_rotated.nd2","Layer 1","dACC_v17_ FISH-IF v2.4.4","934","4092","4129","4718","4746","0","0","0","0","1","1","2046.9812","0","339.82056","0","0","0","0","0","0","0","0","0","0","0","0","0","0","0","0","0","0","0","0","156.41306","102.60291","53.810143","35.1859","0.719904"
"D:\HAA\dACC revisions\Run 4\Br6471_dACC_20x_img_021-MaxIP-Stitched_unmixed_rotated.nd2","Layer 1","dACC_v17_ FISH-IF v2.4.4","935","4171","4197","4768","4803","0","0","0","0","1","1","426.12485","0","132.57378","0","0","0","0","0","1","1.058711","0","722.40924","682.34784","0","0","0","0","0","0","0","0","0","0","128.97864","89.530136","39.448498","30.036743","0.671992"
"D:\HAA\dACC revisions\Run 4\Br6471_dACC_20x_img_021-MaxIP-Stitched_unmixed_rotated.nd2","Layer 1","dACC_v17_ FISH-IF v2.4.4","936","3997","4028","4795","4822","0","0","0","0","1","1","2405.3147","0","433.96777","0","0","0","0","0","0","0","0","0","0","0","0","0","0","0","0","0","0","0","0","124.329506","85.70957","38.619938","27.462166","0.79853"
"D:\HAA\dACC revisions\Run 4\Br6471_dACC_20x_img_021-MaxIP-Stitched_unmixed_rotated.nd2","Layer 1","dACC_v17_ FISH-IF v2.4.4","937","3888","3916","4809","4841","0","0","0","1","1","1","1273.3888","0","250.52101","8","20.529789","1","38210.312","1861.213","0","0","0","0","0","0","0","0","0","0","0","0","0","0","0","123.08667","85.43338","37.65329","28.749454","0.816437"
"D:\HAA\dACC revisions\Run 4\Br6471_dACC_20x_img_021-MaxIP-Stitched_unmixed_rotated.nd2","Layer 1","dACC_v17_ FISH-IF v2.4.4","938","4149","4169","4812","4835","0","0","0","0","1","1","1047.3884","0","174.88934","0","0","0","0","0","0","0","0","0","0","0","0","0","0","0","0","0","0","0","0","67.2972","56.15772","11.139482","14.160179","0.826045"
"D:\HAA\dACC revisions\Run 4\Br6471_dACC_20x_img_021-MaxIP-Stitched_unmixed_rotated.nd2","Layer 1","dACC_v17_ FISH-IF v2.4.4","939","4212","4242","4825","4847","0","0","0","0","1","1","1117.9402","0","337.63858","0","0","0","0","0","0","0","0","0","0","0","0","0","0","0","0","0","0","0","0","86.12385","62.27983","23.844015","23.600298","0.633384"
"D:\HAA\dACC revisions\Run 4\Br6471_dACC_20x_img_021-MaxIP-Stitched_unmixed_rotated.nd2","Layer 1","dACC_v17_ FISH-IF v2.4.4","940","4201","4231","4839","4867","0","0","0","0","1","1","1830.8009","0","450.37064","0","0","0","0","0","0","0","0","0","0","0","0","0","0","0","0","0","0","0","0","115.85982","74.017715","41.842106","31.967678","0.667016"
"D:\HAA\dACC revisions\Run 4\Br6471_dACC_20x_img_021-MaxIP-Stitched_unmixed_rotated.nd2","Layer 1","dACC_v17_ FISH-IF v2.4.4","941","4137","4159","4842","4861","0","0","0","0","1","1","1246.0292","0","187.2956","0","0","0","0","0","0","0","0","0","0","0","0","0","0","0","0","0","0","0","0","62.74014","53.25777","9.482369","13.301987","0.829953"
"D:\HAA\dACC revisions\Run 4\Br6471_dACC_20x_img_021-MaxIP-Stitched_unmixed_rotated.nd2","Layer 1","dACC_v17_ FISH-IF v2.4.4","942","3967","4003","4844","4885","0","0","0","0","1","1","944.3449","0","237.4694","0","0","0","0","0","0","0","0","0","0","0","0","0","0","0","0","0","0","0","0","203.73283","117.37884","86.354004","42.909634","0.803265"
"D:\HAA\dACC revisions\Run 4\Br6471_dACC_20x_img_021-MaxIP-Stitched_unmixed_rotated.nd2","Layer 1","dACC_v17_ FISH-IF v2.4.4","943","3875","3896","4849","4871","0","0","0","0","1","1","730.2985","0","161.33589","1","1.703144","0","1256.3218","737.6486","0","0","0","0","0","0","0","0","0","0","0","0","0","0","0","63.384575","54.13236","9.252214","13.731083","0.704432"
"D:\HAA\dACC revisions\Run 4\Br6471_dACC_20x_img_021-MaxIP-Stitched_unmixed_rotated.nd2","Layer 1","dACC_v17_ FISH-IF v2.4.4","944","4047","4086","4858","4903","0","1","1","0","1","1","434.14948","0","144.60745","0","0","0","0","0","0","0","0","0","0","10","8.929998","2","8136.333","875.0396","6","6.352267","1","3441.2253","541.7319","207.04707","108.817085","98.22998","54.92433","0.695634"
"D:\HAA\dACC revisions\Run 4\Br6471_dACC_20x_img_021-MaxIP-Stitched_unmixed_rotated.nd2","Layer 1","dACC_v17_ FISH-IF v2.4.4","945","4009","4030","4864","4885","0","0","0","0","1","1","608.3717","0","165.55345","0","0","0","0","0","0","0","0","0","0","0","0","0","0","0","0","0","0","0","0","62.18777","53.395863","8.791905","13.087439","0.720878"
"D:\HAA\dACC revisions\Run 4\Br6471_dACC_20x_img_021-MaxIP-Stitched_unmixed_rotated.nd2","Layer 1","dACC_v17_ FISH-IF v2.4.4","946","4042","4060","4877","4904","0","0","1","0","1","1","466.3662","0","173.9424","0","0","0","0","0","0","0","0","0","0","2","2.071391","0","1746.3209","702.55554","6","11.783915","1","6941.094","589.03125","66.606735","42.348446","24.258293","23.814846","0.693367"
"D:\HAA\dACC revisions\Run 4\Br6471_dACC_20x_img_021-MaxIP-Stitched_unmixed_rotated.nd2","Layer 1","dACC_v17_ FISH-IF v2.4.4","947","4220","4248","4879","4910","0","0","0","0","1","1","1362.1185","0","255.66759","0","0","0","0","0","0","0","0","0","0","0","0","0","0","0","0","0","0","0","0","119.35817","83.2239","36.13427","27.891262","0.79081"
"D:\HAA\dACC revisions\Run 4\Br6471_dACC_20x_img_021-MaxIP-Stitched_unmixed_rotated.nd2","Layer 1","dACC_v17_ FISH-IF v2.4.4","948","3856","3883","4896","4926","0","0","0","0","1","1","2022.3037","0","314.65274","0","0","0","0","0","0","0","0","0","0","0","0","0","0","0","0","0","0","0","0","123.639046","84.834984","38.80406","27.03307","0.851735"
"D:\HAA\dACC revisions\Run 4\Br6471_dACC_20x_img_021-MaxIP-Stitched_unmixed_rotated.nd2","Layer 1","dACC_v17_ FISH-IF v2.4.4","949","4162","4187","4911","4940","0","0","0","0","1","1","1751.6101","0","248.66031","0","0","0","0","0","0","0","0","0","0","0","0","0","0","0","0","0","0","0","0","101.12993","74.80024","26.329685","23.171202","0.770145"
"D:\HAA\dACC revisions\Run 4\Br6471_dACC_20x_img_021-MaxIP-Stitched_unmixed_rotated.nd2","Layer 1","dACC_v17_ FISH-IF v2.4.4","950","7877","7904","5346","5377","0","0","0","0","1","1","1506.0576","0","308.79166","0","0","0","0","0","0","0","0","0","0","0","0","0","0","0","0","0","0","0","0","118.02327","82.85565","35.16762","26.603973","0.765933"
"D:\HAA\dACC revisions\Run 4\Br6471_dACC_20x_img_021-MaxIP-Stitched_unmixed_rotated.nd2","Layer 1","dACC_v17_ FISH-IF v2.4.4","951","7974","7998","5354","5388","0","0","0","0","1","1","1247.1857","0","260.66702","0","0","0","0","0","0","0","0","0","0","0","0","0","0","0","0","0","0","0","0","118.94389","86.9524","31.991488","27.891262","0.635358"
"D:\HAA\dACC revisions\Run 4\Br6471_dACC_20x_img_021-MaxIP-Stitched_unmixed_rotated.nd2","Layer 1","dACC_v17_ FISH-IF v2.4.4","952","7944","7967","5355","5384","0","0","0","0","1","1","2192.879","0","354.89062","0","0","0","0","0","0","0","0","0","0","0","0","0","0","0","0","0","0","0","0","97.171265","73.23519","23.936077","22.31301","0.730382"
"D:\HAA\dACC revisions\Run 4\Br6471_dACC_20x_img_021-MaxIP-Stitched_unmixed_rotated.nd2","Layer 1","dACC_v17_ FISH-IF v2.4.4","953","7907","7936","5358","5386","0","0","0","0","1","1","1665.4613","0","343.91846","0","0","0","0","0","0","0","0","0","0","0","0","0","0","0","0","0","0","0","0","121.65971","83.54611","38.113598","27.03307","0.872313"
"D:\HAA\dACC revisions\Run 4\Br6471_dACC_20x_img_021-MaxIP-Stitched_unmixed_rotated.nd2","Layer 1","dACC_v17_ FISH-IF v2.4.4","954","7889","7916","5383","5410","0","0","0","0","1","1","1705.8054","0","353.81125","0","0","0","0","0","0","0","0","0","0","0","0","0","0","0","0","0","0","0","0","103.29338","76.0891","27.204271","24.458492","0.756369"
"D:\HAA\dACC revisions\Run 4\Br6471_dACC_20x_img_021-MaxIP-Stitched_unmixed_rotated.nd2","Layer 1","dACC_v17_ FISH-IF v2.4.4","955","7880","7902","5410","5443","0","0","0","0","1","1","1860.9075","0","328.03137","0","0","0","0","0","0","0","0","0","0","0","0","0","0","0","0","0","0","0","0","112.499565","83.638176","28.861385","25.74578","0.630773"
"D:\HAA\dACC revisions\Run 4\Br6471_dACC_20x_img_021-MaxIP-Stitched_unmixed_rotated.nd2","Layer 1","dACC_v17_ FISH-IF v2.4.4","956","7938","7966","5434","5463","0","0","0","0","1","1","1632.042","0","306.20255","0","0","0","0","0","0","0","0","0","0","0","0","0","0","0","0","0","0","0","0","122.02796","83.638176","38.389786","27.03307","0.871601"
"D:\HAA\dACC revisions\Run 4\Br6471_dACC_20x_img_021-MaxIP-Stitched_unmixed_rotated.nd2","Layer 1","dACC_v17_ FISH-IF v2.4.4","957","7979","8007","5465","5497","0","0","0","0","1","1","1547.7145","0","272.02637","0","0","0","0","0","0","0","0","0","0","0","0","0","0","0","0","0","0","0","0","129.71512","87.32065","42.394474","29.607647","0.814189"
"D:\HAA\dACC revisions\Run 4\Br6471_dACC_20x_img_021-MaxIP-Stitched_unmixed_rotated.nd2","Layer 1","dACC_v17_ FISH-IF v2.4.4","958","7870","7893","5470","5493","0","0","0","0","1","1","1014.295","0","261.3072","1","2.02536","0","2012.0575","993.4318","0","0","0","0","0","0","0","0","0","0","0","0","0","0","0","78.98905","63.384575","15.604481","18.022047","0.72263"
"D:\HAA\dACC revisions\Run 4\Br6471_dACC_20x_img_021-MaxIP-Stitched_unmixed_rotated.nd2","Layer 1","dACC_v17_ FISH-IF v2.4.4","959","7942","7966","5477","5505","0","0","0","0","1","1","1699.0122","0","340.42126","0","0","0","0","0","0","0","0","0","0","0","0","0","0","0","0","0","0","0","0","103.20132","69.27653","33.924786","26.818521","0.707308"
"D:\HAA\dACC revisions\Run 4\Br6471_dACC_20x_img_021-MaxIP-Stitched_unmixed_rotated.nd2","Layer 1","dACC_v17_ FISH-IF v2.4.4","960","7988","8007","5496","5516","0","0","0","0","1","1","730.14374","0","189.65735","0","0","0","0","0","0","0","0","0","0","0","0","0","0","0","0","0","0","0","0","56.80215","49.437206","7.364947","11.585601","0.829382"
"D:\HAA\dACC revisions\Run 4\Br6471_dACC_20x_img_021-MaxIP-Stitched_unmixed_rotated.nd2","Layer 1","dACC_v17_ FISH-IF v2.4.4","961","7938","7967","5502","5522","0","0","0","0","1","1","1438.7651","0","323.46027","0","0","0","0","0","0","0","0","0","0","0","0","0","0","0","0","0","0","0","0","81.84297","59.1037","22.739273","22.956654","0.687137"
"D:\HAA\dACC revisions\Run 4\Br6471_dACC_20x_img_021-MaxIP-Stitched_unmixed_rotated.nd2","Layer 1","dACC_v17_ FISH-IF v2.4.4","962","7877","7901","5506","5535","0","0","0","0","1","1","1883.907","0","347.50537","0","0","0","0","0","0","0","0","0","0","0","0","0","0","0","0","0","0","0","0","106.51554","77.33194","29.183601","23.600298","0.805156"
"D:\HAA\dACC revisions\Run 4\Br6471_dACC_20x_img_021-MaxIP-Stitched_unmixed_rotated.nd2","Layer 1","dACC_v17_ FISH-IF v2.4.4","963","7901","7927","5556","5590","0","0","0","0","1","1","1383.5371","0","292.1702","0","0","0","0","0","0","0","0","0","0","0","0","0","0","0","0","0","0","0","0","130.22147","89.25395","40.967518","28.749454","0.746761"
"D:\HAA\dACC revisions\Run 4\Br6471_dACC_20x_img_021-MaxIP-Stitched_unmixed_rotated.nd2","Layer 1","dACC_v17_ FISH-IF v2.4.4","964","7882","7904","5586","5609","0","0","0","0","1","1","1207.1683","0","238.99147","0","0","0","0","0","0","0","0","0","0","0","0","0","0","0","0","0","0","0","0","73.327255","59.379883","13.947368","16.30566","0.880263"
"D:\HAA\dACC revisions\Run 4\Br6471_dACC_20x_img_021-MaxIP-Stitched_unmixed_rotated.nd2","Layer 1","dACC_v17_ FISH-IF v2.4.4","965","7871","7896","5612","5646","0","0","0","0","1","1","1579.801","0","293.46283","0","0","0","0","0","0","0","0","0","0","0","0","0","0","0","0","0","0","0","0","120.83116","85.43338","35.397774","27.462166","0.702481"
"D:\HAA\dACC revisions\Run 4\Br6471_dACC_20x_img_021-MaxIP-Stitched_unmixed_rotated.nd2","Layer 1","dACC_v17_ FISH-IF v2.4.4","966","7983","8009","5629","5657","0","0","0","0","1","1","1674.4536","0","310.26413","0","0","0","0","0","0","0","0","0","0","0","0","0","0","0","0","0","0","0","0","110.01389","78.25256","31.761333","24.887589","0.868094"
"D:\HAA\dACC revisions\Run 4\Br6471_dACC_20x_img_021-MaxIP-Stitched_unmixed_rotated.nd2","Layer 1","dACC_v17_ FISH-IF v2.4.4","967","7949","7975","5656","5686","0","0","0","0","1","1","1500.91","0","348.25763","0","0","0","0","0","0","0","0","0","0","0","0","0","0","0","0","0","0","0","0","112.77575","80.04777","32.72798","25.74578","0.803975"
"D:\HAA\dACC revisions\Run 4\Br6471_dACC_20x_img_021-MaxIP-Stitched_unmixed_rotated.nd2","Layer 1","dACC_v17_ FISH-IF v2.4.4","968","7979","8004","5679","5706","0","0","0","0","1","1","1913.3507","0","301.6","0","0","0","0","0","0","0","0","0","0","0","0","0","0","0","0","0","0","0","0","99.93312","73.41931","26.51381","22.31301","0.850244"
"D:\HAA\dACC revisions\Run 4\Br6471_dACC_20x_img_021-MaxIP-Stitched_unmixed_rotated.nd2","Layer 1","dACC_v17_ FISH-IF v2.4.4","969","7929","7950","5694","5726","0","0","0","0","1","1","1056.3978","0","274.73303","0","0","0","0","0","0","0","0","0","0","0","0","0","0","0","0","0","0","0","0","100.9458","71.20983","29.735973","25.316685","0.686534"
"D:\HAA\dACC revisions\Run 4\Br6471_dACC_20x_img_021-MaxIP-Stitched_unmixed_rotated.nd2","Layer 1","dACC_v17_ FISH-IF v2.4.4","970","7908","7930","5698","5729","0","0","0","0","1","1","1433.6671","0","302.92578","0","0","0","0","0","0","0","0","0","0","0","0","0","0","0","0","0","0","0","0","101.544205","68.21782","33.326385","25.316685","0.790722"
"D:\HAA\dACC revisions\Run 4\Br6471_dACC_20x_img_021-MaxIP-Stitched_unmixed_rotated.nd2","Layer 1","dACC_v17_ FISH-IF v2.4.4","971","7889","7910","5707","5732","0","0","0","0","1","1","1577.6646","0","313.6466","0","0","0","0","0","0","0","0","0","0","0","0","0","0","0","0","0","0","0","0","73.695496","58.873543","14.821956","16.734756","0.786427"
"D:\HAA\dACC revisions\Run 4\Br6471_dACC_20x_img_021-MaxIP-Stitched_unmixed_rotated.nd2","Layer 1","dACC_v17_ FISH-IF v2.4.4","972","4896","4926","4542","4568","0","0","0","0","1","1","1966.7074","0","339.1093","0","0","0","0","0","0","0","0","0","0","3","3.130102","0","2970.9275","949.14703","0","0","0","0","0","112.4075","80.00173","32.405766","25.74578","0.80577"
"D:\HAA\dACC revisions\Run 4\Br6471_dACC_20x_img_021-MaxIP-Stitched_unmixed_rotated.nd2","Layer 1","dACC_v17_ FISH-IF v2.4.4","973","4820","4850","4563","4587","0","0","0","0","1","1","1124.2772","0","240.46019","1","5.937988","0","8012.0493","1349.2869","0","0","0","0","0","0","0","0","0","0","0","0","0","0","0","101.221985","76.31926","24.902727","23.600298","0.710221"
"D:\HAA\dACC revisions\Run 4\Br6471_dACC_20x_img_021-MaxIP-Stitched_unmixed_rotated.nd2","Layer 1","dACC_v17_ FISH-IF v2.4.4","974","5034","5059","4573","4596","0","0","0","0","1","1","837.83386","0","467.1371","0","0","0","0","0","0","0","0","0","0","0","0","0","0","0","0","0","0","0","0","80.36998","52.383183","27.986797","23.38575","0.763621"
"D:\HAA\dACC revisions\Run 4\Br6471_dACC_20x_img_021-MaxIP-Stitched_unmixed_rotated.nd2","Layer 1","dACC_v17_ FISH-IF v2.4.4","975","4653","4684","4595","4623","0","0","0","0","1","1","1449.6633","0","278.09647","0","0","0","0","0","0","0","0","0","0","0","0","0","0","0","0","0","0","0","0","125.066","79.67952","45.386486","30.46584","0.817009"
"D:\HAA\dACC revisions\Run 4\Br6471_dACC_20x_img_021-MaxIP-Stitched_unmixed_rotated.nd2","Layer 1","dACC_v17_ FISH-IF v2.4.4","976","4646","4674","4619","4646","0","0","0","0","1","1","1877.2241","0","297.2166","0","0","0","0","0","0","0","0","0","0","0","0","0","0","0","0","0","0","0","0","107.98853","72.03838","35.950146","26.174877","0.895336"
"D:\HAA\dACC revisions\Run 4\Br6471_dACC_20x_img_021-MaxIP-Stitched_unmixed_rotated.nd2","Layer 1","dACC_v17_ FISH-IF v2.4.4","977","4842","4869","4654","4686","0","0","0","1","1","1","1842.0117","0","326.4211","4","7.733194","1","9584.281","1239.369","0","0","0","0","0","0","0","0","0","0","0","0","0","0","0","113.88049","70.61143","43.269062","31.538582","0.742182"
"D:\HAA\dACC revisions\Run 4\Br6471_dACC_20x_img_021-MaxIP-Stitched_unmixed_rotated.nd2","Layer 1","dACC_v17_ FISH-IF v2.4.4","978","4829","4853","4669","4697","0","0","0","1","1","1","1614.73","0","342.25397","4","12.750565","1","20153.486","1580.5957","0","0","0","0","0","0","0","0","0","0","0","0","0","0","0","83.40802","55.28313","28.124891","24.243944","0.832186"
"D:\HAA\dACC revisions\Run 4\Br6471_dACC_20x_img_021-MaxIP-Stitched_unmixed_rotated.nd2","Layer 1","dACC_v17_ FISH-IF v2.4.4","979","4711","4739","4691","4726","1","1","1","0","1","1","569.39294","0","146.6997","0","0","0","0","0","15","24.672571","3","31321.783","1269.4982","9","7.917318","1","8173.71","1032.3837","14","35.950146","2","18475.66","513.92444","140.44032","93.3507","47.08963","31.75313","0.746342"
"D:\HAA\dACC revisions\Run 4\Br6471_dACC_20x_img_021-MaxIP-Stitched_unmixed_rotated.nd2","Layer 1","dACC_v17_ FISH-IF v2.4.4","980","4912","4941","4692","4723","0","0","0","0","1","1","2227.1685","0","321.4894","0","0","0","0","0","0","0","0","0","0","0","0","0","0","0","0","0","0","0","0","129.25482","86.90637","42.348446","29.17855","0.851089"
"D:\HAA\dACC revisions\Run 4\Br6471_dACC_20x_img_021-MaxIP-Stitched_unmixed_rotated.nd2","Layer 1","dACC_v17_ FISH-IF v2.4.4","981","4682","4703","4779","4808","0","0","0","0","1","1","1335.7128","0","198.09947","0","0","0","0","0","0","0","0","0","0","0","0","0","0","0","0","0","0","0","0","86.90637","68.954315","17.952057","19.523884","0.643457"
"D:\HAA\dACC revisions\Run 4\Br6471_dACC_20x_img_021-MaxIP-Stitched_unmixed_rotated.nd2","Layer 1","dACC_v17_ FISH-IF v2.4.4","982","4628","4668","4812","4840","0","0","0","0","1","1","1414.5874","0","262.63376","0","0","0","0","0","0","0","0","0","0","0","0","0","0","0","0","0","0","0","0","159.17491","103.063225","56.111687","36.044094","0.659875"
"D:\HAA\dACC revisions\Run 4\Br6471_dACC_20x_img_021-MaxIP-Stitched_unmixed_rotated.nd2","Layer 1","dACC_v17_ FISH-IF v2.4.4","983","4907","4947","4833","4871","1","1","0","0","1","1","954.9318","0","188.97968","0","0","0","0","0","22","38.29772","3","41509.07","1083.8522","36","34.477158","4","35496.88","1029.5768","1","0.368247","0","155.21625","421.5","208.24387","117.79312","90.45075","44.196922","0.816612"
"D:\HAA\dACC revisions\Run 4\Br6471_dACC_20x_img_021-MaxIP-Stitched_unmixed_rotated.nd2","Layer 1","dACC_v17_ FISH-IF v2.4.4","984","4984","5014","4857","4888","0","0","0","0","1","1","1766.2738","0","340.40927","0","0","0","0","0","0","0","0","0","0","0","0","0","0","0","0","0","0","0","0","110.84245","64.44328","46.399166","33.684063","0.793532"
"D:\HAA\dACC revisions\Run 4\Br6471_dACC_20x_img_021-MaxIP-Stitched_unmixed_rotated.nd2","Layer 1","dACC_v17_ FISH-IF v2.4.4","985","4762","4793","4858","4898","1","1","0","0","1","1","1036.811","0","205.02374","0","0","0","0","0","10","11.093451","2","8761.571","789.7967","29","24.672571","3","26591.785","1077.7874","1","0.598402","0","272.04272","454.6154","174.59528","108.58694","66.00834","38.189575","0.743617"
"D:\HAA\dACC revisions\Run 4\Br6471_dACC_20x_img_021-MaxIP-Stitched_unmixed_rotated.nd2","Layer 1","dACC_v17_ FISH-IF v2.4.4","986","4976","5005","4871","4903","0","0","0","0","1","1","1869.84","0","335.6706","0","0","0","0","0","0","0","0","0","0","0","0","0","0","0","0","0","0","0","0","101.40611","58.551327","42.854786","33.254967","0.706711"
"D:\HAA\dACC revisions\Run 4\Br6471_dACC_20x_img_021-MaxIP-Stitched_unmixed_rotated.nd2","Layer 1","dACC_v17_ FISH-IF v2.4.4","987","4874","4905","4879","4910","0","0","0","0","1","1","1797.886","0","286.99747","0","0","0","0","0","0","0","0","0","0","0","0","0","0","0","0","0","0","0","0","139.70384","91.23328","48.470554","30.894936","0.901834"
"D:\HAA\dACC revisions\Run 4\Br6471_dACC_20x_img_021-MaxIP-Stitched_unmixed_rotated.nd2","Layer 1","dACC_v17_ FISH-IF v2.4.4","988","5000","5034","4885","4910","0","0","0","0","1","1","2175.9412","0","327.19803","0","0","0","0","0","0","0","0","0","0","0","0","0","0","0","0","0","0","0","0","123.77714","83.91436","39.862774","29.17855","0.68483"
"D:\HAA\dACC revisions\Run 4\Br6471_dACC_20x_img_021-MaxIP-Stitched_unmixed_rotated.nd2","Layer 1","dACC_v17_ FISH-IF v2.4.4","989","4750","4783","4897","4935","0","0","0","0","1","1","1172.8617","0","218.06999","0","0","0","0","0","0","0","0","0","0","0","0","0","0","0","0","0","0","0","0","186.37918","109.82977","76.549416","38.61867","0.873833"
"D:\HAA\dACC revisions\Run 4\Br6471_dACC_20x_img_021-MaxIP-Stitched_unmixed_rotated.nd2","Layer 1","dACC_v17_ FISH-IF v2.4.4","990","4678","4699","4899","4920","1","0","0","0","1","1","601.22406","0","165.86296","0","0","0","0","0","9","13.625152","1","12640.643","927.7432","0","0","0","0","0","0","0","0","0","0","61.865555","33.924786","27.940767","23.171202","0.713111"
"D:\HAA\dACC revisions\Run 4\Br6471_dACC_20x_img_021-MaxIP-Stitched_unmixed_rotated.nd2","Layer 1","dACC_v17_ FISH-IF v2.4.4","991","4697","4721","4901","4923","1","0","0","0","1","1","585.1556","0","178.67297","0","0","0","0","0","7","9.298245","1","11489.409","1235.6534","2","1.657113","0","1147.8269","692.6667","1","0.598402","0","266.88727","446","68.67813","34.062878","34.61525","27.462166","0.660504"
"D:\HAA\dACC revisions\Run 4\Br6471_dACC_20x_img_021-MaxIP-Stitched_unmixed_rotated.nd2","Layer 1","dACC_v17_ FISH-IF v2.4.4","992","4700","4722","4923","4938","1","0","0","0","1","1","705.3594","0","170.11285","0","0","0","0","0","6","5.339586","1","6080.7764","1138.8103","1","0.874587","0","781.74304","893.8421","0","0","0","0","0","35.213654","17.537779","17.675873","21.454817","0.537842"
"D:\HAA\dACC revisions\Run 4\Br6471_dACC_20x_img_021-MaxIP-Stitched_unmixed_rotated.nd2","Layer 1","dACC_v17_ FISH-IF v2.4.4","993","3585","3605","4135","4155","0","0","0","0","1","1","1903.2169","0","195.5861","0","0","0","0","0","0","0","0","0","0","0","0","0","0","0","0","0","0","0","0","57.354523","49.71339","7.641132","11.585601","0.908486"
"D:\HAA\dACC revisions\Run 4\Br6471_dACC_20x_img_021-MaxIP-Stitched_unmixed_rotated.nd2","Layer 1","dACC_v17_ FISH-IF v2.4.4","994","3507","3526","4144","4162","0","0","0","0","1","1","670.07574","0","144.5","0","0","0","0","0","0","0","0","0","0","0","0","0","0","0","1","0.552371","0","316.0943","457.8","53.02762","46.951534","6.076081","10.298312","0.856878"
"D:\HAA\dACC revisions\Run 4\Br6471_dACC_20x_img_021-MaxIP-Stitched_unmixed_rotated.nd2","Layer 1","dACC_v17_ FISH-IF v2.4.4","995","3653","3682","4149","4192","0","0","0","0","1","1","1533.3688","0","328.87674","0","0","0","0","0","0","0","0","0","0","0","0","0","0","0","0","0","0","0","0","184.44589","109.04724","75.39864","40.335056","0.720348"
"D:\HAA\dACC revisions\Run 4\Br6471_dACC_20x_img_021-MaxIP-Stitched_unmixed_rotated.nd2","Layer 1","dACC_v17_ FISH-IF v2.4.4","996","3464","3491","4156","4182","0","0","0","1","1","1","2206.974","0","392.7211","6","16.663193","1","20883.629","1253.279","0","0","0","0","0","1","0.920618","0","625.09985","679","0","0","0","0","0","97.30936","72.45267","24.856695","22.956654","0.856218"
"D:\HAA\dACC revisions\Run 4\Br6471_dACC_20x_img_021-MaxIP-Stitched_unmixed_rotated.nd2","Layer 1","dACC_v17_ FISH-IF v2.4.4","997","3635","3656","4166","4194","0","0","0","0","1","1","2220.9534","0","342.21725","0","0","0","0","0","0","0","0","0","0","0","0","0","0","0","0","0","0","0","0","86.676216","63.982975","22.693243","21.454817","0.776892"
"D:\HAA\dACC revisions\Run 4\Br6471_dACC_20x_img_021-MaxIP-Stitched_unmixed_rotated.nd2","Layer 1","dACC_v17_ FISH-IF v2.4.4","998","3789","3820","4176","4220","0","0","0","0","1","1","2340.9697","0","465.94452","0","0","0","0","0","0","0","0","0","0","0","0","0","0","0","0","0","0","0","0","185.04428","115.35348","69.69081","42.05144","0.638391"
"D:\HAA\dACC revisions\Run 4\Br6471_dACC_20x_img_021-MaxIP-Stitched_unmixed_rotated.nd2","Layer 1","dACC_v17_ FISH-IF v2.4.4","999","3614","3638","4191","4217","0","0","0","0","1","1","649.5841","0","171.32939","0","0","0","0","0","0","0","0","0","0","1","0.50634","0","626.43475","756.05554","0","0","0","0","0","85.38735","66.23849","19.14886","19.95298","0.732791"
"D:\HAA\dACC revisions\Run 4\Br6471_dACC_20x_img_021-MaxIP-Stitched_unmixed_rotated.nd2","Layer 1","dACC_v17_ FISH-IF v2.4.4","1000","3637","3661","4196","4218","0","0","0","0","1","1","1843.388","0","308.6837","0","0","0","0","0","0","0","0","0","0","0","0","0","0","0","0","0","0","0","0","76.45735","61.26715","15.190203","17.163853","0.744123"
"D:\HAA\dACC revisions\Run 4\Br6471_dACC_20x_img_021-MaxIP-Stitched_unmixed_rotated.nd2","Layer 1","dACC_v17_ FISH-IF v2.4.4","1001","3698","3725","4202","4232","0","0","0","1","1","1","2831.6736","0","448.92227","14","32.12958","2","76505.914","2381.1677","0","0","0","0","0","0","0","0","0","0","0","0","0","0","0","111.53291","79.9557","31.57721","26.174877","0.791057"
"D:\HAA\dACC revisions\Run 4\Br6471_dACC_20x_img_021-MaxIP-Stitched_unmixed_rotated.nd2","Layer 1","dACC_v17_ FISH-IF v2.4.4","1002","3618","3646","4224","4253","0","0","0","0","1","1","3049.7544","0","370.7194","0","0","0","0","0","0","0","0","0","0","0","0","0","0","0","0","0","0","0","0","117.01059","81.19854","35.812054","26.603973","0.925461"
"D:\HAA\dACC revisions\Run 4\Br6471_dACC_20x_img_021-MaxIP-Stitched_unmixed_rotated.nd2","Layer 1","dACC_v17_ FISH-IF v2.4.4","1003","3673","3700","4295","4326","0","0","0","0","1","1","2817.0833","0","367.65698","0","0","0","0","0","0","0","0","0","0","0","0","0","0","0","0","0","0","0","0","124.88188","85.61751","39.264374","27.891262","0.809312"
"D:\HAA\dACC revisions\Run 4\Br6471_dACC_20x_img_021-MaxIP-Stitched_unmixed_rotated.nd2","Layer 1","dACC_v17_ FISH-IF v2.4.4","1004","3617","3648","4300","4339","0","0","1","0","1","1","1418.262","0","354.22382","0","0","0","0","0","0","0","0","0","0","0","0","0","0","0","130","117.60899","4","206664.6","1757.2177","173.07625","108.58694","64.48932","37.76048","0.738935"
"D:\HAA\dACC revisions\Run 4\Br6471_dACC_20x_img_021-MaxIP-Stitched_unmixed_rotated.nd2","Layer 1","dACC_v17_ FISH-IF v2.4.4","1005","3505","3523","4310","4330","0","0","0","0","1","1","513.86505","0","137.15034","0","0","0","0","0","0","0","0","0","0","0","0","0","0","0","0","0","0","0","0","52.337154","46.53726","5.799896","10.083764","0.809005"
"D:\HAA\dACC revisions\Run 4\Br6471_dACC_20x_img_021-MaxIP-Stitched_unmixed_rotated.nd2","Layer 1","dACC_v17_ FISH-IF v2.4.4","1006","3706","3731","4311","4335","0","0","0","0","1","1","1762.3342","0","251.06898","0","0","0","0","0","0","0","0","0","0","0","0","0","0","0","0","0","0","0","0","82.76359","64.71947","18.044119","19.309336","0.851143"
"D:\HAA\dACC revisions\Run 4\Br6471_dACC_20x_img_021-MaxIP-Stitched_unmixed_rotated.nd2","Layer 1","dACC_v17_ FISH-IF v2.4.4","1007","3742","3768","4326","4350","0","0","0","0","1","1","1771.4905","0","242.29396","0","0","0","0","0","0","0","0","0","0","1","0.552371","0","376.94717","682.4167","0","0","0","0","0","90.26663","68.58607","21.680563","20.167528","0.86917"
"D:\HAA\dACC revisions\Run 4\Br6471_dACC_20x_img_021-MaxIP-Stitched_unmixed_rotated.nd2","Layer 1","dACC_v17_ FISH-IF v2.4.4","1008","3795","3824","4363","4393","0","0","0","1","1","1","2467.3423","0","309.74115","7","19.471079","1","28114.303","1443.9008","0","0","0","0","0","0","0","0","0","0","0","0","0","0","0","126.76915","85.89369","40.875454","28.320358","0.864384"
"D:\HAA\dACC revisions\Run 4\Br6471_dACC_20x_img_021-MaxIP-Stitched_unmixed_rotated.nd2","Layer 1","dACC_v17_ FISH-IF v2.4.4","1009","3553","3588","4368","4409","0","0","0","0","1","1","2309.8594","0","482.5488","0","0","0","0","0","0","0","0","0","0","0","0","0","0","0","0","0","0","0","0","185.04428","123.132706","61.911583","47.629692","0.625249"
"D:\HAA\dACC revisions\Run 4\Br6471_dACC_20x_img_021-MaxIP-Stitched_unmixed_rotated.nd2","Layer 1","dACC_v17_ FISH-IF v2.4.4","1010","3557","3586","4420","4446","0","0","0","0","1","1","1886.3461","0","315.79803","0","0","0","0","0","0","0","0","0","0","0","0","0","0","0","0","0","0","0","0","112.22337","79.77158","32.451797","25.316685","0.783795"
"D:\HAA\dACC revisions\Run 4\Br6471_dACC_20x_img_021-MaxIP-Stitched_unmixed_rotated.nd2","Layer 1","dACC_v17_ FISH-IF v2.4.4","1011","3639","3675","4430","4464","0","0","1","0","1","1","1502.5298","0","280.20078","0","0","0","0","0","0","0","0","0","0","0","0","0","0","0","73","101.82039","4","117158.4","1150.638","175.19366","104.99652","70.19715","37.331383","0.931185"
"D:\HAA\dACC revisions\Run 4\Br6471_dACC_20x_img_021-MaxIP-Stitched_unmixed_rotated.nd2","Layer 1","dACC_v17_ FISH-IF v2.4.4","1012","3754","3772","4463","4483","0","0","0","0","1","1","574.9058","0","148.80212","0","0","0","0","0","0","0","0","0","0","0","0","0","0","0","0","0","0","0","0","54.0403","47.68803","6.352267","10.298312","0.845121"
"D:\HAA\dACC revisions\Run 4\Br6471_dACC_20x_img_021-MaxIP-Stitched_unmixed_rotated.nd2","Layer 1","dACC_v17_ FISH-IF v2.4.4","1013","3801","3827","4466","4490","0","0","0","0","1","1","2546.62","0","517.2351","0","0","0","0","0","3","4.741185","0","7796.4404","1644.4077","3","2.899948","0","2762.1313","952.4762","0","0","0","0","0","77.47003","40.13896","37.331074","28.749454","0.818606"
"D:\HAA\dACC revisions\Run 4\Br6471_dACC_20x_img_021-MaxIP-Stitched_unmixed_rotated.nd2","Layer 1","dACC_v17_ FISH-IF v2.4.4","1014","3819","3842","4477","4502","0","0","0","0","1","1","2097.6516","0","506.49713","0","0","0","0","0","0","0","0","0","0","0","0","0","0","0","1","0.460309","0","197.97897","430.1","77.00973","48.332462","28.677261","24.67304","0.815576"
"D:\HAA\dACC revisions\Run 4\Br6471_dACC_20x_img_021-MaxIP-Stitched_unmixed_rotated.nd2","Layer 1","dACC_v17_ FISH-IF v2.4.4","1015","3690","3722","4477","4514","0","0","1","0","1","1","2646.7998","0","623.4324","0","0","0","0","0","0","0","0","0","0","0","0","0","0","0","6","12.704534","1","7708.3374","606.73914","165.7113","103.15529","62.556015","36.47319","0.848821"
"D:\HAA\dACC revisions\Run 4\Br6471_dACC_20x_img_021-MaxIP-Stitched_unmixed_rotated.nd2","Layer 1","dACC_v17_ FISH-IF v2.4.4","1016","3787","3821","4479","4509","0","0","0","0","1","1","2734.1047","0","771.3106","0","0","0","0","0","0","0","0","0","0","0","0","0","0","0","0","0","0","0","0","120.69307","52.61334","68.07973","39.90596","0.829473"
"D:\HAA\dACC revisions\Run 4\Br6471_dACC_20x_img_021-MaxIP-Stitched_unmixed_rotated.nd2","Layer 1","dACC_v17_ FISH-IF v2.4.4","1017","3491","3511","4485","4507","0","0","0","0","1","1","381.80807","0","123.99215","0","0","0","0","0","0","0","0","0","0","0","0","0","0","0","1","0.598402","0","264.63174","442.23077","61.865555","52.75143","9.114121","13.301987","0.81613"
"D:\HAA\dACC revisions\Run 4\Br6471_dACC_20x_img_021-MaxIP-Stitched_unmixed_rotated.nd2","Layer 1","dACC_v17_ FISH-IF v2.4.4","1018","3800","3826","4501","4529","0","0","0","0","1","1","2730.4912","0","458.81973","0","0","0","0","0","0","0","0","0","0","0","0","0","0","0","1","1.01268","0","478.5374","472.54544","94.22529","59.74813","34.477158","26.818521","0.72653"
"D:\HAA\dACC revisions\Run 4\Br6471_dACC_20x_img_021-MaxIP-Stitched_unmixed_rotated.nd2","Layer 1","dACC_v17_ FISH-IF v2.4.4","1019","3827","3847","4502","4525","0","1","0","0","1","1","475.43796","0","228.85965","0","0","0","0","0","0","0","0","0","0","4","3.590412","1","2474.392","689.1667","1","0.368247","0","156.9194","426.125","72.95901","60.346535","12.612472","15.018372","0.724981"
"D:\HAA\dACC revisions\Run 4\Br6471_dACC_20x_img_021-MaxIP-Stitched_unmixed_rotated.nd2","Layer 1","dACC_v17_ FISH-IF v2.4.4","1020","7944","7972","6149","6178","0","0","0","0","1","1","1189.5282","0","268.57703","0","0","0","0","0","0","0","0","0","0","0","0","0","0","0","0","0","0","0","0","114.3408","80.093796","34.247","25.74578","0.915217"
"D:\HAA\dACC revisions\Run 4\Br6471_dACC_20x_img_021-MaxIP-Stitched_unmixed_rotated.nd2","Layer 1","dACC_v17_ FISH-IF v2.4.4","1021","7870","7896","6172","6199","0","0","0","0","1","1","1206.9706","0","254.68394","0","0","0","0","0","0","0","0","0","0","0","0","0","0","0","0","0","0","0","0","97.12524","73.695496","23.429737","23.171202","0.715629"
"D:\HAA\dACC revisions\Run 4\Br6471_dACC_20x_img_021-MaxIP-Stitched_unmixed_rotated.nd2","Layer 1","dACC_v17_ FISH-IF v2.4.4","1022","7872","7895","6244","6265","0","0","0","0","1","1","460.87848","0","183.23453","3","8.883967","0","9281.352","1044.7306","0","0","0","0","0","0","0","0","0","0","0","0","0","0","0","73.511375","60.25447","13.256905","16.30566","0.74222"
"D:\HAA\dACC revisions\Run 4\Br6471_dACC_20x_img_021-MaxIP-Stitched_unmixed_rotated.nd2","Layer 1","dACC_v17_ FISH-IF v2.4.4","1023","7940","7971","6251","6279","0","0","0","1","1","1","845.69354","0","270.65765","5","9.850616","1","11230.854","1140.1168","0","0","0","0","0","0","0","0","0","0","0","0","0","0","0","126.07868","86.72225","39.356434","28.320358","0.777126"
"D:\HAA\dACC revisions\Run 4\Br6471_dACC_20x_img_021-MaxIP-Stitched_unmixed_rotated.nd2","Layer 1","dACC_v17_ FISH-IF v2.4.4","1024","7843","7873","6257","6286","0","0","0","0","1","1","1141.195","0","239.39716","0","0","0","0","0","0","0","0","0","0","0","0","0","0","0","0","0","0","0","0","130.7278","87.504776","43.22303","28.749454","0.876518"
"D:\HAA\dACC revisions\Run 4\Br6471_dACC_20x_img_021-MaxIP-Stitched_unmixed_rotated.nd2","Layer 1","dACC_v17_ FISH-IF v2.4.4","1025","7987","8010","6268","6296","0","0","0","0","1","1","1350.5992","0","213.6703","0","0","0","0","0","0","0","0","0","0","0","0","0","0","0","0","0","0","0","0","95.284","71.62411","23.659891","21.883913","0.797897"
"D:\HAA\dACC revisions\Run 4\Br6471_dACC_20x_img_021-MaxIP-Stitched_unmixed_rotated.nd2","Layer 1","dACC_v17_ FISH-IF v2.4.4","1026","7855","7886","6288","6326","0","0","0","0","1","1","1191.1843","0","373.92685","0","0","0","0","0","0","0","0","0","0","0","0","0","0","0","0","0","0","0","0","133.16745","86.21591","46.951534","37.54593","0.621115"
"D:\HAA\dACC revisions\Run 4\Br6471_dACC_20x_img_021-MaxIP-Stitched_unmixed_rotated.nd2","Layer 1","dACC_v17_ FISH-IF v2.4.4","1027","7923","7952","6301","6330","0","0","0","0","1","1","1097.8071","0","220.12228","0","0","0","0","0","0","0","0","0","0","0","0","0","0","0","0","0","0","0","0","121.107346","82.441376","38.66597","27.03307","0.929416"
"D:\HAA\dACC revisions\Run 4\Br6471_dACC_20x_img_021-MaxIP-Stitched_unmixed_rotated.nd2","Layer 1","dACC_v17_ FISH-IF v2.4.4","1028","7848","7868","6305","6329","0","0","0","0","1","1","1044.0359","0","309.24777","0","0","0","0","0","0","0","0","0","0","0","0","0","0","0","0","0","0","0","0","67.15911","46.62932","20.529789","21.883913","0.733263"
"D:\HAA\dACC revisions\Run 4\Br6471_dACC_20x_img_021-MaxIP-Stitched_unmixed_rotated.nd2","Layer 1","dACC_v17_ FISH-IF v2.4.4","1029","7913","7953","6328","6369","0","0","0","0","1","1","1112.5491","0","266.9383","0","0","0","0","0","0","0","0","0","0","0","0","0","0","0","0","0","0","0","0","223.20392","124.60569","98.59823","49.13153","0.765961"
"D:\HAA\dACC revisions\Run 4\Br6471_dACC_20x_img_021-MaxIP-Stitched_unmixed_rotated.nd2","Layer 1","dACC_v17_ FISH-IF v2.4.4","1030","7952","7967","6342","6362","0","0","0","0","1","1","627.94916","0","245.58456","0","0","0","0","0","0","0","0","0","0","0","0","0","0","0","0","0","0","0","0","45.984886","40.553238","5.431648","9.869216","0.778193"
"D:\HAA\dACC revisions\Run 4\Br6471_dACC_20x_img_021-MaxIP-Stitched_unmixed_rotated.nd2","Layer 1","dACC_v17_ FISH-IF v2.4.4","1031","7978","8002","6378","6403","0","0","0","0","1","1","1119.875","0","271.77832","0","0","0","0","0","0","0","0","0","0","0","0","0","0","0","0","0","0","0","0","86.90637","66.65277","20.253603","19.738432","0.838816"
"D:\HAA\dACC revisions\Run 4\Br6471_dACC_20x_img_021-MaxIP-Stitched_unmixed_rotated.nd2","Layer 1","dACC_v17_ FISH-IF v2.4.4","1032","7956","7978","6383","6404","0","0","0","0","1","1","583.85767","0","171.35072","0","0","0","0","0","0","0","0","0","0","0","0","0","0","0","0","0","0","0","0","70.28921","57.354523","12.934688","15.876565","0.828553"
"D:\HAA\dACC revisions\Run 4\Br6471_dACC_20x_img_021-MaxIP-Stitched_unmixed_rotated.nd2","Layer 1","dACC_v17_ FISH-IF v2.4.4","1033","7863","7889","6387","6413","0","0","0","1","1","1","823.8343","0","190.90141","5","12.888657","1","16499.275","1280.1393","0","0","0","0","0","0","0","0","0","0","0","0","0","0","0","96.34271","71.90029","24.442417","21.669365","0.852785"
"D:\HAA\dACC revisions\Run 4\Br6471_dACC_20x_img_021-MaxIP-Stitched_unmixed_rotated.nd2","Layer 1","dACC_v17_ FISH-IF v2.4.4","1034","7855","7887","6425","6449","0","0","0","0","1","1","1127.6855","0","299.20193","1","0.552371","0","396.1421","717.1667","0","0","0","0","0","0","0","0","0","0","0","0","0","0","0","101.17596","66.33055","34.845406","27.676714","0.702747"
"D:\HAA\dACC revisions\Run 4\Br6471_dACC_20x_img_021-MaxIP-Stitched_unmixed_rotated.nd2","Layer 1","dACC_v17_ FISH-IF v2.4.4","1035","7974","8003","6426","6455","0","0","0","1","1","1","824.8964","0","219.18224","5","15.512419","1","19731.98","1272.0118","0","0","0","0","0","0","0","0","0","0","0","0","0","0","0","125.204094","80.32395","44.880146","29.607647","0.900505"
"D:\HAA\dACC revisions\Run 4\Br6471_dACC_20x_img_021-MaxIP-Stitched_unmixed_rotated.nd2","Layer 1","dACC_v17_ FISH-IF v2.4.4","1036","7854","7879","6444","6467","0","0","0","0","1","1","1307.2605","0","281.86166","0","0","0","0","0","0","0","0","0","0","0","0","0","0","0","0","0","0","0","0","83.59215","53.902203","29.689941","23.38575","0.782394"
"D:\HAA\dACC revisions\Run 4\Br6471_dACC_20x_img_021-MaxIP-Stitched_unmixed_rotated.nd2","Layer 1","dACC_v17_ FISH-IF v2.4.4","1037","7976","7993","6453","6464","0","0","0","0","1","1","807.02356","0","317.054","1","0.966649","0","1138.5287","1177.8096","0","0","0","0","0","0","0","0","0","0","0","0","0","0","0","25.224943","21.312315","3.912628","8.367378","0.656285"
"D:\HAA\dACC revisions\Run 4\Br6471_dACC_20x_img_021-MaxIP-Stitched_unmixed_rotated.nd2","Layer 1","dACC_v17_ FISH-IF v2.4.4","1038","7967","7996","6459","6499","0","0","0","1","1","1","1232.6951","0","404.39417","6","15.926698","1","27065.352","1699.37","0","0","0","0","0","0","0","0","0","0","0","0","0","0","0","161.20027","99.1506","62.049675","40.120506","0.611501"
"D:\HAA\dACC revisions\Run 4\Br6471_dACC_20x_img_021-MaxIP-Stitched_unmixed_rotated.nd2","Layer 1","dACC_v17_ FISH-IF v2.4.4","1039","7943","7970","6476","6505","0","0","0","0","1","1","1047.5231","0","252.53557","1","0.874587","0","906.5789","1036.579","0","0","0","0","0","0","0","0","0","0","0","0","0","0","0","108.86312","77.00973","31.853395","25.316685","0.818958"
"D:\HAA\dACC revisions\Run 4\Br6471_dACC_20x_img_021-MaxIP-Stitched_unmixed_rotated.nd2","Layer 1","dACC_v17_ FISH-IF v2.4.4","1040","7928","7947","6494","6514","0","0","0","0","1","1","507.64496","0","188.66943","0","0","0","0","0","0","0","0","0","0","0","0","0","0","0","0","0","0","0","0","57.63071","49.851482","7.779225","11.585601","0.769054"
"D:\HAA\dACC revisions\Run 4\Br6471_dACC_20x_img_021-MaxIP-Stitched_unmixed_rotated.nd2","Layer 1","dACC_v17_ FISH-IF v2.4.4","1041","7953","7974","6509","6530","0","0","0","0","1","1","604.91815","0","100.49367","0","0","0","0","0","0","0","0","0","0","0","0","0","0","0","0","0","0","0","0","64.67344","54.54664","10.126801","13.731083","0.811051"
"D:\HAA\dACC revisions\Run 4\Br6471_dACC_20x_img_021-MaxIP-Stitched_unmixed_rotated.nd2","Layer 1","dACC_v17_ FISH-IF v2.4.4","1042","5457","5494","4128","4164","0","0","0","0","1","1","2465.4475","0","388.9071","0","0","0","0","0","0","0","0","0","0","0","0","0","0","0","0","0","0","0","0","185.78078","112.95987","72.820915","40.764153","0.767726"
"D:\HAA\dACC revisions\Run 4\Br6471_dACC_20x_img_021-MaxIP-Stitched_unmixed_rotated.nd2","Layer 1","dACC_v17_ FISH-IF v2.4.4","1043","5824","5863","4152","4173","0","0","0","0","1","1","1760.5319","0","407.02908","0","0","0","0","0","0","0","0","0","0","0","0","0","0","0","0","0","0","0","0","121.01528","71.25586","49.759422","33.469513","0.659688"
"D:\HAA\dACC revisions\Run 4\Br6471_dACC_20x_img_021-MaxIP-Stitched_unmixed_rotated.nd2","Layer 1","dACC_v17_ FISH-IF v2.4.4","1044","5538","5568","4164","4193","0","0","0","1","1","1","1975.973","0","401.2538","14","35.996178","2","76923.6","2136.9937","0","0","0","0","0","0","0","0","0","0","0","0","0","0","0","128.79451","87.78096","41.013546","28.749454","0.879603"
"D:\HAA\dACC revisions\Run 4\Br6471_dACC_20x_img_021-MaxIP-Stitched_unmixed_rotated.nd2","Layer 1","dACC_v17_ FISH-IF v2.4.4","1045","5828","5860","4171","4193","0","0","0","0","1","1","2073.981","0","355.39114","0","0","0","0","0","0","0","0","0","0","0","0","0","0","0","0","0","0","0","0","107.113945","61.313183","45.800762","29.607647","0.809326"
"D:\HAA\dACC revisions\Run 4\Br6471_dACC_20x_img_021-MaxIP-Stitched_unmixed_rotated.nd2","Layer 1","dACC_v17_ FISH-IF v2.4.4","1046","5481","5505","4202","4229","0","0","0","0","1","1","2492.6526","0","494.00986","0","0","0","0","0","0","0","0","0","0","1","0.920618","0","708.3237","769.4","1","0.690464","0","293.95343","425.73334","96.02049","70.05906","25.961437","22.742105","0.829101"
"D:\HAA\dACC revisions\Run 4\Br6471_dACC_20x_img_021-MaxIP-Stitched_unmixed_rotated.nd2","Layer 1","dACC_v17_ FISH-IF v2.4.4","1047","5506","5529","4203","4230","0","0","0","0","1","1","889.39636","0","358.4783","0","0","0","0","0","2","3.452319","0","2737.7349","793.0133","0","0","0","0","0","1","0.460309","0","186.24109","404.6","91.37137","63.614727","27.756643","23.171202","0.783389"
"D:\HAA\dACC revisions\Run 4\Br6471_dACC_20x_img_021-MaxIP-Stitched_unmixed_rotated.nd2","Layer 1","dACC_v17_ FISH-IF v2.4.4","1048","5503","5519","4223","4239","0","0","0","0","1","1","899.9722","0","411.96115","0","0","0","0","0","0","0","0","0","0","0","0","0","0","0","3","4.00469","0","1745.8146","435.94254","34.10891","30.794683","3.314226","8.796475","0.488287"
"D:\HAA\dACC revisions\Run 4\Br6471_dACC_20x_img_021-MaxIP-Stitched_unmixed_rotated.nd2","Layer 1","dACC_v17_ FISH-IF v2.4.4","1049","5723","5744","4233","4257","0","0","0","0","1","1","1256.4865","0","188.17517","0","0","0","0","0","0","0","0","0","0","0","0","0","0","0","0","0","0","0","0","70.51936","58.59736","11.922008","15.662017","0.742251"
"D:\HAA\dACC revisions\Run 4\Br6471_dACC_20x_img_021-MaxIP-Stitched_unmixed_rotated.nd2","Layer 1","dACC_v17_ FISH-IF v2.4.4","1050","5603","5630","4236","4259","0","0","0","0","1","1","1961.8672","0","298.21143","0","0","0","0","0","0","0","0","0","0","0","0","0","0","0","0","0","0","0","0","92.29199","70.10509","22.186903","20.596624","0.789972"
"D:\HAA\dACC revisions\Run 4\Br6471_dACC_20x_img_021-MaxIP-Stitched_unmixed_rotated.nd2","Layer 1","dACC_v17_ FISH-IF v2.4.4","1051","5834","5854","4238","4264","0","0","0","0","1","1","1386.3137","0","247.71394","0","0","0","0","0","0","0","0","0","0","0","0","0","0","0","0","0","0","0","0","77.19385","58.413235","18.780615","19.738432","0.790546"
"D:\HAA\dACC revisions\Run 4\Br6471_dACC_20x_img_021-MaxIP-Stitched_unmixed_rotated.nd2","Layer 1","dACC_v17_ FISH-IF v2.4.4","1052","5757","5781","4256","4279","0","0","0","0","1","1","840.92725","0","233.69943","0","0","0","0","0","1","0.644433","0","424.58917","658.8571","0","0","0","0","0","0","0","0","0","0","66.422615","48.70071","17.721903","19.523884","0.734865"
"D:\HAA\dACC revisions\Run 4\Br6471_dACC_20x_img_021-MaxIP-Stitched_unmixed_rotated.nd2","Layer 1","dACC_v17_ FISH-IF v2.4.4","1053","5748","5767","4263","4289","0","0","0","0","1","1","1030.7533","0","182.85315","0","0","0","0","0","1","0.368247","0","240.41948","652.875","0","0","0","0","0","0","0","0","0","0","60.25447","46.07695","14.177523","18.88024","0.626392"
"D:\HAA\dACC revisions\Run 4\Br6471_dACC_20x_img_021-MaxIP-Stitched_unmixed_rotated.nd2","Layer 1","dACC_v17_ FISH-IF v2.4.4","1054","5663","5690","4268","4302","0","0","0","0","1","1","2245.1182","0","347.3897","0","0","0","0","0","1","1.104742","0","804.34424","728.0833","0","0","0","0","0","0","0","0","0","0","135.9293","90.35869","45.57061","30.036743","0.813381"
"D:\HAA\dACC revisions\Run 4\Br6471_dACC_20x_img_021-MaxIP-Stitched_unmixed_rotated.nd2","Layer 1","dACC_v17_ FISH-IF v2.4.4","1055","5441","5482","4285","4321","1","1","1","0","1","1","982.8698","0","210.90654","0","0","0","0","0","31","47.457874","4","56937.438","1199.7468","48","42.072258","4","44108.574","1047.2546","15","23.936077","3","11283.835","471.41537","213.44536","121.15337","92.29199","44.196922","0.772118"
"D:\HAA\dACC revisions\Run 4\Br6471_dACC_20x_img_021-MaxIP-Stitched_unmixed_rotated.nd2","Layer 1","dACC_v17_ FISH-IF v2.4.4","1056","5728","5757","4320","4346","0","0","0","0","1","1","1612.1433","0","280.82806","0","0","0","0","0","0","0","0","0","0","1","0.644433","0","823.8153","715.88","0","0","0","0","0","112.82178","80.04777","32.774014","24.243944","0.850086"
"D:\HAA\dACC revisions\Run 4\Br6471_dACC_20x_img_021-MaxIP-Stitched_unmixed_rotated.nd2","Layer 1","dACC_v17_ FISH-IF v2.4.4","1057","5746","5772","4344","4368","1","1","0","0","1","1","820.05963","0","189.30193","0","0","0","0","0","14","18.59649","2","17081.2","902.8735","8","6.996699","1","6174.7715","808.0964","3","2.853917","0","1230.4064","431.12903","95.74431","71.80823","23.936077","21.454817","0.77951"
"D:\HAA\dACC revisions\Run 4\Br6471_dACC_20x_img_021-MaxIP-Stitched_unmixed_rotated.nd2","Layer 1","dACC_v17_ FISH-IF v2.4.4","1058","5727","5754","4405","4429","0","0","0","1","1","1","2392.4805","0","419.89694","7","16.018759","1","37128.953","2317.842","0","0","0","0","0","0","0","0","0","0","0","0","0","0","0","92.19993","71.0257","21.174223","21.883913","0.698093"
"D:\HAA\dACC revisions\Run 4\Br6471_dACC_20x_img_021-MaxIP-Stitched_unmixed_rotated.nd2","Layer 1","dACC_v17_ FISH-IF v2.4.4","1059","5514","5540","4434","4466","0","0","0","0","1","1","2416.1326","0","397.26413","0","0","0","0","0","0","0","0","0","0","0","0","0","0","0","0","0","0","0","0","110.52023","69.18447","41.335762","27.891262","0.810774"
"D:\HAA\dACC revisions\Run 4\Br6471_dACC_20x_img_021-MaxIP-Stitched_unmixed_rotated.nd2","Layer 1","dACC_v17_ FISH-IF v2.4.4","1060","5497","5530","4449","4479","0","0","1","0","1","1","2039.7445","0","344.7944","0","0","0","0","0","0","0","0","0","0","0","0","0","0","0","5","4.51103","1","2052.5186","455","125.94059","75.67483","50.265762","31.538582","0.841573"
"D:\HAA\dACC revisions\Run 4\Br6471_dACC_20x_img_021-MaxIP-Stitched_unmixed_rotated.nd2","Layer 1","dACC_v17_ FISH-IF v2.4.4","1061","5657","5694","4468","4507","0","0","0","0","1","1","2624.34","0","504.60565","0","0","0","0","0","0","0","0","0","0","0","0","0","0","0","0","0","0","0","0","188.58867","115.90585","72.682816","42.480537","0.773282"
"D:\HAA\dACC revisions\Run 4\Br6471_dACC_20x_img_021-MaxIP-Stitched_unmixed_rotated.nd2","Layer 1","dACC_v17_ FISH-IF v2.4.4","1062","3301","3324","4540","4574","0","1","0","0","1","1","1067.575","0","460.13943","0","0","0","0","0","1","0.736495","0","487.69757","662.1875","9","9.06809","1","8313.92","824.7306","0","0","0","0","0","112.13132","84.512764","27.618551","26.603973","0.531257"
"D:\HAA\dACC revisions\Run 4\Br6471_dACC_20x_img_021-MaxIP-Stitched_unmixed_rotated.nd2","Layer 1","dACC_v17_ FISH-IF v2.4.4","1063","3279","3304","4549","4576","0","0","0","0","1","1","3047.5493","0","534.54425","1","0.552371","0","410.41165","743","0","0","0","0","0","0","0","0","0","0","0","0","0","0","0","101.31405","72.314575","28.999477","24.029396","0.833644"
"D:\HAA\dACC revisions\Run 4\Br6471_dACC_20x_img_021-MaxIP-Stitched_unmixed_rotated.nd2","Layer 1","dACC_v17_ FISH-IF v2.4.4","1064","3292","3317","4575","4595","0","0","0","0","1","1","574.9562","0","297.0583","0","0","0","0","0","0","0","0","0","0","0","0","0","0","0","0","0","0","0","0","73.41931","60.806843","12.612472","16.30566","0.679473"
"D:\HAA\dACC revisions\Run 4\Br6471_dACC_20x_img_021-MaxIP-Stitched_unmixed_rotated.nd2","Layer 1","dACC_v17_ FISH-IF v2.4.4","1065","3192","3223","4585","4616","0","0","0","0","1","1","2058.306","0","374.11636","0","0","0","0","0","0","0","0","0","0","0","0","0","0","0","0","0","0","0","0","143.43234","92.56818","50.864162","31.324034","0.923739"
"D:\HAA\dACC revisions\Run 4\Br6471_dACC_20x_img_021-MaxIP-Stitched_unmixed_rotated.nd2","Layer 1","dACC_v17_ FISH-IF v2.4.4","1066","3162","3191","4586","4621","0","0","0","0","1","1","1782.9291","0","386.56464","0","0","0","0","0","0","0","0","0","0","0","0","0","0","0","0","0","0","0","0","142.46568","87.96508","54.500607","33.469513","0.784515"
"D:\HAA\dACC revisions\Run 4\Br6471_dACC_20x_img_021-MaxIP-Stitched_unmixed_rotated.nd2","Layer 1","dACC_v17_ FISH-IF v2.4.4","1067","3380","3398","4599","4623","0","0","0","0","1","1","1274.2449","0","251.79004","3","8.147472","0","10306.092","1264.9435","0","0","0","0","0","0","0","0","0","0","0","0","0","0","0","68.90829","50.864162","18.044119","19.523884","0.738899"
"D:\HAA\dACC revisions\Run 4\Br6471_dACC_20x_img_021-MaxIP-Stitched_unmixed_rotated.nd2","Layer 1","dACC_v17_ FISH-IF v2.4.4","1068","3365","3379","4602","4622","0","0","0","0","1","1","1338.8629","0","202.60486","0","0","0","0","0","0","0","0","0","0","0","0","0","0","0","0","0","0","0","0","45.06427","35.996178","9.06809","12.443794","0.787562"
"D:\HAA\dACC revisions\Run 4\Br6471_dACC_20x_img_021-MaxIP-Stitched_unmixed_rotated.nd2","Layer 1","dACC_v17_ FISH-IF v2.4.4","1069","3142","3162","4603","4628","0","0","0","0","1","1","3394.0264","0","434.1206","0","0","0","0","0","0","0","0","0","0","0","0","0","0","0","0","0","0","0","0","57.998955","30.150251","27.848705","23.600298","0.79968"
"D:\HAA\dACC revisions\Run 4\Br6471_dACC_20x_img_021-MaxIP-Stitched_unmixed_rotated.nd2","Layer 1","dACC_v17_ FISH-IF v2.4.4","1070","3124","3148","4606","4634","0","0","0","0","1","1","3025.6467","0","532.91675","0","0","0","0","0","0","0","0","0","0","0","0","0","0","0","0","0","0","0","0","77.00973","40.921486","36.088238","26.818521","0.794441"
"D:\HAA\dACC revisions\Run 4\Br6471_dACC_20x_img_021-MaxIP-Stitched_unmixed_rotated.nd2","Layer 1","dACC_v17_ FISH-IF v2.4.4","1071","3149","3177","4611","4638","0","0","0","0","1","1","2807.1619","0","498.2763","0","0","0","0","0","0","0","0","0","0","0","0","0","0","0","0","0","0","0","0","89.71426","52.475246","37.239014","28.10581","0.80341"
"D:\HAA\dACC revisions\Run 4\Br6471_dACC_20x_img_021-MaxIP-Stitched_unmixed_rotated.nd2","Layer 1","dACC_v17_ FISH-IF v2.4.4","1072","3173","3202","4620","4651","0","0","0","0","1","1","2603.1746","0","450.4035","0","0","0","0","0","0","0","0","0","0","0","0","0","0","0","0","0","0","0","0","120.601006","78.94302","41.65798","29.17855","0.873648"
"D:\HAA\dACC revisions\Run 4\Br6471_dACC_20x_img_021-MaxIP-Stitched_unmixed_rotated.nd2","Layer 1","dACC_v17_ FISH-IF v2.4.4","1073","3115","3143","4623","4650","0","0","0","0","1","1","2945.435","0","407.4886","0","0","0","0","0","0","0","0","0","0","0","0","0","0","0","0","0","0","0","0","97.26333","62.556015","34.707314","25.531233","0.893494"
"D:\HAA\dACC revisions\Run 4\Br6471_dACC_20x_img_021-MaxIP-Stitched_unmixed_rotated.nd2","Layer 1","dACC_v17_ FISH-IF v2.4.4","1074","3305","3330","4622","4653","0","0","0","0","1","1","1891.8849","0","387.2006","0","0","0","0","0","0","0","0","0","0","0","0","0","0","0","0","0","0","0","0","100.76168","63.5687","37.19298","28.534906","0.754438"
"D:\HAA\dACC revisions\Run 4\Br6471_dACC_20x_img_021-MaxIP-Stitched_unmixed_rotated.nd2","Layer 1","dACC_v17_ FISH-IF v2.4.4","1075","3349","3368","4624","4643","0","0","0","0","1","1","376.22806","0","139.79634","0","0","0","0","0","0","0","0","0","0","0","0","0","0","0","0","0","0","0","0","50.449886","45.202362","5.247525","9.44012","0.89569"
"D:\HAA\dACC revisions\Run 4\Br6471_dACC_20x_img_021-MaxIP-Stitched_unmixed_rotated.nd2","Layer 1","dACC_v17_ FISH-IF v2.4.4","1076","3312","3335","4642","4663","0","0","0","0","1","1","1745.5421","0","347.1499","0","0","0","0","0","0","0","0","0","0","0","0","0","0","0","0","0","0","0","0","59.564007","42.072258","17.491749","19.094788","0.814119"
"D:\HAA\dACC revisions\Run 4\Br6471_dACC_20x_img_021-MaxIP-Stitched_unmixed_rotated.nd2","Layer 1","dACC_v17_ FISH-IF v2.4.4","1077","3188","3214","4641","4665","0","0","0","0","1","1","3141.8547","0","490.50446","0","0","0","0","0","2","1.242835","0","789.3842","635.14813","1","0.598402","0","385.23276","643.7692","0","0","0","0","0","93.48879","62.14174","31.347055","25.316685","0.819599"
"D:\HAA\dACC revisions\Run 4\Br6471_dACC_20x_img_021-MaxIP-Stitched_unmixed_rotated.nd2","Layer 1","dACC_v17_ FISH-IF v2.4.4","1078","3362","3396","4655","4694","0","0","1","0","1","1","2865.028","0","478.19577","0","0","0","0","0","0","0","0","0","0","0","0","0","0","0","7","13.717214","1","10760.878","784.47986","179.75073","110.980545","68.77019","40.549603","0.714144"
"D:\HAA\dACC revisions\Run 4\Br6471_dACC_20x_img_021-MaxIP-Stitched_unmixed_rotated.nd2","Layer 1","dACC_v17_ FISH-IF v2.4.4","1079","3187","3213","4666","4686","0","0","0","0","1","1","2740.5564","0","613.7998","0","0","0","0","0","0","0","0","0","0","0","0","0","0","0","0","0","0","0","0","72.820915","44.60396","28.216953","22.956654","0.843668"
"D:\HAA\dACC revisions\Run 4\Br6471_dACC_20x_img_021-MaxIP-Stitched_unmixed_rotated.nd2","Layer 1","dACC_v17_ FISH-IF v2.4.4","1080","3104","3125","4666","4690","0","0","0","0","1","1","1695.9004","0","215.64624","0","0","0","0","0","0","0","0","0","0","0","0","0","0","0","0","0","0","0","0","71.80823","59.33385","12.474379","15.876565","0.719334"
"D:\HAA\dACC revisions\Run 4\Br6471_dACC_20x_img_021-MaxIP-Stitched_unmixed_rotated.nd2","Layer 1","dACC_v17_ FISH-IF v2.4.4","1081","3177","3204","4676","4706","0","0","0","0","1","1","2573.8616","0","448.69263","0","0","0","0","0","0","0","0","0","0","0","0","0","0","0","0","0","0","0","0","107.89647","67.98766","39.908806","28.534906","0.78555"
"D:\HAA\dACC revisions\Run 4\Br6471_dACC_20x_img_021-MaxIP-Stitched_unmixed_rotated.nd2","Layer 1","dACC_v17_ FISH-IF v2.4.4","1082","3141","3176","4683","4720","1","1","0","0","1","1","1277.7698","0","311.17517","0","0","0","0","0","4","6.720514","1","5332.1753","793.4178","12","13.164843","2","11676.985","886.98254","0","0","0","0","0","180.9015","109.323425","71.57808","39.90596","0.744833"
"D:\HAA\dACC revisions\Run 4\Br6471_dACC_20x_img_021-MaxIP-Stitched_unmixed_rotated.nd2","Layer 1","dACC_v17_ FISH-IF v2.4.4","1083","3084","3113","4705","4736","0","0","0","0","1","1","2523.1277","0","377.8265","0","0","0","0","0","0","0","0","0","0","0","0","0","0","0","0","0","0","0","0","125.48028","85.43338","40.046898","28.749454","0.867197"
"D:\HAA\dACC revisions\Run 4\Br6471_dACC_20x_img_021-MaxIP-Stitched_unmixed_rotated.nd2","Layer 1","dACC_v17_ FISH-IF v2.4.4","1084","3289","3321","4706","4743","0","0","0","0","1","1","1658.0798","0","330.00577","0","0","0","0","0","0","0","0","0","0","0","0","0","0","0","0","0","0","0","0","168.19698","103.66163","64.53535","37.331383","0.802493"
"D:\HAA\dACC revisions\Run 4\Br6471_dACC_20x_img_021-MaxIP-Stitched_unmixed_rotated.nd2","Layer 1","dACC_v17_ FISH-IF v2.4.4","1085","3205","3236","4708","4736","0","0","0","0","1","1","2018.9357","0","349.9108","0","0","0","0","0","0","0","0","0","0","0","0","0","0","0","0","0","0","0","0","124.51363","85.157196","39.356434","28.320358","0.815216"
"D:\HAA\dACC revisions\Run 4\Br6471_dACC_20x_img_021-MaxIP-Stitched_unmixed_rotated.nd2","Layer 1","dACC_v17_ FISH-IF v2.4.4","1086","3119","3149","4754","4786","0","0","0","0","1","1","2069.1045","0","366.98752","0","0","0","0","0","0","0","0","0","0","0","0","0","0","0","0","0","0","0","0","141.49904","92.107864","49.391174","31.324034","0.868129"
"D:\HAA\dACC revisions\Run 4\Br6471_dACC_20x_img_021-MaxIP-Stitched_unmixed_rotated.nd2","Layer 1","dACC_v17_ FISH-IF v2.4.4","1087","3380","3403","4765","4787","0","0","0","0","1","1","1708.1963","0","253.96669","0","0","0","0","0","0","0","0","0","0","0","0","0","0","0","0","0","0","0","0","75.58276","60.806843","14.775925","16.734756","0.826611"
"D:\HAA\dACC revisions\Run 4\Br6471_dACC_20x_img_021-MaxIP-Stitched_unmixed_rotated.nd2","Layer 1","dACC_v17_ FISH-IF v2.4.4","1088","3170","3191","4779","4803","0","0","0","0","1","1","1728.0328","0","255.11913","0","0","0","0","0","0","0","0","0","0","0","0","0","0","0","0","0","0","0","0","74.66215","60.66875","13.993399","16.734756","0.792022"
"D:\HAA\dACC revisions\Run 4\Br6471_dACC_20x_img_021-MaxIP-Stitched_unmixed_rotated.nd2","Layer 1","dACC_v17_ FISH-IF v2.4.4","1089","3047","3076","4809","4843","0","0","0","0","1","1","1276.5134","0","238.0731","0","0","0","0","0","0","0","0","0","0","0","0","0","0","0","0","0","0","0","0","140.34827","92.56818","47.780094","31.75313","0.781273"
"D:\HAA\dACC revisions\Run 4\Br6471_dACC_20x_img_021-MaxIP-Stitched_unmixed_rotated.nd2","Layer 1","dACC_v17_ FISH-IF v2.4.4","1090","3123","3157","4819","4856","0","0","0","0","1","1","1428.2994","0","265.50494","0","0","0","0","0","0","0","0","0","0","0","0","0","0","0","0","0","0","0","0","178.646","107.02188","71.62411","38.61867","0.835387"
"D:\HAA\dACC revisions\Run 4\Br6471_dACC_20x_img_021-MaxIP-Stitched_unmixed_rotated.nd2","Layer 1","dACC_v17_ FISH-IF v2.4.4","1091","3186","3206","4860","4883","0","0","0","0","1","1","1499.0039","0","230.81636","0","0","0","0","0","0","0","0","0","0","0","0","0","0","0","0","0","0","0","0","69.2305","57.400555","11.829946","15.018372","0.789857"
"D:\HAA\dACC revisions\Run 4\Br6471_dACC_20x_img_021-MaxIP-Stitched_unmixed_rotated.nd2","Layer 1","dACC_v17_ FISH-IF v2.4.4","1092","3409","3425","4876","4891","0","0","0","0","1","1","1065.4","0","363.86945","0","0","0","0","0","0","0","0","0","0","0","0","0","0","0","0","0","0","0","0","36.732674","34.200974","2.5317","6.007349","0.831027"
"D:\HAA\dACC revisions\Run 4\Br6471_dACC_20x_img_021-MaxIP-Stitched_unmixed_rotated.nd2","Layer 1","dACC_v17_ FISH-IF v2.4.4","1093","3239","3258","4880","4899","0","0","0","0","1","1","775.5191","0","147.56244","0","0","0","0","0","0","0","0","0","0","0","0","0","0","0","1","1.979329","0","1011.25323","510.90698","52.843494","46.813442","6.03005","10.298312","0.893219"
"D:\HAA\dACC revisions\Run 4\Br6471_dACC_20x_img_021-MaxIP-Stitched_unmixed_rotated.nd2","Layer 1","dACC_v17_ FISH-IF v2.4.4","1094","3406","3433","4889","4918","0","0","0","0","1","1","2081.5015","0","408.39618","0","0","0","0","0","0","0","0","0","0","0","0","0","0","0","0","0","0","0","0","106.69967","77.14782","29.55185","27.03307","0.69383"
"D:\HAA\dACC revisions\Run 4\Br6471_dACC_20x_img_021-MaxIP-Stitched_unmixed_rotated.nd2","Layer 1","dACC_v17_ FISH-IF v2.4.4","1095","3049","3079","4889","4923","0","0","0","1","1","1","1756.9344","0","286.2573","9","24.212263","1","36175.145","1494.0836","0","0","0","0","0","2","1.242835","0","1683.4427","812.7111","0","0","0","0","0","149.64651","96.25065","53.395863","33.040417","0.805098"
"D:\HAA\dACC revisions\Run 4\Br6471_dACC_20x_img_021-MaxIP-Stitched_unmixed_rotated.nd2","Layer 1","dACC_v17_ FISH-IF v2.4.4","1096","3281","3310","4892","4923","0","0","0","0","1","1","2154.4873","0","355.8461","0","0","0","0","0","0","0","0","0","0","0","0","0","0","0","0","0","0","0","0","131.60239","88.24127","43.361126","29.17855","0.867227"
"D:\HAA\dACC revisions\Run 4\Br6471_dACC_20x_img_021-MaxIP-Stitched_unmixed_rotated.nd2","Layer 1","dACC_v17_ FISH-IF v2.4.4","1097","3184","3214","4899","4928","0","0","0","0","1","1","1053.7267","0","245.1795","0","0","0","0","0","0","0","0","0","0","0","0","0","0","0","0","0","0","0","0","132.43095","88.47142","43.959526","28.749454","0.857489"
"D:\HAA\dACC revisions\Run 4\Br6471_dACC_20x_img_021-MaxIP-Stitched_unmixed_rotated.nd2","Layer 1","dACC_v17_ FISH-IF v2.4.4","1098","2966","2990","4925","4946","0","0","0","0","1","1","549.0548","0","153.1539","0","0","0","0","0","0","0","0","0","0","0","0","0","0","0","0","0","0","0","0","74.98437","60.71478","14.269585","16.734756","0.795702"
"D:\HAA\dACC revisions\Run 4\Br6471_dACC_20x_img_021-MaxIP-Stitched_unmixed_rotated.nd2","Layer 1","dACC_v17_ FISH-IF v2.4.4","1099","2994","3014","4946","4981","0","0","0","0","1","1","1510.5264","0","216.97678","2","1.749175","0","1381.2958","789.6842","0","0","0","0","0","0","0","0","0","0","0","0","0","0","0","106.607605","81.24457","25.363035","24.67304","0.583155"
"D:\HAA\dACC revisions\Run 4\Br6471_dACC_20x_img_021-MaxIP-Stitched_unmixed_rotated.nd2","Layer 1","dACC_v17_ FISH-IF v2.4.4","1100","2770","2788","4952","4972","0","0","0","0","1","1","802.5585","0","138.47334","1","3.774535","0","3755.3403","994.9146","0","0","0","0","0","0","0","0","0","0","0","0","0","0","0","56.29581","49.20705","7.088761","11.156505","0.839874"
"D:\HAA\dACC revisions\Run 4\Br6471_dACC_20x_img_021-MaxIP-Stitched_unmixed_rotated.nd2","Layer 1","dACC_v17_ FISH-IF v2.4.4","1101","2999","3029","4976","5011","0","0","0","0","1","1","1728.342","0","270.38712","3","4.326906","0","3719.7124","859.6702","0","0","0","0","0","0","0","0","0","0","0","0","0","0","0","145.5958","92.98245","52.61334","33.040417","0.840825"
"D:\HAA\dACC revisions\Run 4\Br6471_dACC_20x_img_021-MaxIP-Stitched_unmixed_rotated.nd2","Layer 1","dACC_v17_ FISH-IF v2.4.4","1102","2661","2692","4979","5011","0","0","0","1","1","1","1422.3501","0","309.41888","14","39.58659","2","84060.28","2123.4534","0","0","0","0","0","0","0","0","0","0","0","0","0","0","0","141.08476","93.626884","47.457874","32.182224","0.816191"
"D:\HAA\dACC revisions\Run 4\Br6471_dACC_20x_img_021-MaxIP-Stitched_unmixed_rotated.nd2","Layer 1","dACC_v17_ FISH-IF v2.4.4","1103","2810","2837","4987","5016","0","0","0","0","1","1","2166.069","0","325.34625","0","0","0","0","0","0","0","0","0","0","0","0","0","0","0","0","0","0","0","0","110.6123","71.25586","39.356434","27.891262","0.905435"
"D:\HAA\dACC revisions\Run 4\Br6471_dACC_20x_img_021-MaxIP-Stitched_unmixed_rotated.nd2","Layer 1","dACC_v17_ FISH-IF v2.4.4","1104","2891","2912","4991","5014","0","0","0","0","1","1","1514.0325","0","218.42984","0","0","0","0","0","0","0","0","0","0","0","0","0","0","0","0","0","0","0","0","68.07973","56.756123","11.323606","15.018372","0.760084"
"D:\HAA\dACC revisions\Run 4\Br6471_dACC_20x_img_021-MaxIP-Stitched_unmixed_rotated.nd2","Layer 1","dACC_v17_ FISH-IF v2.4.4","1105","2833","2852","4994","5017","0","0","0","0","1","1","1614.487","0","342.2514","0","0","0","0","0","0","0","0","0","0","0","0","0","0","0","0","0","0","0","0","64.85756","48.884834","15.972729","17.378403","0.88104"
"D:\HAA\dACC revisions\Run 4\Br6471_dACC_20x_img_021-MaxIP-Stitched_unmixed_rotated.nd2","Layer 1","dACC_v17_ FISH-IF v2.4.4","1106","3026","3052","5001","5031","0","0","0","0","1","1","2034.8235","0","298.08936","0","0","0","0","0","0","0","0","0","0","0","0","0","0","0","0","0","0","0","0","115.031265","80.87632","34.15494","26.174877","0.810984"
"D:\HAA\dACC revisions\Run 4\Br6471_dACC_20x_img_021-MaxIP-Stitched_unmixed_rotated.nd2","Layer 1","dACC_v17_ FISH-IF v2.4.4","1107","2943","2962","5014","5036","0","0","0","0","1","1","1435.2129","0","217.73254","0","0","0","0","0","0","0","0","0","0","0","0","0","0","0","0","0","0","0","0","66.83689","54.730762","12.106132","15.018372","0.849938"
"D:\HAA\dACC revisions\Run 4\Br6471_dACC_20x_img_021-MaxIP-Stitched_unmixed_rotated.nd2","Layer 1","dACC_v17_ FISH-IF v2.4.4","1108","2963","2978","5017","5035","0","0","0","0","1","1","712.3714","0","133.99881","0","0","0","0","0","0","0","0","0","0","0","0","0","0","0","0","0","0","0","0","42.026226","38.80406","3.222164","7.294638","0.799459"
"D:\HAA\dACC revisions\Run 4\Br6471_dACC_20x_img_021-MaxIP-Stitched_unmixed_rotated.nd2","Layer 1","dACC_v17_ FISH-IF v2.4.4","1109","2870","2891","5017","5043","0","0","0","0","1","1","1230.8254","0","197.14952","2","3.774535","0","3195.006","846.46344","0","0","0","0","0","0","0","0","0","0","0","0","0","0","0","78.66684","63.108387","15.55845","17.59295","0.767276"
"D:\HAA\dACC revisions\Run 4\Br6471_dACC_20x_img_021-MaxIP-Stitched_unmixed_rotated.nd2","Layer 1","dACC_v17_ FISH-IF v2.4.4","1110","2792","2821","5027","5053","0","0","0","0","1","1","2106.1963","0","287.13913","0","0","0","0","0","0","0","0","0","0","0","0","0","0","0","0","0","0","0","0","100.715645","61.543335","39.17231","28.964003","0.84353"
"D:\HAA\dACC revisions\Run 4\Br6471_dACC_20x_img_021-MaxIP-Stitched_unmixed_rotated.nd2","Layer 1","dACC_v17_ FISH-IF v2.4.4","1111","2784","2813","5043","5071","0","0","0","0","1","1","1948.4559","0","361.78256","0","0","0","0","0","0","0","0","0","0","0","0","0","0","0","0","0","0","0","0","87.688896","44.880146","42.808754","30.036743","0.890969"
"D:\HAA\dACC revisions\Run 4\Br6471_dACC_20x_img_021-MaxIP-Stitched_unmixed_rotated.nd2","Layer 1","dACC_v17_ FISH-IF v2.4.4","1112","2768","2797","5051","5082","0","0","0","0","1","1","1808.1234","0","391.02142","0","0","0","0","0","0","0","0","0","0","0","0","0","0","0","0","0","0","0","0","115.6757","70.93365","44.74205","29.607647","0.838204"
"D:\HAA\dACC revisions\Run 4\Br6471_dACC_20x_img_021-MaxIP-Stitched_unmixed_rotated.nd2","Layer 1","dACC_v17_ FISH-IF v2.4.4","1113","2960","2984","5058","5079","0","0","0","0","1","1","1148.4979","0","307.14114","0","0","0","0","0","0","0","0","0","0","0","0","0","0","0","0","0","0","0","0","68.494","57.400555","11.093451","15.876565","0.562261"
"D:\HAA\dACC revisions\Run 4\Br6471_dACC_20x_img_021-MaxIP-Stitched_unmixed_rotated.nd2","Layer 1","dACC_v17_ FISH-IF v2.4.4","1114","2890","2909","5060","5083","0","0","0","0","1","1","656.0603","0","148.54877","0","0","0","0","0","0","0","0","0","0","0","0","0","0","0","0","0","0","0","0","63.430603","54.27045","9.160152","13.731083","0.704484"
"D:\HAA\dACC revisions\Run 4\Br6471_dACC_20x_img_021-MaxIP-Stitched_unmixed_rotated.nd2","Layer 1","dACC_v17_ FISH-IF v2.4.4","1115","2941","2965","5065","5091","0","0","0","0","1","1","1771.4009","0","308.91632","0","0","0","0","0","0","0","0","0","0","0","0","0","0","0","0","0","0","0","0","87.044464","65.45596","21.588501","20.596624","0.850568"
"D:\HAA\dACC revisions\Run 4\Br6471_dACC_20x_img_021-MaxIP-Stitched_unmixed_rotated.nd2","Layer 1","dACC_v17_ FISH-IF v2.4.4","1116","2996","3021","5096","5123","0","0","0","0","1","1","1939.3491","0","313.84717","0","0","0","0","0","0","0","0","0","0","0","0","0","0","0","0","0","0","0","0","90.26663","62.049675","28.216953","25.102137","0.756932"
"D:\HAA\dACC revisions\Run 4\Br6471_dACC_20x_img_021-MaxIP-Stitched_unmixed_rotated.nd2","Layer 1","dACC_v17_ FISH-IF v2.4.4","1117","2746","2769","5108","5131","0","0","0","0","1","1","1509.9347","0","316.8056","0","0","0","0","0","0","0","0","0","0","0","0","0","0","0","0","0","0","0","0","74.93833","60.852875","14.085461","16.734756","0.770214"
"D:\HAA\dACC revisions\Run 4\Br6471_dACC_20x_img_021-MaxIP-Stitched_unmixed_rotated.nd2","Layer 1","dACC_v17_ FISH-IF v2.4.4","1118","3006","3020","5117","5130","0","0","0","0","1","1","1484.9272","0","600.2737","0","0","0","0","0","0","0","0","0","0","0","0","0","0","0","0","0","0","0","0","20.713913","13.118812","7.595101","12.658342","0.699902"
"D:\HAA\dACC revisions\Run 4\Br6471_dACC_20x_img_021-MaxIP-Stitched_unmixed_rotated.nd2","Layer 1","dACC_v17_ FISH-IF v2.4.4","1119","2924","2954","5115","5143","0","0","0","0","1","1","837.5844","0","225.15709","0","0","0","0","0","0","0","0","0","0","0","0","0","0","0","0","0","0","0","0","119.86451","84.973076","34.891434","27.891262","0.687168"
"D:\HAA\dACC revisions\Run 4\Br6471_dACC_20x_img_021-MaxIP-Stitched_unmixed_rotated.nd2","Layer 1","dACC_v17_ FISH-IF v2.4.4","1120","3011","3035","5115","5144","0","0","0","0","1","1","1251.0983","0","296.51575","0","0","0","0","0","0","0","0","0","0","0","0","0","0","0","0","0","0","0","0","91.87771","62.832203","29.04551","24.458492","0.745145"
"D:\HAA\dACC revisions\Run 4\Br6471_dACC_20x_img_021-MaxIP-Stitched_unmixed_rotated.nd2","Layer 1","dACC_v17_ FISH-IF v2.4.4","1121","2821","2851","5115","5143","0","0","0","0","1","1","1728.3174","0","369.7357","0","0","0","0","0","0","0","0","0","0","0","0","0","0","0","0","0","0","0","0","111.34879","78.71287","32.63592","26.603973","0.818869"
"D:\HAA\dACC revisions\Run 4\Br6471_dACC_20x_img_021-MaxIP-Stitched_unmixed_rotated.nd2","Layer 1","dACC_v17_ FISH-IF v2.4.4","1122","2676","2704","5132","5163","0","0","0","0","1","1","2104.0374","0","292.036","0","0","0","0","0","0","0","0","0","0","0","0","0","0","0","0","0","0","0","0","108.126625","63.890915","44.23571","31.109486","0.883655"
"D:\HAA\dACC revisions\Run 4\Br6471_dACC_20x_img_021-MaxIP-Stitched_unmixed_rotated.nd2","Layer 1","dACC_v17_ FISH-IF v2.4.4","1123","2832","2869","5134","5176","0","0","0","0","1","1","816.3067","0","249.46225","0","0","0","0","0","0","0","0","0","0","0","0","0","0","0","0","0","0","0","0","209.39464","119.49626","89.898384","45.48421","0.765629"
"D:\HAA\dACC revisions\Run 4\Br6471_dACC_20x_img_021-MaxIP-Stitched_unmixed_rotated.nd2","Layer 1","dACC_v17_ FISH-IF v2.4.4","1124","2690","2718","5144","5172","0","0","0","0","1","1","2253.784","0","288.7132","0","0","0","0","0","0","0","0","0","0","0","0","0","0","0","0","0","0","0","0","98.27601","59.7021","38.57391","28.964003","0.854229"
"D:\HAA\dACC revisions\Run 4\Br6471_dACC_20x_img_021-MaxIP-Stitched_unmixed_rotated.nd2","Layer 1","dACC_v17_ FISH-IF v2.4.4","1125","2965","2996","5169","5204","0","0","0","0","1","1","1527.0288","0","292.67633","0","0","0","0","0","0","0","0","0","0","0","0","0","0","0","0","0","0","0","0","151.21156","96.84905","54.362514","33.469513","0.792319"
"D:\HAA\dACC revisions\Run 4\Br6471_dACC_20x_img_021-MaxIP-Stitched_unmixed_rotated.nd2","Layer 1","dACC_v17_ FISH-IF v2.4.4","1126","2919","2938","5201","5219","0","0","0","0","1","1","845.77234","0","133.6999","0","0","0","0","0","0","0","0","0","0","0","0","0","0","0","0","0","0","0","0","51.830814","46.16901","5.661803","9.654668","0.879879"
"D:\HAA\dACC revisions\Run 4\Br6471_dACC_20x_img_021-MaxIP-Stitched_unmixed_rotated.nd2","Layer 1","dACC_v17_ FISH-IF v2.4.4","1127","2864","2893","5211","5241","0","0","0","0","1","1","1829.1442","0","266.9784","1","4.557061","0","5185.4287","1137.8889","0","0","0","0","0","0","0","0","0","0","0","0","0","0","0","125.75647","85.20323","40.553238","28.320358","0.924663"
"D:\HAA\dACC revisions\Run 4\Br6471_dACC_20x_img_021-MaxIP-Stitched_unmixed_rotated.nd2","Layer 1","dACC_v17_ FISH-IF v2.4.4","1128","2776","2796","5221","5241","0","0","0","0","1","1","680.0136","0","140.69437","0","0","0","0","0","0","0","0","0","0","0","0","0","0","0","0","0","0","0","0","54.960915","48.19437","6.766545","11.156505","0.872753"
"D:\HAA\dACC revisions\Run 4\Br6471_dACC_20x_img_021-MaxIP-Stitched_unmixed_rotated.nd2","Layer 1","dACC_v17_ FISH-IF v2.4.4","1129","2776","2816","5292","5322","0","0","0","0","1","1","2279.484","0","341.8664","0","0","0","0","0","0","0","0","0","0","0","0","0","0","0","0","0","0","0","0","163.82404","86.12385","77.70019","41.19325","0.787426"
"D:\HAA\dACC revisions\Run 4\Br6471_dACC_20x_img_021-MaxIP-Stitched_unmixed_rotated.nd2","Layer 1","dACC_v17_ FISH-IF v2.4.4","1130","2706","2726","5303","5326","0","0","0","1","1","1","1238.8541","0","227.5849","4","6.398297","1","5392.4297","842.7914","0","0","0","0","0","0","0","0","0","0","0","0","0","0","0","66.83689","56.111687","10.725204","14.589275","0.758413"
"D:\HAA\dACC revisions\Run 4\Br6471_dACC_20x_img_021-MaxIP-Stitched_unmixed_rotated.nd2","Layer 1","dACC_v17_ FISH-IF v2.4.4","1131","2785","2815","5315","5339","0","0","0","0","1","1","1872.2584","0","613.2118","0","0","0","0","0","0","0","0","0","0","0","0","0","0","0","0","0","0","0","0","101.728325","59.33385","42.394474","27.676714","0.807289"
"D:\HAA\dACC revisions\Run 4\Br6471_dACC_20x_img_021-MaxIP-Stitched_unmixed_rotated.nd2","Layer 1","dACC_v17_ FISH-IF v2.4.4","1132","2684","2703","5321","5341","0","0","0","0","1","1","1191.3125","0","183.92113","2","8.653812","0","9819.315","1134.6809","0","0","0","0","0","0","0","0","0","0","0","0","0","0","0","58.873543","50.772102","8.101441","12.014698","0.858712"
"D:\HAA\dACC revisions\Run 4\Br6471_dACC_20x_img_021-MaxIP-Stitched_unmixed_rotated.nd2","Layer 1","dACC_v17_ FISH-IF v2.4.4","1133","4031","4054","5722","5749","0","0","0","0","1","1","404.4372","0","149.24669","0","0","0","0","0","0","0","0","0","0","0","0","0","0","0","0","0","0","0","0","88.47142","69.41463","19.056799","20.596624","0.671945"
"D:\HAA\dACC revisions\Run 4\Br6471_dACC_20x_img_021-MaxIP-Stitched_unmixed_rotated.nd2","Layer 1","dACC_v17_ FISH-IF v2.4.4","1134","3927","3953","5726","5761","0","0","0","0","1","1","861.6161","0","241.22548","0","0","0","0","0","0","0","0","0","0","0","0","0","0","0","0","0","0","0","0","137.08008","92.47611","44.60396","29.822195","0.717445"
"D:\HAA\dACC revisions\Run 4\Br6471_dACC_20x_img_021-MaxIP-Stitched_unmixed_rotated.nd2","Layer 1","dACC_v17_ FISH-IF v2.4.4","1135","4185","4204","5728","5753","0","0","0","0","1","1","1796.4108","0","321.59903","0","0","0","0","0","0","0","0","0","0","0","0","0","0","0","0","0","0","0","0","66.79086","47.18169","19.60917","19.094788","0.838704"
"D:\HAA\dACC revisions\Run 4\Br6471_dACC_20x_img_021-MaxIP-Stitched_unmixed_rotated.nd2","Layer 1","dACC_v17_ FISH-IF v2.4.4","1136","4159","4190","5730","5765","0","0","0","0","1","1","1882.2375","0","424.01224","0","0","0","0","0","0","0","0","0","0","0","0","0","0","0","0","0","0","0","0","138.96735","79.081116","59.886223","37.975025","0.747949"
"D:\HAA\dACC revisions\Run 4\Br6471_dACC_20x_img_021-MaxIP-Stitched_unmixed_rotated.nd2","Layer 1","dACC_v17_ FISH-IF v2.4.4","1137","4059","4077","5732","5751","0","0","0","0","1","1","378.49152","0","123.62173","0","0","0","0","0","0","0","0","0","0","0","0","0","0","0","0","0","0","0","0","51.18638","45.75473","5.431648","9.44012","0.847907"
"D:\HAA\dACC revisions\Run 4\Br6471_dACC_20x_img_021-MaxIP-Stitched_unmixed_rotated.nd2","Layer 1","dACC_v17_ FISH-IF v2.4.4","1138","3870","3903","5737","5768","0","0","0","1","1","1","2376.778","0","502.49225","15","33.418446","3","77448.766","2317.5454","0","0","0","0","0","1","0.874587","0","631.77435","722.3684","0","0","0","0","0","137.1261","92.107864","45.018238","32.61132","0.746998"
"D:\HAA\dACC revisions\Run 4\Br6471_dACC_20x_img_021-MaxIP-Stitched_unmixed_rotated.nd2","Layer 1","dACC_v17_ FISH-IF v2.4.4","1139","4150","4181","5761","5791","0","0","0","0","1","1","2145.884","0","336.88342","2","2.255515","0","1905.1736","844.67346","1","1.058711","0","763.0545","720.73914","0","0","0","0","0","0","0","0","0","0","133.30554","86.07781","47.227722","30.46584","0.880689"
"D:\HAA\dACC revisions\Run 4\Br6471_dACC_20x_img_021-MaxIP-Stitched_unmixed_rotated.nd2","Layer 1","dACC_v17_ FISH-IF v2.4.4","1140","3845","3872","5763","5794","0","0","0","0","1","1","2372.2712","0","351.628","0","0","0","0","0","0","0","0","0","0","0","0","0","0","0","1","0.368247","0","164.46848","446.625","123.22477","84.88101","38.343754","27.891262","0.804181"
"D:\HAA\dACC revisions\Run 4\Br6471_dACC_20x_img_021-MaxIP-Stitched_unmixed_rotated.nd2","Layer 1","dACC_v17_ FISH-IF v2.4.4","1141","4221","4245","5781","5805","0","0","0","1","1","1","1551.873","0","262.26575","6","18.688553","1","33355.152","1784.7906","0","0","0","0","0","0","0","0","0","0","0","0","0","0","0","87.504776","67.20514","20.299635","19.738432","0.844507"
"D:\HAA\dACC revisions\Run 4\Br6471_dACC_20x_img_021-MaxIP-Stitched_unmixed_rotated.nd2","Layer 1","dACC_v17_ FISH-IF v2.4.4","1142","3965","3989","5849","5874","0","0","0","0","1","1","1368.9341","0","210.11427","0","0","0","0","0","0","0","0","0","0","0","0","0","0","0","0","0","0","0","0","86.031784","66.46864","19.56314","19.309336","0.842085"
"D:\HAA\dACC revisions\Run 4\Br6471_dACC_20x_img_021-MaxIP-Stitched_unmixed_rotated.nd2","Layer 1","dACC_v17_ FISH-IF v2.4.4","1143","4141","4173","5917","5947","0","0","0","1","1","1","1999.1321","0","343.18478","10","27.618551","2","50753.414","1837.6566","0","0","0","0","0","0","0","0","0","0","0","0","0","0","0","136.5277","90.17457","46.353134","30.894936","0.851534"
"D:\HAA\dACC revisions\Run 4\Br6471_dACC_20x_img_021-MaxIP-Stitched_unmixed_rotated.nd2","Layer 1","dACC_v17_ FISH-IF v2.4.4","1144","3886","3908","5978","5998","0","0","0","0","1","1","1672.2594","0","227.97252","3","6.720514","0","14592.491","2171.3357","0","0","0","0","0","0","0","0","0","0","0","0","0","0","0","49.529266","38.527878","11.00139","15.662017","0.70356"
"D:\HAA\dACC revisions\Run 4\Br6471_dACC_20x_img_021-MaxIP-Stitched_unmixed_rotated.nd2","Layer 1","dACC_v17_ FISH-IF v2.4.4","1145","3880","3897","5983","6002","0","0","0","0","1","1","1601.3789","0","240.13412","2","6.260205","0","9853.792","1574.0367","0","0","0","0","0","0","0","0","0","0","0","0","0","0","0","38.29772","30.886745","7.410978","12.658342","0.786436"
"D:\HAA\dACC revisions\Run 4\Br6471_dACC_20x_img_021-MaxIP-Stitched_unmixed_rotated.nd2","Layer 1","dACC_v17_ FISH-IF v2.4.4","1146","4236","4256","5988","6008","0","0","0","0","1","1","1294.4208","0","180.8823","1","3.406288","0","3616.1428","1061.6082","0","0","0","0","0","0","0","0","0","0","0","0","0","0","0","57.21643","49.66736","7.54907","11.585601","0.910204"
"D:\HAA\dACC revisions\Run 4\Br6471_dACC_20x_img_021-MaxIP-Stitched_unmixed_rotated.nd2","Layer 1","dACC_v17_ FISH-IF v2.4.4","1147","4132","4159","6014","6045","0","0","0","0","1","1","2459.0935","0","358.70026","0","0","0","0","0","0","0","0","0","0","0","0","0","0","0","0","0","0","0","0","124.74379","85.38735","39.356434","27.462166","0.832805"
"D:\HAA\dACC revisions\Run 4\Br6471_dACC_20x_img_021-MaxIP-Stitched_unmixed_rotated.nd2","Layer 1","dACC_v17_ FISH-IF v2.4.4","1148","4056","4074","6029","6047","0","0","0","0","1","1","369.12244","0","114.04757","0","0","0","0","0","0","0","0","0","0","0","0","0","0","0","0","0","0","0","0","48.05628","43.545246","4.51103","8.581926","0.873569"
"D:\HAA\dACC revisions\Run 4\Br6471_dACC_20x_img_021-MaxIP-Stitched_unmixed_rotated.nd2","Layer 1","dACC_v17_ FISH-IF v2.4.4","1149","4202","4243","6037","6062","0","0","0","0","1","1","2213.712","0","446.34732","0","0","0","0","0","0","0","0","0","0","0","0","0","0","0","0","0","0","0","0","123.91523","92.107864","31.807364","35.614998","0.41438"
"D:\HAA\dACC revisions\Run 4\Br6471_dACC_20x_img_021-MaxIP-Stitched_unmixed_rotated.nd2","Layer 1","dACC_v17_ FISH-IF v2.4.4","1150","4218","4241","6059","6076","0","0","0","0","1","1","1260.0974","0","376.58212","0","0","0","0","0","0","0","0","0","0","0","0","0","0","0","0","0","0","0","0","55.69741","44.834114","10.863297","14.589275","0.807506"
"D:\HAA\dACC revisions\Run 4\Br6471_dACC_20x_img_021-MaxIP-Stitched_unmixed_rotated.nd2","Layer 1","dACC_v17_ FISH-IF v2.4.4","1151","3967","3996","6085","6114","0","0","0","0","1","1","2374.8289","0","295.8495","0","0","0","0","0","0","0","0","0","0","0","0","0","0","0","0","0","0","0","0","123.36286","84.09849","39.264374","27.03307","0.919672"
"D:\HAA\dACC revisions\Run 4\Br6471_dACC_20x_img_021-MaxIP-Stitched_unmixed_rotated.nd2","Layer 1","dACC_v17_ FISH-IF v2.4.4","1152","5251","5279","4156","4184","0","0","0","0","1","1","1881.0155","0","298.47855","0","0","0","0","0","0","0","0","0","0","0","0","0","0","0","0","0","0","0","0","113.28209","80.50807","32.774014","26.174877","0.770875"
"D:\HAA\dACC revisions\Run 4\Br6471_dACC_20x_img_021-MaxIP-Stitched_unmixed_rotated.nd2","Layer 1","dACC_v17_ FISH-IF v2.4.4","1153","5129","5160","4175","4203","0","0","0","0","1","1","1652.2758","0","266.59244","0","0","0","0","0","0","0","0","0","0","0","0","0","0","0","0","0","0","0","0","120.96925","83.91436","37.05489","27.891262","0.794423"
"D:\HAA\dACC revisions\Run 4\Br6471_dACC_20x_img_021-MaxIP-Stitched_unmixed_rotated.nd2","Layer 1","dACC_v17_ FISH-IF v2.4.4","1154","5237","5266","4205","4232","0","0","0","1","1","1","2072.3516","0","480.85153","8","24.856695","1","37425.9","1505.6666","2","3.544381","0","4344.536","1225.7533","1","0.598402","0","380.2154","635.38464","0","0","0","0","0","109.59962","77.51607","32.08355","25.316685","0.865316"
"D:\HAA\dACC revisions\Run 4\Br6471_dACC_20x_img_021-MaxIP-Stitched_unmixed_rotated.nd2","Layer 1","dACC_v17_ FISH-IF v2.4.4","1155","5065","5095","4216","4244","0","0","0","1","1","1","1886.9824","0","349.15887","7","22.647211","1","30562.273","1349.4939","0","0","0","0","0","0","0","0","0","0","0","0","0","0","0","123.91523","84.60483","39.310402","27.891262","0.854291"
"D:\HAA\dACC revisions\Run 4\Br6471_dACC_20x_img_021-MaxIP-Stitched_unmixed_rotated.nd2","Layer 1","dACC_v17_ FISH-IF v2.4.4","1156","5346","5386","4220","4259","1","1","0","0","1","1","953.0858","0","238.72922","0","0","0","0","0","27","44.972206","3","56100.41","1247.4463","6","4.879277","1","3232.7053","662.5377","0","0","0","0","0","217.86433","122.39621","95.468124","45.48421","0.808098"
"D:\HAA\dACC revisions\Run 4\Br6471_dACC_20x_img_021-MaxIP-Stitched_unmixed_rotated.nd2","Layer 1","dACC_v17_ FISH-IF v2.4.4","1157","5213","5251","4222","4262","1","1","0","0","1","1","834.52954","0","266.79703","0","0","0","0","0","19","33.09623","3","35896.383","1074.1488","4","4.096752","1","3093.0015","754.9888","0","0","0","0","0","187.89821","102.2807","85.61751","45.913307","0.82008"
"D:\HAA\dACC revisions\Run 4\Br6471_dACC_20x_img_021-MaxIP-Stitched_unmixed_rotated.nd2","Layer 1","dACC_v17_ FISH-IF v2.4.4","1158","5242","5255","4231","4246","0","0","0","0","1","1","615.9394","0","391.15894","1","1.01268","0","837.25635","826.7727","3","7.364947","0","8249.615","1120.1188","1","1.01268","0","801.39825","791.36365","0","0","0","0","0","25.409067","20.852005","4.557061","8.796475","0.734092"
"D:\HAA\dACC revisions\Run 4\Br6471_dACC_20x_img_021-MaxIP-Stitched_unmixed_rotated.nd2","Layer 1","dACC_v17_ FISH-IF v2.4.4","1159","5075","5110","4267","4301","0","0","0","1","1","1","1513.9545","0","328.13174","6","17.813965","1","25326.947","1421.7468","0","0","0","0","0","0","0","0","0","0","0","0","0","0","0","155.86069","101.31405","54.54664","36.47319","0.701277"
"D:\HAA\dACC revisions\Run 4\Br6471_dACC_20x_img_021-MaxIP-Stitched_unmixed_rotated.nd2","Layer 1","dACC_v17_ FISH-IF v2.4.4","1160","5273","5305","4280","4317","0","0","0","0","1","1","1457.5616","0","276.189","0","0","0","0","0","0","0","0","0","0","0","0","0","0","0","0","0","0","0","0","170.22234","103.753685","66.46864","36.47319","0.85991"
"D:\HAA\dACC revisions\Run 4\Br6471_dACC_20x_img_021-MaxIP-Stitched_unmixed_rotated.nd2","Layer 1","dACC_v17_ FISH-IF v2.4.4","1161","5162","5187","4286","4312","0","0","0","1","1","1","1987.9902","0","374.98636","6","18.044119","1","22790.322","1263.0332","0","0","0","0","0","0","0","0","0","0","0","0","0","0","0","94.31735","70.84158","23.475767","21.454817","0.864724"
"D:\HAA\dACC revisions\Run 4\Br6471_dACC_20x_img_021-MaxIP-Stitched_unmixed_rotated.nd2","Layer 1","dACC_v17_ FISH-IF v2.4.4","1162","5271","5292","4330","4359","1","0","0","0","1","1","849.7835","0","372.24368","0","0","0","0","0","9","15.788605","1","12973.584","821.70557","1","0.644433","0","425.5098","660.2857","1","0.828557","0","380.12332","458.77777","84.466736","63.844883","20.621851","22.31301","0.647685"
"D:\HAA\dACC revisions\Run 4\Br6471_dACC_20x_img_021-MaxIP-Stitched_unmixed_rotated.nd2","Layer 1","dACC_v17_ FISH-IF v2.4.4","1163","5250","5273","4336","4365","1","0","0","0","1","1","1804.6797","0","439.61923","0","0","0","0","0","7","13.487059","1","11848.082","878.47784","2","1.51902","0","980.5966","645.5455","3","1.104742","0","465.4186","421.29166","92.66024","67.941635","24.718603","24.887589","0.61075"
"D:\HAA\dACC revisions\Run 4\Br6471_dACC_20x_img_021-MaxIP-Stitched_unmixed_rotated.nd2","Layer 1","dACC_v17_ FISH-IF v2.4.4","1164","5100","5120","4347","4367","0","0","0","0","1","1","441.69287","0","129.34294","0","0","0","0","0","0","0","0","0","0","0","0","0","0","0","0","0","0","0","0","54.362514","47.918186","6.444328","11.156505","0.820194"
"D:\HAA\dACC revisions\Run 4\Br6471_dACC_20x_img_021-MaxIP-Stitched_unmixed_rotated.nd2","Layer 1","dACC_v17_ FISH-IF v2.4.4","1165","5184","5203","4355","4374","0","0","0","0","1","1","425.39838","0","136.15685","0","0","0","0","0","0","0","0","0","0","0","0","0","0","0","0","0","0","0","0","51.73875","46.07695","5.661803","9.869216","0.850035"
"D:\HAA\dACC revisions\Run 4\Br6471_dACC_20x_img_021-MaxIP-Stitched_unmixed_rotated.nd2","Layer 1","dACC_v17_ FISH-IF v2.4.4","1166","5306","5325","4358","4378","0","0","0","0","1","1","805.2053","0","150.36783","0","0","0","0","0","0","0","0","0","0","0","0","0","0","0","0","0","0","0","0","55.881535","48.930866","6.950668","11.156505","0.81394"
"D:\HAA\dACC revisions\Run 4\Br6471_dACC_20x_img_021-MaxIP-Stitched_unmixed_rotated.nd2","Layer 1","dACC_v17_ FISH-IF v2.4.4","1167","5229","5268","4384","4411","0","0","0","0","1","1","1817.4418","0","282.71115","0","0","0","0","0","0","0","0","0","0","0","0","0","0","0","0","0","0","0","0","157.19559","101.037865","56.15772","33.89861","0.730773"
"D:\HAA\dACC revisions\Run 4\Br6471_dACC_20x_img_021-MaxIP-Stitched_unmixed_rotated.nd2","Layer 1","dACC_v17_ FISH-IF v2.4.4","1168","5148","5188","4398","4436","1","0","0","0","1","1","932.8072","0","258.17105","0","0","0","0","0","13","23.153551","2","21888.07","937.8856","2","2.02536","0","1487.1208","734.25","1","0.460309","0","200.0964","434.7","220.11984","122.71843","97.40142","44.196922","0.860552"
"D:\HAA\dACC revisions\Run 4\Br6471_dACC_20x_img_021-MaxIP-Stitched_unmixed_rotated.nd2","Layer 1","dACC_v17_ FISH-IF v2.4.4","1169","5408","5435","4399","4425","0","0","0","0","1","1","2371.0176","0","328.08087","0","0","0","0","0","0","0","0","0","0","0","0","0","0","0","0","0","0","0","0","99.1506","72.86694","26.283653","22.742105","0.819704"
"D:\HAA\dACC revisions\Run 4\Br6471_dACC_20x_img_021-MaxIP-Stitched_unmixed_rotated.nd2","Layer 1","dACC_v17_ FISH-IF v2.4.4","1170","5392","5409","4404","4423","0","0","0","0","1","1","690.7625","0","142.02756","0","0","0","0","0","0","0","0","0","0","0","0","0","0","0","0","0","0","0","0","45.432514","41.750042","3.682473","8.15283","0.717732"
"D:\HAA\dACC revisions\Run 4\Br6471_dACC_20x_img_021-MaxIP-Stitched_unmixed_rotated.nd2","Layer 1","dACC_v17_ FISH-IF v2.4.4","1171","5074","5097","4450","4484","0","0","0","1","1","1","1578.2498","0","375.04855","10","30.61056","2","45397.76","1478.6282","1","1.611082","0","1284.4006","797.2286","0","0","0","0","0","0","0","0","0","0","123.40889","82.487404","40.921486","30.036743","0.695241"
"D:\HAA\dACC revisions\Run 4\Br6471_dACC_20x_img_021-MaxIP-Stitched_unmixed_rotated.nd2","Layer 1","dACC_v17_ FISH-IF v2.4.4","1172","5097","5123","4459","4488","0","0","0","1","1","1","2325.8953","0","345.48752","7","13.348966","1","19307.346","1446.3552","0","0","0","0","0","0","0","0","0","0","0","0","0","0","0","117.056625","77.51607","39.540558","27.891262","0.843531"
"D:\HAA\dACC revisions\Run 4\Br6471_dACC_20x_img_021-MaxIP-Stitched_unmixed_rotated.nd2","Layer 1","dACC_v17_ FISH-IF v2.4.4","1173","5038","5075","4472","4515","1","0","0","0","1","1","960.8798","0","231.35005","0","0","0","0","0","23","37.19298","3","38446.91","1033.7141","2","2.347577","0","1690.4855","720.098","0","0","0","0","0","226.05783","125.710434","100.3474","46.342403","0.748903"
"D:\HAA\dACC revisions\Run 4\Br6471_dACC_20x_img_021-MaxIP-Stitched_unmixed_rotated.nd2","Layer 1","dACC_v17_ FISH-IF v2.4.4","1174","5215","5236","4488","4511","0","0","0","0","1","1","1668.0277","0","248.72742","0","0","0","0","0","0","0","0","0","0","0","0","0","0","0","0","0","0","0","0","71.90029","58.59736","13.302936","15.876565","0.877829"
"D:\HAA\dACC revisions\Run 4\Br6471_dACC_20x_img_021-MaxIP-Stitched_unmixed_rotated.nd2","Layer 1","dACC_v17_ FISH-IF v2.4.4","1175","5091","5119","4514","4542","0","0","0","0","1","1","1406.8635","0","217.22789","0","0","0","0","0","0","0","0","0","0","0","0","0","0","0","0","0","0","0","0","108.26472","78.574776","29.689941","25.316685","0.771072"
"D:\HAA\dACC revisions\Run 4\Br6471_dACC_20x_img_021-MaxIP-Stitched_unmixed_rotated.nd2","Layer 1","dACC_v17_ FISH-IF v2.4.4","1176","7332","7360","5338","5373","0","0","0","0","1","1","1467.6598","0","287.0246","3","6.53639","0","7224","1105.1971","0","0","0","0","0","0","0","0","0","0","0","0","0","0","0","136.29755","91.64756","44.64999","30.894936","0.729691"
"D:\HAA\dACC revisions\Run 4\Br6471_dACC_20x_img_021-MaxIP-Stitched_unmixed_rotated.nd2","Layer 1","dACC_v17_ FISH-IF v2.4.4","1177","7365","7398","5370","5394","0","0","0","1","1","1","1312.5477","0","256.02402","11","23.844015","2","64231.863","2693.836","0","0","0","0","0","1","0.690464","0","459.4346","665.4","0","0","0","0","0","119.54229","84.32864","35.213654","26.603973","0.736989"
"D:\HAA\dACC revisions\Run 4\Br6471_dACC_20x_img_021-MaxIP-Stitched_unmixed_rotated.nd2","Layer 1","dACC_v17_ FISH-IF v2.4.4","1178","7312","7332","5425","5446","0","0","0","0","1","1","747.75543","0","148.87045","0","0","0","0","0","0","0","0","0","0","0","0","0","0","0","0","0","0","0","0","60.346535","51.876842","8.469688","12.87289","0.808856"
"D:\HAA\dACC revisions\Run 4\Br6471_dACC_20x_img_021-MaxIP-Stitched_unmixed_rotated.nd2","Layer 1","dACC_v17_ FISH-IF v2.4.4","1179","7414","7437","5466","5490","0","0","0","0","1","1","997.9084","0","206.74876","2","2.715824","0","2392.457","880.9322","0","0","0","0","0","0","0","0","0","0","0","0","0","0","0","82.947716","64.85756","18.09015","18.451143","0.842339"
"D:\HAA\dACC revisions\Run 4\Br6471_dACC_20x_img_021-MaxIP-Stitched_unmixed_rotated.nd2","Layer 1","dACC_v17_ FISH-IF v2.4.4","1180","7308","7352","5485","5520","0","0","0","0","1","1","1808.7257","0","317.87314","0","0","0","0","0","0","0","0","0","0","0","0","0","0","0","0","0","0","0","0","190.93625","120.46291","70.473335","45.913307","0.608584"
"D:\HAA\dACC revisions\Run 4\Br6471_dACC_20x_img_021-MaxIP-Stitched_unmixed_rotated.nd2","Layer 1","dACC_v17_ FISH-IF v2.4.4","1181","7086","7108","5497","5520","0","0","0","0","1","1","812.982","0","164.79468","0","0","0","0","0","0","0","0","0","0","0","0","0","0","0","0","0","0","0","0","71.53204","58.73545","12.796595","16.734756","0.725465"
"D:\HAA\dACC revisions\Run 4\Br6471_dACC_20x_img_021-MaxIP-Stitched_unmixed_rotated.nd2","Layer 1","dACC_v17_ FISH-IF v2.4.4","1182","7110","7150","5500","5530","0","0","0","0","1","1","2030.3152","0","484.14407","0","0","0","0","0","0","0","0","0","0","0","0","0","0","0","3","2.393608","0","1071.3696","447.59616","166.17162","107.02188","59.14973","39.047768","0.639018"
"D:\HAA\dACC revisions\Run 4\Br6471_dACC_20x_img_021-MaxIP-Stitched_unmixed_rotated.nd2","Layer 1","dACC_v17_ FISH-IF v2.4.4","1183","7430","7457","5512","5543","0","0","0","1","1","1","1729.5607","0","323.20667","5","13.809276","1","18736.332","1356.7933","0","0","0","0","0","0","0","0","0","0","0","0","0","0","0","122.76446","84.4207","38.343754","27.462166","0.829084"
"D:\HAA\dACC revisions\Run 4\Br6471_dACC_20x_img_021-MaxIP-Stitched_unmixed_rotated.nd2","Layer 1","dACC_v17_ FISH-IF v2.4.4","1184","7096","7114","5516","5534","0","0","0","0","1","1","1327.5714","0","410.81387","0","0","0","0","0","0","0","0","0","0","0","0","0","0","0","0","0","0","0","0","43.63731","37.837414","5.799896","10.298312","0.754633"
"D:\HAA\dACC revisions\Run 4\Br6471_dACC_20x_img_021-MaxIP-Stitched_unmixed_rotated.nd2","Layer 1","dACC_v17_ FISH-IF v2.4.4","1185","7083","7107","5528","5557","0","0","0","0","1","1","1957.1647","0","567.13715","0","0","0","0","0","0","0","0","0","0","0","0","0","0","0","0","0","0","0","0","89.530136","50.68004","38.850094","28.749454","0.695857"
"D:\HAA\dACC revisions\Run 4\Br6471_dACC_20x_img_021-MaxIP-Stitched_unmixed_rotated.nd2","Layer 1","dACC_v17_ FISH-IF v2.4.4","1186","7106","7124","5533","5561","0","0","0","0","1","1","1267.1302","0","408.399","2","4.741185","0","4061.0317","856.5437","0","0","0","0","0","0","0","0","0","0","0","0","0","0","0","80.139824","53.994267","26.145561","24.887589","0.665564"
"D:\HAA\dACC revisions\Run 4\Br6471_dACC_20x_img_021-MaxIP-Stitched_unmixed_rotated.nd2","Layer 1","dACC_v17_ FISH-IF v2.4.4","1187","7058","7092","5542","5576","0","0","0","0","1","1","1359.8881","0","283.49408","0","0","0","0","0","0","0","0","0","0","0","0","0","0","0","0","0","0","0","0","164.60657","101.26802","63.338543","36.47319","0.788356"
"D:\HAA\dACC revisions\Run 4\Br6471_dACC_20x_img_021-MaxIP-Stitched_unmixed_rotated.nd2","Layer 1","dACC_v17_ FISH-IF v2.4.4","1188","7092","7121","5562","5586","0","0","0","0","1","1","2622.4482","0","313.45068","3","5.109432","0","4388.6797","858.93695","0","0","0","0","0","0","0","0","0","0","0","0","0","0","0","99.012505","72.820915","26.191591","25.102137","0.710846"
"D:\HAA\dACC revisions\Run 4\Br6471_dACC_20x_img_021-MaxIP-Stitched_unmixed_rotated.nd2","Layer 1","dACC_v17_ FISH-IF v2.4.4","1189","7046","7077","5571","5601","0","0","0","0","1","1","2675.528","0","545.14966","2","2.807886","0","2844.5725","1013.06555","0","0","0","0","0","0","0","0","0","0","0","0","0","0","0","131.87859","88.2873","43.591278","30.46584","0.853287"
"D:\HAA\dACC revisions\Run 4\Br6471_dACC_20x_img_021-MaxIP-Stitched_unmixed_rotated.nd2","Layer 1","dACC_v17_ FISH-IF v2.4.4","1190","7334","7353","5588","5607","0","0","0","0","1","1","671.1418","0","128.99805","0","0","0","0","0","0","0","0","0","0","0","0","0","0","0","0","0","0","0","0","53.211742","47.0436","6.168143","10.298312","0.904712"
"D:\HAA\dACC revisions\Run 4\Br6471_dACC_20x_img_021-MaxIP-Stitched_unmixed_rotated.nd2","Layer 1","dACC_v17_ FISH-IF v2.4.4","1191","7315","7334","5603","5622","0","0","0","0","1","1","490.24286","0","119.045364","1","1.242835","0","922.8278","742.5185","0","0","0","0","0","0","0","0","0","0","0","0","0","0","0","54.13236","47.68803","6.444328","10.298312","0.86467"
"D:\HAA\dACC revisions\Run 4\Br6471_dACC_20x_img_021-MaxIP-Stitched_unmixed_rotated.nd2","Layer 1","dACC_v17_ FISH-IF v2.4.4","1192","7381","7403","5608","5631","0","0","0","0","1","1","1277.9108","0","249.79045","3","10.955359","0","15575.021","1421.6807","0","0","0","0","0","0","0","0","0","0","0","0","0","0","0","80.093796","56.894215","23.199583","21.240269","0.707226"
"D:\HAA\dACC revisions\Run 4\Br6471_dACC_20x_img_021-MaxIP-Stitched_unmixed_rotated.nd2","Layer 1","dACC_v17_ FISH-IF v2.4.4","1193","7411","7442","5617","5649","0","0","0","1","1","1","1405.4675","0","297.04315","13","31.393085","2","65544.2","2087.8547","0","0","0","0","0","0","0","0","0","0","0","0","0","0","0","136.43564","93.90307","42.532566","33.040417","0.671224"
"D:\HAA\dACC revisions\Run 4\Br6471_dACC_20x_img_021-MaxIP-Stitched_unmixed_rotated.nd2","Layer 1","dACC_v17_ FISH-IF v2.4.4","1194","7124","7150","5623","5655","0","0","0","1","1","1","1948.604","0","363.49734","6","15.788605","1","17189.785","1088.7463","0","0","0","0","0","0","0","0","0","0","1","0.644433","0","284.1949","441","125.94059","86.538124","39.402466","27.891262","0.79075"
"D:\HAA\dACC revisions\Run 4\Br6471_dACC_20x_img_021-MaxIP-Stitched_unmixed_rotated.nd2","Layer 1","dACC_v17_ FISH-IF v2.4.4","1195","7287","7312","5624","5653","0","0","0","1","1","1","1419.512","0","269.94464","8","24.810665","1","49944.742","2013.0353","0","0","0","0","0","0","0","0","0","0","0","0","0","0","0","107.85044","78.98905","28.861385","24.458492","0.748099"
"D:\HAA\dACC revisions\Run 4\Br6471_dACC_20x_img_021-MaxIP-Stitched_unmixed_rotated.nd2","Layer 1","dACC_v17_ FISH-IF v2.4.4","1196","7382","7400","5631","5643","0","0","0","0","1","1","1118.4755","0","240.16919","2","2.715824","0","2840.1077","1045.7627","0","0","0","0","0","0","0","0","0","0","0","0","0","0","0","24.626541","15.236234","9.390307","13.731083","0.757626"
"D:\HAA\dACC revisions\Run 4\Br6471_dACC_20x_img_021-MaxIP-Stitched_unmixed_rotated.nd2","Layer 1","dACC_v17_ FISH-IF v2.4.4","1197","7367","7395","5629","5658","0","0","0","0","1","1","943.2311","0","184.50409","1","1.058711","0","784.9652","741.43475","0","0","0","0","0","0","0","0","0","0","0","0","0","0","0","103.43147","67.57339","35.858086","29.17855","0.74593"
"D:\HAA\dACC revisions\Run 4\Br6471_dACC_20x_img_021-MaxIP-Stitched_unmixed_rotated.nd2","Layer 1","dACC_v17_ FISH-IF v2.4.4","1198","7236","7272","5699","5739","0","0","0","0","1","1","1852.173","0","347.32678","1","0.690464","0","549.9314","796.4667","0","0","0","0","0","0","0","0","0","0","0","0","0","0","0","180.11897","114.66302","65.45596","43.982376","0.686777"
"D:\HAA\dACC revisions\Run 4\Br6471_dACC_20x_img_021-MaxIP-Stitched_unmixed_rotated.nd2","Layer 1","dACC_v17_ FISH-IF v2.4.4","1199","7094","7118","5706","5737","0","0","0","0","1","1","2249.1338","0","403.86816","2","4.142783","0","3622.1729","874.3333","0","0","0","0","0","0","0","0","0","0","0","0","0","0","0","112.95987","76.45735","36.502518","27.247618","0.821116"
"D:\HAA\dACC revisions\Run 4\Br6471_dACC_20x_img_021-MaxIP-Stitched_unmixed_rotated.nd2","Layer 1","dACC_v17_ FISH-IF v2.4.4","1200","7368","7386","5708","5726","0","0","0","0","1","1","435.7843","0","119.79707","0","0","0","0","0","0","0","0","0","0","0","0","0","0","0","0","0","0","0","0","48.70071","44.005558","4.695154","8.581926","0.867361"
"D:\HAA\dACC revisions\Run 4\Br6471_dACC_20x_img_021-MaxIP-Stitched_unmixed_rotated.nd2","Layer 1","dACC_v17_ FISH-IF v2.4.4","1201","7118","7140","5711","5736","0","0","0","0","1","1","1566.7396","0","289.4687","0","0","0","0","0","0","0","0","0","0","0","0","0","0","0","0","0","0","0","0","86.21591","63.936943","22.278965","20.596624","0.773511"
"D:\HAA\dACC revisions\Run 4\Br6471_dACC_20x_img_021-MaxIP-Stitched_unmixed_rotated.nd2","Layer 1","dACC_v17_ FISH-IF v2.4.4","1202","7159","7178","5716","5736","0","0","0","0","1","1","679.57056","0","142.39316","0","0","0","0","0","0","0","0","0","0","0","0","0","0","0","0","0","0","0","0","57.262463","49.759422","7.503039","11.585601","0.836631"
"D:\HAA\dACC revisions\Run 4\Br6471_dACC_20x_img_021-MaxIP-Stitched_unmixed_rotated.nd2","Layer 1","dACC_v17_ FISH-IF v2.4.4","1203","7331","7348","5719","5733","0","0","0","0","1","1","419.57144","0","256.5718","0","0","0","0","0","0","0","0","0","0","0","0","0","0","0","0","0","0","0","0","34.937466","33.970818","0.966649","4.290963","0.573444"
"D:\HAA\dACC revisions\Run 4\Br6471_dACC_20x_img_021-MaxIP-Stitched_unmixed_rotated.nd2","Layer 1","dACC_v17_ FISH-IF v2.4.4","1204","4678","4714","4921","4946","1","0","0","0","1","1","599.3714","0","194.87396","0","0","0","0","0","16","21.956747","3","22541.8","1026.6458","2","2.945979","0","2193.4653","744.5625","1","0.414278","0","172.20166","415.66666","112.77575","55.513287","57.262463","37.76048","0.647186"
"D:\HAA\dACC revisions\Run 4\Br6471_dACC_20x_img_021-MaxIP-Stitched_unmixed_rotated.nd2","Layer 1","dACC_v17_ FISH-IF v2.4.4","1205","4888","4909","5056","5075","0","0","0","0","1","1","428.26874","0","133.30487","0","0","0","0","0","0","0","0","0","0","1","0.966649","0","717.1617","741.9048","0","0","0","0","0","57.492615","50.12767","7.364947","11.585601","0.757753"
"D:\HAA\dACC revisions\Run 4\Br6471_dACC_20x_img_021-MaxIP-Stitched_unmixed_rotated.nd2","Layer 1","dACC_v17_ FISH-IF v2.4.4","1206","4853","4874","5065","5087","0","0","0","0","1","1","1299.3269","0","233.9112","2","6.306236","0","6879.1367","1090.8467","0","0","0","0","0","0","0","0","0","0","0","0","0","0","0","69.36859","57.538647","11.829946","14.589275","0.762308"
"D:\HAA\dACC revisions\Run 4\Br6471_dACC_20x_img_021-MaxIP-Stitched_unmixed_rotated.nd2","Layer 1","dACC_v17_ FISH-IF v2.4.4","1207","5017","5038","5070","5093","0","0","0","1","1","1","1530.2621","0","271.5114","4","14.177523","1","28079.873","1980.591","0","0","0","0","0","0","0","0","0","0","0","0","0","0","0","71.85426","58.505295","13.348966","15.876565","0.892366"
"D:\HAA\dACC revisions\Run 4\Br6471_dACC_20x_img_021-MaxIP-Stitched_unmixed_rotated.nd2","Layer 1","dACC_v17_ FISH-IF v2.4.4","1208","4936","4958","5089","5110","0","0","0","0","1","1","1435.1744","0","210.20067","0","0","0","0","0","0","0","0","0","0","0","0","0","0","0","0","0","0","0","0","66.100395","55.28313","10.817266","14.160179","0.838221"
"D:\HAA\dACC revisions\Run 4\Br6471_dACC_20x_img_021-MaxIP-Stitched_unmixed_rotated.nd2","Layer 1","dACC_v17_ FISH-IF v2.4.4","1209","4904","4934","5093","5119","0","0","0","0","1","1","2140.7424","0","299.03625","0","0","0","0","0","0","0","0","0","0","0","0","0","0","0","0","0","0","0","0","110.151985","78.71287","31.439117","25.316685","0.809952"
"D:\HAA\dACC revisions\Run 4\Br6471_dACC_20x_img_021-MaxIP-Stitched_unmixed_rotated.nd2","Layer 1","dACC_v17_ FISH-IF v2.4.4","1210","4714","4732","5111","5131","0","0","0","0","1","1","639.4058","0","131.90707","0","0","0","0","0","0","0","0","0","0","0","0","0","0","0","0","0","0","0","0","53.902203","47.54994","6.352267","10.298312","0.852614"
"D:\HAA\dACC revisions\Run 4\Br6471_dACC_20x_img_021-MaxIP-Stitched_unmixed_rotated.nd2","Layer 1","dACC_v17_ FISH-IF v2.4.4","1211","4786","4824","5119","5154","0","1","1","0","1","1","900.4816","0","209.5674","1","0.598402","0","444.38248","742.61536","0","0","0","0","0","28","31.393085","3","27036.398","861.22144","35","68.77019","4","45493","661.5221","200.92496","115.76776","85.157196","40.764153","0.814989"
"D:\HAA\dACC revisions\Run 4\Br6471_dACC_20x_img_021-MaxIP-Stitched_unmixed_rotated.nd2","Layer 1","dACC_v17_ FISH-IF v2.4.4","1212","4916","4945","5135","5168","0","0","0","0","1","1","1341.291","0","449.3925","0","0","0","0","0","1","0.874587","0","588.3672","672.7368","0","0","0","0","0","0","0","0","0","0","142.97203","87.13653","55.835503","35.1859","0.761256"
"D:\HAA\dACC revisions\Run 4\Br6471_dACC_20x_img_021-MaxIP-Stitched_unmixed_rotated.nd2","Layer 1","dACC_v17_ FISH-IF v2.4.4","1213","4913","4943","5165","5191","0","0","0","0","1","1","2367.1292","0","349.6288","0","0","0","0","0","0","0","0","0","0","1","0.874587","0","1068.4236","773.7","0","0","0","0","0","110.29008","72.176476","38.113598","27.891262","0.855749"
"D:\HAA\dACC revisions\Run 4\Br6471_dACC_20x_img_021-MaxIP-Stitched_unmixed_rotated.nd2","Layer 1","dACC_v17_ FISH-IF v2.4.4","1214","4662","4681","5183","5205","0","0","0","0","1","1","821.7514","0","187.69955","3","9.06809","0","11218.747","1237.1675","0","0","0","0","0","0","0","0","0","0","0","0","0","0","0","60.11638","51.784782","8.331596","12.443794","0.728569"
"D:\HAA\dACC revisions\Run 4\Br6471_dACC_20x_img_021-MaxIP-Stitched_unmixed_rotated.nd2","Layer 1","dACC_v17_ FISH-IF v2.4.4","1215","4676","4703","5196","5227","0","0","0","0","1","1","1969.4491","0","276.66724","0","0","0","0","0","1","1.565051","0","1236.6206","790.14703","0","0","0","0","0","0","0","0","0","0","114.80111","82.71756","32.08355","27.462166","0.718922"
"D:\HAA\dACC revisions\Run 4\Br6471_dACC_20x_img_021-MaxIP-Stitched_unmixed_rotated.nd2","Layer 1","dACC_v17_ FISH-IF v2.4.4","1216","4712","4734","5238","5268","0","0","0","0","1","1","1716.4972","0","238.80504","0","0","0","0","0","0","0","0","0","0","0","0","0","0","0","0","0","0","0","0","99.28869","74.846275","24.442417","24.029396","0.637578"
"D:\HAA\dACC revisions\Run 4\Br6471_dACC_20x_img_021-MaxIP-Stitched_unmixed_rotated.nd2","Layer 1","dACC_v17_ FISH-IF v2.4.4","1217","4923","4953","5240","5267","0","0","0","0","1","1","1842.0598","0","254.08838","0","0","0","0","0","0","0","0","0","0","0","0","0","0","0","0","0","0","0","0","117.42487","82.80962","34.61525","27.03307","0.752622"
"D:\HAA\dACC revisions\Run 4\Br6471_dACC_20x_img_021-MaxIP-Stitched_unmixed_rotated.nd2","Layer 1","dACC_v17_ FISH-IF v2.4.4","1218","4734","4751","5246","5269","0","0","0","0","1","1","803.9128","0","155.70189","0","0","0","0","0","0","0","0","0","0","0","0","0","0","0","0","0","0","0","0","56.71009","48.792774","7.917318","12.87289","0.651304"
"D:\HAA\dACC revisions\Run 4\Br6471_dACC_20x_img_021-MaxIP-Stitched_unmixed_rotated.nd2","Layer 1","dACC_v17_ FISH-IF v2.4.4","1219","4748","4772","5253","5278","0","0","0","0","1","1","1327.6708","0","246.12465","0","0","0","0","0","0","0","0","0","0","0","0","0","0","0","0","0","0","0","0","83.454056","64.99566","18.458399","19.738432","0.739957"
"D:\HAA\dACC revisions\Run 4\Br6471_dACC_20x_img_021-MaxIP-Stitched_unmixed_rotated.nd2","Layer 1","dACC_v17_ FISH-IF v2.4.4","1220","4666","4688","5283","5302","0","0","0","0","1","1","1126.754","0","177.38196","0","0","0","0","0","0","0","0","0","0","0","0","0","0","0","0","0","0","0","0","60.66875","52.060966","8.607781","12.658342","0.799862"
"D:\HAA\dACC revisions\Run 4\Br6471_dACC_20x_img_021-MaxIP-Stitched_unmixed_rotated.nd2","Layer 1","dACC_v17_ FISH-IF v2.4.4","1221","3620","3647","5719","5750","0","0","0","0","1","1","2179.0217","0","317.55896","0","0","0","0","0","1","1.380928","0","943.0814","682.93335","0","0","0","0","0","0","0","0","0","0","125.664406","85.479416","40.18499","27.891262","0.86128"
"D:\HAA\dACC revisions\Run 4\Br6471_dACC_20x_img_021-MaxIP-Stitched_unmixed_rotated.nd2","Layer 1","dACC_v17_ FISH-IF v2.4.4","1222","3821","3843","5727","5748","0","0","0","0","1","1","707.07477","0","157.80824","0","0","0","0","0","0","0","0","0","0","0","0","0","0","0","0","0","0","0","0","64.581375","54.730762","9.850616","14.374727","0.762908"
"D:\HAA\dACC revisions\Run 4\Br6471_dACC_20x_img_021-MaxIP-Stitched_unmixed_rotated.nd2","Layer 1","dACC_v17_ FISH-IF v2.4.4","1223","3518","3547","5771","5795","0","0","0","0","1","1","1900.4166","0","438.99695","0","0","0","0","0","0","0","0","0","0","0","0","0","0","0","0","0","0","0","0","97.63158","60.070347","37.56123","26.174877","0.84534"
"D:\HAA\dACC revisions\Run 4\Br6471_dACC_20x_img_021-MaxIP-Stitched_unmixed_rotated.nd2","Layer 1","dACC_v17_ FISH-IF v2.4.4","1224","3517","3545","5792","5815","0","0","0","0","1","1","2225.5684","0","379.31512","0","0","0","0","0","0","0","0","0","0","0","0","0","0","0","0","0","0","0","0","93.76498","58.13705","35.62793","25.316685","0.807065"
"D:\HAA\dACC revisions\Run 4\Br6471_dACC_20x_img_021-MaxIP-Stitched_unmixed_rotated.nd2","Layer 1","dACC_v17_ FISH-IF v2.4.4","1225","3712","3739","5795","5824","0","0","0","0","1","1","2334.3176","0","379.2944","0","0","0","0","0","0","0","0","0","0","0","0","0","0","0","0","0","0","0","0","117.70106","79.587456","38.113598","27.462166","0.940549"
"D:\HAA\dACC revisions\Run 4\Br6471_dACC_20x_img_021-MaxIP-Stitched_unmixed_rotated.nd2","Layer 1","dACC_v17_ FISH-IF v2.4.4","1226","3692","3712","5801","5821","0","0","0","0","1","1","1135.5714","0","305.47665","3","5.937988","0","5615.864","945.75195","0","0","0","0","0","0","0","0","0","0","0","0","0","0","0","61.497307","48.286434","13.210874","15.876565","0.788947"
"D:\HAA\dACC revisions\Run 4\Br6471_dACC_20x_img_021-MaxIP-Stitched_unmixed_rotated.nd2","Layer 1","dACC_v17_ FISH-IF v2.4.4","1227","3661","3687","5805","5832","0","0","0","0","1","1","2003.2173","0","343.6181","0","0","0","0","0","0","0","0","0","0","0","0","0","0","0","0","0","0","0","0","99.88709","74.24787","25.639221","23.38575","0.796981"
"D:\HAA\dACC revisions\Run 4\Br6471_dACC_20x_img_021-MaxIP-Stitched_unmixed_rotated.nd2","Layer 1","dACC_v17_ FISH-IF v2.4.4","1228","3563","3592","5806","5831","0","0","0","0","1","1","1191.2753","0","274.90292","0","0","0","0","0","0","0","0","0","0","0","0","0","0","0","1","0.460309","0","200.14243","434.8","106.88379","77.28591","29.59788","24.458492","0.805461"
"D:\HAA\dACC revisions\Run 4\Br6471_dACC_20x_img_021-MaxIP-Stitched_unmixed_rotated.nd2","Layer 1","dACC_v17_ FISH-IF v2.4.4","1229","3689","3711","5820","5841","0","0","0","0","1","1","1415.3217","0","278.56726","0","0","0","0","0","0","0","0","0","0","0","0","0","0","0","0","0","0","0","0","69.87493","55.421227","14.453708","17.163853","0.671505"
"D:\HAA\dACC revisions\Run 4\Br6471_dACC_20x_img_021-MaxIP-Stitched_unmixed_rotated.nd2","Layer 1","dACC_v17_ FISH-IF v2.4.4","1230","3554","3579","5835","5867","0","0","0","0","1","1","930.69904","0","383.92548","0","0","0","0","0","0","0","0","0","0","1","0.828557","0","601.20984","725.6111","0","0","0","0","0","101.12993","82.165184","18.964739","25.74578","0.398571"
"D:\HAA\dACC revisions\Run 4\Br6471_dACC_20x_img_021-MaxIP-Stitched_unmixed_rotated.nd2","Layer 1","dACC_v17_ FISH-IF v2.4.4","1231","3588","3617","5852","5878","0","0","0","0","1","1","2381.693","0","377.3353","3","3.222164","0","3260.0476","1011.75714","0","0","0","0","0","0","0","0","0","0","0","0","0","0","0","97.26333","62.325863","34.937466","26.818521","0.831823"
"D:\HAA\dACC revisions\Run 4\Br6471_dACC_20x_img_021-MaxIP-Stitched_unmixed_rotated.nd2","Layer 1","dACC_v17_ FISH-IF v2.4.4","1232","3537","3568","5852","5878","0","0","0","0","1","1","2179.8538","0","354.63715","0","0","0","0","0","0","0","0","0","0","0","0","0","0","0","0","0","0","0","0","115.85982","81.56679","34.293034","26.174877","0.770752"
"D:\HAA\dACC revisions\Run 4\Br6471_dACC_20x_img_021-MaxIP-Stitched_unmixed_rotated.nd2","Layer 1","dACC_v17_ FISH-IF v2.4.4","1233","3576","3603","5864","5891","0","0","0","1","1","1","1631.3329","0","562.20325","5","16.018759","1","18245.412","1139.0029","0","0","0","0","0","0","0","0","0","0","0","0","0","0","0","95.284","61.819523","33.464478","27.03307","0.776739"
"D:\HAA\dACC revisions\Run 4\Br6471_dACC_20x_img_021-MaxIP-Stitched_unmixed_rotated.nd2","Layer 1","dACC_v17_ FISH-IF v2.4.4","1234","3710","3734","5899","5929","0","0","0","0","1","1","2185.486","0","406.87875","0","0","0","0","0","0","0","0","0","0","0","0","0","0","0","0","0","0","0","0","91.14122","59.61004","31.53118","27.247618","0.752562"
"D:\HAA\dACC revisions\Run 4\Br6471_dACC_20x_img_021-MaxIP-Stitched_unmixed_rotated.nd2","Layer 1","dACC_v17_ FISH-IF v2.4.4","1235","3719","3743","5912","5942","0","0","0","0","1","1","2769.5366","0","492.78683","0","0","0","0","0","0","0","0","0","0","0","0","0","0","0","0","0","0","0","0","86.81431","55.927567","30.886745","25.96033","0.756052"
"D:\HAA\dACC revisions\Run 4\Br6471_dACC_20x_img_021-MaxIP-Stitched_unmixed_rotated.nd2","Layer 1","dACC_v17_ FISH-IF v2.4.4","1236","3620","3646","5946","5971","0","0","0","1","1","1","2108.3345","0","406.0851","9","22.463087","1","35743.516","1591.211","0","0","0","0","0","0","0","0","0","0","0","0","0","0","0","94.54751","68.67813","25.869375","24.887589","0.686914"
"D:\HAA\dACC revisions\Run 4\Br6471_dACC_20x_img_021-MaxIP-Stitched_unmixed_rotated.nd2","Layer 1","dACC_v17_ FISH-IF v2.4.4","1237","3774","3796","5967","5999","0","0","0","0","1","1","2103.171","0","345.84198","0","0","0","0","0","0","0","0","0","0","0","0","0","0","0","0","0","0","0","0","104.53622","78.94302","25.59319","24.029396","0.616347"
"D:\HAA\dACC revisions\Run 4\Br6471_dACC_20x_img_021-MaxIP-Stitched_unmixed_rotated.nd2","Layer 1","dACC_v17_ FISH-IF v2.4.4","1238","3607","3648","5970","5997","0","0","0","0","1","1","1023.0436","0","340.59363","3","2.669793","0","2032.4491","761.2759","0","0","0","0","0","0","0","0","0","0","0","0","0","0","0","166.77002","101.26802","65.502","37.331383","0.718788"
"D:\HAA\dACC revisions\Run 4\Br6471_dACC_20x_img_021-MaxIP-Stitched_unmixed_rotated.nd2","Layer 1","dACC_v17_ FISH-IF v2.4.4","1239","3774","3808","6001","6025","0","0","0","1","1","1","1595.0618","0","339.29108","6","17.62984","1","33130.062","1879.2036","0","0","0","0","0","0","0","0","0","0","0","0","0","0","0","113.92652","75.90498","38.021538","29.393099","0.697001"
"D:\HAA\dACC revisions\Run 4\Br6471_dACC_20x_img_021-MaxIP-Stitched_unmixed_rotated.nd2","Layer 1","dACC_v17_ FISH-IF v2.4.4","1240","3626","3665","6012","6036","0","0","0","0","1","1","1754.0677","0","414.9722","0","0","0","0","0","0","0","0","0","0","0","0","0","0","0","0","0","0","0","0","134.08806","96.06653","38.021538","31.75313","0.56994"
"D:\HAA\dACC revisions\Run 4\Br6471_dACC_20x_img_021-MaxIP-Stitched_unmixed_rotated.nd2","Layer 1","dACC_v17_ FISH-IF v2.4.4","1241","3772","3802","6022","6047","0","0","0","1","1","1","2285.0222","0","364.36206","6","21.496439","1","35474.6","1650.2548","0","0","0","0","0","0","0","0","0","0","0","0","0","0","0","106.791725","71.57808","35.213654","27.247618","0.756149"
"D:\HAA\dACC revisions\Run 4\Br6471_dACC_20x_img_021-MaxIP-Stitched_unmixed_rotated.nd2","Layer 1","dACC_v17_ FISH-IF v2.4.4","1242","3721","3747","6027","6058","0","0","0","0","1","1","2351.3708","0","360.4218","0","0","0","0","0","0","0","0","0","0","0","0","0","0","0","0","0","0","0","0","111.44085","75.95101","35.489838","26.603973","0.81249"
"D:\HAA\dACC revisions\Run 4\Br6471_dACC_20x_img_021-MaxIP-Stitched_unmixed_rotated.nd2","Layer 1","dACC_v17_ FISH-IF v2.4.4","1243","3750","3778","6044","6069","0","0","0","0","1","1","1203.4316","0","215.01773","2","6.306236","0","6825.5103","1082.343","0","0","0","0","0","0","0","0","0","0","0","0","0","0","0","98.506165","75.26055","23.245613","23.171202","0.730006"
"D:\HAA\dACC revisions\Run 4\Br6471_dACC_20x_img_021-MaxIP-Stitched_unmixed_rotated.nd2","Layer 1","dACC_v17_ FISH-IF v2.4.4","1244","3704","3732","6046","6073","0","0","0","0","1","1","2471.8865","0","527.1365","0","0","0","0","0","0","0","0","0","0","0","0","0","0","0","0","0","0","0","0","103.38544","72.176476","31.208961","24.458492","0.908811"
"D:\HAA\dACC revisions\Run 4\Br6471_dACC_20x_img_021-MaxIP-Stitched_unmixed_rotated.nd2","Layer 1","dACC_v17_ FISH-IF v2.4.4","1245","3683","3711","6078","6106","0","0","0","0","1","1","1790.8912","0","316.93393","0","0","0","0","0","0","0","0","0","0","0","0","0","0","0","0","0","0","0","0","109.323425","78.02241","31.301023","25.102137","0.849671"
"D:\HAA\dACC revisions\Run 4\Br6471_dACC_20x_img_021-MaxIP-Stitched_unmixed_rotated.nd2","Layer 1","dACC_v17_ FISH-IF v2.4.4","1246","3803","3837","6101","6130","0","0","0","1","1","1","1809.9725","0","351.30313","9","28.5852","1","49905.062","1745.8357","0","0","0","0","0","0","0","0","0","0","0","0","0","0","0","135.05472","91.417404","43.63731","31.538582","0.752842"
"D:\HAA\dACC revisions\Run 4\Br6471_dACC_20x_img_021-MaxIP-Stitched_unmixed_rotated.nd2","Layer 1","dACC_v17_ FISH-IF v2.4.4","1247","2962","2987","4130","4158","0","0","0","1","1","1","1948.9406","0","431.76413","7","20.57582","1","29456.38","1431.6018","0","0","0","0","0","0","0","0","0","0","0","0","0","0","0","105.13461","76.50339","28.631231","22.742105","0.804246"
"D:\HAA\dACC revisions\Run 4\Br6471_dACC_20x_img_021-MaxIP-Stitched_unmixed_rotated.nd2","Layer 1","dACC_v17_ FISH-IF v2.4.4","1248","2743","2766","4149","4175","0","0","0","1","1","1","2031.5951","0","428.76965","7","17.169533","1","28085.027","1635.748","0","0","0","0","0","0","0","0","0","0","0","0","0","0","0","86.81431","67.941635","18.872677","20.167528","0.712789"
"D:\HAA\dACC revisions\Run 4\Br6471_dACC_20x_img_021-MaxIP-Stitched_unmixed_rotated.nd2","Layer 1","dACC_v17_ FISH-IF v2.4.4","1249","2834","2864","4154","4184","0","0","0","0","1","1","1963.2711","0","295.6973","0","0","0","0","0","0","0","0","0","0","0","0","0","0","0","0","0","0","0","0","130.08337","87.13653","42.946846","29.17855","0.903675"
"D:\HAA\dACC revisions\Run 4\Br6471_dACC_20x_img_021-MaxIP-Stitched_unmixed_rotated.nd2","Layer 1","dACC_v17_ FISH-IF v2.4.4","1250","2924","2942","4159","4178","0","0","0","0","1","1","525.9328","0","147.63269","0","0","0","0","0","0","0","0","0","0","0","0","0","0","0","0","0","0","0","0","51.09432","45.61664","5.477679","10.083764","0.863855"
"D:\HAA\dACC revisions\Run 4\Br6471_dACC_20x_img_021-MaxIP-Stitched_unmixed_rotated.nd2","Layer 1","dACC_v17_ FISH-IF v2.4.4","1251","2894","2911","4171","4189","0","0","0","0","1","1","1083.9049","0","149.67096","3","10.863297","0","14818.365","1364.0763","0","0","0","0","0","0","0","0","0","0","0","0","0","0","0","54.086327","42.946846","11.139482","14.160179","0.688573"
"D:\HAA\dACC revisions\Run 4\Br6471_dACC_20x_img_021-MaxIP-Stitched_unmixed_rotated.nd2","Layer 1","dACC_v17_ FISH-IF v2.4.4","1252","2912","2924","4172","4190","0","0","0","0","1","1","854.2963","0","270.728","2","4.741185","0","6649.8564","1402.5729","0","0","0","0","0","0","0","0","0","0","0","0","0","0","0","33.74066","28.769323","4.971339","9.011024","0.828907"
"D:\HAA\dACC revisions\Run 4\Br6471_dACC_20x_img_021-MaxIP-Stitched_unmixed_rotated.nd2","Layer 1","dACC_v17_ FISH-IF v2.4.4","1253","2656","2691","4197","4225","0","0","0","0","1","1","2697.2366","0","435.68317","0","0","0","0","0","0","0","0","0","0","0","0","0","0","0","0","0","0","0","0","137.54037","75.26055","62.27983","34.97135","0.835464"
"D:\HAA\dACC revisions\Run 4\Br6471_dACC_20x_img_021-MaxIP-Stitched_unmixed_rotated.nd2","Layer 1","dACC_v17_ FISH-IF v2.4.4","1254","2934","2965","4200","4233","0","0","0","0","1","1","2036.6035","0","315.37137","0","0","0","0","0","0","0","0","0","0","0","0","0","0","0","0","0","0","0","0","144.99739","93.21261","51.784782","31.75313","0.909749"
"D:\HAA\dACC revisions\Run 4\Br6471_dACC_20x_img_021-MaxIP-Stitched_unmixed_rotated.nd2","Layer 1","dACC_v17_ FISH-IF v2.4.4","1255","2654","2684","4218","4242","0","0","0","0","1","1","3132.8967","0","460.5426","0","0","0","0","0","0","0","0","0","0","0","0","0","0","0","0","0","0","0","0","101.45214","59.978287","41.473858","29.393099","0.733352"
"D:\HAA\dACC revisions\Run 4\Br6471_dACC_20x_img_021-MaxIP-Stitched_unmixed_rotated.nd2","Layer 1","dACC_v17_ FISH-IF v2.4.4","1256","2982","3008","4225","4254","0","0","0","1","1","1","2731.729","0","466.71567","7","19.471079","1","32647.244","1676.7045","0","0","0","0","0","0","0","0","0","0","0","0","0","0","0","113.74239","80.46204","33.280354","24.887589","0.856025"
"D:\HAA\dACC revisions\Run 4\Br6471_dACC_20x_img_021-MaxIP-Stitched_unmixed_rotated.nd2","Layer 1","dACC_v17_ FISH-IF v2.4.4","1257","2966","2989","4281","4302","0","0","0","0","1","1","2100.7678","0","342.0501","2","7.595101","0","7493.419","986.6121","0","0","0","0","0","0","0","0","0","0","0","0","0","0","0","69.8289","56.940247","12.888657","15.876565","0.756022"
"D:\HAA\dACC revisions\Run 4\Br6471_dACC_20x_img_021-MaxIP-Stitched_unmixed_rotated.nd2","Layer 1","dACC_v17_ FISH-IF v2.4.4","1258","2948","2977","4294","4322","0","0","0","0","1","1","2710.6646","0","543.1521","0","0","0","0","0","0","0","0","0","0","0","0","0","0","0","0","0","0","0","0","115.62966","77.47003","38.15963","27.891262","0.841134"
"D:\HAA\dACC revisions\Run 4\Br6471_dACC_20x_img_021-MaxIP-Stitched_unmixed_rotated.nd2","Layer 1","dACC_v17_ FISH-IF v2.4.4","1259","2994","3018","4299","4324","0","0","0","1","1","1","2238.4321","0","382.10278","6","17.1235","1","23025.08","1344.6478","0","0","0","0","0","0","0","0","0","0","0","0","0","0","0","84.60483","66.28452","18.320305","19.309336","0.746353"
"D:\HAA\dACC revisions\Run 4\Br6471_dACC_20x_img_021-MaxIP-Stitched_unmixed_rotated.nd2","Layer 1","dACC_v17_ FISH-IF v2.4.4","1260","2907","2935","4319","4346","0","0","0","0","1","1","2396.686","0","343.2668","0","0","0","0","0","0","0","0","0","0","0","0","0","0","0","0","0","0","0","0","114.06461","80.04777","34.01685","25.316685","0.871234"
"D:\HAA\dACC revisions\Run 4\Br6471_dACC_20x_img_021-MaxIP-Stitched_unmixed_rotated.nd2","Layer 1","dACC_v17_ FISH-IF v2.4.4","1261","2944","2976","4322","4358","0","0","0","0","1","1","937.96796","0","420.31458","0","0","0","0","0","0","0","0","0","0","0","0","0","0","0","0","0","0","0","0","170.82074","104.766365","66.05437","38.61867","0.767373"
"D:\HAA\dACC revisions\Run 4\Br6471_dACC_20x_img_021-MaxIP-Stitched_unmixed_rotated.nd2","Layer 1","dACC_v17_ FISH-IF v2.4.4","1262","3029","3050","4343","4362","0","0","0","0","1","1","982.6009","0","193.43845","3","3.774535","0","3050.377","808.14636","0","0","0","0","0","0","0","0","0","0","0","0","0","0","0","62.2338","51.968906","10.264894","13.731083","0.780873"
"D:\HAA\dACC revisions\Run 4\Br6471_dACC_20x_img_021-MaxIP-Stitched_unmixed_rotated.nd2","Layer 1","dACC_v17_ FISH-IF v2.4.4","1263","3013","3029","4344","4363","0","0","0","0","1","1","557.3737","0","173.57224","1","1.058711","0","820.4551","774.95654","0","0","0","0","0","0","0","0","0","0","0","0","0","0","0","45.018238","40.461178","4.557061","9.011024","0.803258"
"D:\HAA\dACC revisions\Run 4\Br6471_dACC_20x_img_021-MaxIP-Stitched_unmixed_rotated.nd2","Layer 1","dACC_v17_ FISH-IF v2.4.4","1264","2647","2673","4383","4412","0","0","0","0","1","1","2062.3628","0","406.93637","0","0","0","0","0","0","0","0","0","0","0","0","0","0","0","0","0","0","0","0","107.39013","76.68751","30.702621","24.458492","0.83351"
"D:\HAA\dACC revisions\Run 4\Br6471_dACC_20x_img_021-MaxIP-Stitched_unmixed_rotated.nd2","Layer 1","dACC_v17_ FISH-IF v2.4.4","1265","2858","2880","4462","4482","0","0","0","0","1","1","1582.5046","0","252.25066","0","0","0","0","0","0","0","0","0","0","0","0","0","0","0","0","0","0","0","0","62.556015","52.52128","10.03474","13.731083","0.862405"
"D:\HAA\dACC revisions\Run 4\Br6471_dACC_20x_img_021-MaxIP-Stitched_unmixed_rotated.nd2","Layer 1","dACC_v17_ FISH-IF v2.4.4","1266","2982","3002","4471","4490","0","0","0","0","1","1","611.2061","0","139.13365","0","0","0","0","0","0","0","0","0","0","0","0","0","0","0","0","0","0","0","0","53.211742","47.18169","6.03005","10.083764","0.825822"
"D:\HAA\dACC revisions\Run 4\Br6471_dACC_20x_img_021-MaxIP-Stitched_unmixed_rotated.nd2","Layer 1","dACC_v17_ FISH-IF v2.4.4","1267","2839","2871","4474","4507","0","0","0","0","1","1","2158.422","0","313.5047","0","0","0","0","0","0","0","0","0","0","0","0","0","0","0","0","0","0","0","0","144.30693","92.936424","51.370502","32.61132","0.860592"
"D:\HAA\dACC revisions\Run 4\Br6471_dACC_20x_img_021-MaxIP-Stitched_unmixed_rotated.nd2","Layer 1","dACC_v17_ FISH-IF v2.4.4","1268","3036","3060","4491","4519","0","0","0","0","1","1","2779.5735","0","428.862","0","0","0","0","0","0","0","0","0","0","0","0","0","0","0","0","0","0","0","0","101.59023","74.38596","27.204271","22.742105","0.844441"
"D:\HAA\dACC revisions\Run 4\Br6471_dACC_20x_img_021-MaxIP-Stitched_unmixed_rotated.nd2","Layer 1","dACC_v17_ FISH-IF v2.4.4","1269","2981","3002","4507","4529","0","0","0","0","1","1","1789.2286","0","266.88815","0","0","0","0","0","0","0","0","0","0","0","0","0","0","0","0","0","0","0","0","67.435295","55.55932","11.875977","15.447468","0.769861"
"D:\HAA\dACC revisions\Run 4\Br6471_dACC_20x_img_021-MaxIP-Stitched_unmixed_rotated.nd2","Layer 1","dACC_v17_ FISH-IF v2.4.4","1270","4694","4728","5728","5755","0","0","0","0","1","1","2280.0417","0","357.39246","0","0","0","0","0","0","0","0","0","0","0","0","0","0","0","0","0","0","0","0","132.15477","90.31266","41.842106","31.324034","0.672442"
"D:\HAA\dACC revisions\Run 4\Br6471_dACC_20x_img_021-MaxIP-Stitched_unmixed_rotated.nd2","Layer 1","dACC_v17_ FISH-IF v2.4.4","1271","4729","4753","5730","5757","0","0","0","0","1","1","3007.4204","0","431.15765","0","0","0","0","0","0","0","0","0","0","0","0","0","0","0","0","0","0","0","0","101.63627","70.657455","30.978807","24.029396","0.883533"
"D:\HAA\dACC revisions\Run 4\Br6471_dACC_20x_img_021-MaxIP-Stitched_unmixed_rotated.nd2","Layer 1","dACC_v17_ FISH-IF v2.4.4","1272","4751","4777","5735","5763","0","0","0","0","1","1","2866.3828","0","401.79517","0","0","0","0","0","0","0","0","0","0","0","0","0","0","0","0","0","0","0","0","97.53951","64.71947","32.820045","25.102137","0.882287"
"D:\HAA\dACC revisions\Run 4\Br6471_dACC_20x_img_021-MaxIP-Stitched_unmixed_rotated.nd2","Layer 1","dACC_v17_ FISH-IF v2.4.4","1273","4769","4794","5745","5768","0","0","0","0","1","1","2376.312","0","423.35226","0","0","0","0","0","0","0","0","0","0","0","0","0","0","0","0","0","0","0","0","80.139824","59.19576","20.944067","20.167528","0.794329"
"D:\HAA\dACC revisions\Run 4\Br6471_dACC_20x_img_021-MaxIP-Stitched_unmixed_rotated.nd2","Layer 1","dACC_v17_ FISH-IF v2.4.4","1274","4680","4709","5749","5782","0","0","0","0","1","1","1940.2108","0","378.95367","0","0","0","0","0","0","0","0","0","0","0","0","0","0","0","0","0","0","0","0","140.90063","92.430084","48.470554","30.894936","0.835815"
"D:\HAA\dACC revisions\Run 4\Br6471_dACC_20x_img_021-MaxIP-Stitched_unmixed_rotated.nd2","Layer 1","dACC_v17_ FISH-IF v2.4.4","1275","5027","5053","5757","5789","0","0","0","0","1","1","2459.405","0","374.55798","0","0","0","0","0","0","0","0","0","0","0","0","0","0","0","0","0","0","0","0","117.79312","84.144516","33.6486","27.462166","0.674343"
"D:\HAA\dACC revisions\Run 4\Br6471_dACC_20x_img_021-MaxIP-Stitched_unmixed_rotated.nd2","Layer 1","dACC_v17_ FISH-IF v2.4.4","1276","4887","4915","5770","5795","0","0","0","0","1","1","2746.2383","0","425.1103","0","0","0","0","0","0","0","0","0","0","1","0.920618","0","610.18585","662.8","3","4.557061","0","2511.7231","551.1717","102.556885","75.12246","27.434427","23.600298","0.803315"
"D:\HAA\dACC revisions\Run 4\Br6471_dACC_20x_img_021-MaxIP-Stitched_unmixed_rotated.nd2","Layer 1","dACC_v17_ FISH-IF v2.4.4","1277","4660","4691","5788","5830","0","0","0","0","1","1","2206.06","0","294.54596","0","0","0","0","0","0","0","0","0","0","0","0","0","0","0","0","0","0","0","0","151.90202","108.17265","43.72937","40.335056","0.514982"
"D:\HAA\dACC revisions\Run 4\Br6471_dACC_20x_img_021-MaxIP-Stitched_unmixed_rotated.nd2","Layer 1","dACC_v17_ FISH-IF v2.4.4","1278","4763","4794","5828","5856","0","0","0","0","1","1","1376.1802","0","266.29047","0","0","0","0","0","0","0","0","0","0","0","0","0","0","0","0","0","0","0","0","116.59631","76.227196","40.369114","29.17855","0.824435"
"D:\HAA\dACC revisions\Run 4\Br6471_dACC_20x_img_021-MaxIP-Stitched_unmixed_rotated.nd2","Layer 1","dACC_v17_ FISH-IF v2.4.4","1279","4985","5017","5838","5867","0","1","0","0","1","1","1956.6436","0","292.02426","0","0","0","0","0","1","0.874587","0","624.77765","714.3684","18","14.960048","3","16845.383","1126.0247","0","0","0","0","0","129.85323","83.500084","46.353134","29.822195","0.819647"
"D:\HAA\dACC revisions\Run 4\Br6471_dACC_20x_img_021-MaxIP-Stitched_unmixed_rotated.nd2","Layer 1","dACC_v17_ FISH-IF v2.4.4","1280","4758","4781","5849","5872","0","0","0","0","1","1","1427.4948","0","233.48","0","0","0","0","0","1","1.058711","0","792.3762","748.43475","0","0","0","0","0","0","0","0","0","0","72.72885","55.237103","17.491749","19.738432","0.737274"
"D:\HAA\dACC revisions\Run 4\Br6471_dACC_20x_img_021-MaxIP-Stitched_unmixed_rotated.nd2","Layer 1","dACC_v17_ FISH-IF v2.4.4","1281","4962","4998","5852","5882","0","1","0","0","1","1","1529.2598","0","300.90347","0","0","0","0","0","1","3.130102","0","3975.8745","1270.2059","39","27.480457","4","38568.2","1403.4774","0","0","0","0","0","140.02605","89.16189","50.864162","33.469513","0.724441"
"D:\HAA\dACC revisions\Run 4\Br6471_dACC_20x_img_021-MaxIP-Stitched_unmixed_rotated.nd2","Layer 1","dACC_v17_ FISH-IF v2.4.4","1282","4724","4756","5861","5893","0","0","0","0","1","1","1755.7892","0","306.32678","0","0","0","0","0","0","0","0","0","0","0","0","0","0","0","0","0","0","0","0","151.67188","96.20462","55.467255","32.61132","0.87903"
"D:\HAA\dACC revisions\Run 4\Br6471_dACC_20x_img_021-MaxIP-Stitched_unmixed_rotated.nd2","Layer 1","dACC_v17_ FISH-IF v2.4.4","1283","4667","4695","5880","5909","0","0","0","0","1","1","2470.9546","0","397.46616","0","0","0","0","0","0","0","0","0","0","0","0","0","0","0","3","3.544381","0","1952.9537","551","121.107346","83.638176","37.469166","27.03307","0.821133"
"D:\HAA\dACC revisions\Run 4\Br6471_dACC_20x_img_021-MaxIP-Stitched_unmixed_rotated.nd2","Layer 1","dACC_v17_ FISH-IF v2.4.4","1284","4855","4879","5884","5914","0","0","0","0","1","1","833.7651","0","230.57318","0","0","0","0","0","0","0","0","0","0","1","1.426958","0","1163.5236","815.3871","0","0","0","0","0","87.64287","56.29581","31.347055","31.538582","0.602364"
"D:\HAA\dACC revisions\Run 4\Br6471_dACC_20x_img_021-MaxIP-Stitched_unmixed_rotated.nd2","Layer 1","dACC_v17_ FISH-IF v2.4.4","1285","4837","4856","5886","5906","0","0","0","0","1","1","792.2535","0","257.98743","0","0","0","0","0","0","0","0","0","0","0","0","0","0","0","0","0","0","0","0","56.15772","32.912106","23.245613","20.382076","0.796813"
"D:\HAA\dACC revisions\Run 4\Br6471_dACC_20x_img_021-MaxIP-Stitched_unmixed_rotated.nd2","Layer 1","dACC_v17_ FISH-IF v2.4.4","1286","4840","4868","5902","5923","0","0","0","0","1","1","985.4186","0","302.92227","0","0","0","0","0","0","0","0","0","0","0","0","0","0","0","0","0","0","0","0","76.0891","44.419834","31.669271","28.10581","0.718226"
"D:\HAA\dACC revisions\Run 4\Br6471_dACC_20x_img_021-MaxIP-Stitched_unmixed_rotated.nd2","Layer 1","dACC_v17_ FISH-IF v2.4.4","1287","5013","5044","5898","5931","0","0","0","0","1","1","2264.3318","0","517.68427","0","0","0","0","0","0","0","0","0","0","0","0","0","0","0","0","0","0","0","0","141.03873","90.819","50.21973","33.040417","0.860431"
"D:\HAA\dACC revisions\Run 4\Br6471_dACC_20x_img_021-MaxIP-Stitched_unmixed_rotated.nd2","Layer 1","dACC_v17_ FISH-IF v2.4.4","1288","4990","5012","5910","5935","0","0","0","0","1","1","896.0331","0","204.11353","0","0","0","0","0","0","0","0","0","0","0","0","0","0","0","0","0","0","0","0","80.36998","63.66076","16.709223","18.022047","0.795153"
"D:\HAA\dACC revisions\Run 4\Br6471_dACC_20x_img_021-MaxIP-Stitched_unmixed_rotated.nd2","Layer 1","dACC_v17_ FISH-IF v2.4.4","1289","5010","5034","5928","5958","0","0","0","0","1","1","1842.62","0","315.85052","0","0","0","0","0","0","0","0","0","0","0","0","0","0","0","0","0","0","0","0","104.39812","75.44467","28.953447","24.243944","0.754845"
"D:\HAA\dACC revisions\Run 4\Br6471_dACC_20x_img_021-MaxIP-Stitched_unmixed_rotated.nd2","Layer 1","dACC_v17_ FISH-IF v2.4.4","1290","4989","5019","6017","6039","1","1","1","0","1","1","541.8505","0","189.30557","0","0","0","0","0","19","27.158241","3","37246.055","1371.4458","13","14.453708","2","12227.653","832.7273","10","21.726593","2","13272.002","610.8644","86.07781","55.28313","30.794683","26.818521","0.717206"
"D:\HAA\dACC revisions\Run 4\Br6471_dACC_20x_img_021-MaxIP-Stitched_unmixed_rotated.nd2","Layer 1","dACC_v17_ FISH-IF v2.4.4","1291","4690","4718","6019","6046","0","0","0","0","1","1","2540.7644","0","331.98404","0","0","0","0","0","0","0","0","0","0","0","0","0","0","0","0","0","0","0","0","99.42678","63.476635","35.950146","27.247618","0.822449"
"D:\HAA\dACC revisions\Run 4\Br6471_dACC_20x_img_021-MaxIP-Stitched_unmixed_rotated.nd2","Layer 1","dACC_v17_ FISH-IF v2.4.4","1292","5011","5028","6026","6044","1","1","1","0","1","1","602.77527","0","115.41785","0","0","0","0","0","7","11.277575","1","14854.499","1317.1714","5","6.03005","1","4693.7725","778.397","4","7.917318","1","4440.925","560.9128","34.983498","22.693243","12.290255","16.734756","0.701475"
"D:\HAA\dACC revisions\Run 4\Br6471_dACC_20x_img_021-MaxIP-Stitched_unmixed_rotated.nd2","Layer 1","dACC_v17_ FISH-IF v2.4.4","1293","4827","4859","6033","6063","0","0","0","0","1","1","1517.1222","0","313.5244","0","0","0","0","0","0","0","0","0","0","0","0","0","0","0","0","0","0","0","0","140.80858","83.91436","56.894215","34.756805","0.854129"
"D:\HAA\dACC revisions\Run 4\Br6471_dACC_20x_img_021-MaxIP-Stitched_unmixed_rotated.nd2","Layer 1","dACC_v17_ FISH-IF v2.4.4","1294","4989","5012","6038","6064","1","1","1","0","1","1","958.01","0","256.04492","0","0","0","0","0","12","19.56314","2","23980.59","1192.1442","7","7.318916","1","5610.8926","766.6289","8","13.947368","1","6890.1377","494.0099","83.91436","56.341843","27.57252","25.74578","0.770595"
"D:\HAA\dACC revisions\Run 4\Br6471_dACC_20x_img_021-MaxIP-Stitched_unmixed_rotated.nd2","Layer 1","dACC_v17_ FISH-IF v2.4.4","1295","5009","5026","6040","6055","1","0","1","0","1","1","643.4017","0","259.3207","0","0","0","0","0","5","6.766545","1","6428.1714","949.9932","3","3.774535","0","2751.0837","728.85364","5","4.464999","1","2214.5935","495.9897","34.10891","23.107521","11.00139","15.447468","0.717495"
"D:\HAA\dACC revisions\Run 4\Br6471_dACC_20x_img_021-MaxIP-Stitched_unmixed_rotated.nd2","Layer 1","dACC_v17_ FISH-IF v2.4.4","1296","4696","4724","6038","6062","0","0","0","0","1","1","2526.5725","0","408.6275","0","0","0","0","0","0","0","0","0","0","0","0","0","0","0","0","0","0","0","0","95.23797","62.27983","32.958138","24.243944","0.847252"
"D:\HAA\dACC revisions\Run 4\Br6471_dACC_20x_img_021-MaxIP-Stitched_unmixed_rotated.nd2","Layer 1","dACC_v17_ FISH-IF v2.4.4","1297","4831","4852","6062","6080","0","0","0","0","1","1","1316.2338","0","249.37688","1","3.590412","0","3221.4277","897.2308","0","0","0","0","0","0","0","0","0","0","0","0","0","0","0","58.965607","46.16901","12.796595","16.734756","0.725162"
"D:\HAA\dACC revisions\Run 4\Br6471_dACC_20x_img_021-MaxIP-Stitched_unmixed_rotated.nd2","Layer 1","dACC_v17_ FISH-IF v2.4.4","1298","4647","4674","6064","6098","0","0","0","0","1","1","2013.7357","0","338.3285","0","0","0","0","0","0","0","0","0","0","0","0","0","0","0","0","0","0","0","0","116.18204","69.50668","46.67535","31.75313","0.755603"
"D:\HAA\dACC revisions\Run 4\Br6471_dACC_20x_img_021-MaxIP-Stitched_unmixed_rotated.nd2","Layer 1","dACC_v17_ FISH-IF v2.4.4","1299","4857","4886","6065","6098","0","0","0","0","1","1","682.9319","0","239.3971","0","0","0","0","0","1","0.460309","0","380.90585","636.53845","0","0","0","0","0","0","0","0","0","0","103.15529","63.29251","39.862774","32.396774","0.718121"
"D:\HAA\dACC revisions\Run 4\Br6471_dACC_20x_img_021-MaxIP-Stitched_unmixed_rotated.nd2","Layer 1","dACC_v17_ FISH-IF v2.4.4","1300","4665","4694","6068","6103","0","0","0","0","1","1","1607.3541","0","324.70126","0","0","0","0","0","0","0","0","0","0","0","0","0","0","0","0","0","0","0","0","131.3262","76.733536","54.592667","36.47319","0.728322"
"D:\HAA\dACC revisions\Run 4\Br6471_dACC_20x_img_021-MaxIP-Stitched_unmixed_rotated.nd2","Layer 1","dACC_v17_ FISH-IF v2.4.4","1301","4725","4744","6075","6094","0","0","0","0","1","1","873.9431","0","132.031","0","0","0","0","0","0","0","0","0","0","0","0","0","0","0","0","0","0","0","0","51.69272","46.03092","5.661803","10.298312","0.862784"
"D:\HAA\dACC revisions\Run 4\Br6471_dACC_20x_img_021-MaxIP-Stitched_unmixed_rotated.nd2","Layer 1","dACC_v17_ FISH-IF v2.4.4","1302","4844","4875","6079","6110","0","0","0","0","1","1","826.7975","0","225.98865","0","0","0","0","0","0","0","0","0","0","0","0","0","0","0","0","0","0","0","0","116.45822","68.954315","47.503906","37.116833","0.723816"
"D:\HAA\dACC revisions\Run 4\Br6471_dACC_20x_img_021-MaxIP-Stitched_unmixed_rotated.nd2","Layer 1","dACC_v17_ FISH-IF v2.4.4","1303","4931","4950","6091","6110","0","0","0","0","1","1","796.15643","0","148.9905","0","0","0","0","0","0","0","0","0","0","0","0","0","0","0","0","0","0","0","0","55.19107","48.424526","6.766545","10.727408","0.858289"
"D:\HAA\dACC revisions\Run 4\Br6471_dACC_20x_img_021-MaxIP-Stitched_unmixed_rotated.nd2","Layer 1","dACC_v17_ FISH-IF v2.4.4","1304","5913","5940","4562","4589","0","0","0","0","1","1","2050.922","0","356.80844","0","0","0","0","0","0","0","0","0","0","0","0","0","0","0","0","0","0","0","0","106.0092","76.41132","29.59788","24.029396","0.884239"
"D:\HAA\dACC revisions\Run 4\Br6471_dACC_20x_img_021-MaxIP-Stitched_unmixed_rotated.nd2","Layer 1","dACC_v17_ FISH-IF v2.4.4","1305","6197","6238","4579","4613","0","0","0","0","1","1","1238.4116","0","265.50504","0","0","0","0","0","0","0","0","0","0","0","0","0","0","0","0","0","0","0","0","189.96959","113.92652","76.043076","41.836895","0.753253"
"D:\HAA\dACC revisions\Run 4\Br6471_dACC_20x_img_021-MaxIP-Stitched_unmixed_rotated.nd2","Layer 1","dACC_v17_ FISH-IF v2.4.4","1306","6136","6177","4641","4669","0","0","0","0","1","1","1582.2906","0","254.38582","0","0","0","0","0","0","0","0","0","0","0","0","0","0","0","1","0.50634","0","236.13861","466.36365","168.33507","106.423485","61.911583","36.47319","0.702863"
"D:\HAA\dACC revisions\Run 4\Br6471_dACC_20x_img_021-MaxIP-Stitched_unmixed_rotated.nd2","Layer 1","dACC_v17_ FISH-IF v2.4.4","1307","5844","5876","4644","4673","0","0","0","1","1","1","2068.3865","0","352.59177","19","46.07695","3","94800.766","2049.2556","0","0","0","0","0","0","0","0","0","0","0","0","0","0","0","135.37692","89.530136","45.846794","29.607647","0.864688"
"D:\HAA\dACC revisions\Run 4\Br6471_dACC_20x_img_021-MaxIP-Stitched_unmixed_rotated.nd2","Layer 1","dACC_v17_ FISH-IF v2.4.4","1308","5990","6014","4690","4715","1","1","0","0","1","1","613.00433","0","128.92032","0","0","0","0","0","13","21.726593","2","28964.586","1333.1398","7","8.56175","1","6656.071","777.4194","2","3.774535","0","2023.9795","536.2195","90.68091","69.32256","21.358345","20.596624","0.797329"
"D:\HAA\dACC revisions\Run 4\Br6471_dACC_20x_img_021-MaxIP-Stitched_unmixed_rotated.nd2","Layer 1","dACC_v17_ FISH-IF v2.4.4","1309","6065","6084","4699","4716","0","0","0","0","1","1","610.7653","0","156.39732","1","3.728504","0","3687.5369","989.0123","0","0","0","0","0","0","0","0","0","0","0","0","0","0","0","49.345142","44.834114","4.51103","9.011024","0.69488"
"D:\HAA\dACC revisions\Run 4\Br6471_dACC_20x_img_021-MaxIP-Stitched_unmixed_rotated.nd2","Layer 1","dACC_v17_ FISH-IF v2.4.4","1310","6073","6112","4710","4742","0","0","0","0","1","1","1291.0867","0","280.75076","2","1.472989","0","1220.0034","828.25","0","0","0","0","0","0","0","0","0","0","0","0","0","0","0","168.97949","105.272705","63.70679","38.189575","0.7724"
"D:\HAA\dACC revisions\Run 4\Br6471_dACC_20x_img_021-MaxIP-Stitched_unmixed_rotated.nd2","Layer 1","dACC_v17_ FISH-IF v2.4.4","1311","5845","5866","4727","4749","0","0","0","0","1","1","1584.6478","0","234.69084","0","0","0","0","0","0","0","0","0","0","0","0","0","0","0","0","0","0","0","0","67.20514","55.835503","11.369637","14.160179","0.885247"
"D:\HAA\dACC revisions\Run 4\Br6471_dACC_20x_img_021-MaxIP-Stitched_unmixed_rotated.nd2","Layer 1","dACC_v17_ FISH-IF v2.4.4","1312","6054","6081","4737","4774","0","0","0","0","1","1","1880.4503","0","261.86234","1","1.51902","0","1469.6752","967.51514","0","0","0","0","0","0","0","0","0","0","0","0","0","0","0","147.29893","97.30936","49.98958","32.396774","0.741704"
"D:\HAA\dACC revisions\Run 4\Br6471_dACC_20x_img_021-MaxIP-Stitched_unmixed_rotated.nd2","Layer 1","dACC_v17_ FISH-IF v2.4.4","1313","6023","6054","4778","4806","0","0","0","0","1","1","1980.9336","0","296.529","0","0","0","0","0","0","0","0","0","0","0","0","0","0","0","0","0","0","0","0","128.97864","87.366684","41.61195","28.320358","0.801701"
"D:\HAA\dACC revisions\Run 4\Br6471_dACC_20x_img_021-MaxIP-Stitched_unmixed_rotated.nd2","Layer 1","dACC_v17_ FISH-IF v2.4.4","1314","5880","5916","4788","4819","0","0","0","0","1","1","1397.3329","0","272.5412","0","0","0","0","0","0","0","0","0","0","0","0","0","0","0","0","0","0","0","0","164.33037","102.234665","62.095707","35.614998","0.762455"
"D:\HAA\dACC revisions\Run 4\Br6471_dACC_20x_img_021-MaxIP-Stitched_unmixed_rotated.nd2","Layer 1","dACC_v17_ FISH-IF v2.4.4","1315","6178","6214","4801","4829","0","0","0","0","1","1","1776.4974","0","285.49304","0","0","0","0","0","0","0","0","0","0","0","0","0","0","0","0","0","0","0","0","146.74657","92.79833","53.948235","33.89861","0.73974"
"D:\HAA\dACC revisions\Run 4\Br6471_dACC_20x_img_021-MaxIP-Stitched_unmixed_rotated.nd2","Layer 1","dACC_v17_ FISH-IF v2.4.4","1316","6211","6249","4803","4832","0","0","0","0","1","1","1780.6387","0","272.2964","0","0","0","0","0","1","0.552371","0","381.41217","637.38464","0","0","0","0","0","0","0","0","0","0","149.87666","96.75699","53.11968","35.614998","0.678062"
"D:\HAA\dACC revisions\Run 4\Br6471_dACC_20x_img_021-MaxIP-Stitched_unmixed_rotated.nd2","Layer 1","dACC_v17_ FISH-IF v2.4.4","1317","5847","5882","4836","4868","0","0","1","0","1","1","1611.3392","0","289.97003","0","0","0","0","0","3","3.912628","0","2930.0981","748.8823","0","0","0","0","0","7","12.474379","1","6954.167","557.476","156.59718","99.88709","56.71009","34.756805","0.776295"
"D:\HAA\dACC revisions\Run 4\Br6471_dACC_20x_img_021-MaxIP-Stitched_unmixed_rotated.nd2","Layer 1","dACC_v17_ FISH-IF v2.4.4","1318","6074","6118","4887","4922","0","0","0","0","1","1","2055.686","0","439.67105","0","0","0","0","0","1","0.322216","0","195.6314","607.1429","0","0","0","0","0","0","0","0","0","0","201.43129","122.85652","78.574776","45.913307","0.668831"
"D:\HAA\dACC revisions\Run 4\Br6471_dACC_20x_img_021-MaxIP-Stitched_unmixed_rotated.nd2","Layer 1","dACC_v17_ FISH-IF v2.4.4","1319","5994","6014","4890","4914","0","0","0","0","1","1","2654.1348","0","458.36374","0","0","0","0","0","0","0","0","0","0","0","0","0","0","0","2","3.682473","0","1922.067","521.95","72.03838","35.812054","36.226334","26.389425","0.713872"
"D:\HAA\dACC revisions\Run 4\Br6471_dACC_20x_img_021-MaxIP-Stitched_unmixed_rotated.nd2","Layer 1","dACC_v17_ FISH-IF v2.4.4","1320","6013","6033","4891","4920","0","0","1","0","1","1","2274.7837","0","422.79333","0","0","0","0","0","0","0","0","0","0","0","0","0","0","0","10","23.245613","2","13528.026","581.9604","80.73823","49.66736","31.07087","24.458492","0.774167"
"D:\HAA\dACC revisions\Run 4\Br6471_dACC_20x_img_021-MaxIP-Stitched_unmixed_rotated.nd2","Layer 1","dACC_v17_ FISH-IF v2.4.4","1321","5990","6019","4911","4933","0","0","0","0","1","1","2794.6658","0","453.41034","0","0","0","0","0","0","0","0","0","0","0","0","0","0","0","0","0","0","0","0","83.68421","51.60066","32.08355","25.102137","0.772422"
"D:\HAA\dACC revisions\Run 4\Br6471_dACC_20x_img_021-MaxIP-Stitched_unmixed_rotated.nd2","Layer 1","dACC_v17_ FISH-IF v2.4.4","1322","5913","5949","4910","4943","0","0","0","0","1","1","1514.1443","0","272.70523","0","0","0","0","0","0","0","0","0","0","0","0","0","0","0","0","0","0","0","0","156.59718","99.47282","57.124367","36.47319","0.789312"
"D:\HAA\dACC revisions\Run 4\Br6471_dACC_20x_img_021-MaxIP-Stitched_unmixed_rotated.nd2","Layer 1","dACC_v17_ FISH-IF v2.4.4","1323","7004","7033","4523","4551","0","0","0","1","1","1","1465.1947","0","298.148","8","19.60917","1","27576.984","1406.3309","0","0","0","0","0","0","0","0","0","0","1","0.736495","0","318.39584","432.3125","113.32812","80.23189","33.09623","26.389425","0.822433"
"D:\HAA\dACC revisions\Run 4\Br6471_dACC_20x_img_021-MaxIP-Stitched_unmixed_rotated.nd2","Layer 1","dACC_v17_ FISH-IF v2.4.4","1324","6728","6748","4550","4572","0","0","0","0","1","1","518.15656","0","139.06346","0","0","0","0","0","0","0","0","0","0","0","0","0","0","0","0","0","0","0","0","62.78617","53.67205","9.114121","13.731083","0.740341"
"D:\HAA\dACC revisions\Run 4\Br6471_dACC_20x_img_021-MaxIP-Stitched_unmixed_rotated.nd2","Layer 1","dACC_v17_ FISH-IF v2.4.4","1325","6845","6872","4556","4587","0","0","0","1","1","1","1280.8732","0","329.44272","11","33.23432","2","65780.85","1979.3047","0","0","0","0","0","1","1.01268","0","724.4346","715.36365","1","0.322216","0","135.56105","420.7143","114.38683","83.17787","31.208961","26.603973","0.658514"
"D:\HAA\dACC revisions\Run 4\Br6471_dACC_20x_img_021-MaxIP-Stitched_unmixed_rotated.nd2","Layer 1","dACC_v17_ FISH-IF v2.4.4","1326","7019","7049","4563","4602","0","0","0","1","1","1","1542.9088","0","340.30182","8","22.002779","1","40855.57","1856.8368","0","0","0","0","0","0","0","0","0","0","0","0","0","0","0","175.14764","109.04724","66.100395","37.975025","0.772547"
"D:\HAA\dACC revisions\Run 4\Br6471_dACC_20x_img_021-MaxIP-Stitched_unmixed_rotated.nd2","Layer 1","dACC_v17_ FISH-IF v2.4.4","1327","6831","6851","4605","4627","0","0","0","0","1","1","351.7421","0","111.66252","2","6.122112","0","6414.7305","1047.797","0","0","0","0","0","0","0","0","0","0","0","0","0","0","0","65.68612","55.513287","10.172832","14.160179","0.724164"
"D:\HAA\dACC revisions\Run 4\Br6471_dACC_20x_img_021-MaxIP-Stitched_unmixed_rotated.nd2","Layer 1","dACC_v17_ FISH-IF v2.4.4","1328","6887","6918","4616","4645","0","0","0","0","1","1","1379.8854","0","248.13312","1","2.623762","0","2278.3003","868.3333","0","0","0","0","0","0","0","0","0","0","0","0","0","0","0","129.30084","87.13653","42.16432","28.749454","0.848617"
"D:\HAA\dACC revisions\Run 4\Br6471_dACC_20x_img_021-MaxIP-Stitched_unmixed_rotated.nd2","Layer 1","dACC_v17_ FISH-IF v2.4.4","1329","6978","7001","4647","4677","0","0","0","1","1","1","1263.2263","0","263.5902","11","25.270973","2","48991.164","1938.6339","0","0","0","0","0","1","0.736495","0","494.55618","671.5","0","0","0","0","0","104.30606","77.055756","27.250303","23.600298","0.73962"
"D:\HAA\dACC revisions\Run 4\Br6471_dACC_20x_img_021-MaxIP-Stitched_unmixed_rotated.nd2","Layer 1","dACC_v17_ FISH-IF v2.4.4","1330","6942","6970","4648","4682","0","0","0","1","1","1","1027.3751","0","185.6971","15","39.12628","3","85703.03","2190.4211","0","0","0","0","0","0","0","0","0","0","0","0","0","0","0","130.95796","88.74761","42.21035","30.46584","0.752199"
"D:\HAA\dACC revisions\Run 4\Br6471_dACC_20x_img_021-MaxIP-Stitched_unmixed_rotated.nd2","Layer 1","dACC_v17_ FISH-IF v2.4.4","1331","6665","6689","4660","4682","0","0","0","0","1","1","858.50354","0","166.91492","0","0","0","0","0","0","0","0","0","0","1","0.644433","0","417.1782","647.3571","0","0","0","0","0","74.201836","61.12906","13.072781","17.163853","0.690384"
"D:\HAA\dACC revisions\Run 4\Br6471_dACC_20x_img_021-MaxIP-Stitched_unmixed_rotated.nd2","Layer 1","dACC_v17_ FISH-IF v2.4.4","1332","6887","6919","4662","4693","0","0","0","1","1","1","1029.5099","0","187.94185","16","40.323082","3","96695.35","2398.015","0","0","0","0","0","1","0.552371","0","806.41565","761.6957","0","0","0","0","0","133.67378","89.43807","44.23571","31.324034","0.852362"
"D:\HAA\dACC revisions\Run 4\Br6471_dACC_20x_img_021-MaxIP-Stitched_unmixed_rotated.nd2","Layer 1","dACC_v17_ FISH-IF v2.4.4","1333","6732","6770","4673","4701","0","0","0","0","1","1","1430.001","0","250.43098","0","0","0","0","0","0","0","0","0","0","0","0","0","0","0","0","0","0","0","0","142.926","98.36807","44.55793","34.327705","0.622439"
"D:\HAA\dACC revisions\Run 4\Br6471_dACC_20x_img_021-MaxIP-Stitched_unmixed_rotated.nd2","Layer 1","dACC_v17_ FISH-IF v2.4.4","1334","6772","6797","4682","4709","0","0","0","0","1","1","1912.7672","0","273.68842","0","0","0","0","0","0","0","0","0","0","0","0","0","0","0","0","0","0","0","0","99.518845","73.41931","26.09953","22.31301","0.816182"
"D:\HAA\dACC revisions\Run 4\Br6471_dACC_20x_img_021-MaxIP-Stitched_unmixed_rotated.nd2","Layer 1","dACC_v17_ FISH-IF v2.4.4","1335","7022","7051","4693","4722","0","0","0","0","1","1","1187.8949","0","223.9036","1","0.782526","0","563.2343","719.7647","0","0","0","0","0","0","0","0","0","0","0","0","0","0","0","126.216774","85.93972","40.277054","27.462166","0.829216"
"D:\HAA\dACC revisions\Run 4\Br6471_dACC_20x_img_021-MaxIP-Stitched_unmixed_rotated.nd2","Layer 1","dACC_v17_ FISH-IF v2.4.4","1336","6990","7011","4699","4726","0","0","0","0","1","1","410.14648","0","134.90631","0","0","0","0","0","0","0","0","0","0","0","0","0","0","0","0","0","0","0","0","82.671524","66.33055","16.340975","18.88024","0.65769"
"D:\HAA\dACC revisions\Run 4\Br6471_dACC_20x_img_021-MaxIP-Stitched_unmixed_rotated.nd2","Layer 1","dACC_v17_ FISH-IF v2.4.4","1337","6844","6872","4711","4742","0","0","0","0","1","1","935.8682","0","177.80482","0","0","0","0","0","0","0","0","0","0","0","0","0","0","0","0","0","0","0","0","121.3375","83.960396","37.377106","27.891262","0.797313"
"D:\HAA\dACC revisions\Run 4\Br6471_dACC_20x_img_021-MaxIP-Stitched_unmixed_rotated.nd2","Layer 1","dACC_v17_ FISH-IF v2.4.4","1338","6797","6825","4727","4750","0","0","0","0","1","1","740.7835","0","161.29482","0","0","0","0","0","0","0","0","0","0","0","0","0","0","0","0","0","0","0","0","80.87632","58.551327","22.324995","24.243944","0.64367"
"D:\HAA\dACC revisions\Run 4\Br6471_dACC_20x_img_021-MaxIP-Stitched_unmixed_rotated.nd2","Layer 1","dACC_v17_ FISH-IF v2.4.4","1339","6814","6833","4738","4758","0","0","0","0","1","1","615.3684","0","170.60785","0","0","0","0","0","0","0","0","0","0","0","0","0","0","0","0","0","0","0","0","47.18169","37.56123","9.620461","14.803823","0.723137"
"D:\HAA\dACC revisions\Run 4\Br6471_dACC_20x_img_021-MaxIP-Stitched_unmixed_rotated.nd2","Layer 1","dACC_v17_ FISH-IF v2.4.4","1340","6868","6887","4741","4766","0","0","0","0","1","1","799.3","0","156.16101","0","0","0","0","0","0","0","0","0","0","0","0","0","0","0","0","0","0","0","0","72.176476","59.74813","12.428348","15.876565","0.722538"
"D:\HAA\dACC revisions\Run 4\Br6471_dACC_20x_img_021-MaxIP-Stitched_unmixed_rotated.nd2","Layer 1","dACC_v17_ FISH-IF v2.4.4","1341","7010","7039","4786","4816","0","0","0","0","1","1","847.1881","0","188.63602","0","0","0","0","0","0","0","0","0","0","0","0","0","0","0","0","0","0","0","0","121.52162","83.59215","37.929478","27.891262","0.854102"
"D:\HAA\dACC revisions\Run 4\Br6471_dACC_20x_img_021-MaxIP-Stitched_unmixed_rotated.nd2","Layer 1","dACC_v17_ FISH-IF v2.4.4","1342","6835","6860","4824","4845","0","0","0","0","1","1","1151.7021","0","289.1628","0","0","0","0","0","0","0","0","0","0","0","0","0","0","0","0","0","0","0","0","71.11777","47.780094","23.337675","21.02572","0.81347"
"D:\HAA\dACC revisions\Run 4\Br6471_dACC_20x_img_021-MaxIP-Stitched_unmixed_rotated.nd2","Layer 1","dACC_v17_ FISH-IF v2.4.4","1343","6825","6856","4837","4870","0","0","0","0","1","1","958.59674","0","209.82367","0","0","0","0","0","0","0","0","0","0","0","0","0","0","0","0","0","0","0","0","140.44032","78.574776","61.865555","35.1859","0.818926"
"D:\HAA\dACC revisions\Run 4\Br6471_dACC_20x_img_021-MaxIP-Stitched_unmixed_rotated.nd2","Layer 1","dACC_v17_ FISH-IF v2.4.4","1344","6691","6713","4846","4867","0","0","0","0","1","1","993.2023","0","181.12106","0","0","0","0","0","0","0","0","0","0","0","0","0","0","0","0","0","0","0","0","69.09241","57.032307","12.060101","14.589275","0.859124"
"D:\HAA\dACC revisions\Run 4\Br6471_dACC_20x_img_021-MaxIP-Stitched_unmixed_rotated.nd2","Layer 1","dACC_v17_ FISH-IF v2.4.4","1345","6938","6966","4871","4895","0","0","0","1","1","1","1324.9506","0","297.71243","9","24.810665","1","57389.184","2313.0854","0","0","0","0","0","0","0","0","0","0","0","0","0","0","0","89.99044","70.42731","19.56314","21.669365","0.685787"
"D:\HAA\dACC revisions\Run 4\Br6471_dACC_20x_img_021-MaxIP-Stitched_unmixed_rotated.nd2","Layer 1","dACC_v17_ FISH-IF v2.4.4","1346","6715","6743","4878","4911","0","0","0","0","1","1","1187.6461","0","219.8498","0","0","0","0","0","0","0","0","0","0","0","0","0","0","0","0","0","0","0","0","135.14677","90.404724","44.74205","29.607647","0.75943"
"D:\HAA\dACC revisions\Run 4\Br6471_dACC_20x_img_021-MaxIP-Stitched_unmixed_rotated.nd2","Layer 1","dACC_v17_ FISH-IF v2.4.4","1347","4536","4564","5318","5352","0","0","0","1","1","1","1935.9792","0","436.68533","11","23.5218","2","40949.52","1740.9178","0","0","0","0","0","0","0","0","0","0","0","0","0","0","0","134.04204","89.66823","44.373806","31.324034","0.764677"
"D:\HAA\dACC revisions\Run 4\Br6471_dACC_20x_img_021-MaxIP-Stitched_unmixed_rotated.nd2","Layer 1","dACC_v17_ FISH-IF v2.4.4","1348","4283","4306","5323","5351","0","0","0","0","1","1","1355.3977","0","217.33057","0","0","0","0","0","0","0","0","0","0","0","0","0","0","0","1","1.979329","0","1184.8358","598.6047","95.60622","71.992355","23.613861","21.883913","0.745217"
"D:\HAA\dACC revisions\Run 4\Br6471_dACC_20x_img_021-MaxIP-Stitched_unmixed_rotated.nd2","Layer 1","dACC_v17_ FISH-IF v2.4.4","1349","4442","4472","5341","5369","0","0","0","0","1","1","2060.738","0","390.38824","0","0","0","0","0","0","0","0","0","0","3","2.99201","0","2392.7332","799.7077","2","1.841237","0","830.30566","450.95","126.354866","74.339935","52.01494","32.396774","0.75221"
"D:\HAA\dACC revisions\Run 4\Br6471_dACC_20x_img_021-MaxIP-Stitched_unmixed_rotated.nd2","Layer 1","dACC_v17_ FISH-IF v2.4.4","1350","4521","4547","5377","5412","0","0","0","0","1","1","1779.338","0","362.21527","0","0","0","0","0","1","1.058711","0","789.43024","745.65216","0","0","0","0","0","0","0","0","0","0","128.74847","89.80632","38.942158","29.607647","0.66968"
"D:\HAA\dACC revisions\Run 4\Br6471_dACC_20x_img_021-MaxIP-Stitched_unmixed_rotated.nd2","Layer 1","dACC_v17_ FISH-IF v2.4.4","1351","4295","4331","5383","5414","0","0","0","0","1","1","1589.3668","0","314.78622","0","0","0","0","0","0","0","0","0","0","0","0","0","0","0","0","0","0","0","0","152.77661","98.183945","54.592667","34.97135","0.758701"
"D:\HAA\dACC revisions\Run 4\Br6471_dACC_20x_img_021-MaxIP-Stitched_unmixed_rotated.nd2","Layer 1","dACC_v17_ FISH-IF v2.4.4","1352","4499","4521","5392","5420","0","0","0","0","1","1","713.2661","0","136.68045","0","0","0","0","0","0","0","0","0","0","2","2.255515","0","1822.41","807.9796","2","1.334897","0","602.4066","451.27585","86.12385","69.00034","17.1235","21.454817","0.620647"
"D:\HAA\dACC revisions\Run 4\Br6471_dACC_20x_img_021-MaxIP-Stitched_unmixed_rotated.nd2","Layer 1","dACC_v17_ FISH-IF v2.4.4","1353","4247","4262","5398","5414","0","0","0","0","1","1","496","0","134.85332","0","0","0","0","0","0","0","0","0","0","0","0","0","0","0","0","0","0","0","0","31.254993","29.183601","2.071391","6.007349","0.862577"
"D:\HAA\dACC revisions\Run 4\Br6471_dACC_20x_img_021-MaxIP-Stitched_unmixed_rotated.nd2","Layer 1","dACC_v17_ FISH-IF v2.4.4","1354","4450","4479","5415","5444","0","0","0","0","1","1","2059.6978","0","316.50443","0","0","0","0","0","0","0","0","0","0","0","0","0","0","0","1","0.782526","0","354.57617","453.11765","118.575645","82.947716","35.62793","27.247618","0.825378"
"D:\HAA\dACC revisions\Run 4\Br6471_dACC_20x_img_021-MaxIP-Stitched_unmixed_rotated.nd2","Layer 1","dACC_v17_ FISH-IF v2.4.4","1355","4537","4567","5427","5455","0","0","0","0","1","1","2400.1184","0","324.0099","0","0","0","0","0","0","0","0","0","0","0","0","0","0","0","0","0","0","0","0","100.25534","60.576687","39.67865","29.822195","0.820312"
"D:\HAA\dACC revisions\Run 4\Br6471_dACC_20x_img_021-MaxIP-Stitched_unmixed_rotated.nd2","Layer 1","dACC_v17_ FISH-IF v2.4.4","1356","4530","4558","5441","5473","0","0","0","0","1","1","2378.7046","0","411.8078","0","0","0","0","0","0","0","0","0","0","0","0","0","0","0","0","0","0","0","0","110.658325","66.100395","44.55793","31.75313","0.771739"
"D:\HAA\dACC revisions\Run 4\Br6471_dACC_20x_img_021-MaxIP-Stitched_unmixed_rotated.nd2","Layer 1","dACC_v17_ FISH-IF v2.4.4","1357","4305","4342","5459","5501","1","1","1","0","1","1","997.1953","0","344.94623","0","0","0","0","0","8","8.377627","1","9169.129","1094.478","8","8.009379","1","6232.218","778.1149","43","94.0872","4","67483.4","717.24316","198.48532","118.11533","80.36998","45.913307","0.706931"
"D:\HAA\dACC revisions\Run 4\Br6471_dACC_20x_img_021-MaxIP-Stitched_unmixed_rotated.nd2","Layer 1","dACC_v17_ FISH-IF v2.4.4","1358","4607","4633","5461","5484","0","0","0","0","1","1","1110.5336","0","194.86658","1","0.690464","0","585.4212","847.86664","0","0","0","0","0","1","1.01268","0","809.68384","799.5455","0","0","0","0","0","83.40802","66.928955","16.479069","20.167528","0.658653"
"D:\HAA\dACC revisions\Run 4\Br6471_dACC_20x_img_021-MaxIP-Stitched_unmixed_rotated.nd2","Layer 1","dACC_v17_ FISH-IF v2.4.4","1359","4294","4318","5488","5513","0","0","1","0","1","1","2299.947","0","398.7638","0","0","0","0","0","1","0.368247","0","227.99113","619.125","2","2.48567","0","1945.6348","782.7407","9","19.332985","1","12327.862","637.65955","85.985756","64.30519","21.680563","20.167528","0.922544"
"D:\HAA\dACC revisions\Run 4\Br6471_dACC_20x_img_021-MaxIP-Stitched_unmixed_rotated.nd2","Layer 1","dACC_v17_ FISH-IF v2.4.4","1360","4344","4382","5527","5565","0","1","1","0","1","1","1056.6637","0","242.64685","0","0","0","0","0","0","0","0","0","0","38","34.062878","4","37894.54","1084.639","75","116.08997","4","115227.68","992.57214","207.73753","118.48358","89.25395","42.909634","0.800815"
"D:\HAA\dACC revisions\Run 4\Br6471_dACC_20x_img_021-MaxIP-Stitched_unmixed_rotated.nd2","Layer 1","dACC_v17_ FISH-IF v2.4.4","1361","4566","4587","5577","5606","0","0","0","0","1","1","1889.1388","0","223.94019","0","0","0","0","0","0","0","0","0","0","0","0","0","0","0","0","0","0","0","0","91.14122","71.57808","19.56314","21.454817","0.687358"
"D:\HAA\dACC revisions\Run 4\Br6471_dACC_20x_img_021-MaxIP-Stitched_unmixed_rotated.nd2","Layer 1","dACC_v17_ FISH-IF v2.4.4","1362","4559","4588","5700","5726","0","1","0","0","1","1","783.05023","0","318.6716","0","0","0","0","0","0","0","0","0","0","14","10.817266","2","13113.426","1212.2681","1","1.795206","0","905.38214","504.33334","119.772446","74.846275","44.926174","34.542255","0.69618"
"D:\HAA\dACC revisions\Run 4\Br6471_dACC_20x_img_021-MaxIP-Stitched_unmixed_rotated.nd2","Layer 1","dACC_v17_ FISH-IF v2.4.4","1363","4535","4560","5710","5739","0","0","0","0","1","1","3158.7144","0","413.3393","0","0","0","0","0","0","0","0","0","0","0","0","0","0","0","1","0.552371","0","253.07799","458.16666","105.088585","74.47803","30.61056","24.67304","0.865091"
"D:\HAA\dACC revisions\Run 4\Br6471_dACC_20x_img_021-MaxIP-Stitched_unmixed_rotated.nd2","Layer 1","dACC_v17_ FISH-IF v2.4.4","1364","4331","4359","5718","5745","0","0","1","0","1","1","2751.4272","0","422.58893","0","0","0","0","0","0","0","0","0","0","0","0","0","0","0","16","23.659891","3","24248.674","1024.8853","109.139305","76.59544","32.543858","25.74578","0.848189"
"D:\HAA\dACC revisions\Run 4\Br6471_dACC_20x_img_021-MaxIP-Stitched_unmixed_rotated.nd2","Layer 1","dACC_v17_ FISH-IF v2.4.4","1365","2979","3017","5315","5352","0","0","0","0","1","1","930.71814","0","205.4319","0","0","0","0","0","1","1.104742","0","777.2781","703.5833","0","0","0","0","0","0","0","0","0","0","195.67743","112.54559","83.131836","41.622345","0.908422"
"D:\HAA\dACC revisions\Run 4\Br6471_dACC_20x_img_021-MaxIP-Stitched_unmixed_rotated.nd2","Layer 1","dACC_v17_ FISH-IF v2.4.4","1366","2908","2942","5341","5373","1","0","0","0","1","1","564.6268","0","159.11064","0","0","0","0","0","5","4.51103","1","3067.3162","679.95917","0","0","0","0","0","1","0.414278","0","177.08093","427.44446","144.99739","96.52683","48.470554","33.89861","0.68903"
"D:\HAA\dACC revisions\Run 4\Br6471_dACC_20x_img_021-MaxIP-Stitched_unmixed_rotated.nd2","Layer 1","dACC_v17_ FISH-IF v2.4.4","1367","2961","2980","5342","5359","0","0","0","0","1","1","1068.7916","0","308.45282","0","0","0","0","0","0","0","0","0","0","0","0","0","0","0","0","0","0","0","0","43.453186","39.034218","4.418968","9.011024","0.815983"
"D:\HAA\dACC revisions\Run 4\Br6471_dACC_20x_img_021-MaxIP-Stitched_unmixed_rotated.nd2","Layer 1","dACC_v17_ FISH-IF v2.4.4","1368","2949","2978","5355","5383","0","0","0","0","1","1","1854.522","0","324.77496","0","0","0","0","0","0","0","0","0","0","0","0","0","0","0","0","0","0","0","0","114.61698","77.93034","36.68664","26.603973","0.92579"
"D:\HAA\dACC revisions\Run 4\Br6471_dACC_20x_img_021-MaxIP-Stitched_unmixed_rotated.nd2","Layer 1","dACC_v17_ FISH-IF v2.4.4","1369","2842","2870","5361","5393","0","0","0","0","1","1","1656.4587","0","289.36722","1","0.690464","0","493.5435","714.8","0","0","0","0","0","0","0","0","0","0","0","0","0","0","0","122.07399","74.708176","47.365814","31.109486","0.76798"
"D:\HAA\dACC revisions\Run 4\Br6471_dACC_20x_img_021-MaxIP-Stitched_unmixed_rotated.nd2","Layer 1","dACC_v17_ FISH-IF v2.4.4","1370","2838","2859","5384","5399","0","0","0","0","1","1","1428.5187","0","330.9912","0","0","0","0","0","0","0","0","0","0","0","0","0","0","0","0","0","0","0","0","42.11829","26.145561","15.972729","18.022047","0.734123"
"D:\HAA\dACC revisions\Run 4\Br6471_dACC_20x_img_021-MaxIP-Stitched_unmixed_rotated.nd2","Layer 1","dACC_v17_ FISH-IF v2.4.4","1371","2832","2858","5397","5424","0","0","0","1","1","1","1637.6759","0","357.1795","6","24.718603","1","42261.492","1709.7039","0","0","0","0","0","0","0","0","0","0","0","0","0","0","0","105.088585","68.72416","36.364426","26.603973","0.722905"
"D:\HAA\dACC revisions\Run 4\Br6471_dACC_20x_img_021-MaxIP-Stitched_unmixed_rotated.nd2","Layer 1","dACC_v17_ FISH-IF v2.4.4","1372","2728","2746","5416","5435","0","0","0","0","1","1","362","0","111.35975","0","0","0","0","0","0","0","0","0","0","0","0","0","0","0","0","0","0","0","0","48.838802","44.14365","4.695154","9.011024","0.842761"
"D:\HAA\dACC revisions\Run 4\Br6471_dACC_20x_img_021-MaxIP-Stitched_unmixed_rotated.nd2","Layer 1","dACC_v17_ FISH-IF v2.4.4","1373","2883","2909","5435","5465","0","0","0","0","1","1","1577.4869","0","307.7729","0","0","0","0","0","0","0","0","0","0","0","0","0","0","0","0","0","0","0","0","111.21069","79.44936","31.761333","26.174877","0.773364"
"D:\HAA\dACC revisions\Run 4\Br6471_dACC_20x_img_021-MaxIP-Stitched_unmixed_rotated.nd2","Layer 1","dACC_v17_ FISH-IF v2.4.4","1374","2703","2727","5440","5463","0","0","0","0","1","1","1988.5841","0","296.5106","2","2.439639","0","2042.0696","837.0377","0","0","0","0","0","0","0","0","0","0","0","0","0","0","0","83.86833","65.27184","18.59649","18.451143","0.876411"
"D:\HAA\dACC revisions\Run 4\Br6471_dACC_20x_img_021-MaxIP-Stitched_unmixed_rotated.nd2","Layer 1","dACC_v17_ FISH-IF v2.4.4","1375","2960","2989","5508","5534","0","0","0","0","1","1","1597.3114","0","320.23947","0","0","0","0","0","0","0","0","0","0","0","0","0","0","0","0","0","0","0","0","111.44085","78.620804","32.820045","25.316685","0.832237"
"D:\HAA\dACC revisions\Run 4\Br6471_dACC_20x_img_021-MaxIP-Stitched_unmixed_rotated.nd2","Layer 1","dACC_v17_ FISH-IF v2.4.4","1376","2947","2977","5523","5550","0","0","0","0","1","1","597.93085","0","244.3021","0","0","0","0","0","0","0","0","0","0","0","0","0","0","0","0","0","0","0","0","99.702965","81.06045","18.64252","26.603973","0.507316"
"D:\HAA\dACC revisions\Run 4\Br6471_dACC_20x_img_021-MaxIP-Stitched_unmixed_rotated.nd2","Layer 1","dACC_v17_ FISH-IF v2.4.4","1377","2752","2784","5525","5559","1","0","0","0","1","1","932.337","0","201.83157","0","0","0","0","0","6","5.293556","1","4043.0796","763.7739","0","0","0","0","0","0","0","0","0","0","158.89873","100.025185","58.873543","34.756805","0.788211"
"D:\HAA\dACC revisions\Run 4\Br6471_dACC_20x_img_021-MaxIP-Stitched_unmixed_rotated.nd2","Layer 1","dACC_v17_ FISH-IF v2.4.4","1378","2915","2934","5530","5549","0","0","0","0","1","1","783.8298","0","131.71126","0","0","0","0","0","0","0","0","0","0","0","0","0","0","0","0","0","0","0","0","54.316483","47.826122","6.490359","10.727408","0.823704"
"D:\HAA\dACC revisions\Run 4\Br6471_dACC_20x_img_021-MaxIP-Stitched_unmixed_rotated.nd2","Layer 1","dACC_v17_ FISH-IF v2.4.4","1379","2691","2721","5536","5572","0","0","0","0","1","1","1073.2236","0","219.23935","0","0","0","0","0","0","0","0","0","0","0","0","0","0","0","0","0","0","0","0","152.13219","99.42678","52.705402","35.1859","0.699174"
"D:\HAA\dACC revisions\Run 4\Br6471_dACC_20x_img_021-MaxIP-Stitched_unmixed_rotated.nd2","Layer 1","dACC_v17_ FISH-IF v2.4.4","1380","2879","2907","5567","5593","0","0","0","0","1","1","1733.592","0","320.29468","0","0","0","0","0","0","0","0","0","0","0","0","0","0","0","0","0","0","0","0","107.02188","77.00973","30.012157","24.029396","0.862495"
"D:\HAA\dACC revisions\Run 4\Br6471_dACC_20x_img_021-MaxIP-Stitched_unmixed_rotated.nd2","Layer 1","dACC_v17_ FISH-IF v2.4.4","1381","2813","2832","5578","5599","0","0","0","0","1","1","587.2899","0","141.46349","0","0","0","0","0","0","0","0","0","0","0","0","0","0","0","0","0","0","0","0","58.82751","51.048286","7.779225","12.014698","0.754057"
"D:\HAA\dACC revisions\Run 4\Br6471_dACC_20x_img_021-MaxIP-Stitched_unmixed_rotated.nd2","Layer 1","dACC_v17_ FISH-IF v2.4.4","1382","2780","2811","5591","5624","0","0","0","1","1","1","1224.8748","0","280.8317","7","12.704534","1","12712.175","1000.60144","0","0","0","0","0","1","0.690464","0","456.9029","661.73334","0","0","0","0","0","143.24821","94.36338","48.884834","32.61132","0.759608"
"D:\HAA\dACC revisions\Run 4\Br6471_dACC_20x_img_021-MaxIP-Stitched_unmixed_rotated.nd2","Layer 1","dACC_v17_ FISH-IF v2.4.4","1383","2852","2871","5593","5612","0","0","0","0","1","1","719.6818","0","131.32516","0","0","0","0","0","0","0","0","0","0","0","0","0","0","0","0","0","0","0","0","53.073647","46.997566","6.076081","10.298312","0.846589"
"D:\HAA\dACC revisions\Run 4\Br6471_dACC_20x_img_021-MaxIP-Stitched_unmixed_rotated.nd2","Layer 1","dACC_v17_ FISH-IF v2.4.4","1384","2936","2968","5630","5674","1","0","0","0","1","1","590.50275","0","269.0176","0","0","0","0","0","6","6.214174","1","4330.036","696.8","0","0","0","0","0","0","0","0","0","0","203.73283","120.23276","83.500084","44.62602","0.637051"
"D:\HAA\dACC revisions\Run 4\Br6471_dACC_20x_img_021-MaxIP-Stitched_unmixed_rotated.nd2","Layer 1","dACC_v17_ FISH-IF v2.4.4","1385","2913","2938","5640","5672","0","0","0","0","1","1","1712.576","0","315.57193","0","0","0","0","0","2","0.828557","0","505.83374","610.5","0","0","0","0","0","0","0","0","0","0","119.4042","80.96838","38.435818","27.891262","0.816067"
"D:\HAA\dACC revisions\Run 4\Br6471_dACC_20x_img_021-MaxIP-Stitched_unmixed_rotated.nd2","Layer 1","dACC_v17_ FISH-IF v2.4.4","1386","2758","2790","5641","5669","0","0","0","0","1","1","1801.2886","0","318.96777","0","0","0","0","0","0","0","0","0","0","0","0","0","0","0","0","0","0","0","0","121.107346","87.13653","33.970818","29.17855","0.719783"
"D:\HAA\dACC revisions\Run 4\Br6471_dACC_20x_img_021-MaxIP-Stitched_unmixed_rotated.nd2","Layer 1","dACC_v17_ FISH-IF v2.4.4","1387","3038","3057","5647","5665","0","0","0","0","1","1","441.66666","0","116.28178","0","0","0","0","0","0","0","0","0","0","0","0","0","0","0","0","0","0","0","0","47.872154","43.453186","4.418968","8.367378","0.865413"
"D:\HAA\dACC revisions\Run 4\Br6471_dACC_20x_img_021-MaxIP-Stitched_unmixed_rotated.nd2","Layer 1","dACC_v17_ FISH-IF v2.4.4","1388","2665","2694","5663","5691","0","0","0","0","1","1","1961.4061","0","270.39328","0","0","0","0","0","0","0","0","0","0","0","0","0","0","0","0","0","0","0","0","125.204094","84.973076","40.23102","27.462166","0.928944"
"D:\HAA\dACC revisions\Run 4\Br6471_dACC_20x_img_021-MaxIP-Stitched_unmixed_rotated.nd2","Layer 1","dACC_v17_ FISH-IF v2.4.4","1389","2977","2996","5684","5706","0","0","0","0","1","1","924.1028","0","167.29753","0","0","0","0","0","0","0","0","0","0","0","0","0","0","0","0","0","0","0","0","63.844883","53.994267","9.850616","13.301987","0.811827"
"D:\HAA\dACC revisions\Run 4\Br6471_dACC_20x_img_021-MaxIP-Stitched_unmixed_rotated.nd2","Layer 1","dACC_v17_ FISH-IF v2.4.4","1390","2854","2880","5684","5713","0","0","0","0","1","1","1795.4408","0","374.89236","0","0","0","0","0","0","0","0","0","0","0","0","0","0","0","0","0","0","0","0","108.67899","75.26055","33.418446","25.74578","0.904291"
"D:\HAA\dACC revisions\Run 4\Br6471_dACC_20x_img_021-MaxIP-Stitched_unmixed_rotated.nd2","Layer 1","dACC_v17_ FISH-IF v2.4.4","1391","2831","2858","5686","5726","0","0","0","0","1","1","659.8835","0","301.64633","0","0","0","0","0","0","0","0","0","0","0","0","0","0","0","1","0.322216","0","145.4577","451.42856","140.44032","95.79034","44.64999","35.614998","0.609366"
"D:\HAA\dACC revisions\Run 4\Br6471_dACC_20x_img_021-MaxIP-Stitched_unmixed_rotated.nd2","Layer 1","dACC_v17_ FISH-IF v2.4.4","1392","2793","2822","5701","5727","0","0","0","0","1","1","2028.4701","0","478.43546","0","0","0","0","0","0","0","0","0","0","0","0","0","0","0","0","0","0","0","0","114.11064","80.23189","33.878754","24.887589","0.891685"
"D:\HAA\dACC revisions\Run 4\Br6471_dACC_20x_img_021-MaxIP-Stitched_unmixed_rotated.nd2","Layer 1","dACC_v17_ FISH-IF v2.4.4","1393","2826","2844","5721","5739","0","0","0","0","1","1","507.2043","0","129.14775","0","0","0","0","0","0","0","0","0","0","0","0","0","0","0","0","0","0","0","0","47.273754","42.992878","4.280875","8.367378","0.816628"
"D:\HAA\dACC revisions\Run 4\Br6471_dACC_20x_img_021-MaxIP-Stitched_unmixed_rotated.nd2","Layer 1","dACC_v17_ FISH-IF v2.4.4","1394","3621","3645","6120","6150","0","0","0","0","1","1","1540.0377","0","247.74467","0","0","0","0","0","0","0","0","0","0","0","0","0","0","0","0","0","0","0","0","98.87441","75.720856","23.153551","24.029396","0.633949"
"D:\HAA\dACC revisions\Run 4\Br6471_dACC_20x_img_021-MaxIP-Stitched_unmixed_rotated.nd2","Layer 1","dACC_v17_ FISH-IF v2.4.4","1395","3455","3475","6160","6179","0","0","0","0","1","1","1314.2959","0","176.5629","0","0","0","0","0","0","0","0","0","0","0","0","0","0","0","0","0","0","0","0","57.906895","50.12767","7.779225","11.585601","0.915747"
"D:\HAA\dACC revisions\Run 4\Br6471_dACC_20x_img_021-MaxIP-Stitched_unmixed_rotated.nd2","Layer 1","dACC_v17_ FISH-IF v2.4.4","1396","3765","3787","6211","6234","0","0","0","0","1","1","1489.069","0","216.89412","0","0","0","0","0","0","0","0","0","0","0","0","0","0","0","0","0","0","0","0","72.03838","58.68942","13.348966","15.876565","0.876248"
"D:\HAA\dACC revisions\Run 4\Br6471_dACC_20x_img_021-MaxIP-Stitched_unmixed_rotated.nd2","Layer 1","dACC_v17_ FISH-IF v2.4.4","1397","3549","3579","6266","6296","0","0","1","0","1","1","1748.1892","0","604.72656","0","0","0","0","0","0","0","0","0","0","0","0","0","0","0","16","34.61525","3","18861.123","544.87897","137.40228","91.417404","45.984886","30.036743","0.832306"
"D:\HAA\dACC revisions\Run 4\Br6471_dACC_20x_img_021-MaxIP-Stitched_unmixed_rotated.nd2","Layer 1","dACC_v17_ FISH-IF v2.4.4","1398","3676","3704","6358","6392","0","0","0","0","1","1","530.19055","0","185.09538","0","0","0","0","0","0","0","0","0","0","0","0","0","0","0","0","0","0","0","0","137.35626","91.69359","45.66267","31.75313","0.777533"
"D:\HAA\dACC revisions\Run 4\Br6471_dACC_20x_img_021-MaxIP-Stitched_unmixed_rotated.nd2","Layer 1","dACC_v17_ FISH-IF v2.4.4","1399","3690","3717","6413","6439","0","0","0","0","1","1","1834.5033","0","365.09012","0","0","0","0","0","0","0","0","0","0","0","0","0","0","0","0","0","0","0","0","103.52354","75.07642","28.447107","23.600298","0.893795"
"D:\HAA\dACC revisions\Run 4\Br6471_dACC_20x_img_021-MaxIP-Stitched_unmixed_rotated.nd2","Layer 1","dACC_v17_ FISH-IF v2.4.4","1400","3777","3806","6436","6463","0","0","0","0","1","1","2192.4302","0","290.79105","0","0","0","0","0","0","0","0","0","0","0","0","0","0","0","0","0","0","0","0","116.45822","80.18586","36.27236","27.03307","0.914888"
"D:\HAA\dACC revisions\Run 4\Br6471_dACC_20x_img_021-MaxIP-Stitched_unmixed_rotated.nd2","Layer 1","dACC_v17_ FISH-IF v2.4.4","1401","3645","3667","6439","6461","0","0","0","0","1","1","1234.6825","0","186.85852","0","0","0","0","0","0","0","0","0","0","0","0","0","0","0","0","0","0","0","0","70.19715","57.58468","12.612472","15.018372","0.868035"
"D:\HAA\dACC revisions\Run 4\Br6471_dACC_20x_img_021-MaxIP-Stitched_unmixed_rotated.nd2","Layer 1","dACC_v17_ FISH-IF v2.4.4","1402","3699","3725","6456","6485","0","0","0","1","1","1","2112.6228","0","404.9881","7","18.09015","1","24008.621","1327.1654","0","0","0","0","0","0","0","0","0","0","0","0","0","0","0","107.113945","77.33194","29.782003","24.887589","0.792247"
"D:\HAA\dACC revisions\Run 4\Br6471_dACC_20x_img_021-MaxIP-Stitched_unmixed_rotated.nd2","Layer 1","dACC_v17_ FISH-IF v2.4.4","1403","3453","3472","6457","6478","0","0","0","0","1","1","966.5227","0","171.0532","1","7.04273","0","7974.7183","1132.3334","0","0","0","0","0","0","0","0","0","0","0","0","0","0","0","59.14973","51.048286","8.101441","12.443794","0.803335"
"D:\HAA\dACC revisions\Run 4\Br6471_dACC_20x_img_021-MaxIP-Stitched_unmixed_rotated.nd2","Layer 1","dACC_v17_ FISH-IF v2.4.4","1404","3517","3543","6459","6490","0","0","0","1","1","1","1835.5454","0","349.85602","5","14.867987","1","27594.154","1855.9442","0","0","0","0","0","0","0","0","0","0","0","0","0","0","0","116.228065","82.80962","33.418446","26.603973","0.765612"
"D:\HAA\dACC revisions\Run 4\Br6471_dACC_20x_img_021-MaxIP-Stitched_unmixed_rotated.nd2","Layer 1","dACC_v17_ FISH-IF v2.4.4","1405","3775","3804","6463","6499","0","0","0","0","1","1","752.8865","0","178.83842","0","0","0","0","0","0","0","0","0","0","1","0.920618","0","608.989","661.5","0","0","0","0","0","125.38822","78.34462","47.0436","41.836895","0.65902"
"D:\HAA\dACC revisions\Run 4\Br6471_dACC_20x_img_021-MaxIP-Stitched_unmixed_rotated.nd2","Layer 1","dACC_v17_ FISH-IF v2.4.4","1406","3765","3788","6472","6504","0","0","0","0","1","1","641.1834","0","180.76056","0","0","0","0","0","0","0","0","0","0","0","0","0","0","0","0","0","0","0","0","84.92704","58.82751","26.09953","31.109486","0.517198"
"D:\HAA\dACC revisions\Run 4\Br6471_dACC_20x_img_021-MaxIP-Stitched_unmixed_rotated.nd2","Layer 1","dACC_v17_ FISH-IF v2.4.4","1407","4359","4396","5716","5757","1","1","1","0","1","1","958.5848","0","283.0066","0","0","0","0","0","19","33.832726","3","29878.438","883.12244","5","5.293556","1","4058.0857","766.6087","104","150.24492","4","166314.36","1106.955","223.98645","125.98662","97.999825","48.48789","0.755781"
"D:\HAA\dACC revisions\Run 4\Br6471_dACC_20x_img_021-MaxIP-Stitched_unmixed_rotated.nd2","Layer 1","dACC_v17_ FISH-IF v2.4.4","1408","4559","4587","5725","5747","0","1","0","0","1","1","986.24817","0","372.70062","0","0","0","0","0","0","0","0","0","0","4","4.557061","1","3658.8596","787","2","2.02536","0","1054.4302","487.38297","89.34601","57.81483","31.53118","28.10581","0.714016"
"D:\HAA\dACC revisions\Run 4\Br6471_dACC_20x_img_021-MaxIP-Stitched_unmixed_rotated.nd2","Layer 1","dACC_v17_ FISH-IF v2.4.4","1409","4458","4480","5727","5749","0","0","0","0","1","1","952.1373","0","160.84036","2","7.503039","0","7950.9663","1059.6993","0","0","0","0","0","0","0","0","0","0","1","0.552371","0","252.9399","457.91666","66.37658","55.65138","10.725204","15.018372","0.816434"
"D:\HAA\dACC revisions\Run 4\Br6471_dACC_20x_img_021-MaxIP-Stitched_unmixed_rotated.nd2","Layer 1","dACC_v17_ FISH-IF v2.4.4","1410","4435","4455","5728","5751","0","0","0","1","1","1","540.82196","0","131.55751","4","12.106132","1","13902.811","1148.4106","0","0","0","0","0","0","0","0","0","0","0","0","0","0","0","69.78287","57.63071","12.152163","14.589275","0.834814"
"D:\HAA\dACC revisions\Run 4\Br6471_dACC_20x_img_021-MaxIP-Stitched_unmixed_rotated.nd2","Layer 1","dACC_v17_ FISH-IF v2.4.4","1411","4292","4321","5745","5771","0","0","0","0","1","1","3238.4294","0","376.2389","0","0","0","0","0","0","0","0","0","0","0","0","0","0","0","0","0","0","0","0","108.632965","77.65416","30.978807","24.458492","0.865918"
"D:\HAA\dACC revisions\Run 4\Br6471_dACC_20x_img_021-MaxIP-Stitched_unmixed_rotated.nd2","Layer 1","dACC_v17_ FISH-IF v2.4.4","1412","4274","4304","5780","5821","0","0","0","0","1","1","1693.232","0","296.09183","0","0","0","0","0","0","0","0","0","0","0","0","0","0","0","0","0","0","0","0","169.85408","108.77106","61.083027","38.61867","0.650817"
"D:\HAA\dACC revisions\Run 4\Br6471_dACC_20x_img_021-MaxIP-Stitched_unmixed_rotated.nd2","Layer 1","dACC_v17_ FISH-IF v2.4.4","1413","4603","4638","5790","5839","0","1","0","0","1","1","883.8905","0","216.96605","0","0","0","0","0","0","0","0","0","0","6","5.201494","1","4349.4155","836.18585","2","3.360257","0","1704.3407","507.20547","198.57738","104.39812","94.17926","50.204273","0.657592"
"D:\HAA\dACC revisions\Run 4\Br6471_dACC_20x_img_021-MaxIP-Stitched_unmixed_rotated.nd2","Layer 1","dACC_v17_ FISH-IF v2.4.4","1414","4490","4509","5801","5824","1","0","1","0","1","1","1179.8527","0","167.24356","0","0","0","0","0","4","4.603092","1","3718.5156","807.83","3","1.841237","0","1947.4761","769.2364","16","24.948757","3","26195.69","1049.9797","59.14973","42.900814","16.248915","19.094788","0.797023"
"D:\HAA\dACC revisions\Run 4\Br6471_dACC_20x_img_021-MaxIP-Stitched_unmixed_rotated.nd2","Layer 1","dACC_v17_ FISH-IF v2.4.4","1415","4495","4535","5810","5845","1","1","1","0","1","1","1126.415","0","206.74513","0","0","0","0","0","23","30.518497","3","33632.582","1102.0392","26","26.836025","3","24193.666","901.53687","67","117.79312","4","107362.19","911.447","186.103","99.1506","86.9524","43.55328","0.806439"
"D:\HAA\dACC revisions\Run 4\Br6471_dACC_20x_img_021-MaxIP-Stitched_unmixed_rotated.nd2","Layer 1","dACC_v17_ FISH-IF v2.4.4","1416","4400","4429","5817","5849","0","0","0","0","1","1","2123.7415","0","295.34406","0","0","0","0","0","0","0","0","0","0","1","1.288866","0","970.14764","752.7143","2","2.577731","0","1469.0308","569.8929","122.626366","85.7556","36.870766","29.17855","0.726914"
"D:\HAA\dACC revisions\Run 4\Br6471_dACC_20x_img_021-MaxIP-Stitched_unmixed_rotated.nd2","Layer 1","dACC_v17_ FISH-IF v2.4.4","1417","4603","4627","5825","5843","0","0","0","0","1","1","919.8611","0","282.26953","0","0","0","0","0","0","0","0","0","0","1","0.736495","0","512.4162","695.75","3","2.255515","0","1158.5521","513.6531","61.405243","36.54855","24.856695","22.098461","0.700308"
"D:\HAA\dACC revisions\Run 4\Br6471_dACC_20x_img_021-MaxIP-Stitched_unmixed_rotated.nd2","Layer 1","dACC_v17_ FISH-IF v2.4.4","1418","4316","4335","5827","5852","0","1","1","0","1","1","930.25037","0","254.93701","0","0","0","0","0","2","2.669793","0","2397.1982","897.89655","4","4.787215","1","3712.3015","775.46155","13","25.409067","2","14659.328","576.933","75.81292","46.76741","29.04551","25.96033","0.67703"
"D:\HAA\dACC revisions\Run 4\Br6471_dACC_20x_img_021-MaxIP-Stitched_unmixed_rotated.nd2","Layer 1","dACC_v17_ FISH-IF v2.4.4","1419","4334","4356","5833","5864","0","1","1","0","1","1","726.03235","0","207.39305","0","0","0","0","0","2","2.117422","0","1653.5226","780.913","5","5.155463","1","3840.3594","744.9107","31","57.58468","4","48993.79","850.8129","91.64756","50.357822","41.289734","31.109486","0.713912"
"D:\HAA\dACC revisions\Run 4\Br6471_dACC_20x_img_021-MaxIP-Stitched_unmixed_rotated.nd2","Layer 1","dACC_v17_ FISH-IF v2.4.4","1420","4446","4471","5837","5862","0","0","1","0","1","1","868.75977","0","257.29163","0","0","0","0","0","0","0","0","0","0","0","0","0","0","0","10","22.002779","2","13645.129","620.1548","84.512764","45.61664","38.896126","29.17855","0.71695"
"D:\HAA\dACC revisions\Run 4\Br6471_dACC_20x_img_021-MaxIP-Stitched_unmixed_rotated.nd2","Layer 1","dACC_v17_ FISH-IF v2.4.4","1421","4433","4452","5840","5863","0","0","1","0","1","1","650.74133","0","259.45895","0","0","0","0","0","0","0","0","0","0","0","0","0","0","0","6","7.871287","1","4701.782","597.3333","55.237103","31.393085","23.844015","21.240269","0.788522"
"D:\HAA\dACC revisions\Run 4\Br6471_dACC_20x_img_021-MaxIP-Stitched_unmixed_rotated.nd2","Layer 1","dACC_v17_ FISH-IF v2.4.4","1422","4317","4348","5852","5881","0","0","1","0","1","1","734.521","0","272.92563","0","0","0","0","0","1","0.598402","0","388.54697","649.3077","2","1.51902","0","1083.1996","713.0909","17","33.418446","3","18020.875","539.2493","111.62498","61.26715","50.357822","37.54593","0.703976"
"D:\HAA\dACC revisions\Run 4\Br6471_dACC_20x_img_021-MaxIP-Stitched_unmixed_rotated.nd2","Layer 1","dACC_v17_ FISH-IF v2.4.4","1423","4296","4319","5853","5876","0","0","1","0","1","1","1660.3529","0","250.67432","0","0","0","0","0","0","0","0","0","0","1","0.920618","0","666.5277","724","7","11.369637","1","5777.8467","508.1822","76.64148","60.20844","16.433037","17.59295","0.906998"
"D:\HAA\dACC revisions\Run 4\Br6471_dACC_20x_img_021-MaxIP-Stitched_unmixed_rotated.nd2","Layer 1","dACC_v17_ FISH-IF v2.4.4","1424","4438","4470","5861","5885","0","0","1","0","1","1","841.4064","0","227.58687","0","0","0","0","0","0","0","0","0","0","0","0","0","0","0","7","10.356956","1","5262.7607","497.0913","106.46951","61.72746","44.74205","33.254967","0.655181"
"D:\HAA\dACC revisions\Run 4\Br6471_dACC_20x_img_021-MaxIP-Stitched_unmixed_rotated.nd2","Layer 1","dACC_v17_ FISH-IF v2.4.4","1425","4629","4651","5876","5901","0","0","0","0","1","1","1797.6399","0","274.0786","2","1.150773","0","831.5485","722.6","0","0","0","0","0","0","0","0","0","0","0","0","0","0","0","81.01441","64.397255","16.61716","18.022047","0.741228"
"D:\HAA\dACC revisions\Run 4\Br6471_dACC_20x_img_021-MaxIP-Stitched_unmixed_rotated.nd2","Layer 1","dACC_v17_ FISH-IF v2.4.4","1426","4591","4611","5891","5910","0","0","0","0","1","1","816.5106","0","141.75168","0","0","0","0","0","0","0","0","0","0","0","0","0","0","0","0","0","0","0","0","54.316483","47.826122","6.490359","10.51286","0.876289"
"D:\HAA\dACC revisions\Run 4\Br6471_dACC_20x_img_021-MaxIP-Stitched_unmixed_rotated.nd2","Layer 1","dACC_v17_ FISH-IF v2.4.4","1427","4551","4581","5899","5931","0","0","0","0","1","1","1919.1599","0","354.35397","0","0","0","0","0","0","0","0","0","0","0","0","0","0","0","0","0","0","0","0","134.5944","84.78895","49.805454","31.324034","0.858197"
"D:\HAA\dACC revisions\Run 4\Br6471_dACC_20x_img_021-MaxIP-Stitched_unmixed_rotated.nd2","Layer 1","dACC_v17_ FISH-IF v2.4.4","1428","4534","4560","5912","5940","0","0","0","0","1","1","2546.592","0","392.83246","0","0","0","0","0","0","0","0","0","0","0","0","0","0","0","0","0","0","0","0","101.221985","69.50668","31.715302","24.887589","0.89901"
"D:\HAA\dACC revisions\Run 4\Br6471_dACC_20x_img_021-MaxIP-Stitched_unmixed_rotated.nd2","Layer 1","dACC_v17_ FISH-IF v2.4.4","1429","4612","4656","5935","5983","0","0","1","0","1","1","723.14935","0","248.2871","0","0","0","0","0","0","0","0","0","0","0","0","0","0","0","26","54.13236","3","32875.56","607.31805","295.61057","147.9894","147.62115","57.069813","0.752874"
"D:\HAA\dACC revisions\Run 4\Br6471_dACC_20x_img_021-MaxIP-Stitched_unmixed_rotated.nd2","Layer 1","dACC_v17_ FISH-IF v2.4.4","1430","4460","4480","5950","5972","0","0","0","0","1","1","794.201","0","152.87982","0","0","0","0","0","0","0","0","0","0","0","0","0","0","0","2","4.787215","0","3103.7727","648.3461","63.016327","53.62602","9.390307","13.301987","0.784544"
"D:\HAA\dACC revisions\Run 4\Br6471_dACC_20x_img_021-MaxIP-Stitched_unmixed_rotated.nd2","Layer 1","dACC_v17_ FISH-IF v2.4.4","1431","4427","4458","5972","6003","0","0","0","0","1","1","2269.021","0","428.0434","0","0","0","0","0","0","0","0","0","0","0","0","0","0","0","0","0","0","0","0","117.60899","86.9524","30.656591","30.46584","0.607587"
"D:\HAA\dACC revisions\Run 4\Br6471_dACC_20x_img_021-MaxIP-Stitched_unmixed_rotated.nd2","Layer 1","dACC_v17_ FISH-IF v2.4.4","1432","4527","4558","5972","6002","0","0","1","0","1","1","2413.6921","0","484.13293","0","0","0","0","0","0","0","0","0","0","3","2.669793","0","2602.45","974.7759","5","7.04273","1","3836.1245","544.6928","131.69446","87.59683","44.09762","30.036743","0.766487"
"D:\HAA\dACC revisions\Run 4\Br6471_dACC_20x_img_021-MaxIP-Stitched_unmixed_rotated.nd2","Layer 1","dACC_v17_ FISH-IF v2.4.4","1433","4601","4621","5981","6003","0","0","0","0","1","1","1085.3176","0","220.5628","0","0","0","0","0","0","0","0","0","0","0","0","0","0","0","2","2.577731","0","1179.8645","457.7143","58.275143","46.53726","11.737884","15.876565","0.647438"
"D:\HAA\dACC revisions\Run 4\Br6471_dACC_20x_img_021-MaxIP-Stitched_unmixed_rotated.nd2","Layer 1","dACC_v17_ FISH-IF v2.4.4","1434","4503","4536","5991","6026","0","1","1","0","1","1","1277.2795","0","308.0253","0","0","0","0","0","0","0","0","0","0","23","24.856695","3","22767.629","915.95557","37","81.70488","4","56936.746","694.1212","167.46048","101.91245","65.54803","36.687737","0.812746"
"D:\HAA\dACC revisions\Run 4\Br6471_dACC_20x_img_021-MaxIP-Stitched_unmixed_rotated.nd2","Layer 1","dACC_v17_ FISH-IF v2.4.4","1435","4609","4628","5996","6016","0","0","0","0","1","1","930.31445","0","190.02087","3","9.114121","0","13079.64","1435.096","0","0","0","0","0","0","0","0","0","0","0","0","0","0","0","50.818134","41.888134","8.929998","13.731083","0.626266"
"D:\HAA\dACC revisions\Run 4\Br6471_dACC_20x_img_021-MaxIP-Stitched_unmixed_rotated.nd2","Layer 1","dACC_v17_ FISH-IF v2.4.4","1436","4558","4591","5997","6030","0","0","0","0","1","1","358.9964","0","225.80838","0","0","0","0","0","0","0","0","0","0","0","0","0","0","0","1","0.322216","0","136.43564","423.42856","151.9941","87.91905","64.075035","39.262314","0.733363"
"D:\HAA\dACC revisions\Run 4\Br6471_dACC_20x_img_021-MaxIP-Stitched_unmixed_rotated.nd2","Layer 1","dACC_v17_ FISH-IF v2.4.4","1437","4543","4565","6012","6042","0","0","0","0","1","1","365.72552","0","228.97983","0","0","0","0","0","0","0","0","0","0","0","0","0","0","0","0","0","0","0","0","97.2173","66.19246","31.024837","27.462166","0.669772"
"D:\HAA\dACC revisions\Run 4\Br6471_dACC_20x_img_021-MaxIP-Stitched_unmixed_rotated.nd2","Layer 1","dACC_v17_ FISH-IF v2.4.4","1438","4347","4370","6013","6039","0","0","0","1","1","1","1906.5597","0","345.3629","6","15.144172","1","15018.783","991.72034","0","0","0","0","0","0","0","0","0","0","0","0","0","0","0","92.38405","70.01302","22.371025","20.167528","0.828577"
"D:\HAA\dACC revisions\Run 4\Br6471_dACC_20x_img_021-MaxIP-Stitched_unmixed_rotated.nd2","Layer 1","dACC_v17_ FISH-IF v2.4.4","1439","4564","4594","6026","6054","0","0","0","0","1","1","360.13287","0","264.10455","0","0","0","0","0","0","0","0","0","0","0","0","0","0","0","0","0","0","0","0","112.59162","79.67952","32.912106","28.320358","0.721508"
"D:\HAA\dACC revisions\Run 4\Br6471_dACC_20x_img_021-MaxIP-Stitched_unmixed_rotated.nd2","Layer 1","dACC_v17_ FISH-IF v2.4.4","1440","4537","4561","6050","6081","0","0","0","1","1","1","1997.9161","0","468.83755","10","29.321695","2","57322.348","1954.9467","0","0","0","0","0","0","0","0","0","0","0","0","0","0","0","109.18533","69.138435","40.046898","30.036743","0.784976"
"D:\HAA\dACC revisions\Run 4\Br6471_dACC_20x_img_021-MaxIP-Stitched_unmixed_rotated.nd2","Layer 1","dACC_v17_ FISH-IF v2.4.4","1441","4398","4435","6055","6099","0","1","1","0","1","1","954.3572","0","255.0099","0","0","0","0","0","0","0","0","0","0","24","19.931387","3","21877.53","1097.6421","18","42.762722","3","25713.975","601.31757","217.58815","125.57234","92.0158","46.98605","0.69914"
"D:\HAA\dACC revisions\Run 4\Br6471_dACC_20x_img_021-MaxIP-Stitched_unmixed_rotated.nd2","Layer 1","dACC_v17_ FISH-IF v2.4.4","1442","4511","4539","6055","6086","0","0","0","1","1","1","1812.6985","0","437.88818","11","28.999477","2","59289.387","2044.4984","0","0","0","0","0","0","0","0","0","0","0","0","0","0","0","120.87719","73.695496","47.18169","31.75313","0.861731"
"D:\HAA\dACC revisions\Run 4\Br6471_dACC_20x_img_021-MaxIP-Stitched_unmixed_rotated.nd2","Layer 1","dACC_v17_ FISH-IF v2.4.4","1443","4601","4623","6059","6086","0","0","0","0","1","1","2088.2087","0","353.8033","0","0","0","0","0","0","0","0","0","0","0","0","0","0","0","0","0","0","0","0","81.106476","52.889523","28.216953","23.600298","0.824133"
"D:\HAA\dACC revisions\Run 4\Br6471_dACC_20x_img_021-MaxIP-Stitched_unmixed_rotated.nd2","Layer 1","dACC_v17_ FISH-IF v2.4.4","1444","4579","4607","6064","6093","0","0","0","0","1","1","1737.5491","0","370.0623","0","0","0","0","0","0","0","0","0","0","0","0","0","0","0","0","0","0","0","0","113.512245","67.98766","45.52458","30.680387","0.771877"
"D:\HAA\dACC revisions\Run 4\Br6471_dACC_20x_img_021-MaxIP-Stitched_unmixed_rotated.nd2","Layer 1","dACC_v17_ FISH-IF v2.4.4","1445","4560","4578","6069","6088","0","0","0","0","1","1","485.05405","0","150.231","0","0","0","0","0","0","0","0","0","0","0","0","0","0","0","0","0","0","0","0","49.943546","44.834114","5.109432","9.44012","0.804752"
"D:\HAA\dACC revisions\Run 4\Br6471_dACC_20x_img_021-MaxIP-Stitched_unmixed_rotated.nd2","Layer 1","dACC_v17_ FISH-IF v2.4.4","1446","4305","4324","6097","6116","0","0","0","0","1","1","572.7661","0","134.49202","1","1.749175","0","1636.3992","935.5263","0","0","0","0","0","0","0","0","0","0","0","0","0","0","0","51.830814","46.12298","5.707834","9.869216","0.868784"
"D:\HAA\dACC revisions\Run 4\Br6471_dACC_20x_img_021-MaxIP-Stitched_unmixed_rotated.nd2","Layer 1","dACC_v17_ FISH-IF v2.4.4","1447","4346","4367","6118","6139","0","0","0","0","1","1","1215.2473","0","163.81572","0","0","0","0","0","0","0","0","0","0","0","0","0","0","0","0","0","0","0","0","61.451275","52.705402","8.745874","13.301987","0.758433"
"D:\HAA\dACC revisions\Run 4\Br6471_dACC_20x_img_021-MaxIP-Stitched_unmixed_rotated.nd2","Layer 1","dACC_v17_ FISH-IF v2.4.4","1448","6330","6350","6192","6215","0","0","0","0","1","1","1189.9467","0","187.401","0","0","0","0","0","0","0","0","0","0","0","0","0","0","0","0","0","0","0","0","65.22581","54.868855","10.356956","13.945631","0.825625"
"D:\HAA\dACC revisions\Run 4\Br6471_dACC_20x_img_021-MaxIP-Stitched_unmixed_rotated.nd2","Layer 1","dACC_v17_ FISH-IF v2.4.4","1449","6509","6541","6193","6224","0","0","0","0","1","1","1742.4146","0","290.0059","0","0","0","0","0","1","0.414278","0","257.58902","621.7778","0","0","0","0","0","0","0","0","0","0","144.21486","93.58086","50.63401","31.75313","0.831808"
"D:\HAA\dACC revisions\Run 4\Br6471_dACC_20x_img_021-MaxIP-Stitched_unmixed_rotated.nd2","Layer 1","dACC_v17_ FISH-IF v2.4.4","1450","6238","6265","6201","6227","0","0","0","0","1","1","1826.2068","0","323.61676","0","0","0","0","0","0","0","0","0","0","0","0","0","0","0","0","0","0","0","0","103.569565","75.30658","28.262983","23.600298","0.882876"
"D:\HAA\dACC revisions\Run 4\Br6471_dACC_20x_img_021-MaxIP-Stitched_unmixed_rotated.nd2","Layer 1","dACC_v17_ FISH-IF v2.4.4","1451","6439","6473","6211","6239","0","0","0","1","1","1","1477.5184","0","379.1093","16","39.954838","3","78591.34","1967.0046","0","0","0","0","0","0","0","0","0","0","0","0","0","0","0","136.8039","91.78565","45.018238","31.324034","0.708646"
"D:\HAA\dACC revisions\Run 4\Br6471_dACC_20x_img_021-MaxIP-Stitched_unmixed_rotated.nd2","Layer 1","dACC_v17_ FISH-IF v2.4.4","1452","6364","6402","6223","6255","0","0","0","0","1","1","1400.1501","0","262.4382","0","0","0","0","0","0","0","0","0","0","0","0","0","0","0","1","1.104742","0","520.10333","470.79166","166.4478","103.89178","62.556015","37.331383","0.741658"
"D:\HAA\dACC revisions\Run 4\Br6471_dACC_20x_img_021-MaxIP-Stitched_unmixed_rotated.nd2","Layer 1","dACC_v17_ FISH-IF v2.4.4","1453","6600","6618","6241","6261","0","0","0","0","1","1","952.1648","0","327.23138","0","0","0","0","0","2","3.084071","0","2355.6323","763.80597","1","1.51902","0","1295.4021","852.7879","2","3.360257","0","2084.8784","620.452","42.11829","34.01685","8.101441","13.731083","0.699305"
"D:\HAA\dACC revisions\Run 4\Br6471_dACC_20x_img_021-MaxIP-Stitched_unmixed_rotated.nd2","Layer 1","dACC_v17_ FISH-IF v2.4.4","1454","6577","6613","6246","6278","1","0","1","0","1","1","1197.3136","0","235.0272","0","0","0","0","0","7","9.344276","1","8829.973","944.9606","1","0.50634","0","321.84818","635.63635","15","29.689941","3","17377.225","585.2899","146.70053","84.60483","62.095707","37.331383","0.740661"
"D:\HAA\dACC revisions\Run 4\Br6471_dACC_20x_img_021-MaxIP-Stitched_unmixed_rotated.nd2","Layer 1","dACC_v17_ FISH-IF v2.4.4","1455","6446","6478","6258","6286","0","0","0","0","1","1","1913.9337","0","279.6635","1","1.01268","0","825.3804","815.0455","0","0","0","0","0","0","0","0","0","0","1","0.322216","0","143.57043","445.57144","130.31352","87.96508","42.348446","29.17855","0.808"
"D:\HAA\dACC revisions\Run 4\Br6471_dACC_20x_img_021-MaxIP-Stitched_unmixed_rotated.nd2","Layer 1","dACC_v17_ FISH-IF v2.4.4","1456","6485","6509","6285","6305","0","0","0","1","1","1","1256.1515","0","222.13107","7","18.688553","1","43328.074","2318.4285","0","0","0","0","0","0","0","0","0","0","0","0","0","0","0","75.81292","59.7021","16.11082","18.022047","0.693352"
"D:\HAA\dACC revisions\Run 4\Br6471_dACC_20x_img_021-MaxIP-Stitched_unmixed_rotated.nd2","Layer 1","dACC_v17_ FISH-IF v2.4.4","1457","6470","6485","6286","6303","0","0","0","0","1","1","787.2414","0","176.91183","3","8.101441","0","14791.713","1825.8125","0","0","0","0","0","0","0","0","0","0","0","0","0","0","0","40.553238","36.54855","4.00469","8.15283","0.759124"
"D:\HAA\dACC revisions\Run 4\Br6471_dACC_20x_img_021-MaxIP-Stitched_unmixed_rotated.nd2","Layer 1","dACC_v17_ FISH-IF v2.4.4","1458","6581","6626","6291","6325","0","0","1","0","1","1","1041.108","0","229.53378","0","0","0","0","0","0","0","0","0","0","0","0","0","0","0","10","20.713913","2","11585.798","559.32446","210.9597","121.9359","89.023796","45.055115","0.681503"
"D:\HAA\dACC revisions\Run 4\Br6471_dACC_20x_img_021-MaxIP-Stitched_unmixed_rotated.nd2","Layer 1","dACC_v17_ FISH-IF v2.4.4","1459","6244","6273","6299","6324","0","0","0","0","1","1","2484.044","0","399.9488","0","0","0","0","0","0","0","0","0","0","0","0","0","0","0","0","0","0","0","0","100.4855","70.10509","30.380405","24.029396","0.832857"
"D:\HAA\dACC revisions\Run 4\Br6471_dACC_20x_img_021-MaxIP-Stitched_unmixed_rotated.nd2","Layer 1","dACC_v17_ FISH-IF v2.4.4","1460","6557","6589","6311","6346","0","0","0","0","1","1","1428.6852","0","254.60835","0","0","0","0","0","0","0","0","0","0","0","0","0","0","0","1","0.414278","0","179.2444","432.66666","159.72728","99.196625","60.530655","34.756805","0.843103"
"D:\HAA\dACC revisions\Run 4\Br6471_dACC_20x_img_021-MaxIP-Stitched_unmixed_rotated.nd2","Layer 1","dACC_v17_ FISH-IF v2.4.4","1461","6271","6290","6313","6334","0","0","0","0","1","1","907.12805","0","361.9489","0","0","0","0","0","0","0","0","0","0","0","0","0","0","0","0","0","0","0","0","53.487926","44.14365","9.344276","13.731083","0.7808"
"D:\HAA\dACC revisions\Run 4\Br6471_dACC_20x_img_021-MaxIP-Stitched_unmixed_rotated.nd2","Layer 1","dACC_v17_ FISH-IF v2.4.4","1462","6256","6276","6320","6338","0","0","0","0","1","1","1468.3271","0","460.2622","0","0","0","0","0","0","0","0","0","0","0","0","0","0","0","0","0","0","0","0","48.470554","38.619938","9.850616","14.374727","0.819949"
"D:\HAA\dACC revisions\Run 4\Br6471_dACC_20x_img_021-MaxIP-Stitched_unmixed_rotated.nd2","Layer 1","dACC_v17_ FISH-IF v2.4.4","1463","6310","6336","6333","6357","0","0","0","0","1","1","1398.2017","0","205.12341","0","0","0","0","0","0","0","0","0","0","0","0","0","0","0","0","0","0","0","0","90.911064","69.00034","21.910717","20.167528","0.871013"
"D:\HAA\dACC revisions\Run 4\Br6471_dACC_20x_img_021-MaxIP-Stitched_unmixed_rotated.nd2","Layer 1","dACC_v17_ FISH-IF v2.4.4","1464","6426","6462","6352","6382","0","0","0","0","1","1","1440.7933","0","260.76657","0","0","0","0","0","0","0","0","0","0","0","0","0","0","0","0","0","0","0","0","155.17023","98.59823","56.572","33.469513","0.789779"
"D:\HAA\dACC revisions\Run 4\Br6471_dACC_20x_img_021-MaxIP-Stitched_unmixed_rotated.nd2","Layer 1","dACC_v17_ FISH-IF v2.4.4","1465","6317","6357","6359","6396","0","0","1","0","1","1","936.3231","0","268.59286","0","0","0","0","0","1","1.150773","0","867.0384","753.44","0","0","0","0","0","5","6.122112","1","3048.1672","497.89474","210.40732","118.94389","91.46343","44.196922","0.829885"
"D:\HAA\dACC revisions\Run 4\Br6471_dACC_20x_img_021-MaxIP-Stitched_unmixed_rotated.nd2","Layer 1","dACC_v17_ FISH-IF v2.4.4","1466","6572","6590","6416","6438","0","0","0","0","1","1","857.96045","0","349.29614","0","0","0","0","0","0","0","0","0","0","0","0","0","0","0","0","0","0","0","0","51.048286","42.900814","8.147472","12.229246","0.754679"
"D:\HAA\dACC revisions\Run 4\Br6471_dACC_20x_img_021-MaxIP-Stitched_unmixed_rotated.nd2","Layer 1","dACC_v17_ FISH-IF v2.4.4","1467","6407","6428","6419","6445","0","0","0","0","1","1","503.4158","0","157.80267","0","0","0","0","0","0","0","0","0","0","0","0","0","0","0","0","0","0","0","0","83.03977","65.54803","17.491749","18.451143","0.753118"
"D:\HAA\dACC revisions\Run 4\Br6471_dACC_20x_img_021-MaxIP-Stitched_unmixed_rotated.nd2","Layer 1","dACC_v17_ FISH-IF v2.4.4","1468","6585","6615","6421","6456","0","0","0","0","1","1","1716.2963","0","407.82803","0","0","0","0","0","0","0","0","0","0","0","0","0","0","0","1","0.874587","0","461.552","455.77274","149.14017","92.89039","56.249783","36.044094","0.717503"
"D:\HAA\dACC revisions\Run 4\Br6471_dACC_20x_img_021-MaxIP-Stitched_unmixed_rotated.nd2","Layer 1","dACC_v17_ FISH-IF v2.4.4","1469","6504","6526","6421","6445","0","0","0","0","1","1","1223.3953","0","239.17595","0","0","0","0","0","1","1.472989","0","1328.9586","902.21875","0","0","0","0","0","0","0","0","0","0","81.33663","57.81483","23.5218","22.742105","0.679427"
"D:\HAA\dACC revisions\Run 4\Br6471_dACC_20x_img_021-MaxIP-Stitched_unmixed_rotated.nd2","Layer 1","dACC_v17_ FISH-IF v2.4.4","1470","6283","6314","6423","6451","0","0","0","1","1","1","1605.2583","0","340.11966","13","29.920095","2","53134.64","1775.8846","0","0","0","0","0","0","0","0","0","0","0","0","0","0","0","130.08337","87.32065","42.762722","27.891262","0.901609"
"D:\HAA\dACC revisions\Run 4\Br6471_dACC_20x_img_021-MaxIP-Stitched_unmixed_rotated.nd2","Layer 1","dACC_v17_ FISH-IF v2.4.4","1471","6349","6383","6425","6462","1","0","0","0","1","1","929.1667","0","236.34029","0","0","0","0","0","10","14.315616","2","11535.44","805.7942","0","0","0","0","0","0","0","0","0","0","184.07764","112.54559","71.53204","39.90596","0.800295"
"D:\HAA\dACC revisions\Run 4\Br6471_dACC_20x_img_021-MaxIP-Stitched_unmixed_rotated.nd2","Layer 1","dACC_v17_ FISH-IF v2.4.4","1472","6436","6458","6425","6446","0","0","0","0","1","1","803.2072","0","158.20409","0","0","0","0","0","1","0.966649","0","658.104","680.8095","0","0","0","0","0","0","0","0","0","0","64.35122","54.13236","10.218863","14.160179","0.782806"
"D:\HAA\dACC revisions\Run 4\Br6471_dACC_20x_img_021-MaxIP-Stitched_unmixed_rotated.nd2","Layer 1","dACC_v17_ FISH-IF v2.4.4","1473","6525","6551","6426","6454","0","0","0","0","1","1","2060.6055","0","352.72186","0","0","0","0","0","0","0","0","0","0","0","0","0","0","0","0","0","0","0","0","109.23137","75.6288","33.60257","25.531233","0.852424"
"D:\HAA\dACC revisions\Run 4\Br6471_dACC_20x_img_021-MaxIP-Stitched_unmixed_rotated.nd2","Layer 1","dACC_v17_ FISH-IF v2.4.4","1474","6509","6532","6445","6473","1","0","0","0","1","1","973.9636","0","244.13957","0","0","0","0","0","9","12.704534","1","12242.936","963.6667","2","2.02536","0","1389.3052","685.9545","0","0","0","0","0","97.76967","69.92097","27.848705","25.74578","0.613011"
"D:\HAA\dACC revisions\Run 4\Br6471_dACC_20x_img_021-MaxIP-Stitched_unmixed_rotated.nd2","Layer 1","dACC_v17_ FISH-IF v2.4.4","1475","6429","6447","6443","6459","0","0","0","0","1","1","362.31818","0","136.2559","0","0","0","0","0","1","0.782526","0","477.6168","610.35297","0","0","0","0","0","0","0","0","0","0","39.08025","37.05489","2.02536","6.007349","0.692424"
"D:\HAA\dACC revisions\Run 4\Br6471_dACC_20x_img_021-MaxIP-Stitched_unmixed_rotated.nd2","Layer 1","dACC_v17_ FISH-IF v2.4.4","1476","6464","6486","6490","6512","0","0","0","0","1","1","1490.1752","0","243.94154","0","0","0","0","0","0","0","0","0","0","0","0","0","0","0","0","0","0","0","0","70.88761","58.275143","12.612472","15.447468","0.813763"
"D:\HAA\dACC revisions\Run 4\Br6471_dACC_20x_img_021-MaxIP-Stitched_unmixed_rotated.nd2","Layer 1","dACC_v17_ FISH-IF v2.4.4","1477","6400","6424","6491","6520","0","0","0","0","1","1","1344.0154","0","231.96414","0","0","0","0","0","0","0","0","0","0","0","0","0","0","0","0","0","0","0","0","86.492096","56.479935","30.012157","25.74578","0.666066"
"D:\HAA\dACC revisions\Run 4\Br6471_dACC_20x_img_021-MaxIP-Stitched_unmixed_rotated.nd2","Layer 1","dACC_v17_ FISH-IF v2.4.4","1478","6418","6444","6499","6526","0","0","0","0","1","1","1354.0942","0","234.23735","0","0","0","0","0","0","0","0","0","0","0","0","0","0","0","0","0","0","0","0","92.38405","59.14973","33.23432","26.603973","0.69049"
"D:\HAA\dACC revisions\Run 4\Br6471_dACC_20x_img_021-MaxIP-Stitched_unmixed_rotated.nd2","Layer 1","dACC_v17_ FISH-IF v2.4.4","1479","6521","6552","6504","6529","0","0","0","0","1","1","1748.9807","0","278.92313","0","0","0","0","0","0","0","0","0","0","0","0","0","0","0","0","0","0","0","0","93.81101","58.09102","35.719994","29.17855","0.728141"
"D:\HAA\dACC revisions\Run 4\Br6471_dACC_20x_img_021-MaxIP-Stitched_unmixed_rotated.nd2","Layer 1","dACC_v17_ FISH-IF v2.4.4","1480","6507","6539","6512","6543","0","0","0","0","1","1","1498.533","0","317.95032","0","0","0","0","0","0","0","0","0","0","0","0","0","0","0","0","0","0","0","0","123.45492","70.42731","53.02762","34.327705","0.821145"
"D:\HAA\dACC revisions\Run 4\Br6471_dACC_20x_img_021-MaxIP-Stitched_unmixed_rotated.nd2","Layer 1","dACC_v17_ FISH-IF v2.4.4","1481","6389","6406","6520","6539","0","0","0","0","1","1","421.5534","0","129.48172","0","0","0","0","0","1","0.920618","0","667.7245","725.3","0","0","0","0","0","0","0","0","0","0","48.792774","44.051586","4.741185","9.011024","0.789579"
"D:\HAA\dACC revisions\Run 4\Br6471_dACC_20x_img_021-MaxIP-Stitched_unmixed_rotated.nd2","Layer 1","dACC_v17_ FISH-IF v2.4.4","1482","6769","6797","6125","6165","0","0","0","0","1","1","1883.0128","0","305.05148","0","0","0","0","0","0","0","0","0","0","0","0","0","0","0","0","0","0","0","0","150.33698","103.70766","46.62932","36.044094","0.555053"
"D:\HAA\dACC revisions\Run 4\Br6471_dACC_20x_img_021-MaxIP-Stitched_unmixed_rotated.nd2","Layer 1","dACC_v17_ FISH-IF v2.4.4","1483","6901","6934","6158","6196","0","0","0","0","1","1","1182.1418","0","286.96658","0","0","0","0","0","0","0","0","0","0","0","0","0","0","0","0","0","0","0","0","188.1744","111.57894","76.59544","39.047768","0.807392"
"D:\HAA\dACC revisions\Run 4\Br6471_dACC_20x_img_021-MaxIP-Stitched_unmixed_rotated.nd2","Layer 1","dACC_v17_ FISH-IF v2.4.4","1484","6698","6733","6180","6214","0","0","0","0","1","1","2013.4443","0","417.8618","2","6.076081","0","8641.522","1422.2197","0","0","0","0","0","0","0","0","0","0","0","0","0","0","0","163.13358","103.569565","59.564007","37.331383","0.82012"
"D:\HAA\dACC revisions\Run 4\Br6471_dACC_20x_img_021-MaxIP-Stitched_unmixed_rotated.nd2","Layer 1","dACC_v17_ FISH-IF v2.4.4","1485","6665","6693","6206","6233","0","0","0","1","1","1","1988.7006","0","355.15323","15","34.52319","3","86321.32","2500.3867","0","0","0","0","0","0","0","0","0","0","0","0","0","0","0","115.537605","81.106476","34.431126","25.316685","0.836106"
"D:\HAA\dACC revisions\Run 4\Br6471_dACC_20x_img_021-MaxIP-Stitched_unmixed_rotated.nd2","Layer 1","dACC_v17_ FISH-IF v2.4.4","1486","6855","6877","6236","6263","0","0","0","0","1","1","1320.9282","0","258.74158","0","0","0","0","0","0","0","0","0","0","0","0","0","0","0","0","0","0","0","0","84.92704","66.97498","17.952057","19.738432","0.71924"
"D:\HAA\dACC revisions\Run 4\Br6471_dACC_20x_img_021-MaxIP-Stitched_unmixed_rotated.nd2","Layer 1","dACC_v17_ FISH-IF v2.4.4","1487","6909","6940","6258","6291","0","0","0","0","1","1","1611.1741","0","256.86636","0","0","0","0","0","0","0","0","0","0","0","0","0","0","0","0","0","0","0","0","148.17352","92.66024","55.513287","33.469513","0.866705"
"D:\HAA\dACC revisions\Run 4\Br6471_dACC_20x_img_021-MaxIP-Stitched_unmixed_rotated.nd2","Layer 1","dACC_v17_ FISH-IF v2.4.4","1488","6807","6840","6261","6292","0","0","0","0","1","1","1633.4054","0","311.8747","0","0","0","0","0","0","0","0","0","0","0","0","0","0","0","0","0","0","0","0","146.97672","94.40941","52.567307","31.75313","0.853946"
"D:\HAA\dACC revisions\Run 4\Br6471_dACC_20x_img_021-MaxIP-Stitched_unmixed_rotated.nd2","Layer 1","dACC_v17_ FISH-IF v2.4.4","1489","6724","6770","6267","6303","0","0","0","0","1","1","1767.7858","0","507.42282","0","0","0","0","0","0","0","0","0","0","0","0","0","0","0","0","0","0","0","0","219.65955","129.43893","90.2206","48.916985","0.646803"
"D:\HAA\dACC revisions\Run 4\Br6471_dACC_20x_img_021-MaxIP-Stitched_unmixed_rotated.nd2","Layer 1","dACC_v17_ FISH-IF v2.4.4","1490","6699","6725","6276","6293","0","0","0","0","1","1","2224.605","0","330.21326","0","0","0","0","0","0","0","0","0","0","0","0","0","0","0","0","0","0","0","0","72.91297","48.56262","24.350355","20.382076","0.833563"
"D:\HAA\dACC revisions\Run 4\Br6471_dACC_20x_img_021-MaxIP-Stitched_unmixed_rotated.nd2","Layer 1","dACC_v17_ FISH-IF v2.4.4","1491","6921","6951","6287","6319","0","0","0","0","1","1","1555.5234","0","348.2404","0","0","0","0","0","0","0","0","0","0","0","0","0","0","0","0","0","0","0","0","119.35817","69.32256","50.035606","31.75313","0.849416"
"D:\HAA\dACC revisions\Run 4\Br6471_dACC_20x_img_021-MaxIP-Stitched_unmixed_rotated.nd2","Layer 1","dACC_v17_ FISH-IF v2.4.4","1492","6698","6726","6294","6315","0","0","0","0","1","1","2355.9924","0","315.64297","0","0","0","0","0","0","0","0","0","0","0","0","0","0","0","0","0","0","0","0","96.20462","59.564007","36.64061","25.74578","0.878865"
"D:\HAA\dACC revisions\Run 4\Br6471_dACC_20x_img_021-MaxIP-Stitched_unmixed_rotated.nd2","Layer 1","dACC_v17_ FISH-IF v2.4.4","1493","6888","6912","6294","6319","0","0","0","0","1","1","1749.2358","0","277.6099","0","0","0","0","0","0","0","0","0","0","0","0","0","0","0","0","0","0","0","0","88.14921","67.84957","20.299635","20.167528","0.823723"
"D:\HAA\dACC revisions\Run 4\Br6471_dACC_20x_img_021-MaxIP-Stitched_unmixed_rotated.nd2","Layer 1","dACC_v17_ FISH-IF v2.4.4","1494","6651","6672","6295","6322","0","0","0","0","1","1","671.95593","0","161.20384","0","0","0","0","0","0","0","0","0","0","0","0","0","0","0","1","0.322216","0","137.54037","426.85715","84.834984","67.06705","17.767935","18.665691","0.741839"
"D:\HAA\dACC revisions\Run 4\Br6471_dACC_20x_img_021-MaxIP-Stitched_unmixed_rotated.nd2","Layer 1","dACC_v17_ FISH-IF v2.4.4","1495","6911","6939","6304","6333","0","0","0","0","1","1","2062.907","0","320.6911","0","0","0","0","0","0","0","0","0","0","0","0","0","0","0","0","0","0","0","0","106.33142","65.27184","41.059578","27.462166","0.848422"
"D:\HAA\dACC revisions\Run 4\Br6471_dACC_20x_img_021-MaxIP-Stitched_unmixed_rotated.nd2","Layer 1","dACC_v17_ FISH-IF v2.4.4","1496","6865","6886","6319","6340","0","0","0","0","1","1","1286.8977","0","193.17863","0","0","0","0","0","0","0","0","0","0","0","0","0","0","0","0","0","0","0","0","63.75282","53.856174","9.896647","13.301987","0.839897"
"D:\HAA\dACC revisions\Run 4\Br6471_dACC_20x_img_021-MaxIP-Stitched_unmixed_rotated.nd2","Layer 1","dACC_v17_ FISH-IF v2.4.4","1497","6671","6699","6359","6386","0","0","0","0","1","1","1921.8365","0","298.08615","2","4.649123","0","4206.2593","904.74255","0","0","0","0","0","0","0","0","0","0","0","0","0","0","0","104.72034","73.189156","31.53118","24.887589","0.852348"
"D:\HAA\dACC revisions\Run 4\Br6471_dACC_20x_img_021-MaxIP-Stitched_unmixed_rotated.nd2","Layer 1","dACC_v17_ FISH-IF v2.4.4","1498","6816","6847","6370","6407","1","0","0","0","1","1","1015.40906","0","190.4594","1","1.380928","0","1309.3955","948.2","7","11.875977","1","10365.656","872.82556","1","0.966649","0","766.64496","793.0952","3","1.01268","0","435.22232","429.77274","165.94145","100.89977","65.04169","36.044094","0.84613"
"D:\HAA\dACC revisions\Run 4\Br6471_dACC_20x_img_021-MaxIP-Stitched_unmixed_rotated.nd2","Layer 1","dACC_v17_ FISH-IF v2.4.4","1499","7026","7060","6372","6406","0","0","0","1","1","1","1248.2869","0","230.99414","10","24.304325","2","36055.832","1483.5151","0","0","0","0","0","0","0","0","0","0","0","0","0","0","0","164.60657","102.18864","62.417923","36.47319","0.82916"
"D:\HAA\dACC revisions\Run 4\Br6471_dACC_20x_img_021-MaxIP-Stitched_unmixed_rotated.nd2","Layer 1","dACC_v17_ FISH-IF v2.4.4","1500","6651","6682","6376","6403","0","0","0","0","1","1","1684.6493","0","343.88806","3","6.168143","0","5969.1055","967.7313","0","0","0","0","0","1","1.104742","0","832.92944","753.9583","0","0","0","0","0","118.62167","79.77158","38.850094","27.676714","0.82004"
"D:\HAA\dACC revisions\Run 4\Br6471_dACC_20x_img_021-MaxIP-Stitched_unmixed_rotated.nd2","Layer 1","dACC_v17_ FISH-IF v2.4.4","1501","6709","6741","6396","6425","0","0","1","0","1","1","1837.6302","0","240.7383","0","0","0","0","0","0","0","0","0","0","0","0","0","0","0","6","13.625152","1","7369.642","540.88513","135.83723","89.530136","46.307102","30.036743","0.881822"
"D:\HAA\dACC revisions\Run 4\Br6471_dACC_20x_img_021-MaxIP-Stitched_unmixed_rotated.nd2","Layer 1","dACC_v17_ FISH-IF v2.4.4","1502","6782","6808","6398","6433","0","0","0","1","1","1","1609.4532","0","298.8398","21","47.503906","3","116400.13","2450.3276","0","0","0","0","0","0","0","0","0","0","0","0","0","0","0","137.67847","94.82369","42.854786","31.324034","0.675506"
"D:\HAA\dACC revisions\Run 4\Br6471_dACC_20x_img_021-MaxIP-Stitched_unmixed_rotated.nd2","Layer 1","dACC_v17_ FISH-IF v2.4.4","1503","6839","6860","6398","6418","0","0","0","1","1","1","1070.2681","0","167.56477","4","13.53309","1","25297.395","1869.2993","2","3.452319","0","2860.7295","796.7692","1","0.874587","0","617.13654","705.6316","1","0.414278","0","206.0344","497.33334","60.76081","45.478546","15.282265","17.59295","0.710673"
"D:\HAA\dACC revisions\Run 4\Br6471_dACC_20x_img_021-MaxIP-Stitched_unmixed_rotated.nd2","Layer 1","dACC_v17_ FISH-IF v2.4.4","1504","6840","6859","6418","6430","0","0","0","0","1","1","1036.2941","0","177.45552","0","0","0","0","0","0","0","0","0","0","0","0","0","0","0","0","0","0","0","0","38.619938","30.012157","8.607781","11.585601","0.772642"
"D:\HAA\dACC revisions\Run 4\Br6471_dACC_20x_img_021-MaxIP-Stitched_unmixed_rotated.nd2","Layer 1","dACC_v17_ FISH-IF v2.4.4","1505","6844","6863","6428","6447","0","0","0","0","1","1","832.8239","0","150.77438","1","1.058711","0","854.19574","806.8261","0","0","0","0","0","0","0","0","0","0","0","0","0","0","0","52.61334","45.294422","7.318916","11.156505","0.868732"
"D:\HAA\dACC revisions\Run 4\Br6471_dACC_20x_img_021-MaxIP-Stitched_unmixed_rotated.nd2","Layer 1","dACC_v17_ FISH-IF v2.4.4","1506","6701","6735","6431","6466","0","0","0","0","1","1","1245.3132","0","223.01283","0","0","0","0","0","0","0","0","0","0","0","0","0","0","0","0","0","0","0","0","172.56992","104.075905","68.494","36.47319","0.901767"
"D:\HAA\dACC revisions\Run 4\Br6471_dACC_20x_img_021-MaxIP-Stitched_unmixed_rotated.nd2","Layer 1","dACC_v17_ FISH-IF v2.4.4","1507","6706","6730","6476","6503","0","0","0","1","1","1","1390.1698","0","251.62628","7","16.709223","1","26084.662","1561.0936","0","0","0","0","0","0","0","0","0","0","0","0","0","0","0","96.20462","71.80823","24.396387","21.454817","0.843921"
"D:\HAA\dACC revisions\Run 4\Br6471_dACC_20x_img_021-MaxIP-Stitched_unmixed_rotated.nd2","Layer 1","dACC_v17_ FISH-IF v2.4.4","1508","6816","6842","6494","6522","0","0","1","0","1","1","1041.4749","0","234.39603","0","0","0","0","0","0","0","0","0","0","0","0","0","0","0","16","32.17561","3","22183.45","689.4492","104.67431","76.365295","28.309013","24.029396","0.77406"
"D:\HAA\dACC revisions\Run 4\Br6471_dACC_20x_img_021-MaxIP-Stitched_unmixed_rotated.nd2","Layer 1","dACC_v17_ FISH-IF v2.4.4","1509","6870","6905","6500","6533","0","0","0","0","1","1","1333.8191","0","236.79276","0","0","0","0","0","0","0","0","0","0","0","0","0","0","0","0","0","0","0","0","165.34305","101.728325","63.614727","35.614998","0.852848"
"D:\HAA\dACC revisions\Run 4\Br6471_dACC_20x_img_021-MaxIP-Stitched_unmixed_rotated.nd2","Layer 1","dACC_v17_ FISH-IF v2.4.4","1510","6937","6965","6513","6539","0","0","0","1","1","1","1866.4557","0","339.64075","15","35.16762","3","94542.58","2688.3416","0","0","0","0","0","0","0","0","0","0","0","0","0","0","0","102.18864","75.214516","26.974117","24.029396","0.781135"
"D:\HAA\dACC revisions\Run 4\Br6471_dACC_20x_img_021-MaxIP-Stitched_unmixed_rotated.nd2","Layer 1","dACC_v17_ FISH-IF v2.4.4","1511","7904","7938","4924","4969","0","0","0","0","1","1","1890.2974","0","397.2321","0","0","0","0","0","0","0","0","0","0","0","0","0","0","0","0","0","0","0","0","199.95831","123.96126","75.99705","46.342403","0.653462"
"D:\HAA\dACC revisions\Run 4\Br6471_dACC_20x_img_021-MaxIP-Stitched_unmixed_rotated.nd2","Layer 1","dACC_v17_ FISH-IF v2.4.4","1512","7898","7920","5002","5033","0","0","0","0","1","1","1719.9097","0","308.8885","0","0","0","0","0","0","0","0","0","0","0","0","0","0","0","0","0","0","0","0","99.61091","77.19385","22.417057","23.600298","0.580165"
"D:\HAA\dACC revisions\Run 4\Br6471_dACC_20x_img_021-MaxIP-Stitched_unmixed_rotated.nd2","Layer 1","dACC_v17_ FISH-IF v2.4.4","1513","7959","7978","5004","5027","0","0","0","0","1","1","1078.1991","0","253.80281","0","0","0","0","0","0","0","0","0","0","0","0","0","0","0","0","0","0","0","0","66.19246","55.78947","10.402987","13.731083","0.745173"
"D:\HAA\dACC revisions\Run 4\Br6471_dACC_20x_img_021-MaxIP-Stitched_unmixed_rotated.nd2","Layer 1","dACC_v17_ FISH-IF v2.4.4","1514","7864","7885","5016","5040","0","0","0","0","1","1","913.1182","0","234","0","0","0","0","0","0","0","0","0","0","0","0","0","0","0","0","0","0","0","0","74.98437","60.576687","14.407678","16.734756","0.822578"
"D:\HAA\dACC revisions\Run 4\Br6471_dACC_20x_img_021-MaxIP-Stitched_unmixed_rotated.nd2","Layer 1","dACC_v17_ FISH-IF v2.4.4","1515","7929","7955","5030","5056","0","0","0","0","1","1","1761.5137","0","323.72543","0","0","0","0","0","0","0","0","0","0","0","0","0","0","0","0","0","0","0","0","98.27601","73.0971","25.178911","22.31301","0.823269"
"D:\HAA\dACC revisions\Run 4\Br6471_dACC_20x_img_021-MaxIP-Stitched_unmixed_rotated.nd2","Layer 1","dACC_v17_ FISH-IF v2.4.4","1516","7982","8008","5059","5087","0","0","0","0","1","1","1844.5585","0","329.99442","0","0","0","0","0","0","0","0","0","0","0","0","0","0","0","0","0","0","0","0","100.9458","74.15581","26.789993","23.38575","0.851269"
"D:\HAA\dACC revisions\Run 4\Br6471_dACC_20x_img_021-MaxIP-Stitched_unmixed_rotated.nd2","Layer 1","dACC_v17_ FISH-IF v2.4.4","1517","7963","7988","5132","5159","0","0","0","0","1","1","2245.7517","0","387.78055","0","0","0","0","0","0","0","0","0","0","0","0","0","0","0","0","0","0","0","0","97.76967","72.3606","25.409067","21.883913","0.862793"
"D:\HAA\dACC revisions\Run 4\Br6471_dACC_20x_img_021-MaxIP-Stitched_unmixed_rotated.nd2","Layer 1","dACC_v17_ FISH-IF v2.4.4","1518","7983","8001","5182","5201","0","0","0","0","1","1","350.58954","0","158.51425","0","0","0","0","0","0","0","0","0","0","0","0","0","0","0","0","0","0","0","0","48.14834","41.980198","6.168143","10.298312","0.881231"
"D:\HAA\dACC revisions\Run 4\Br6471_dACC_20x_img_021-MaxIP-Stitched_unmixed_rotated.nd2","Layer 1","dACC_v17_ FISH-IF v2.4.4","1519","7868","7891","5189","5220","0","0","0","0","1","1","1394.8909","0","279.3034","0","0","0","0","0","0","0","0","0","0","0","0","0","0","0","0","0","0","0","0","103.10925","77.377975","25.731283","23.171202","0.705847"
"D:\HAA\dACC revisions\Run 4\Br6471_dACC_20x_img_021-MaxIP-Stitched_unmixed_rotated.nd2","Layer 1","dACC_v17_ FISH-IF v2.4.4","1520","7971","7998","5209","5238","0","0","0","0","1","1","1846.1941","0","349.8908","0","0","0","0","0","0","0","0","0","0","0","0","0","0","0","0","0","0","0","0","114.66302","80.50807","34.15494","26.174877","0.865963"
"D:\HAA\dACC revisions\Run 4\Br6471_dACC_20x_img_021-MaxIP-Stitched_unmixed_rotated.nd2","Layer 1","dACC_v17_ FISH-IF v2.4.4","1521","7950","7970","5236","5257","0","0","0","0","1","1","362.57144","0","201.33742","0","0","0","0","0","0","0","0","0","0","0","0","0","0","0","0","0","0","0","0","61.543335","52.52128","9.022059","13.301987","0.83138"
"D:\HAA\dACC revisions\Run 4\Br6471_dACC_20x_img_021-MaxIP-Stitched_unmixed_rotated.nd2","Layer 1","dACC_v17_ FISH-IF v2.4.4","1522","7969","7991","5277","5299","0","0","0","0","1","1","800.1917","0","207.65277","0","0","0","0","0","0","0","0","0","0","0","0","0","0","0","0","0","0","0","0","69.644775","57.400555","12.244224","15.447468","0.843831"
"D:\HAA\dACC revisions\Run 4\Br6471_dACC_20x_img_021-MaxIP-Stitched_unmixed_rotated.nd2","Layer 1","dACC_v17_ FISH-IF v2.4.4","1523","7899","7929","5283","5304","0","0","0","0","1","1","1663.7192","0","431.5457","0","0","0","0","0","0","0","0","0","0","0","0","0","0","0","0","0","0","0","0","94.82369","57.446587","37.377106","26.174877","0.833455"
"D:\HAA\dACC revisions\Run 4\Br6471_dACC_20x_img_021-MaxIP-Stitched_unmixed_rotated.nd2","Layer 1","dACC_v17_ FISH-IF v2.4.4","1524","7901","7929","5305","5326","0","0","0","0","1","1","1858.4069","0","320.9492","0","0","0","0","0","0","0","0","0","0","0","0","0","0","0","0","0","0","0","0","93.16658","57.07834","36.088238","25.531233","0.766178"
"D:\HAA\dACC revisions\Run 4\Br6471_dACC_20x_img_021-MaxIP-Stitched_unmixed_rotated.nd2","Layer 1","dACC_v17_ FISH-IF v2.4.4","1525","6573","6602","5324","5357","0","0","0","0","1","1","1142.7238","0","209.18503","0","0","0","0","0","0","0","0","0","0","0","0","0","0","0","0","0","0","0","0","122.39621","88.563484","33.832726","30.46584","0.62239"
"D:\HAA\dACC revisions\Run 4\Br6471_dACC_20x_img_021-MaxIP-Stitched_unmixed_rotated.nd2","Layer 1","dACC_v17_ FISH-IF v2.4.4","1526","6357","6392","5332","5365","1","0","0","0","1","1","1083.5514","0","184.17374","0","0","0","0","0","10","11.922008","2","9258.889","776.62164","0","0","0","0","0","0","0","0","0","0","152.1782","98.82838","53.349834","35.614998","0.691991"
"D:\HAA\dACC revisions\Run 4\Br6471_dACC_20x_img_021-MaxIP-Stitched_unmixed_rotated.nd2","Layer 1","dACC_v17_ FISH-IF v2.4.4","1527","6505","6534","5340","5369","0","0","0","0","1","1","1805.2888","0","408.9865","0","0","0","0","0","0","0","0","0","0","0","0","0","0","0","0","0","0","0","0","118.069305","81.889","36.1803","26.603973","0.897709"
"D:\HAA\dACC revisions\Run 4\Br6471_dACC_20x_img_021-MaxIP-Stitched_unmixed_rotated.nd2","Layer 1","dACC_v17_ FISH-IF v2.4.4","1528","6624","6643","5353","5374","0","0","0","0","1","1","499.44873","0","121.98996","0","0","0","0","0","3","4.188814","0","3125.269","746.0989","0","0","0","0","0","0","0","0","0","0","57.63071","50.449886","7.180823","11.585601","0.729847"
"D:\HAA\dACC revisions\Run 4\Br6471_dACC_20x_img_021-MaxIP-Stitched_unmixed_rotated.nd2","Layer 1","dACC_v17_ FISH-IF v2.4.4","1529","6599","6626","5359","5388","0","0","0","0","1","1","1694.5078","0","247.76797","0","0","0","0","0","0","0","0","0","0","0","0","0","0","0","0","0","0","0","0","110.93451","78.7589","32.17561","25.102137","0.859245"
"D:\HAA\dACC revisions\Run 4\Br6471_dACC_20x_img_021-MaxIP-Stitched_unmixed_rotated.nd2","Layer 1","dACC_v17_ FISH-IF v2.4.4","1530","6292","6334","5375","5404","0","0","1","0","1","1","872.36774","0","224.89465","0","0","0","0","0","0","0","0","0","0","0","0","0","0","0","5","7.641132","1","3676.7656","481.18073","179.19836","110.10596","69.09241","38.61867","0.708194"
"D:\HAA\dACC revisions\Run 4\Br6471_dACC_20x_img_021-MaxIP-Stitched_unmixed_rotated.nd2","Layer 1","dACC_v17_ FISH-IF v2.4.4","1531","6469","6503","5395","5429","1","0","0","0","1","1","1031.7611","0","198.99005","0","0","0","0","0","11","14.407678","2","11932.687","828.2172","0","0","0","0","0","0","0","0","0","0","157.74796","101.86642","55.881535","36.47319","0.688915"
"D:\HAA\dACC revisions\Run 4\Br6471_dACC_20x_img_021-MaxIP-Stitched_unmixed_rotated.nd2","Layer 1","dACC_v17_ FISH-IF v2.4.4","1532","6636","6654","5398","5417","0","0","0","0","1","1","398.77875","0","118.28061","0","0","0","0","0","0","0","0","0","0","0","0","0","0","0","0","0","0","0","0","50.311794","45.1103","5.201494","9.44012","0.8544"
"D:\HAA\dACC revisions\Run 4\Br6471_dACC_20x_img_021-MaxIP-Stitched_unmixed_rotated.nd2","Layer 1","dACC_v17_ FISH-IF v2.4.4","1533","6375","6414","5403","5437","0","0","0","0","1","1","1074.2395","0","241.95216","0","0","0","0","0","0","0","0","0","0","0","0","0","0","0","0","0","0","0","0","175.60796","109.69167","65.916275","39.90596","0.659422"
"D:\HAA\dACC revisions\Run 4\Br6471_dACC_20x_img_021-MaxIP-Stitched_unmixed_rotated.nd2","Layer 1","dACC_v17_ FISH-IF v2.4.4","1534","6337","6361","5411","5439","0","0","0","1","1","1","1535.8383","0","342.80487","7","17.62984","1","23554.066","1336.0339","0","0","0","0","0","0","0","0","0","0","0","0","0","0","0","99.79503","73.60344","26.191591","22.31301","0.820566"
"D:\HAA\dACC revisions\Run 4\Br6471_dACC_20x_img_021-MaxIP-Stitched_unmixed_rotated.nd2","Layer 1","dACC_v17_ FISH-IF v2.4.4","1535","6362","6385","5446","5472","0","0","0","0","1","1","1052.0958","0","183.27577","0","0","0","0","0","0","0","0","0","0","0","0","0","0","0","0","0","0","0","0","89.898384","68.77019","21.128191","20.167528","0.790774"
"D:\HAA\dACC revisions\Run 4\Br6471_dACC_20x_img_021-MaxIP-Stitched_unmixed_rotated.nd2","Layer 1","dACC_v17_ FISH-IF v2.4.4","1536","6268","6299","5446","5479","0","0","0","0","1","1","1356.2393","0","261.36783","0","0","0","0","0","0","0","0","0","0","0","0","0","0","0","0","0","0","0","0","150.42903","95.60622","54.822823","32.61132","0.874918"
"D:\HAA\dACC revisions\Run 4\Br6471_dACC_20x_img_021-MaxIP-Stitched_unmixed_rotated.nd2","Layer 1","dACC_v17_ FISH-IF v2.4.4","1537","6592","6617","5458","5480","0","0","0","0","1","1","1036.75","0","184.1217","0","0","0","0","0","0","0","0","0","0","0","0","0","0","0","0","0","0","0","0","78.98905","62.78617","16.202883","17.59295","0.804661"
"D:\HAA\dACC revisions\Run 4\Br6471_dACC_20x_img_021-MaxIP-Stitched_unmixed_rotated.nd2","Layer 1","dACC_v17_ FISH-IF v2.4.4","1538","6392","6423","5471","5500","0","0","0","0","1","1","1660.781","0","286.274","0","0","0","0","0","0","0","0","0","0","0","0","0","0","0","0","0","0","0","0","127.45961","85.847664","41.61195","29.17855","0.832134"
"D:\HAA\dACC revisions\Run 4\Br6471_dACC_20x_img_021-MaxIP-Stitched_unmixed_rotated.nd2","Layer 1","dACC_v17_ FISH-IF v2.4.4","1539","6333","6365","5482","5512","0","0","0","0","1","1","1584.6633","0","273.58426","0","0","0","0","0","0","0","0","0","0","0","0","0","0","0","0","0","0","0","0","137.44832","90.68091","46.76741","30.46584","0.846958"
"D:\HAA\dACC revisions\Run 4\Br6471_dACC_20x_img_021-MaxIP-Stitched_unmixed_rotated.nd2","Layer 1","dACC_v17_ FISH-IF v2.4.4","1540","6437","6469","5493","5516","0","0","0","0","1","1","742.9127","0","170.17381","0","0","0","0","0","0","0","0","0","0","0","0","0","0","0","0","0","0","0","0","103.70766","77.33194","26.375715","23.814846","0.699061"
"D:\HAA\dACC revisions\Run 4\Br6471_dACC_20x_img_021-MaxIP-Stitched_unmixed_rotated.nd2","Layer 1","dACC_v17_ FISH-IF v2.4.4","1541","6364","6402","5494","5525","0","0","0","0","1","1","1174.0531","0","293.11374","0","0","0","0","0","0","0","0","0","0","0","0","0","0","0","0","0","0","0","0","167.23032","104.8124","62.417923","37.76048","0.717195"
"D:\HAA\dACC revisions\Run 4\Br6471_dACC_20x_img_021-MaxIP-Stitched_unmixed_rotated.nd2","Layer 1","dACC_v17_ FISH-IF v2.4.4","1542","6514","6543","5506","5537","1","0","0","0","1","1","1140.4507","0","250.2163","0","0","0","0","0","5","9.252214","1","7458.85","806.1691","0","0","0","0","0","2","1.150773","0","541.968","470.96","111.62498","83.638176","27.986797","28.534906","0.55685"
"D:\HAA\dACC revisions\Run 4\Br6471_dACC_20x_img_021-MaxIP-Stitched_unmixed_rotated.nd2","Layer 1","dACC_v17_ FISH-IF v2.4.4","1543","6265","6286","5516","5542","1","0","0","0","1","1","370.39374","0","125.97874","0","0","0","0","0","8","11.875977","1","13500.638","1070.4197","1","0.874587","0","559.5518","639.7895","0","0","0","0","0","77.51607","62.78617","14.729894","17.59295","0.718192"
"D:\HAA\dACC revisions\Run 4\Br6471_dACC_20x_img_021-MaxIP-Stitched_unmixed_rotated.nd2","Layer 1","dACC_v17_ FISH-IF v2.4.4","1544","6397","6426","5525","5556","0","0","0","0","1","1","1687.2462","0","315.42126","0","0","0","0","0","1","0.460309","0","280.60446","609.6","0","0","0","0","0","0","0","0","0","0","118.71374","73.64947","45.06427","30.036743","0.882186"
"D:\HAA\dACC revisions\Run 4\Br6471_dACC_20x_img_021-MaxIP-Stitched_unmixed_rotated.nd2","Layer 1","dACC_v17_ FISH-IF v2.4.4","1545","6417","6455","5537","5565","1","0","0","0","1","1","1302.6957","0","287.01227","0","0","0","0","0","6","7.226854","1","5281.3574","730.7962","0","0","0","0","0","1","2.761855","0","1332.0427","482.3","146.60847","90.036476","56.572","36.47319","0.650872"
"D:\HAA\dACC revisions\Run 4\Br6471_dACC_20x_img_021-MaxIP-Stitched_unmixed_rotated.nd2","Layer 1","dACC_v17_ FISH-IF v2.4.4","1546","6465","6500","5550","5579","0","0","0","1","1","1","1477.868","0","341.5453","10","26.882055","2","38111.94","1417.7466","0","0","0","0","0","0","0","0","0","0","0","0","0","0","0","145.08945","95.56019","49.529266","33.040417","0.739375"
"D:\HAA\dACC revisions\Run 4\Br6471_dACC_20x_img_021-MaxIP-Stitched_unmixed_rotated.nd2","Layer 1","dACC_v17_ FISH-IF v2.4.4","1547","6373","6407","5567","5604","0","0","0","0","1","1","1457.3842","0","266.34723","0","0","0","0","0","0","0","0","0","0","0","0","0","0","0","0","0","0","0","0","156.87337","103.79972","53.073647","38.61867","0.63144"
"D:\HAA\dACC revisions\Run 4\Br6471_dACC_20x_img_021-MaxIP-Stitched_unmixed_rotated.nd2","Layer 1","dACC_v17_ FISH-IF v2.4.4","1548","6572","6603","5593","5624","0","0","0","0","1","1","947.526","0","197.62355","0","0","0","0","0","0","0","0","0","0","0","0","0","0","0","0","0","0","0","0","138.87527","91.095184","47.780094","31.324034","0.865007"
"D:\HAA\dACC revisions\Run 4\Br6471_dACC_20x_img_021-MaxIP-Stitched_unmixed_rotated.nd2","Layer 1","dACC_v17_ FISH-IF v2.4.4","1549","6331","6349","5596","5615","0","0","0","0","1","1","420.1593","0","124.04481","0","0","0","0","0","0","0","0","0","0","0","0","0","0","0","0","0","0","0","0","50.403854","45.202362","5.201494","9.44012","0.868462"
"D:\HAA\dACC revisions\Run 4\Br6471_dACC_20x_img_021-MaxIP-Stitched_unmixed_rotated.nd2","Layer 1","dACC_v17_ FISH-IF v2.4.4","1550","6437","6467","5612","5640","0","0","0","0","1","1","1629.6345","0","287.4551","0","0","0","0","0","0","0","0","0","0","0","0","0","0","0","0","0","0","0","0","120.69307","83.03977","37.65329","27.03307","0.872414"
"D:\HAA\dACC revisions\Run 4\Br6471_dACC_20x_img_021-MaxIP-Stitched_unmixed_rotated.nd2","Layer 1","dACC_v17_ FISH-IF v2.4.4","1551","6544","6570","5641","5666","1","0","0","0","1","1","1113.0879","0","195.41078","0","0","0","0","0","8","11.599792","1","16307.419","1405.8373","2","1.749175","0","1201.8212","687.0789","0","0","0","0","0","95.284","71.71617","23.56783","21.454817","0.766837"
"D:\HAA\dACC revisions\Run 4\Br6471_dACC_20x_img_021-MaxIP-Stitched_unmixed_rotated.nd2","Layer 1","dACC_v17_ FISH-IF v2.4.4","1552","6288","6322","5648","5676","0","0","0","0","1","1","1670.6157","0","265.94617","0","0","0","0","0","0","0","0","0","0","0","0","0","0","0","0","0","0","0","0","143.75456","94.04117","49.71339","30.894936","0.772574"
"D:\HAA\dACC revisions\Run 4\Br6471_dACC_20x_img_021-MaxIP-Stitched_unmixed_rotated.nd2","Layer 1","dACC_v17_ FISH-IF v2.4.4","1553","6573","6596","5659","5682","0","0","0","0","1","1","1342.3794","0","220.15785","0","0","0","0","0","0","0","0","0","0","0","0","0","0","0","0","0","0","0","0","76.13514","61.819523","14.315616","17.59295","0.734769"
"D:\HAA\dACC revisions\Run 4\Br6471_dACC_20x_img_021-MaxIP-Stitched_unmixed_rotated.nd2","Layer 1","dACC_v17_ FISH-IF v2.4.4","1554","6597","6627","5664","5694","0","0","0","0","1","1","1943.0192","0","245.05913","0","0","0","0","0","0","0","0","0","0","0","0","0","0","0","0","0","0","0","0","134.45631","88.74761","45.708702","29.607647","0.927903"
"D:\HAA\dACC revisions\Run 4\Br6471_dACC_20x_img_021-MaxIP-Stitched_unmixed_rotated.nd2","Layer 1","dACC_v17_ FISH-IF v2.4.4","1555","6627","6664","5709","5743","0","0","0","0","1","1","1297.5891","0","259.11227","0","0","0","0","0","0","0","0","0","0","0","0","0","0","0","0","0","0","0","0","175.05557","105.36477","69.69081","38.189575","0.858754"
"D:\HAA\dACC revisions\Run 4\Br6471_dACC_20x_img_021-MaxIP-Stitched_unmixed_rotated.nd2","Layer 1","dACC_v17_ FISH-IF v2.4.4","1556","5140","5175","5380","5410","0","0","0","0","1","1","1555.941","0","312.8599","0","0","0","0","0","0","0","0","0","0","0","0","0","0","0","0","0","0","0","0","146.28625","97.90776","48.378494","33.89861","0.686509"
"D:\HAA\dACC revisions\Run 4\Br6471_dACC_20x_img_021-MaxIP-Stitched_unmixed_rotated.nd2","Layer 1","dACC_v17_ FISH-IF v2.4.4","1557","5103","5123","5403","5428","1","0","0","0","1","1","543.39734","0","139.27307","0","0","0","0","0","4","9.57443","1","10630.15","1110.2644","3","3.084071","0","2517.431","816.2687","0","0","0","0","0","75.26055","61.359215","13.901337","16.091112","0.742498"
"D:\HAA\dACC revisions\Run 4\Br6471_dACC_20x_img_021-MaxIP-Stitched_unmixed_rotated.nd2","Layer 1","dACC_v17_ FISH-IF v2.4.4","1558","5402","5421","5437","5457","0","0","0","0","1","1","627.625","0","127.82164","0","0","0","0","0","0","0","0","0","0","0","0","0","0","0","0","0","0","0","0","53.487926","47.227722","6.260205","10.727408","0.855352"
"D:\HAA\dACC revisions\Run 4\Br6471_dACC_20x_img_021-MaxIP-Stitched_unmixed_rotated.nd2","Layer 1","dACC_v17_ FISH-IF v2.4.4","1559","5332","5362","5449","5480","0","0","0","1","1","1","1494.0618","0","318.67117","11","30.288343","2","52917.79","1747.1338","0","0","0","0","0","0","0","0","0","0","0","0","0","0","0","124.09935","88.33333","35.76602","32.182224","0.604493"
"D:\HAA\dACC revisions\Run 4\Br6471_dACC_20x_img_021-MaxIP-Stitched_unmixed_rotated.nd2","Layer 1","dACC_v17_ FISH-IF v2.4.4","1560","5362","5378","5451","5467","0","0","0","0","1","1","748.98486","0","270.405","3","3.682473","0","3118.5947","846.875","0","0","0","0","0","0","0","0","0","0","0","0","0","0","0","39.862774","36.824734","3.038041","7.294638","0.7821"
"D:\HAA\dACC revisions\Run 4\Br6471_dACC_20x_img_021-MaxIP-Stitched_unmixed_rotated.nd2","Layer 1","dACC_v17_ FISH-IF v2.4.4","1561","5353","5390","5524","5560","0","0","0","0","1","1","2164.3804","0","372.22336","0","0","0","0","0","0","0","0","0","0","0","0","0","0","0","0","0","0","0","0","127.27549","85.525444","41.750042","39.69141","0.476609"
"D:\HAA\dACC revisions\Run 4\Br6471_dACC_20x_img_021-MaxIP-Stitched_unmixed_rotated.nd2","Layer 1","dACC_v17_ FISH-IF v2.4.4","1562","5321","5347","5534","5556","0","0","0","0","1","1","2031.1394","0","377.05484","0","0","0","0","0","0","0","0","0","0","0","0","0","0","0","0","0","0","0","0","76.733536","57.906895","18.826645","19.738432","0.678401"
"D:\HAA\dACC revisions\Run 4\Br6471_dACC_20x_img_021-MaxIP-Stitched_unmixed_rotated.nd2","Layer 1","dACC_v17_ FISH-IF v2.4.4","1563","5350","5373","5542","5570","0","0","0","0","1","1","2104.15","0","537.01544","0","0","0","0","0","0","0","0","0","0","0","0","0","0","0","0","0","0","0","0","79.403336","44.696022","34.707314","31.109486","0.683991"
"D:\HAA\dACC revisions\Run 4\Br6471_dACC_20x_img_021-MaxIP-Stitched_unmixed_rotated.nd2","Layer 1","dACC_v17_ FISH-IF v2.4.4","1564","5094","5129","5545","5574","0","0","0","0","1","1","1677.4564","0","285.50864","0","0","0","0","0","1","0.966649","0","721.9489","746.8571","0","0","0","0","0","0","0","0","0","0","155.03214","98.55219","56.479935","33.040417","0.823842"
"D:\HAA\dACC revisions\Run 4\Br6471_dACC_20x_img_021-MaxIP-Stitched_unmixed_rotated.nd2","Layer 1","dACC_v17_ FISH-IF v2.4.4","1565","5313","5335","5548","5568","0","0","0","0","1","1","1576.0413","0","402.21674","0","0","0","0","0","0","0","0","0","0","0","0","0","0","0","0","0","0","0","0","55.237103","41.842106","13.394997","16.30566","0.799974"
"D:\HAA\dACC revisions\Run 4\Br6471_dACC_20x_img_021-MaxIP-Stitched_unmixed_rotated.nd2","Layer 1","dACC_v17_ FISH-IF v2.4.4","1566","5335","5359","5553","5577","0","0","0","0","1","1","2502.6536","0","697.8591","0","0","0","0","0","0","0","0","0","0","0","0","0","0","0","0","0","0","0","0","72.682816","50.63401","22.04881","21.02572","0.745892"
"D:\HAA\dACC revisions\Run 4\Br6471_dACC_20x_img_021-MaxIP-Stitched_unmixed_rotated.nd2","Layer 1","dACC_v17_ FISH-IF v2.4.4","1567","5323","5337","5564","5576","0","0","0","0","1","1","1427.6842","0","464.12576","0","0","0","0","0","0","0","0","0","0","0","0","0","0","0","0","0","0","0","0","23.199583","22.324995","0.874587","3.218223","0.714849"
"D:\HAA\dACC revisions\Run 4\Br6471_dACC_20x_img_021-MaxIP-Stitched_unmixed_rotated.nd2","Layer 1","dACC_v17_ FISH-IF v2.4.4","1568","5045","5075","5586","5623","0","0","0","0","1","1","1874.4087","0","326.48505","0","0","0","0","0","0","0","0","0","0","0","0","0","0","0","0","0","0","0","0","142.83394","96.987144","45.846794","34.327705","0.661406"
"D:\HAA\dACC revisions\Run 4\Br6471_dACC_20x_img_021-MaxIP-Stitched_unmixed_rotated.nd2","Layer 1","dACC_v17_ FISH-IF v2.4.4","1569","5082","5111","5604","5634","0","0","0","0","1","1","2026.43","0","348.43292","0","0","0","0","0","0","0","0","0","0","0","0","0","0","0","0","0","0","0","0","127.551674","86.12385","41.427826","28.320358","0.872001"
"D:\HAA\dACC revisions\Run 4\Br6471_dACC_20x_img_021-MaxIP-Stitched_unmixed_rotated.nd2","Layer 1","dACC_v17_ FISH-IF v2.4.4","1570","5124","5145","5613","5633","0","0","0","0","1","1","388.65317","0","150.78517","0","0","0","0","0","0","0","0","0","0","0","0","0","0","0","0","0","0","0","0","64.21313","53.994267","10.218863","13.301987","0.917853"
"D:\HAA\dACC revisions\Run 4\Br6471_dACC_20x_img_021-MaxIP-Stitched_unmixed_rotated.nd2","Layer 1","dACC_v17_ FISH-IF v2.4.4","1571","5319","5350","5660","5686","0","0","0","1","1","1","1668.9985","0","400.97556","6","15.282265","1","23320.045","1525.9548","0","0","0","0","0","0","0","0","0","0","1","0.50634","0","220.16588","434.81818","113.42018","81.01441","32.405766","26.603973","0.715761"
"D:\HAA\dACC revisions\Run 4\Br6471_dACC_20x_img_021-MaxIP-Stitched_unmixed_rotated.nd2","Layer 1","dACC_v17_ FISH-IF v2.4.4","1572","5346","5375","5665","5696","0","0","0","1","1","1","1437.299","0","262.79892","9","27.434427","1","48418.082","1764.8657","0","0","0","0","0","0","0","0","0","0","0","0","0","0","0","128.1961","85.38735","42.808754","28.749454","0.86264"
"D:\HAA\dACC revisions\Run 4\Br6471_dACC_20x_img_021-MaxIP-Stitched_unmixed_rotated.nd2","Layer 1","dACC_v17_ FISH-IF v2.4.4","1573","5365","5389","5699","5728","0","0","0","0","1","1","1665.2556","0","226.49158","0","0","0","0","0","0","0","0","0","0","0","0","0","0","0","0","0","0","0","0","105.31874","76.50339","28.815355","23.171202","0.824207"
"D:\HAA\dACC revisions\Run 4\Br6471_dACC_20x_img_021-MaxIP-Stitched_unmixed_rotated.nd2","Layer 1","dACC_v17_ FISH-IF v2.4.4","1574","5040","5085","5703","5728","0","0","0","0","1","1","1636.3455","0","271.3071","0","0","0","0","0","0","0","0","0","0","1","0.50634","0","333.26385","658.1818","1","1.288866","0","669.88794","519.75","169.62393","111.671005","57.952927","37.76048","0.596412"
"D:\HAA\dACC revisions\Run 4\Br6471_dACC_20x_img_021-MaxIP-Stitched_unmixed_rotated.nd2","Layer 1","dACC_v17_ FISH-IF v2.4.4","1575","3451","3472","5320","5346","0","0","0","0","1","1","2093.5","0","357.40762","0","0","0","0","0","0","0","0","0","0","0","0","0","0","0","0","0","0","0","0","67.57339","37.377106","30.196281","24.887589","0.778669"
"D:\HAA\dACC revisions\Run 4\Br6471_dACC_20x_img_021-MaxIP-Stitched_unmixed_rotated.nd2","Layer 1","dACC_v17_ FISH-IF v2.4.4","1576","3440","3466","5337","5362","0","0","0","0","1","1","1852.9119","0","323.27347","0","0","0","0","0","0","0","0","0","0","0","0","0","0","0","0","0","0","0","0","85.479416","51.5086","33.970818","26.174877","0.821216"
"D:\HAA\dACC revisions\Run 4\Br6471_dACC_20x_img_021-MaxIP-Stitched_unmixed_rotated.nd2","Layer 1","dACC_v17_ FISH-IF v2.4.4","1577","3604","3634","5451","5482","0","0","0","0","1","1","1281.262","0","325.662","0","0","0","0","0","0","0","0","0","0","0","0","0","0","0","0","0","0","0","0","112.72971","65.64009","47.08963","31.324034","0.748086"
"D:\HAA\dACC revisions\Run 4\Br6471_dACC_20x_img_021-MaxIP-Stitched_unmixed_rotated.nd2","Layer 1","dACC_v17_ FISH-IF v2.4.4","1578","3613","3646","5459","5499","0","0","0","0","1","1","1627.6758","0","269.0049","0","0","0","0","0","0","0","0","0","0","0","0","0","0","0","0","0","0","0","0","136.66579","84.144516","52.52128","40.335056","0.585128"
"D:\HAA\dACC revisions\Run 4\Br6471_dACC_20x_img_021-MaxIP-Stitched_unmixed_rotated.nd2","Layer 1","dACC_v17_ FISH-IF v2.4.4","1579","3587","3614","5476","5510","0","0","0","0","1","1","1708.8741","0","318.09637","0","0","0","0","0","0","0","0","0","0","0","0","0","0","0","0","0","0","0","0","134.77853","89.80632","44.972206","30.036743","0.813036"
"D:\HAA\dACC revisions\Run 4\Br6471_dACC_20x_img_021-MaxIP-Stitched_unmixed_rotated.nd2","Layer 1","dACC_v17_ FISH-IF v2.4.4","1580","3603","3621","5507","5526","0","0","0","0","1","1","701.5868","0","185.7667","0","0","0","0","0","0","0","0","0","0","0","0","0","0","0","0","0","0","0","0","51.73875","46.16901","5.569741","9.869216","0.849889"
"D:\HAA\dACC revisions\Run 4\Br6471_dACC_20x_img_021-MaxIP-Stitched_unmixed_rotated.nd2","Layer 1","dACC_v17_ FISH-IF v2.4.4","1581","3545","3574","5535","5564","0","0","0","0","1","1","2175.3674","0","287.9642","0","0","0","0","0","0","0","0","0","0","0","0","0","0","0","0","0","0","0","0","118.39152","82.30328","36.088238","27.462166","0.86634"
"D:\HAA\dACC revisions\Run 4\Br6471_dACC_20x_img_021-MaxIP-Stitched_unmixed_rotated.nd2","Layer 1","dACC_v17_ FISH-IF v2.4.4","1582","3711","3749","5546","5583","0","0","0","0","1","1","1528.2446","0","259.86264","0","0","0","0","0","0","0","0","0","0","0","0","0","0","0","0","0","0","0","0","189.32516","114.61698","74.708176","42.480537","0.69122"
"D:\HAA\dACC revisions\Run 4\Br6471_dACC_20x_img_021-MaxIP-Stitched_unmixed_rotated.nd2","Layer 1","dACC_v17_ FISH-IF v2.4.4","1583","3645","3668","5555","5580","0","0","0","1","1","1","835.5123","0","165.86615","4","15.466389","1","25565.158","1652.9495","0","0","0","0","0","0","0","0","0","0","0","0","0","0","0","82.487404","65.68612","16.801285","19.738432","0.738766"
"D:\HAA\dACC revisions\Run 4\Br6471_dACC_20x_img_021-MaxIP-Stitched_unmixed_rotated.nd2","Layer 1","dACC_v17_ FISH-IF v2.4.4","1584","3455","3472","5574","5592","0","0","0","0","1","1","405.63635","0","120.905075","0","0","0","0","0","0","0","0","0","0","0","0","0","0","0","0","0","0","0","0","45.24839","41.70401","3.544381","7.294638","0.787389"
"D:\HAA\dACC revisions\Run 4\Br6471_dACC_20x_img_021-MaxIP-Stitched_unmixed_rotated.nd2","Layer 1","dACC_v17_ FISH-IF v2.4.4","1585","3813","3839","5585","5612","0","0","0","0","1","1","2551.4346","0","323.5502","0","0","0","0","0","0","0","0","0","0","0","0","0","0","0","0","0","0","0","0","104.44415","75.6288","28.815355","23.600298","0.860766"
"D:\HAA\dACC revisions\Run 4\Br6471_dACC_20x_img_021-MaxIP-Stitched_unmixed_rotated.nd2","Layer 1","dACC_v17_ FISH-IF v2.4.4","1586","3499","3522","5591","5621","0","0","0","0","1","1","1697.5802","0","265.06287","0","0","0","0","0","0","0","0","0","0","0","0","0","0","0","0","0","0","0","0","100.80771","76.13514","24.672571","23.600298","0.669951"
"D:\HAA\dACC revisions\Run 4\Br6471_dACC_20x_img_021-MaxIP-Stitched_unmixed_rotated.nd2","Layer 1","dACC_v17_ FISH-IF v2.4.4","1587","3836","3858","5620","5643","0","0","0","0","1","1","1286.1783","0","297.70535","0","0","0","0","0","0","0","0","0","0","0","0","0","0","0","0","0","0","0","0","74.75421","60.300503","14.453708","16.734756","0.809892"
"D:\HAA\dACC revisions\Run 4\Br6471_dACC_20x_img_021-MaxIP-Stitched_unmixed_rotated.nd2","Layer 1","dACC_v17_ FISH-IF v2.4.4","1588","3817","3835","5622","5639","0","0","0","0","1","1","640.8571","0","155.79199","0","0","0","0","0","0","0","0","0","0","0","0","0","0","0","0","0","0","0","0","44.926174","41.381794","3.544381","8.15283","0.703351"
"D:\HAA\dACC revisions\Run 4\Br6471_dACC_20x_img_021-MaxIP-Stitched_unmixed_rotated.nd2","Layer 1","dACC_v17_ FISH-IF v2.4.4","1589","3820","3848","5638","5666","0","0","0","0","1","1","2642.3083","0","328.856","0","0","0","0","0","0","0","0","0","0","0","0","0","0","0","0","0","0","0","0","115.99791","79.587456","36.410458","26.603973","0.87006"
"D:\HAA\dACC revisions\Run 4\Br6471_dACC_20x_img_021-MaxIP-Stitched_unmixed_rotated.nd2","Layer 1","dACC_v17_ FISH-IF v2.4.4","1590","3750","3779","5649","5677","0","0","0","0","1","1","1715.328","0","292.8723","1","0.874587","0","636.05524","727.2632","0","0","0","0","0","0","0","0","0","0","0","0","0","0","0","116.50425","81.84297","34.66128","26.603973","0.811738"
"D:\HAA\dACC revisions\Run 4\Br6471_dACC_20x_img_021-MaxIP-Stitched_unmixed_rotated.nd2","Layer 1","dACC_v17_ FISH-IF v2.4.4","1591","3627","3655","5664","5698","0","0","0","0","1","1","1106.9958","0","345.03995","0","0","0","0","0","2","1.565051","0","1567.9972","709.6667","0","0","0","0","0","0","0","0","0","0","115.99791","82.947716","33.050198","31.324034","0.585469"
"D:\HAA\dACC revisions\Run 4\Br6471_dACC_20x_img_021-MaxIP-Stitched_unmixed_rotated.nd2","Layer 1","dACC_v17_ FISH-IF v2.4.4","1592","3816","3834","5666","5686","0","0","1","0","1","1","1250.9716","0","334.67694","0","0","0","0","0","0","0","0","0","0","0","0","0","0","0","26","37.69932","3","39954.19","1059.812","53.994267","31.347055","22.647211","20.167528","0.740448"
"D:\HAA\dACC revisions\Run 4\Br6471_dACC_20x_img_021-MaxIP-Stitched_unmixed_rotated.nd2","Layer 1","dACC_v17_ FISH-IF v2.4.4","1593","3835","3850","5667","5690","0","0","1","0","1","1","1310.0209","0","309.3825","0","0","0","0","0","0","0","0","0","0","0","0","0","0","0","17","31.162931","3","27259.28","874.73413","54.454575","36.824734","17.62984","18.022047","0.732583"
"D:\HAA\dACC revisions\Run 4\Br6471_dACC_20x_img_021-MaxIP-Stitched_unmixed_rotated.nd2","Layer 1","dACC_v17_ FISH-IF v2.4.4","1594","3455","3488","5668","5712","0","0","0","0","1","1","813.3088","0","187.41756","0","0","0","0","0","0","0","0","0","0","0","0","0","0","0","0","0","0","0","0","205.02171","120.04863","84.973076","43.767826","0.691011"
"D:\HAA\dACC revisions\Run 4\Br6471_dACC_20x_img_021-MaxIP-Stitched_unmixed_rotated.nd2","Layer 1","dACC_v17_ FISH-IF v2.4.4","1595","3520","3556","5678","5716","0","0","0","0","1","1","1130.1805","0","239.57024","0","0","0","0","0","0","0","0","0","0","0","0","0","0","0","0","0","0","0","0","188.12836","110.10596","78.02241","40.764153","0.900595"
"D:\HAA\dACC revisions\Run 4\Br6471_dACC_20x_img_021-MaxIP-Stitched_unmixed_rotated.nd2","Layer 1","dACC_v17_ FISH-IF v2.4.4","1596","3810","3841","5686","5710","0","0","1","0","1","1","1831.799","0","376.4733","0","0","0","0","0","0","0","0","0","0","0","0","0","0","0","14","29.413755","2","19474.854","662.10016","115.99791","71.57808","44.419834","30.46584","0.759122"
"D:\HAA\dACC revisions\Run 4\Br6471_dACC_20x_img_021-MaxIP-Stitched_unmixed_rotated.nd2","Layer 1","dACC_v17_ FISH-IF v2.4.4","1597","3635","3669","5680","5721","0","0","0","0","1","1","857.4545","0","260.0856","0","0","0","0","0","3","2.163453","0","1585.0286","675.17645","0","0","0","0","0","0","0","0","0","0","171.83342","107.02188","64.81153","42.05144","0.646564"
"D:\HAA\dACC revisions\Run 4\Br6471_dACC_20x_img_021-MaxIP-Stitched_unmixed_rotated.nd2","Layer 1","dACC_v17_ FISH-IF v2.4.4","1598","3227","3253","5351","5377","0","0","0","0","1","1","1982.4369","0","317.9488","0","0","0","0","0","0","0","0","0","0","0","0","0","0","0","0","0","0","0","0","98.73632","72.820915","25.915407","21.883913","0.893963"
"D:\HAA\dACC revisions\Run 4\Br6471_dACC_20x_img_021-MaxIP-Stitched_unmixed_rotated.nd2","Layer 1","dACC_v17_ FISH-IF v2.4.4","1599","3313","3343","5379","5418","1","0","0","0","1","1","702.3114","0","217.02011","0","0","0","0","0","4","5.799896","1","5849.379","1008.53174","1","0.966649","0","642.5456","664.7143","0","0","0","0","0","173.1683","105.31874","67.84957","37.331383","0.760461"
"D:\HAA\dACC revisions\Run 4\Br6471_dACC_20x_img_021-MaxIP-Stitched_unmixed_rotated.nd2","Layer 1","dACC_v17_ FISH-IF v2.4.4","1600","3125","3146","5381","5406","0","0","0","0","1","1","1237.232","0","246.54286","0","0","0","0","0","0","0","0","0","0","0","0","0","0","0","0","0","0","0","0","73.41931","54.77679","18.64252","18.88024","0.785479"
"D:\HAA\dACC revisions\Run 4\Br6471_dACC_20x_img_021-MaxIP-Stitched_unmixed_rotated.nd2","Layer 1","dACC_v17_ FISH-IF v2.4.4","1601","3099","3125","5381","5404","0","0","0","0","1","1","1537.7074","0","302.29303","0","0","0","0","0","0","0","0","0","0","0","0","0","0","0","0","0","0","0","0","78.896996","47.59597","31.301023","24.243944","0.809363"
"D:\HAA\dACC revisions\Run 4\Br6471_dACC_20x_img_021-MaxIP-Stitched_unmixed_rotated.nd2","Layer 1","dACC_v17_ FISH-IF v2.4.4","1602","3363","3388","5382","5412","0","0","0","0","1","1","982.2937","0","241.31026","0","0","0","0","0","0","0","0","0","0","0","0","0","0","0","1","1.288866","0","602.86694","467.75","103.70766","75.81292","27.894735","23.814846","0.789726"
"D:\HAA\dACC revisions\Run 4\Br6471_dACC_20x_img_021-MaxIP-Stitched_unmixed_rotated.nd2","Layer 1","dACC_v17_ FISH-IF v2.4.4","1603","3387","3416","5385","5414","0","0","0","1","1","1","1557.75","0","344.01202","8","22.140871","1","33977.906","1534.6237","0","0","0","0","0","1","0.644433","0","501.9211","681.5","0","0","0","0","0","119.31214","84.144516","35.16762","27.891262","0.738375"
"D:\HAA\dACC revisions\Run 4\Br6471_dACC_20x_img_021-MaxIP-Stitched_unmixed_rotated.nd2","Layer 1","dACC_v17_ FISH-IF v2.4.4","1604","3101","3134","5396","5426","0","0","0","0","1","1","1262.6699","0","371.67517","0","0","0","0","0","0","0","0","0","0","0","0","0","0","0","0","0","0","0","0","118.759766","66.74483","52.01494","36.47319","0.687834"
"D:\HAA\dACC revisions\Run 4\Br6471_dACC_20x_img_021-MaxIP-Stitched_unmixed_rotated.nd2","Layer 1","dACC_v17_ FISH-IF v2.4.4","1605","3279","3298","5399","5418","0","0","0","0","1","1","350.5909","0","110.06097","2","4.050721","0","3783.6033","934.0568","0","0","0","0","0","0","0","0","0","0","0","0","0","0","0","52.889523","46.813442","6.076081","10.298312","0.887044"
"D:\HAA\dACC revisions\Run 4\Br6471_dACC_20x_img_021-MaxIP-Stitched_unmixed_rotated.nd2","Layer 1","dACC_v17_ FISH-IF v2.4.4","1606","3247","3278","5405","5430","0","0","0","1","1","1","1727.9767","0","366.43732","9","23.613861","1","38825.008","1615.8142","0","0","0","0","0","0","0","0","0","0","0","0","0","0","0","105.64095","75.99705","29.643911","25.316685","0.681768"
"D:\HAA\dACC revisions\Run 4\Br6471_dACC_20x_img_021-MaxIP-Stitched_unmixed_rotated.nd2","Layer 1","dACC_v17_ FISH-IF v2.4.4","1607","3306","3334","5416","5446","0","0","0","0","1","1","1689.4078","0","255.36792","0","0","0","0","0","0","0","0","0","0","1","0.552371","0","599.1384","650.8","0","0","0","0","0","122.25812","82.07313","40.18499","27.891262","0.858123"
"D:\HAA\dACC revisions\Run 4\Br6471_dACC_20x_img_021-MaxIP-Stitched_unmixed_rotated.nd2","Layer 1","dACC_v17_ FISH-IF v2.4.4","1608","3234","3256","5421","5441","0","0","0","0","1","1","1299.9868","0","254.13815","1","1.933299","0","2258.369","1115.0454","0","0","0","0","0","0","0","0","0","0","0","0","0","0","0","60.806843","50.311794","10.495049","13.731083","0.816587"
"D:\HAA\dACC revisions\Run 4\Br6471_dACC_20x_img_021-MaxIP-Stitched_unmixed_rotated.nd2","Layer 1","dACC_v17_ FISH-IF v2.4.4","1609","3357","3394","5448","5479","0","0","0","0","1","1","700.78204","0","210.55151","0","0","0","0","0","0","0","0","0","0","0","0","0","0","0","3","1.565051","0","676.19415","432.05884","162.85739","101.40611","61.451275","36.47319","0.77545"
"D:\HAA\dACC revisions\Run 4\Br6471_dACC_20x_img_021-MaxIP-Stitched_unmixed_rotated.nd2","Layer 1","dACC_v17_ FISH-IF v2.4.4","1610","3304","3340","5452","5480","0","0","0","0","1","1","1264.7732","0","271.6264","0","0","0","0","0","0","0","0","0","0","0","0","0","0","0","0","0","0","0","0","149.14017","97.58555","51.554626","33.040417","0.759187"
"D:\HAA\dACC revisions\Run 4\Br6471_dACC_20x_img_021-MaxIP-Stitched_unmixed_rotated.nd2","Layer 1","dACC_v17_ FISH-IF v2.4.4","1611","3198","3230","5472","5499","0","0","0","0","1","1","1435.4573","0","261.70624","0","0","0","0","0","0","0","0","0","0","0","0","0","0","0","0","0","0","0","0","125.25013","86.492096","38.758034","28.320358","0.747642"
"D:\HAA\dACC revisions\Run 4\Br6471_dACC_20x_img_021-MaxIP-Stitched_unmixed_rotated.nd2","Layer 1","dACC_v17_ FISH-IF v2.4.4","1612","3364","3390","5476","5502","0","0","0","0","1","1","1313.4197","0","268.83115","0","0","0","0","0","0","0","0","0","0","0","0","0","0","0","0","0","0","0","0","95.284","70.05906","25.224943","22.31301","0.905244"
"D:\HAA\dACC revisions\Run 4\Br6471_dACC_20x_img_021-MaxIP-Stitched_unmixed_rotated.nd2","Layer 1","dACC_v17_ FISH-IF v2.4.4","1613","3229","3250","5498","5527","0","0","0","0","1","1","620.4254","0","131.44606","2","5.063401","0","5220.3203","1030.991","0","0","0","0","0","0","0","0","0","0","0","0","0","0","0","86.21591","69.55272","16.663193","21.02572","0.608137"
"D:\HAA\dACC revisions\Run 4\Br6471_dACC_20x_img_021-MaxIP-Stitched_unmixed_rotated.nd2","Layer 1","dACC_v17_ FISH-IF v2.4.4","1614","3332","3361","5506","5534","0","0","0","0","1","1","1728.4415","0","274.223","0","0","0","0","0","0","0","0","0","0","0","0","0","0","0","0","0","0","0","0","116.36616","81.33663","35.02953","27.03307","0.836028"
"D:\HAA\dACC revisions\Run 4\Br6471_dACC_20x_img_021-MaxIP-Stitched_unmixed_rotated.nd2","Layer 1","dACC_v17_ FISH-IF v2.4.4","1615","3363","3382","5511","5531","0","0","0","0","1","1","406.23602","0","136.29881","0","0","0","0","0","0","0","0","0","0","0","0","0","0","0","0","0","0","0","0","57.63071","50.21973","7.410978","11.585601","0.768416"
"D:\HAA\dACC revisions\Run 4\Br6471_dACC_20x_img_021-MaxIP-Stitched_unmixed_rotated.nd2","Layer 1","dACC_v17_ FISH-IF v2.4.4","1616","3289","3315","5513","5541","0","0","0","0","1","1","1554.5461","0","278.92606","0","0","0","0","0","0","0","0","0","0","0","0","0","0","0","0","0","0","0","0","104.85843","75.95101","28.907415","23.600298","0.820567"
"D:\HAA\dACC revisions\Run 4\Br6471_dACC_20x_img_021-MaxIP-Stitched_unmixed_rotated.nd2","Layer 1","dACC_v17_ FISH-IF v2.4.4","1617","3390","3414","5519","5540","0","0","0","0","1","1","1284.2451","0","213.96407","0","0","0","0","0","0","0","0","0","0","0","0","0","0","0","0","0","0","0","0","73.74153","52.52128","21.220253","20.596624","0.830284"
"D:\HAA\dACC revisions\Run 4\Br6471_dACC_20x_img_021-MaxIP-Stitched_unmixed_rotated.nd2","Layer 1","dACC_v17_ FISH-IF v2.4.4","1618","3387","3410","5539","5557","0","0","0","0","1","1","1170.5306","0","221.30295","0","0","0","0","0","0","0","0","0","0","0","0","0","0","0","0","0","0","0","0","62.74014","46.951534","15.788605","18.236595","0.732193"
"D:\HAA\dACC revisions\Run 4\Br6471_dACC_20x_img_021-MaxIP-Stitched_unmixed_rotated.nd2","Layer 1","dACC_v17_ FISH-IF v2.4.4","1619","3065","3081","5533","5542","0","0","1","0","1","1","794.1071","0","380.84756","0","0","0","0","0","0","0","0","0","0","0","0","0","0","0","5","7.503039","1","4197.8813","559.4908","21.220253","19.931387","1.288866","5.149156","0.536096"
"D:\HAA\dACC revisions\Run 4\Br6471_dACC_20x_img_021-MaxIP-Stitched_unmixed_rotated.nd2","Layer 1","dACC_v17_ FISH-IF v2.4.4","1620","3162","3184","5535","5555","0","0","0","0","1","1","509.21463","0","138.30704","1","1.104742","0","925.86584","838.0833","0","0","0","0","0","0","0","0","0","0","0","0","0","0","0","63.70679","54.27045","9.436338","14.160179","0.742708"
"D:\HAA\dACC revisions\Run 4\Br6471_dACC_20x_img_021-MaxIP-Stitched_unmixed_rotated.nd2","Layer 1","dACC_v17_ FISH-IF v2.4.4","1621","3052","3069","5536","5557","0","0","1","0","1","1","1122.3071","0","459.74765","0","0","0","0","0","0","0","0","0","0","0","0","0","0","0","4","8.745874","1","5369.8286","613.9842","52.01494","34.477158","17.537779","18.451143","0.895516"
"D:\HAA\dACC revisions\Run 4\Br6471_dACC_20x_img_021-MaxIP-Stitched_unmixed_rotated.nd2","Layer 1","dACC_v17_ FISH-IF v2.4.4","1622","3069","3092","5542","5571","0","0","1","0","1","1","1734.3024","0","365.63376","0","0","0","0","0","0","0","0","0","0","0","0","0","0","0","6","14.177523","1","9752.248","687.8669","84.92704","44.74205","40.18499","32.61132","0.63861"
"D:\HAA\dACC revisions\Run 4\Br6471_dACC_20x_img_021-MaxIP-Stitched_unmixed_rotated.nd2","Layer 1","dACC_v17_ FISH-IF v2.4.4","1623","3092","3111","5540","5559","0","0","0","0","1","1","448.33804","0","134.2069","1","4.280875","0","4504.4937","1052.2366","0","0","0","0","0","0","0","0","0","0","0","0","0","0","0","54.592667","48.05628","6.53639","10.727408","0.824034"
"D:\HAA\dACC revisions\Run 4\Br6471_dACC_20x_img_021-MaxIP-Stitched_unmixed_rotated.nd2","Layer 1","dACC_v17_ FISH-IF v2.4.4","1624","3054","3081","5556","5580","0","0","0","0","1","1","1806.332","0","325.8335","0","0","0","0","0","0","0","0","0","0","0","0","0","0","0","1","2.439639","0","1351.0074","553.77356","84.973076","50.864162","34.10891","27.03307","0.831934"
"D:\HAA\dACC revisions\Run 4\Br6471_dACC_20x_img_021-MaxIP-Stitched_unmixed_rotated.nd2","Layer 1","dACC_v17_ FISH-IF v2.4.4","1625","3366","3394","5560","5593","0","0","0","0","1","1","1569.6176","0","264.05212","0","0","0","0","0","0","0","0","0","0","0","0","0","0","0","0","0","0","0","0","133.44363","90.95709","42.486538","31.324034","0.718685"
"D:\HAA\dACC revisions\Run 4\Br6471_dACC_20x_img_021-MaxIP-Stitched_unmixed_rotated.nd2","Layer 1","dACC_v17_ FISH-IF v2.4.4","1626","3421","3451","5560","5586","0","0","0","0","1","1","1830.5297","0","344.33047","0","0","0","0","0","0","0","0","0","0","0","0","0","0","0","0","0","0","0","0","109.55358","69.92097","39.63262","28.749454","0.910749"
"D:\HAA\dACC revisions\Run 4\Br6471_dACC_20x_img_021-MaxIP-Stitched_unmixed_rotated.nd2","Layer 1","dACC_v17_ FISH-IF v2.4.4","1627","3095","3124","5575","5605","0","0","0","0","1","1","1397.2909","0","250.84328","0","0","0","0","0","0","0","0","0","0","0","0","0","0","0","0","0","0","0","0","130.5897","87.22859","43.361126","28.320358","0.924218"
"D:\HAA\dACC revisions\Run 4\Br6471_dACC_20x_img_021-MaxIP-Stitched_unmixed_rotated.nd2","Layer 1","dACC_v17_ FISH-IF v2.4.4","1628","3425","3456","5582","5612","0","0","0","0","1","1","1274.6306","0","327.95197","0","0","0","0","0","0","0","0","0","0","0","0","0","0","0","0","0","0","0","0","131.23415","80.50807","50.72607","32.182224","0.857324"
"D:\HAA\dACC revisions\Run 4\Br6471_dACC_20x_img_021-MaxIP-Stitched_unmixed_rotated.nd2","Layer 1","dACC_v17_ FISH-IF v2.4.4","1629","3361","3390","5592","5620","0","0","0","0","1","1","1944.4198","0","291.71936","0","0","0","0","0","0","0","0","0","0","0","0","0","0","0","0","0","0","0","0","113.65034","79.21921","34.431126","25.74578","0.892553"
"D:\HAA\dACC revisions\Run 4\Br6471_dACC_20x_img_021-MaxIP-Stitched_unmixed_rotated.nd2","Layer 1","dACC_v17_ FISH-IF v2.4.4","1630","3152","3182","5664","5693","0","0","0","0","1","1","1387.6819","0","239.41693","0","0","0","0","0","0","0","0","0","0","0","0","0","0","0","0","0","0","0","0","126.12472","85.89369","40.23102","27.891262","0.832714"
"D:\HAA\dACC revisions\Run 4\Br6471_dACC_20x_img_021-MaxIP-Stitched_unmixed_rotated.nd2","Layer 1","dACC_v17_ FISH-IF v2.4.4","1631","4703","4729","5340","5381","0","0","0","0","1","1","1998.5198","0","307.0771","0","0","0","0","0","0","0","0","0","0","0","0","0","0","0","0","0","0","0","0","145.82594","100.30137","45.52458","36.47319","0.563367"
"D:\HAA\dACC revisions\Run 4\Br6471_dACC_20x_img_021-MaxIP-Stitched_unmixed_rotated.nd2","Layer 1","dACC_v17_ FISH-IF v2.4.4","1632","4699","4728","5379","5415","0","0","0","0","1","1","3010.6672","0","538.12286","0","0","0","0","0","0","0","0","0","0","0","0","0","0","0","0","0","0","0","0","148.95605","97.76967","51.18638","35.1859","0.703712"
"D:\HAA\dACC revisions\Run 4\Br6471_dACC_20x_img_021-MaxIP-Stitched_unmixed_rotated.nd2","Layer 1","dACC_v17_ FISH-IF v2.4.4","1633","5032","5062","5385","5412","0","0","0","0","1","1","2028.3108","0","315.31204","0","0","0","0","0","0","0","0","0","0","0","0","0","0","0","0","0","0","0","0","116.08997","81.428696","34.66128","26.603973","0.849283"
"D:\HAA\dACC revisions\Run 4\Br6471_dACC_20x_img_021-MaxIP-Stitched_unmixed_rotated.nd2","Layer 1","dACC_v17_ FISH-IF v2.4.4","1634","4729","4748","5387","5405","0","0","0","0","1","1","399.2213","0","124.71785","0","0","0","0","0","0","0","0","0","0","0","0","0","0","0","0","0","0","0","0","51.784782","46.16901","5.615772","9.869216","0.839037"
"D:\HAA\dACC revisions\Run 4\Br6471_dACC_20x_img_021-MaxIP-Stitched_unmixed_rotated.nd2","Layer 1","dACC_v17_ FISH-IF v2.4.4","1635","4667","4695","5417","5444","0","0","0","0","1","1","2014.8619","0","315.2584","0","0","0","0","0","0","0","0","0","0","0","0","0","0","0","0","0","0","0","0","105.45683","76.77957","28.677261","24.458492","0.789537"
"D:\HAA\dACC revisions\Run 4\Br6471_dACC_20x_img_021-MaxIP-Stitched_unmixed_rotated.nd2","Layer 1","dACC_v17_ FISH-IF v2.4.4","1636","4679","4723","5444","5482","0","0","0","0","1","1","2658.1394","0","434.49796","0","0","0","0","0","0","0","0","0","0","0","0","0","0","0","0","0","0","0","0","212.06444","112.95987","99.10457","51.27701","0.706527"
"D:\HAA\dACC revisions\Run 4\Br6471_dACC_20x_img_021-MaxIP-Stitched_unmixed_rotated.nd2","Layer 1","dACC_v17_ FISH-IF v2.4.4","1637","4874","4910","5457","5489","0","0","0","1","1","1","2254.594","0","437.72726","11","31.07087","2","53204.008","1712.3438","2","2.209484","0","1836.8638","831.3542","0","0","0","0","0","0","0","0","0","0","155.86069","102.78704","53.073647","36.044094","0.665685"
"D:\HAA\dACC revisions\Run 4\Br6471_dACC_20x_img_021-MaxIP-Stitched_unmixed_rotated.nd2","Layer 1","dACC_v17_ FISH-IF v2.4.4","1638","4638","4660","5458","5477","0","0","0","0","1","1","583.28735","0","136.05867","0","0","0","0","0","0","0","0","0","0","0","0","0","0","0","0","0","0","0","0","60.576687","52.567307","8.009379","12.443794","0.674418"
"D:\HAA\dACC revisions\Run 4\Br6471_dACC_20x_img_021-MaxIP-Stitched_unmixed_rotated.nd2","Layer 1","dACC_v17_ FISH-IF v2.4.4","1639","4786","4825","5458","5485","0","0","0","0","1","1","1976.7885","0","262.99954","0","0","0","0","0","0","0","0","0","0","0","0","0","0","0","0","0","0","0","0","155.26228","101.95848","53.303802","34.11316","0.684858"
"D:\HAA\dACC revisions\Run 4\Br6471_dACC_20x_img_021-MaxIP-Stitched_unmixed_rotated.nd2","Layer 1","dACC_v17_ FISH-IF v2.4.4","1640","4695","4719","5470","5493","0","0","0","0","1","1","3078.7698","0","495.13583","0","0","0","0","0","0","0","0","0","0","0","0","0","0","0","0","0","0","0","0","62.2338","31.853395","30.380405","25.316685","0.848145"
"D:\HAA\dACC revisions\Run 4\Br6471_dACC_20x_img_021-MaxIP-Stitched_unmixed_rotated.nd2","Layer 1","dACC_v17_ FISH-IF v2.4.4","1641","4685","4708","5482","5505","0","0","0","0","1","1","3374.487","0","582.59","0","0","0","0","0","0","0","0","0","0","0","0","0","0","0","1","0.50634","0","215.88501","426.36365","61.589367","35.02953","26.55984","22.527557","0.881141"
"D:\HAA\dACC revisions\Run 4\Br6471_dACC_20x_img_021-MaxIP-Stitched_unmixed_rotated.nd2","Layer 1","dACC_v17_ FISH-IF v2.4.4","1642","4701","4735","5489","5521","0","0","0","0","1","1","3148.6553","0","581.0855","0","0","0","0","0","0","0","0","0","0","0","0","0","0","0","0","0","0","0","0","146.10213","89.898384","56.20375","35.829544","0.707127"
"D:\HAA\dACC revisions\Run 4\Br6471_dACC_20x_img_021-MaxIP-Stitched_unmixed_rotated.nd2","Layer 1","dACC_v17_ FISH-IF v2.4.4","1643","4666","4701","5497","5523","0","0","0","0","1","1","2234.7983","0","427.04803","0","0","0","0","0","0","0","0","0","0","0","0","0","0","0","0","0","0","0","0","124.60569","82.39534","42.21035","30.894936","0.6742"
"D:\HAA\dACC revisions\Run 4\Br6471_dACC_20x_img_021-MaxIP-Stitched_unmixed_rotated.nd2","Layer 1","dACC_v17_ FISH-IF v2.4.4","1644","4930","4959","5542","5569","0","0","0","0","1","1","2279.802","0","320.25143","0","0","0","0","0","0","0","0","0","0","0","0","0","0","0","0","0","0","0","0","113.23605","80.00173","33.23432","25.74578","0.827049"
"D:\HAA\dACC revisions\Run 4\Br6471_dACC_20x_img_021-MaxIP-Stitched_unmixed_rotated.nd2","Layer 1","dACC_v17_ FISH-IF v2.4.4","1645","4965","4984","5546","5566","0","0","0","0","1","1","496.72726","0","130.0784","0","0","0","0","0","0","0","0","0","0","0","0","0","0","0","0","0","0","0","0","54.730762","48.14834","6.582421","11.156505","0.797315"
"D:\HAA\dACC revisions\Run 4\Br6471_dACC_20x_img_021-MaxIP-Stitched_unmixed_rotated.nd2","Layer 1","dACC_v17_ FISH-IF v2.4.4","1646","4772","4793","5562","5584","0","0","0","0","1","1","1911.2657","0","226.23291","0","0","0","0","0","0","0","0","0","0","0","0","0","0","0","0","0","0","0","0","64.7655","54.54664","10.218863","13.945631","0.809163"
"D:\HAA\dACC revisions\Run 4\Br6471_dACC_20x_img_021-MaxIP-Stitched_unmixed_rotated.nd2","Layer 1","dACC_v17_ FISH-IF v2.4.4","1647","5028","5054","5620","5662","0","0","0","0","1","1","1875.4231","0","296.00894","0","0","0","0","0","0","0","0","0","0","0","0","0","0","0","0","0","0","0","0","150.84332","102.97116","47.872154","35.1859","0.57145"
"D:\HAA\dACC revisions\Run 4\Br6471_dACC_20x_img_021-MaxIP-Stitched_unmixed_rotated.nd2","Layer 1","dACC_v17_ FISH-IF v2.4.4","1648","5009","5036","5666","5688","0","0","0","0","1","1","2949.93","0","457.76602","0","0","0","0","0","0","0","0","0","0","0","0","0","0","0","0","0","0","0","0","80.04777","53.11968","26.928087","24.458492","0.743797"
"D:\HAA\dACC revisions\Run 4\Br6471_dACC_20x_img_021-MaxIP-Stitched_unmixed_rotated.nd2","Layer 1","dACC_v17_ FISH-IF v2.4.4","1649","4999","5029","5677","5703","0","0","0","0","1","1","2196.2053","0","547.87775","0","0","0","0","0","0","0","0","0","0","0","0","0","0","0","0","0","0","0","0","83.86833","60.990967","22.877365","26.818521","0.518533"
"D:\HAA\dACC revisions\Run 4\Br6471_dACC_20x_img_021-MaxIP-Stitched_unmixed_rotated.nd2","Layer 1","dACC_v17_ FISH-IF v2.4.4","1650","4807","4848","5686","5728","1","1","0","0","1","1","959.94745","0","190.0804","0","0","0","0","0","32","49.66736","4","57616.438","1155.7617","28","27.388395","3","24495.998","894.39325","1","0.598402","0","258.92392","432.69232","236.8751","126.538994","110.33611","48.702435","0.91327"
"D:\HAA\dACC revisions\Run 4\Br6471_dACC_20x_img_021-MaxIP-Stitched_unmixed_rotated.nd2","Layer 1","dACC_v17_ FISH-IF v2.4.4","1651","4671","4691","5691","5714","0","0","0","0","1","1","997.19196","0","206.98997","0","0","0","0","0","0","0","0","0","0","0","0","0","0","0","0","0","0","0","0","65.409935","55.099007","10.310925","14.160179","0.776771"
"D:\HAA\dACC revisions\Run 4\Br6471_dACC_20x_img_021-MaxIP-Stitched_unmixed_rotated.nd2","Layer 1","dACC_v17_ FISH-IF v2.4.4","1652","4889","4916","5696","5722","0","0","0","1","1","1","1299.9224","0","260.53705","4","11.553761","1","12810.128","1095.6456","0","0","0","0","0","0","0","0","0","0","0","0","0","0","0","99.38075","73.28122","26.09953","22.742105","0.871785"
"D:\HAA\dACC revisions\Run 4\Br6471_dACC_20x_img_021-MaxIP-Stitched_unmixed_rotated.nd2","Layer 1","dACC_v17_ FISH-IF v2.4.4","1653","4683","4702","5710","5728","0","0","0","0","1","1","863.0672","0","126.3367","0","0","0","0","0","0","0","0","0","0","0","0","0","0","0","0","0","0","0","0","51.00226","45.52458","5.477679","9.869216","0.892251"
"D:\HAA\dACC revisions\Run 4\Br6471_dACC_20x_img_021-MaxIP-Stitched_unmixed_rotated.nd2","Layer 1","dACC_v17_ FISH-IF v2.4.4","1654","4638","4668","5711","5738","0","0","0","0","1","1","2698.873","0","368.82278","0","0","0","0","0","0","0","0","0","0","0","0","0","0","0","0","0","0","0","0","114.89317","81.56679","33.326385","25.74578","0.794339"
"D:\HAA\dACC revisions\Run 4\Br6471_dACC_20x_img_021-MaxIP-Stitched_unmixed_rotated.nd2","Layer 1","dACC_v17_ FISH-IF v2.4.4","1655","2843","2864","5729","5752","0","0","0","0","1","1","923.81934","0","184.16437","0","0","0","0","0","0","0","0","0","0","0","0","0","0","0","0","0","0","0","0","67.52736","56.572","10.955359","15.018372","0.725104"
"D:\HAA\dACC revisions\Run 4\Br6471_dACC_20x_img_021-MaxIP-Stitched_unmixed_rotated.nd2","Layer 1","dACC_v17_ FISH-IF v2.4.4","1656","2796","2822","5753","5776","0","0","0","0","1","1","1325.9689","0","237.34926","0","0","0","0","0","0","0","0","0","0","0","0","0","0","0","0","0","0","0","0","89.069824","68.40195","20.667881","20.596624","0.79068"
"D:\HAA\dACC revisions\Run 4\Br6471_dACC_20x_img_021-MaxIP-Stitched_unmixed_rotated.nd2","Layer 1","dACC_v17_ FISH-IF v2.4.4","1657","2892","2915","5766","5789","0","0","0","0","1","1","1124.3739","0","197.16592","0","0","0","0","0","0","0","0","0","0","0","0","0","0","0","0","0","0","0","0","76.733536","61.589367","15.144172","17.59295","0.808661"
"D:\HAA\dACC revisions\Run 4\Br6471_dACC_20x_img_021-MaxIP-Stitched_unmixed_rotated.nd2","Layer 1","dACC_v17_ FISH-IF v2.4.4","1658","2761","2798","5769","5811","0","0","0","0","1","1","776.62976","0","187.80493","0","0","0","0","0","0","0","0","0","0","0","0","0","0","0","0","0","0","0","0","213.39934","121.52162","91.87771","45.055115","0.760239"
"D:\HAA\dACC revisions\Run 4\Br6471_dACC_20x_img_021-MaxIP-Stitched_unmixed_rotated.nd2","Layer 1","dACC_v17_ FISH-IF v2.4.4","1659","2696","2730","5770","5809","1","0","0","0","1","1","842.2181","0","263.62408","0","0","0","0","0","7","7.871287","1","6057.7607","769.60236","0","0","0","0","0","1","1.150773","0","561.8994","488.28","175.46986","105.18065","70.28921","40.335056","0.784337"
"D:\HAA\dACC revisions\Run 4\Br6471_dACC_20x_img_021-MaxIP-Stitched_unmixed_rotated.nd2","Layer 1","dACC_v17_ FISH-IF v2.4.4","1660","2688","2711","5798","5821","0","0","0","0","1","1","1507.5215","0","284.36917","0","0","0","0","0","2","2.071391","0","1537.4326","742.2222","0","0","0","0","0","0","0","0","0","0","74.2939","58.22911","16.06479","18.022047","0.817075"
"D:\HAA\dACC revisions\Run 4\Br6471_dACC_20x_img_021-MaxIP-Stitched_unmixed_rotated.nd2","Layer 1","dACC_v17_ FISH-IF v2.4.4","1661","2810","2843","5804","5830","0","0","0","0","1","1","1285.7732","0","222.72824","0","0","0","0","0","0","0","0","0","0","0","0","0","0","0","0","0","0","0","0","121.52162","86.21591","35.305714","28.749454","0.67764"
"D:\HAA\dACC revisions\Run 4\Br6471_dACC_20x_img_021-MaxIP-Stitched_unmixed_rotated.nd2","Layer 1","dACC_v17_ FISH-IF v2.4.4","1662","2649","2672","5832","5853","0","0","0","0","1","1","813.1177","0","156.25887","3","15.466389","0","21518.58","1391.3125","0","0","0","0","0","0","0","0","0","0","0","0","0","0","0","68.81622","57.07834","11.737884","15.018372","0.788539"
"D:\HAA\dACC revisions\Run 4\Br6471_dACC_20x_img_021-MaxIP-Stitched_unmixed_rotated.nd2","Layer 1","dACC_v17_ FISH-IF v2.4.4","1663","2900","2928","5840","5871","0","0","0","0","1","1","1395.867","0","270.7972","0","0","0","0","0","0","0","0","0","0","0","0","0","0","0","0","0","0","0","0","124.60569","82.39534","42.21035","29.17855","0.822043"
"D:\HAA\dACC revisions\Run 4\Br6471_dACC_20x_img_021-MaxIP-Stitched_unmixed_rotated.nd2","Layer 1","dACC_v17_ FISH-IF v2.4.4","1664","2877","2903","5841","5870","0","0","0","0","1","1","641.8477","0","245.08896","0","0","0","0","0","0","0","0","0","0","0","0","0","0","0","0","0","0","0","0","102.2807","72.95901","29.321695","26.174877","0.690607"
"D:\HAA\dACC revisions\Run 4\Br6471_dACC_20x_img_021-MaxIP-Stitched_unmixed_rotated.nd2","Layer 1","dACC_v17_ FISH-IF v2.4.4","1665","2995","3025","5883","5910","0","0","0","0","1","1","1457.917","0","243.48553","0","0","0","0","0","0","0","0","0","0","0","0","0","0","0","0","0","0","0","0","119.91054","82.76359","37.14695","27.03307","0.888152"
"D:\HAA\dACC revisions\Run 4\Br6471_dACC_20x_img_021-MaxIP-Stitched_unmixed_rotated.nd2","Layer 1","dACC_v17_ FISH-IF v2.4.4","1666","2734","2764","5889","5921","0","0","0","0","1","1","1415.4886","0","226.95613","0","0","0","0","0","0","0","0","0","0","0","0","0","0","0","0","0","0","0","0","139.88795","91.27931","48.60865","30.894936","0.908973"
"D:\HAA\dACC revisions\Run 4\Br6471_dACC_20x_img_021-MaxIP-Stitched_unmixed_rotated.nd2","Layer 1","dACC_v17_ FISH-IF v2.4.4","1667","2648","2681","5910","5944","0","0","0","0","1","1","1127.2087","0","214.07776","0","0","0","0","0","0","0","0","0","0","0","0","0","0","0","0","0","0","0","0","162.94945","101.221985","61.72746","35.614998","0.827945"
"D:\HAA\dACC revisions\Run 4\Br6471_dACC_20x_img_021-MaxIP-Stitched_unmixed_rotated.nd2","Layer 1","dACC_v17_ FISH-IF v2.4.4","1668","2929","2950","5917","5939","0","0","0","0","1","1","994.0442","0","179.96475","0","0","0","0","0","0","0","0","0","0","0","0","0","0","0","0","0","0","0","0","67.619415","56.15772","11.461699","14.589275","0.853086"
"D:\HAA\dACC revisions\Run 4\Br6471_dACC_20x_img_021-MaxIP-Stitched_unmixed_rotated.nd2","Layer 1","dACC_v17_ FISH-IF v2.4.4","1669","2669","2694","5944","5972","0","0","0","0","1","1","1776.7203","0","273.3237","0","0","0","0","0","0","0","0","0","0","0","0","0","0","0","0","0","0","0","0","105.64095","76.50339","29.137571","23.600298","0.831707"
"D:\HAA\dACC revisions\Run 4\Br6471_dACC_20x_img_021-MaxIP-Stitched_unmixed_rotated.nd2","Layer 1","dACC_v17_ FISH-IF v2.4.4","1670","2787","2820","5949","5987","0","0","0","0","1","1","864.96625","0","214.89662","0","0","0","0","0","0","0","0","0","0","0","0","0","0","0","0","0","0","0","0","171.87944","106.423485","65.45596","38.61867","0.74779"
"D:\HAA\dACC revisions\Run 4\Br6471_dACC_20x_img_021-MaxIP-Stitched_unmixed_rotated.nd2","Layer 1","dACC_v17_ FISH-IF v2.4.4","1671","2873","2899","5959","5984","0","0","0","0","1","1","1515.5848","0","227.87317","0","0","0","0","0","0","0","0","0","0","0","0","0","0","0","0","0","0","0","0","89.576164","68.954315","20.621851","21.02572","0.746349"
"D:\HAA\dACC revisions\Run 4\Br6471_dACC_20x_img_021-MaxIP-Stitched_unmixed_rotated.nd2","Layer 1","dACC_v17_ FISH-IF v2.4.4","1672","3001","3027","6026","6051","0","0","0","0","1","1","1964.153","0","465.3656","0","0","0","0","0","0","0","0","0","0","0","0","0","0","0","0","0","0","0","0","97.677605","68.494","29.183601","24.243944","0.744669"
"D:\HAA\dACC revisions\Run 4\Br6471_dACC_20x_img_021-MaxIP-Stitched_unmixed_rotated.nd2","Layer 1","dACC_v17_ FISH-IF v2.4.4","1673","2833","2858","6029","6051","0","0","0","0","1","1","941.4432","0","205.457","3","6.674483","0","6329.2974","948.2828","0","0","0","0","0","0","0","0","0","0","0","0","0","0","0","79.3573","63.15442","16.202883","18.022047","0.786338"
"D:\HAA\dACC revisions\Run 4\Br6471_dACC_20x_img_021-MaxIP-Stitched_unmixed_rotated.nd2","Layer 1","dACC_v17_ FISH-IF v2.4.4","1674","2982","3012","6032","6063","0","0","0","0","1","1","934.3338","0","387.66022","0","0","0","0","0","0","0","0","0","0","0","0","0","0","0","0","0","0","0","0","112.86781","80.73823","32.12958","29.393099","0.625118"
"D:\HAA\dACC revisions\Run 4\Br6471_dACC_20x_img_021-MaxIP-Stitched_unmixed_rotated.nd2","Layer 1","dACC_v17_ FISH-IF v2.4.4","1675","2729","2752","6033","6058","0","0","0","1","1","1","1159.1741","0","205.57213","6","12.980719","1","20216.963","1557.4609","0","0","0","0","0","0","0","0","0","0","0","0","0","0","0","85.157196","66.37658","18.780615","19.309336","0.805847"
"D:\HAA\dACC revisions\Run 4\Br6471_dACC_20x_img_021-MaxIP-Stitched_unmixed_rotated.nd2","Layer 1","dACC_v17_ FISH-IF v2.4.4","1676","2907","2934","6056","6085","0","0","0","1","1","1","1317.0709","0","291.77618","6","13.855307","1","16771.088","1210.4452","0","0","0","0","0","0","0","0","0","0","0","0","0","0","0","104.16797","76.91766","27.250303","25.316685","0.76217"
"D:\HAA\dACC revisions\Run 4\Br6471_dACC_20x_img_021-MaxIP-Stitched_unmixed_rotated.nd2","Layer 1","dACC_v17_ FISH-IF v2.4.4","1677","2736","2761","6067","6094","0","0","0","0","1","1","1257.4498","0","250.1225","0","0","0","0","0","0","0","0","0","0","0","0","0","0","0","0","0","0","0","0","94.31735","71.39395","22.923397","21.883913","0.777091"
"D:\HAA\dACC revisions\Run 4\Br6471_dACC_20x_img_021-MaxIP-Stitched_unmixed_rotated.nd2","Layer 1","dACC_v17_ FISH-IF v2.4.4","1678","2990","3018","6095","6118","0","0","0","0","1","1","822.68353","0","189.09364","1","4.050721","0","3863.3289","953.73865","0","0","0","0","0","0","0","0","0","0","0","0","0","0","0","92.70627","71.7622","20.944067","21.883913","0.675753"
"D:\HAA\dACC revisions\Run 4\Br6471_dACC_20x_img_021-MaxIP-Stitched_unmixed_rotated.nd2","Layer 1","dACC_v17_ FISH-IF v2.4.4","1679","2813","2831","6101","6122","0","0","0","0","1","1","702.2393","0","153.67589","0","0","0","0","0","0","0","0","0","0","0","0","0","0","0","0","0","0","0","0","51.968906","46.58329","5.385617","10.51286","0.694052"
"D:\HAA\dACC revisions\Run 4\Br6471_dACC_20x_img_021-MaxIP-Stitched_unmixed_rotated.nd2","Layer 1","dACC_v17_ FISH-IF v2.4.4","1680","2842","2869","6104","6132","0","0","0","0","1","1","1811.2181","0","298.73813","0","0","0","0","0","0","0","0","0","0","0","0","0","0","0","0","0","0","0","0","113.46621","69.78287","43.683342","30.036743","0.80544"
"D:\HAA\dACC revisions\Run 4\Br6471_dACC_20x_img_021-MaxIP-Stitched_unmixed_rotated.nd2","Layer 1","dACC_v17_ FISH-IF v2.4.4","1681","3023","3050","6106","6137","0","0","0","0","1","1","1568.0079","0","231.47464","0","0","0","0","0","0","0","0","0","0","0","0","0","0","0","0","0","0","0","0","118.34549","83.500084","34.845406","27.462166","0.737001"
"D:\HAA\dACC revisions\Run 4\Br6471_dACC_20x_img_021-MaxIP-Stitched_unmixed_rotated.nd2","Layer 1","dACC_v17_ FISH-IF v2.4.4","1682","2826","2846","6112","6137","0","0","0","0","1","1","1253.8137","0","323.88358","0","0","0","0","0","0","0","0","0","0","0","0","0","0","0","0","0","0","0","0","69.00034","48.240402","20.759943","21.240269","0.780608"
"D:\HAA\dACC revisions\Run 4\Br6471_dACC_20x_img_021-MaxIP-Stitched_unmixed_rotated.nd2","Layer 1","dACC_v17_ FISH-IF v2.4.4","1683","6187","6220","6166","6191","1","0","0","0","1","1","1127.225","0","229.84135","0","0","0","0","0","10","13.809276","2","11010.642","764.22046","0","0","0","0","0","0","0","0","0","0","116.8725","84.144516","32.72798","27.03307","0.695624"
"D:\HAA\dACC revisions\Run 4\Br6471_dACC_20x_img_021-MaxIP-Stitched_unmixed_rotated.nd2","Layer 1","dACC_v17_ FISH-IF v2.4.4","1684","5868","5895","6167","6193","0","0","0","0","1","1","826.3285","0","207.62057","0","0","0","0","0","0","0","0","0","0","0","0","0","0","0","0","0","0","0","0","98.4141","72.91297","25.50113","22.742105","0.833468"
"D:\HAA\dACC revisions\Run 4\Br6471_dACC_20x_img_021-MaxIP-Stitched_unmixed_rotated.nd2","Layer 1","dACC_v17_ FISH-IF v2.4.4","1685","5984","6027","6169","6199","1","0","0","0","1","1","768.30646","0","188.09343","0","0","0","0","0","6","4.925308","1","3650.2058","741.1121","0","0","0","0","0","0","0","0","0","0","180.4412","111.34879","69.09241","39.69141","0.662386"
"D:\HAA\dACC revisions\Run 4\Br6471_dACC_20x_img_021-MaxIP-Stitched_unmixed_rotated.nd2","Layer 1","dACC_v17_ FISH-IF v2.4.4","1686","5941","5969","6192","6230","0","0","0","0","1","1","1301.4263","0","246.58391","1","0.920618","0","736.4026","799.9","0","0","0","0","0","0","0","0","0","0","0","0","0","0","0","153.97342","99.012505","54.960915","33.89861","0.715185"
"D:\HAA\dACC revisions\Run 4\Br6471_dACC_20x_img_021-MaxIP-Stitched_unmixed_rotated.nd2","Layer 1","dACC_v17_ FISH-IF v2.4.4","1687","5947","5974","6229","6257","0","0","0","0","1","1","2190.487","0","321.60083","0","0","0","0","0","0","0","0","0","0","0","0","0","0","0","0","0","0","0","0","109.18533","77.14782","32.037518","24.887589","0.880684"
"D:\HAA\dACC revisions\Run 4\Br6471_dACC_20x_img_021-MaxIP-Stitched_unmixed_rotated.nd2","Layer 1","dACC_v17_ FISH-IF v2.4.4","1688","5841","5862","6278","6303","0","0","0","0","1","1","1503.6412","0","242.96437","0","0","0","0","0","0","0","0","0","0","0","0","0","0","0","0","0","0","0","0","75.720856","59.425915","16.294945","17.59295","0.84828"
"D:\HAA\dACC revisions\Run 4\Br6471_dACC_20x_img_021-MaxIP-Stitched_unmixed_rotated.nd2","Layer 1","dACC_v17_ FISH-IF v2.4.4","1689","5861","5881","6284","6305","0","0","0","0","1","1","1327.5847","0","204.19347","0","0","0","0","0","0","0","0","0","0","0","0","0","0","0","0","0","0","0","0","62.970295","52.107","10.863297","14.160179","0.902851"
"D:\HAA\dACC revisions\Run 4\Br6471_dACC_20x_img_021-MaxIP-Stitched_unmixed_rotated.nd2","Layer 1","dACC_v17_ FISH-IF v2.4.4","1690","6193","6224","6293","6324","0","0","0","0","1","1","1597.0132","0","245.05252","0","0","0","0","0","0","0","0","0","0","0","0","0","0","0","0","0","0","0","0","144.21486","92.0158","52.19906","31.75313","0.925477"
"D:\HAA\dACC revisions\Run 4\Br6471_dACC_20x_img_021-MaxIP-Stitched_unmixed_rotated.nd2","Layer 1","dACC_v17_ FISH-IF v2.4.4","1691","5923","5960","6299","6331","1","1","0","0","1","1","922.9493","0","296.4893","0","0","0","0","0","9","13.579121","1","14614.678","1076.261","5","5.569741","1","4143.381","743.9091","1","0.322216","0","137.7245","427.42856","178.46187","109.50755","68.954315","38.189575","0.744524"
"D:\HAA\dACC revisions\Run 4\Br6471_dACC_20x_img_021-MaxIP-Stitched_unmixed_rotated.nd2","Layer 1","dACC_v17_ FISH-IF v2.4.4","1692","6170","6194","6299","6328","0","0","0","0","1","1","1802.6078","0","361.7674","0","0","0","0","0","0","0","0","0","0","0","0","0","0","0","1","0.828557","0","406.17682","490.22223","90.911064","57.58468","33.326385","26.603973","0.758918"
"D:\HAA\dACC revisions\Run 4\Br6471_dACC_20x_img_021-MaxIP-Stitched_unmixed_rotated.nd2","Layer 1","dACC_v17_ FISH-IF v2.4.4","1693","6147","6181","6310","6339","0","0","0","0","1","1","1662.4542","0","314.0472","0","0","0","0","0","0","0","0","0","0","0","0","0","0","0","0","0","0","0","0","126.76915","78.02241","48.746742","33.89861","0.708161"
"D:\HAA\dACC revisions\Run 4\Br6471_dACC_20x_img_021-MaxIP-Stitched_unmixed_rotated.nd2","Layer 1","dACC_v17_ FISH-IF v2.4.4","1694","6020","6040","6346","6365","0","0","0","0","1","1","1155.8438","0","163.04376","0","0","0","0","0","2","3.958659","0","3468.982","876.3023","1","0.50634","0","338.74152","669","0","0","0","0","0","56.80215","49.437206","7.364947","11.156505","0.876687"
"D:\HAA\dACC revisions\Run 4\Br6471_dACC_20x_img_021-MaxIP-Stitched_unmixed_rotated.nd2","Layer 1","dACC_v17_ FISH-IF v2.4.4","1695","6171","6200","6374","6402","0","0","0","0","1","1","1768.9381","0","300.89386","0","0","0","0","0","0","0","0","0","0","0","0","0","0","0","0","0","0","0","0","101.037865","61.589367","39.448498","29.17855","0.822284"
"D:\HAA\dACC revisions\Run 4\Br6471_dACC_20x_img_021-MaxIP-Stitched_unmixed_rotated.nd2","Layer 1","dACC_v17_ FISH-IF v2.4.4","1696","6160","6185","6383","6410","0","0","0","0","1","1","2126.6138","0","317.9306","0","0","0","0","0","0","0","0","0","0","0","0","0","0","0","0","0","0","0","0","85.663536","53.718082","31.945457","26.174877","0.849628"
"D:\HAA\dACC revisions\Run 4\Br6471_dACC_20x_img_021-MaxIP-Stitched_unmixed_rotated.nd2","Layer 1","dACC_v17_ FISH-IF v2.4.4","1697","5906","5937","6395","6424","0","0","0","0","1","1","2200.3994","0","611.96545","0","0","0","0","0","0","0","0","0","0","0","0","0","0","0","0","0","0","0","0","120.7391","85.24926","35.489838","28.10581","0.686986"
"D:\HAA\dACC revisions\Run 4\Br6471_dACC_20x_img_021-MaxIP-Stitched_unmixed_rotated.nd2","Layer 1","dACC_v17_ FISH-IF v2.4.4","1698","5865","5892","6428","6452","0","0","0","0","1","1","1798.8563","0","258.06488","0","0","0","0","0","0","0","0","0","0","0","0","0","0","0","0","0","0","0","0","93.30467","70.24318","23.06149","21.02572","0.86558"
"D:\HAA\dACC revisions\Run 4\Br6471_dACC_20x_img_021-MaxIP-Stitched_unmixed_rotated.nd2","Layer 1","dACC_v17_ FISH-IF v2.4.4","1699","6207","6246","6437","6472","0","0","0","0","1","1","909.94714","0","270.4114","0","0","0","0","0","0","0","0","0","0","0","0","0","0","0","0","0","0","0","0","197.4266","113.78843","83.638176","40.549603","0.821437"
"D:\HAA\dACC revisions\Run 4\Br6471_dACC_20x_img_021-MaxIP-Stitched_unmixed_rotated.nd2","Layer 1","dACC_v17_ FISH-IF v2.4.4","1700","6162","6192","6444","6473","0","0","0","0","1","1","1493.8292","0","399.15045","0","0","0","0","0","0","0","0","0","0","0","0","0","0","0","0","0","0","0","0","111.164665","66.6988","44.465866","31.538582","0.802681"
"D:\HAA\dACC revisions\Run 4\Br6471_dACC_20x_img_021-MaxIP-Stitched_unmixed_rotated.nd2","Layer 1","dACC_v17_ FISH-IF v2.4.4","1701","5903","5928","6449","6472","0","0","0","0","1","1","1565.2058","0","279.4993","0","0","0","0","0","0","0","0","0","0","0","0","0","0","0","0","0","0","0","0","85.019104","66.00834","19.010769","18.88024","0.830083"
"D:\HAA\dACC revisions\Run 4\Br6471_dACC_20x_img_021-MaxIP-Stitched_unmixed_rotated.nd2","Layer 1","dACC_v17_ FISH-IF v2.4.4","1702","6181","6208","6452","6479","0","0","0","0","1","1","2049.8662","0","324.72226","0","0","0","0","0","0","0","0","0","0","0","0","0","0","0","0","0","0","0","0","94.31735","58.505295","35.812054","28.10581","0.810037"
"D:\HAA\dACC revisions\Run 4\Br6471_dACC_20x_img_021-MaxIP-Stitched_unmixed_rotated.nd2","Layer 1","dACC_v17_ FISH-IF v2.4.4","1703","5869","5902","6453","6476","0","0","0","0","1","1","2328.4011","0","295.32962","0","0","0","0","0","0","0","0","0","0","0","0","0","0","0","0","0","0","0","0","114.06461","82.39534","31.669271","25.74578","0.710541"
"D:\HAA\dACC revisions\Run 4\Br6471_dACC_20x_img_021-MaxIP-Stitched_unmixed_rotated.nd2","Layer 1","dACC_v17_ FISH-IF v2.4.4","1704","5993","6024","6501","6534","0","0","0","0","1","1","1556.1327","0","238.06514","0","0","0","0","0","0","0","0","0","0","0","0","0","0","0","0","0","0","0","0","146.70053","93.99513","52.705402","32.182224","0.894011"
"D:\HAA\dACC revisions\Run 4\Br6471_dACC_20x_img_021-MaxIP-Stitched_unmixed_rotated.nd2","Layer 1","dACC_v17_ FISH-IF v2.4.4","1705","6139","6167","6504","6529","0","0","0","1","1","1","1589.8373","0","301.54025","4","14.453708","1","17090.22","1182.4109","0","0","0","0","0","0","0","0","0","0","0","0","0","0","0","97.76967","72.59076","25.178911","23.171202","0.830498"
"D:\HAA\dACC revisions\Run 4\Br6471_dACC_20x_img_021-MaxIP-Stitched_unmixed_rotated.nd2","Layer 1","dACC_v17_ FISH-IF v2.4.4","1706","5542","5571","5731","5765","0","0","0","1","1","1","1208.1125","0","212.46988","7","24.212263","1","33365.695","1378.0494","0","0","0","0","0","0","0","0","0","0","0","0","0","0","0","145.82594","95.51415","50.311794","33.040417","0.736029"
"D:\HAA\dACC revisions\Run 4\Br6471_dACC_20x_img_021-MaxIP-Stitched_unmixed_rotated.nd2","Layer 1","dACC_v17_ FISH-IF v2.4.4","1707","5455","5477","5741","5766","0","0","0","0","1","1","1221.4786","0","219.63933","0","0","0","0","0","0","0","0","0","0","0","0","0","0","0","0","0","0","0","0","83.36199","65.087715","18.274275","18.451143","0.844495"
"D:\HAA\dACC revisions\Run 4\Br6471_dACC_20x_img_021-MaxIP-Stitched_unmixed_rotated.nd2","Layer 1","dACC_v17_ FISH-IF v2.4.4","1708","5559","5579","5784","5803","0","0","0","0","1","1","874.8671","0","136.63618","0","0","0","0","0","0","0","0","0","0","0","0","0","0","0","0","0","0","0","0","54.408543","47.826122","6.582421","10.727408","0.886531"
"D:\HAA\dACC revisions\Run 4\Br6471_dACC_20x_img_021-MaxIP-Stitched_unmixed_rotated.nd2","Layer 1","dACC_v17_ FISH-IF v2.4.4","1709","5740","5761","5823","5841","0","0","0","0","1","1","635.94037","0","129.4934","0","0","0","0","0","0","0","0","0","0","0","0","0","0","0","0","0","0","0","0","55.743443","48.792774","6.950668","11.156505","0.840391"
"D:\HAA\dACC revisions\Run 4\Br6471_dACC_20x_img_021-MaxIP-Stitched_unmixed_rotated.nd2","Layer 1","dACC_v17_ FISH-IF v2.4.4","1710","5479","5519","5845","5881","1","1","0","0","1","1","678.47327","0","169.28764","0","0","0","0","0","27","42.946846","3","47504.46","1104.9379","13","13.901337","2","10115.11","727.63574","0","0","0","0","0","201.56938","118.89786","82.671524","42.909634","0.752504"
"D:\HAA\dACC revisions\Run 4\Br6471_dACC_20x_img_021-MaxIP-Stitched_unmixed_rotated.nd2","Layer 1","dACC_v17_ FISH-IF v2.4.4","1711","5745","5780","5860","5894","1","1","0","0","1","1","819.40765","0","218.04308","0","0","0","0","0","12","11.968039","2","10811.144","869.8778","11","9.758554","2","8978.008","920.01416","1","0.460309","0","201.10909","436.9","163.1796","99.38075","63.79885","37.331383","0.81625"
"D:\HAA\dACC revisions\Run 4\Br6471_dACC_20x_img_021-MaxIP-Stitched_unmixed_rotated.nd2","Layer 1","dACC_v17_ FISH-IF v2.4.4","1712","5762","5790","5883","5915","0","0","0","0","1","1","1325.2454","0","242.3548","1","0.920618","0","741.8803","805.85","2","0.690464","0","757.761","658.48","1","0.966649","0","641.76306","663.9048","0","0","0","0","0","128.61038","84.32864","44.281742","28.964003","0.84967"
"D:\HAA\dACC revisions\Run 4\Br6471_dACC_20x_img_021-MaxIP-Stitched_unmixed_rotated.nd2","Layer 1","dACC_v17_ FISH-IF v2.4.4","1713","5494","5522","5907","5931","0","0","0","0","1","1","1102.5664","0","228.77078","2","4.234844","0","3804.4553","898.36957","0","0","0","0","0","0","0","0","0","0","0","0","0","0","0","98.04585","73.0971","24.948757","21.883913","0.79595"
"D:\HAA\dACC revisions\Run 4\Br6471_dACC_20x_img_021-MaxIP-Stitched_unmixed_rotated.nd2","Layer 1","dACC_v17_ FISH-IF v2.4.4","1714","5761","5775","5948","5963","0","0","0","0","1","1","360.58334","0","160.25688","0","0","0","0","0","1","1.242835","0","946.7639","761.7778","0","0","0","0","0","0","0","0","0","0","30.656591","30.10422","0.552371","2.36003","0.755368"
"D:\HAA\dACC revisions\Run 4\Br6471_dACC_20x_img_021-MaxIP-Stitched_unmixed_rotated.nd2","Layer 1","dACC_v17_ FISH-IF v2.4.4","1715","5774","5803","5950","5987","1","1","0","0","1","1","795.4636","0","224.73071","0","0","0","0","0","24","41.381794","3","58486.332","1399.326","8","8.05541","1","6466.4233","802.74286","0","0","0","0","0","167.69063","104.44415","63.24648","35.614998","0.790049"
"D:\HAA\dACC revisions\Run 4\Br6471_dACC_20x_img_021-MaxIP-Stitched_unmixed_rotated.nd2","Layer 1","dACC_v17_ FISH-IF v2.4.4","1716","5569","5590","5995","6016","0","0","0","0","1","1","544.4107","0","139.82785","0","0","0","0","0","0","0","0","0","0","0","0","0","0","0","0","0","0","0","0","64.85756","54.54664","10.310925","13.731083","0.816784"
"D:\HAA\dACC revisions\Run 4\Br6471_dACC_20x_img_021-MaxIP-Stitched_unmixed_rotated.nd2","Layer 1","dACC_v17_ FISH-IF v2.4.4","1717","5691","5721","6088","6118","0","0","0","0","1","1","1705.7778","0","257.86234","0","0","0","0","0","0","0","0","0","0","0","0","0","0","0","0","0","0","0","0","128.10405","86.26194","41.842106","28.749454","0.89885"
"D:\HAA\dACC revisions\Run 4\Br6471_dACC_20x_img_021-MaxIP-Stitched_unmixed_rotated.nd2","Layer 1","dACC_v17_ FISH-IF v2.4.4","1718","5420","5448","5729","5754","0","0","0","1","1","1","2152.5894","0","235.65091","4","10.449018","1","22443.479","2147.903","0","0","0","0","0","0","0","0","0","0","0","0","0","0","0","105.088585","75.95101","29.137571","23.600298","0.863732"
"D:\HAA\dACC revisions\Run 4\Br6471_dACC_20x_img_021-MaxIP-Stitched_unmixed_rotated.nd2","Layer 1","dACC_v17_ FISH-IF v2.4.4","1719","5415","5442","5762","5785","0","0","0","0","1","1","1443.7345","0","263.20798","2","9.022059","0","14451.406","1601.7858","1","3.314226","0","3694.3494","1114.6945","2","1.887268","0","1332.6871","706.14636","0","0","0","0","0","88.2873","68.17179","20.11551","19.738432","0.774865"
"D:\HAA\dACC revisions\Run 4\Br6471_dACC_20x_img_021-MaxIP-Stitched_unmixed_rotated.nd2","Layer 1","dACC_v17_ FISH-IF v2.4.4","1720","5089","5128","5833","5859","0","0","0","0","1","1","1639.8228","0","271.73428","0","0","0","0","0","0","0","0","0","0","0","0","0","0","0","0","0","0","0","0","153.88136","101.6823","52.19906","33.89861","0.674174"
"D:\HAA\dACC revisions\Run 4\Br6471_dACC_20x_img_021-MaxIP-Stitched_unmixed_rotated.nd2","Layer 1","dACC_v17_ FISH-IF v2.4.4","1721","5192","5219","5833","5862","0","0","0","0","1","1","2117.0554","0","286.02246","1","0.874587","0","631.314","721.8421","0","0","0","0","0","0","0","0","0","0","0","0","0","0","0","118.52961","81.981064","36.54855","26.174877","0.914082"
"D:\HAA\dACC revisions\Run 4\Br6471_dACC_20x_img_021-MaxIP-Stitched_unmixed_rotated.nd2","Layer 1","dACC_v17_ FISH-IF v2.4.4","1722","5159","5191","5837","5865","0","0","0","0","1","1","2515.6091","0","697.4816","2","4.00469","0","3369.5093","841.3908","0","0","0","0","0","0","0","0","0","0","0","0","0","0","0","127.09136","82.57947","44.511898","30.036743","0.778554"
"D:\HAA\dACC revisions\Run 4\Br6471_dACC_20x_img_021-MaxIP-Stitched_unmixed_rotated.nd2","Layer 1","dACC_v17_ FISH-IF v2.4.4","1723","5140","5166","5847","5871","0","0","0","0","1","1","2330.6228","0","416.06543","0","0","0","0","0","0","0","0","0","0","0","0","0","0","0","0","0","0","0","0","90.588844","64.71947","25.869375","21.454817","0.82785"
"D:\HAA\dACC revisions\Run 4\Br6471_dACC_20x_img_021-MaxIP-Stitched_unmixed_rotated.nd2","Layer 1","dACC_v17_ FISH-IF v2.4.4","1724","5085","5114","5874","5900","0","0","0","0","1","1","1972.2993","0","297.43704","0","0","0","0","0","0","0","0","0","0","0","0","0","0","0","0","0","0","0","0","112.95987","80.04777","32.912106","25.74578","0.808506"
"D:\HAA\dACC revisions\Run 4\Br6471_dACC_20x_img_021-MaxIP-Stitched_unmixed_rotated.nd2","Layer 1","dACC_v17_ FISH-IF v2.4.4","1725","5229","5257","5880","5918","1","1","0","0","1","1","478.23566","0","138.813","0","0","0","0","0","9","15.696543","1","13349.059","843.02905","4","3.728504","1","2489.444","667.679","1","1.472989","0","728.4853","494.5625","143.47836","96.987144","46.491226","33.89861","0.671679"
"D:\HAA\dACC revisions\Run 4\Br6471_dACC_20x_img_021-MaxIP-Stitched_unmixed_rotated.nd2","Layer 1","dACC_v17_ FISH-IF v2.4.4","1726","5378","5401","5898","5917","0","0","0","1","1","1","1196.5619","0","195.66394","4","3.958659","1","3168.7224","800.4535","0","0","0","0","0","0","0","0","0","0","0","0","0","0","0","66.83689","56.433907","10.402987","13.731083","0.716546"
"D:\HAA\dACC revisions\Run 4\Br6471_dACC_20x_img_021-MaxIP-Stitched_unmixed_rotated.nd2","Layer 1","dACC_v17_ FISH-IF v2.4.4","1727","5131","5164","5952","5981","0","0","0","0","1","1","1566.3251","0","253.88574","0","0","0","0","0","0","0","0","0","0","0","0","0","0","0","0","0","0","0","0","142.64981","92.66024","49.98958","31.324034","0.843851"
"D:\HAA\dACC revisions\Run 4\Br6471_dACC_20x_img_021-MaxIP-Stitched_unmixed_rotated.nd2","Layer 1","dACC_v17_ FISH-IF v2.4.4","1728","5386","5406","5957","5978","0","0","0","0","1","1","907.8119","0","181.06015","0","0","0","0","0","0","0","0","0","0","0","0","0","0","0","0","0","0","0","0","62.095707","52.797462","9.298245","12.87289","0.857031"
"D:\HAA\dACC revisions\Run 4\Br6471_dACC_20x_img_021-MaxIP-Stitched_unmixed_rotated.nd2","Layer 1","dACC_v17_ FISH-IF v2.4.4","1729","5080","5103","5986","6016","0","0","0","0","1","1","1319.6774","0","273.02826","0","0","0","0","0","0","0","0","0","0","0","0","0","0","0","0","0","0","0","0","106.607605","74.93833","31.669271","25.316685","0.794718"
"D:\HAA\dACC revisions\Run 4\Br6471_dACC_20x_img_021-MaxIP-Stitched_unmixed_rotated.nd2","Layer 1","dACC_v17_ FISH-IF v2.4.4","1730","5328","5352","5990","6012","0","0","0","0","1","1","1357.8467","0","234.5888","3","5.293556","0","4913.9844","928.29565","0","0","0","0","0","0","0","0","0","0","0","0","0","0","0","75.90498","60.898903","15.006079","17.163853","0.847389"
"D:\HAA\dACC revisions\Run 4\Br6471_dACC_20x_img_021-MaxIP-Stitched_unmixed_rotated.nd2","Layer 1","dACC_v17_ FISH-IF v2.4.4","1731","5104","5122","5990","6011","0","0","0","0","1","1","667.0484","0","199.915","2","4.557061","0","4571.883","1003.2525","0","0","0","0","0","0","0","0","0","0","0","0","0","0","0","56.756123","48.19437","8.56175","12.87289","0.826909"
"D:\HAA\dACC revisions\Run 4\Br6471_dACC_20x_img_021-MaxIP-Stitched_unmixed_rotated.nd2","Layer 1","dACC_v17_ FISH-IF v2.4.4","1732","5188","5218","6021","6047","0","0","0","0","1","1","672.41797","0","220.3262","0","0","0","0","0","3","5.293556","0","5542.997","1047.1217","2","1.104742","0","1696.6536","877.5952","0","0","0","0","0","96.75699","64.48932","32.267673","27.03307","0.79984"
"D:\HAA\dACC revisions\Run 4\Br6471_dACC_20x_img_021-MaxIP-Stitched_unmixed_rotated.nd2","Layer 1","dACC_v17_ FISH-IF v2.4.4","1733","5161","5188","6028","6054","0","0","0","0","1","1","2033.7853","0","345.52875","0","0","0","0","0","0","0","0","0","0","0","0","0","0","0","0","0","0","0","0","104.95049","73.64947","31.301023","24.458492","0.866847"
"D:\HAA\dACC revisions\Run 4\Br6471_dACC_20x_img_021-MaxIP-Stitched_unmixed_rotated.nd2","Layer 1","dACC_v17_ FISH-IF v2.4.4","1734","5188","5203","6036","6053","0","0","0","0","1","1","593.232","0","316.98758","0","0","0","0","0","2","2.347577","0","2479.7314","1056.2941","0","0","0","0","0","1","0.966649","0","453.0363","468.66666","31.715302","25.961437","5.753865","11.371053","0.65815"
"D:\HAA\dACC revisions\Run 4\Br6471_dACC_20x_img_021-MaxIP-Stitched_unmixed_rotated.nd2","Layer 1","dACC_v17_ FISH-IF v2.4.4","1735","5148","5178","6049","6078","0","0","0","0","1","1","1668.6909","0","314.73758","0","0","0","0","0","0","0","0","0","0","0","0","0","0","0","0","0","0","0","0","125.204094","81.56679","43.63731","29.607647","0.89593"
"D:\HAA\dACC revisions\Run 4\Br6471_dACC_20x_img_021-MaxIP-Stitched_unmixed_rotated.nd2","Layer 1","dACC_v17_ FISH-IF v2.4.4","1736","5145","5173","6078","6122","0","0","0","0","1","1","1130.9509","0","249.18762","0","0","0","0","0","0","0","0","0","0","0","0","0","0","0","0","0","0","0","0","178.04759","112.36147","65.68612","41.19325","0.624985"
"D:\HAA\dACC revisions\Run 4\Br6471_dACC_20x_img_021-MaxIP-Stitched_unmixed_rotated.nd2","Layer 1","dACC_v17_ FISH-IF v2.4.4","1737","5361","5384","6111","6138","0","0","0","0","1","1","1602.2721","0","372.4537","0","0","0","0","0","0","0","0","0","0","0","0","0","0","0","0","0","0","0","0","84.92704","63.614727","21.312315","21.883913","0.741604"
"D:\HAA\dACC revisions\Run 4\Br6471_dACC_20x_img_021-MaxIP-Stitched_unmixed_rotated.nd2","Layer 1","dACC_v17_ FISH-IF v2.4.4","1738","5348","5364","6112","6131","0","0","0","0","1","1","1162.1034","0","321.1121","0","0","0","0","0","0","0","0","0","0","0","0","0","0","0","0","0","0","0","0","42.302414","36.962826","5.339586","9.869216","0.820083"
"D:\HAA\dACC revisions\Run 4\Br6471_dACC_20x_img_021-MaxIP-Stitched_unmixed_rotated.nd2","Layer 1","dACC_v17_ FISH-IF v2.4.4","1739","5099","5122","6118","6137","0","0","0","0","1","1","746.1754","0","169.76167","0","0","0","0","0","0","0","0","0","0","0","0","0","0","0","0","0","0","0","0","66.6988","56.20375","10.495049","14.160179","0.727652"
"D:\HAA\dACC revisions\Run 4\Br6471_dACC_20x_img_021-MaxIP-Stitched_unmixed_rotated.nd2","Layer 1","dACC_v17_ FISH-IF v2.4.4","1740","6840","6868","5327","5359","0","0","0","0","1","1","1733.7302","0","269.30432","0","0","0","0","0","0","0","0","0","0","0","0","0","0","0","0","0","0","0","0","129.0707","87.27462","41.796074","28.749454","0.80739"
"D:\HAA\dACC revisions\Run 4\Br6471_dACC_20x_img_021-MaxIP-Stitched_unmixed_rotated.nd2","Layer 1","dACC_v17_ FISH-IF v2.4.4","1741","6872","6907","5333","5357","0","0","0","0","1","1","1458.7683","0","283.0678","0","0","0","0","0","0","0","0","0","0","0","0","0","0","0","0","0","0","0","0","116.82647","84.834984","31.991488","27.891262","0.643542"
"D:\HAA\dACC revisions\Run 4\Br6471_dACC_20x_img_021-MaxIP-Stitched_unmixed_rotated.nd2","Layer 1","dACC_v17_ FISH-IF v2.4.4","1742","6929","6959","5340","5380","0","0","0","0","1","1","1243.1241","0","294.063","0","0","0","0","0","0","0","0","0","0","0","0","0","0","0","0","0","0","0","0","160.83203","105.22668","55.605347","37.331383","0.648099"
"D:\HAA\dACC revisions\Run 4\Br6471_dACC_20x_img_021-MaxIP-Stitched_unmixed_rotated.nd2","Layer 1","dACC_v17_ FISH-IF v2.4.4","1743","6798","6825","5388","5414","0","0","0","1","1","1","1921.7045","0","354.81915","11","27.204271","2","56642.15","2082.105","0","0","0","0","0","0","0","0","0","0","0","0","0","0","0","99.56487","73.5574","26.00747","23.171202","0.83857"
"D:\HAA\dACC revisions\Run 4\Br6471_dACC_20x_img_021-MaxIP-Stitched_unmixed_rotated.nd2","Layer 1","dACC_v17_ FISH-IF v2.4.4","1744","6795","6814","5427","5447","0","0","0","0","1","1","1157.5856","0","147.96603","2","4.603092","0","4501.179","977.86","0","0","0","0","0","0","0","0","0","0","0","0","0","0","0","55.78947","48.792774","6.996699","11.585601","0.837125"
"D:\HAA\dACC revisions\Run 4\Br6471_dACC_20x_img_021-MaxIP-Stitched_unmixed_rotated.nd2","Layer 1","dACC_v17_ FISH-IF v2.4.4","1745","6777","6797","5437","5461","0","0","0","0","1","1","1337.2246","0","246.74266","3","9.850616","0","13985.251","1419.7336","0","0","0","0","0","0","0","0","0","0","0","0","0","0","0","72.26854","59.564007","12.704534","16.30566","0.714736"
"D:\HAA\dACC revisions\Run 4\Br6471_dACC_20x_img_021-MaxIP-Stitched_unmixed_rotated.nd2","Layer 1","dACC_v17_ FISH-IF v2.4.4","1746","6656","6674","5440","5460","0","0","0","0","1","1","697.53845","0","133.09569","0","0","0","0","0","0","0","0","0","0","0","0","0","0","0","0","0","0","0","0","54.68473","48.10231","6.582421","10.727408","0.835079"
"D:\HAA\dACC revisions\Run 4\Br6471_dACC_20x_img_021-MaxIP-Stitched_unmixed_rotated.nd2","Layer 1","dACC_v17_ FISH-IF v2.4.4","1747","6861","6883","5511","5535","0","0","0","1","1","1","1460.8019","0","215.03192","7","18.780615","1","43734.848","2328.7231","0","0","0","0","0","0","0","0","0","0","0","0","0","0","0","74.98437","60.576687","14.407678","16.734756","0.798496"
"D:\HAA\dACC revisions\Run 4\Br6471_dACC_20x_img_021-MaxIP-Stitched_unmixed_rotated.nd2","Layer 1","dACC_v17_ FISH-IF v2.4.4","1748","6794","6826","5594","5621","0","0","0","1","1","1","1854.4895","0","292.93338","5","19.471079","1","34381.504","1765.7731","0","0","0","0","0","0","0","0","0","0","0","0","0","0","0","124.651726","78.7589","45.892826","29.607647","0.851312"
"D:\HAA\dACC revisions\Run 4\Br6471_dACC_20x_img_021-MaxIP-Stitched_unmixed_rotated.nd2","Layer 1","dACC_v17_ FISH-IF v2.4.4","1749","6795","6822","5618","5643","0","0","0","1","1","1","1662.7888","0","320.762","17","31.301023","3","87183.57","2785.3264","0","0","0","0","0","0","0","0","0","0","0","0","0","0","0","97.63158","67.113075","30.518497","25.316685","0.779188"
"D:\HAA\dACC revisions\Run 4\Br6471_dACC_20x_img_021-MaxIP-Stitched_unmixed_rotated.nd2","Layer 1","dACC_v17_ FISH-IF v2.4.4","1750","6650","6701","5622","5648","0","0","0","0","1","1","1342.8938","0","245.03017","0","0","0","0","0","0","0","0","0","0","0","0","0","0","0","1","0.690464","0","303.61993","439.73334","194.71078","126.677086","68.0337","44.62602","0.546682"
"D:\HAA\dACC revisions\Run 4\Br6471_dACC_20x_img_021-MaxIP-Stitched_unmixed_rotated.nd2","Layer 1","dACC_v17_ FISH-IF v2.4.4","1751","6937","6964","5667","5693","0","0","0","0","1","1","1766.8572","0","284.0312","0","0","0","0","0","0","0","0","0","0","0","0","0","0","0","0","0","0","0","0","100.85374","73.78756","27.06618","23.171202","0.898829"
"D:\HAA\dACC revisions\Run 4\Br6471_dACC_20x_img_021-MaxIP-Stitched_unmixed_rotated.nd2","Layer 1","dACC_v17_ FISH-IF v2.4.4","1752","6877","6898","5686","5713","0","0","0","0","1","1","1338.0358","0","203.06937","0","0","0","0","0","0","0","0","0","0","0","0","0","0","0","0","0","0","0","0","87.688896","68.35591","19.332985","19.738432","0.732691"
"D:\HAA\dACC revisions\Run 4\Br6471_dACC_20x_img_021-MaxIP-Stitched_unmixed_rotated.nd2","Layer 1","dACC_v17_ FISH-IF v2.4.4","1753","4887","4926","3763","3799","1","1","0","0","1","1","909.49927","0","238.76057","0","0","0","0","0","31","52.383183","4","70126.81","1338.7275","19","19.839325","3","17513.152","882.7494","1","1.01268","0","502.9338","496.63635","213.62949","119.772446","93.85704","42.909634","0.85828"
"D:\HAA\dACC revisions\Run 4\Br6471_dACC_20x_img_021-MaxIP-Stitched_unmixed_rotated.nd2","Layer 1","dACC_v17_ FISH-IF v2.4.4","1754","4683","4717","3831","3884","1","0","0","0","1","1","1019.559","0","238.09406","0","0","0","0","0","21","36.04221","3","33278.33","923.3154","3","3.682473","0","2705.5593","734.7125","2","1.242835","0","666.89594","467.35483","242.35278","137.03404","105.31874","52.349754","0.607756"
"D:\HAA\dACC revisions\Run 4\Br6471_dACC_20x_img_021-MaxIP-Stitched_unmixed_rotated.nd2","Layer 1","dACC_v17_ FISH-IF v2.4.4","1755","4753","4784","3835","3866","0","0","0","0","1","1","2411.7615","0","329.1861","0","0","0","0","0","0","0","0","0","0","0","0","0","0","0","0","0","0","0","0","130.77383","90.036476","40.737362","31.324034","0.719005"
"D:\HAA\dACC revisions\Run 4\Br6471_dACC_20x_img_021-MaxIP-Stitched_unmixed_rotated.nd2","Layer 1","dACC_v17_ FISH-IF v2.4.4","1756","4727","4757","3860","3885","0","0","0","0","1","1","2979.9392","0","349.06036","0","0","0","0","0","0","0","0","0","0","0","0","0","0","0","0","0","0","0","0","106.51554","77.00973","29.505817","24.029396","0.818739"
"D:\HAA\dACC revisions\Run 4\Br6471_dACC_20x_img_021-MaxIP-Stitched_unmixed_rotated.nd2","Layer 1","dACC_v17_ FISH-IF v2.4.4","1757","4898","4929","3870","3903","0","0","0","1","1","1","2019.5734","0","510.63297","18","47.503906","3","104082.53","2191.031","0","0","0","0","0","1","0.50634","0","329.99564","651.7273","0","0","0","0","0","148.72589","86.031784","62.69411","37.76048","0.727228"
"D:\HAA\dACC revisions\Run 4\Br6471_dACC_20x_img_021-MaxIP-Stitched_unmixed_rotated.nd2","Layer 1","dACC_v17_ FISH-IF v2.4.4","1758","4884","4898","3877","3901","0","0","0","1","1","1","1570.4381","0","285.14114","7","14.131492","1","33985.64","2404.9578","0","0","0","0","0","0","0","0","0","0","0","0","0","0","0","51.922874","38.15963","13.763245","15.447468","0.781365"
"D:\HAA\dACC revisions\Run 4\Br6471_dACC_20x_img_021-MaxIP-Stitched_unmixed_rotated.nd2","Layer 1","dACC_v17_ FISH-IF v2.4.4","1759","4917","4951","3941","3972","0","0","0","0","1","1","1652.8654","0","262.80566","0","0","0","0","0","0","0","0","0","0","0","0","0","0","0","0","0","0","0","0","151.44171","95.69828","55.743443","33.469513","0.912347"
"D:\HAA\dACC revisions\Run 4\Br6471_dACC_20x_img_021-MaxIP-Stitched_unmixed_rotated.nd2","Layer 1","dACC_v17_ FISH-IF v2.4.4","1760","4762","4788","3963","3996","0","0","0","1","1","1","1802.1132","0","342.33878","10","28.5852","2","51013.305","1784.6055","0","0","0","0","0","0","0","0","0","0","0","0","0","0","0","127.50564","87.22859","40.277054","28.749454","0.755056"
"D:\HAA\dACC revisions\Run 4\Br6471_dACC_20x_img_021-MaxIP-Stitched_unmixed_rotated.nd2","Layer 1","dACC_v17_ FISH-IF v2.4.4","1761","4837","4861","3963","3989","0","0","0","0","1","1","1437.2781","0","258.45956","0","0","0","0","0","0","0","0","0","0","0","0","0","0","0","0","0","0","0","0","90.2206","67.71148","22.509119","21.02572","0.839975"
"D:\HAA\dACC revisions\Run 4\Br6471_dACC_20x_img_021-MaxIP-Stitched_unmixed_rotated.nd2","Layer 1","dACC_v17_ FISH-IF v2.4.4","1762","4807","4840","3965","3995","0","0","0","0","1","1","1871.6748","0","329.861","1","1.01268","0","1322.6523","798.1667","0","0","0","0","0","0","0","0","0","0","0","0","0","0","0","135.97533","90.404724","45.57061","31.75313","0.75737"
"D:\HAA\dACC revisions\Run 4\Br6471_dACC_20x_img_021-MaxIP-Stitched_unmixed_rotated.nd2","Layer 1","dACC_v17_ FISH-IF v2.4.4","1763","4727","4747","3978","4001","0","0","0","0","1","1","606.9474","0","156.44534","0","0","0","0","0","0","0","0","0","0","0","0","0","0","0","0","0","0","0","0","68.632095","57.262463","11.369637","14.589275","0.769461"
"D:\HAA\dACC revisions\Run 4\Br6471_dACC_20x_img_021-MaxIP-Stitched_unmixed_rotated.nd2","Layer 1","dACC_v17_ FISH-IF v2.4.4","1764","4923","4942","4000","4020","0","0","0","0","1","1","427.1788","0","169.17046","0","0","0","0","0","0","0","0","0","0","0","0","0","0","0","0","0","0","0","0","55.55932","48.60865","6.950668","10.727408","0.864973"
"D:\HAA\dACC revisions\Run 4\Br6471_dACC_20x_img_021-MaxIP-Stitched_unmixed_rotated.nd2","Layer 1","dACC_v17_ FISH-IF v2.4.4","1765","4799","4818","4052","4070","0","0","0","0","1","1","366.83334","0","124.472","0","0","0","0","0","0","0","0","0","0","0","0","0","0","0","0","0","0","0","0","51.554626","46.03092","5.52371","9.869216","0.825461"
"D:\HAA\dACC revisions\Run 4\Br6471_dACC_20x_img_021-MaxIP-Stitched_unmixed_rotated.nd2","Layer 1","dACC_v17_ FISH-IF v2.4.4","1766","4746","4785","4066","4102","0","0","0","0","1","1","2215.9524","0","622.69586","0","0","0","0","0","0","0","0","0","0","0","0","0","0","0","0","0","0","0","0","170.08424","99.42678","70.657455","48.058792","0.600419"
"D:\HAA\dACC revisions\Run 4\Br6471_dACC_20x_img_021-MaxIP-Stitched_unmixed_rotated.nd2","Layer 1","dACC_v17_ FISH-IF v2.4.4","1767","4779","4800","4077","4099","0","0","0","0","1","1","1635.6245","0","520.43823","0","0","0","0","0","0","0","0","0","0","0","0","0","0","0","0","0","0","0","0","59.057667","36.870766","22.186903","21.669365","0.760954"
"D:\HAA\dACC revisions\Run 4\Br6471_dACC_20x_img_021-MaxIP-Stitched_unmixed_rotated.nd2","Layer 1","dACC_v17_ FISH-IF v2.4.4","1768","4768","4783","4090","4110","0","0","0","0","1","1","2381.5796","0","1011.72284","0","0","0","0","0","0","0","0","0","0","0","0","0","0","0","0","0","0","0","0","36.870766","16.939377","19.931387","21.883913","0.670807"
"D:\HAA\dACC revisions\Run 4\Br6471_dACC_20x_img_021-MaxIP-Stitched_unmixed_rotated.nd2","Layer 1","dACC_v17_ FISH-IF v2.4.4","1769","4783","4812","4094","4118","0","0","0","0","1","1","1692.7192","0","429.4658","0","0","0","0","0","0","0","0","0","0","0","0","0","0","0","0","0","0","0","0","86.58415","52.475246","34.10891","29.607647","0.618234"
"D:\HAA\dACC revisions\Run 4\Br6471_dACC_20x_img_021-MaxIP-Stitched_unmixed_rotated.nd2","Layer 1","dACC_v17_ FISH-IF v2.4.4","1770","4873","4893","4096","4120","0","0","0","0","1","1","1400.7106","0","225.862","0","0","0","0","0","0","0","0","0","0","0","0","0","0","0","0","0","0","0","0","56.341843","42.026226","14.315616","17.59295","0.678271"
"D:\HAA\dACC revisions\Run 4\Br6471_dACC_20x_img_021-MaxIP-Stitched_unmixed_rotated.nd2","Layer 1","dACC_v17_ FISH-IF v2.4.4","1771","4751","4770","4102","4125","0","0","0","0","1","1","1319.1766","0","515.67584","0","0","0","0","0","0","0","0","0","0","0","0","0","0","0","0","0","0","0","0","67.20514","51.830814","15.374327","19.95298","0.591146"
"D:\HAA\dACC revisions\Run 4\Br6471_dACC_20x_img_021-MaxIP-Stitched_unmixed_rotated.nd2","Layer 1","dACC_v17_ FISH-IF v2.4.4","1772","4770","4788","4104","4121","0","0","0","0","1","1","2096.4158","0","627.5679","0","0","0","0","0","0","0","0","0","0","0","0","0","0","0","0","0","0","0","0","34.339066","22.04881","12.290255","16.520208","0.718021"
"D:\HAA\dACC revisions\Run 4\Br6471_dACC_20x_img_021-MaxIP-Stitched_unmixed_rotated.nd2","Layer 1","dACC_v17_ FISH-IF v2.4.4","1773","4863","4886","4104","4125","0","0","0","0","1","1","1520.1073","0","216.14786","0","0","0","0","0","0","0","0","0","0","0","0","0","0","0","0","0","0","0","0","56.618027","42.026226","14.591801","17.378403","0.697694"
"D:\HAA\dACC revisions\Run 4\Br6471_dACC_20x_img_021-MaxIP-Stitched_unmixed_rotated.nd2","Layer 1","dACC_v17_ FISH-IF v2.4.4","1774","6265","6303","4926","4954","1","0","0","0","1","1","1423.6699","0","242.65457","1","0.966649","0","1127.2971","1166.1904","5","4.557061","1","3552.344","708.00916","0","0","0","0","0","2","2.02536","0","948.6512","468.38635","157.74796","101.544205","56.20375","34.327705","0.708224"
"D:\HAA\dACC revisions\Run 4\Br6471_dACC_20x_img_021-MaxIP-Stitched_unmixed_rotated.nd2","Layer 1","dACC_v17_ FISH-IF v2.4.4","1775","6616","6635","4965","4983","0","0","0","0","1","1","439.5","0","121.77924","0","0","0","0","0","0","0","0","0","0","0","0","0","0","0","0","0","0","0","0","50.49592","45.24839","5.247525","9.44012","0.831063"
"D:\HAA\dACC revisions\Run 4\Br6471_dACC_20x_img_021-MaxIP-Stitched_unmixed_rotated.nd2","Layer 1","dACC_v17_ FISH-IF v2.4.4","1776","6557","6577","4983","5006","0","0","0","0","1","1","1195.0876","0","180.02533","0","0","0","0","0","0","0","0","0","0","0","0","0","0","0","0","0","0","0","0","67.89561","56.341843","11.553761","14.589275","0.848133"
"D:\HAA\dACC revisions\Run 4\Br6471_dACC_20x_img_021-MaxIP-Stitched_unmixed_rotated.nd2","Layer 1","dACC_v17_ FISH-IF v2.4.4","1777","6325","6344","5021","5040","0","0","0","0","1","1","387.08572","0","103.12259","0","0","0","0","0","0","0","0","0","0","0","0","0","0","0","1","0.920618","0","401.29755","435.9","54.13236","47.68803","6.444328","10.727408","0.887989"
"D:\HAA\dACC revisions\Run 4\Br6471_dACC_20x_img_021-MaxIP-Stitched_unmixed_rotated.nd2","Layer 1","dACC_v17_ FISH-IF v2.4.4","1778","6255","6285","5059","5089","0","0","0","0","1","1","1716.2638","0","270.9869","0","0","0","0","0","0","0","0","0","0","0","0","0","0","0","0","0","0","0","0","132.29286","87.96508","44.327774","29.17855","0.900226"
"D:\HAA\dACC revisions\Run 4\Br6471_dACC_20x_img_021-MaxIP-Stitched_unmixed_rotated.nd2","Layer 1","dACC_v17_ FISH-IF v2.4.4","1779","6587","6606","5077","5098","0","0","0","0","1","1","375.3409","0","130.89783","1","2.347577","0","2149.782","915.7451","0","0","0","0","0","0","0","0","0","0","0","0","0","0","0","59.011635","50.910194","8.101441","12.014698","0.815683"
"D:\HAA\dACC revisions\Run 4\Br6471_dACC_20x_img_021-MaxIP-Stitched_unmixed_rotated.nd2","Layer 1","dACC_v17_ FISH-IF v2.4.4","1780","6628","6650","5141","5164","0","0","0","0","1","1","1287.8882","0","218.03706","0","0","0","0","0","0","0","0","0","0","0","0","0","0","0","0","0","0","0","0","73.60344","59.61004","13.993399","15.876565","0.875162"
"D:\HAA\dACC revisions\Run 4\Br6471_dACC_20x_img_021-MaxIP-Stitched_unmixed_rotated.nd2","Layer 1","dACC_v17_ FISH-IF v2.4.4","1781","6383","6402","5154","5175","0","0","0","0","1","1","1065.2798","0","156.09258","0","0","0","0","0","0","0","0","0","0","0","0","0","0","0","0","0","0","0","0","57.952927","50.21973","7.733194","11.585601","0.85204"
"D:\HAA\dACC revisions\Run 4\Br6471_dACC_20x_img_021-MaxIP-Stitched_unmixed_rotated.nd2","Layer 1","dACC_v17_ FISH-IF v2.4.4","1782","6398","6431","5179","5217","1","1","0","0","1","1","988.70276","0","186.02074","0","0","0","0","0","4","5.984019","1","10667.711","1782.7","4","4.372937","1","4105.4053","938.82104","0","0","0","0","0","177.173","106.56158","70.61143","37.975025","0.847698"
"D:\HAA\dACC revisions\Run 4\Br6471_dACC_20x_img_021-MaxIP-Stitched_unmixed_rotated.nd2","Layer 1","dACC_v17_ FISH-IF v2.4.4","1783","6582","6612","5226","5260","0","0","0","0","1","1","1157.8882","0","197.38968","0","0","0","0","0","0","0","0","0","0","0","0","0","0","0","0","0","0","0","0","150.75125","96.38874","54.362514","32.61132","0.844491"
"D:\HAA\dACC revisions\Run 4\Br6471_dACC_20x_img_021-MaxIP-Stitched_unmixed_rotated.nd2","Layer 1","dACC_v17_ FISH-IF v2.4.4","1784","6280","6309","5231","5260","0","0","0","0","1","1","1216.2598","0","260.87244","0","0","0","0","0","0","0","0","0","0","0","0","0","0","0","0","0","0","0","0","117.88518","82.625496","35.25968","27.03307","0.791338"
"D:\HAA\dACC revisions\Run 4\Br6471_dACC_20x_img_021-MaxIP-Stitched_unmixed_rotated.nd2","Layer 1","dACC_v17_ FISH-IF v2.4.4","1785","6282","6306","5280","5311","0","0","0","0","1","1","1654.0603","0","337.39328","0","0","0","0","0","0","0","0","0","0","0","0","0","0","0","0","0","0","0","0","104.16797","62.970295","41.19767","28.534906","0.833106"
"D:\HAA\dACC revisions\Run 4\Br6471_dACC_20x_img_021-MaxIP-Stitched_unmixed_rotated.nd2","Layer 1","dACC_v17_ FISH-IF v2.4.4","1786","6264","6288","5282","5316","0","0","0","0","1","1","1351.3402","0","283.78995","0","0","0","0","0","0","0","0","0","0","0","0","0","0","0","0","0","0","0","0","110.33611","65.9623","44.373806","30.036743","0.798071"
"D:\HAA\dACC revisions\Run 4\Br6471_dACC_20x_img_021-MaxIP-Stitched_unmixed_rotated.nd2","Layer 1","dACC_v17_ FISH-IF v2.4.4","1787","6570","6601","5286","5314","0","0","0","0","1","1","1614.1346","0","252.56438","0","0","0","0","0","0","0","0","0","0","0","0","0","0","0","0","0","0","0","0","132.43095","88.65555","43.775402","28.749454","0.862053"
"D:\HAA\dACC revisions\Run 4\Br6471_dACC_20x_img_021-MaxIP-Stitched_unmixed_rotated.nd2","Layer 1","dACC_v17_ FISH-IF v2.4.4","1788","6396","6428","5293","5324","0","0","0","0","1","1","1176.7668","0","213.75998","0","0","0","0","0","0","0","0","0","0","0","0","0","0","0","0","0","0","0","0","145.91801","93.39673","52.52128","32.182224","0.939276"
"D:\HAA\dACC revisions\Run 4\Br6471_dACC_20x_img_021-MaxIP-Stitched_unmixed_rotated.nd2","Layer 1","dACC_v17_ FISH-IF v2.4.4","1789","6541","6572","5299","5329","0","0","0","0","1","1","1506.2655","0","254.15282","0","0","0","0","0","0","0","0","0","0","0","0","0","0","0","2","2.255515","0","993.4393","440.44897","136.3896","89.76029","46.62932","29.607647","0.900681"
"D:\HAA\dACC revisions\Run 4\Br6471_dACC_20x_img_021-MaxIP-Stitched_unmixed_rotated.nd2","Layer 1","dACC_v17_ FISH-IF v2.4.4","1790","6431","6450","5302","5323","0","0","0","0","1","1","383.18787","0","118.88257","0","0","0","0","0","2","1.657113","0","1135.9971","685.5278","0","0","0","0","0","0","0","0","0","0","57.768803","50.1737","7.595101","11.800149","0.82408"
"D:\HAA\dACC revisions\Run 4\Br6471_dACC_20x_img_021-MaxIP-Stitched_unmixed_rotated.nd2","Layer 1","dACC_v17_ FISH-IF v2.4.4","1791","6306","6328","5306","5330","0","0","0","0","1","1","740.00305","0","161.97289","0","0","0","0","0","0","0","0","0","0","0","0","0","0","0","0","0","0","0","0","76.227196","61.12906","15.098141","17.163853","0.832034"
"D:\HAA\dACC revisions\Run 4\Br6471_dACC_20x_img_021-MaxIP-Stitched_unmixed_rotated.nd2","Layer 1","dACC_v17_ FISH-IF v2.4.4","1792","6031","6064","3724","3757","0","0","0","0","1","1","1357.3065","0","261.28104","0","0","0","0","0","0","0","0","0","0","0","0","0","0","0","0","0","0","0","0","158.66858","98.59823","60.070347","34.327705","0.908573"
"D:\HAA\dACC revisions\Run 4\Br6471_dACC_20x_img_021-MaxIP-Stitched_unmixed_rotated.nd2","Layer 1","dACC_v17_ FISH-IF v2.4.4","1793","5982","6020","3754","3787","0","0","0","0","1","1","1132.5598","0","309.4905","0","0","0","0","0","0","0","0","0","0","0","0","0","0","0","0","0","0","0","0","183.80145","109.139305","74.66215","38.189575","0.833357"
"D:\HAA\dACC revisions\Run 4\Br6471_dACC_20x_img_021-MaxIP-Stitched_unmixed_rotated.nd2","Layer 1","dACC_v17_ FISH-IF v2.4.4","1794","6018","6049","3771","3798","0","0","0","0","1","1","1867.4569","0","325.14542","0","0","0","0","0","0","0","0","0","0","0","0","0","0","0","0","0","0","0","0","125.25013","85.157196","40.09293","27.462166","0.873139"
"D:\HAA\dACC revisions\Run 4\Br6471_dACC_20x_img_021-MaxIP-Stitched_unmixed_rotated.nd2","Layer 1","dACC_v17_ FISH-IF v2.4.4","1795","6105","6125","3800","3819","0","0","0","0","1","1","966.53705","0","156.58856","2","8.009379","0","9157.482","1143.3448","0","0","0","0","0","0","0","0","0","0","0","0","0","0","0","57.354523","49.897514","7.457009","12.014698","0.813438"
"D:\HAA\dACC revisions\Run 4\Br6471_dACC_20x_img_021-MaxIP-Stitched_unmixed_rotated.nd2","Layer 1","dACC_v17_ FISH-IF v2.4.4","1796","6067","6086","3827","3845","0","0","0","0","1","1","524.39343","0","121.94522","1","0.552371","0","399.50232","723.25","0","0","0","0","0","0","0","0","0","0","0","0","0","0","0","51.830814","46.215042","5.615772","9.44012","0.862208"
"D:\HAA\dACC revisions\Run 4\Br6471_dACC_20x_img_021-MaxIP-Stitched_unmixed_rotated.nd2","Layer 1","dACC_v17_ FISH-IF v2.4.4","1797","6022","6051","3838","3866","0","0","0","0","1","1","1706.3771","0","314.57788","1","0.50634","0","362.30936","715.5455","0","0","0","0","0","0","0","0","0","0","0","0","0","0","0","119.68038","80.36998","39.310402","29.17855","0.779096"
"D:\HAA\dACC revisions\Run 4\Br6471_dACC_20x_img_021-MaxIP-Stitched_unmixed_rotated.nd2","Layer 1","dACC_v17_ FISH-IF v2.4.4","1798","6050","6071","3843","3861","0","0","0","0","1","1","983.0702","0","236.46812","2","2.761855","0","2234.985","809.23334","0","0","0","0","0","0","0","0","0","0","1","0.598402","0","263.75717","440.76923","56.71009","46.215042","10.495049","14.589275","0.728561"
"D:\HAA\dACC revisions\Run 4\Br6471_dACC_20x_img_021-MaxIP-Stitched_unmixed_rotated.nd2","Layer 1","dACC_v17_ FISH-IF v2.4.4","1799","6046","6079","3857","3880","0","0","0","0","1","1","587.6894","0","175.52553","2","4.050721","0","3862.224","953.4659","0","0","0","0","0","0","0","0","0","0","0","0","0","0","0","99.1506","77.51607","21.634531","25.531233","0.536719"
"D:\HAA\dACC revisions\Run 4\Br6471_dACC_20x_img_021-MaxIP-Stitched_unmixed_rotated.nd2","Layer 1","dACC_v17_ FISH-IF v2.4.4","1800","5882","5903","3860","3883","0","0","0","0","1","1","1329.0165","0","195.65869","0","0","0","0","0","0","0","0","0","0","0","0","0","0","0","0","0","0","0","0","66.97498","55.835503","11.139482","14.589275","0.768101"
"D:\HAA\dACC revisions\Run 4\Br6471_dACC_20x_img_021-MaxIP-Stitched_unmixed_rotated.nd2","Layer 1","dACC_v17_ FISH-IF v2.4.4","1801","5865","5884","3868","3891","0","0","0","0","1","1","629.82794","0","153.97392","0","0","0","0","0","0","0","0","0","0","0","0","0","0","0","0","0","0","0","0","63.29251","54.730762","8.56175","13.731083","0.614841"
"D:\HAA\dACC revisions\Run 4\Br6471_dACC_20x_img_021-MaxIP-Stitched_unmixed_rotated.nd2","Layer 1","dACC_v17_ FISH-IF v2.4.4","1802","5928","5956","3897","3922","0","0","0","0","1","1","997.1689","0","210.23917","0","0","0","0","0","0","0","0","0","0","0","0","0","0","0","0","0","0","0","0","103.247345","75.44467","27.802673","23.171202","0.834496"
"D:\HAA\dACC revisions\Run 4\Br6471_dACC_20x_img_021-MaxIP-Stitched_unmixed_rotated.nd2","Layer 1","dACC_v17_ FISH-IF v2.4.4","1803","5996","6018","3916","3938","0","0","0","0","1","1","690.89496","0","170.25513","0","0","0","0","0","1","0.414278","0","252.52562","609.55554","0","0","0","0","0","0","0","0","0","0","70.10509","58.275143","11.829946","15.876565","0.716765"
"D:\HAA\dACC revisions\Run 4\Br6471_dACC_20x_img_021-MaxIP-Stitched_unmixed_rotated.nd2","Layer 1","dACC_v17_ FISH-IF v2.4.4","1804","5918","5949","3955","3990","1","0","0","0","1","1","1055.2606","0","239.0126","0","0","0","0","0","8","12.888657","1","11287.149","839.7534","2","1.242835","0","777.7384","625.7778","0","0","0","0","0","150.29094","98.55219","51.73875","34.327705","0.741589"
"D:\HAA\dACC revisions\Run 4\Br6471_dACC_20x_img_021-MaxIP-Stitched_unmixed_rotated.nd2","Layer 1","dACC_v17_ FISH-IF v2.4.4","1805","5854","5883","3966","3996","0","0","0","0","1","1","2038.7454","0","321.34937","0","0","0","0","0","0","0","0","0","0","0","0","0","0","0","0","0","0","0","0","125.38822","85.24926","40.13896","28.320358","0.867587"
"D:\HAA\dACC revisions\Run 4\Br6471_dACC_20x_img_021-MaxIP-Stitched_unmixed_rotated.nd2","Layer 1","dACC_v17_ FISH-IF v2.4.4","1806","6230","6257","3990","4018","1","0","0","0","1","1","1310.5416","0","237.25029","0","0","0","0","0","9","19.056799","1","19159.127","1005.36957","2","2.669793","0","1899.2356","711.37933","0","0","0","0","0","109.50755","77.97637","31.53118","24.458492","0.89318"
"D:\HAA\dACC revisions\Run 4\Br6471_dACC_20x_img_021-MaxIP-Stitched_unmixed_rotated.nd2","Layer 1","dACC_v17_ FISH-IF v2.4.4","1807","5845","5873","4006","4027","0","0","0","1","1","1","1735.8103","0","271.8877","8","19.60917","1","43363.38","2211.3826","0","0","0","0","0","0","0","0","0","0","0","0","0","0","0","74.10978","50.818134","23.291645","23.38575","0.671914"
"D:\HAA\dACC revisions\Run 4\Br6471_dACC_20x_img_021-MaxIP-Stitched_unmixed_rotated.nd2","Layer 1","dACC_v17_ FISH-IF v2.4.4","1808","5839","5873","4022","4047","0","0","0","0","1","1","1697.8137","0","351.43784","3","6.352267","0","12070.964","1900.2609","0","0","0","0","0","0","0","0","0","0","1","0.50634","0","230.10855","454.45456","116.550285","67.38927","49.16102","31.967678","0.826927"
"D:\HAA\dACC revisions\Run 4\Br6471_dACC_20x_img_021-MaxIP-Stitched_unmixed_rotated.nd2","Layer 1","dACC_v17_ FISH-IF v2.4.4","1809","6166","6200","4026","4059","0","0","0","0","1","1","1692.825","0","262.77872","0","0","0","0","0","0","0","0","0","0","0","0","0","0","0","0","0","0","0","0","151.16553","97.76967","53.395863","34.756805","0.740021"
"D:\HAA\dACC revisions\Run 4\Br6471_dACC_20x_img_021-MaxIP-Stitched_unmixed_rotated.nd2","Layer 1","dACC_v17_ FISH-IF v2.4.4","1810","5859","5894","4040","4072","0","0","0","0","1","1","1197.4989","0","301.80383","0","0","0","0","0","0","0","0","0","0","0","0","0","0","0","0","0","0","0","0","166.4478","100.66962","65.77818","35.1859","0.928384"
"D:\HAA\dACC revisions\Run 4\Br6471_dACC_20x_img_021-MaxIP-Stitched_unmixed_rotated.nd2","Layer 1","dACC_v17_ FISH-IF v2.4.4","1811","6186","6214","4070","4104","0","0","0","0","1","1","1387.8605","0","264.30072","0","0","0","0","0","0","0","0","0","0","0","0","0","0","0","0","0","0","0","0","138.73718","84.650856","54.086327","31.75313","0.857234"
"D:\HAA\dACC revisions\Run 4\Br6471_dACC_20x_img_021-MaxIP-Stitched_unmixed_rotated.nd2","Layer 1","dACC_v17_ FISH-IF v2.4.4","1812","6212","6226","4073","4094","0","0","0","0","1","1","1118.8633","0","306.54932","0","0","0","0","0","0","0","0","0","0","0","0","0","0","0","0","0","0","0","0","43.269062","36.870766","6.398297","10.727408","0.757418"
"D:\HAA\dACC revisions\Run 4\Br6471_dACC_20x_img_021-MaxIP-Stitched_unmixed_rotated.nd2","Layer 1","dACC_v17_ FISH-IF v2.4.4","1813","5966","5989","4074","4099","0","0","0","0","1","1","952.9825","0","199.44777","0","0","0","0","0","0","0","0","0","0","0","0","0","0","0","0","0","0","0","0","84.466736","66.100395","18.366337","19.309336","0.79813"
"D:\HAA\dACC revisions\Run 4\Br6471_dACC_20x_img_021-MaxIP-Stitched_unmixed_rotated.nd2","Layer 1","dACC_v17_ FISH-IF v2.4.4","1814","5839","5864","4089","4114","0","0","0","0","1","1","3371.8174","0","418.4485","0","0","0","0","0","0","0","0","0","0","0","0","0","0","0","0","0","0","0","0","88.70158","64.7655","23.936077","21.454817","0.918048"
"D:\HAA\dACC revisions\Run 4\Br6471_dACC_20x_img_021-MaxIP-Stitched_unmixed_rotated.nd2","Layer 1","dACC_v17_ FISH-IF v2.4.4","1815","5860","5879","4106","4127","0","0","0","0","1","1","893.4545","0","211.4215","0","0","0","0","0","0","0","0","0","0","0","0","0","0","0","0","0","0","0","0","55.835503","49.253082","6.582421","11.585601","0.717602"
"D:\HAA\dACC revisions\Run 4\Br6471_dACC_20x_img_021-MaxIP-Stitched_unmixed_rotated.nd2","Layer 1","dACC_v17_ FISH-IF v2.4.4","1816","5917","5945","4108","4135","0","0","0","0","1","1","1299.4589","0","260.07358","0","0","0","0","0","0","0","0","0","0","0","0","0","0","0","0","0","0","0","0","113.696365","80.093796","33.60257","25.74578","0.839029"
"D:\HAA\dACC revisions\Run 4\Br6471_dACC_20x_img_021-MaxIP-Stitched_unmixed_rotated.nd2","Layer 1","dACC_v17_ FISH-IF v2.4.4","1817","5994","6027","4116","4144","0","0","0","0","1","1","1947.8923","0","355.1463","0","0","0","0","0","1","0.552371","0","373.44882","676.0833","0","0","0","0","0","0","0","0","0","0","135.42296","89.66823","45.75473","30.036743","0.851174"
"D:\HAA\dACC revisions\Run 4\Br6471_dACC_20x_img_021-MaxIP-Stitched_unmixed_rotated.nd2","Layer 1","dACC_v17_ FISH-IF v2.4.4","1818","7720","7754","5325","5347","0","0","0","0","1","1","1466.2251","0","415.69855","0","0","0","0","0","0","0","0","0","0","0","0","0","0","0","0","0","0","0","0","106.56158","76.50339","30.05819","27.891262","0.611346"
"D:\HAA\dACC revisions\Run 4\Br6471_dACC_20x_img_021-MaxIP-Stitched_unmixed_rotated.nd2","Layer 1","dACC_v17_ FISH-IF v2.4.4","1819","7774","7801","5338","5359","0","0","0","0","1","1","1455.249","0","438.66797","0","0","0","0","0","0","0","0","0","0","0","0","0","0","0","0","0","0","0","0","85.06513","47.54994","37.515198","28.749454","0.689721"
"D:\HAA\dACC revisions\Run 4\Br6471_dACC_20x_img_021-MaxIP-Stitched_unmixed_rotated.nd2","Layer 1","dACC_v17_ FISH-IF v2.4.4","1820","7749","7774","5332","5360","0","0","0","0","1","1","1832.3002","0","393.0112","0","0","0","0","0","0","0","0","0","0","0","0","0","0","0","0","0","0","0","0","100.80771","69.8289","30.978807","25.74578","0.854047"
"D:\HAA\dACC revisions\Run 4\Br6471_dACC_20x_img_021-MaxIP-Stitched_unmixed_rotated.nd2","Layer 1","dACC_v17_ FISH-IF v2.4.4","1821","7826","7846","5343","5366","0","0","0","0","1","1","1164.2523","0","279.58032","0","0","0","0","0","0","0","0","0","0","0","0","0","0","0","0","0","0","0","0","69.87493","54.730762","15.144172","16.734756","0.906878"
"D:\HAA\dACC revisions\Run 4\Br6471_dACC_20x_img_021-MaxIP-Stitched_unmixed_rotated.nd2","Layer 1","dACC_v17_ FISH-IF v2.4.4","1822","7812","7826","5344","5362","0","0","0","0","1","1","781.6585","0","276.81177","0","0","0","0","0","0","0","0","0","0","0","0","0","0","0","0","0","0","0","0","39.72468","35.950146","3.774535","8.15283","0.724084"
"D:\HAA\dACC revisions\Run 4\Br6471_dACC_20x_img_021-MaxIP-Stitched_unmixed_rotated.nd2","Layer 1","dACC_v17_ FISH-IF v2.4.4","1823","7785","7819","5351","5389","0","0","0","0","1","1","1613.819","0","448.60895","0","0","0","0","0","0","0","0","0","0","0","0","0","0","0","0","0","0","0","0","147.1148","79.21921","67.89561","45.269665","0.580426"
"D:\HAA\dACC revisions\Run 4\Br6471_dACC_20x_img_021-MaxIP-Stitched_unmixed_rotated.nd2","Layer 1","dACC_v17_ FISH-IF v2.4.4","1824","7741","7757","5358","5376","0","0","0","0","1","1","640.5548","0","209.725","0","0","0","0","0","0","0","0","0","0","0","0","0","0","0","0","0","0","0","0","45.386486","38.66597","6.720514","12.014698","0.742021"
"D:\HAA\dACC revisions\Run 4\Br6471_dACC_20x_img_021-MaxIP-Stitched_unmixed_rotated.nd2","Layer 1","dACC_v17_ FISH-IF v2.4.4","1825","7757","7778","5359","5388","0","0","0","0","1","1","1415.9734","0","307.5504","0","0","0","0","0","0","0","0","0","0","0","0","0","0","0","1","0.368247","0","253.81448","424.15384","87.504776","68.494","19.010769","22.527557","0.602148"
"D:\HAA\dACC revisions\Run 4\Br6471_dACC_20x_img_021-MaxIP-Stitched_unmixed_rotated.nd2","Layer 1","dACC_v17_ FISH-IF v2.4.4","1826","7727","7743","5359","5378","0","0","0","0","1","1","449.281","0","181.67403","0","0","0","0","0","0","0","0","0","0","0","0","0","0","0","0","0","0","0","0","43.13097","37.56123","5.569741","10.298312","0.815213"
"D:\HAA\dACC revisions\Run 4\Br6471_dACC_20x_img_021-MaxIP-Stitched_unmixed_rotated.nd2","Layer 1","dACC_v17_ FISH-IF v2.4.4","1827","7806","7828","5375","5398","0","0","0","0","1","1","1469.575","0","345.84335","0","0","0","0","0","0","0","0","0","0","0","0","0","0","0","0","0","0","0","0","55.65138","32.912106","22.739273","22.31301","0.830799"
"D:\HAA\dACC revisions\Run 4\Br6471_dACC_20x_img_021-MaxIP-Stitched_unmixed_rotated.nd2","Layer 1","dACC_v17_ FISH-IF v2.4.4","1828","7791","7821","5389","5414","0","0","0","0","1","1","1600.0172","0","358.98532","0","0","0","0","0","0","0","0","0","0","0","0","0","0","0","0","0","0","0","0","103.33941","65.916275","37.423138","27.247618","0.852965"
"D:\HAA\dACC revisions\Run 4\Br6471_dACC_20x_img_021-MaxIP-Stitched_unmixed_rotated.nd2","Layer 1","dACC_v17_ FISH-IF v2.4.4","1829","7768","7791","5443","5464","0","0","0","0","1","1","1177.75","0","304.73236","0","0","0","0","0","0","0","0","0","0","0","0","0","0","0","0","0","0","0","0","69.59875","57.446587","12.152163","15.447468","0.829376"
"D:\HAA\dACC revisions\Run 4\Br6471_dACC_20x_img_021-MaxIP-Stitched_unmixed_rotated.nd2","Layer 1","dACC_v17_ FISH-IF v2.4.4","1830","7517","7535","5453","5472","0","0","0","0","1","1","440.6111","0","118.516525","1","0.920618","0","774.51624","841.3","0","0","0","0","0","0","0","0","0","0","0","0","0","0","0","49.529266","44.55793","4.971339","9.44012","0.874039"
"D:\HAA\dACC revisions\Run 4\Br6471_dACC_20x_img_021-MaxIP-Stitched_unmixed_rotated.nd2","Layer 1","dACC_v17_ FISH-IF v2.4.4","1831","7791","7815","5460","5489","0","0","0","0","1","1","1273.781","0","253.47145","0","0","0","0","0","0","0","0","0","0","0","0","0","0","0","0","0","0","0","0","101.6823","74.98437","26.697931","23.171202","0.778382"
"D:\HAA\dACC revisions\Run 4\Br6471_dACC_20x_img_021-MaxIP-Stitched_unmixed_rotated.nd2","Layer 1","dACC_v17_ FISH-IF v2.4.4","1832","7818","7846","5466","5496","0","0","0","0","1","1","1646.9929","0","264.90762","0","0","0","0","0","0","0","0","0","0","0","0","0","0","0","0","0","0","0","0","123.50095","84.69689","38.80406","27.462166","0.851215"
"D:\HAA\dACC revisions\Run 4\Br6471_dACC_20x_img_021-MaxIP-Stitched_unmixed_rotated.nd2","Layer 1","dACC_v17_ FISH-IF v2.4.4","1833","7514","7536","5481","5506","0","0","0","0","1","1","1354.8251","0","233.4248","0","0","0","0","0","0","0","0","0","0","0","0","0","0","0","0","0","0","0","0","78.52875","62.74014","15.788605","17.163853","0.804909"
"D:\HAA\dACC revisions\Run 4\Br6471_dACC_20x_img_021-MaxIP-Stitched_unmixed_rotated.nd2","Layer 1","dACC_v17_ FISH-IF v2.4.4","1834","7477","7503","5488","5517","0","0","0","0","1","1","2029.1624","0","354.04355","0","0","0","0","0","0","0","0","0","0","0","0","0","0","0","0","0","0","0","0","103.89178","71.85426","32.037518","24.887589","0.886967"
"D:\HAA\dACC revisions\Run 4\Br6471_dACC_20x_img_021-MaxIP-Stitched_unmixed_rotated.nd2","Layer 1","dACC_v17_ FISH-IF v2.4.4","1835","7490","7526","5503","5535","0","0","0","0","1","1","1114.6821","0","283.34607","0","0","0","0","0","0","0","0","0","0","0","0","0","0","0","0","0","0","0","0","161.33836","97.63158","63.70679","36.044094","0.838186"
"D:\HAA\dACC revisions\Run 4\Br6471_dACC_20x_img_021-MaxIP-Stitched_unmixed_rotated.nd2","Layer 1","dACC_v17_ FISH-IF v2.4.4","1836","7598","7629","5512","5541","0","0","0","0","1","1","1092.4617","0","240.27255","0","0","0","0","0","0","0","0","0","0","0","0","0","0","0","0","0","0","0","0","120.64703","74.47803","46.16901","31.109486","0.837579"
"D:\HAA\dACC revisions\Run 4\Br6471_dACC_20x_img_021-MaxIP-Stitched_unmixed_rotated.nd2","Layer 1","dACC_v17_ FISH-IF v2.4.4","1837","7619","7641","5524","5548","0","0","0","0","1","1","1380.5547","0","237.89873","0","0","0","0","0","0","0","0","0","0","0","0","0","0","0","0","0","0","0","0","64.48932","46.813442","17.675873","20.382076","0.722181"
"D:\HAA\dACC revisions\Run 4\Br6471_dACC_20x_img_021-MaxIP-Stitched_unmixed_rotated.nd2","Layer 1","dACC_v17_ FISH-IF v2.4.4","1838","7673","7703","5536","5564","0","0","0","0","1","1","1555.6389","0","250.76949","0","0","0","0","0","0","0","0","0","0","0","0","0","0","0","0","0","0","0","0","124.329506","85.06513","39.264374","27.462166","0.834458"
"D:\HAA\dACC revisions\Run 4\Br6471_dACC_20x_img_021-MaxIP-Stitched_unmixed_rotated.nd2","Layer 1","dACC_v17_ FISH-IF v2.4.4","1839","7833","7862","5555","5589","0","0","0","0","1","1","1911.7721","0","477.01184","0","0","0","0","0","0","0","0","0","0","0","0","0","0","0","0","0","0","0","0","148.67987","97.171265","51.5086","32.182224","0.800599"
"D:\HAA\dACC revisions\Run 4\Br6471_dACC_20x_img_021-MaxIP-Stitched_unmixed_rotated.nd2","Layer 1","dACC_v17_ FISH-IF v2.4.4","1840","7776","7803","5561","5589","0","0","0","0","1","1","1700.5276","0","295.31326","0","0","0","0","0","0","0","0","0","0","0","0","0","0","0","0","0","0","0","0","109.69167","78.02241","31.669271","24.458492","0.913804"
"D:\HAA\dACC revisions\Run 4\Br6471_dACC_20x_img_021-MaxIP-Stitched_unmixed_rotated.nd2","Layer 1","dACC_v17_ FISH-IF v2.4.4","1841","7648","7668","5563","5582","0","0","0","0","1","1","890.5595","0","150.516","0","0","0","0","0","0","0","0","0","0","0","0","0","0","0","0","0","0","0","0","58.044987","50.311794","7.733194","11.585601","0.825684"
"D:\HAA\dACC revisions\Run 4\Br6471_dACC_20x_img_021-MaxIP-Stitched_unmixed_rotated.nd2","Layer 1","dACC_v17_ FISH-IF v2.4.4","1842","7622","7644","5591","5612","0","0","0","0","1","1","1184.7769","0","213.54657","0","0","0","0","0","0","0","0","0","0","0","0","0","0","0","0","0","0","0","0","67.89561","56.341843","11.553761","14.589275","0.836942"
"D:\HAA\dACC revisions\Run 4\Br6471_dACC_20x_img_021-MaxIP-Stitched_unmixed_rotated.nd2","Layer 1","dACC_v17_ FISH-IF v2.4.4","1843","7830","7853","5595","5616","0","0","0","0","1","1","781.7215","0","200.50388","0","0","0","0","0","0","0","0","0","0","0","0","0","0","0","0","0","0","0","0","73.005035","59.287823","13.717214","16.30566","0.830269"
"D:\HAA\dACC revisions\Run 4\Br6471_dACC_20x_img_021-MaxIP-Stitched_unmixed_rotated.nd2","Layer 1","dACC_v17_ FISH-IF v2.4.4","1844","7578","7609","5612","5639","0","0","0","0","1","1","1712.751","0","298.96725","0","0","0","0","0","0","0","0","0","0","0","0","0","0","0","0","0","0","0","0","120.04863","82.90168","37.14695","27.462166","0.842027"
"D:\HAA\dACC revisions\Run 4\Br6471_dACC_20x_img_021-MaxIP-Stitched_unmixed_rotated.nd2","Layer 1","dACC_v17_ FISH-IF v2.4.4","1845","7806","7828","5617","5641","0","0","0","0","1","1","1249.3849","0","307.90277","0","0","0","0","0","0","0","0","0","0","0","0","0","0","0","0","0","0","0","0","79.3573","62.970295","16.387007","17.59295","0.818826"
"D:\HAA\dACC revisions\Run 4\Br6471_dACC_20x_img_021-MaxIP-Stitched_unmixed_rotated.nd2","Layer 1","dACC_v17_ FISH-IF v2.4.4","1846","7573","7600","5640","5661","0","0","0","0","1","1","1515.6799","0","238.17844","0","0","0","0","0","0","0","0","0","0","0","0","0","0","0","0","0","0","0","0","77.884315","59.33385","18.550459","20.167528","0.688173"
"D:\HAA\dACC revisions\Run 4\Br6471_dACC_20x_img_021-MaxIP-Stitched_unmixed_rotated.nd2","Layer 1","dACC_v17_ FISH-IF v2.4.4","1847","7588","7616","5652","5682","0","0","0","0","1","1","1623.99","0","337.09506","0","0","0","0","0","0","0","0","0","0","0","0","0","0","0","0","0","0","0","0","97.26333","60.530655","36.732674","29.607647","0.661837"
"D:\HAA\dACC revisions\Run 4\Br6471_dACC_20x_img_021-MaxIP-Stitched_unmixed_rotated.nd2","Layer 1","dACC_v17_ FISH-IF v2.4.4","1848","7539","7564","5652","5678","0","0","0","0","1","1","1595.1465","0","252.01549","0","0","0","0","0","0","0","0","0","0","0","0","0","0","0","0","0","0","0","0","94.86972","71.30189","23.56783","21.454817","0.81142"
"D:\HAA\dACC revisions\Run 4\Br6471_dACC_20x_img_021-MaxIP-Stitched_unmixed_rotated.nd2","Layer 1","dACC_v17_ FISH-IF v2.4.4","1849","7565","7595","5663","5690","0","0","0","0","1","1","1092.448","0","274.29654","0","0","0","0","0","0","0","0","0","0","0","0","0","0","0","0","0","0","0","0","121.47559","82.119156","39.356434","27.462166","0.846322"
"D:\HAA\dACC revisions\Run 4\Br6471_dACC_20x_img_021-MaxIP-Stitched_unmixed_rotated.nd2","Layer 1","dACC_v17_ FISH-IF v2.4.4","1850","7521","7539","5665","5687","0","0","0","0","1","1","372.89633","0","122.9624","0","0","0","0","0","0","0","0","0","0","0","0","0","0","0","0","0","0","0","0","58.965607","51.416534","7.54907","12.443794","0.705552"
"D:\HAA\dACC revisions\Run 4\Br6471_dACC_20x_img_021-MaxIP-Stitched_unmixed_rotated.nd2","Layer 1","dACC_v17_ FISH-IF v2.4.4","1851","7604","7627","5672","5698","0","0","0","0","1","1","1443.9109","0","331.6815","0","0","0","0","0","0","0","0","0","0","0","0","0","0","0","0","0","0","0","0","68.81622","42.486538","26.329685","25.102137","0.6898"
"D:\HAA\dACC revisions\Run 4\Br6471_dACC_20x_img_021-MaxIP-Stitched_unmixed_rotated.nd2","Layer 1","dACC_v17_ FISH-IF v2.4.4","1852","7616","7644","5683","5705","0","0","0","0","1","1","1770.7137","0","257.28802","0","0","0","0","0","0","0","0","0","0","0","0","0","0","0","1","0.920618","0","431.3557","425.95456","81.01441","57.21643","23.797985","24.243944","0.717215"
"D:\HAA\dACC revisions\Run 4\Br6471_dACC_20x_img_021-MaxIP-Stitched_unmixed_rotated.nd2","Layer 1","dACC_v17_ FISH-IF v2.4.4","1853","7646","7676","5698","5724","0","0","0","0","1","1","1850.6858","0","307.82117","0","0","0","0","0","0","0","0","0","0","0","0","0","0","0","0","0","0","0","0","112.683685","81.33663","31.347055","25.74578","0.749358"
"D:\HAA\dACC revisions\Run 4\Br6471_dACC_20x_img_021-MaxIP-Stitched_unmixed_rotated.nd2","Layer 1","dACC_v17_ FISH-IF v2.4.4","1854","7834","7858","5712","5742","0","0","0","1","1","1","1402.8971","0","255.40872","8","20.345665","1","44742.33","2199.1086","0","0","0","0","0","0","0","0","0","0","0","0","0","0","0","106.33142","78.1605","28.170921","24.029396","0.721787"
"D:\HAA\dACC revisions\Run 4\Br6471_dACC_20x_img_021-MaxIP-Stitched_unmixed_rotated.nd2","Layer 1","dACC_v17_ FISH-IF v2.4.4","1855","7752","7781","6116","6149","0","0","0","0","1","1","1105.5791","0","238.99245","0","0","0","0","0","0","0","0","0","0","0","0","0","0","0","0","0","0","0","0","137.03404","91.32534","45.708702","30.894936","0.792522"
"D:\HAA\dACC revisions\Run 4\Br6471_dACC_20x_img_021-MaxIP-Stitched_unmixed_rotated.nd2","Layer 1","dACC_v17_ FISH-IF v2.4.4","1856","7790","7816","6134","6160","0","0","0","0","1","1","1676.5496","0","384.10165","0","0","0","0","0","0","0","0","0","0","0","0","0","0","0","0","0","0","0","0","89.4841","60.66875","28.815355","23.600298","0.890557"
"D:\HAA\dACC revisions\Run 4\Br6471_dACC_20x_img_021-MaxIP-Stitched_unmixed_rotated.nd2","Layer 1","dACC_v17_ FISH-IF v2.4.4","1857","7544","7577","6141","6174","0","0","0","0","1","1","1091.1605","0","206.26266","0","0","0","0","0","0","0","0","0","0","0","0","0","0","0","0","0","0","0","0","159.81935","99.012505","60.806843","33.89861","0.939082"
"D:\HAA\dACC revisions\Run 4\Br6471_dACC_20x_img_021-MaxIP-Stitched_unmixed_rotated.nd2","Layer 1","dACC_v17_ FISH-IF v2.4.4","1858","7586","7605","6143","6161","0","0","0","0","1","1","368.64462","0","114.56526","0","0","0","0","0","0","0","0","0","0","0","0","0","0","0","0","0","0","0","0","51.416534","45.846794","5.569741","9.869216","0.863823"
"D:\HAA\dACC revisions\Run 4\Br6471_dACC_20x_img_021-MaxIP-Stitched_unmixed_rotated.nd2","Layer 1","dACC_v17_ FISH-IF v2.4.4","1859","7805","7829","6150","6175","0","0","0","0","1","1","1514.1287","0","349.08453","0","0","0","0","0","0","0","0","0","0","0","0","0","0","0","0","0","0","0","0","90.17457","63.70679","26.467777","22.31301","0.849806"
"D:\HAA\dACC revisions\Run 4\Br6471_dACC_20x_img_021-MaxIP-Stitched_unmixed_rotated.nd2","Layer 1","dACC_v17_ FISH-IF v2.4.4","1860","7646","7679","6164","6198","0","0","0","0","1","1","1095.8978","0","191.20226","1","0.690464","0","542.1982","785.26666","0","0","0","0","0","0","0","0","0","0","0","0","0","0","0","162.5812","102.18864","60.392563","35.1859","0.765747"
"D:\HAA\dACC revisions\Run 4\Br6471_dACC_20x_img_021-MaxIP-Stitched_unmixed_rotated.nd2","Layer 1","dACC_v17_ FISH-IF v2.4.4","1861","7804","7830","6175","6201","0","0","0","0","1","1","1154.0996","0","279.16556","0","0","0","0","0","0","0","0","0","0","0","0","0","0","0","0","0","0","0","0","97.2173","69.50668","27.710613","24.029396","0.766139"
"D:\HAA\dACC revisions\Run 4\Br6471_dACC_20x_img_021-MaxIP-Stitched_unmixed_rotated.nd2","Layer 1","dACC_v17_ FISH-IF v2.4.4","1862","7781","7814","6185","6215","0","0","0","0","1","1","568.6756","0","203.16582","0","0","0","0","0","0","0","0","0","0","0","0","0","0","0","0","0","0","0","0","134.77853","90.2206","44.55793","31.75313","0.769803"
"D:\HAA\dACC revisions\Run 4\Br6471_dACC_20x_img_021-MaxIP-Stitched_unmixed_rotated.nd2","Layer 1","dACC_v17_ FISH-IF v2.4.4","1863","7602","7625","6191","6214","0","0","0","0","1","1","359.82037","0","133.97536","0","0","0","0","0","0","0","0","0","0","0","0","0","0","0","0","0","0","0","0","77.00973","61.6354","15.374327","17.163853","0.873377"
"D:\HAA\dACC revisions\Run 4\Br6471_dACC_20x_img_021-MaxIP-Stitched_unmixed_rotated.nd2","Layer 1","dACC_v17_ FISH-IF v2.4.4","1864","7770","7790","6213","6234","0","0","0","0","1","1","750.623","0","161.83823","0","0","0","0","0","0","0","0","0","0","0","0","0","0","0","1","0.552371","0","237.05922","429.16666","53.994267","42.394474","11.599792","15.447468","0.74374"
"D:\HAA\dACC revisions\Run 4\Br6471_dACC_20x_img_021-MaxIP-Stitched_unmixed_rotated.nd2","Layer 1","dACC_v17_ FISH-IF v2.4.4","1865","7761","7782","6224","6250","0","0","0","0","1","1","911.1447","0","210.54416","0","0","0","0","0","0","0","0","0","0","0","0","0","0","0","2","2.209484","0","979.3538","443.25","65.9623","48.470554","17.491749","22.742105","0.601401"
"D:\HAA\dACC revisions\Run 4\Br6471_dACC_20x_img_021-MaxIP-Stitched_unmixed_rotated.nd2","Layer 1","dACC_v17_ FISH-IF v2.4.4","1866","7745","7764","6234","6255","0","0","0","0","1","1","1283.642","0","223.03496","0","0","0","0","0","0","0","0","0","0","0","0","0","0","0","1","0.460309","0","199.91228","434.3","57.952927","47.411846","10.54108","14.160179","0.831714"
"D:\HAA\dACC revisions\Run 4\Br6471_dACC_20x_img_021-MaxIP-Stitched_unmixed_rotated.nd2","Layer 1","dACC_v17_ FISH-IF v2.4.4","1867","7806","7823","6282","6298","0","0","0","0","1","1","526.55316","0","276.66138","0","0","0","0","0","0","0","0","0","0","0","0","0","0","0","0","0","0","0","0","39.816742","37.65329","2.163453","5.578252","0.734051"
"D:\HAA\dACC revisions\Run 4\Br6471_dACC_20x_img_021-MaxIP-Stitched_unmixed_rotated.nd2","Layer 1","dACC_v17_ FISH-IF v2.4.4","1868","7787","7815","6294","6324","0","0","0","0","1","1","1202.2811","0","286.3605","0","0","0","0","0","0","0","0","0","0","0","0","0","0","0","0","0","0","0","0","123.77714","84.144516","39.63262","27.891262","0.900294"
"D:\HAA\dACC revisions\Run 4\Br6471_dACC_20x_img_021-MaxIP-Stitched_unmixed_rotated.nd2","Layer 1","dACC_v17_ FISH-IF v2.4.4","1869","7461","7494","6308","6344","0","0","0","0","1","1","1200.9271","0","220.2521","0","0","0","0","0","0","0","0","0","0","0","0","0","0","0","0","0","0","0","0","170.1763","103.89178","66.28452","36.47319","0.821124"
"D:\HAA\dACC revisions\Run 4\Br6471_dACC_20x_img_021-MaxIP-Stitched_unmixed_rotated.nd2","Layer 1","dACC_v17_ FISH-IF v2.4.4","1870","7550","7585","6316","6349","0","0","0","0","1","1","1715.9886","0","316.31064","0","0","0","0","0","0","0","0","0","0","0","0","0","0","0","0","0","0","0","0","173.5826","104.766365","68.81622","36.47319","0.870197"
"D:\HAA\dACC revisions\Run 4\Br6471_dACC_20x_img_021-MaxIP-Stitched_unmixed_rotated.nd2","Layer 1","dACC_v17_ FISH-IF v2.4.4","1871","7435","7467","6339","6364","0","0","0","0","1","1","1306.3812","0","206.38928","1","1.334897","0","1294.8037","969.9655","0","0","0","0","0","0","0","0","0","0","0","0","0","0","0","117.51693","84.19055","33.326385","27.03307","0.686479"
"D:\HAA\dACC revisions\Run 4\Br6471_dACC_20x_img_021-MaxIP-Stitched_unmixed_rotated.nd2","Layer 1","dACC_v17_ FISH-IF v2.4.4","1872","7771","7799","6372","6399","0","0","0","0","1","1","1447.2192","0","270.9425","0","0","0","0","0","0","0","0","0","0","0","0","0","0","0","0","0","0","0","0","100.80771","72.03838","28.769323","24.458492","0.746906"
"D:\HAA\dACC revisions\Run 4\Br6471_dACC_20x_img_021-MaxIP-Stitched_unmixed_rotated.nd2","Layer 1","dACC_v17_ FISH-IF v2.4.4","1873","7712","7739","6387","6412","0","0","0","0","1","1","1651.9497","0","284.644","0","0","0","0","0","0","0","0","0","0","0","0","0","0","0","0","0","0","0","0","101.95848","74.47803","27.480457","22.742105","0.872541"
"D:\HAA\dACC revisions\Run 4\Br6471_dACC_20x_img_021-MaxIP-Stitched_unmixed_rotated.nd2","Layer 1","dACC_v17_ FISH-IF v2.4.4","1874","7779","7804","6393","6417","0","0","0","0","1","1","1568.8795","0","326.911","0","0","0","0","0","0","0","0","0","0","0","0","0","0","0","0","0","0","0","0","77.74622","54.822823","22.923397","21.883913","0.783867"
"D:\HAA\dACC revisions\Run 4\Br6471_dACC_20x_img_021-MaxIP-Stitched_unmixed_rotated.nd2","Layer 1","dACC_v17_ FISH-IF v2.4.4","1875","7524","7550","6394","6419","0","0","0","1","1","1","1339.91","0","279.33926","14","26.191591","2","77064.27","2942.3286","0","0","0","0","0","0","0","0","0","0","0","0","0","0","0","92.38405","69.87493","22.509119","21.454817","0.850333"
"D:\HAA\dACC revisions\Run 4\Br6471_dACC_20x_img_021-MaxIP-Stitched_unmixed_rotated.nd2","Layer 1","dACC_v17_ FISH-IF v2.4.4","1876","7748","7774","6394","6425","0","0","0","0","1","1","1311.4952","0","262.83954","0","0","0","0","0","0","0","0","0","0","0","0","0","0","0","0","0","0","0","0","115.49157","81.75091","33.74066","25.96033","0.785678"
"D:\HAA\dACC revisions\Run 4\Br6471_dACC_20x_img_021-MaxIP-Stitched_unmixed_rotated.nd2","Layer 1","dACC_v17_ FISH-IF v2.4.4","1877","7785","7812","6407","6431","0","0","0","0","1","1","1108.4796","0","350.31586","0","0","0","0","0","0","0","0","0","0","0","0","0","0","0","0","0","0","0","0","82.993744","61.497307","21.496439","21.883913","0.741618"
"D:\HAA\dACC revisions\Run 4\Br6471_dACC_20x_img_021-MaxIP-Stitched_unmixed_rotated.nd2","Layer 1","dACC_v17_ FISH-IF v2.4.4","1878","7491","7511","6422","6447","0","0","0","0","1","1","759.0035","0","200.76384","0","0","0","0","0","2","2.209484","0","1789.2678","809.8125","0","0","0","0","0","0","0","0","0","0","73.0971","59.84019","13.256905","15.876565","0.779114"
"D:\HAA\dACC revisions\Run 4\Br6471_dACC_20x_img_021-MaxIP-Stitched_unmixed_rotated.nd2","Layer 1","dACC_v17_ FISH-IF v2.4.4","1879","7442","7465","6429","6457","0","0","0","0","1","1","1026.501","0","223.94545","3","10.356956","0","15017.219","1400.1803","0","0","0","0","0","0","0","0","0","0","0","0","0","0","0","98.22998","74.24787","23.982107","22.31301","0.727228"
"D:\HAA\dACC revisions\Run 4\Br6471_dACC_20x_img_021-MaxIP-Stitched_unmixed_rotated.nd2","Layer 1","dACC_v17_ FISH-IF v2.4.4","1880","7700","7724","6430","6451","0","0","0","0","1","1","1382.393","0","235.86702","0","0","0","0","0","0","0","0","0","0","0","0","0","0","0","0","0","0","0","0","78.25256","61.26715","16.985409","18.022047","0.777405"
"D:\HAA\dACC revisions\Run 4\Br6471_dACC_20x_img_021-MaxIP-Stitched_unmixed_rotated.nd2","Layer 1","dACC_v17_ FISH-IF v2.4.4","1881","7754","7778","6432","6460","0","0","0","0","1","1","1155.0505","0","278.69696","0","0","0","0","0","0","0","0","0","0","0","0","0","0","0","0","0","0","0","0","95.69828","72.91297","22.785305","22.31301","0.703136"
"D:\HAA\dACC revisions\Run 4\Br6471_dACC_20x_img_021-MaxIP-Stitched_unmixed_rotated.nd2","Layer 1","dACC_v17_ FISH-IF v2.4.4","1882","7808","7835","6441","6470","0","0","0","0","1","1","1062.4126","0","228.08693","0","0","0","0","0","0","0","0","0","0","0","0","0","0","0","0","0","0","0","0","107.298065","69.36859","37.929478","27.676714","0.784687"
"D:\HAA\dACC revisions\Run 4\Br6471_dACC_20x_img_021-MaxIP-Stitched_unmixed_rotated.nd2","Layer 1","dACC_v17_ FISH-IF v2.4.4","1883","7704","7726","6452","6470","0","0","0","0","1","1","837.2137","0","183.59236","0","0","0","0","0","0","0","0","0","0","0","0","0","0","0","0","0","0","0","0","62.602047","51.830814","10.771235","13.516535","0.90451"
"D:\HAA\dACC revisions\Run 4\Br6471_dACC_20x_img_021-MaxIP-Stitched_unmixed_rotated.nd2","Layer 1","dACC_v17_ FISH-IF v2.4.4","1884","7435","7462","6458","6487","1","0","1","0","1","1","852.32367","0","193.79977","1","4.464999","0","5799.389","1298.8557","9","10.449018","1","8050.4854","770.45374","2","2.117422","0","1368.9135","646.5","9","15.55845","1","10051.403","646.04144","109.69167","79.54143","30.150251","25.74578","0.748743"
"D:\HAA\dACC revisions\Run 4\Br6471_dACC_20x_img_021-MaxIP-Stitched_unmixed_rotated.nd2","Layer 1","dACC_v17_ FISH-IF v2.4.4","1885","7807","7826","6464","6488","0","0","0","0","1","1","1104.797","0","295.90308","0","0","0","0","0","0","0","0","0","0","0","0","0","0","0","0","0","0","0","0","57.124367","29.920095","27.204271","26.818521","0.556323"
"D:\HAA\dACC revisions\Run 4\Br6471_dACC_20x_img_021-MaxIP-Stitched_unmixed_rotated.nd2","Layer 1","dACC_v17_ FISH-IF v2.4.4","1886","7784","7808","6463","6484","0","0","0","0","1","1","1281.4402","0","318.28897","0","0","0","0","0","0","0","0","0","0","0","0","0","0","0","0","0","0","0","0","70.473335","40.461178","30.012157","24.887589","0.702292"
"D:\HAA\dACC revisions\Run 4\Br6471_dACC_20x_img_021-MaxIP-Stitched_unmixed_rotated.nd2","Layer 1","dACC_v17_ FISH-IF v2.4.4","1887","7566","7582","6464","6486","0","0","0","0","1","1","511.12698","0","184.32675","2","5.569741","0","6279.0312","1127.3472","0","0","0","0","0","0","0","0","0","0","0","0","0","0","0","52.429214","46.62932","5.799896","12.443794","0.527869"
"D:\HAA\dACC revisions\Run 4\Br6471_dACC_20x_img_021-MaxIP-Stitched_unmixed_rotated.nd2","Layer 1","dACC_v17_ FISH-IF v2.4.4","1888","7577","7605","6474","6503","0","0","0","1","1","1","735.937","0","193.1189","7","13.947368","1","19131.416","1371.6865","0","0","0","0","0","0","0","0","0","0","0","0","0","0","0","114.47889","80.139824","34.339066","27.462166","0.787376"
"D:\HAA\dACC revisions\Run 4\Br6471_dACC_20x_img_021-MaxIP-Stitched_unmixed_rotated.nd2","Layer 1","dACC_v17_ FISH-IF v2.4.4","1889","7769","7792","6474","6505","0","0","0","0","1","1","1142.9922","0","279.04367","0","0","0","0","0","0","0","0","0","0","0","0","0","0","0","0","0","0","0","0","100.76168","65.3639","35.397774","26.603973","0.820081"
"D:\HAA\dACC revisions\Run 4\Br6471_dACC_20x_img_021-MaxIP-Stitched_unmixed_rotated.nd2","Layer 1","dACC_v17_ FISH-IF v2.4.4","1890","7792","7812","6481","6505","0","0","0","0","1","1","1270.8428","0","358.17264","0","0","0","0","0","0","0","0","0","0","0","0","0","0","0","0","0","0","0","0","70.38127","34.66128","35.719994","26.389425","0.778208"
"D:\HAA\dACC revisions\Run 4\Br6471_dACC_20x_img_021-MaxIP-Stitched_unmixed_rotated.nd2","Layer 1","dACC_v17_ FISH-IF v2.4.4","1891","7811","7838","6479","6509","0","0","0","0","1","1","962.30414","0","265.72986","0","0","0","0","0","0","0","0","0","0","0","0","0","0","0","0","0","0","0","0","111.85513","65.087715","46.76741","29.17855","0.872036"
"D:\HAA\dACC revisions\Run 4\Br6471_dACC_20x_img_021-MaxIP-Stitched_unmixed_rotated.nd2","Layer 1","dACC_v17_ FISH-IF v2.4.4","1892","7481","7496","6520","6536","0","0","0","1","1","1","1298.1863","0","175.71085","6","13.487059","1","31015.725","2299.6655","0","0","0","0","0","1","0.690464","0","486.45474","704.5333","0","0","0","0","0","35.02953","22.923397","12.106132","15.23292","0.722656"
"D:\HAA\dACC revisions\Run 4\Br6471_dACC_20x_img_021-MaxIP-Stitched_unmixed_rotated.nd2","Layer 1","dACC_v17_ FISH-IF v2.4.4","1893","6289","6332","5717","5749","0","0","0","0","1","1","1145.4578","0","277.3827","0","0","0","0","0","0","0","0","0","0","0","0","0","0","0","0","0","0","0","0","189.14104","112.82178","76.31926","41.19325","0.756138"
"D:\HAA\dACC revisions\Run 4\Br6471_dACC_20x_img_021-MaxIP-Stitched_unmixed_rotated.nd2","Layer 1","dACC_v17_ FISH-IF v2.4.4","1894","6585","6619","5724","5759","0","0","0","0","1","1","1139.1759","0","217.79604","0","0","0","0","0","0","0","0","0","0","0","0","0","0","0","0","0","0","0","0","164.79068","102.234665","62.556015","36.47319","0.786342"
"D:\HAA\dACC revisions\Run 4\Br6471_dACC_20x_img_021-MaxIP-Stitched_unmixed_rotated.nd2","Layer 1","dACC_v17_ FISH-IF v2.4.4","1895","6488","6526","5755","5789","1","0","0","0","1","1","1253.842","0","230.54106","1","0.828557","0","660.8198","797.55554","7","10.54108","1","7923.21","751.65063","0","0","0","0","0","0","0","0","0","0","172.1096","104.8124","67.2972","38.833218","0.805381"
"D:\HAA\dACC revisions\Run 4\Br6471_dACC_20x_img_021-MaxIP-Stitched_unmixed_rotated.nd2","Layer 1","dACC_v17_ FISH-IF v2.4.4","1896","6371","6406","5774","5812","1","0","0","0","1","1","1061.027","0","258.17044","0","0","0","0","0","21","30.932777","3","35701.395","1130.6064","3","3.774535","0","2923.3774","774.5","1","0.920618","0","418.83533","454.95","175.60796","107.48219","68.125755","39.476864","0.798081"
"D:\HAA\dACC revisions\Run 4\Br6471_dACC_20x_img_021-MaxIP-Stitched_unmixed_rotated.nd2","Layer 1","dACC_v17_ FISH-IF v2.4.4","1897","6300","6331","5795","5824","0","0","0","0","1","1","2117.195","0","271.86853","0","0","0","0","0","0","0","0","0","0","0","0","0","0","0","0","0","0","0","0","129.16275","87.182556","41.980198","29.17855","0.847584"
"D:\HAA\dACC revisions\Run 4\Br6471_dACC_20x_img_021-MaxIP-Stitched_unmixed_rotated.nd2","Layer 1","dACC_v17_ FISH-IF v2.4.4","1898","6480","6500","5815","5835","0","0","0","0","1","1","1085.4916","0","186.64409","2","4.971339","0","5356.0654","1077.3889","0","0","0","0","0","0","0","0","0","0","1","0.414278","0","186.47125","450.1111","59.19576","50.956226","8.239534","12.014698","0.87391"
"D:\HAA\dACC revisions\Run 4\Br6471_dACC_20x_img_021-MaxIP-Stitched_unmixed_rotated.nd2","Layer 1","dACC_v17_ FISH-IF v2.4.4","1899","6541","6566","5817","5840","0","0","0","0","1","1","1572.1307","0","258.74802","0","0","0","0","0","0","0","0","0","0","0","0","0","0","0","0","0","0","0","0","80.646164","63.75282","16.893347","18.88024","0.80443"
"D:\HAA\dACC revisions\Run 4\Br6471_dACC_20x_img_021-MaxIP-Stitched_unmixed_rotated.nd2","Layer 1","dACC_v17_ FISH-IF v2.4.4","1900","6279","6301","5844","5866","0","0","0","0","1","1","1469.303","0","210.01213","0","0","0","0","0","0","0","0","0","0","0","0","0","0","0","0","0","0","0","0","69.04638","56.894215","12.152163","15.447468","0.90753"
"D:\HAA\dACC revisions\Run 4\Br6471_dACC_20x_img_021-MaxIP-Stitched_unmixed_rotated.nd2","Layer 1","dACC_v17_ FISH-IF v2.4.4","1901","6447","6488","5857","5887","1","1","0","0","1","1","1249.0693","0","259.07773","0","0","0","0","0","21","39.63262","3","43378.8","1094.5227","4","4.280875","1","2788.1848","651.3118","1","0.414278","0","176.43651","425.8889","174.68733","108.955185","65.73215","38.61867","0.674232"
"D:\HAA\dACC revisions\Run 4\Br6471_dACC_20x_img_021-MaxIP-Stitched_unmixed_rotated.nd2","Layer 1","dACC_v17_ FISH-IF v2.4.4","1902","6358","6396","5859","5895","0","0","0","0","1","1","933.11774","0","229.9489","0","0","0","0","0","0","0","0","0","0","0","0","0","0","0","0","0","0","0","0","194.66475","115.30745","79.3573","40.764153","0.74592"
"D:\HAA\dACC revisions\Run 4\Br6471_dACC_20x_img_021-MaxIP-Stitched_unmixed_rotated.nd2","Layer 1","dACC_v17_ FISH-IF v2.4.4","1903","6541","6569","5876","5902","0","0","0","0","1","1","2680.8547","0","353.96686","0","0","0","0","0","0","0","0","0","0","0","0","0","0","0","0","0","0","0","0","105.410805","74.98437","30.426437","24.458492","0.875626"
"D:\HAA\dACC revisions\Run 4\Br6471_dACC_20x_img_021-MaxIP-Stitched_unmixed_rotated.nd2","Layer 1","dACC_v17_ FISH-IF v2.4.4","1904","6567","6608","5880","5912","0","0","0","0","1","1","1298.2019","0","237.2271","0","0","0","0","0","0","0","0","0","0","0","0","0","0","0","0","0","0","0","0","189.73944","111.0726","78.66684","40.335056","0.785002"
"D:\HAA\dACC revisions\Run 4\Br6471_dACC_20x_img_021-MaxIP-Stitched_unmixed_rotated.nd2","Layer 1","dACC_v17_ FISH-IF v2.4.4","1905","6489","6509","5905","5924","0","0","0","0","1","1","736.4085","0","142.2964","0","0","0","0","0","0","0","0","0","0","0","0","0","0","0","0","0","0","0","0","57.400555","49.851482","7.54907","11.156505","0.889416"
"D:\HAA\dACC revisions\Run 4\Br6471_dACC_20x_img_021-MaxIP-Stitched_unmixed_rotated.nd2","Layer 1","dACC_v17_ FISH-IF v2.4.4","1906","6352","6373","5908","5934","1","0","0","0","1","1","872.10785","0","199.64354","0","0","0","0","0","6","8.193503","1","7773.379","943.42456","1","0.50634","0","344.40332","680.1818","0","0","0","0","0","78.80493","63.016327","15.788605","17.59295","0.775149"
"D:\HAA\dACC revisions\Run 4\Br6471_dACC_20x_img_021-MaxIP-Stitched_unmixed_rotated.nd2","Layer 1","dACC_v17_ FISH-IF v2.4.4","1907","6467","6503","5969","5998","1","1","0","0","1","1","1496.1449","0","232.0849","1","1.01268","0","1034.775","1021.8182","27","44.834114","3","71170.98","1587.4292","18","20.253603","3","16165.138","798.13635","1","0.460309","0","199.6361","433.7","152.77661","98.13792","54.6387","33.89861","0.753058"
"D:\HAA\dACC revisions\Run 4\Br6471_dACC_20x_img_021-MaxIP-Stitched_unmixed_rotated.nd2","Layer 1","dACC_v17_ FISH-IF v2.4.4","1908","6386","6418","6018","6047","0","0","0","1","1","1","1874.5406","0","433.06262","27","48.838802","3","146969.62","3009.28","0","0","0","0","0","0","0","0","0","0","0","0","0","0","0","133.2595","91.87771","41.381794","30.894936","0.666087"
"D:\HAA\dACC revisions\Run 4\Br6471_dACC_20x_img_021-MaxIP-Stitched_unmixed_rotated.nd2","Layer 1","dACC_v17_ FISH-IF v2.4.4","1909","6311","6330","6019","6037","0","0","0","0","1","1","576.7083","0","120.98191","1","0.644433","0","451.51727","700.6429","0","0","0","0","0","0","0","0","0","0","0","0","0","0","0","51.324474","45.800762","5.52371","9.44012","0.876966"
"D:\HAA\dACC revisions\Run 4\Br6471_dACC_20x_img_021-MaxIP-Stitched_unmixed_rotated.nd2","Layer 1","dACC_v17_ FISH-IF v2.4.4","1910","6468","6487","6056","6075","0","0","0","0","1","1","539.5349","0","138.58325","0","0","0","0","0","0","0","0","0","0","0","0","0","0","0","0","0","0","0","0","52.65937","46.721382","5.937988","10.727408","0.837936"
"D:\HAA\dACC revisions\Run 4\Br6471_dACC_20x_img_021-MaxIP-Stitched_unmixed_rotated.nd2","Layer 1","dACC_v17_ FISH-IF v2.4.4","1911","6447","6465","6072","6092","0","0","0","0","1","1","451.25546","0","124.55169","0","0","0","0","0","0","0","0","0","0","0","0","0","0","0","0","0","0","0","0","53.948235","47.642","6.306236","10.298312","0.817839"
"D:\HAA\dACC revisions\Run 4\Br6471_dACC_20x_img_021-MaxIP-Stitched_unmixed_rotated.nd2","Layer 1","dACC_v17_ FISH-IF v2.4.4","1912","6564","6593","6082","6106","0","0","0","0","1","1","2019.0151","0","259.3874","0","0","0","0","0","0","0","0","0","0","0","0","0","0","0","0","0","0","0","0","103.98384","76.64148","27.342365","23.171202","0.780107"
"D:\HAA\dACC revisions\Run 4\Br6471_dACC_20x_img_021-MaxIP-Stitched_unmixed_rotated.nd2","Layer 1","dACC_v17_ FISH-IF v2.4.4","1913","6528","6553","6088","6117","0","0","0","0","1","1","2796.0742","0","386.8273","0","0","0","0","0","0","0","0","0","0","0","0","0","0","0","0","0","0","0","0","104.766365","76.227196","28.53917","24.029396","0.798216"
"D:\HAA\dACC revisions\Run 4\Br6471_dACC_20x_img_021-MaxIP-Stitched_unmixed_rotated.nd2","Layer 1","dACC_v17_ FISH-IF v2.4.4","1914","6482","6515","6091","6120","0","0","0","0","1","1","1219.8467","0","298.8617","0","0","0","0","0","0","0","0","0","0","0","0","0","0","0","0","0","0","0","0","136.3896","86.538124","49.851482","31.967678","0.854169"
"D:\HAA\dACC revisions\Run 4\Br6471_dACC_20x_img_021-MaxIP-Stitched_unmixed_rotated.nd2","Layer 1","dACC_v17_ FISH-IF v2.4.4","1915","6298","6323","6109","6132","0","0","0","0","1","1","758.41595","0","199.48119","0","0","0","0","0","0","0","0","0","0","0","0","0","0","0","0","0","0","0","0","80.46204","64.85756","15.604481","19.309336","0.681745"
"D:\HAA\dACC revisions\Run 4\Br6471_dACC_20x_img_021-MaxIP-Stitched_unmixed_rotated.nd2","Layer 1","dACC_v17_ FISH-IF v2.4.4","1916","6493","6514","6118","6134","0","0","0","0","1","1","1145.0222","0","198.16228","0","0","0","0","0","0","0","0","0","0","0","0","0","0","0","0","0","0","0","0","48.19437","41.980198","6.214174","11.156505","0.79938"
"D:\HAA\dACC revisions\Run 4\Br6471_dACC_20x_img_021-MaxIP-Stitched_unmixed_rotated.nd2","Layer 1","dACC_v17_ FISH-IF v2.4.4","1917","4615","4643","6121","6150","0","0","0","0","1","1","2508.5957","0","346.27267","0","0","0","0","0","0","0","0","0","0","0","0","0","0","0","0","0","0","0","0","110.29008","76.13514","34.15494","25.74578","0.863679"
"D:\HAA\dACC revisions\Run 4\Br6471_dACC_20x_img_021-MaxIP-Stitched_unmixed_rotated.nd2","Layer 1","dACC_v17_ FISH-IF v2.4.4","1918","4557","4592","6136","6168","0","1","0","0","1","1","1491.0151","0","250.70769","0","0","0","0","0","0","0","0","0","0","21","19.010769","3","21265.87","1118.6223","0","0","0","0","0","159.35904","98.73632","60.62272","35.1859","0.880225"
"D:\HAA\dACC revisions\Run 4\Br6471_dACC_20x_img_021-MaxIP-Stitched_unmixed_rotated.nd2","Layer 1","dACC_v17_ FISH-IF v2.4.4","1919","4475","4507","6139","6168","0","1","1","0","1","1","1666.7876","0","245.47989","0","0","0","0","0","1","0.736495","0","550.5298","747.5","32","25.54716","4","33235.383","1300.9424","14","27.664581","2","19173.35","693.0649","136.43564","83.54611","52.889523","32.182224","0.866321"
"D:\HAA\dACC revisions\Run 4\Br6471_dACC_20x_img_021-MaxIP-Stitched_unmixed_rotated.nd2","Layer 1","dACC_v17_ FISH-IF v2.4.4","1920","4626","4652","6145","6171","0","0","0","0","1","1","1793.9536","0","282.9504","0","0","0","0","0","0","0","0","0","0","0","0","0","0","0","0","0","0","0","0","95.42209","69.59875","25.823345","22.742105","0.811237"
"D:\HAA\dACC revisions\Run 4\Br6471_dACC_20x_img_021-MaxIP-Stitched_unmixed_rotated.nd2","Layer 1","dACC_v17_ FISH-IF v2.4.4","1921","4478","4499","6167","6185","0","1","0","0","1","1","1398.8375","0","262.73737","0","0","0","0","0","0","0","0","0","0","6","5.477679","1","5736.373","1047.2269","0","0","0","0","0","56.618027","45.57061","11.047421","15.018372","0.73444"
"D:\HAA\dACC revisions\Run 4\Br6471_dACC_20x_img_021-MaxIP-Stitched_unmixed_rotated.nd2","Layer 1","dACC_v17_ FISH-IF v2.4.4","1922","4254","4285","6163","6194","0","0","0","0","1","1","2182.9465","0","316.53143","0","0","0","0","0","0","0","0","0","0","0","0","0","0","0","0","0","0","0","0","133.3976","88.60952","44.788082","30.251291","0.892009"
"D:\HAA\dACC revisions\Run 4\Br6471_dACC_20x_img_021-MaxIP-Stitched_unmixed_rotated.nd2","Layer 1","dACC_v17_ FISH-IF v2.4.4","1923","4607","4633","6163","6191","0","1","0","0","1","1","755.4355","0","166.83244","0","0","0","0","0","1","1.749175","0","1387.6941","793.3421","10","8.239534","2","9036.237","1096.6927","0","0","0","0","0","108.35678","78.02241","30.334375","23.814846","0.820105"
"D:\HAA\dACC revisions\Run 4\Br6471_dACC_20x_img_021-MaxIP-Stitched_unmixed_rotated.nd2","Layer 1","dACC_v17_ FISH-IF v2.4.4","1924","4565","4586","6167","6191","0","0","0","0","1","1","880.6899","0","182.89095","0","0","0","0","0","0","0","0","0","0","0","0","0","0","0","0","0","0","0","0","76.59544","62.049675","14.54577","17.163853","0.731725"
"D:\HAA\dACC revisions\Run 4\Br6471_dACC_20x_img_021-MaxIP-Stitched_unmixed_rotated.nd2","Layer 1","dACC_v17_ FISH-IF v2.4.4","1925","4590","4617","6222","6253","0","0","0","0","1","1","2274.0684","0","338.8566","0","0","0","0","0","0","0","0","0","0","0","0","0","0","0","0","0","0","0","0","122.810486","84.4207","38.389786","27.891262","0.820234"
"D:\HAA\dACC revisions\Run 4\Br6471_dACC_20x_img_021-MaxIP-Stitched_unmixed_rotated.nd2","Layer 1","dACC_v17_ FISH-IF v2.4.4","1926","4272","4308","6246","6267","0","1","0","0","1","1","758.37695","0","212.75787","0","0","0","0","0","0","0","0","0","0","4","3.728504","1","2753.5696","738.5185","2","6.904638","0","3690.2986","534.4667","100.715645","51.14035","49.5753","34.11316","0.671263"
"D:\HAA\dACC revisions\Run 4\Br6471_dACC_20x_img_021-MaxIP-Stitched_unmixed_rotated.nd2","Layer 1","dACC_v17_ FISH-IF v2.4.4","1927","4296","4315","6254","6279","0","0","0","0","1","1","731.24194","0","287.7984","0","0","0","0","0","0","0","0","0","0","2","2.02536","0","1408.6842","695.5227","2","0.874587","0","804.8506","472.56757","51.830814","28.999477","22.831335","24.029396","0.721095"
"D:\HAA\dACC revisions\Run 4\Br6471_dACC_20x_img_021-MaxIP-Stitched_unmixed_rotated.nd2","Layer 1","dACC_v17_ FISH-IF v2.4.4","1928","4271","4293","6267","6289","0","0","0","0","1","1","642.0969","0","207.53699","0","0","0","0","0","0","0","0","0","0","1","0.690464","0","461.13773","667.86664","1","2.48567","0","1183.9612","476.31482","68.86225","36.088238","32.774014","25.74578","0.683865"
"D:\HAA\dACC revisions\Run 4\Br6471_dACC_20x_img_021-MaxIP-Stitched_unmixed_rotated.nd2","Layer 1","dACC_v17_ FISH-IF v2.4.4","1929","4293","4309","6268","6289","0","0","0","0","1","1","694.9291","0","241.981","0","0","0","0","0","0","0","0","0","0","1","1.196804","0","748.1865","625.1539","1","2.807886","0","1476.7639","525.93445","39.494526","19.379017","20.11551","21.454817","0.735682"
"D:\HAA\dACC revisions\Run 4\Br6471_dACC_20x_img_021-MaxIP-Stitched_unmixed_rotated.nd2","Layer 1","dACC_v17_ FISH-IF v2.4.4","1930","4432","4473","6277","6324","0","0","1","0","1","1","785.04","0","230.18362","0","0","0","0","0","0","0","0","0","0","1","0.874587","0","637.0679","728.4211","7","6.996699","1","3474.6438","496.61185","251.09865","137.1261","113.97255","52.77885","0.691485"
"D:\HAA\dACC revisions\Run 4\Br6471_dACC_20x_img_021-MaxIP-Stitched_unmixed_rotated.nd2","Layer 1","dACC_v17_ FISH-IF v2.4.4","1931","4560","4587","6296","6319","0","0","0","0","1","1","1274.3014","0","210.40639","0","0","0","0","0","0","0","0","0","0","0","0","0","0","0","0","0","0","0","0","93.16658","70.5654","22.601181","20.167528","0.80359"
"D:\HAA\dACC revisions\Run 4\Br6471_dACC_20x_img_021-MaxIP-Stitched_unmixed_rotated.nd2","Layer 1","dACC_v17_ FISH-IF v2.4.4","1932","4275","4305","6303","6335","0","0","0","0","1","1","1696.3613","0","259.19254","0","0","0","0","0","0","0","0","0","0","0","0","0","0","0","0","0","0","0","0","133.02936","88.70158","44.327774","30.251291","0.857037"
"D:\HAA\dACC revisions\Run 4\Br6471_dACC_20x_img_021-MaxIP-Stitched_unmixed_rotated.nd2","Layer 1","dACC_v17_ FISH-IF v2.4.4","1933","4476","4505","6315","6342","0","0","0","0","1","1","2383.2466","0","667.15607","0","0","0","0","0","0","0","0","0","0","0","0","0","0","0","0","0","0","0","0","111.8091","70.19715","41.61195","30.036743","0.733362"
"D:\HAA\dACC revisions\Run 4\Br6471_dACC_20x_img_021-MaxIP-Stitched_unmixed_rotated.nd2","Layer 1","dACC_v17_ FISH-IF v2.4.4","1934","4357","4375","6322","6340","0","0","0","0","1","1","417.36792","0","117.36373","0","0","0","0","0","0","0","0","0","0","0","0","0","0","0","0","0","0","0","0","49.299114","44.419834","4.879277","9.225572","0.854406"
"D:\HAA\dACC revisions\Run 4\Br6471_dACC_20x_img_021-MaxIP-Stitched_unmixed_rotated.nd2","Layer 1","dACC_v17_ FISH-IF v2.4.4","1935","4471","4501","6339","6365","0","0","0","0","1","1","1903.62","0","468.78616","0","0","0","0","0","0","0","0","0","0","0","0","0","0","0","0","0","0","0","0","107.25204","67.15911","40.09293","29.607647","0.695209"
"D:\HAA\dACC revisions\Run 4\Br6471_dACC_20x_img_021-MaxIP-Stitched_unmixed_rotated.nd2","Layer 1","dACC_v17_ FISH-IF v2.4.4","1936","4464","4490","6376","6403","0","0","0","0","1","1","2221.1653","0","325.22925","0","0","0","0","0","0","0","0","0","0","0","0","0","0","0","0","0","0","0","0","81.33663","53.211742","28.124891","25.316685","0.796736"
"D:\HAA\dACC revisions\Run 4\Br6471_dACC_20x_img_021-MaxIP-Stitched_unmixed_rotated.nd2","Layer 1","dACC_v17_ FISH-IF v2.4.4","1937","4568","4593","6381","6403","0","0","0","0","1","1","1350.8684","0","236","0","0","0","0","0","0","0","0","0","0","0","0","0","0","0","0","0","0","0","0","79.587456","63.844883","15.742574","18.022047","0.74282"
"D:\HAA\dACC revisions\Run 4\Br6471_dACC_20x_img_021-MaxIP-Stitched_unmixed_rotated.nd2","Layer 1","dACC_v17_ FISH-IF v2.4.4","1938","4455","4478","6385","6414","0","0","0","0","1","1","2410.4326","0","320.85083","0","0","0","0","0","0","0","0","0","0","0","0","0","0","0","0","0","0","0","0","79.17318","52.15303","27.02015","24.887589","0.755081"
"D:\HAA\dACC revisions\Run 4\Br6471_dACC_20x_img_021-MaxIP-Stitched_unmixed_rotated.nd2","Layer 1","dACC_v17_ FISH-IF v2.4.4","1939","4363","4384","6402","6422","0","0","0","0","1","1","843.35596","0","156.14696","3","4.234844","0","3412.088","805.7174","0","0","0","0","0","0","0","0","0","0","0","0","0","0","0","59.517975","51.370502","8.147472","12.443794","0.778778"
"D:\HAA\dACC revisions\Run 4\Br6471_dACC_20x_img_021-MaxIP-Stitched_unmixed_rotated.nd2","Layer 1","dACC_v17_ FISH-IF v2.4.4","1940","4475","4497","6415","6441","0","0","0","0","1","1","1450.0753","0","247.16595","3","9.160152","0","11377.277","1242.0402","0","0","0","0","0","0","0","0","0","0","0","0","0","0","0","80.78426","64.903595","15.880667","19.309336","0.697773"
"D:\HAA\dACC revisions\Run 4\Br6471_dACC_20x_img_021-MaxIP-Stitched_unmixed_rotated.nd2","Layer 1","dACC_v17_ FISH-IF v2.4.4","1941","4440","4473","6420","6460","0","0","0","0","1","1","1548.0155","0","263.20914","0","0","0","0","0","0","0","0","0","0","1","1.334897","0","1091.9915","818.0345","0","0","0","0","0","162.21295","108.72503","53.487926","40.549603","0.587036"
"D:\HAA\dACC revisions\Run 4\Br6471_dACC_20x_img_021-MaxIP-Stitched_unmixed_rotated.nd2","Layer 1","dACC_v17_ FISH-IF v2.4.4","1942","4340","4367","6435","6467","0","0","0","0","1","1","1094.713","0","265.30804","0","0","0","0","0","0","0","0","0","0","0","0","0","0","0","0","0","0","0","0","126.90724","86.81431","40.09293","28.320358","0.803295"
"D:\HAA\dACC revisions\Run 4\Br6471_dACC_20x_img_021-MaxIP-Stitched_unmixed_rotated.nd2","Layer 1","dACC_v17_ FISH-IF v2.4.4","1943","4441","4473","6475","6514","0","1","1","0","1","1","663.18414","0","171.34735","0","0","0","0","0","0","0","0","0","0","6","5.845926","1","4090.9978","699.80316","45","95.42209","4","68900.83","722.06366","143.34027","76.59544","66.74483","41.19325","0.731816"
"D:\HAA\dACC revisions\Run 4\Br6471_dACC_20x_img_021-MaxIP-Stitched_unmixed_rotated.nd2","Layer 1","dACC_v17_ FISH-IF v2.4.4","1944","4433","4451","6483","6503","0","1","1","0","1","1","815.3609","0","179.87892","0","0","0","0","0","0","0","0","0","0","4","4.188814","1","3220.7373","768.89014","7","19.839325","1","11661.841","587.8144","40.415146","22.04881","18.366337","19.95298","0.721994"
"D:\HAA\dACC revisions\Run 4\Br6471_dACC_20x_img_021-MaxIP-Stitched_unmixed_rotated.nd2","Layer 1","dACC_v17_ FISH-IF v2.4.4","1945","4488","4521","6488","6518","0","1","0","0","1","1","1281.0677","0","266.77396","0","0","0","0","0","0","0","0","0","0","27","23.291645","3","25179.97","1081.0731","3","7.641132","0","4062.1365","531.61444","133.30554","81.658844","51.64669","32.182224","0.856138"
"D:\HAA\dACC revisions\Run 4\Br6471_dACC_20x_img_021-MaxIP-Stitched_unmixed_rotated.nd2","Layer 1","dACC_v17_ FISH-IF v2.4.4","1946","4410","4439","6491","6530","0","0","1","0","1","1","1633.9631","0","291.2705","0","0","0","0","0","0","0","0","0","0","1","0.966649","0","624.17926","645.7143","18","38.389786","3","24511.602","638.4928","144.44502","98.183945","46.26107","35.400448","0.62978"
"D:\HAA\dACC revisions\Run 4\Br6471_dACC_20x_img_021-MaxIP-Stitched_unmixed_rotated.nd2","Layer 1","dACC_v17_ FISH-IF v2.4.4","1947","4381","4400","6493","6519","0","0","0","0","1","1","1587.0209","0","301.7507","0","0","0","0","0","0","0","0","0","0","0","0","0","0","0","0","0","0","0","0","69.09241","49.299114","19.793295","20.167528","0.821626"
"D:\HAA\dACC revisions\Run 4\Br6471_dACC_20x_img_021-MaxIP-Stitched_unmixed_rotated.nd2","Layer 1","dACC_v17_ FISH-IF v2.4.4","1948","4436","4457","6500","6517","0","1","1","0","1","1","717.9866","0","222.69255","0","0","0","0","0","0","0","0","0","0","4","4.280875","1","4120.1353","828.7778","13","26.375715","2","17364.428","658.34906","49.5753","29.04551","20.529789","20.167528","0.686444"
"D:\HAA\dACC revisions\Run 4\Br6471_dACC_20x_img_021-MaxIP-Stitched_unmixed_rotated.nd2","Layer 1","dACC_v17_ FISH-IF v2.4.4","1949","4289","4318","6495","6516","0","0","0","0","1","1","1443.1652","0","231.87654","3","14.821956","0","20195.098","1362.5125","0","0","0","0","0","0","0","0","0","0","0","0","0","0","0","90.911064","70.84158","20.06948","20.596624","0.692014"
"D:\HAA\dACC revisions\Run 4\Br6471_dACC_20x_img_021-MaxIP-Stitched_unmixed_rotated.nd2","Layer 1","dACC_v17_ FISH-IF v2.4.4","1950","4356","4384","6495","6527","0","0","0","0","1","1","1751.0085","0","309.08716","0","0","0","0","0","0","0","0","0","0","0","0","0","0","0","0","0","0","0","0","118.98992","70.24318","48.746742","33.040417","0.74773"
"D:\HAA\dACC revisions\Run 4\Br6471_dACC_20x_img_021-MaxIP-Stitched_unmixed_rotated.nd2","Layer 1","dACC_v17_ FISH-IF v2.4.4","1951","4317","4345","6506","6542","0","0","0","0","1","1","1509.1072","0","273.24768","1","1.150773","0","1005.63745","840.2692","0","0","0","0","0","0","0","0","0","0","0","0","0","0","0","136.11342","94.04117","42.072258","32.396774","0.671532"
"D:\HAA\dACC revisions\Run 4\Br6471_dACC_20x_img_021-MaxIP-Stitched_unmixed_rotated.nd2","Layer 1","dACC_v17_ FISH-IF v2.4.4","1952","4476","4505","6508","6538","0","0","0","0","1","1","1704.575","0","281.1896","0","0","0","0","0","1","2.439639","0","2688.6199","1102.0566","3","3.406288","0","3443.9873","1011.06757","1","0.598402","0","270.43164","451.92307","122.120026","76.96369","45.15633","29.607647","0.882376"
"D:\HAA\dACC revisions\Run 4\Br6471_dACC_20x_img_021-MaxIP-Stitched_unmixed_rotated.nd2","Layer 1","dACC_v17_ FISH-IF v2.4.4","1953","4629","4652","6511","6533","0","0","0","0","1","1","1513.0217","0","222.62946","0","0","0","0","0","0","0","0","0","0","0","0","0","0","0","0","0","0","0","0","74.201836","59.379883","14.821956","16.734756","0.848835"
"D:\HAA\dACC revisions\Run 4\Br6471_dACC_20x_img_021-MaxIP-Stitched_unmixed_rotated.nd2","Layer 1","dACC_v17_ FISH-IF v2.4.4","1954","6881","6903","3739","3759","0","0","0","0","1","1","920.4597","0","168.42809","3","8.791905","0","10994.669","1250.5446","0","0","0","0","0","0","0","0","0","0","0","0","0","0","0","64.44328","54.730762","9.712523","13.731083","0.729965"
"D:\HAA\dACC revisions\Run 4\Br6471_dACC_20x_img_021-MaxIP-Stitched_unmixed_rotated.nd2","Layer 1","dACC_v17_ FISH-IF v2.4.4","1955","6983","7019","3741","3772","0","0","0","0","1","1","1597.7733","0","289.61072","1","2.899948","0","3607.7651","1244.0793","0","0","0","0","0","0","0","0","0","0","0","0","0","0","0","160.27965","98.73632","61.543335","36.47319","0.769173"
"D:\HAA\dACC revisions\Run 4\Br6471_dACC_20x_img_021-MaxIP-Stitched_unmixed_rotated.nd2","Layer 1","dACC_v17_ FISH-IF v2.4.4","1956","7016","7035","3754","3776","0","0","0","0","1","1","1085.2169","0","170.77132","3","7.364947","0","7260.0425","985.7562","0","0","0","0","0","0","0","0","0","0","0","0","0","0","0","57.81483","49.11499","8.699843","13.301987","0.730107"
"D:\HAA\dACC revisions\Run 4\Br6471_dACC_20x_img_021-MaxIP-Stitched_unmixed_rotated.nd2","Layer 1","dACC_v17_ FISH-IF v2.4.4","1957","6643","6673","3766","3799","0","0","0","0","1","1","1864.7267","0","296.5686","0","0","0","0","0","0","0","0","0","0","0","0","0","0","0","0","0","0","0","0","142.09744","91.23328","50.864162","32.182224","0.866663"
"D:\HAA\dACC revisions\Run 4\Br6471_dACC_20x_img_021-MaxIP-Stitched_unmixed_rotated.nd2","Layer 1","dACC_v17_ FISH-IF v2.4.4","1958","6701","6738","3818","3851","0","0","0","0","1","1","1582.4277","0","328.11017","1","0.736495","0","568.4818","771.875","0","0","0","0","0","0","0","0","0","0","0","0","0","0","0","161.43044","102.78704","58.64339","37.116833","0.731286"
"D:\HAA\dACC revisions\Run 4\Br6471_dACC_20x_img_021-MaxIP-Stitched_unmixed_rotated.nd2","Layer 1","dACC_v17_ FISH-IF v2.4.4","1959","7018","7047","3888","3918","0","0","0","1","1","1","1708.2697","0","343.56046","17","37.14695","3","86760.69","2292.9866","0","0","0","0","0","0","0","0","0","0","0","0","0","0","0","126.170746","86.40003","39.770714","28.320358","0.773095"
"D:\HAA\dACC revisions\Run 4\Br6471_dACC_20x_img_021-MaxIP-Stitched_unmixed_rotated.nd2","Layer 1","dACC_v17_ FISH-IF v2.4.4","1960","6886","6920","3889","3918","0","0","0","0","1","1","1679.1582","0","281.3786","0","0","0","0","0","0","0","0","0","0","0","0","0","0","0","0","0","0","0","0","145.96404","95.92843","50.035606","32.396774","0.753742"
"D:\HAA\dACC revisions\Run 4\Br6471_dACC_20x_img_021-MaxIP-Stitched_unmixed_rotated.nd2","Layer 1","dACC_v17_ FISH-IF v2.4.4","1961","6715","6743","3900","3932","0","0","0","1","1","1","1959.448","0","308.35117","17","40.415146","3","101265.07","2505.6218","0","0","0","0","0","0","0","0","0","0","0","0","0","0","0","125.342186","85.985756","39.356434","28.749454","0.771884"
"D:\HAA\dACC revisions\Run 4\Br6471_dACC_20x_img_021-MaxIP-Stitched_unmixed_rotated.nd2","Layer 1","dACC_v17_ FISH-IF v2.4.4","1962","6842","6871","3907","3934","0","0","0","0","1","1","2222.8574","0","410.66858","0","0","0","0","0","0","0","0","0","0","0","0","0","0","0","0","0","0","0","0","113.46621","79.86364","33.60257","26.174877","0.861567"
"D:\HAA\dACC revisions\Run 4\Br6471_dACC_20x_img_021-MaxIP-Stitched_unmixed_rotated.nd2","Layer 1","dACC_v17_ FISH-IF v2.4.4","1963","6942","6975","3920","3944","0","0","0","0","1","1","1340.8335","0","266.98724","0","0","0","0","0","0","0","0","0","0","0","0","0","0","0","0","0","0","0","0","122.35018","86.676216","35.67396","27.462166","0.703753"
"D:\HAA\dACC revisions\Run 4\Br6471_dACC_20x_img_021-MaxIP-Stitched_unmixed_rotated.nd2","Layer 1","dACC_v17_ FISH-IF v2.4.4","1964","6854","6878","3951","3978","0","0","0","0","1","1","1180.8058","0","189.47139","3","5.984019","0","6566.6787","1097.3693","0","0","0","0","0","0","0","0","0","0","0","0","0","0","0","95.284","71.57808","23.705923","21.454817","0.805454"
"D:\HAA\dACC revisions\Run 4\Br6471_dACC_20x_img_021-MaxIP-Stitched_unmixed_rotated.nd2","Layer 1","dACC_v17_ FISH-IF v2.4.4","1965","6987","7013","3979","4015","0","0","0","0","1","1","1810.4614","0","340.6803","1","2.715824","0","2995.6921","1103.0509","0","0","0","0","0","0","0","0","0","0","0","0","0","0","0","131.69446","92.29199","39.402466","31.324034","0.632371"
"D:\HAA\dACC revisions\Run 4\Br6471_dACC_20x_img_021-MaxIP-Stitched_unmixed_rotated.nd2","Layer 1","dACC_v17_ FISH-IF v2.4.4","1966","7003","7027","4014","4045","0","0","0","1","1","1","1861.897","0","316.76813","10","28.907415","2","64100.125","2217.4282","0","0","0","0","0","0","0","0","0","0","0","0","0","0","0","105.272705","78.02241","27.250303","24.887589","0.698951"
"D:\HAA\dACC revisions\Run 4\Br6471_dACC_20x_img_021-MaxIP-Stitched_unmixed_rotated.nd2","Layer 1","dACC_v17_ FISH-IF v2.4.4","1967","6896","6931","4033","4067","0","0","0","0","1","1","1439.9119","0","246.33527","0","0","0","0","0","0","0","0","0","0","0","0","0","0","0","0","0","0","0","0","166.58589","103.38544","63.20045","36.902287","0.792609"
"D:\HAA\dACC revisions\Run 4\Br6471_dACC_20x_img_021-MaxIP-Stitched_unmixed_rotated.nd2","Layer 1","dACC_v17_ FISH-IF v2.4.4","1968","6875","6895","4041","4064","0","0","0","0","1","1","587.10834","0","133.97818","2","8.423658","0","11794.64","1400.1803","0","0","0","0","0","0","0","0","0","0","0","0","0","0","0","67.98766","56.940247","11.047421","14.589275","0.747251"
"D:\HAA\dACC revisions\Run 4\Br6471_dACC_20x_img_021-MaxIP-Stitched_unmixed_rotated.nd2","Layer 1","dACC_v17_ FISH-IF v2.4.4","1969","7002","7031","4054","4085","0","0","0","1","1","1","2244.2942","0","462.80768","16","37.469166","3","79152.375","2112.4668","0","0","0","0","0","2","1.749175","0","1623.8326","928.3421","0","0","0","0","0","129.99132","87.59683","42.394474","29.17855","0.86059"
"D:\HAA\dACC revisions\Run 4\Br6471_dACC_20x_img_021-MaxIP-Stitched_unmixed_rotated.nd2","Layer 1","dACC_v17_ FISH-IF v2.4.4","1970","6691","6720","4068","4098","0","0","0","0","1","1","1631.7406","0","244.07591","0","0","0","0","0","1","0.598402","0","372.66632","622.7692","0","0","0","0","0","0","0","0","0","0","123.50095","84.28261","39.21834","28.320358","0.89922"
"D:\HAA\dACC revisions\Run 4\Br6471_dACC_20x_img_021-MaxIP-Stitched_unmixed_rotated.nd2","Layer 1","dACC_v17_ FISH-IF v2.4.4","1971","5872","5897","5320","5349","0","0","0","0","1","1","2087.2354","0","307.75354","0","0","0","0","0","0","0","0","0","0","0","0","0","0","0","0","0","0","0","0","108.955185","78.068436","30.886745","24.67304","0.831638"
"D:\HAA\dACC revisions\Run 4\Br6471_dACC_20x_img_021-MaxIP-Stitched_unmixed_rotated.nd2","Layer 1","dACC_v17_ FISH-IF v2.4.4","1972","6198","6222","5400","5426","0","0","0","0","1","1","562.95654","0","177.60707","0","0","0","0","0","1","1.472989","0","1526.2471","1036.1562","0","0","0","0","0","0","0","0","0","0","84.60483","50.72607","33.878754","26.603973","0.717519"
"D:\HAA\dACC revisions\Run 4\Br6471_dACC_20x_img_021-MaxIP-Stitched_unmixed_rotated.nd2","Layer 1","dACC_v17_ FISH-IF v2.4.4","1973","6184","6200","5401","5417","0","0","0","0","1","1","596.3368","0","184.01532","0","0","0","0","0","1","0.644433","0","532.16345","825.7857","0","0","0","0","0","0","0","0","0","0","34.293034","21.036129","13.256905","15.018372","0.810438"
"D:\HAA\dACC revisions\Run 4\Br6471_dACC_20x_img_021-MaxIP-Stitched_unmixed_rotated.nd2","Layer 1","dACC_v17_ FISH-IF v2.4.4","1974","6183","6211","5415","5440","0","0","0","0","1","1","717.3438","0","232.12283","1","0.598402","0","459.20444","767.38464","2","3.958659","0","3720.0806","939.73254","0","0","0","0","0","0","0","0","0","0","92.38405","55.835503","36.54855","28.534906","0.718652"
"D:\HAA\dACC revisions\Run 4\Br6471_dACC_20x_img_021-MaxIP-Stitched_unmixed_rotated.nd2","Layer 1","dACC_v17_ FISH-IF v2.4.4","1975","6056","6078","5422","5442","0","0","0","1","1","1","1065.5612","0","170.78154","4","12.888657","1","21108.443","1637.7535","0","0","0","0","0","0","0","0","0","0","0","0","0","0","0","66.74483","55.835503","10.909328","14.160179","0.800158"
"D:\HAA\dACC revisions\Run 4\Br6471_dACC_20x_img_021-MaxIP-Stitched_unmixed_rotated.nd2","Layer 1","dACC_v17_ FISH-IF v2.4.4","1976","5971","5990","5434","5454","0","0","0","0","1","1","491.03897","0","130.2772","0","0","0","0","0","0","0","0","0","0","0","0","0","0","0","0","0","0","0","0","50.818134","40.18499","10.633142","13.945631","0.762266"
"D:\HAA\dACC revisions\Run 4\Br6471_dACC_20x_img_021-MaxIP-Stitched_unmixed_rotated.nd2","Layer 1","dACC_v17_ FISH-IF v2.4.4","1977","5969","5986","5447","5462","0","0","0","0","1","1","455.17856","0","137.88506","0","0","0","0","0","0","0","0","0","0","0","0","0","0","0","0","0","0","0","0","33.18829","28.03283","5.155463","9.869216","0.78247"
"D:\HAA\dACC revisions\Run 4\Br6471_dACC_20x_img_021-MaxIP-Stitched_unmixed_rotated.nd2","Layer 1","dACC_v17_ FISH-IF v2.4.4","1978","6089","6127","5476","5506","1","1","0","0","1","1","952.7067","0","229.49081","1","1.104742","0","871.13513","788.5417","16","23.705923","3","23627.809","996.70483","5","4.787215","1","3520.951","735.49036","1","0.50634","0","223.43407","441.27274","165.43512","105.31874","60.11638","36.47319","0.672079"
"D:\HAA\dACC revisions\Run 4\Br6471_dACC_20x_img_021-MaxIP-Stitched_unmixed_rotated.nd2","Layer 1","dACC_v17_ FISH-IF v2.4.4","1979","6155","6178","5479","5499","0","0","0","0","1","1","950.36163","0","151.22205","0","0","0","0","0","0","0","0","0","0","0","0","0","0","0","0","0","0","0","0","66.6988","56.387875","10.310925","14.589275","0.69648"
"D:\HAA\dACC revisions\Run 4\Br6471_dACC_20x_img_021-MaxIP-Stitched_unmixed_rotated.nd2","Layer 1","dACC_v17_ FISH-IF v2.4.4","1980","6122","6156","5496","5527","0","0","0","0","1","1","1317.0734","0","206.48877","2","4.833246","0","4879.968","1009.6667","0","0","0","0","0","1","0.644433","0","883.8857","800.0833","0","0","0","0","0","143.84662","94.27132","49.5753","33.040417","0.774758"
"D:\HAA\dACC revisions\Run 4\Br6471_dACC_20x_img_021-MaxIP-Stitched_unmixed_rotated.nd2","Layer 1","dACC_v17_ FISH-IF v2.4.4","1981","6201","6224","5519","5546","0","0","0","0","1","1","1602.5052","0","242.16699","0","0","0","0","0","0","0","0","0","0","0","0","0","0","0","0","0","0","0","0","91.69359","69.73684","21.956747","20.596624","0.797931"
"D:\HAA\dACC revisions\Run 4\Br6471_dACC_20x_img_021-MaxIP-Stitched_unmixed_rotated.nd2","Layer 1","dACC_v17_ FISH-IF v2.4.4","1982","6133","6166","5552","5592","0","0","0","0","1","1","1294.5677","0","294.18726","0","0","0","0","0","0","0","0","0","0","0","0","0","0","0","0","0","0","0","0","153.55914","100.531525","53.02762","40.335056","0.585737"
"D:\HAA\dACC revisions\Run 4\Br6471_dACC_20x_img_021-MaxIP-Stitched_unmixed_rotated.nd2","Layer 1","dACC_v17_ FISH-IF v2.4.4","1983","6152","6177","5573","5597","0","0","0","0","1","1","1634.6283","0","294.7729","0","0","0","0","0","0","0","0","0","0","0","0","0","0","0","0","0","0","0","0","86.63019","63.844883","22.785305","21.454817","0.794899"
"D:\HAA\dACC revisions\Run 4\Br6471_dACC_20x_img_021-MaxIP-Stitched_unmixed_rotated.nd2","Layer 1","dACC_v17_ FISH-IF v2.4.4","1984","5935","5958","5599","5629","0","0","0","0","1","1","480.425","0","154.09813","0","0","0","0","0","0","0","0","0","0","0","0","0","0","0","0","0","0","0","0","99.93312","75.99705","23.936077","23.171202","0.658861"
"D:\HAA\dACC revisions\Run 4\Br6471_dACC_20x_img_021-MaxIP-Stitched_unmixed_rotated.nd2","Layer 1","dACC_v17_ FISH-IF v2.4.4","1985","5973","6003","5674","5713","0","0","0","0","1","1","1206.0188","0","279.38437","0","0","0","0","0","0","0","0","0","0","0","0","0","0","0","0","0","0","0","0","156.41306","102.51086","53.902203","36.902287","0.70388"
"D:\HAA\dACC revisions\Run 4\Br6471_dACC_20x_img_021-MaxIP-Stitched_unmixed_rotated.nd2","Layer 1","dACC_v17_ FISH-IF v2.4.4","1986","6099","6137","5703","5740","1","0","0","0","1","1","915.9138","0","217.67766","0","0","0","0","0","15","25.178911","3","20647.72","820.0402","1","0.736495","0","461.92026","627.1875","0","0","0","0","0","209.44067","118.6677","90.77297","42.480537","0.871376"
"D:\HAA\dACC revisions\Run 4\Br6471_dACC_20x_img_021-MaxIP-Stitched_unmixed_rotated.nd2","Layer 1","dACC_v17_ FISH-IF v2.4.4","1987","6761","6784","4983","5010","0","0","0","0","1","1","598.4349","0","140.00809","2","10.587111","0","13067.257","1234.2609","0","0","0","0","0","1","0.828557","0","643.144","776.2222","0","0","0","0","0","84.973076","68.35591","16.61716","20.596624","0.6394"
"D:\HAA\dACC revisions\Run 4\Br6471_dACC_20x_img_021-MaxIP-Stitched_unmixed_rotated.nd2","Layer 1","dACC_v17_ FISH-IF v2.4.4","1988","6883","6913","4992","5025","0","0","0","1","1","1","962.13257","0","226.34598","16","34.062878","3","77229.75","2267.2703","0","0","0","0","0","0","0","0","0","0","0","0","0","0","0","122.25812","81.2906","40.967518","32.182224","0.720815"
"D:\HAA\dACC revisions\Run 4\Br6471_dACC_20x_img_021-MaxIP-Stitched_unmixed_rotated.nd2","Layer 1","dACC_v17_ FISH-IF v2.4.4","1989","6903","6917","4994","5009","0","0","0","1","1","1","1034.5968","0","193.43541","4","9.022059","1","15711.6875","1741.4745","0","0","0","0","0","0","0","0","0","0","0","0","0","0","0","31.715302","28.861385","2.853917","6.650993","0.828912"
"D:\HAA\dACC revisions\Run 4\Br6471_dACC_20x_img_021-MaxIP-Stitched_unmixed_rotated.nd2","Layer 1","dACC_v17_ FISH-IF v2.4.4","1990","6975","6997","4994","5026","0","0","0","1","1","1","1326.5378","0","270.47717","8","26.55984","1","47954.41","1805.5234","0","0","0","0","0","0","0","0","0","0","0","0","0","0","0","100.62359","60.484627","40.13896","28.320358","0.711682"
"D:\HAA\dACC revisions\Run 4\Br6471_dACC_20x_img_021-MaxIP-Stitched_unmixed_rotated.nd2","Layer 1","dACC_v17_ FISH-IF v2.4.4","1991","6997","7020","4998","5029","0","0","0","1","1","1","1143.0531","0","343.10168","8","17.998089","1","23646.543","1313.8363","0","0","0","0","0","0","0","0","0","0","0","0","0","0","0","108.49487","63.384575","45.1103","29.17855","0.816765"
"D:\HAA\dACC revisions\Run 4\Br6471_dACC_20x_img_021-MaxIP-Stitched_unmixed_rotated.nd2","Layer 1","dACC_v17_ FISH-IF v2.4.4","1992","6905","6932","5018","5047","0","0","0","0","1","1","1783.4435","0","262.93802","2","2.669793","0","2138.5964","801.0345","0","0","0","0","0","0","0","0","0","0","0","0","0","0","0","116.36616","80.96838","35.397774","26.174877","0.861395"
"D:\HAA\dACC revisions\Run 4\Br6471_dACC_20x_img_021-MaxIP-Stitched_unmixed_rotated.nd2","Layer 1","dACC_v17_ FISH-IF v2.4.4","1993","6696","6717","5057","5077","0","0","0","0","1","1","955.7238","0","173.05675","0","0","0","0","0","0","0","0","0","0","0","0","0","0","0","0","0","0","0","0","63.20045","53.53396","9.666492","13.301987","0.840476"
"D:\HAA\dACC revisions\Run 4\Br6471_dACC_20x_img_021-MaxIP-Stitched_unmixed_rotated.nd2","Layer 1","dACC_v17_ FISH-IF v2.4.4","1994","6655","6683","5084","5113","0","0","0","1","1","1","1332.9235","0","317.75027","9","21.542469","1","26347.592","1223.0535","0","0","0","0","0","0","0","0","0","0","0","0","0","0","0","115.90585","82.21122","33.694633","26.174877","0.735911"
"D:\HAA\dACC revisions\Run 4\Br6471_dACC_20x_img_021-MaxIP-Stitched_unmixed_rotated.nd2","Layer 1","dACC_v17_ FISH-IF v2.4.4","1995","6865","6896","5085","5111","0","0","0","1","1","1","1516.8358","0","277.12653","9","25.08685","1","43014.188","1714.611","0","0","0","0","0","0","0","0","0","0","0","0","0","0","0","124.42157","86.58415","37.837414","27.462166","0.766977"
"D:\HAA\dACC revisions\Run 4\Br6471_dACC_20x_img_021-MaxIP-Stitched_unmixed_rotated.nd2","Layer 1","dACC_v17_ FISH-IF v2.4.4","1996","6792","6822","5122","5149","0","0","0","0","1","1","1088.8575","0","257.32898","0","0","0","0","0","0","0","0","0","0","0","0","0","0","0","0","0","0","0","0","110.88848","81.152504","29.735973","27.03307","0.691555"
"D:\HAA\dACC revisions\Run 4\Br6471_dACC_20x_img_021-MaxIP-Stitched_unmixed_rotated.nd2","Layer 1","dACC_v17_ FISH-IF v2.4.4","1997","6676","6698","5128","5147","0","0","0","0","1","1","383.26505","0","120.721016","1","0.644433","0","483.18655","749.7857","0","0","0","0","0","0","0","0","0","0","0","0","0","0","0","58.459267","50.818134","7.641132","12.229246","0.755343"
"D:\HAA\dACC revisions\Run 4\Br6471_dACC_20x_img_021-MaxIP-Stitched_unmixed_rotated.nd2","Layer 1","dACC_v17_ FISH-IF v2.4.4","1998","6912","6945","5173","5210","0","0","0","0","1","1","1869.257","0","333.24023","0","0","0","0","0","0","0","0","0","0","0","0","0","0","0","0","0","0","0","0","176.20634","106.14729","70.05906","37.76048","0.832518"
"D:\HAA\dACC revisions\Run 4\Br6471_dACC_20x_img_021-MaxIP-Stitched_unmixed_rotated.nd2","Layer 1","dACC_v17_ FISH-IF v2.4.4","1999","6728","6755","5214","5243","0","0","0","0","1","1","1716.2542","0","294.7895","0","0","0","0","0","0","0","0","0","0","0","0","0","0","0","0","0","0","0","0","112.95987","79.81761","33.14226","25.74578","0.877467"
"D:\HAA\dACC revisions\Run 4\Br6471_dACC_20x_img_021-MaxIP-Stitched_unmixed_rotated.nd2","Layer 1","dACC_v17_ FISH-IF v2.4.4","2000","6823","6848","5216","5250","0","0","0","1","1","1","1440.2573","0","303.96054","10","25.915407","2","47065.6","1816.1244","0","0","0","0","0","0","0","0","0","0","0","0","0","0","0","116.136","76.96369","39.17231","28.320358","0.709274"
"D:\HAA\dACC revisions\Run 4\Br6471_dACC_20x_img_021-MaxIP-Stitched_unmixed_rotated.nd2","Layer 1","dACC_v17_ FISH-IF v2.4.4","2001","6809","6837","5230","5263","0","0","0","1","1","1","1670.7235","0","356.56482","12","25.50113","2","50845.016","1993.834","0","0","0","0","0","0","0","0","0","0","0","0","0","0","0","105.64095","73.511375","32.12958","29.607647","0.637117"
"D:\HAA\dACC revisions\Run 4\Br6471_dACC_20x_img_021-MaxIP-Stitched_unmixed_rotated.nd2","Layer 1","dACC_v17_ FISH-IF v2.4.4","2002","6804","6824","5271","5292","0","0","0","0","1","1","1263.7341","0","198.9371","0","0","0","0","0","0","0","0","0","0","0","0","0","0","0","0","0","0","0","0","62.14174","51.23241","10.909328","14.160179","0.841056"
"D:\HAA\dACC revisions\Run 4\Br6471_dACC_20x_img_021-MaxIP-Stitched_unmixed_rotated.nd2","Layer 1","dACC_v17_ FISH-IF v2.4.4","2003","6789","6804","5273","5291","0","0","0","0","1","1","896.69696","0","157.71594","0","0","0","0","0","0","0","0","0","0","0","0","0","0","0","0","0","0","0","0","44.09762","39.540558","4.557061","9.011024","0.834121"
"D:\HAA\dACC revisions\Run 4\Br6471_dACC_20x_img_021-MaxIP-Stitched_unmixed_rotated.nd2","Layer 1","dACC_v17_ FISH-IF v2.4.4","2004","7977","8000","5778","5802","0","0","0","0","1","1","947.0944","0","223.38611","0","0","0","0","0","0","0","0","0","0","0","0","0","0","0","0","0","0","0","0","75.58276","59.011635","16.57113","18.022047","0.857899"
"D:\HAA\dACC revisions\Run 4\Br6471_dACC_20x_img_021-MaxIP-Stitched_unmixed_rotated.nd2","Layer 1","dACC_v17_ FISH-IF v2.4.4","2005","7898","7926","5779","5808","0","0","0","0","1","1","1289.2902","0","297.9045","0","0","0","0","0","0","0","0","0","0","0","0","0","0","0","0","0","0","0","0","114.9392","80.50807","34.431126","26.174877","0.866986"
"D:\HAA\dACC revisions\Run 4\Br6471_dACC_20x_img_021-MaxIP-Stitched_unmixed_rotated.nd2","Layer 1","dACC_v17_ FISH-IF v2.4.4","2006","7959","7983","5786","5808","0","0","0","0","1","1","805.1959","0","187.83148","0","0","0","0","0","0","0","0","0","0","0","0","0","0","0","0","0","0","0","0","73.92565","58.18308","15.742574","16.949305","0.818433"
"D:\HAA\dACC revisions\Run 4\Br6471_dACC_20x_img_021-MaxIP-Stitched_unmixed_rotated.nd2","Layer 1","dACC_v17_ FISH-IF v2.4.4","2007","7900","7918","5878","5897","0","0","0","0","1","1","392.6434","0","163.99182","0","0","0","0","0","0","0","0","0","0","0","0","0","0","0","0","0","0","0","0","50.956226","45.018238","5.937988","10.298312","0.893222"
"D:\HAA\dACC revisions\Run 4\Br6471_dACC_20x_img_021-MaxIP-Stitched_unmixed_rotated.nd2","Layer 1","dACC_v17_ FISH-IF v2.4.4","2008","7883","7901","5882","5901","0","0","0","0","1","1","456.3566","0","170.02756","0","0","0","0","0","0","0","0","0","0","0","0","0","0","0","0","0","0","0","0","51.048286","45.1103","5.937988","9.869216","0.894785"
"D:\HAA\dACC revisions\Run 4\Br6471_dACC_20x_img_021-MaxIP-Stitched_unmixed_rotated.nd2","Layer 1","dACC_v17_ FISH-IF v2.4.4","2009","7842","7867","5914","5944","0","0","0","0","1","1","966.41205","0","253.48659","0","0","0","0","0","0","0","0","0","0","0","0","0","0","0","0","0","0","0","0","107.15997","78.896996","28.262983","25.316685","0.687168"
"D:\HAA\dACC revisions\Run 4\Br6471_dACC_20x_img_021-MaxIP-Stitched_unmixed_rotated.nd2","Layer 1","dACC_v17_ FISH-IF v2.4.4","2010","7882","7907","5927","5953","0","0","0","0","1","1","1250.4631","0","316.6574","0","0","0","0","0","0","0","0","0","0","0","0","0","0","0","0","0","0","0","0","78.71287","48.10231","30.61056","25.531233","0.805876"
"D:\HAA\dACC revisions\Run 4\Br6471_dACC_20x_img_021-MaxIP-Stitched_unmixed_rotated.nd2","Layer 1","dACC_v17_ FISH-IF v2.4.4","2011","7865","7888","5933","5960","0","0","0","0","1","1","1144.9863","0","288.91867","0","0","0","0","0","0","0","0","0","0","0","0","0","0","0","0","0","0","0","0","81.889","61.68143","20.207573","20.596624","0.730686"
"D:\HAA\dACC revisions\Run 4\Br6471_dACC_20x_img_021-MaxIP-Stitched_unmixed_rotated.nd2","Layer 1","dACC_v17_ FISH-IF v2.4.4","2012","7895","7921","5936","5964","0","0","0","0","1","1","1465.5986","0","338.83722","0","0","0","0","0","0","0","0","0","0","0","0","0","0","0","0","0","0","0","0","93.442764","59.379883","34.062878","27.247618","0.778531"
"D:\HAA\dACC revisions\Run 4\Br6471_dACC_20x_img_021-MaxIP-Stitched_unmixed_rotated.nd2","Layer 1","dACC_v17_ FISH-IF v2.4.4","2013","7924","7961","6023","6049","0","0","0","0","1","1","1305.8997","0","407.4446","0","0","0","0","0","0","0","0","0","0","0","0","0","0","0","0","0","0","0","0","136.94199","98.87441","38.06757","34.327705","0.538838"
"D:\HAA\dACC revisions\Run 4\Br6471_dACC_20x_img_021-MaxIP-Stitched_unmixed_rotated.nd2","Layer 1","dACC_v17_ FISH-IF v2.4.4","2014","7876","7904","6047","6080","0","0","0","0","1","1","1022.21643","0","260.2986","0","0","0","0","0","0","0","0","0","0","0","0","0","0","0","0","0","0","0","0","136.11342","90.17457","45.938854","29.607647","0.876419"
"D:\HAA\dACC revisions\Run 4\Br6471_dACC_20x_img_021-MaxIP-Stitched_unmixed_rotated.nd2","Layer 1","dACC_v17_ FISH-IF v2.4.4","2015","5049","5069","6154","6173","0","0","0","0","1","1","436.37662","0","114.778404","2","5.753865","0","5058.3374","879.12","0","0","0","0","0","0","0","0","0","0","0","0","0","0","0","56.111687","49.022926","7.088761","11.156505","0.841989"
"D:\HAA\dACC revisions\Run 4\Br6471_dACC_20x_img_021-MaxIP-Stitched_unmixed_rotated.nd2","Layer 1","dACC_v17_ FISH-IF v2.4.4","2016","5416","5444","6222","6256","0","0","0","0","1","1","1370.5774","0","279.3087","2","5.753865","0","8054.95","1399.92","0","0","0","0","0","0","0","0","0","0","0","0","0","0","0","130.35956","89.6222","40.737362","30.46584","0.712056"
"D:\HAA\dACC revisions\Run 4\Br6471_dACC_20x_img_021-MaxIP-Stitched_unmixed_rotated.nd2","Layer 1","dACC_v17_ FISH-IF v2.4.4","2017","5418","5449","6270","6301","0","0","0","0","1","1","2154.2412","0","342.33868","0","0","0","0","0","2","5.937988","0","5707.926","961.2558","1","0.644433","0","380.81378","590.9286","0","0","0","0","0","139.51971","91.601524","47.918186","31.324034","0.839118"
"D:\HAA\dACC revisions\Run 4\Br6471_dACC_20x_img_021-MaxIP-Stitched_unmixed_rotated.nd2","Layer 1","dACC_v17_ FISH-IF v2.4.4","2018","5077","5109","6297","6324","0","0","0","0","1","1","1245.2438","0","243.71597","0","0","0","0","0","0","0","0","0","0","1","0.966649","0","788.6477","815.8571","0","0","0","0","0","124.42157","85.89369","38.527878","28.320358","0.763728"
"D:\HAA\dACC revisions\Run 4\Br6471_dACC_20x_img_021-MaxIP-Stitched_unmixed_rotated.nd2","Layer 1","dACC_v17_ FISH-IF v2.4.4","2019","5410","5441","6353","6384","0","0","0","0","1","1","1236.3168","0","230.06456","0","0","0","0","0","0","0","0","0","0","0","0","0","0","0","0","0","0","0","0","130.68178","89.11586","41.565918","30.46584","0.722322"
"D:\HAA\dACC revisions\Run 4\Br6471_dACC_20x_img_021-MaxIP-Stitched_unmixed_rotated.nd2","Layer 1","dACC_v17_ FISH-IF v2.4.4","2020","5257","5282","6364","6394","0","0","0","0","1","1","2076.0579","0","325.1378","0","0","0","0","0","0","0","0","0","0","0","0","0","0","0","0","0","0","0","0","111.76307","79.17318","32.58989","24.887589","0.7885"
"D:\HAA\dACC revisions\Run 4\Br6471_dACC_20x_img_021-MaxIP-Stitched_unmixed_rotated.nd2","Layer 1","dACC_v17_ FISH-IF v2.4.4","2021","5280","5313","6378","6411","1","0","0","0","1","1","933.2241","0","529.01776","0","0","0","0","0","7","9.666492","1","8902.149","920.9286","2","2.117422","0","1533.8423","724.3913","2","2.807886","0","1322.6984","471.06558","131.55637","88.011116","43.545246","34.11316","0.728407"
"D:\HAA\dACC revisions\Run 4\Br6471_dACC_20x_img_021-MaxIP-Stitched_unmixed_rotated.nd2","Layer 1","dACC_v17_ FISH-IF v2.4.4","2022","5198","5231","6386","6418","0","0","0","0","1","1","1339.6425","0","234.08704","0","0","0","0","0","0","0","0","0","0","0","0","0","0","0","0","0","0","0","0","152.63852","96.25065","56.387875","33.469513","0.888449"
"D:\HAA\dACC revisions\Run 4\Br6471_dACC_20x_img_021-MaxIP-Stitched_unmixed_rotated.nd2","Layer 1","dACC_v17_ FISH-IF v2.4.4","2023","5096","5121","6398","6422","0","0","0","1","1","1","966.5685","0","200.22223","5","17.261595","1","29074.002","1684.3174","0","0","0","0","0","0","0","0","0","0","0","0","0","0","0","87.688896","67.52736","20.161541","20.167528","0.80746"
"D:\HAA\dACC revisions\Run 4\Br6471_dACC_20x_img_021-MaxIP-Stitched_unmixed_rotated.nd2","Layer 1","dACC_v17_ FISH-IF v2.4.4","2024","5268","5294","6399","6426","0","0","0","0","1","1","2549.8804","0","359.44885","0","0","0","0","0","2","2.02536","0","1463.0006","722.3409","0","0","0","0","0","1","0.50634","0","222.60551","439.63635","98.92044","71.992355","26.928087","22.742105","0.897054"
"D:\HAA\dACC revisions\Run 4\Br6471_dACC_20x_img_021-MaxIP-Stitched_unmixed_rotated.nd2","Layer 1","dACC_v17_ FISH-IF v2.4.4","2025","5298","5321","6399","6420","0","0","0","0","1","1","1747.3881","0","356.3271","3","9.620461","0","16418.031","1706.5742","1","0.920618","0","667.8165","690.8571","0","0","0","0","0","0","0","0","0","0","64.67344","51.5086","13.164843","15.876565","0.748013"
"D:\HAA\dACC revisions\Run 4\Br6471_dACC_20x_img_021-MaxIP-Stitched_unmixed_rotated.nd2","Layer 1","dACC_v17_ FISH-IF v2.4.4","2026","5122","5152","6457","6488","0","0","0","0","1","1","2124.066","0","430.83945","0","0","0","0","0","0","0","0","0","0","0","0","0","0","0","0","0","0","0","0","128.51833","85.157196","43.361126","30.036743","0.755202"
"D:\HAA\dACC revisions\Run 4\Br6471_dACC_20x_img_021-MaxIP-Stitched_unmixed_rotated.nd2","Layer 1","dACC_v17_ FISH-IF v2.4.4","2027","5122","5149","6485","6520","0","0","0","0","1","1","1583.4767","0","265.99292","0","0","0","0","0","0","0","0","0","0","0","0","0","0","0","0","0","0","0","0","140.34827","91.00312","49.345142","32.182224","0.706075"
"D:\HAA\dACC revisions\Run 4\Br6471_dACC_20x_img_021-MaxIP-Stitched_unmixed_rotated.nd2","Layer 1","dACC_v17_ FISH-IF v2.4.4","2028","5282","5301","6496","6521","0","0","0","0","1","1","840.8112","0","189.58018","2","3.636442","0","3079.5605","846.8608","1","0.414278","0","270.15546","652.1111","0","0","0","0","0","0","0","0","0","0","70.01302","58.551327","11.461699","15.447468","0.671609"
"D:\HAA\dACC revisions\Run 4\Br6471_dACC_20x_img_021-MaxIP-Stitched_unmixed_rotated.nd2","Layer 1","dACC_v17_ FISH-IF v2.4.4","2029","5434","5451","6502","6522","0","0","0","0","1","1","899.44446","0","180.57454","2","5.247525","0","5350.4956","1019.6228","0","0","0","0","0","0","0","0","0","0","0","0","0","0","0","56.06566","44.465866","11.599792","15.018372","0.711905"
"D:\HAA\dACC revisions\Run 4\Br6471_dACC_20x_img_021-MaxIP-Stitched_unmixed_rotated.nd2","Layer 1","dACC_v17_ FISH-IF v2.4.4","2030","5203","5230","6514","6541","0","0","0","0","1","1","1830.1279","0","313.30292","0","0","0","0","0","0","0","0","0","0","0","0","0","0","0","0","0","0","0","0","113.46621","70.657455","42.808754","29.607647","0.739131"
"D:\HAA\dACC revisions\Run 4\Br6471_dACC_20x_img_021-MaxIP-Stitched_unmixed_rotated.nd2","Layer 1","dACC_v17_ FISH-IF v2.4.4","2031","5231","5246","6515","6539","0","0","0","0","1","1","1545.6735","0","280.1493","0","0","0","0","0","0","0","0","0","0","0","0","0","0","0","0","0","0","0","0","57.72277","41.934166","15.788605","16.734756","0.863062"
"D:\HAA\dACC revisions\Run 4\Br6471_dACC_20x_img_021-MaxIP-Stitched_unmixed_rotated.nd2","Layer 1","dACC_v17_ FISH-IF v2.4.4","2032","5420","5440","6519","6539","0","0","0","0","1","1","718.36584","0","153.09427","0","0","0","0","0","1","0.414278","0","332.84958","803.44446","0","0","0","0","0","1","1.104742","0","498.14658","450.91666","57.354523","49.805454","7.54907","11.585601","0.85737"
"D:\HAA\dACC revisions\Run 4\Br6471_dACC_20x_img_021-MaxIP-Stitched_unmixed_rotated.nd2","Layer 1","dACC_v17_ FISH-IF v2.4.4","2033","3277","3309","6139","6169","0","0","0","0","1","1","1701.9103","0","258.71716","0","0","0","0","0","0","0","0","0","0","0","0","0","0","0","0","0","0","0","0","138.87527","91.14122","47.734062","30.46584","0.853119"
"D:\HAA\dACC revisions\Run 4\Br6471_dACC_20x_img_021-MaxIP-Stitched_unmixed_rotated.nd2","Layer 1","dACC_v17_ FISH-IF v2.4.4","2034","3162","3180","6139","6158","0","0","0","0","1","1","512.5763","0","132.34337","0","0","0","0","0","0","0","0","0","0","0","0","0","0","0","0","0","0","0","0","51.278442","45.846794","5.431648","9.44012","0.868119"
"D:\HAA\dACC revisions\Run 4\Br6471_dACC_20x_img_021-MaxIP-Stitched_unmixed_rotated.nd2","Layer 1","dACC_v17_ FISH-IF v2.4.4","2035","3188","3219","6159","6183","0","0","0","0","1","1","1578.1012","0","240.02701","0","0","0","0","0","0","0","0","0","0","0","0","0","0","0","0","0","0","0","0","114.11064","81.79694","32.313705","25.316685","0.72742"
"D:\HAA\dACC revisions\Run 4\Br6471_dACC_20x_img_021-MaxIP-Stitched_unmixed_rotated.nd2","Layer 1","dACC_v17_ FISH-IF v2.4.4","2036","3213","3249","6176","6216","0","0","0","0","1","1","1057.7555","0","252.18182","0","0","0","0","0","0","0","0","0","0","0","0","0","0","0","0","0","0","0","0","186.7014","111.39482","75.30658","42.480537","0.781191"
"D:\HAA\dACC revisions\Run 4\Br6471_dACC_20x_img_021-MaxIP-Stitched_unmixed_rotated.nd2","Layer 1","dACC_v17_ FISH-IF v2.4.4","2037","3182","3215","6191","6225","0","0","0","0","1","1","672.42596","0","175.15672","0","0","0","0","0","1","0.736495","0","485.4881","659.1875","0","0","0","0","0","0","0","0","0","0","155.03214","97.2173","57.81483","35.614998","0.8456"
"D:\HAA\dACC revisions\Run 4\Br6471_dACC_20x_img_021-MaxIP-Stitched_unmixed_rotated.nd2","Layer 1","dACC_v17_ FISH-IF v2.4.4","2038","3414","3433","6234","6256","0","0","0","0","1","1","403.44067","0","142.81041","0","0","0","0","0","0","0","0","0","0","0","0","0","0","0","0","0","0","0","0","60.346535","52.19906","8.147472","12.87289","0.726795"
"D:\HAA\dACC revisions\Run 4\Br6471_dACC_20x_img_021-MaxIP-Stitched_unmixed_rotated.nd2","Layer 1","dACC_v17_ FISH-IF v2.4.4","2039","3067","3099","6235","6273","0","0","0","0","1","1","1500.3483","0","321.7578","0","0","0","0","0","0","0","0","0","0","0","0","0","0","0","0","0","0","0","0","171.28104","107.57426","63.70679","38.61867","0.729513"
"D:\HAA\dACC revisions\Run 4\Br6471_dACC_20x_img_021-MaxIP-Stitched_unmixed_rotated.nd2","Layer 1","dACC_v17_ FISH-IF v2.4.4","2040","3376","3401","6244","6266","0","0","0","1","1","1","1816.0239","0","436.3133","5","13.072781","1","18179.957","1390.6725","0","0","0","0","0","0","0","0","0","0","0","0","0","0","0","70.51936","47.457874","23.06149","20.811172","0.828169"
"D:\HAA\dACC revisions\Run 4\Br6471_dACC_20x_img_021-MaxIP-Stitched_unmixed_rotated.nd2","Layer 1","dACC_v17_ FISH-IF v2.4.4","2041","3149","3169","6250","6270","0","0","0","0","1","1","984.3536","0","162.6221","2","6.904638","0","10817.174","1566.6533","0","0","0","0","0","0","0","0","0","0","0","0","0","0","0","59.978287","51.64669","8.331596","12.443794","0.781229"
"D:\HAA\dACC revisions\Run 4\Br6471_dACC_20x_img_021-MaxIP-Stitched_unmixed_rotated.nd2","Layer 1","dACC_v17_ FISH-IF v2.4.4","2042","3370","3398","6258","6284","0","0","0","0","1","1","2450.2512","0","337.75504","2","4.372937","0","7083.836","1619.9263","0","0","0","0","0","0","0","0","0","0","0","0","0","0","0","99.196625","61.6354","37.56123","27.462166","0.802673"
"D:\HAA\dACC revisions\Run 4\Br6471_dACC_20x_img_021-MaxIP-Stitched_unmixed_rotated.nd2","Layer 1","dACC_v17_ FISH-IF v2.4.4","2043","3225","3244","6255","6276","1","0","0","0","1","1","715.40607","0","133.4488","0","0","0","0","0","4","8.56175","1","9174.376","1038.0677","2","1.887268","0","1283.7562","680.2195","0","0","0","0","0","57.952927","50.357822","7.595101","11.800149","0.80282"
"D:\HAA\dACC revisions\Run 4\Br6471_dACC_20x_img_021-MaxIP-Stitched_unmixed_rotated.nd2","Layer 1","dACC_v17_ FISH-IF v2.4.4","2044","3124","3142","6269","6285","0","0","0","0","1","1","471.274","0","150.40407","0","0","0","0","0","0","0","0","0","0","0","0","0","0","0","0","0","0","0","0","44.14365","40.783394","3.360257","7.294638","0.797356"
"D:\HAA\dACC revisions\Run 4\Br6471_dACC_20x_img_021-MaxIP-Stitched_unmixed_rotated.nd2","Layer 1","dACC_v17_ FISH-IF v2.4.4","2045","3113","3132","6283","6303","0","0","0","0","1","1","1310.052","0","185.31044","3","6.260205","0","7022.707","1074.4014","0","0","0","0","0","0","0","0","0","0","0","0","0","0","0","56.019627","48.930866","7.088761","11.156505","0.826906"
"D:\HAA\dACC revisions\Run 4\Br6471_dACC_20x_img_021-MaxIP-Stitched_unmixed_rotated.nd2","Layer 1","dACC_v17_ FISH-IF v2.4.4","2046","3179","3211","6283","6312","0","0","0","0","1","1","1783.7822","0","318.69092","0","0","0","0","0","0","0","0","0","0","0","0","0","0","0","0","0","0","0","0","131.4643","84.74292","46.721382","30.036743","0.867808"
"D:\HAA\dACC revisions\Run 4\Br6471_dACC_20x_img_021-MaxIP-Stitched_unmixed_rotated.nd2","Layer 1","dACC_v17_ FISH-IF v2.4.4","2047","3291","3318","6298","6330","0","0","0","0","1","1","1550.3407","0","292.97815","0","0","0","0","0","0","0","0","0","0","0","0","0","0","0","0","0","0","0","0","121.98193","84.28261","37.69932","27.462166","0.812059"
"D:\HAA\dACC revisions\Run 4\Br6471_dACC_20x_img_021-MaxIP-Stitched_unmixed_rotated.nd2","Layer 1","dACC_v17_ FISH-IF v2.4.4","2048","3163","3193","6302","6329","0","0","0","0","1","1","2011.3978","0","325.23572","0","0","0","0","0","0","0","0","0","0","0","0","0","0","0","0","0","0","0","0","104.02988","74.98437","29.04551","27.03307","0.673512"
"D:\HAA\dACC revisions\Run 4\Br6471_dACC_20x_img_021-MaxIP-Stitched_unmixed_rotated.nd2","Layer 1","dACC_v17_ FISH-IF v2.4.4","2049","3429","3448","6326","6346","0","0","0","0","1","1","496.02777","0","134.88994","0","0","0","0","0","0","0","0","0","0","0","0","0","0","0","0","0","0","0","0","55.14504","48.516586","6.628452","10.941957","0.800076"
"D:\HAA\dACC revisions\Run 4\Br6471_dACC_20x_img_021-MaxIP-Stitched_unmixed_rotated.nd2","Layer 1","dACC_v17_ FISH-IF v2.4.4","2050","3356","3383","6405","6429","0","0","0","0","1","1","379.41525","0","249.52328","0","0","0","0","0","0","0","0","0","0","0","0","0","0","0","1","0.368247","0","155.49245","422.25","97.8157","76.0891","21.726593","21.883913","0.698896"
"D:\HAA\dACC revisions\Run 4\Br6471_dACC_20x_img_021-MaxIP-Stitched_unmixed_rotated.nd2","Layer 1","dACC_v17_ FISH-IF v2.4.4","2051","3152","3180","6433","6462","0","0","0","0","1","1","1999.1685","0","362.04718","0","0","0","0","0","0","0","0","0","0","0","0","0","0","0","0","0","0","0","0","115.95188","80.96838","34.983498","26.603973","0.882623"
"D:\HAA\dACC revisions\Run 4\Br6471_dACC_20x_img_021-MaxIP-Stitched_unmixed_rotated.nd2","Layer 1","dACC_v17_ FISH-IF v2.4.4","2052","3383","3403","6443","6462","0","0","0","0","1","1","1051.1752","0","266.2121","0","0","0","0","0","0","0","0","0","0","0","0","0","0","0","0","0","0","0","0","59.14973","51.00226","8.147472","12.014698","0.823254"
"D:\HAA\dACC revisions\Run 4\Br6471_dACC_20x_img_021-MaxIP-Stitched_unmixed_rotated.nd2","Layer 1","dACC_v17_ FISH-IF v2.4.4","2053","3292","3319","6462","6494","0","0","0","0","1","1","1811.2811","0","269.16534","0","0","0","0","0","0","0","0","0","0","0","0","0","0","0","0","0","0","0","0","128.56435","87.13653","41.427826","28.749454","0.82122"
"D:\HAA\dACC revisions\Run 4\Br6471_dACC_20x_img_021-MaxIP-Stitched_unmixed_rotated.nd2","Layer 1","dACC_v17_ FISH-IF v2.4.4","2054","3064","3089","6490","6520","0","0","0","0","1","1","2470.5825","0","341.5288","0","0","0","0","0","0","0","0","0","0","0","0","0","0","0","0","0","0","0","0","112.77575","79.909676","32.866074","25.316685","0.837968"
"D:\HAA\dACC revisions\Run 4\Br6471_dACC_20x_img_021-MaxIP-Stitched_unmixed_rotated.nd2","Layer 1","dACC_v17_ FISH-IF v2.4.4","2055","7362","7389","6155","6185","0","0","0","1","1","1","1664.8093","0","306.66348","7","20.11551","1","28589.664","1421.2747","0","0","0","0","0","0","0","0","0","0","0","0","0","0","0","115.62966","82.07313","33.556538","27.03307","0.74178"
"D:\HAA\dACC revisions\Run 4\Br6471_dACC_20x_img_021-MaxIP-Stitched_unmixed_rotated.nd2","Layer 1","dACC_v17_ FISH-IF v2.4.4","2056","7152","7174","6175","6200","0","0","0","0","1","1","899.7173","0","174.16188","3","5.293556","0","4697.7314","887.4435","0","0","0","0","0","0","0","0","0","0","0","0","0","0","0","73.87962","60.852875","13.02675","17.59295","0.711721"
"D:\HAA\dACC revisions\Run 4\Br6471_dACC_20x_img_021-MaxIP-Stitched_unmixed_rotated.nd2","Layer 1","dACC_v17_ FISH-IF v2.4.4","2057","7144","7162","6218","6237","0","0","0","0","1","1","642.2155","0","124.13158","0","0","0","0","0","0","0","0","0","0","0","0","0","0","0","0","0","0","0","0","50.818134","45.478546","5.339586","9.44012","0.883382"
"D:\HAA\dACC revisions\Run 4\Br6471_dACC_20x_img_021-MaxIP-Stitched_unmixed_rotated.nd2","Layer 1","dACC_v17_ FISH-IF v2.4.4","2058","7199","7221","6235","6258","0","0","0","1","1","1","1790.6812","0","252.5242","4","12.428348","1","19339.154","1556.0519","0","0","0","0","0","1","0.644433","0","440.2397","683.1429","0","0","0","0","0","75.720856","60.852875","14.867987","16.30566","0.878549"
"D:\HAA\dACC revisions\Run 4\Br6471_dACC_20x_img_021-MaxIP-Stitched_unmixed_rotated.nd2","Layer 1","dACC_v17_ FISH-IF v2.4.4","2059","7374","7405","6256","6287","0","0","0","1","1","1","2071.6047","0","304.7024","4","5.155463","1","4556.14","883.75","0","0","0","0","0","0","0","0","0","0","0","0","0","0","0","141.8673","90.63488","51.23241","31.75313","0.895058"
"D:\HAA\dACC revisions\Run 4\Br6471_dACC_20x_img_021-MaxIP-Stitched_unmixed_rotated.nd2","Layer 1","dACC_v17_ FISH-IF v2.4.4","2060","7424","7451","6267","6297","0","0","0","1","1","1","1306.7861","0","276.3981","12","27.618551","2","49587.035","1795.425","0","0","0","0","0","2","1.933299","0","1486.9368","769.119","0","0","0","0","0","116.8725","82.441376","34.431126","26.603973","0.762305"
"D:\HAA\dACC revisions\Run 4\Br6471_dACC_20x_img_021-MaxIP-Stitched_unmixed_rotated.nd2","Layer 1","dACC_v17_ FISH-IF v2.4.4","2061","7406","7424","6269","6289","0","0","0","0","1","1","402.10184","0","140.01825","1","3.268195","0","3415.5862","1045.0986","0","0","0","0","0","1","1.196804","0","1024.6022","856.11536","0","0","0","0","0","50.357822","45.386486","4.971339","9.654668","0.68614"
"D:\HAA\dACC revisions\Run 4\Br6471_dACC_20x_img_021-MaxIP-Stitched_unmixed_rotated.nd2","Layer 1","dACC_v17_ FISH-IF v2.4.4","2062","7345","7378","6270","6300","0","0","0","1","1","1","1639.7218","0","281.15475","11","25.639221","2","56227.777","2193.0376","0","0","0","0","0","0","0","0","0","0","0","0","0","0","0","136.02136","89.530136","46.491226","31.324034","0.779448"
"D:\HAA\dACC revisions\Run 4\Br6471_dACC_20x_img_021-MaxIP-Stitched_unmixed_rotated.nd2","Layer 1","dACC_v17_ FISH-IF v2.4.4","2063","7264","7292","6288","6324","0","0","0","0","1","1","1467.5118","0","252.38652","0","0","0","0","0","0","0","0","0","0","0","0","0","0","0","0","0","0","0","0","149.55444","96.94111","52.61334","32.61132","0.761939"
"D:\HAA\dACC revisions\Run 4\Br6471_dACC_20x_img_021-MaxIP-Stitched_unmixed_rotated.nd2","Layer 1","dACC_v17_ FISH-IF v2.4.4","2064","7349","7379","6360","6393","0","0","0","0","1","1","1367.1844","0","214.08308","0","0","0","0","0","0","0","0","0","0","0","0","0","0","0","0","0","0","0","0","145.54976","93.626884","51.922874","31.75313","0.886938"
"D:\HAA\dACC revisions\Run 4\Br6471_dACC_20x_img_021-MaxIP-Stitched_unmixed_rotated.nd2","Layer 1","dACC_v17_ FISH-IF v2.4.4","2065","7092","7111","6379","6402","0","0","0","0","1","1","442.97058","0","137.86108","0","0","0","0","0","0","0","0","0","0","0","0","0","0","0","0","0","0","0","0","64.397255","55.006947","9.390307","13.301987","0.715231"
"D:\HAA\dACC revisions\Run 4\Br6471_dACC_20x_img_021-MaxIP-Stitched_unmixed_rotated.nd2","Layer 1","dACC_v17_ FISH-IF v2.4.4","2066","7040","7068","6422","6452","0","0","0","1","1","1","1881.5671","0","387.38412","8","19.471079","1","35369.33","1730.5901","0","0","0","0","0","0","0","0","0","0","0","0","0","0","0","115.76776","74.2939","41.473858","31.324034","0.677896"
"D:\HAA\dACC revisions\Run 4\Br6471_dACC_20x_img_021-MaxIP-Stitched_unmixed_rotated.nd2","Layer 1","dACC_v17_ FISH-IF v2.4.4","2067","7149","7174","6431","6456","0","0","0","0","1","1","2021.5027","0","439.84137","1","0.598402","0","463.99164","775.38464","0","0","0","0","0","0","0","0","0","0","0","0","0","0","0","97.999825","72.54472","25.455097","21.02572","0.897411"
"D:\HAA\dACC revisions\Run 4\Br6471_dACC_20x_img_021-MaxIP-Stitched_unmixed_rotated.nd2","Layer 1","dACC_v17_ FISH-IF v2.4.4","2068","7043","7065","6451","6469","0","0","0","1","1","1","1903.8458","0","287.90393","4","9.482369","1","25052.97","2642.0583","0","0","0","0","0","0","0","0","0","0","0","0","0","0","0","64.02901","45.52458","18.504429","17.59295","0.75953"
"D:\HAA\dACC revisions\Run 4\Br6471_dACC_20x_img_021-MaxIP-Stitched_unmixed_rotated.nd2","Layer 1","dACC_v17_ FISH-IF v2.4.4","2069","7226","7247","6459","6480","0","0","0","0","1","1","915.89954","0","186.01343","1","3.958659","0","3997.7852","1009.8837","0","0","0","0","0","0","0","0","0","0","0","0","0","0","0","65.3639","54.822823","10.54108","13.945631","0.876366"
"D:\HAA\dACC revisions\Run 4\Br6471_dACC_20x_img_021-MaxIP-Stitched_unmixed_rotated.nd2","Layer 1","dACC_v17_ FISH-IF v2.4.4","2070","7115","7141","6463","6491","0","0","0","1","1","1","1433.0507","0","272.71793","8","22.002779","1","33784.438","1535.4624","0","0","0","0","0","1","1.150773","0","925.86584","804.56","0","0","0","0","0","112.31544","79.633484","32.68195","24.887589","0.833474"
"D:\HAA\dACC revisions\Run 4\Br6471_dACC_20x_img_021-MaxIP-Stitched_unmixed_rotated.nd2","Layer 1","dACC_v17_ FISH-IF v2.4.4","2071","7257","7287","6482","6513","0","0","0","0","1","1","1397.3951","0","265.90164","0","0","0","0","0","0","0","0","0","0","0","0","0","0","0","0","0","0","0","0","137.03404","89.85235","47.18169","30.036743","0.924693"
"D:\HAA\dACC revisions\Run 4\Br6471_dACC_20x_img_021-MaxIP-Stitched_unmixed_rotated.nd2","Layer 1","dACC_v17_ FISH-IF v2.4.4","2072","7350","7389","6485","6525","0","0","0","0","1","1","1297.1471","0","280.5068","3","2.209484","0","1792.536","763.5686","0","0","0","0","0","0","0","0","0","0","0","0","0","0","0","218.27861","121.613686","96.664925","45.913307","0.828259"
"D:\HAA\dACC revisions\Run 4\Br6471_dACC_20x_img_021-MaxIP-Stitched_unmixed_rotated.nd2","Layer 1","dACC_v17_ FISH-IF v2.4.4","2073","7229","7257","6505","6537","0","0","0","0","1","1","1507.2731","0","241.30789","1","0.874587","0","652.166","745.6842","0","0","0","0","0","0","0","0","0","0","0","0","0","0","0","131.37224","88.057144","43.315094","29.607647","0.837474"
"D:\HAA\dACC revisions\Run 4\Br6471_dACC_20x_img_021-MaxIP-Stitched_unmixed_rotated.nd2","Layer 1","dACC_v17_ FISH-IF v2.4.4","2074","7134","7165","6508","6546","0","0","0","0","1","1","1156.0095","0","303.66995","2","1.01268","0","761.8117","752.2727","0","0","0","0","0","0","0","0","0","0","0","0","0","0","0","161.10822","103.20132","57.906895","36.902287","0.695626"
"D:\HAA\dACC revisions\Run 4\Br6471_dACC_20x_img_021-MaxIP-Stitched_unmixed_rotated.nd2","Layer 1","dACC_v17_ FISH-IF v2.4.4","2075","5626","5653","4936","4960","0","0","0","0","1","1","2257.725","0","376.0405","0","0","0","0","0","0","0","0","0","0","0","0","0","0","0","0","0","0","0","0","95.56019","71.62411","23.936077","21.454817","0.808053"
"D:\HAA\dACC revisions\Run 4\Br6471_dACC_20x_img_021-MaxIP-Stitched_unmixed_rotated.nd2","Layer 1","dACC_v17_ FISH-IF v2.4.4","2076","5673","5693","4956","4974","0","0","0","0","1","1","384.29105","0","160.53275","0","0","0","0","0","0","0","0","0","0","0","0","0","0","0","0","0","0","0","0","52.567307","46.399166","6.168143","10.51286","0.801822"
"D:\HAA\dACC revisions\Run 4\Br6471_dACC_20x_img_021-MaxIP-Stitched_unmixed_rotated.nd2","Layer 1","dACC_v17_ FISH-IF v2.4.4","2077","5607","5649","4958","4995","1","1","0","0","1","1","1110.964","0","267.26965","2","1.657113","0","1292.226","779.80554","22","41.519886","3","45725.594","1092.813","13","15.236234","2","11814.342","770.7538","1","1.472989","0","740.31525","502.59375","217.31197","125.29616","92.0158","46.7715","0.747771"
"D:\HAA\dACC revisions\Run 4\Br6471_dACC_20x_img_021-MaxIP-Stitched_unmixed_rotated.nd2","Layer 1","dACC_v17_ FISH-IF v2.4.4","2078","5653","5680","4964","4986","0","0","0","0","1","1","407.64417","0","158.53912","0","0","0","0","0","1","0.736495","0","621.50946","843.875","0","0","0","0","0","0","0","0","0","0","79.127144","64.12107","15.006079","18.88024","0.65719"
"D:\HAA\dACC revisions\Run 4\Br6471_dACC_20x_img_021-MaxIP-Stitched_unmixed_rotated.nd2","Layer 1","dACC_v17_ FISH-IF v2.4.4","2079","5703","5725","4990","5012","0","0","0","0","1","1","631.83185","0","139.86911","0","0","0","0","0","0","0","0","0","0","0","0","0","0","0","0","0","0","0","0","66.74483","56.618027","10.126801","15.018372","0.682784"
"D:\HAA\dACC revisions\Run 4\Br6471_dACC_20x_img_021-MaxIP-Stitched_unmixed_rotated.nd2","Layer 1","dACC_v17_ FISH-IF v2.4.4","2080","5783","5810","5022","5053","0","0","0","0","1","1","2244.751","0","452.6494","0","0","0","0","0","0","0","0","0","0","0","0","0","0","0","0","0","0","0","0","122.25812","84.55879","37.69932","27.03307","0.801253"
"D:\HAA\dACC revisions\Run 4\Br6471_dACC_20x_img_021-MaxIP-Stitched_unmixed_rotated.nd2","Layer 1","dACC_v17_ FISH-IF v2.4.4","2081","5710","5744","5083","5118","0","0","0","0","1","1","1366.394","0","236.84036","0","0","0","0","0","0","0","0","0","0","0","0","0","0","0","3","2.807886","0","1274.504","453.90164","168.33507","104.67431","63.66076","36.47319","0.746063"
"D:\HAA\dACC revisions\Run 4\Br6471_dACC_20x_img_021-MaxIP-Stitched_unmixed_rotated.nd2","Layer 1","dACC_v17_ FISH-IF v2.4.4","2082","5514","5545","5107","5136","0","0","0","0","1","1","1777.014","0","287.57437","1","2.899948","0","2418.9248","834.127","1","0.736495","0","470.11377","638.3125","1","0.598402","0","390.3422","652.3077","0","0","0","0","0","135.83723","89.76029","46.07695","30.036743","0.892898"
"D:\HAA\dACC revisions\Run 4\Br6471_dACC_20x_img_021-MaxIP-Stitched_unmixed_rotated.nd2","Layer 1","dACC_v17_ FISH-IF v2.4.4","2083","5582","5612","5126","5152","0","0","0","0","1","1","1568.4636","0","253.26103","0","0","0","0","0","0","0","0","0","0","0","0","0","0","0","1","1.196804","0","550.852","460.26923","120.14069","83.40802","36.732674","25.531233","0.852712"
"D:\HAA\dACC revisions\Run 4\Br6471_dACC_20x_img_021-MaxIP-Stitched_unmixed_rotated.nd2","Layer 1","dACC_v17_ FISH-IF v2.4.4","2084","5652","5692","5137","5169","1","1","0","0","1","1","1016.154","0","244.83815","0","0","0","0","0","38","53.53396","4","78175.55","1460.2983","26","27.06618","3","23861.508","862.5291","2","1.703144","0","767.84174","450.83783","182.92686","111.486885","71.43999","40.335056","0.73075"
"D:\HAA\dACC revisions\Run 4\Br6471_dACC_20x_img_021-MaxIP-Stitched_unmixed_rotated.nd2","Layer 1","dACC_v17_ FISH-IF v2.4.4","2085","5728","5759","5142","5183","0","0","0","0","1","1","2545.7314","0","601.86694","0","0","0","0","0","0","0","0","0","0","0","0","0","0","0","0","0","0","0","0","174.27306","108.955185","65.31787","39.90596","0.668799"
"D:\HAA\dACC revisions\Run 4\Br6471_dACC_20x_img_021-MaxIP-Stitched_unmixed_rotated.nd2","Layer 1","dACC_v17_ FISH-IF v2.4.4","2086","5506","5549","5151","5176","0","0","0","0","1","1","1789.987","0","264.96497","0","0","0","0","0","0","0","0","0","0","0","0","0","0","0","0","0","0","0","0","162.67326","109.09328","53.579987","37.76048","0.607189"
"D:\HAA\dACC revisions\Run 4\Br6471_dACC_20x_img_021-MaxIP-Stitched_unmixed_rotated.nd2","Layer 1","dACC_v17_ FISH-IF v2.4.4","2087","5457","5487","5161","5187","0","0","0","1","1","1","1824.4269","0","295.95975","14","32.58989","2","75686.43","2322.39","0","0","0","0","0","0","0","0","0","0","0","0","0","0","0","115.26142","83.454056","31.807364","26.174877","0.680341"
"D:\HAA\dACC revisions\Run 4\Br6471_dACC_20x_img_021-MaxIP-Stitched_unmixed_rotated.nd2","Layer 1","dACC_v17_ FISH-IF v2.4.4","2088","5791","5821","5163","5198","0","0","0","0","1","1","1623.9774","0","288.97638","0","0","0","0","0","3","3.820566","0","2750.7617","719.988","1","0.598402","0","372.52823","622.53845","0","0","0","0","0","154.43373","97.40142","57.032307","33.040417","0.864894"
"D:\HAA\dACC revisions\Run 4\Br6471_dACC_20x_img_021-MaxIP-Stitched_unmixed_rotated.nd2","Layer 1","dACC_v17_ FISH-IF v2.4.4","2089","5833","5858","5182","5214","1","1","0","0","1","1","890.32935","0","263.09906","0","0","0","0","0","16","29.689941","3","36253.95","1221.0853","15","14.775925","3","13223.164","830.25146","0","0","0","0","0","105.73302","59.471947","46.26107","33.254967","0.691011"
"D:\HAA\dACC revisions\Run 4\Br6471_dACC_20x_img_021-MaxIP-Stitched_unmixed_rotated.nd2","Layer 1","dACC_v17_ FISH-IF v2.4.4","2090","5817","5833","5182","5200","1","0","0","0","1","1","891.41644","0","233.74954","0","0","0","0","0","4","5.247525","1","4308.4478","821.0439","1","1.703144","0","1366.5659","802.37836","0","0","0","0","0","44.005558","25.54716","18.458399","17.59295","0.72487"
"D:\HAA\dACC revisions\Run 4\Br6471_dACC_20x_img_021-MaxIP-Stitched_unmixed_rotated.nd2","Layer 1","dACC_v17_ FISH-IF v2.4.4","2091","5440","5459","5190","5209","0","0","0","0","1","1","568.3223","0","120.197395","1","0.50634","0","374.7377","740.0909","0","0","0","0","0","0","0","0","0","0","0","0","0","0","0","51.5086","45.938854","5.569741","9.654668","0.886384"
"D:\HAA\dACC revisions\Run 4\Br6471_dACC_20x_img_021-MaxIP-Stitched_unmixed_rotated.nd2","Layer 1","dACC_v17_ FISH-IF v2.4.4","2092","5816","5840","5201","5218","1","1","0","0","1","1","793.85333","0","203.99474","0","0","0","0","0","7","9.896647","1","10163.627","981.3333","4","3.268195","1","2149.92","657.831","0","0","0","0","0","57.262463","34.983498","22.278965","20.811172","0.718956"
"D:\HAA\dACC revisions\Run 4\Br6471_dACC_20x_img_021-MaxIP-Stitched_unmixed_rotated.nd2","Layer 1","dACC_v17_ FISH-IF v2.4.4","2093","5708","5744","5232","5263","0","0","0","0","1","1","1468.9227","0","263.20547","0","0","0","0","0","0","0","0","0","0","0","0","0","0","0","0","0","0","0","0","159.40506","99.24266","60.16241","34.756805","0.879086"
"D:\HAA\dACC revisions\Run 4\Br6471_dACC_20x_img_021-MaxIP-Stitched_unmixed_rotated.nd2","Layer 1","dACC_v17_ FISH-IF v2.4.4","2094","5635","5668","5311","5338","0","0","0","1","1","1","1035.31","0","250.58078","9","24.304325","1","50804.508","2090.3484","0","0","0","0","0","0","0","0","0","0","0","0","0","0","0","109.59962","76.64148","32.958138","29.17855","0.672912"
"D:\HAA\dACC revisions\Run 4\Br6471_dACC_20x_img_021-MaxIP-Stitched_unmixed_rotated.nd2","Layer 1","dACC_v17_ FISH-IF v2.4.4","2095","7270","7307","4924","4961","0","0","0","0","1","1","1438.9514","0","284.05316","0","0","0","0","0","0","0","0","0","0","0","0","0","0","0","0","0","0","0","0","194.94093","112.59162","82.34931","41.622345","0.889936"
"D:\HAA\dACC revisions\Run 4\Br6471_dACC_20x_img_021-MaxIP-Stitched_unmixed_rotated.nd2","Layer 1","dACC_v17_ FISH-IF v2.4.4","2096","7386","7425","4930","4959","0","0","0","0","1","1","2033.7206","0","323.25012","0","0","0","0","0","0","0","0","0","0","0","0","0","0","0","0","0","0","0","0","162.1209","103.79972","58.32117","36.044094","0.68875"
"D:\HAA\dACC revisions\Run 4\Br6471_dACC_20x_img_021-MaxIP-Stitched_unmixed_rotated.nd2","Layer 1","dACC_v17_ FISH-IF v2.4.4","2097","7052","7082","4975","5004","0","0","0","1","1","1","1428.6481","0","290.41605","5","7.963349","1","7461.934","937.03467","0","0","0","0","0","0","0","0","0","0","0","0","0","0","0","115.99791","74.017715","41.980198","29.607647","0.894818"
"D:\HAA\dACC revisions\Run 4\Br6471_dACC_20x_img_021-MaxIP-Stitched_unmixed_rotated.nd2","Layer 1","dACC_v17_ FISH-IF v2.4.4","2098","7438","7454","4980","4996","0","0","0","0","1","1","1577.5853","0","699.6152","0","0","0","0","0","0","0","0","0","0","0","0","0","0","0","0","0","0","0","0","33.556538","29.782003","3.774535","7.723734","0.797885"
"D:\HAA\dACC revisions\Run 4\Br6471_dACC_20x_img_021-MaxIP-Stitched_unmixed_rotated.nd2","Layer 1","dACC_v17_ FISH-IF v2.4.4","2099","7041","7069","4996","5025","0","0","0","1","1","1","1493.142","0","267.03915","10","25.823345","2","49216.67","1905.8984","0","0","0","0","0","0","0","0","0","0","0","0","0","0","0","108.35678","71.71617","36.64061","27.891262","0.771023"
"D:\HAA\dACC revisions\Run 4\Br6471_dACC_20x_img_021-MaxIP-Stitched_unmixed_rotated.nd2","Layer 1","dACC_v17_ FISH-IF v2.4.4","2100","7422","7442","4995","5017","0","0","0","0","1","1","1513.8085","0","210.98119","0","0","0","0","0","0","0","0","0","0","0","0","0","0","0","0","0","0","0","0","63.66076","53.810143","9.850616","13.731083","0.8252"
"D:\HAA\dACC revisions\Run 4\Br6471_dACC_20x_img_021-MaxIP-Stitched_unmixed_rotated.nd2","Layer 1","dACC_v17_ FISH-IF v2.4.4","2101","7311","7339","5024","5051","0","0","0","0","1","1","1687.0029","0","248.18636","0","0","0","0","0","0","0","0","0","0","0","0","0","0","0","0","0","0","0","0","109.00121","77.562096","31.439117","24.458492","0.909543"
"D:\HAA\dACC revisions\Run 4\Br6471_dACC_20x_img_021-MaxIP-Stitched_unmixed_rotated.nd2","Layer 1","dACC_v17_ FISH-IF v2.4.4","2102","7410","7438","5090","5120","0","0","0","0","1","1","1636.7882","0","303.89148","0","0","0","0","0","0","0","0","0","0","0","0","0","0","0","0","0","0","0","0","123.316826","84.4207","38.896126","27.891262","0.869783"
"D:\HAA\dACC revisions\Run 4\Br6471_dACC_20x_img_021-MaxIP-Stitched_unmixed_rotated.nd2","Layer 1","dACC_v17_ FISH-IF v2.4.4","2103","7145","7172","5130","5154","0","0","0","0","1","1","1250.569","0","265.93704","3","11.185513","0","12947.576","1157.5309","0","0","0","0","0","0","0","0","0","0","1","0.690464","0","302.6533","438.33334","94.133224","69.460655","24.672571","22.742105","0.799623"
"D:\HAA\dACC revisions\Run 4\Br6471_dACC_20x_img_021-MaxIP-Stitched_unmixed_rotated.nd2","Layer 1","dACC_v17_ FISH-IF v2.4.4","2104","7241","7265","5138","5175","0","0","0","1","1","1","1435.3654","0","341.09116","14","32.63592","2","68112.32","2084.0957","0","0","0","0","0","0","0","0","0","0","0","0","0","0","0","140.02605","96.43477","43.591278","30.894936","0.665199"
"D:\HAA\dACC revisions\Run 4\Br6471_dACC_20x_img_021-MaxIP-Stitched_unmixed_rotated.nd2","Layer 1","dACC_v17_ FISH-IF v2.4.4","2105","7141","7177","5153","5179","0","0","0","1","1","1","1420.8873","0","274.29648","9","24.166231","1","39195.6","1615.7609","0","0","0","0","0","1","0.644433","0","498.83707","722.4667","0","0","0","0","0","126.216774","87.41271","38.80406","31.75313","0.634433"
"D:\HAA\dACC revisions\Run 4\Br6471_dACC_20x_img_021-MaxIP-Stitched_unmixed_rotated.nd2","Layer 1","dACC_v17_ FISH-IF v2.4.4","2106","7343","7367","5175","5195","0","0","0","0","1","1","976.71796","0","162.99844","1","5.339586","0","4908.9673","919.35345","0","0","0","0","0","0","0","0","0","0","0","0","0","0","0","71.53204","58.965607","12.566441","15.447468","0.746743"
"D:\HAA\dACC revisions\Run 4\Br6471_dACC_20x_img_021-MaxIP-Stitched_unmixed_rotated.nd2","Layer 1","dACC_v17_ FISH-IF v2.4.4","2107","7371","7393","5193","5217","0","0","0","0","1","1","1332.2831","0","238.3609","1","5.063401","0","5736.511","1132.9364","0","0","0","0","0","0","0","0","0","0","0","0","0","0","0","76.18117","61.22112","14.960048","17.163853","0.808078"
"D:\HAA\dACC revisions\Run 4\Br6471_dACC_20x_img_021-MaxIP-Stitched_unmixed_rotated.nd2","Layer 1","dACC_v17_ FISH-IF v2.4.4","2108","7319","7345","5198","5225","0","0","0","1","1","1","1457.165","0","250.60547","4","15.696543","1","23585.645","1502.6012","0","0","0","0","0","0","0","0","0","0","0","0","0","0","0","103.61559","75.720856","27.894735","23.600298","0.803868"
"D:\HAA\dACC revisions\Run 4\Br6471_dACC_20x_img_021-MaxIP-Stitched_unmixed_rotated.nd2","Layer 1","dACC_v17_ FISH-IF v2.4.4","2109","7073","7103","5201","5236","0","0","0","0","1","1","1277.9476","0","231.09395","0","0","0","0","0","0","0","0","0","0","0","0","0","0","0","0","0","0","0","0","151.02744","96.52683","54.500607","33.469513","0.829356"
"D:\HAA\dACC revisions\Run 4\Br6471_dACC_20x_img_021-MaxIP-Stitched_unmixed_rotated.nd2","Layer 1","dACC_v17_ FISH-IF v2.4.4","2110","7409","7441","5211","5246","0","0","0","0","1","1","1253.5502","0","234.36418","0","0","0","0","0","0","0","0","0","0","0","0","0","0","0","0","0","0","0","0","158.20827","99.97916","58.22911","34.756805","0.776967"
"D:\HAA\dACC revisions\Run 4\Br6471_dACC_20x_img_021-MaxIP-Stitched_unmixed_rotated.nd2","Layer 1","dACC_v17_ FISH-IF v2.4.4","2111","7160","7180","5245","5264","0","0","0","0","1","1","800.22424","0","160.56856","1","0.598402","0","437.93814","731.8461","0","0","0","0","0","0","0","0","0","0","0","0","0","0","0","55.605347","48.010246","7.595101","11.585601","0.815815"
"D:\HAA\dACC revisions\Run 4\Br6471_dACC_20x_img_021-MaxIP-Stitched_unmixed_rotated.nd2","Layer 1","dACC_v17_ FISH-IF v2.4.4","2112","7213","7230","5245","5264","0","0","0","0","1","1","735.0086","0","133.87944","0","0","0","0","0","0","0","0","0","0","0","0","0","0","0","0","0","0","0","0","48.10231","42.762722","5.339586","9.654668","0.878022"
"D:\HAA\dACC revisions\Run 4\Br6471_dACC_20x_img_021-MaxIP-Stitched_unmixed_rotated.nd2","Layer 1","dACC_v17_ FISH-IF v2.4.4","2113","7230","7247","5248","5266","0","0","0","0","1","1","371.67618","0","133.67757","0","0","0","0","0","0","0","0","0","0","0","0","0","0","0","0","0","0","0","0","47.08963","42.256382","4.833246","8.581926","0.821892"
"D:\HAA\dACC revisions\Run 4\Br6471_dACC_20x_img_021-MaxIP-Stitched_unmixed_rotated.nd2","Layer 1","dACC_v17_ FISH-IF v2.4.4","2114","7335","7364","5252","5286","0","0","0","0","1","1","1411.9775","0","265.29794","0","0","0","0","0","0","0","0","0","0","0","0","0","0","0","0","0","0","0","0","141.17682","91.923744","49.253082","31.75313","0.861354"
"D:\HAA\dACC revisions\Run 4\Br6471_dACC_20x_img_021-MaxIP-Stitched_unmixed_rotated.nd2","Layer 1","dACC_v17_ FISH-IF v2.4.4","2115","7116","7142","5256","5287","0","0","0","1","1","1","2320.3071","0","452.39728","8","21.496439","1","39416.273","1833.6189","0","0","0","0","0","1","1.472989","0","1356.4851","920.90625","0","0","0","0","0","114.524925","77.51607","37.008858","28.320358","0.763296"
"D:\HAA\dACC revisions\Run 4\Br6471_dACC_20x_img_021-MaxIP-Stitched_unmixed_rotated.nd2","Layer 1","dACC_v17_ FISH-IF v2.4.4","2116","7092","7116","5259","5288","0","0","0","1","1","1","1712.3933","0","363.36194","12","30.56453","2","57916.24","1894.884","0","0","0","0","0","1","0.50634","0","296.16293","584.9091","0","0","0","0","0","104.99652","73.511375","31.485147","26.174877","0.735207"
"D:\HAA\dACC revisions\Run 4\Br6471_dACC_20x_img_021-MaxIP-Stitched_unmixed_rotated.nd2","Layer 1","dACC_v17_ FISH-IF v2.4.4","2117","7164","7190","5261","5286","0","0","0","1","1","1","1522.1937","0","264.76373","5","17.399687","1","25941.367","1490.91","0","0","0","0","0","0","0","0","0","0","0","0","0","0","0","89.66823","67.80354","21.864685","21.02572","0.852517"
"D:\HAA\dACC revisions\Run 4\Br6471_dACC_20x_img_021-MaxIP-Stitched_unmixed_rotated.nd2","Layer 1","dACC_v17_ FISH-IF v2.4.4","2118","7035","7060","5751","5776","0","0","0","1","1","1","1089.2","0","211.54251","10","23.705923","2","43424.832","1831.8136","0","0","0","0","0","0","0","0","0","0","0","0","0","0","0","88.93173","68.21782","20.713913","21.02572","0.835639"
"D:\HAA\dACC revisions\Run 4\Br6471_dACC_20x_img_021-MaxIP-Stitched_unmixed_rotated.nd2","Layer 1","dACC_v17_ FISH-IF v2.4.4","2119","6942","6985","5772","5802","0","0","0","0","1","1","1246.4342","0","229.76968","0","0","0","0","0","0","0","0","0","0","0","0","0","0","0","0","0","0","0","0","167.09222","111.11864","55.973595","40.335056","0.572171"
"D:\HAA\dACC revisions\Run 4\Br6471_dACC_20x_img_021-MaxIP-Stitched_unmixed_rotated.nd2","Layer 1","dACC_v17_ FISH-IF v2.4.4","2120","6872","6892","5781","5797","0","0","0","0","1","1","674.52057","0","191.26682","0","0","0","0","0","0","0","0","0","0","0","0","0","0","0","0","0","0","0","0","44.419834","41.059578","3.360257","8.367378","0.62016"
"D:\HAA\dACC revisions\Run 4\Br6471_dACC_20x_img_021-MaxIP-Stitched_unmixed_rotated.nd2","Layer 1","dACC_v17_ FISH-IF v2.4.4","2121","6861","6889","5796","5825","0","0","0","0","1","1","1917.9515","0","308.09317","0","0","0","0","0","0","0","0","0","0","0","0","0","0","0","0","0","0","0","0","116.68838","81.52075","35.16762","27.462166","0.789407"
"D:\HAA\dACC revisions\Run 4\Br6471_dACC_20x_img_021-MaxIP-Stitched_unmixed_rotated.nd2","Layer 1","dACC_v17_ FISH-IF v2.4.4","2122","7033","7063","5800","5833","0","0","0","0","1","1","1978.2408","0","267.63705","0","0","0","0","0","0","0","0","0","0","0","0","0","0","0","0","0","0","0","0","137.1261","90.68091","46.445194","30.894936","0.842886"
"D:\HAA\dACC revisions\Run 4\Br6471_dACC_20x_img_021-MaxIP-Stitched_unmixed_rotated.nd2","Layer 1","dACC_v17_ FISH-IF v2.4.4","2123","6999","7023","5815","5848","0","0","0","0","1","1","1346.8818","0","279.42","1","0.50634","0","378.46622","747.4545","0","0","0","0","0","0","0","0","0","0","0","0","0","0","0","110.05992","75.39864","34.66128","28.749454","0.610102"
"D:\HAA\dACC revisions\Run 4\Br6471_dACC_20x_img_021-MaxIP-Stitched_unmixed_rotated.nd2","Layer 1","dACC_v17_ FISH-IF v2.4.4","2124","7018","7030","5833","5851","0","0","0","0","1","1","868.0265","0","329.50235","1","2.071391","0","2760.244","1332.5555","0","0","0","0","0","0","0","0","0","0","0","0","0","0","0","26.467777","19.517109","6.950668","11.800149","0.705776"
"D:\HAA\dACC revisions\Run 4\Br6471_dACC_20x_img_021-MaxIP-Stitched_unmixed_rotated.nd2","Layer 1","dACC_v17_ FISH-IF v2.4.4","2125","7024","7049","5837","5865","0","0","0","0","1","1","1063.7551","0","213.6746","0","0","0","0","0","0","0","0","0","0","0","0","0","0","0","0","0","0","0","0","91.04916","63.79885","27.250303","26.603973","0.612737"
"D:\HAA\dACC revisions\Run 4\Br6471_dACC_20x_img_021-MaxIP-Stitched_unmixed_rotated.nd2","Layer 1","dACC_v17_ FISH-IF v2.4.4","2126","6760","6789","5854","5880","0","0","0","1","1","1","1817.8687","0","321.42715","5","13.394997","1","23535.148","1757.0103","0","0","0","0","0","0","0","0","0","0","0","0","0","0","0","111.53291","79.633484","31.899426","24.887589","0.812933"
"D:\HAA\dACC revisions\Run 4\Br6471_dACC_20x_img_021-MaxIP-Stitched_unmixed_rotated.nd2","Layer 1","dACC_v17_ FISH-IF v2.4.4","2127","6691","6718","5891","5918","0","0","0","0","1","1","2674.7156","0","392.5278","0","0","0","0","0","0","0","0","0","0","0","0","0","0","0","0","0","0","0","0","107.113945","77.00973","30.10422","24.458492","0.841937"
"D:\HAA\dACC revisions\Run 4\Br6471_dACC_20x_img_021-MaxIP-Stitched_unmixed_rotated.nd2","Layer 1","dACC_v17_ FISH-IF v2.4.4","2128","6677","6712","5925","5959","0","0","0","0","1","1","1394.4786","0","242.65749","0","0","0","0","0","0","0","0","0","0","2","2.163453","0","1605.3743","742.04254","0","0","0","0","0","175.46986","105.36477","70.10509","37.76048","0.8571"
"D:\HAA\dACC revisions\Run 4\Br6471_dACC_20x_img_021-MaxIP-Stitched_unmixed_rotated.nd2","Layer 1","dACC_v17_ FISH-IF v2.4.4","2129","6747","6781","5955","5979","0","0","0","0","1","1","893.22406","0","217.18816","0","0","0","0","0","0","0","0","0","0","0","0","0","0","0","0","0","0","0","0","117.70106","87.09049","30.61056","28.749454","0.564885"
"D:\HAA\dACC revisions\Run 4\Br6471_dACC_20x_img_021-MaxIP-Stitched_unmixed_rotated.nd2","Layer 1","dACC_v17_ FISH-IF v2.4.4","2130","6986","7002","5976","5997","0","0","0","0","1","1","475.33334","0","186.15247","3","2.945979","0","2541.2288","862.6094","0","0","0","0","0","0","0","0","0","0","0","0","0","0","0","47.503906","43.775402","3.728504","9.225572","0.566339"
"D:\HAA\dACC revisions\Run 4\Br6471_dACC_20x_img_021-MaxIP-Stitched_unmixed_rotated.nd2","Layer 1","dACC_v17_ FISH-IF v2.4.4","2131","6962","6988","5982","6008","0","0","0","1","1","1","1447.0361","0","274.46564","12","26.836025","2","71581.76","2667.3757","0","0","0","0","0","0","0","0","0","0","0","0","0","0","0","78.390656","52.889523","25.50113","25.74578","0.751747"
"D:\HAA\dACC revisions\Run 4\Br6471_dACC_20x_img_021-MaxIP-Stitched_unmixed_rotated.nd2","Layer 1","dACC_v17_ FISH-IF v2.4.4","2132","6954","6978","5995","6021","0","0","0","1","1","1","1487.8356","0","282.90686","4","11.691853","1","19094.453","1633.1417","0","0","0","0","0","0","0","0","0","0","0","0","0","0","0","74.43199","50.910194","23.5218","23.814846","0.729893"
"D:\HAA\dACC revisions\Run 4\Br6471_dACC_20x_img_021-MaxIP-Stitched_unmixed_rotated.nd2","Layer 1","dACC_v17_ FISH-IF v2.4.4","2133","7032","7056","5999","6025","0","0","0","0","1","1","1308.123","0","215.72324","0","0","0","0","0","0","0","0","0","0","2","1.426958","0","977.6046","685.0968","0","0","0","0","0","88.93173","68.35591","20.57582","20.167528","0.792745"
"D:\HAA\dACC revisions\Run 4\Br6471_dACC_20x_img_021-MaxIP-Stitched_unmixed_rotated.nd2","Layer 1","dACC_v17_ FISH-IF v2.4.4","2134","6746","6770","6020","6050","0","0","0","0","1","1","1571.7875","0","258.54358","0","0","0","0","0","0","0","0","0","0","0","0","0","0","0","0","0","0","0","0","103.10925","76.043076","27.06618","23.171202","0.787852"
"D:\HAA\dACC revisions\Run 4\Br6471_dACC_20x_img_021-MaxIP-Stitched_unmixed_rotated.nd2","Layer 1","dACC_v17_ FISH-IF v2.4.4","2135","6847","6875","6030","6064","0","0","0","0","1","1","1556.4324","0","294.31805","0","0","0","0","0","0","0","0","0","0","0","0","0","0","0","0","0","0","0","0","135.05472","90.45075","44.60396","30.894936","0.749138"
"D:\HAA\dACC revisions\Run 4\Br6471_dACC_20x_img_021-MaxIP-Stitched_unmixed_rotated.nd2","Layer 1","dACC_v17_ FISH-IF v2.4.4","2136","6664","6695","6035","6067","0","0","0","0","1","1","1760.2397","0","265.29013","1","0.828557","0","674.1688","813.6667","0","0","0","0","0","0","0","0","0","0","0","0","0","0","0","148.77193","95.19194","53.579987","32.182224","0.834322"
"D:\HAA\dACC revisions\Run 4\Br6471_dACC_20x_img_021-MaxIP-Stitched_unmixed_rotated.nd2","Layer 1","dACC_v17_ FISH-IF v2.4.4","2137","6939","6957","6062","6082","0","0","0","0","1","1","469.54782","0","125.0396","0","0","0","0","0","0","0","0","0","0","0","0","0","0","0","0","0","0","0","0","50.63401","45.340454","5.293556","9.869216","0.843578"
"D:\HAA\dACC revisions\Run 4\Br6471_dACC_20x_img_021-MaxIP-Stitched_unmixed_rotated.nd2","Layer 1","dACC_v17_ FISH-IF v2.4.4","2138","6981","7009","6102","6133","0","0","0","1","1","1","1215.2961","0","268.58057","13","36.088238","2","75966.2","2105.0127","0","0","0","0","0","0","0","0","0","0","0","0","0","0","0","120.7391","84.834984","35.904114","28.320358","0.739151"
"D:\HAA\dACC revisions\Run 4\Br6471_dACC_20x_img_021-MaxIP-Stitched_unmixed_rotated.nd2","Layer 1","dACC_v17_ FISH-IF v2.4.4","2139","6792","6815","6111","6132","0","0","0","0","1","1","1253.277","0","197.11215","0","0","0","0","0","0","0","0","0","0","0","0","0","0","0","0","0","0","0","0","71.90029","59.1037","12.796595","16.30566","0.756493"
"D:\HAA\dACC revisions\Run 4\Br6471_dACC_20x_img_021-MaxIP-Stitched_unmixed_rotated.nd2","Layer 1","dACC_v17_ FISH-IF v2.4.4","2140","7314","7345","5731","5762","0","0","0","0","1","1","1739.4661","0","292.1239","0","0","0","0","0","0","0","0","0","0","0","0","0","0","0","0","0","0","0","0","137.08008","90.26663","46.813442","30.46584","0.904779"
"D:\HAA\dACC revisions\Run 4\Br6471_dACC_20x_img_021-MaxIP-Stitched_unmixed_rotated.nd2","Layer 1","dACC_v17_ FISH-IF v2.4.4","2141","7261","7289","5771","5796","0","0","0","0","1","1","1368.4288","0","223.28004","1","0.50634","0","388.31683","766.9091","0","0","0","0","0","0","0","0","0","0","0","0","0","0","0","108.448845","77.74622","30.702621","24.029396","0.856051"
"D:\HAA\dACC revisions\Run 4\Br6471_dACC_20x_img_021-MaxIP-Stitched_unmixed_rotated.nd2","Layer 1","dACC_v17_ FISH-IF v2.4.4","2142","7397","7428","5794","5824","0","0","0","0","1","1","1688.0372","0","298.89133","0","0","0","0","0","0","0","0","0","0","0","0","0","0","0","1","0.598402","0","252.89386","422.6154","137.17213","90.2206","46.951534","30.46584","0.880721"
"D:\HAA\dACC revisions\Run 4\Br6471_dACC_20x_img_021-MaxIP-Stitched_unmixed_rotated.nd2","Layer 1","dACC_v17_ FISH-IF v2.4.4","2143","7198","7226","5822","5853","0","0","0","1","1","1","1739.5428","0","310.34427","7","19.332985","1","30513.758","1578.3262","0","0","0","0","0","0","0","0","0","0","0","0","0","0","0","127.32152","87.044464","40.277054","28.320358","0.810161"
"D:\HAA\dACC revisions\Run 4\Br6471_dACC_20x_img_021-MaxIP-Stitched_unmixed_rotated.nd2","Layer 1","dACC_v17_ FISH-IF v2.4.4","2144","7395","7422","5839","5873","0","0","0","0","1","1","1758.9458","0","281.6983","1","1.104742","0","814.7933","737.5417","0","0","0","0","0","0","0","0","0","0","0","0","0","0","0","134.36424","90.17457","44.189682","30.036743","0.784009"
"D:\HAA\dACC revisions\Run 4\Br6471_dACC_20x_img_021-MaxIP-Stitched_unmixed_rotated.nd2","Layer 1","dACC_v17_ FISH-IF v2.4.4","2145","7214","7243","5851","5888","0","0","0","1","1","1","2054.201","0","651.30194","16","40.18499","3","73216.734","1821.992","0","0","0","0","0","1","0.874587","0","626.9411","716.8421","0","0","0","0","0","135.10074","74.846275","60.25447","38.40412","0.748959"
"D:\HAA\dACC revisions\Run 4\Br6471_dACC_20x_img_021-MaxIP-Stitched_unmixed_rotated.nd2","Layer 1","dACC_v17_ FISH-IF v2.4.4","2146","7200","7218","5863","5889","0","0","0","0","1","1","1713.6788","0","300.0787","0","0","0","0","0","0","0","0","0","0","0","0","0","0","0","0","0","0","0","0","63.70679","47.365814","16.340975","19.094788","0.719271"
"D:\HAA\dACC revisions\Run 4\Br6471_dACC_20x_img_021-MaxIP-Stitched_unmixed_rotated.nd2","Layer 1","dACC_v17_ FISH-IF v2.4.4","2147","7155","7187","5865","5895","0","0","0","0","1","1","1467.8176","0","259.69064","2","1.288866","0","984.8775","764.1429","0","0","0","0","0","0","0","0","0","0","0","0","0","0","0","136.34358","90.911064","45.432514","30.894936","0.786444"
"D:\HAA\dACC revisions\Run 4\Br6471_dACC_20x_img_021-MaxIP-Stitched_unmixed_rotated.nd2","Layer 1","dACC_v17_ FISH-IF v2.4.4","2148","7416","7447","5868","5899","0","0","0","1","1","1","1683.4633","0","280.23688","4","4.557061","1","3629.768","796.51514","0","0","0","0","0","0","0","0","0","0","0","0","0","0","0","135.10074","89.392044","45.708702","30.894936","0.876577"
"D:\HAA\dACC revisions\Run 4\Br6471_dACC_20x_img_021-MaxIP-Stitched_unmixed_rotated.nd2","Layer 1","dACC_v17_ FISH-IF v2.4.4","2149","7223","7256","5876","5908","0","0","0","1","1","1","1495.2308","0","327.2662","4","9.758554","1","10855.794","1112.4387","0","0","0","0","0","2","1.841237","0","1705.4916","926.275","0","0","0","0","0","138.00069","84.55879","53.441895","33.040417","0.850782"
"D:\HAA\dACC revisions\Run 4\Br6471_dACC_20x_img_021-MaxIP-Stitched_unmixed_rotated.nd2","Layer 1","dACC_v17_ FISH-IF v2.4.4","2150","7229","7256","5949","5971","0","0","0","1","1","1","1515.0024","0","235.38483","6","16.479069","1","34492.715","2093.1228","0","0","0","0","0","0","0","0","0","0","0","0","0","0","0","87.504776","68.54004","18.964739","20.167528","0.705395"
"D:\HAA\dACC revisions\Run 4\Br6471_dACC_20x_img_021-MaxIP-Stitched_unmixed_rotated.nd2","Layer 1","dACC_v17_ FISH-IF v2.4.4","2151","7388","7415","5968","5991","0","0","0","0","1","1","1716.81","0","256.0496","1","0.644433","0","468.64078","727.2143","0","0","0","0","0","0","0","0","0","0","0","0","0","0","0","91.64756","69.59875","22.04881","20.596624","0.824859"
"D:\HAA\dACC revisions\Run 4\Br6471_dACC_20x_img_021-MaxIP-Stitched_unmixed_rotated.nd2","Layer 1","dACC_v17_ FISH-IF v2.4.4","2152","7051","7082","6057","6077","0","0","0","1","1","1","1465.0515","0","279.53058","9","18.458399","1","36529.582","1979.0225","0","0","0","0","0","2","1.196804","0","813.27423","679.53845","0","0","0","0","0","98.09189","63.24648","34.845406","27.462166","0.653338"
"D:\HAA\dACC revisions\Run 4\Br6471_dACC_20x_img_021-MaxIP-Stitched_unmixed_rotated.nd2","Layer 1","dACC_v17_ FISH-IF v2.4.4","2153","7051","7078","6078","6097","0","0","0","1","1","1","1626.2367","0","390.6482","6","14.54577","1","28648.262","1969.5253","0","0","0","0","0","0","0","0","0","0","0","0","0","0","0","78.43668","50.63401","27.802673","22.742105","0.797779"
"D:\HAA\dACC revisions\Run 4\Br6471_dACC_20x_img_021-MaxIP-Stitched_unmixed_rotated.nd2","Layer 1","dACC_v17_ FISH-IF v2.4.4","2154","7186","7219","6113","6139","0","0","0","0","1","1","1795.7781","0","290.8477","3","11.691853","0","16779.88","1435.1771","0","0","0","0","0","0","0","0","0","0","0","0","0","0","0","129.30084","88.24127","41.059578","28.749454","0.777085"
"D:\HAA\dACC revisions\Run 4\Br6471_dACC_20x_img_021-MaxIP-Stitched_unmixed_rotated.nd2","Layer 1","dACC_v17_ FISH-IF v2.4.4","2155","7369","7397","6114","6145","0","0","0","1","1","1","1462.0361","0","256.10214","11","31.024837","2","55235.12","1780.3517","0","0","0","0","0","0","0","0","0","0","0","0","0","0","0","128.56435","86.538124","42.026226","28.749454","0.862441"
"D:\HAA\dACC revisions\Run 4\Br6471_dACC_20x_img_021-MaxIP-Stitched_unmixed_rotated.nd2","Layer 1","dACC_v17_ FISH-IF v2.4.4","2156","5517","5537","6191","6210","0","0","0","0","1","1","957.1484","0","171.26955","0","0","0","0","0","0","0","0","0","0","0","0","0","0","0","0","0","0","0","0","59.61004","51.23241","8.377627","12.014698","0.870208"
"D:\HAA\dACC revisions\Run 4\Br6471_dACC_20x_img_021-MaxIP-Stitched_unmixed_rotated.nd2","Layer 1","dACC_v17_ FISH-IF v2.4.4","2157","5775","5804","6194","6227","0","0","0","0","1","1","1977.9092","0","414.81168","0","0","0","0","0","0","0","0","0","0","0","0","0","0","0","0","0","0","0","0","135.28487","90.68091","44.60396","30.894936","0.821226"
"D:\HAA\dACC revisions\Run 4\Br6471_dACC_20x_img_021-MaxIP-Stitched_unmixed_rotated.nd2","Layer 1","dACC_v17_ FISH-IF v2.4.4","2158","5478","5505","6240","6267","0","0","0","0","1","1","818.047","0","191.13019","0","0","0","0","0","0","0","0","0","0","0","0","0","0","0","0","0","0","0","0","97.76967","74.24787","23.5218","23.171202","0.681813"
"D:\HAA\dACC revisions\Run 4\Br6471_dACC_20x_img_021-MaxIP-Stitched_unmixed_rotated.nd2","Layer 1","dACC_v17_ FISH-IF v2.4.4","2159","5778","5816","6276","6303","0","0","0","0","1","1","1351.2825","0","417.3616","0","0","0","0","0","0","0","0","0","0","0","0","0","0","0","0","0","0","0","0","133.21347","85.80163","47.411846","34.327705","0.656246"
"D:\HAA\dACC revisions\Run 4\Br6471_dACC_20x_img_021-MaxIP-Stitched_unmixed_rotated.nd2","Layer 1","dACC_v17_ FISH-IF v2.4.4","2160","5805","5834","6284","6310","0","0","0","0","1","1","2253.4314","0","336.76987","0","0","0","0","0","0","0","0","0","0","0","0","0","0","0","1","0.552371","0","232.91644","421.66666","98.46013","67.20514","31.254993","25.316685","0.817916"
"D:\HAA\dACC revisions\Run 4\Br6471_dACC_20x_img_021-MaxIP-Stitched_unmixed_rotated.nd2","Layer 1","dACC_v17_ FISH-IF v2.4.4","2161","5566","5590","6304","6327","0","0","0","0","1","1","1523.4316","0","216.46878","0","0","0","0","0","0","0","0","0","0","0","0","0","0","0","0","0","0","0","0","77.79225","62.64808","15.144172","17.59295","0.745422"
"D:\HAA\dACC revisions\Run 4\Br6471_dACC_20x_img_021-MaxIP-Stitched_unmixed_rotated.nd2","Layer 1","dACC_v17_ FISH-IF v2.4.4","2162","5500","5528","6308","6337","0","0","0","0","1","1","1858.7776","0","310.17496","0","0","0","0","0","0","0","0","0","0","0","0","0","0","0","0","0","0","0","0","117.10265","81.2906","35.812054","26.603973","0.90075"
"D:\HAA\dACC revisions\Run 4\Br6471_dACC_20x_img_021-MaxIP-Stitched_unmixed_rotated.nd2","Layer 1","dACC_v17_ FISH-IF v2.4.4","2163","5525","5559","6323","6350","0","0","0","0","1","1","1310.6111","0","253.72595","0","0","0","0","0","0","0","0","0","0","0","0","0","0","0","0","0","0","0","0","126.538994","89.023796","37.515198","30.036743","0.656563"
"D:\HAA\dACC revisions\Run 4\Br6471_dACC_20x_img_021-MaxIP-Stitched_unmixed_rotated.nd2","Layer 1","dACC_v17_ FISH-IF v2.4.4","2164","5706","5734","6337","6370","0","0","0","0","1","1","1385.0259","0","210.2475","0","0","0","0","0","0","0","0","0","0","0","0","0","0","0","0","0","0","0","0","134.77853","92.06184","42.71669","30.46584","0.681288"
"D:\HAA\dACC revisions\Run 4\Br6471_dACC_20x_img_021-MaxIP-Stitched_unmixed_rotated.nd2","Layer 1","dACC_v17_ FISH-IF v2.4.4","2165","5734","5752","6338","6357","0","0","0","0","1","1","466.2773","0","120.519714","0","0","0","0","0","0","0","0","0","0","0","0","0","0","0","0","0","0","0","0","51.00226","45.52458","5.477679","9.44012","0.852384"
"D:\HAA\dACC revisions\Run 4\Br6471_dACC_20x_img_021-MaxIP-Stitched_unmixed_rotated.nd2","Layer 1","dACC_v17_ FISH-IF v2.4.4","2166","5784","5818","6382","6418","0","0","0","0","1","1","1140.5574","0","261.0039","0","0","0","0","0","0","0","0","0","0","0","0","0","0","0","0","0","0","0","0","178.55392","106.37745","72.176476","38.61867","0.883961"
"D:\HAA\dACC revisions\Run 4\Br6471_dACC_20x_img_021-MaxIP-Stitched_unmixed_rotated.nd2","Layer 1","dACC_v17_ FISH-IF v2.4.4","2167","5756","5784","6424","6453","0","0","0","0","1","1","1987.311","0","343.09955","0","0","0","0","0","0","0","0","0","0","0","0","0","0","0","0","0","0","0","0","109.73771","79.54143","30.196281","26.174877","0.724418"
"D:\HAA\dACC revisions\Run 4\Br6471_dACC_20x_img_021-MaxIP-Stitched_unmixed_rotated.nd2","Layer 1","dACC_v17_ FISH-IF v2.4.4","2168","5569","5600","6439","6469","0","0","0","0","1","1","1635.5491","0","324.98572","0","0","0","0","0","1","1.01268","0","709.2444","700.36365","0","0","0","0","0","0","0","0","0","0","132.89127","86.9524","45.938854","29.607647","0.889513"
"D:\HAA\dACC revisions\Run 4\Br6471_dACC_20x_img_021-MaxIP-Stitched_unmixed_rotated.nd2","Layer 1","dACC_v17_ FISH-IF v2.4.4","2169","5800","5836","6448","6476","0","0","0","0","1","1","2383.2266","0","473.66666","0","0","0","0","0","1","0.414278","0","266.473","643.2222","0","0","0","0","0","0","0","0","0","0","132.98332","93.76498","39.21834","32.61132","0.568326"
"D:\HAA\dACC revisions\Run 4\Br6471_dACC_20x_img_021-MaxIP-Stitched_unmixed_rotated.nd2","Layer 1","dACC_v17_ FISH-IF v2.4.4","2170","5592","5634","6454","6487","1","0","0","0","1","1","972.8241","0","232.26599","0","0","0","0","0","18","31.162931","3","31608.602","1002.45544","2","2.715824","0","2009.6638","739.98303","0","0","0","0","0","195.35521","113.696365","81.658844","41.622345","0.758006"
"D:\HAA\dACC revisions\Run 4\Br6471_dACC_20x_img_021-MaxIP-Stitched_unmixed_rotated.nd2","Layer 1","dACC_v17_ FISH-IF v2.4.4","2171","5532","5551","6462","6481","1","0","0","0","1","1","1016.211","0","435.9893","0","0","0","0","0","7","8.423658","1","8377.995","947.9583","1","0.50634","0","329.39725","650.5455","0","0","0","0","0","53.02762","42.992878","10.03474","13.731083","0.726762"
"D:\HAA\dACC revisions\Run 4\Br6471_dACC_20x_img_021-MaxIP-Stitched_unmixed_rotated.nd2","Layer 1","dACC_v17_ FISH-IF v2.4.4","2172","5550","5579","6464","6497","1","0","0","0","1","1","1560.7982","0","439.8557","0","0","0","0","0","7","9.666492","1","10619.471","1098.5857","1","1.657113","0","1284.7229","775.2778","0","0","0","0","0","144.62915","88.057144","56.572","34.542255","0.819903"
"D:\HAA\dACC revisions\Run 4\Br6471_dACC_20x_img_021-MaxIP-Stitched_unmixed_rotated.nd2","Layer 1","dACC_v17_ FISH-IF v2.4.4","2173","5525","5554","6480","6507","1","0","0","0","1","1","2341.0273","0","551.3421","0","0","0","0","0","12","16.433037","2","16326.476","993.5154","2","2.255515","0","1743.2368","772.87756","0","0","0","0","0","112.683685","75.49071","37.19298","27.462166","0.908707"
"D:\HAA\dACC revisions\Run 4\Br6471_dACC_20x_img_021-MaxIP-Stitched_unmixed_rotated.nd2","Layer 1","dACC_v17_ FISH-IF v2.4.4","2174","5788","5831","6488","6517","1","1","0","0","1","1","703.26337","0","214.27586","0","0","0","0","0","25","38.758034","3","41875.152","1072.7806","7","7.364947","1","5312.5664","721.33124","0","0","0","0","0","196.69011","120.14069","76.549416","41.622345","0.69801"
"D:\HAA\dACC revisions\Run 4\Br6471_dACC_20x_img_021-MaxIP-Stitched_unmixed_rotated.nd2","Layer 1","dACC_v17_ FISH-IF v2.4.4","2175","5451","5466","6501","6522","0","0","0","0","1","1","782.30115","0","180.01952","1","1.058711","0","903.77106","853.65216","0","0","0","0","0","0","0","0","0","0","0","0","0","0","0","45.846794","37.745354","8.101441","13.087439","0.7639"
"D:\HAA\dACC revisions\Run 4\Br6471_dACC_20x_img_021-MaxIP-Stitched_unmixed_rotated.nd2","Layer 1","dACC_v17_ FISH-IF v2.4.4","2176","5840","5872","4964","5000","0","0","0","0","1","1","598.0488","0","166.76833","0","0","0","0","0","3","3.268195","0","2664.3154","815.22534","1","0.552371","0","398.30554","721.0833","0","0","0","0","0","161.75264","102.32673","59.425915","36.47319","0.780723"
"D:\HAA\dACC revisions\Run 4\Br6471_dACC_20x_img_021-MaxIP-Stitched_unmixed_rotated.nd2","Layer 1","dACC_v17_ FISH-IF v2.4.4","2177","5926","5952","5028","5051","0","0","0","0","1","1","1320.8411","0","263.29538","0","0","0","0","0","0","0","0","0","0","0","0","0","0","0","0","0","0","0","0","80.6922","63.890915","16.801285","19.094788","0.674267"
"D:\HAA\dACC revisions\Run 4\Br6471_dACC_20x_img_021-MaxIP-Stitched_unmixed_rotated.nd2","Layer 1","dACC_v17_ FISH-IF v2.4.4","2178","5912","5937","5044","5072","0","0","0","0","1","1","1845.8422","0","309.36957","0","0","0","0","0","0","0","0","0","0","0","0","0","0","0","0","0","0","0","0","97.07921","71.992355","25.08685","22.742105","0.774573"
"D:\HAA\dACC revisions\Run 4\Br6471_dACC_20x_img_021-MaxIP-Stitched_unmixed_rotated.nd2","Layer 1","dACC_v17_ FISH-IF v2.4.4","2179","5942","5976","5079","5113","1","1","0","0","1","1","1201.8824","0","232.74867","0","0","0","0","0","22","35.12159","3","35480.77","1010.22675","10","9.804585","2","6811.747","694.75116","0","0","0","0","0","166.90811","103.4775","63.430603","36.044094","0.808437"
"D:\HAA\dACC revisions\Run 4\Br6471_dACC_20x_img_021-MaxIP-Stitched_unmixed_rotated.nd2","Layer 1","dACC_v17_ FISH-IF v2.4.4","2180","6061","6098","5134","5169","0","0","0","0","1","1","2215.0796","0","475.8785","0","0","0","0","0","0","0","0","0","0","0","0","0","0","0","0","0","0","0","0","188.68073","109.50755","79.17318","39.90596","0.835806"
"D:\HAA\dACC revisions\Run 4\Br6471_dACC_20x_img_021-MaxIP-Stitched_unmixed_rotated.nd2","Layer 1","dACC_v17_ FISH-IF v2.4.4","2181","6123","6165","5146","5180","1","1","0","0","1","1","982.0184","0","191.25539","0","0","0","0","0","11","19.056799","2","19222.373","1008.6884","4","4.879277","1","3592.3909","736.2547","0","0","0","0","0","197.65675","117.51693","80.139824","42.695087","0.694595"
"D:\HAA\dACC revisions\Run 4\Br6471_dACC_20x_img_021-MaxIP-Stitched_unmixed_rotated.nd2","Layer 1","dACC_v17_ FISH-IF v2.4.4","2182","6049","6081","5162","5196","0","0","0","0","1","1","1398.5135","0","282.2116","0","0","0","0","0","0","0","0","0","0","0","0","0","0","0","0","0","0","0","0","153.09883","95.284","57.81483","33.89861","0.857942"
"D:\HAA\dACC revisions\Run 4\Br6471_dACC_20x_img_021-MaxIP-Stitched_unmixed_rotated.nd2","Layer 1","dACC_v17_ FISH-IF v2.4.4","2183","5919","5954","5198","5223","0","0","0","0","1","1","994.65204","0","233.6794","0","0","0","0","0","0","0","0","0","0","0","0","0","0","0","0","0","0","0","0","126.861206","89.16189","37.69932","29.17855","0.634698"
"D:\HAA\dACC revisions\Run 4\Br6471_dACC_20x_img_021-MaxIP-Stitched_unmixed_rotated.nd2","Layer 1","dACC_v17_ FISH-IF v2.4.4","2184","5839","5869","5236","5266","0","0","0","0","1","1","1234.0471","0","261.6389","0","0","0","0","0","0","0","0","0","0","0","0","0","0","0","1","1.104742","0","537.13477","466.76","132.29286","88.33333","43.959526","28.749454","0.8944"
"D:\HAA\dACC revisions\Run 4\Br6471_dACC_20x_img_021-MaxIP-Stitched_unmixed_rotated.nd2","Layer 1","dACC_v17_ FISH-IF v2.4.4","2185","6194","6224","5253","5279","0","0","0","0","1","1","835.33044","0","224.33632","0","0","0","0","0","0","0","0","0","0","0","0","0","0","0","1","1.196804","0","591.8195","494.5","109.00121","66.79086","42.21035","28.749454","0.82445"
"D:\HAA\dACC revisions\Run 4\Br6471_dACC_20x_img_021-MaxIP-Stitched_unmixed_rotated.nd2","Layer 1","dACC_v17_ FISH-IF v2.4.4","2186","6204","6235","5271","5308","0","0","0","0","1","1","1145.6512","0","261.12372","0","0","0","0","0","0","0","0","0","0","0","0","0","0","0","1","0.322216","0","138.23085","429","153.78929","90.036476","63.75282","37.975025","0.701866"
"D:\HAA\dACC revisions\Run 4\Br6471_dACC_20x_img_021-MaxIP-Stitched_unmixed_rotated.nd2","Layer 1","dACC_v17_ FISH-IF v2.4.4","2187","6057","6075","5277","5296","0","0","0","0","1","1","564.76294","0","128.79398","0","0","0","0","0","0","0","0","0","0","0","0","0","0","0","0","0","0","0","0","53.579987","47.365814","6.214174","10.298312","0.856262"
"D:\HAA\dACC revisions\Run 4\Br6471_dACC_20x_img_021-MaxIP-Stitched_unmixed_rotated.nd2","Layer 1","dACC_v17_ FISH-IF v2.4.4","2188","6010","6031","5302","5324","0","0","0","0","1","1","444.61365","0","124.228836","0","0","0","0","0","2","2.393608","0","1803.3533","753.4039","0","0","0","0","0","0","0","0","0","0","65.04169","54.914886","10.126801","14.589275","0.771333"
"D:\HAA\dACC revisions\Run 4\Br6471_dACC_20x_img_021-MaxIP-Stitched_unmixed_rotated.nd2","Layer 1","dACC_v17_ FISH-IF v2.4.4","2189","5906","5924","5312","5330","0","0","0","0","1","1","487.4261","0","126.41734","0","0","0","0","0","0","0","0","0","0","0","0","0","0","0","0","0","0","0","0","50.403854","45.1103","5.293556","9.44012","0.87465"
"D:\HAA\dACC revisions\Run 4\Br6471_dACC_20x_img_021-MaxIP-Stitched_unmixed_rotated.nd2","Layer 1","dACC_v17_ FISH-IF v2.4.4","2190","5954","5983","5314","5341","0","0","0","0","1","1","2058.5251","0","308.6826","0","0","0","0","0","0","0","0","0","0","0","0","0","0","0","0","0","0","0","0","113.09796","80.04777","33.050198","25.316685","0.826958"
"D:\HAA\dACC revisions\Run 4\Br6471_dACC_20x_img_021-MaxIP-Stitched_unmixed_rotated.nd2","Layer 1","dACC_v17_ FISH-IF v2.4.4","2191","3895","3925","6133","6159","0","0","0","0","1","1","1936.1161","0","338.23822","3","8.883967","0","10102.083","1137.114","0","0","0","0","0","0","0","0","0","0","0","0","0","0","0","124.835846","79.21921","45.61664","28.749454","0.932699"
"D:\HAA\dACC revisions\Run 4\Br6471_dACC_20x_img_021-MaxIP-Stitched_unmixed_rotated.nd2","Layer 1","dACC_v17_ FISH-IF v2.4.4","2192","3894","3924","6158","6182","0","0","0","1","1","1","2279.9448","0","368.78796","9","29.04551","1","50499.74","1738.6418","0","0","0","0","0","0","0","0","0","0","0","0","0","0","0","104.582245","71.20983","33.372414","26.174877","0.787162"
"D:\HAA\dACC revisions\Run 4\Br6471_dACC_20x_img_021-MaxIP-Stitched_unmixed_rotated.nd2","Layer 1","dACC_v17_ FISH-IF v2.4.4","2193","3893","3923","6190","6218","0","0","0","0","1","1","2158.6663","0","364.35718","1","0.644433","0","481.57547","747.2857","0","0","0","0","0","0","0","0","0","0","0","0","0","0","0","120.64703","82.993744","37.65329","27.462166","0.825551"
"D:\HAA\dACC revisions\Run 4\Br6471_dACC_20x_img_021-MaxIP-Stitched_unmixed_rotated.nd2","Layer 1","dACC_v17_ FISH-IF v2.4.4","2194","3857","3879","6192","6216","0","0","0","0","1","1","2315.403","0","360.19424","0","0","0","0","0","0","0","0","0","0","0","0","0","0","0","2","4.879277","0","3016.59","618.2453","77.562096","54.500607","23.06149","20.811172","0.808587"
"D:\HAA\dACC revisions\Run 4\Br6471_dACC_20x_img_021-MaxIP-Stitched_unmixed_rotated.nd2","Layer 1","dACC_v17_ FISH-IF v2.4.4","2195","3876","3893","6192","6213","0","0","0","0","1","1","2116.5808","0","408.6024","0","0","0","0","0","0","0","0","0","0","0","0","0","0","0","1","1.657113","0","970.74603","585.80554","48.976894","38.435818","10.54108","14.803823","0.74299"
"D:\HAA\dACC revisions\Run 4\Br6471_dACC_20x_img_021-MaxIP-Stitched_unmixed_rotated.nd2","Layer 1","dACC_v17_ FISH-IF v2.4.4","2196","4196","4215","6199","6220","0","0","0","0","1","1","1252.0708","0","196.75632","1","3.084071","0","2905.7937","942.19403","0","0","0","0","0","0","0","0","0","0","0","0","0","0","0","63.29251","52.889523","10.402987","13.731083","0.807246"
"D:\HAA\dACC revisions\Run 4\Br6471_dACC_20x_img_021-MaxIP-Stitched_unmixed_rotated.nd2","Layer 1","dACC_v17_ FISH-IF v2.4.4","2197","3880","3902","6214","6239","0","0","0","0","1","1","1546.4653","0","264.78568","0","0","0","0","0","0","0","0","0","0","0","0","0","0","0","0","0","0","0","0","79.49539","63.5687","15.926698","18.022047","0.736606"
"D:\HAA\dACC revisions\Run 4\Br6471_dACC_20x_img_021-MaxIP-Stitched_unmixed_rotated.nd2","Layer 1","dACC_v17_ FISH-IF v2.4.4","2198","4200","4214","6221","6233","0","0","0","0","1","1","592.44446","0","201.0713","1","5.109432","0","4620.676","904.34235","0","0","0","0","0","0","0","0","0","0","0","0","0","0","0","27.52649","27.112211","0.414278","1.716385","0.797885"
"D:\HAA\dACC revisions\Run 4\Br6471_dACC_20x_img_021-MaxIP-Stitched_unmixed_rotated.nd2","Layer 1","dACC_v17_ FISH-IF v2.4.4","2199","4025","4048","6237","6260","0","0","0","0","1","1","1090.5693","0","181.89462","1","2.577731","0","2241.5215","869.5714","0","0","0","0","0","0","0","0","0","0","0","0","0","0","0","72.77488","59.84019","12.934688","16.949305","0.74492"
"D:\HAA\dACC revisions\Run 4\Br6471_dACC_20x_img_021-MaxIP-Stitched_unmixed_rotated.nd2","Layer 1","dACC_v17_ FISH-IF v2.4.4","2200","4053","4083","6254","6284","0","0","0","0","1","1","996.8392","0","216.81123","0","0","0","0","0","0","0","0","0","0","0","0","0","0","0","0","0","0","0","0","132.01668","88.517456","43.499218","29.17855","0.816453"
"D:\HAA\dACC revisions\Run 4\Br6471_dACC_20x_img_021-MaxIP-Stitched_unmixed_rotated.nd2","Layer 1","dACC_v17_ FISH-IF v2.4.4","2201","4193","4222","6268","6298","0","0","1","0","1","1","1994.6952","0","376.2861","0","0","0","0","0","0","0","0","0","0","2","1.472989","0","954.45105","647.96875","14","27.664581","2","18967.316","685.6173","125.8025","83.8223","41.980198","28.320358","0.911889"
"D:\HAA\dACC revisions\Run 4\Br6471_dACC_20x_img_021-MaxIP-Stitched_unmixed_rotated.nd2","Layer 1","dACC_v17_ FISH-IF v2.4.4","2202","3986","4005","6280","6307","0","0","0","1","1","1","649.25104","0","141.9206","4","11.691853","1","21594.715","1846.9882","0","0","0","0","0","0","0","0","0","0","0","0","0","0","0","73.41931","62.602047","10.817266","16.949305","0.530527"
"D:\HAA\dACC revisions\Run 4\Br6471_dACC_20x_img_021-MaxIP-Stitched_unmixed_rotated.nd2","Layer 1","dACC_v17_ FISH-IF v2.4.4","2203","4204","4226","6296","6311","0","1","1","0","1","1","617.8312","0","349.83054","0","0","0","0","0","0","0","0","0","0","5","5.845926","1","4627.948","791.65356","12","25.777313","2","17717.3","687.3214","47.273754","43.72937","3.544381","9.011024","0.521312"
"D:\HAA\dACC revisions\Run 4\Br6471_dACC_20x_img_021-MaxIP-Stitched_unmixed_rotated.nd2","Layer 1","dACC_v17_ FISH-IF v2.4.4","2204","4033","4071","6312","6341","0","0","0","0","1","1","2286.3164","0","467.58502","0","0","0","0","0","0","0","0","0","0","0","0","0","0","0","1","0.414278","0","174.45718","421.1111","160.37172","102.050545","58.32117","35.614998","0.762107"
"D:\HAA\dACC revisions\Run 4\Br6471_dACC_20x_img_021-MaxIP-Stitched_unmixed_rotated.nd2","Layer 1","dACC_v17_ FISH-IF v2.4.4","2205","4228","4260","6373","6405","0","0","0","1","1","1","1459.7285","0","285.7138","17","40.69133","3","84715.12","2081.896","0","0","0","0","0","2","1.657113","0","1220.9241","736.7778","0","0","0","0","0","149.50842","97.95379","51.554626","32.61132","0.77087"
"D:\HAA\dACC revisions\Run 4\Br6471_dACC_20x_img_021-MaxIP-Stitched_unmixed_rotated.nd2","Layer 1","dACC_v17_ FISH-IF v2.4.4","2206","4180","4217","6408","6447","0","0","0","0","1","1","1250.9557","0","263.86487","0","0","0","0","0","0","0","0","0","0","0","0","0","0","0","0","0","0","0","0","175.74605","112.4075","63.338543","42.909634","0.623509"
"D:\HAA\dACC revisions\Run 4\Br6471_dACC_20x_img_021-MaxIP-Stitched_unmixed_rotated.nd2","Layer 1","dACC_v17_ FISH-IF v2.4.4","2207","3872","3906","6467","6497","0","0","0","0","1","1","422.15527","0","191.4201","0","0","0","0","0","0","0","0","0","0","0","0","0","0","0","1","1.795206","0","982.2537","547.1539","138.87527","97.07921","41.796074","34.11316","0.697588"
"D:\HAA\dACC revisions\Run 4\Br6471_dACC_20x_img_021-MaxIP-Stitched_unmixed_rotated.nd2","Layer 1","dACC_v17_ FISH-IF v2.4.4","2208","4138","4157","6505","6526","0","0","0","0","1","1","950.26587","0","156.63654","0","0","0","0","0","0","0","0","0","0","0","0","0","0","0","0","0","0","0","0","58.873543","50.910194","7.963349","12.014698","0.807272"
"D:\HAA\dACC revisions\Run 4\Br6471_dACC_20x_img_021-MaxIP-Stitched_unmixed_rotated.nd2","Layer 1","dACC_v17_ FISH-IF v2.4.4","2209","4235","4255","6518","6538","0","1","0","0","1","1","504.41342","0","109.34265","0","0","0","0","0","0","0","0","0","0","9","8.331596","1","7993.4067","913.96313","0","0","0","0","0","59.287823","51.048286","8.239534","12.443794","0.859509"
"D:\HAA\dACC revisions\Run 4\Br6471_dACC_20x_img_021-MaxIP-Stitched_unmixed_rotated.nd2","Layer 1","dACC_v17_ FISH-IF v2.4.4","2210","4236","4255","5404","5422","0","0","0","0","1","1","453.34146","0","126.30317","0","0","0","0","0","0","0","0","0","0","0","0","0","0","0","0","0","0","0","0","44.834114","39.17231","5.661803","9.869216","0.904627"
"D:\HAA\dACC revisions\Run 4\Br6471_dACC_20x_img_021-MaxIP-Stitched_unmixed_rotated.nd2","Layer 1","dACC_v17_ FISH-IF v2.4.4","2211","4034","4062","5404","5423","0","0","0","0","1","1","2591.0208","0","405.07227","0","0","0","0","0","0","0","0","0","0","0","0","0","0","0","1","0.322216","0","134.08806","416.14285","75.30658","55.421227","19.885357","20.596624","0.704695"
"D:\HAA\dACC revisions\Run 4\Br6471_dACC_20x_img_021-MaxIP-Stitched_unmixed_rotated.nd2","Layer 1","dACC_v17_ FISH-IF v2.4.4","2212","4053","4070","5417","5438","0","0","0","0","1","1","2075.647","0","340.2706","0","0","0","0","0","0","0","0","0","0","0","0","0","0","0","0","0","0","0","0","41.473858","31.301023","10.172832","14.160179","0.802299"
"D:\HAA\dACC revisions\Run 4\Br6471_dACC_20x_img_021-MaxIP-Stitched_unmixed_rotated.nd2","Layer 1","dACC_v17_ FISH-IF v2.4.4","2213","4019","4045","5421","5448","0","0","0","0","1","1","1729.2003","0","458.60638","0","0","0","0","0","0","0","0","0","0","0","0","0","0","0","0","0","0","0","0","99.65694","49.11499","50.541946","32.82587","0.739856"
"D:\HAA\dACC revisions\Run 4\Br6471_dACC_20x_img_021-MaxIP-Stitched_unmixed_rotated.nd2","Layer 1","dACC_v17_ FISH-IF v2.4.4","2214","4045","4061","5423","5442","0","0","0","0","1","1","1746.5369","0","936.869","0","0","0","0","0","0","0","0","0","0","0","0","0","0","0","1","0.598402","0","266.01266","444.53845","39.72468","11.599792","28.124891","24.029396","0.757885"
"D:\HAA\dACC revisions\Run 4\Br6471_dACC_20x_img_021-MaxIP-Stitched_unmixed_rotated.nd2","Layer 1","dACC_v17_ FISH-IF v2.4.4","2215","4046","4067","5439","5463","0","0","0","0","1","1","1571.8092","0","332.61475","0","0","0","0","0","0","0","0","0","0","0","0","0","0","0","1","0.414278","0","207.5534","409.9091","69.59875","38.712","30.886745","25.102137","0.748115"
"D:\HAA\dACC revisions\Run 4\Br6471_dACC_20x_img_021-MaxIP-Stitched_unmixed_rotated.nd2","Layer 1","dACC_v17_ FISH-IF v2.4.4","2216","4027","4048","5444","5465","0","0","0","0","1","1","1576.7533","0","343.04572","0","0","0","0","0","0","0","0","0","0","0","0","0","0","0","0","0","0","0","0","61.036995","33.23432","27.802673","22.956654","0.761686"
"D:\HAA\dACC revisions\Run 4\Br6471_dACC_20x_img_021-MaxIP-Stitched_unmixed_rotated.nd2","Layer 1","dACC_v17_ FISH-IF v2.4.4","2217","4219","4249","5448","5475","0","0","0","0","1","1","2198.1975","0","402.0102","0","0","0","0","0","0","0","0","0","0","0","0","0","0","0","2","4.418968","0","2417.82","547.1458","118.94389","72.3606","46.58329","31.324034","0.778018"
"D:\HAA\dACC revisions\Run 4\Br6471_dACC_20x_img_021-MaxIP-Stitched_unmixed_rotated.nd2","Layer 1","dACC_v17_ FISH-IF v2.4.4","2218","4096","4124","5455","5488","0","0","0","0","1","1","2643.6138","0","533.16394","0","0","0","0","0","0","0","0","0","0","0","0","0","0","0","0","0","0","0","0","132.7992","90.95709","41.842106","31.109486","0.77106"
"D:\HAA\dACC revisions\Run 4\Br6471_dACC_20x_img_021-MaxIP-Stitched_unmixed_rotated.nd2","Layer 1","dACC_v17_ FISH-IF v2.4.4","2219","4220","4247","5475","5500","0","0","0","0","1","1","1608.1777","0","371.24118","0","0","0","0","0","0","0","0","0","0","0","0","0","0","0","3","2.623762","0","1363.7119","470.25397","94.59354","52.107","42.486538","29.393099","0.743199"
"D:\HAA\dACC revisions\Run 4\Br6471_dACC_20x_img_021-MaxIP-Stitched_unmixed_rotated.nd2","Layer 1","dACC_v17_ FISH-IF v2.4.4","2220","4189","4211","5478","5506","0","0","0","0","1","1","2531.585","0","353.51498","0","0","0","0","0","0","0","0","0","0","0","0","0","0","0","0","0","0","0","0","96.89508","70.61143","26.283653","23.171202","0.762012"
"D:\HAA\dACC revisions\Run 4\Br6471_dACC_20x_img_021-MaxIP-Stitched_unmixed_rotated.nd2","Layer 1","dACC_v17_ FISH-IF v2.4.4","2221","4212","4228","5480","5505","0","0","0","0","1","1","1546.8145","0","241.2526","0","0","0","0","0","0","0","0","0","0","0","0","0","0","0","0","0","0","0","0","53.303802","39.908806","13.394997","16.520208","0.666009"
"D:\HAA\dACC revisions\Run 4\Br6471_dACC_20x_img_021-MaxIP-Stitched_unmixed_rotated.nd2","Layer 1","dACC_v17_ FISH-IF v2.4.4","2222","3977","3999","5488","5511","0","0","0","0","1","1","1905.393","0","249.14757","0","0","0","0","0","0","0","0","0","0","0","0","0","0","0","0","0","0","0","0","71.7622","58.64339","13.118812","15.662017","0.834702"
"D:\HAA\dACC revisions\Run 4\Br6471_dACC_20x_img_021-MaxIP-Stitched_unmixed_rotated.nd2","Layer 1","dACC_v17_ FISH-IF v2.4.4","2223","4008","4026","5510","5528","0","0","0","0","1","1","441","0","120.764885","0","0","0","0","0","0","0","0","0","0","0","0","0","0","0","0","0","0","0","0","49.897514","44.834114","5.063401","9.011024","0.87087"
"D:\HAA\dACC revisions\Run 4\Br6471_dACC_20x_img_021-MaxIP-Stitched_unmixed_rotated.nd2","Layer 1","dACC_v17_ FISH-IF v2.4.4","2224","4198","4230","5519","5553","0","0","1","0","1","1","1322.0055","0","307.82248","0","0","0","0","0","0","0","0","0","0","0","0","0","0","0","102","112.13132","4","160477.64","1431.1581","155.95274","96.71096","59.24179","35.1859","0.80787"
"D:\HAA\dACC revisions\Run 4\Br6471_dACC_20x_img_021-MaxIP-Stitched_unmixed_rotated.nd2","Layer 1","dACC_v17_ FISH-IF v2.4.4","2225","3969","4000","5527","5554","0","0","0","0","1","1","1605.9736","0","312.28784","0","0","0","0","0","0","0","0","0","0","0","0","0","0","0","0","0","0","0","0","125.29616","83.31596","41.980198","28.749454","0.739837"
"D:\HAA\dACC revisions\Run 4\Br6471_dACC_20x_img_021-MaxIP-Stitched_unmixed_rotated.nd2","Layer 1","dACC_v17_ FISH-IF v2.4.4","2226","3953","3972","5531","5553","0","0","0","0","1","1","1474.2024","0","232.6572","0","0","0","0","0","0","0","0","0","0","0","0","0","0","0","0","0","0","0","0","60.20844","48.60865","11.599792","14.589275","0.831179"
"D:\HAA\dACC revisions\Run 4\Br6471_dACC_20x_img_021-MaxIP-Stitched_unmixed_rotated.nd2","Layer 1","dACC_v17_ FISH-IF v2.4.4","2227","4018","4045","5538","5572","0","0","1","0","1","1","1268.9164","0","243.33553","0","0","0","0","0","0","0","0","0","0","0","0","0","0","0","45","85.525444","4","68787.73","804.2955","136.20549","91.095184","45.1103","30.036743","0.790646"
"D:\HAA\dACC revisions\Run 4\Br6471_dACC_20x_img_021-MaxIP-Stitched_unmixed_rotated.nd2","Layer 1","dACC_v17_ FISH-IF v2.4.4","2228","4195","4214","5550","5568","0","0","1","0","1","1","704.2143","0","218.22704","0","0","0","0","0","0","0","0","0","0","0","0","0","0","0","14","19.240923","2","22159.33","1151.677","49.391174","43.591278","5.799896","10.298312","0.880004"
"D:\HAA\dACC revisions\Run 4\Br6471_dACC_20x_img_021-MaxIP-Stitched_unmixed_rotated.nd2","Layer 1","dACC_v17_ FISH-IF v2.4.4","2229","3992","4023","5589","5628","0","0","0","0","1","1","1482.4553","0","248.00426","0","0","0","0","0","2","3.222164","0","2524.8418","783.5857","0","0","0","0","0","0","0","0","0","0","178.83011","108.17265","70.657455","37.76048","0.764911"
"D:\HAA\dACC revisions\Run 4\Br6471_dACC_20x_img_021-MaxIP-Stitched_unmixed_rotated.nd2","Layer 1","dACC_v17_ FISH-IF v2.4.4","2230","4129","4165","5637","5670","0","1","1","0","1","1","688.5512","0","210.34045","0","0","0","0","0","0","0","0","0","0","11","10.08077","2","9110.301","903.7306","15","19.931387","3","10353.596","519.4619","163.22563","103.43147","59.794163","36.902287","0.726432"
"D:\HAA\dACC revisions\Run 4\Br6471_dACC_20x_img_021-MaxIP-Stitched_unmixed_rotated.nd2","Layer 1","dACC_v17_ FISH-IF v2.4.4","2231","4058","4076","5683","5703","0","0","0","0","1","1","639.80145","0","130.03853","0","0","0","0","0","0","0","0","0","0","0","0","0","0","0","0","0","0","0","0","54.0403","47.780094","6.260205","10.51286","0.803941"
"D:\HAA\dACC revisions\Run 4\Br6471_dACC_20x_img_021-MaxIP-Stitched_unmixed_rotated.nd2","Layer 1","dACC_v17_ FISH-IF v2.4.4","2232","4032","4059","5692","5718","0","0","0","0","1","1","2612.1204","0","331.31577","0","0","0","0","0","0","0","0","0","0","1","0.598402","0","376.16467","628.61536","0","0","0","0","0","102.234665","75.07642","27.158241","23.171202","0.776921"
"D:\HAA\dACC revisions\Run 4\Br6471_dACC_20x_img_021-MaxIP-Stitched_unmixed_rotated.nd2","Layer 1","dACC_v17_ FISH-IF v2.4.4","2233","7482","7514","4923","4951","0","0","0","0","1","1","1739.0237","0","324.10513","0","0","0","0","0","0","0","0","0","0","0","0","0","0","0","0","0","0","0","0","126.9993","86.26194","40.737362","29.17855","0.825359"
"D:\HAA\dACC revisions\Run 4\Br6471_dACC_20x_img_021-MaxIP-Stitched_unmixed_rotated.nd2","Layer 1","dACC_v17_ FISH-IF v2.4.4","2234","7444","7475","4927","4956","0","0","0","0","1","1","2830.1677","0","581.3335","0","0","0","0","0","0","0","0","0","0","0","0","0","0","0","0","0","0","0","0","114.61698","80.600136","34.01685","28.749454","0.647362"
"D:\HAA\dACC revisions\Run 4\Br6471_dACC_20x_img_021-MaxIP-Stitched_unmixed_rotated.nd2","Layer 1","dACC_v17_ FISH-IF v2.4.4","2235","7589","7616","4938","4967","0","0","0","0","1","1","2009.2572","0","349.2764","0","0","0","0","0","0","0","0","0","0","0","0","0","0","0","0","0","0","0","0","113.05193","79.77158","33.280354","25.316685","0.849791"
"D:\HAA\dACC revisions\Run 4\Br6471_dACC_20x_img_021-MaxIP-Stitched_unmixed_rotated.nd2","Layer 1","dACC_v17_ FISH-IF v2.4.4","2236","7550","7570","4941","4960","0","0","0","0","1","1","366.3356","0","204.47227","0","0","0","0","0","0","0","0","0","0","0","0","0","0","0","0","0","0","0","0","54.868855","48.14834","6.720514","10.727408","0.888717"
"D:\HAA\dACC revisions\Run 4\Br6471_dACC_20x_img_021-MaxIP-Stitched_unmixed_rotated.nd2","Layer 1","dACC_v17_ FISH-IF v2.4.4","2237","7439","7458","4952","4965","0","0","0","0","1","1","1647.9487","0","538.1979","0","0","0","0","0","0","0","0","0","0","0","0","0","0","0","0","0","0","0","0","31.439117","26.0535","5.385617","9.869216","0.732917"
"D:\HAA\dACC revisions\Run 4\Br6471_dACC_20x_img_021-MaxIP-Stitched_unmixed_rotated.nd2","Layer 1","dACC_v17_ FISH-IF v2.4.4","2238","7506","7535","4951","4976","0","0","0","0","1","1","1825.122","0","352.94516","0","0","0","0","0","0","0","0","0","0","0","0","0","0","0","0","0","0","0","0","107.06792","77.239876","29.828035","24.029396","0.832138"
"D:\HAA\dACC revisions\Run 4\Br6471_dACC_20x_img_021-MaxIP-Stitched_unmixed_rotated.nd2","Layer 1","dACC_v17_ FISH-IF v2.4.4","2239","7441","7470","4963","4994","0","0","0","0","1","1","1932.971","0","483.76096","0","0","0","0","0","0","0","0","0","0","0","0","0","0","0","0","0","0","0","0","111.671005","70.473335","41.19767","33.469513","0.584946"
"D:\HAA\dACC revisions\Run 4\Br6471_dACC_20x_img_021-MaxIP-Stitched_unmixed_rotated.nd2","Layer 1","dACC_v17_ FISH-IF v2.4.4","2240","7492","7520","4979","5004","0","0","0","0","1","1","2164.2847","0","318.7337","0","0","0","0","0","0","0","0","0","0","0","0","0","0","0","0","0","0","0","0","98.27601","64.30519","33.970818","25.96033","0.865307"
"D:\HAA\dACC revisions\Run 4\Br6471_dACC_20x_img_021-MaxIP-Stitched_unmixed_rotated.nd2","Layer 1","dACC_v17_ FISH-IF v2.4.4","2241","7552","7582","4986","5012","0","0","0","0","1","1","2259.6416","0","359.40765","0","0","0","0","0","0","0","0","0","0","0","0","0","0","0","0","0","0","0","0","110.151985","80.73823","29.413755","26.174877","0.6809"
"D:\HAA\dACC revisions\Run 4\Br6471_dACC_20x_img_021-MaxIP-Stitched_unmixed_rotated.nd2","Layer 1","dACC_v17_ FISH-IF v2.4.4","2242","7528","7547","4987","5009","0","0","0","0","1","1","1345.9897","0","211.19057","0","0","0","0","0","0","0","0","0","0","0","0","0","0","0","0","0","0","0","0","61.589367","52.65937","8.929998","12.658342","0.798327"
"D:\HAA\dACC revisions\Run 4\Br6471_dACC_20x_img_021-MaxIP-Stitched_unmixed_rotated.nd2","Layer 1","dACC_v17_ FISH-IF v2.4.4","2243","7500","7527","5000","5022","0","0","0","0","1","1","1874.1992","0","370.01343","0","0","0","0","0","0","0","0","0","0","0","0","0","0","0","0","0","0","0","0","66.56071","41.15164","25.409067","23.814846","0.750551"
"D:\HAA\dACC revisions\Run 4\Br6471_dACC_20x_img_021-MaxIP-Stitched_unmixed_rotated.nd2","Layer 1","dACC_v17_ FISH-IF v2.4.4","2244","7486","7514","5005","5033","0","0","0","0","1","1","2065.8777","0","395.12238","0","0","0","0","0","0","0","0","0","0","0","0","0","0","0","0","0","0","0","0","98.59823","63.5687","35.02953","26.174877","0.857339"
"D:\HAA\dACC revisions\Run 4\Br6471_dACC_20x_img_021-MaxIP-Stitched_unmixed_rotated.nd2","Layer 1","dACC_v17_ FISH-IF v2.4.4","2245","7639","7667","5011","5037","0","0","0","0","1","1","1728.6831","0","378.3206","0","0","0","0","0","0","0","0","0","0","0","0","0","0","0","0","0","0","0","0","106.88379","77.10178","29.782003","23.600298","0.824143"
"D:\HAA\dACC revisions\Run 4\Br6471_dACC_20x_img_021-MaxIP-Stitched_unmixed_rotated.nd2","Layer 1","dACC_v17_ FISH-IF v2.4.4","2246","7668","7696","5017","5045","0","0","0","0","1","1","2101.6326","0","365.10944","0","0","0","0","0","0","0","0","0","0","0","0","0","0","0","0","0","0","0","0","111.90116","79.081116","32.820045","25.74578","0.877901"
"D:\HAA\dACC revisions\Run 4\Br6471_dACC_20x_img_021-MaxIP-Stitched_unmixed_rotated.nd2","Layer 1","dACC_v17_ FISH-IF v2.4.4","2247","7567","7596","5021","5051","0","0","0","0","1","1","1780.0936","0","301.49487","0","0","0","0","0","0","0","0","0","0","0","0","0","0","0","0","0","0","0","0","125.52631","85.20323","40.323082","28.320358","0.905192"
"D:\HAA\dACC revisions\Run 4\Br6471_dACC_20x_img_021-MaxIP-Stitched_unmixed_rotated.nd2","Layer 1","dACC_v17_ FISH-IF v2.4.4","2248","7731","7753","5023","5044","0","0","0","0","1","1","802.9952","0","195.71732","0","0","0","0","0","0","0","0","0","0","0","0","0","0","0","0","0","0","0","0","63.79885","54.224422","9.57443","14.160179","0.745403"
"D:\HAA\dACC revisions\Run 4\Br6471_dACC_20x_img_021-MaxIP-Stitched_unmixed_rotated.nd2","Layer 1","dACC_v17_ FISH-IF v2.4.4","2249","7516","7544","5026","5053","0","0","0","0","1","1","2076.5935","0","296.5542","0","0","0","0","0","0","0","0","0","0","0","0","0","0","0","0","0","0","0","0","113.144","79.403336","33.74066","25.316685","0.936078"
"D:\HAA\dACC revisions\Run 4\Br6471_dACC_20x_img_021-MaxIP-Stitched_unmixed_rotated.nd2","Layer 1","dACC_v17_ FISH-IF v2.4.4","2250","7600","7625","5028","5053","0","0","1","0","1","1","666.97424","0","244.6958","0","0","0","0","0","0","0","0","0","0","0","0","0","0","0","4","13.118812","1","6367.917","485.4035","93.30467","70.05906","23.245613","20.596624","0.923749"
"D:\HAA\dACC revisions\Run 4\Br6471_dACC_20x_img_021-MaxIP-Stitched_unmixed_rotated.nd2","Layer 1","dACC_v17_ FISH-IF v2.4.4","2251","7704","7733","5028","5060","0","0","0","0","1","1","1703.2881","0","310.03082","0","0","0","0","0","0","0","0","0","0","0","0","0","0","0","0","0","0","0","0","132.24683","88.14921","44.09762","30.036743","0.873327"
"D:\HAA\dACC revisions\Run 4\Br6471_dACC_20x_img_021-MaxIP-Stitched_unmixed_rotated.nd2","Layer 1","dACC_v17_ FISH-IF v2.4.4","2252","7782","7801","5055","5075","0","0","0","0","1","1","536.61676","0","211.63562","0","0","0","0","0","0","0","0","0","0","0","0","0","0","0","0","0","0","0","0","58.09102","50.403854","7.687163","11.585601","0.849281"
"D:\HAA\dACC revisions\Run 4\Br6471_dACC_20x_img_021-MaxIP-Stitched_unmixed_rotated.nd2","Layer 1","dACC_v17_ FISH-IF v2.4.4","2253","7762","7781","5063","5083","0","0","0","0","1","1","429.53125","0","173.91264","0","0","0","0","0","0","0","0","0","0","0","0","0","0","0","0","0","0","0","0","56.894215","49.529266","7.364947","11.371053","0.84756"
"D:\HAA\dACC revisions\Run 4\Br6471_dACC_20x_img_021-MaxIP-Stitched_unmixed_rotated.nd2","Layer 1","dACC_v17_ FISH-IF v2.4.4","2254","7462","7494","5067","5097","0","0","0","0","1","1","1541.9648","0","291.72028","0","0","0","0","0","0","0","0","0","0","0","0","0","0","0","0","0","0","0","0","139.74986","91.32534","48.424526","30.894936","0.861389"
"D:\HAA\dACC revisions\Run 4\Br6471_dACC_20x_img_021-MaxIP-Stitched_unmixed_rotated.nd2","Layer 1","dACC_v17_ FISH-IF v2.4.4","2255","7538","7563","5077","5096","0","0","0","0","1","1","830.46924","0","172.33954","0","0","0","0","0","0","0","0","0","0","0","0","0","0","0","0","0","0","0","0","68.77019","56.80215","11.968039","15.447468","0.69196"
"D:\HAA\dACC revisions\Run 4\Br6471_dACC_20x_img_021-MaxIP-Stitched_unmixed_rotated.nd2","Layer 1","dACC_v17_ FISH-IF v2.4.4","2256","7667","7697","5078","5106","0","0","0","0","1","1","1535.6581","0","337.96478","0","0","0","0","0","0","0","0","0","0","0","0","0","0","0","0","0","0","0","0","122.99461","83.68421","39.310402","27.891262","0.890141"
"D:\HAA\dACC revisions\Run 4\Br6471_dACC_20x_img_021-MaxIP-Stitched_unmixed_rotated.nd2","Layer 1","dACC_v17_ FISH-IF v2.4.4","2257","7568","7599","5082","5108","0","0","0","0","1","1","1397.1257","0","303.47522","0","0","0","0","0","0","0","0","0","0","0","0","0","0","0","0","0","0","0","0","108.955185","78.94302","30.012157","26.603973","0.633133"
"D:\HAA\dACC revisions\Run 4\Br6471_dACC_20x_img_021-MaxIP-Stitched_unmixed_rotated.nd2","Layer 1","dACC_v17_ FISH-IF v2.4.4","2258","7554","7571","5089","5108","0","0","0","0","1","1","915.3674","0","266.2177","0","0","0","0","0","0","0","0","0","0","0","0","0","0","0","0","0","0","0","0","40.875454","36.364426","4.51103","9.225572","0.856449"
"D:\HAA\dACC revisions\Run 4\Br6471_dACC_20x_img_021-MaxIP-Stitched_unmixed_rotated.nd2","Layer 1","dACC_v17_ FISH-IF v2.4.4","2259","7770","7796","5097","5127","0","0","0","0","1","1","1639.3081","0","384.32083","0","0","0","0","0","0","0","0","0","0","0","0","0","0","0","0","0","0","0","0","115.721725","81.06045","34.66128","25.74578","0.87992"
"D:\HAA\dACC revisions\Run 4\Br6471_dACC_20x_img_021-MaxIP-Stitched_unmixed_rotated.nd2","Layer 1","dACC_v17_ FISH-IF v2.4.4","2260","7494","7524","5099","5120","0","0","0","0","1","1","903.18945","0","220.08403","0","0","0","0","0","0","0","0","0","0","0","0","0","0","0","0","0","0","0","0","87.59683","65.73215","21.864685","24.458492","0.603147"
"D:\HAA\dACC revisions\Run 4\Br6471_dACC_20x_img_021-MaxIP-Stitched_unmixed_rotated.nd2","Layer 1","dACC_v17_ FISH-IF v2.4.4","2261","7678","7707","5104","5132","0","0","0","0","1","1","1645.075","0","344.34012","1","0.736495","0","580.86414","788.6875","0","0","0","0","0","0","0","0","0","0","0","0","0","0","0","112.36147","76.733536","35.62793","26.603973","0.899275"
"D:\HAA\dACC revisions\Run 4\Br6471_dACC_20x_img_021-MaxIP-Stitched_unmixed_rotated.nd2","Layer 1","dACC_v17_ FISH-IF v2.4.4","2262","7527","7551","5105","5130","0","0","0","0","1","1","1287.0366","0","398.0045","0","0","0","0","0","0","0","0","0","0","0","0","0","0","0","0","0","0","0","0","81.658844","61.543335","20.11551","21.02572","0.703315"
"D:\HAA\dACC revisions\Run 4\Br6471_dACC_20x_img_021-MaxIP-Stitched_unmixed_rotated.nd2","Layer 1","dACC_v17_ FISH-IF v2.4.4","2263","7561","7583","5109","5129","0","0","0","0","1","1","1404.0272","0","276.48917","0","0","0","0","0","0","0","0","0","0","0","0","0","0","0","0","0","0","0","0","61.12906","51.00226","10.126801","14.589275","0.720986"
"D:\HAA\dACC revisions\Run 4\Br6471_dACC_20x_img_021-MaxIP-Stitched_unmixed_rotated.nd2","Layer 1","dACC_v17_ FISH-IF v2.4.4","2264","7510","7533","5117","5139","0","0","0","0","1","1","975.54254","0","294.971","0","0","0","0","0","0","0","0","0","0","0","0","0","0","0","0","0","0","0","0","64.903595","49.20705","15.696543","21.240269","0.552869"
"D:\HAA\dACC revisions\Run 4\Br6471_dACC_20x_img_021-MaxIP-Stitched_unmixed_rotated.nd2","Layer 1","dACC_v17_ FISH-IF v2.4.4","2265","7574","7598","5117","5141","0","0","0","0","1","1","1578.4071","0","323.53934","0","0","0","0","0","0","0","0","0","0","0","0","0","0","0","0","0","0","0","0","77.10178","60.25447","16.847317","18.451143","0.824377"
"D:\HAA\dACC revisions\Run 4\Br6471_dACC_20x_img_021-MaxIP-Stitched_unmixed_rotated.nd2","Layer 1","dACC_v17_ FISH-IF v2.4.4","2266","7831","7861","5117","5146","0","0","0","0","1","1","1723.4775","0","388.13803","0","0","0","0","0","0","0","0","0","0","0","0","0","0","0","0","0","0","0","0","123.73111","84.69689","39.034218","27.891262","0.844216"
"D:\HAA\dACC revisions\Run 4\Br6471_dACC_20x_img_021-MaxIP-Stitched_unmixed_rotated.nd2","Layer 1","dACC_v17_ FISH-IF v2.4.4","2267","7692","7721","5126","5154","0","0","0","0","1","1","1892.0398","0","347.37537","0","0","0","0","0","0","0","0","0","0","0","0","0","0","0","0","0","0","0","0","113.97255","77.00973","36.962826","27.03307","0.900482"
"D:\HAA\dACC revisions\Run 4\Br6471_dACC_20x_img_021-MaxIP-Stitched_unmixed_rotated.nd2","Layer 1","dACC_v17_ FISH-IF v2.4.4","2268","7530","7560","5129","5156","0","0","0","0","1","1","1310.1556","0","353.10138","0","0","0","0","0","0","0","0","0","0","1","0.552371","0","358.58084","649.1667","0","0","0","0","0","103.89178","74.017715","29.874065","31.538582","0.583238"
"D:\HAA\dACC revisions\Run 4\Br6471_dACC_20x_img_021-MaxIP-Stitched_unmixed_rotated.nd2","Layer 1","dACC_v17_ FISH-IF v2.4.4","2269","7559","7576","5130","5148","0","0","0","0","1","1","396.02438","0","311.76624","0","0","0","0","0","0","0","0","0","0","0","0","0","0","0","0","0","0","0","0","47.68803","43.913494","3.774535","8.367378","0.62645"
"D:\HAA\dACC revisions\Run 4\Br6471_dACC_20x_img_021-MaxIP-Stitched_unmixed_rotated.nd2","Layer 1","dACC_v17_ FISH-IF v2.4.4","2270","7563","7603","5147","5184","0","0","0","0","1","1","1874.4309","0","480.38824","0","0","0","0","0","0","0","0","0","0","0","0","0","0","0","0","0","0","0","0","196.55202","108.955185","87.59683","51.92066","0.712147"
"D:\HAA\dACC revisions\Run 4\Br6471_dACC_20x_img_021-MaxIP-Stitched_unmixed_rotated.nd2","Layer 1","dACC_v17_ FISH-IF v2.4.4","2271","7534","7553","5153","5168","0","0","0","0","1","1","1482.5","0","467.06097","0","0","0","0","0","0","0","0","0","0","0","0","0","0","0","0","0","0","0","0","43.361126","26.421747","16.939377","18.88024","0.704023"
"D:\HAA\dACC revisions\Run 4\Br6471_dACC_20x_img_021-MaxIP-Stitched_unmixed_rotated.nd2","Layer 1","dACC_v17_ FISH-IF v2.4.4","2272","7690","7710","5151","5173","0","0","0","0","1","1","1460.6495","0","234.05817","0","0","0","0","0","0","0","0","0","0","0","0","0","0","0","0","0","0","0","0","63.79885","53.02762","10.771235","14.160179","0.798258"
"D:\HAA\dACC revisions\Run 4\Br6471_dACC_20x_img_021-MaxIP-Stitched_unmixed_rotated.nd2","Layer 1","dACC_v17_ FISH-IF v2.4.4","2273","7766","7796","5151","5176","0","0","0","0","1","1","1585.071","0","399.4608","0","0","0","0","0","0","0","0","0","0","0","0","0","0","0","0","0","0","0","0","107.89647","65.13375","42.762722","28.320358","0.817667"
"D:\HAA\dACC revisions\Run 4\Br6471_dACC_20x_img_021-MaxIP-Stitched_unmixed_rotated.nd2","Layer 1","dACC_v17_ FISH-IF v2.4.4","2274","7550","7566","5153","5178","0","0","0","0","1","1","2088.9133","0","461.1837","0","0","0","0","0","0","0","0","0","0","0","0","0","0","0","0","0","0","0","0","51.5086","36.088238","15.420358","18.451143","0.679441"
"D:\HAA\dACC revisions\Run 4\Br6471_dACC_20x_img_021-MaxIP-Stitched_unmixed_rotated.nd2","Layer 1","dACC_v17_ FISH-IF v2.4.4","2275","7794","7816","5161","5182","0","0","0","0","1","1","1086.4911","0","255.70525","0","0","0","0","0","0","0","0","0","0","0","0","0","0","0","0","0","0","0","0","68.125755","55.28313","12.842626","15.018372","0.862959"
"D:\HAA\dACC revisions\Run 4\Br6471_dACC_20x_img_021-MaxIP-Stitched_unmixed_rotated.nd2","Layer 1","dACC_v17_ FISH-IF v2.4.4","2276","7530","7556","5168","5193","0","0","0","0","1","1","1471.5122","0","486.98273","0","0","0","0","0","0","0","0","0","0","0","0","0","0","0","0","0","0","0","0","81.612816","40.000866","41.61195","30.46584","0.795015"
"D:\HAA\dACC revisions\Run 4\Br6471_dACC_20x_img_021-MaxIP-Stitched_unmixed_rotated.nd2","Layer 1","dACC_v17_ FISH-IF v2.4.4","2277","7767","7797","5174","5210","0","0","0","0","1","1","1729.5251","0","421.05637","0","0","0","0","0","0","0","0","0","0","0","0","0","0","0","0","0","0","0","0","164.79068","89.85235","74.93833","42.05144","0.675908"
"D:\HAA\dACC revisions\Run 4\Br6471_dACC_20x_img_021-MaxIP-Stitched_unmixed_rotated.nd2","Layer 1","dACC_v17_ FISH-IF v2.4.4","2278","7563","7585","5176","5204","0","0","0","0","1","1","1343.5282","0","327.5871","0","0","0","0","0","0","0","0","0","0","0","0","0","0","0","0","0","0","0","0","88.24127","61.313183","26.928087","25.316685","0.613261"
"D:\HAA\dACC revisions\Run 4\Br6471_dACC_20x_img_021-MaxIP-Stitched_unmixed_rotated.nd2","Layer 1","dACC_v17_ FISH-IF v2.4.4","2279","7522","7545","5177","5201","0","0","0","0","1","1","1299.6826","0","524.01843","0","0","0","0","0","0","0","0","0","0","0","0","0","0","0","0","0","0","0","0","61.589367","37.515198","24.07417","23.171202","0.785277"
"D:\HAA\dACC revisions\Run 4\Br6471_dACC_20x_img_021-MaxIP-Stitched_unmixed_rotated.nd2","Layer 1","dACC_v17_ FISH-IF v2.4.4","2280","7536","7562","5193","5226","0","0","0","0","1","1","1573.175","0","454.42767","0","0","0","0","0","0","0","0","0","0","0","0","0","0","0","0","0","0","0","0","125.066","73.511375","51.554626","34.327705","0.793797"
"D:\HAA\dACC revisions\Run 4\Br6471_dACC_20x_img_021-MaxIP-Stitched_unmixed_rotated.nd2","Layer 1","dACC_v17_ FISH-IF v2.4.4","2281","7519","7536","5199","5221","0","0","0","0","1","1","1396.4841","0","497.8514","0","0","0","0","0","0","0","0","0","0","0","0","0","0","0","0","0","0","0","0","56.433907","39.034218","17.399687","18.451143","0.731388"
"D:\HAA\dACC revisions\Run 4\Br6471_dACC_20x_img_021-MaxIP-Stitched_unmixed_rotated.nd2","Layer 1","dACC_v17_ FISH-IF v2.4.4","2282","7791","7815","5200","5224","0","0","0","0","1","1","1336.0187","0","284.12445","0","0","0","0","0","0","0","0","0","0","0","0","0","0","0","0","0","0","0","0","81.2906","63.982975","17.307625","18.022047","0.859443"
"D:\HAA\dACC revisions\Run 4\Br6471_dACC_20x_img_021-MaxIP-Stitched_unmixed_rotated.nd2","Layer 1","dACC_v17_ FISH-IF v2.4.4","2283","7770","7791","5210","5231","0","0","0","0","1","1","1736.6835","0","286.11597","0","0","0","0","0","0","0","0","0","0","0","0","0","0","0","0","0","0","0","0","67.25117","53.579987","13.671183","16.30566","0.769418"
"D:\HAA\dACC revisions\Run 4\Br6471_dACC_20x_img_021-MaxIP-Stitched_unmixed_rotated.nd2","Layer 1","dACC_v17_ FISH-IF v2.4.4","2284","7633","7655","5221","5241","0","0","0","0","1","1","1196.7091","0","338.70303","0","0","0","0","0","0","0","0","0","0","0","0","0","0","0","0","0","0","0","0","60.76081","45.57061","15.190203","16.734756","0.778717"
"D:\HAA\dACC revisions\Run 4\Br6471_dACC_20x_img_021-MaxIP-Stitched_unmixed_rotated.nd2","Layer 1","dACC_v17_ FISH-IF v2.4.4","2285","7802","7830","5231","5262","0","0","0","0","1","1","1729.9724","0","312.4877","0","0","0","0","0","0","0","0","0","0","0","0","0","0","0","0","0","0","0","0","127.96595","86.169876","41.796074","28.749454","0.888692"
"D:\HAA\dACC revisions\Run 4\Br6471_dACC_20x_img_021-MaxIP-Stitched_unmixed_rotated.nd2","Layer 1","dACC_v17_ FISH-IF v2.4.4","2286","7637","7663","5236","5264","0","0","0","0","1","1","1718.3031","0","354.73114","0","0","0","0","0","0","0","0","0","0","0","0","0","0","0","0","0","0","0","0","104.99652","69.00034","35.996178","27.676714","0.658288"
"D:\HAA\dACC revisions\Run 4\Br6471_dACC_20x_img_021-MaxIP-Stitched_unmixed_rotated.nd2","Layer 1","dACC_v17_ FISH-IF v2.4.4","2287","7760","7783","5235","5262","0","0","0","0","1","1","2057.7122","0","313.75253","0","0","0","0","0","0","0","0","0","0","0","0","0","0","0","0","0","0","0","0","88.885704","68.26385","20.621851","19.738432","0.812964"
"D:\HAA\dACC revisions\Run 4\Br6471_dACC_20x_img_021-MaxIP-Stitched_unmixed_rotated.nd2","Layer 1","dACC_v17_ FISH-IF v2.4.4","2288","7707","7747","5281","5310","0","0","0","0","1","1","1807.2926","0","367.57632","0","0","0","0","0","0","0","0","0","0","0","0","0","0","0","0","0","0","0","0","155.63054","85.93972","69.69081","40.764153","0.676938"
"D:\HAA\dACC revisions\Run 4\Br6471_dACC_20x_img_021-MaxIP-Stitched_unmixed_rotated.nd2","Layer 1","dACC_v17_ FISH-IF v2.4.4","2289","7669","7695","5282","5311","0","0","0","0","1","1","1327.5922","0","331.79126","0","0","0","0","0","0","0","0","0","0","0","0","0","0","0","0","0","0","0","0","104.95049","76.96369","27.986797","25.316685","0.716856"
"D:\HAA\dACC revisions\Run 4\Br6471_dACC_20x_img_021-MaxIP-Stitched_unmixed_rotated.nd2","Layer 1","dACC_v17_ FISH-IF v2.4.4","2290","7815","7841","5297","5324","0","0","0","0","1","1","1532.0756","0","311.94357","0","0","0","0","0","0","0","0","0","0","0","0","0","0","0","0","0","0","0","0","102.46482","75.030396","27.434427","23.171202","0.820547"
"D:\HAA\dACC revisions\Run 4\Br6471_dACC_20x_img_021-MaxIP-Stitched_unmixed_rotated.nd2","Layer 1","dACC_v17_ FISH-IF v2.4.4","2291","7724","7753","5301","5325","0","0","0","0","1","1","1507.618","0","383.72552","1","0.782526","0","639.36945","817.05884","0","0","0","0","0","0","0","0","0","0","0","0","0","0","0","97.90776","55.006947","42.900814","28.964003","0.884403"
"D:\HAA\dACC revisions\Run 4\Br6471_dACC_20x_img_021-MaxIP-Stitched_unmixed_rotated.nd2","Layer 1","dACC_v17_ FISH-IF v2.4.4","2292","7754","7778","5298","5329","0","0","0","0","1","1","1803.43","0","342.47144","1","0.690464","0","511.21936","740.4","0","0","0","0","0","0","0","0","0","0","0","0","0","0","0","115.44554","80.55411","34.891434","26.174877","0.789521"
"D:\HAA\dACC revisions\Run 4\Br6471_dACC_20x_img_021-MaxIP-Stitched_unmixed_rotated.nd2","Layer 1","dACC_v17_ FISH-IF v2.4.4","2293","7676","7711","5307","5335","0","0","0","0","1","1","2201.1719","0","377.06415","0","0","0","0","0","0","0","0","0","0","0","0","0","0","0","0","0","0","0","0","133.71982","91.14122","42.578598","31.324034","0.733344"
"D:\HAA\dACC revisions\Run 4\Br6471_dACC_20x_img_021-MaxIP-Stitched_unmixed_rotated.nd2","Layer 1","dACC_v17_ FISH-IF v2.4.4","2294","7773","7802","5314","5338","0","0","0","0","1","1","1299.3202","0","349.11642","0","0","0","0","0","0","0","0","0","0","0","0","0","0","0","0","0","0","0","0","99.88709","63.66076","36.226334","27.676714","0.817901"
"D:\HAA\dACC revisions\Run 4\Br6471_dACC_20x_img_021-MaxIP-Stitched_unmixed_rotated.nd2","Layer 1","dACC_v17_ FISH-IF v2.4.4","2295","7607","7640","5721","5752","0","0","0","0","1","1","1585.0287","0","382.19928","0","0","0","0","0","0","0","0","0","0","0","0","0","0","0","0","0","0","0","0","130.7278","77.83828","52.889523","35.400448","0.828857"
"D:\HAA\dACC revisions\Run 4\Br6471_dACC_20x_img_021-MaxIP-Stitched_unmixed_rotated.nd2","Layer 1","dACC_v17_ FISH-IF v2.4.4","2296","7656","7683","5728","5752","0","0","0","0","1","1","1715.0352","0","350.983","0","0","0","0","0","0","0","0","0","0","0","0","0","0","0","0","0","0","0","0","89.898384","64.99566","24.902727","21.454817","0.838282"
"D:\HAA\dACC revisions\Run 4\Br6471_dACC_20x_img_021-MaxIP-Stitched_unmixed_rotated.nd2","Layer 1","dACC_v17_ FISH-IF v2.4.4","2297","7557","7578","5737","5761","0","0","0","0","1","1","808.27014","0","215.28677","0","0","0","0","0","0","0","0","0","0","0","0","0","0","0","0","0","0","0","0","81.06045","61.6354","19.425047","20.167528","0.684605"
"D:\HAA\dACC revisions\Run 4\Br6471_dACC_20x_img_021-MaxIP-Stitched_unmixed_rotated.nd2","Layer 1","dACC_v17_ FISH-IF v2.4.4","2298","7616","7632","5744","5770","0","0","0","0","1","1","1525.939","0","518.2174","0","0","0","0","0","0","0","0","0","0","0","0","0","0","0","0","0","0","0","0","63.29251","33.878754","29.413755","23.814846","0.742009"
"D:\HAA\dACC revisions\Run 4\Br6471_dACC_20x_img_021-MaxIP-Stitched_unmixed_rotated.nd2","Layer 1","dACC_v17_ FISH-IF v2.4.4","2299","7633","7647","5740","5769","0","0","0","0","1","1","2080.0967","0","346.04517","0","0","0","0","0","0","0","0","0","0","0","0","0","0","0","0","0","0","0","0","68.447975","41.796074","26.651901","22.956654","0.765161"
"D:\HAA\dACC revisions\Run 4\Br6471_dACC_20x_img_021-MaxIP-Stitched_unmixed_rotated.nd2","Layer 1","dACC_v17_ FISH-IF v2.4.4","2300","7647","7668","5742","5766","0","0","0","0","1","1","1597.7533","0","355.99548","0","0","0","0","0","0","0","0","0","0","0","0","0","0","0","0","0","0","0","0","68.81622","51.09432","17.721903","18.451143","0.879615"
"D:\HAA\dACC revisions\Run 4\Br6471_dACC_20x_img_021-MaxIP-Stitched_unmixed_rotated.nd2","Layer 1","dACC_v17_ FISH-IF v2.4.4","2301","7580","7605","5756","5783","0","0","0","0","1","1","1279.4338","0","313.91074","0","0","0","0","0","0","0","0","0","0","0","0","0","0","0","0","0","0","0","0","91.18725","53.62602","37.56123","30.036743","0.756257"
"D:\HAA\dACC revisions\Run 4\Br6471_dACC_20x_img_021-MaxIP-Stitched_unmixed_rotated.nd2","Layer 1","dACC_v17_ FISH-IF v2.4.4","2302","7557","7583","5761","5794","0","0","0","0","1","1","952.4501","0","317.48993","0","0","0","0","0","0","0","0","0","0","0","0","0","0","0","0","0","0","0","0","122.48827","77.79225","44.696022","30.46584","0.711543"
"D:\HAA\dACC revisions\Run 4\Br6471_dACC_20x_img_021-MaxIP-Stitched_unmixed_rotated.nd2","Layer 1","dACC_v17_ FISH-IF v2.4.4","2303","7589","7609","5772","5785","0","0","0","0","1","1","1325.8","0","283.53876","0","0","0","0","0","0","0","0","0","0","0","0","0","0","0","0","0","0","0","0","26.283653","12.474379","13.809276","16.520208","0.69249"
"D:\HAA\dACC revisions\Run 4\Br6471_dACC_20x_img_021-MaxIP-Stitched_unmixed_rotated.nd2","Layer 1","dACC_v17_ FISH-IF v2.4.4","2304","7784","7813","5772","5802","0","0","0","0","1","1","1318.3975","0","330.23956","0","0","0","0","0","0","0","0","0","0","0","0","0","0","0","0","0","0","0","0","110.93451","71.670135","39.264374","27.462166","0.913369"
"D:\HAA\dACC revisions\Run 4\Br6471_dACC_20x_img_021-MaxIP-Stitched_unmixed_rotated.nd2","Layer 1","dACC_v17_ FISH-IF v2.4.4","2305","7607","7626","5778","5804","0","0","0","0","1","1","1109.9773","0","233.44547","0","0","0","0","0","0","0","0","0","0","0","0","0","0","0","0","0","0","0","0","66.05437","49.805454","16.248915","18.88024","0.688936"
"D:\HAA\dACC revisions\Run 4\Br6471_dACC_20x_img_021-MaxIP-Stitched_unmixed_rotated.nd2","Layer 1","dACC_v17_ FISH-IF v2.4.4","2306","7583","7607","5784","5796","0","0","0","0","1","1","1032.8676","0","406.3828","0","0","0","0","0","1","0.460309","0","278.1188","604.2","0","0","0","0","0","0","0","0","0","0","37.14695","17.675873","19.471079","18.88024","0.713371"
"D:\HAA\dACC revisions\Run 4\Br6471_dACC_20x_img_021-MaxIP-Stitched_unmixed_rotated.nd2","Layer 1","dACC_v17_ FISH-IF v2.4.4","2307","7747","7766","5786","5804","0","0","0","0","1","1","490.66116","0","143.46646","0","0","0","0","0","0","0","0","0","0","0","0","0","0","0","0","0","0","0","0","51.554626","45.984886","5.569741","9.869216","0.881544"
"D:\HAA\dACC revisions\Run 4\Br6471_dACC_20x_img_021-MaxIP-Stitched_unmixed_rotated.nd2","Layer 1","dACC_v17_ FISH-IF v2.4.4","2308","7801","7827","5786","5814","0","0","0","0","1","1","1561.9434","0","348.79486","0","0","0","0","0","0","0","0","0","0","0","0","0","0","0","0","0","0","0","0","97.86173","66.19246","31.669271","24.887589","0.835701"
"D:\HAA\dACC revisions\Run 4\Br6471_dACC_20x_img_021-MaxIP-Stitched_unmixed_rotated.nd2","Layer 1","dACC_v17_ FISH-IF v2.4.4","2309","7587","7616","5791","5822","0","0","0","0","1","1","892.8708","0","214.54433","0","0","0","0","0","0","0","0","0","0","0","0","0","0","0","0","0","0","0","0","128.88657","70.10509","58.781483","34.756805","0.750201"
"D:\HAA\dACC revisions\Run 4\Br6471_dACC_20x_img_021-MaxIP-Stitched_unmixed_rotated.nd2","Layer 1","dACC_v17_ FISH-IF v2.4.4","2310","7616","7638","5832","5860","0","0","0","0","1","1","1350.7853","0","252.67186","0","0","0","0","0","0","0","0","0","0","0","0","0","0","0","0","0","0","0","0","84.19055","67.89561","16.294945","20.596624","0.625912"
"D:\HAA\dACC revisions\Run 4\Br6471_dACC_20x_img_021-MaxIP-Stitched_unmixed_rotated.nd2","Layer 1","dACC_v17_ FISH-IF v2.4.4","2311","7818","7847","5845","5875","0","0","0","0","1","1","1264.4877","0","329.45786","0","0","0","0","0","0","0","0","0","0","1","0.644433","0","440.93015","684.2143","0","0","0","0","0","117.10265","79.72555","37.377106","28.749454","0.716199"
"D:\HAA\dACC revisions\Run 4\Br6471_dACC_20x_img_021-MaxIP-Stitched_unmixed_rotated.nd2","Layer 1","dACC_v17_ FISH-IF v2.4.4","2312","7640","7659","5854","5873","0","0","0","0","1","1","468.37097","0","121.98008","0","0","0","0","0","0","0","0","0","0","0","0","0","0","0","0","0","0","0","0","51.922874","46.215042","5.707834","9.869216","0.867133"
"D:\HAA\dACC revisions\Run 4\Br6471_dACC_20x_img_021-MaxIP-Stitched_unmixed_rotated.nd2","Layer 1","dACC_v17_ FISH-IF v2.4.4","2313","7806","7827","5862","5886","0","0","0","0","1","1","1159.2007","0","246.48686","0","0","0","0","0","0","0","0","0","0","0","0","0","0","0","0","0","0","0","0","65.409935","52.567307","12.842626","15.876565","0.815136"
"D:\HAA\dACC revisions\Run 4\Br6471_dACC_20x_img_021-MaxIP-Stitched_unmixed_rotated.nd2","Layer 1","dACC_v17_ FISH-IF v2.4.4","2314","7589","7614","5926","5950","0","0","0","0","1","1","1799.9641","0","265.66095","0","0","0","0","0","0","0","0","0","0","0","0","0","0","0","0","0","0","0","0","92.89039","69.78287","23.107521","20.596624","0.858466"
"D:\HAA\dACC revisions\Run 4\Br6471_dACC_20x_img_021-MaxIP-Stitched_unmixed_rotated.nd2","Layer 1","dACC_v17_ FISH-IF v2.4.4","2315","7559","7576","5934","5959","0","0","0","0","1","1","1704.3083","0","346.84573","0","0","0","0","0","0","0","0","0","0","0","0","0","0","0","1","2.669793","0","1263.963","473.43103","64.7655","42.670662","22.094841","20.167528","0.747555"
"D:\HAA\dACC revisions\Run 4\Br6471_dACC_20x_img_021-MaxIP-Stitched_unmixed_rotated.nd2","Layer 1","dACC_v17_ FISH-IF v2.4.4","2316","7575","7594","5936","5962","0","0","0","0","1","1","1783.1093","0","408.16498","0","0","0","0","0","0","0","0","0","0","0","0","0","0","0","0","0","0","0","0","64.7655","36.54855","28.216953","23.814846","0.682083"
"D:\HAA\dACC revisions\Run 4\Br6471_dACC_20x_img_021-MaxIP-Stitched_unmixed_rotated.nd2","Layer 1","dACC_v17_ FISH-IF v2.4.4","2317","7567","7591","5957","5978","0","0","0","0","1","1","1629.2374","0","334.11954","3","7.457009","0","8972.715","1203.2593","0","0","0","0","0","0","0","0","0","0","0","0","0","0","0","63.522667","38.896126","24.626541","22.527557","0.747566"
"D:\HAA\dACC revisions\Run 4\Br6471_dACC_20x_img_021-MaxIP-Stitched_unmixed_rotated.nd2","Layer 1","dACC_v17_ FISH-IF v2.4.4","2318","7583","7615","5961","5988","0","0","0","0","1","1","1697.556","0","279.591","0","0","0","0","0","0","0","0","0","0","0","0","0","0","0","0","0","0","0","0","117.93121","76.871635","41.059578","29.607647","0.815562"
"D:\HAA\dACC revisions\Run 4\Br6471_dACC_20x_img_021-MaxIP-Stitched_unmixed_rotated.nd2","Layer 1","dACC_v17_ FISH-IF v2.4.4","2319","7783","7802","5973","5993","0","0","0","0","1","1","362.16058","0","142.77206","0","0","0","0","0","0","0","0","0","0","0","0","0","0","0","0","0","0","0","0","53.76411","47.457874","6.306236","10.298312","0.877989"
"D:\HAA\dACC revisions\Run 4\Br6471_dACC_20x_img_021-MaxIP-Stitched_unmixed_rotated.nd2","Layer 1","dACC_v17_ FISH-IF v2.4.4","2320","7696","7710","5993","6011","0","0","0","0","1","1","625.424","0","132.75111","0","0","0","0","0","0","0","0","0","0","0","0","0","0","0","0","0","0","0","0","36.824734","31.07087","5.753865","9.869216","0.778131"
"D:\HAA\dACC revisions\Run 4\Br6471_dACC_20x_img_021-MaxIP-Stitched_unmixed_rotated.nd2","Layer 1","dACC_v17_ FISH-IF v2.4.4","2321","7708","7730","5993","6014","0","0","0","0","1","1","584.56085","0","153.57861","0","0","0","0","0","1","1.058711","0","741.5581","700.43475","0","0","0","0","0","0","0","0","0","0","66.74483","51.23241","15.512419","18.451143","0.667486"
"D:\HAA\dACC revisions\Run 4\Br6471_dACC_20x_img_021-MaxIP-Stitched_unmixed_rotated.nd2","Layer 1","dACC_v17_ FISH-IF v2.4.4","2322","7729","7762","6016","6043","0","0","0","0","1","1","1091.8885","0","253.55867","1","0.50634","0","344.3573","680.0909","0","0","0","0","0","0","0","0","0","0","0","0","0","0","0","125.8025","73.74153","52.060966","36.044094","0.667976"
"D:\HAA\dACC revisions\Run 4\Br6471_dACC_20x_img_021-MaxIP-Stitched_unmixed_rotated.nd2","Layer 1","dACC_v17_ FISH-IF v2.4.4","2323","7713","7731","6021","6043","0","0","0","0","1","1","737.1104","0","251.0333","0","0","0","0","0","0","0","0","0","0","0","0","0","0","0","0","0","0","0","0","52.889523","38.712","14.177523","17.807499","0.619686"
"D:\HAA\dACC revisions\Run 4\Br6471_dACC_20x_img_021-MaxIP-Stitched_unmixed_rotated.nd2","Layer 1","dACC_v17_ FISH-IF v2.4.4","2324","7722","7750","6039","6060","0","0","0","0","1","1","873.77924","0","277.49423","0","0","0","0","0","0","0","0","0","0","0","0","0","0","0","0","0","0","0","0","72.176476","47.780094","24.396387","25.316685","0.59187"
"D:\HAA\dACC revisions\Run 4\Br6471_dACC_20x_img_021-MaxIP-Stitched_unmixed_rotated.nd2","Layer 1","dACC_v17_ FISH-IF v2.4.4","2325","7762","7786","6044","6070","0","0","0","0","1","1","1920.7455","0","326.0391","0","0","0","0","0","0","0","0","0","0","0","0","0","0","0","0","0","0","0","0","93.81101","70.657455","23.153551","21.02572","0.819712"
"D:\HAA\dACC revisions\Run 4\Br6471_dACC_20x_img_021-MaxIP-Stitched_unmixed_rotated.nd2","Layer 1","dACC_v17_ FISH-IF v2.4.4","2326","7737","7762","6054","6076","0","0","0","0","1","1","1082.4958","0","197.6602","0","0","0","0","0","0","0","0","0","0","0","0","0","0","0","0","0","0","0","0","75.95101","59.33385","16.61716","19.738432","0.686196"
"D:\HAA\dACC revisions\Run 4\Br6471_dACC_20x_img_021-MaxIP-Stitched_unmixed_rotated.nd2","Layer 1","dACC_v17_ FISH-IF v2.4.4","2327","7745","7769","6089","6114","0","0","0","0","1","1","1436.5303","0","258.6379","0","0","0","0","0","0","0","0","0","0","0","0","0","0","0","0","0","0","0","0","83.8223","65.594055","18.228243","19.309336","0.839352"
"D:\HAA\dACC revisions\Run 4\Br6471_dACC_20x_img_021-MaxIP-Stitched_unmixed_rotated.nd2","Layer 1","dACC_v17_ FISH-IF v2.4.4","2328","7797","7820","6117","6139","0","0","0","0","1","1","1122.2183","0","335.53378","0","0","0","0","0","0","0","0","0","0","0","0","0","0","0","0","0","0","0","0","71.163795","54.500607","16.663193","18.236595","0.839887"
"D:\HAA\dACC revisions\Run 4\Br6471_dACC_20x_img_021-MaxIP-Stitched_unmixed_rotated.nd2","Layer 1","dACC_v17_ FISH-IF v2.4.4","2329","3213","3243","5741","5772","0","0","0","0","1","1","1572.8461","0","241.9368","0","0","0","0","0","0","0","0","0","0","0","0","0","0","0","0","0","0","0","0","127.64374","86.676216","40.967518","29.393099","0.807232"
"D:\HAA\dACC revisions\Run 4\Br6471_dACC_20x_img_021-MaxIP-Stitched_unmixed_rotated.nd2","Layer 1","dACC_v17_ FISH-IF v2.4.4","2330","3208","3236","5780","5808","0","0","0","0","1","1","1824.8018","0","265.1629","0","0","0","0","0","0","0","0","0","0","0","0","0","0","0","0","0","0","0","0","116.91853","81.38266","35.53587","26.174877","0.868745"
"D:\HAA\dACC revisions\Run 4\Br6471_dACC_20x_img_021-MaxIP-Stitched_unmixed_rotated.nd2","Layer 1","dACC_v17_ FISH-IF v2.4.4","2331","3153","3197","5829","5864","1","0","0","0","1","1","745.35767","0","290.40482","0","0","0","0","0","6","4.603092","1","3199.0107","694.97","0","0","0","0","0","0","0","0","0","0","215.4247","124.05332","91.37137","45.055115","0.746439"
"D:\HAA\dACC revisions\Run 4\Br6471_dACC_20x_img_021-MaxIP-Stitched_unmixed_rotated.nd2","Layer 1","dACC_v17_ FISH-IF v2.4.4","2332","3103","3132","5841","5868","1","0","0","0","1","1","666.54126","0","267.96497","0","0","0","0","0","6","8.699843","1","7863.3237","903.84656","0","0","0","0","0","0","0","0","0","0","111.76307","78.85096","32.912106","26.174877","0.731025"
"D:\HAA\dACC revisions\Run 4\Br6471_dACC_20x_img_021-MaxIP-Stitched_unmixed_rotated.nd2","Layer 1","dACC_v17_ FISH-IF v2.4.4","2333","3105","3131","5867","5898","0","0","0","1","1","1","1859.4534","0","336.6477","8","26.191591","1","46247.08","1765.7223","0","0","0","0","0","2","2.209484","0","1766.7126","799.6042","0","0","0","0","0","109.73771","80.093796","29.643911","27.891262","0.647209"
"D:\HAA\dACC revisions\Run 4\Br6471_dACC_20x_img_021-MaxIP-Stitched_unmixed_rotated.nd2","Layer 1","dACC_v17_ FISH-IF v2.4.4","2334","3067","3103","5914","5952","0","0","0","0","1","1","871.4087","0","228.98357","0","0","0","0","0","0","0","0","0","0","0","0","0","0","0","0","0","0","0","0","198.25516","114.80111","83.454056","42.05144","0.824879"
"D:\HAA\dACC revisions\Run 4\Br6471_dACC_20x_img_021-MaxIP-Stitched_unmixed_rotated.nd2","Layer 1","dACC_v17_ FISH-IF v2.4.4","2335","3300","3320","5924","5944","0","0","0","0","1","1","414.34103","0","146.15224","0","0","0","0","0","0","0","0","0","0","0","0","0","0","0","0","0","0","0","0","58.459267","50.49592","7.963349","12.014698","0.869527"
"D:\HAA\dACC revisions\Run 4\Br6471_dACC_20x_img_021-MaxIP-Stitched_unmixed_rotated.nd2","Layer 1","dACC_v17_ FISH-IF v2.4.4","2336","3124","3163","5929","5970","1","0","0","0","1","1","789.6705","0","217.00708","0","0","0","0","0","6","7.641132","1","8107.2876","1061.006","1","1.01268","0","689.0828","680.4545","1","0.736495","0","336.53204","456.9375","215.70088","123.639046","92.06184","46.7715","0.705983"
"D:\HAA\dACC revisions\Run 4\Br6471_dACC_20x_img_021-MaxIP-Stitched_unmixed_rotated.nd2","Layer 1","dACC_v17_ FISH-IF v2.4.4","2337","3269","3294","5941","5967","0","0","0","0","1","1","1629.2096","0","282.5874","0","0","0","0","0","0","0","0","0","0","0","0","0","0","0","0","0","0","0","0","96.43477","71.62411","24.810665","21.454817","0.897356"
"D:\HAA\dACC revisions\Run 4\Br6471_dACC_20x_img_021-MaxIP-Stitched_unmixed_rotated.nd2","Layer 1","dACC_v17_ FISH-IF v2.4.4","2338","3230","3253","5952","5974","1","0","0","0","1","1","429.21603","0","141.58948","0","0","0","0","0","5","6.766545","1","5399.841","787.3087","0","0","0","0","0","0","0","0","0","0","71.85426","58.64339","13.210874","15.662017","0.904019"
"D:\HAA\dACC revisions\Run 4\Br6471_dACC_20x_img_021-MaxIP-Stitched_unmixed_rotated.nd2","Layer 1","dACC_v17_ FISH-IF v2.4.4","2339","3148","3181","5984","6018","0","0","0","0","1","1","1252.6749","0","295.7552","0","0","0","0","0","1","1.288866","0","993.02496","770.4643","0","0","0","0","0","1","0.598402","0","246.35747","411.69232","149.64651","97.40142","52.24509","34.756805","0.741101"
"D:\HAA\dACC revisions\Run 4\Br6471_dACC_20x_img_021-MaxIP-Stitched_unmixed_rotated.nd2","Layer 1","dACC_v17_ FISH-IF v2.4.4","2340","3264","3284","6006","6035","0","0","0","0","1","1","751.9373","0","178.07051","0","0","0","0","0","0","0","0","0","0","0","0","0","0","0","0","0","0","0","0","85.525444","67.89561","17.62984","19.738432","0.664934"
"D:\HAA\dACC revisions\Run 4\Br6471_dACC_20x_img_021-MaxIP-Stitched_unmixed_rotated.nd2","Layer 1","dACC_v17_ FISH-IF v2.4.4","2341","3291","3319","6061","6091","0","0","0","1","1","1","2040.8174","0","333.6828","4","10.54108","1","12678.342","1202.7555","0","0","0","0","0","0","0","0","0","0","0","0","0","0","0","113.09796","80.83029","32.267673","26.603973","0.745155"
"D:\HAA\dACC revisions\Run 4\Br6471_dACC_20x_img_021-MaxIP-Stitched_unmixed_rotated.nd2","Layer 1","dACC_v17_ FISH-IF v2.4.4","2342","3139","3175","6082","6121","0","0","0","0","1","1","819.68054","0","321.80588","0","0","0","0","0","0","0","0","0","0","0","0","0","0","0","0","0","0","0","0","189.27913","114.06461","75.214516","44.196922","0.643453"
"D:\HAA\dACC revisions\Run 4\Br6471_dACC_20x_img_021-MaxIP-Stitched_unmixed_rotated.nd2","Layer 1","dACC_v17_ FISH-IF v2.4.4","2343","3061","3084","6087","6107","0","0","0","1","1","1","1214.3389","0","223.57085","5","13.901337","1","25065.629","1803.1093","0","0","0","0","0","0","0","0","0","0","0","0","0","0","0","67.98766","56.848183","11.139482","14.160179","0.770176"
"D:\HAA\dACC revisions\Run 4\Br6471_dACC_20x_img_021-MaxIP-Stitched_unmixed_rotated.nd2","Layer 1","dACC_v17_ FISH-IF v2.4.4","2344","3361","3392","6107","6136","0","0","0","1","1","1","1645.6682","0","336.07352","6","21.08216","1","30989.441","1469.9366","0","0","0","0","0","0","0","0","0","0","0","0","0","0","0","124.42157","85.157196","39.264374","28.749454","0.821002"
"D:\HAA\dACC revisions\Run 4\Br6471_dACC_20x_img_021-MaxIP-Stitched_unmixed_rotated.nd2","Layer 1","dACC_v17_ FISH-IF v2.4.4","2345","3132","3162","6112","6138","0","0","0","0","1","1","2064.6367","0","387.1599","0","0","0","0","0","0","0","0","0","0","0","0","0","0","0","0","0","0","0","0","109.69167","74.846275","34.845406","26.174877","0.862009"
"D:\HAA\dACC revisions\Run 4\Br6471_dACC_20x_img_021-MaxIP-Stitched_unmixed_rotated.nd2","Layer 1","dACC_v17_ FISH-IF v2.4.4","2346","2763","2788","6150","6183","0","0","0","0","1","1","871.2113","0","218.11226","0","0","0","0","0","0","0","0","0","0","0","0","0","0","0","0","0","0","0","0","119.081985","84.88101","34.200974","27.462166","0.665926"
"D:\HAA\dACC revisions\Run 4\Br6471_dACC_20x_img_021-MaxIP-Stitched_unmixed_rotated.nd2","Layer 1","dACC_v17_ FISH-IF v2.4.4","2347","2705","2735","6183","6214","0","0","0","0","1","1","611.5664","0","182.08044","0","0","0","0","0","0","0","0","0","0","0","0","0","0","0","0","0","0","0","0","117.93121","86.40003","31.53118","29.607647","0.647895"
"D:\HAA\dACC revisions\Run 4\Br6471_dACC_20x_img_021-MaxIP-Stitched_unmixed_rotated.nd2","Layer 1","dACC_v17_ FISH-IF v2.4.4","2348","2951","2974","6218","6239","0","0","0","0","1","1","1682.5863","0","258.66904","0","0","0","0","0","0","0","0","0","0","0","0","0","0","0","0","0","0","0","0","70.79555","57.998955","12.796595","15.447468","0.838132"
"D:\HAA\dACC revisions\Run 4\Br6471_dACC_20x_img_021-MaxIP-Stitched_unmixed_rotated.nd2","Layer 1","dACC_v17_ FISH-IF v2.4.4","2349","2728","2752","6222","6252","0","0","0","1","1","1","1645.9058","0","327.53262","10","20.529789","2","38616.44","1880.9955","0","0","0","0","0","0","0","0","0","0","0","0","0","0","0","104.67431","78.29859","26.375715","24.458492","0.683643"
"D:\HAA\dACC revisions\Run 4\Br6471_dACC_20x_img_021-MaxIP-Stitched_unmixed_rotated.nd2","Layer 1","dACC_v17_ FISH-IF v2.4.4","2350","2866","2886","6227","6249","0","0","0","0","1","1","1202.5266","0","185.69449","0","0","0","0","0","0","0","0","0","0","0","0","0","0","0","0","0","0","0","0","63.016327","53.487926","9.528399","13.301987","0.804937"
"D:\HAA\dACC revisions\Run 4\Br6471_dACC_20x_img_021-MaxIP-Stitched_unmixed_rotated.nd2","Layer 1","dACC_v17_ FISH-IF v2.4.4","2351","2888","2907","6258","6276","0","0","0","0","1","1","619.68616","0","139.66133","0","0","0","0","0","0","0","0","0","0","0","0","0","0","0","0","0","0","0","0","52.383183","46.07695","6.306236","10.298312","0.830955"
"D:\HAA\dACC revisions\Run 4\Br6471_dACC_20x_img_021-MaxIP-Stitched_unmixed_rotated.nd2","Layer 1","dACC_v17_ FISH-IF v2.4.4","2352","2875","2888","6260","6281","0","0","0","0","1","1","683.7526","0","152.66118","1","3.49835","0","3456.5996","988.0658","0","0","0","0","0","0","0","0","0","0","0","0","0","0","0","42.302414","33.556538","8.745874","12.443794","0.72551"
"D:\HAA\dACC revisions\Run 4\Br6471_dACC_20x_img_021-MaxIP-Stitched_unmixed_rotated.nd2","Layer 1","dACC_v17_ FISH-IF v2.4.4","2353","2868","2874","6261","6281","0","0","0","0","1","1","764.69336","0","170.37764","0","0","0","0","0","0","0","0","0","0","0","0","0","0","0","0","0","0","0","0","22.140871","15.236234","6.904638","10.51286","0.771571"
"D:\HAA\dACC revisions\Run 4\Br6471_dACC_20x_img_021-MaxIP-Stitched_unmixed_rotated.nd2","Layer 1","dACC_v17_ FISH-IF v2.4.4","2354","2851","2868","6262","6281","0","0","0","0","1","1","774.64575","0","175.32147","2","4.879277","0","5008.8545","1026.5566","0","0","0","0","0","0","0","0","0","0","0","0","0","0","0","50.357822","40.09293","10.264894","14.160179","0.66414"
"D:\HAA\dACC revisions\Run 4\Br6471_dACC_20x_img_021-MaxIP-Stitched_unmixed_rotated.nd2","Layer 1","dACC_v17_ FISH-IF v2.4.4","2355","2680","2707","6279","6303","0","0","0","0","1","1","1690.1166","0","256.9039","0","0","0","0","0","0","0","0","0","0","0","0","0","0","0","0","0","0","0","0","87.27462","67.52736","19.747263","20.596624","0.780128"
"D:\HAA\dACC revisions\Run 4\Br6471_dACC_20x_img_021-MaxIP-Stitched_unmixed_rotated.nd2","Layer 1","dACC_v17_ FISH-IF v2.4.4","2356","2826","2853","6338","6365","0","0","0","1","1","1","1397.7823","0","279.3593","8","18.826645","1","36037.7","1914.1858","0","0","0","0","0","0","0","0","0","0","0","0","0","0","0","105.410805","76.227196","29.183601","24.029396","0.839873"
"D:\HAA\dACC revisions\Run 4\Br6471_dACC_20x_img_021-MaxIP-Stitched_unmixed_rotated.nd2","Layer 1","dACC_v17_ FISH-IF v2.4.4","2357","2720","2745","6367","6402","0","0","0","0","1","1","945.068","0","243.57306","0","0","0","0","0","0","0","0","0","0","0","0","0","0","0","0","0","0","0","0","125.75647","88.517456","37.239014","29.17855","0.668835"
"D:\HAA\dACC revisions\Run 4\Br6471_dACC_20x_img_021-MaxIP-Stitched_unmixed_rotated.nd2","Layer 1","dACC_v17_ FISH-IF v2.4.4","2358","2675","2702","6405","6445","0","0","0","0","1","1","916.98755","0","226.72873","1","1.150773","0","928.21344","806.6","1","1.565051","0","1084.3043","692.82355","0","0","0","0","0","0","0","0","0","0","169.4398","106.56158","62.878235","36.044094","0.705911"
"D:\HAA\dACC revisions\Run 4\Br6471_dACC_20x_img_021-MaxIP-Stitched_unmixed_rotated.nd2","Layer 1","dACC_v17_ FISH-IF v2.4.4","2359","2970","2996","6423","6450","0","0","0","0","1","1","2664.3271","0","377.17532","0","0","0","0","0","0","0","0","0","0","0","0","0","0","0","0","0","0","0","0","100.531525","73.511375","27.02015","22.742105","0.944018"
"D:\HAA\dACC revisions\Run 4\Br6471_dACC_20x_img_021-MaxIP-Stitched_unmixed_rotated.nd2","Layer 1","dACC_v17_ FISH-IF v2.4.4","2360","2915","2946","6471","6502","0","0","0","0","1","1","1961.8019","0","326.95062","0","0","0","0","0","0","0","0","0","0","0","0","0","0","0","0","0","0","0","0","135.69914","90.404724","45.294422","30.894936","0.821001"
"D:\HAA\dACC revisions\Run 4\Br6471_dACC_20x_img_021-MaxIP-Stitched_unmixed_rotated.nd2","Layer 1","dACC_v17_ FISH-IF v2.4.4","2361","2730","2756","6502","6531","0","0","0","0","1","1","2372.9612","0","338.16357","0","0","0","0","0","0","0","0","0","0","0","0","0","0","0","0","0","0","0","0","106.23936","76.549416","29.689941","24.029396","0.852734"
"D:\HAA\dACC revisions\Run 4\Br6471_dACC_20x_img_021-MaxIP-Stitched_unmixed_rotated.nd2","Layer 1","dACC_v17_ FISH-IF v2.4.4","2362","2881","2903","6502","6523","0","0","0","0","1","1","1546.2217","0","294.88458","1","5.845926","0","6125.5186","1047.8268","0","0","0","0","0","0","0","0","0","0","0","0","0","0","0","65.22581","54.6387","10.587111","13.731083","0.876812"
"D:\HAA\dACC revisions\Run 4\Br6471_dACC_20x_img_021-MaxIP-Stitched_unmixed_rotated.nd2","Layer 1","dACC_v17_ FISH-IF v2.4.4","2363","5610","5637","5330","5365","0","0","0","1","1","1","1653.5957","0","312.1885","15","38.251694","3","81842.47","2139.5776","0","0","0","0","0","1","0.50634","0","373.5409","737.7273","0","0","0","0","0","137.77054","93.02848","44.74205","31.324034","0.746499"
"D:\HAA\dACC revisions\Run 4\Br6471_dACC_20x_img_021-MaxIP-Stitched_unmixed_rotated.nd2","Layer 1","dACC_v17_ FISH-IF v2.4.4","2364","5649","5665","5339","5348","0","0","0","0","1","1","637.2759","0","206.90805","2","5.155463","0","9608.724","1863.7947","0","0","0","0","0","0","0","0","0","0","0","0","0","0","0","21.358345","20.023449","1.334897","4.505512","0.660361"
"D:\HAA\dACC revisions\Run 4\Br6471_dACC_20x_img_021-MaxIP-Stitched_unmixed_rotated.nd2","Layer 1","dACC_v17_ FISH-IF v2.4.4","2365","5810","5835","5345","5374","0","0","0","1","1","1","955.6439","0","206.79112","5","17.1235","1","26167.656","1528.172","0","0","0","0","0","1","1.150773","0","815.94403","709.04","0","0","0","0","0","96.29668","74.708176","21.588501","23.600298","0.633697"
"D:\HAA\dACC revisions\Run 4\Br6471_dACC_20x_img_021-MaxIP-Stitched_unmixed_rotated.nd2","Layer 1","dACC_v17_ FISH-IF v2.4.4","2366","5654","5682","5346","5375","0","0","0","0","1","1","2044.1371","0","271.74777","1","1.841237","0","1942.2745","1054.875","0","0","0","0","0","0","0","0","0","0","0","0","0","0","0","120.14069","82.85565","37.28504","26.603973","0.861093"
"D:\HAA\dACC revisions\Run 4\Br6471_dACC_20x_img_021-MaxIP-Stitched_unmixed_rotated.nd2","Layer 1","dACC_v17_ FISH-IF v2.4.4","2367","5558","5587","5373","5407","0","0","0","0","1","1","1677.9314","0","259.47873","0","0","0","0","0","0","0","0","0","0","0","0","0","0","0","0","0","0","0","0","147.52908","95.19194","52.337154","32.182224","0.813559"
"D:\HAA\dACC revisions\Run 4\Br6471_dACC_20x_img_021-MaxIP-Stitched_unmixed_rotated.nd2","Layer 1","dACC_v17_ FISH-IF v2.4.4","2368","5657","5684","5395","5428","0","0","0","0","1","1","1951.7318","0","300.41928","0","0","0","0","0","0","0","0","0","0","0","0","0","0","0","0","0","0","0","0","127.367546","84.973076","42.394474","29.17855","0.795814"
"D:\HAA\dACC revisions\Run 4\Br6471_dACC_20x_img_021-MaxIP-Stitched_unmixed_rotated.nd2","Layer 1","dACC_v17_ FISH-IF v2.4.4","2369","5705","5732","5403","5428","0","0","0","0","1","1","1222.7917","0","224.08064","0","0","0","0","0","0","0","0","0","0","0","0","0","0","0","0","0","0","0","0","100.9458","74.201836","26.743963","23.171202","0.833894"
"D:\HAA\dACC revisions\Run 4\Br6471_dACC_20x_img_021-MaxIP-Stitched_unmixed_rotated.nd2","Layer 1","dACC_v17_ FISH-IF v2.4.4","2370","5607","5629","5403","5431","1","0","0","0","1","1","376.8262","0","148.98358","0","0","0","0","0","7","12.290255","1","10695.79","870.2659","1","0.50634","0","298.5105","589.5455","0","0","0","0","0","81.70488","64.48932","17.215563","20.596624","0.584943"
"D:\HAA\dACC revisions\Run 4\Br6471_dACC_20x_img_021-MaxIP-Stitched_unmixed_rotated.nd2","Layer 1","dACC_v17_ FISH-IF v2.4.4","2371","5592","5610","5404","5423","0","0","0","0","1","1","485.74445","0","148.49437","1","0.874587","0","1079.8392","837.8214","0","0","0","0","0","0","0","0","0","0","0","0","0","0","0","53.25777","44.972206","8.285565","12.014698","0.840636"
"D:\HAA\dACC revisions\Run 4\Br6471_dACC_20x_img_021-MaxIP-Stitched_unmixed_rotated.nd2","Layer 1","dACC_v17_ FISH-IF v2.4.4","2372","5641","5673","5422","5462","0","0","0","0","1","1","2242.6125","0","586.7167","0","0","0","0","0","0","0","0","0","0","0","0","0","0","0","0","0","0","0","0","179.65868","108.86312","70.79555","39.90596","0.758882"
"D:\HAA\dACC revisions\Run 4\Br6471_dACC_20x_img_021-MaxIP-Stitched_unmixed_rotated.nd2","Layer 1","dACC_v17_ FISH-IF v2.4.4","2373","5823","5862","5438","5468","0","0","0","0","1","1","1245.7273","0","239.02046","1","1.01268","0","834.0342","823.5909","0","0","0","0","0","0","0","0","0","0","0","0","0","0","0","163.91609","103.4775","60.438595","36.47319","0.700175"
"D:\HAA\dACC revisions\Run 4\Br6471_dACC_20x_img_021-MaxIP-Stitched_unmixed_rotated.nd2","Layer 1","dACC_v17_ FISH-IF v2.4.4","2374","5520","5557","5471","5510","1","1","0","0","1","1","751.6172","0","186.73996","0","0","0","0","0","23","39.448498","3","42920.195","1088.0059","8","7.318916","1","5824.7983","795.85535","0","0","0","0","0","218.23257","121.42956","96.80302","43.55328","0.875731"
"D:\HAA\dACC revisions\Run 4\Br6471_dACC_20x_img_021-MaxIP-Stitched_unmixed_rotated.nd2","Layer 1","dACC_v17_ FISH-IF v2.4.4","2375","5659","5690","5474","5505","0","0","0","0","1","1","1580.2716","0","280.5156","0","0","0","0","0","0","0","0","0","0","0","0","0","0","0","0","0","0","0","0","136.48167","94.455444","42.026226","31.324034","0.709819"
"D:\HAA\dACC revisions\Run 4\Br6471_dACC_20x_img_021-MaxIP-Stitched_unmixed_rotated.nd2","Layer 1","dACC_v17_ FISH-IF v2.4.4","2376","5770","5803","5489","5518","0","0","0","0","1","1","1510.0172","0","244.93932","0","0","0","0","0","1","1.01268","0","686.7813","678.1818","0","0","0","0","0","0","0","0","0","0","144.03075","93.30467","50.72607","31.324034","0.858022"
"D:\HAA\dACC revisions\Run 4\Br6471_dACC_20x_img_021-MaxIP-Stitched_unmixed_rotated.nd2","Layer 1","dACC_v17_ FISH-IF v2.4.4","2377","5818","5845","5508","5540","0","0","0","0","1","1","967.8672","0","200.12051","0","0","0","0","0","0","0","0","0","0","0","0","0","0","0","0","0","0","0","0","122.67239","85.93972","36.732674","27.891262","0.759118"
"D:\HAA\dACC revisions\Run 4\Br6471_dACC_20x_img_021-MaxIP-Stitched_unmixed_rotated.nd2","Layer 1","dACC_v17_ FISH-IF v2.4.4","2378","5678","5714","5539","5575","1","1","0","0","1","1","791.10065","0","274.2247","0","0","0","0","0","32","46.813442","4","70603.79","1508.1947","22","22.324995","3","19171.324","856.9712","1","0.50634","0","243.22737","480.36365","169.99217","113.28209","56.71009","45.269665","0.701712"
"D:\HAA\dACC revisions\Run 4\Br6471_dACC_20x_img_021-MaxIP-Stitched_unmixed_rotated.nd2","Layer 1","dACC_v17_ FISH-IF v2.4.4","2379","5533","5568","5569","5606","0","0","0","1","1","1","1462.1149","0","385.6859","20","39.816742","3","81128.805","2037.5549","0","0","0","0","0","0","0","0","0","0","0","0","0","0","0","183.7094","113.144","70.5654","41.19325","0.811464"
"D:\HAA\dACC revisions\Run 4\Br6471_dACC_20x_img_021-MaxIP-Stitched_unmixed_rotated.nd2","Layer 1","dACC_v17_ FISH-IF v2.4.4","2380","5602","5631","5576","5609","1","1","0","0","1","1","792.6485","0","168.85536","0","0","0","0","0","14","22.923397","2","26380.182","1141.6274","8","8.331596","1","6586.4717","790.54144","1","0.828557","0","380.03125","458.66666","137.40228","92.614204","44.788082","30.894936","0.742184"
"D:\HAA\dACC revisions\Run 4\Br6471_dACC_20x_img_021-MaxIP-Stitched_unmixed_rotated.nd2","Layer 1","dACC_v17_ FISH-IF v2.4.4","2381","5491","5514","5577","5604","0","0","0","0","1","1","585.8467","0","151.39641","0","0","0","0","0","0","0","0","0","0","0","0","0","0","0","0","0","0","0","0","90.036476","69.32256","20.713913","20.596624","0.742799"
"D:\HAA\dACC revisions\Run 4\Br6471_dACC_20x_img_021-MaxIP-Stitched_unmixed_rotated.nd2","Layer 1","dACC_v17_ FISH-IF v2.4.4","2382","5768","5805","5583","5616","1","0","0","0","1","1","2145.5159","0","471.65784","0","0","0","0","0","14","19.332985","2","18017.238","931.9429","2","2.255515","0","1556.5355","690.10205","0","0","0","0","0","179.7047","107.620285","72.08442","37.76048","0.878571"
"D:\HAA\dACC revisions\Run 4\Br6471_dACC_20x_img_021-MaxIP-Stitched_unmixed_rotated.nd2","Layer 1","dACC_v17_ FISH-IF v2.4.4","2383","5435","5462","5614","5654","1","1","0","0","1","1","545.9785","0","139.17775","0","0","0","0","0","20","28.07886","3","33390.184","1187.2112","7","7.180823","1","6145.2197","855.78204","0","0","0","0","0","157.3797","103.84575","53.53396","35.614998","0.663684"
"D:\HAA\dACC revisions\Run 4\Br6471_dACC_20x_img_021-MaxIP-Stitched_unmixed_rotated.nd2","Layer 1","dACC_v17_ FISH-IF v2.4.4","2384","5530","5558","5632","5663","0","0","0","1","1","1","1511.9888","0","252.54742","5","11.323606","1","16081.775","1420.1992","0","0","0","0","0","1","0.598402","0","379.29477","633.8461","0","0","0","0","0","121.88987","84.92704","36.962826","28.320358","0.758999"
"D:\HAA\dACC revisions\Run 4\Br6471_dACC_20x_img_021-MaxIP-Stitched_unmixed_rotated.nd2","Layer 1","dACC_v17_ FISH-IF v2.4.4","2385","5635","5674","5663","5697","0","0","0","0","1","1","798.9103","0","204.42052","0","0","0","0","0","0","0","0","0","0","0","0","0","0","0","1","0.598402","0","261.96194","437.76923","190.75212","111.76307","78.98905","40.335056","0.796193"
"D:\HAA\dACC revisions\Run 4\Br6471_dACC_20x_img_021-MaxIP-Stitched_unmixed_rotated.nd2","Layer 1","dACC_v17_ FISH-IF v2.4.4","2386","5680","5717","5667","5703","1","1","1","0","1","1","692.1836","0","155.11464","0","0","0","0","0","9","15.098141","1","14874.108","985.16156","37","38.06757","4","33994.57","890.8516","7","11.093451","1","5237.5356","472.12863","179.7047","110.01389","69.69081","40.764153","0.721152"
"D:\HAA\dACC revisions\Run 4\Br6471_dACC_20x_img_021-MaxIP-Stitched_unmixed_rotated.nd2","Layer 1","dACC_v17_ FISH-IF v2.4.4","2387","5597","5616","5680","5699","0","0","0","0","1","1","389.9923","0","122.93208","0","0","0","0","0","0","0","0","0","0","0","0","0","0","0","0","0","0","0","0","52.75143","46.76741","5.984019","9.869216","0.898566"
"D:\HAA\dACC revisions\Run 4\Br6471_dACC_20x_img_021-MaxIP-Stitched_unmixed_rotated.nd2","Layer 1","dACC_v17_ FISH-IF v2.4.4","2388","5550","5587","5684","5711","0","0","0","0","1","1","1173.5656","0","256.52405","0","0","0","0","0","0","0","0","0","0","0","0","0","0","0","0","0","0","0","0","140.34827","95.74431","44.60396","33.254967","0.678637"
"D:\HAA\dACC revisions\Run 4\Br6471_dACC_20x_img_021-MaxIP-Stitched_unmixed_rotated.nd2","Layer 1","dACC_v17_ FISH-IF v2.4.4","2389","4688","4708","6123","6142","0","0","0","0","1","1","1461.883","0","184.98714","0","0","0","0","0","0","0","0","0","0","0","0","0","0","0","0","0","0","0","0","57.998955","50.12767","7.871287","11.585601","0.905598"
"D:\HAA\dACC revisions\Run 4\Br6471_dACC_20x_img_021-MaxIP-Stitched_unmixed_rotated.nd2","Layer 1","dACC_v17_ FISH-IF v2.4.4","2390","5010","5031","6128","6150","0","0","0","0","1","1","1228.9115","0","198.45331","0","0","0","0","0","0","0","0","0","0","0","0","0","0","0","0","0","0","0","0","69.138435","57.1704","11.968039","15.018372","0.790147"
"D:\HAA\dACC revisions\Run 4\Br6471_dACC_20x_img_021-MaxIP-Stitched_unmixed_rotated.nd2","Layer 1","dACC_v17_ FISH-IF v2.4.4","2391","4925","4952","6141","6179","0","0","0","0","1","1","1418.4532","0","326.1109","0","0","0","0","0","0","0","0","0","0","0","0","0","0","0","0","0","0","0","0","157.42574","101.26802","56.15772","33.89861","0.739721"
"D:\HAA\dACC revisions\Run 4\Br6471_dACC_20x_img_021-MaxIP-Stitched_unmixed_rotated.nd2","Layer 1","dACC_v17_ FISH-IF v2.4.4","2392","4847","4879","6144","6174","0","0","0","1","1","1","1654.0623","0","282.53326","12","27.57252","2","60245.266","2184.9749","2","2.347577","0","1710.5089","728.62744","1","0.50634","0","301.5025","595.4545","0","0","0","0","0","132.10873","89.94441","42.16432","30.894936","0.758139"
"D:\HAA\dACC revisions\Run 4\Br6471_dACC_20x_img_021-MaxIP-Stitched_unmixed_rotated.nd2","Layer 1","dACC_v17_ FISH-IF v2.4.4","2393","4920","4945","6183","6205","0","0","0","0","1","1","1962.4365","0","291.52652","0","0","0","0","0","0","0","0","0","0","0","0","0","0","0","0","0","0","0","0","80.04777","63.384575","16.663193","18.022047","0.826894"
"D:\HAA\dACC revisions\Run 4\Br6471_dACC_20x_img_021-MaxIP-Stitched_unmixed_rotated.nd2","Layer 1","dACC_v17_ FISH-IF v2.4.4","2394","4985","5024","6227","6255","0","0","0","0","1","1","1228.7997","0","214.07245","0","0","0","0","0","0","0","0","0","0","0","0","0","0","0","0","0","0","0","0","156.68924","100.39343","56.29581","34.756805","0.721477"
"D:\HAA\dACC revisions\Run 4\Br6471_dACC_20x_img_021-MaxIP-Stitched_unmixed_rotated.nd2","Layer 1","dACC_v17_ FISH-IF v2.4.4","2395","5023","5052","6235","6261","1","1","0","0","1","1","876.0313","0","154.75697","0","0","0","0","0","9","15.190203","1","15457.643","1017.6061","9","9.436338","1","8652.018","916.88293","0","0","0","0","0","102.41879","75.95101","26.467777","24.458492","0.721134"
"D:\HAA\dACC revisions\Run 4\Br6471_dACC_20x_img_021-MaxIP-Stitched_unmixed_rotated.nd2","Layer 1","dACC_v17_ FISH-IF v2.4.4","2396","4907","4936","6246","6275","0","0","0","0","1","1","2129.5645","0","266.093","0","0","0","0","0","0","0","0","0","0","0","0","0","0","0","0","0","0","0","0","119.35817","82.165184","37.19298","26.818521","0.881617"
"D:\HAA\dACC revisions\Run 4\Br6471_dACC_20x_img_021-MaxIP-Stitched_unmixed_rotated.nd2","Layer 1","dACC_v17_ FISH-IF v2.4.4","2397","4875","4909","6258","6297","0","0","0","0","1","1","1974.466","0","502.6723","0","0","0","0","0","0","0","0","0","0","0","0","0","0","0","0","0","0","0","0","177.40315","111.8091","65.594055","41.19325","0.61385"
"D:\HAA\dACC revisions\Run 4\Br6471_dACC_20x_img_021-MaxIP-Stitched_unmixed_rotated.nd2","Layer 1","dACC_v17_ FISH-IF v2.4.4","2398","4658","4684","6259","6289","0","0","0","0","1","1","2453.5312","0","351.41614","0","0","0","0","0","0","0","0","0","0","1","0.736495","0","485.16586","658.75","2","2.899948","0","1672.8096","550.6212","111.164665","78.7589","32.405766","25.316685","0.871006"
"D:\HAA\dACC revisions\Run 4\Br6471_dACC_20x_img_021-MaxIP-Stitched_unmixed_rotated.nd2","Layer 1","dACC_v17_ FISH-IF v2.4.4","2399","5004","5033","6284","6315","0","0","0","1","1","1","1580.279","0","292.68884","6","10.955359","1","9835.841","897.8109","1","0.414278","0","705.4238","729.7619","0","0","0","0","0","0","0","0","0","0","129.20879","87.13653","42.072258","28.749454","0.864152"
"D:\HAA\dACC revisions\Run 4\Br6471_dACC_20x_img_021-MaxIP-Stitched_unmixed_rotated.nd2","Layer 1","dACC_v17_ FISH-IF v2.4.4","2400","4887","4912","6295","6312","0","0","0","0","1","1","1231.3046","0","246.31786","0","0","0","0","0","0","0","0","0","0","0","0","0","0","0","0","0","0","0","0","62.69411","52.567307","10.126801","14.589275","0.663814"
"D:\HAA\dACC revisions\Run 4\Br6471_dACC_20x_img_021-MaxIP-Stitched_unmixed_rotated.nd2","Layer 1","dACC_v17_ FISH-IF v2.4.4","2401","4864","4884","6335","6357","0","0","0","0","1","1","1165.1072","0","187.88548","0","0","0","0","0","0","0","0","0","0","0","0","0","0","0","0","0","0","0","0","61.68143","52.65937","9.022059","12.87289","0.826581"
"D:\HAA\dACC revisions\Run 4\Br6471_dACC_20x_img_021-MaxIP-Stitched_unmixed_rotated.nd2","Layer 1","dACC_v17_ FISH-IF v2.4.4","2402","4641","4680","6410","6444","0","0","0","0","1","1","1043.298","0","221.57661","0","0","0","0","0","0","0","0","0","0","0","0","0","0","0","0","0","0","0","0","189.14104","111.44085","77.70019","40.764153","0.837803"
"D:\HAA\dACC revisions\Run 4\Br6471_dACC_20x_img_021-MaxIP-Stitched_unmixed_rotated.nd2","Layer 1","dACC_v17_ FISH-IF v2.4.4","2403","4792","4819","6428","6461","0","0","0","0","1","1","1658.0193","0","307.93747","0","0","0","0","0","0","0","0","0","0","0","0","0","0","0","0","0","0","0","0","131.18811","88.33333","42.854786","29.17855","0.811375"
"D:\HAA\dACC revisions\Run 4\Br6471_dACC_20x_img_021-MaxIP-Stitched_unmixed_rotated.nd2","Layer 1","dACC_v17_ FISH-IF v2.4.4","2404","4926","4955","6456","6489","1","1","1","0","1","1","1333.7659","0","308.55304","0","0","0","0","0","10","16.294945","2","21773.361","1336.2034","5","5.984019","1","5284.2573","883.0615","6","9.666492","1","5194.8193","537.4048","115.76776","72.91297","42.854786","30.46584","0.749368"
"D:\HAA\dACC revisions\Run 4\Br6471_dACC_20x_img_021-MaxIP-Stitched_unmixed_rotated.nd2","Layer 1","dACC_v17_ FISH-IF v2.4.4","2405","4729","4760","6462","6492","0","0","0","1","1","1","1671.6172","0","290.67966","5","11.737884","1","13592.056","1157.9647","0","0","0","0","0","1","1.334897","0","1022.7149","766.13794","0","0","0","0","0","132.29286","88.517456","43.775402","29.607647","0.829226"
"D:\HAA\dACC revisions\Run 4\Br6471_dACC_20x_img_021-MaxIP-Stitched_unmixed_rotated.nd2","Layer 1","dACC_v17_ FISH-IF v2.4.4","2406","4893","4925","6465","6499","1","1","1","0","1","1","605.59033","0","209.40761","0","0","0","0","0","27","32.912106","3","39553.445","1201.7902","10","11.231544","2","8636.137","768.918","15","26.743963","3","14806.443","553.63684","153.88136","101.63627","52.24509","35.614998","0.705366"
"D:\HAA\dACC revisions\Run 4\Br6471_dACC_20x_img_021-MaxIP-Stitched_unmixed_rotated.nd2","Layer 1","dACC_v17_ FISH-IF v2.4.4","2407","4936","4966","6472","6501","0","0","0","0","1","1","1477.5891","0","352.97806","0","0","0","0","0","1","0.644433","0","602.7288","689.1579","0","0","0","0","0","1","0.966649","0","447.46655","462.90475","112.86781","71.30189","41.565918","28.320358","0.827226"
"D:\HAA\dACC revisions\Run 4\Br6471_dACC_20x_img_021-MaxIP-Stitched_unmixed_rotated.nd2","Layer 1","dACC_v17_ FISH-IF v2.4.4","2408","4758","4785","6477","6504","0","0","0","0","1","1","1940.4452","0","286.21127","0","0","0","0","0","0","0","0","0","0","0","0","0","0","0","0","0","0","0","0","110.38214","78.43668","31.945457","24.458492","0.912433"
"D:\HAA\dACC revisions\Run 4\Br6471_dACC_20x_img_021-MaxIP-Stitched_unmixed_rotated.nd2","Layer 1","dACC_v17_ FISH-IF v2.4.4","2409","4864","4892","6478","6504","0","0","0","0","1","1","1465.832","0","249.1478","0","0","0","0","0","3","5.661803","0","6025.355","1064.2114","3","3.406288","0","2253.8118","661.6622","0","0","0","0","0","106.14729","75.99705","30.150251","24.458492","0.871375"
"D:\HAA\dACC revisions\Run 4\Br6471_dACC_20x_img_021-MaxIP-Stitched_unmixed_rotated.nd2","Layer 1","dACC_v17_ FISH-IF v2.4.4","2410","4845","4864","6485","6504","0","0","0","0","1","1","782.1528","0","154.93805","0","0","0","0","0","0","0","0","0","0","0","0","0","0","0","0","0","0","0","0","53.441895","46.813442","6.628452","10.941957","0.905151"
"D:\HAA\dACC revisions\Run 4\Br6471_dACC_20x_img_021-MaxIP-Stitched_unmixed_rotated.nd2","Layer 1","dACC_v17_ FISH-IF v2.4.4","2411","5030","5051","6491","6510","0","0","0","0","1","1","1077.8077","0","175.54774","3","10.449018","0","20240.209","1937.0441","0","0","0","0","0","0","0","0","0","0","0","0","0","0","0","59.471947","51.09432","8.377627","12.229246","0.849691"
"D:\HAA\dACC revisions\Run 4\Br6471_dACC_20x_img_021-MaxIP-Stitched_unmixed_rotated.nd2","Layer 1","dACC_v17_ FISH-IF v2.4.4","2412","4638","4659","6495","6514","0","0","0","1","1","1","779.4796","0","198.64383","6","15.466389","1","33465.215","2163.738","0","0","0","0","0","0","0","0","0","0","0","0","0","0","0","60.070347","51.048286","9.022059","12.443794","0.834144"
"D:\HAA\dACC revisions\Run 4\Br6471_dACC_20x_img_021-MaxIP-Stitched_unmixed_rotated.nd2","Layer 1","dACC_v17_ FISH-IF v2.4.4","2413","5014","5046","6509","6541","0","0","0","0","1","1","1644.857","0","271.67532","3","5.339586","0","6070.2354","1136.8362","0","0","0","0","0","0","0","0","0","0","0","0","0","0","0","135.69914","90.31266","45.386486","31.75313","0.82094"
"D:\HAA\dACC revisions\Run 4\Br6471_dACC_20x_img_021-MaxIP-Stitched_unmixed_rotated.nd2","Layer 1","dACC_v17_ FISH-IF v2.4.4","2414","5882","5918","5728","5765","1","0","0","0","1","1","821.42413","0","266.67078","0","0","0","0","0","7","9.528399","1","6952.97","729.71014","0","0","0","0","0","0","0","0","0","0","187.06964","111.85513","75.214516","40.335056","0.81658"
"D:\HAA\dACC revisions\Run 4\Br6471_dACC_20x_img_021-MaxIP-Stitched_unmixed_rotated.nd2","Layer 1","dACC_v17_ FISH-IF v2.4.4","2415","5919","5950","5728","5758","0","0","0","0","1","1","1383.3057","0","261.0183","0","0","0","0","0","1","0.414278","0","254.55098","614.44446","0","0","0","0","0","0","0","0","0","0","130.12941","87.96508","42.16432","29.607647","0.813664"
"D:\HAA\dACC revisions\Run 4\Br6471_dACC_20x_img_021-MaxIP-Stitched_unmixed_rotated.nd2","Layer 1","dACC_v17_ FISH-IF v2.4.4","2416","5857","5887","5749","5777","0","0","0","0","1","1","1813.0281","0","272.14584","0","0","0","0","0","0","0","0","0","0","0","0","0","0","0","0","0","0","0","0","117.83915","81.75091","36.088238","27.03307","0.887102"
"D:\HAA\dACC revisions\Run 4\Br6471_dACC_20x_img_021-MaxIP-Stitched_unmixed_rotated.nd2","Layer 1","dACC_v17_ FISH-IF v2.4.4","2417","6137","6168","5762","5793","0","0","0","0","1","1","1756.606","0","291.23172","0","0","0","0","0","0","0","0","0","0","0","0","0","0","0","0","0","0","0","0","136.48167","89.99044","46.491226","30.46584","0.866593"
"D:\HAA\dACC revisions\Run 4\Br6471_dACC_20x_img_021-MaxIP-Stitched_unmixed_rotated.nd2","Layer 1","dACC_v17_ FISH-IF v2.4.4","2418","6179","6213","5789","5815","0","0","0","0","1","1","1541.319","0","228.75066","0","0","0","0","0","0","0","0","0","0","0","0","0","0","0","1","1.242835","0","565.4438","454.96295","127.09136","87.688896","39.402466","28.749454","0.733616"
"D:\HAA\dACC revisions\Run 4\Br6471_dACC_20x_img_021-MaxIP-Stitched_unmixed_rotated.nd2","Layer 1","dACC_v17_ FISH-IF v2.4.4","2419","6003","6024","5813","5834","0","0","0","0","1","1","1177.0088","0","187.84808","0","0","0","0","0","0","0","0","0","0","0","0","0","0","0","0","0","0","0","0","65.64009","55.14504","10.495049","14.160179","0.777259"
"D:\HAA\dACC revisions\Run 4\Br6471_dACC_20x_img_021-MaxIP-Stitched_unmixed_rotated.nd2","Layer 1","dACC_v17_ FISH-IF v2.4.4","2420","6050","6075","5825","5852","0","0","0","0","1","1","1139.3351","0","356.59134","0","0","0","0","0","0","0","0","0","0","0","0","0","0","0","1","1.01268","0","467.12177","461.27274","87.550804","60.484627","27.06618","23.171202","0.760987"
"D:\HAA\dACC revisions\Run 4\Br6471_dACC_20x_img_021-MaxIP-Stitched_unmixed_rotated.nd2","Layer 1","dACC_v17_ FISH-IF v2.4.4","2421","6026","6063","5832","5861","0","0","0","0","1","1","1731.1763","0","311.3067","0","0","0","0","0","0","0","0","0","0","0","0","0","0","0","0","0","0","0","0","141.1308","88.10317","53.02762","34.756805","0.673459"
"D:\HAA\dACC revisions\Run 4\Br6471_dACC_20x_img_021-MaxIP-Stitched_unmixed_rotated.nd2","Layer 1","dACC_v17_ FISH-IF v2.4.4","2422","5869","5910","5882","5919","0","0","0","0","1","1","920.13055","0","229.76926","0","0","0","0","0","2","3.222164","0","2677.3423","830.9143","0","0","0","0","0","0","0","0","0","0","197.70279","115.90585","81.79694","43.767826","0.765781"
"D:\HAA\dACC revisions\Run 4\Br6471_dACC_20x_img_021-MaxIP-Stitched_unmixed_rotated.nd2","Layer 1","dACC_v17_ FISH-IF v2.4.4","2423","5973","6007","5899","5930","0","0","0","0","1","1","1371.5331","0","234.74748","0","0","0","0","0","0","0","0","0","0","0","0","0","0","0","0","0","0","0","0","151.856","96.25065","55.605347","33.040417","0.873088"
"D:\HAA\dACC revisions\Run 4\Br6471_dACC_20x_img_021-MaxIP-Stitched_unmixed_rotated.nd2","Layer 1","dACC_v17_ FISH-IF v2.4.4","2424","6138","6165","5901","5927","0","0","0","0","1","1","1024.0413","0","186.27643","0","0","0","0","0","0","0","0","0","0","0","0","0","0","0","0","0","0","0","0","99.24266","73.60344","25.639221","22.31301","0.834723"
"D:\HAA\dACC revisions\Run 4\Br6471_dACC_20x_img_021-MaxIP-Stitched_unmixed_rotated.nd2","Layer 1","dACC_v17_ FISH-IF v2.4.4","2425","6004","6041","5953","5982","1","0","0","0","1","1","920.41437","0","236.89091","0","0","0","0","0","12","17.445717","2","17761.904","1018.124","2","1.933299","0","1576.7891","815.5952","1","0.368247","0","154.20357","418.75","155.03214","101.26802","53.76411","34.542255","0.692427"
"D:\HAA\dACC revisions\Run 4\Br6471_dACC_20x_img_021-MaxIP-Stitched_unmixed_rotated.nd2","Layer 1","dACC_v17_ FISH-IF v2.4.4","2426","5879","5911","5995","6030","1","0","0","0","1","1","1289.775","0","321.09012","0","0","0","0","0","10","15.788605","2","12429.637","787.25366","0","0","0","0","0","1","0.460309","0","196.73615","427.4","158.85269","100.11725","58.73545","35.1859","0.795704"
"D:\HAA\dACC revisions\Run 4\Br6471_dACC_20x_img_021-MaxIP-Stitched_unmixed_rotated.nd2","Layer 1","dACC_v17_ FISH-IF v2.4.4","2427","5999","6020","6001","6024","0","0","0","0","1","1","1599.5406","0","211.54723","0","0","0","0","0","0","0","0","0","0","1","0.644433","0","682.4083","705.9524","0","0","0","0","0","71.992355","58.965607","13.02675","15.447468","0.803371"
"D:\HAA\dACC revisions\Run 4\Br6471_dACC_20x_img_021-MaxIP-Stitched_unmixed_rotated.nd2","Layer 1","dACC_v17_ FISH-IF v2.4.4","2428","5913","5944","6020","6049","0","0","0","0","1","1","1601.8768","0","282.0617","0","0","0","0","0","0","0","0","0","0","0","0","0","0","0","0","0","0","0","0","126.538994","85.80163","40.737362","28.749454","0.841367"
"D:\HAA\dACC revisions\Run 4\Br6471_dACC_20x_img_021-MaxIP-Stitched_unmixed_rotated.nd2","Layer 1","dACC_v17_ FISH-IF v2.4.4","2429","5864","5892","6046","6068","0","0","0","0","1","1","744.39703","0","183.3775","0","0","0","0","0","0","0","0","0","0","0","0","0","0","0","0","0","0","0","0","87.91905","69.138435","18.780615","19.95298","0.671866"
"D:\HAA\dACC revisions\Run 4\Br6471_dACC_20x_img_021-MaxIP-Stitched_unmixed_rotated.nd2","Layer 1","dACC_v17_ FISH-IF v2.4.4","2430","5872","5900","6073","6101","0","0","0","0","1","1","876.768","0","193.52032","0","0","0","0","0","1","0.322216","0","193.14574","599.4286","0","0","0","0","0","0","0","0","0","0","114.3408","80.416016","33.924786","25.74578","0.84937"
"D:\HAA\dACC revisions\Run 4\Br6471_dACC_20x_img_021-MaxIP-Stitched_unmixed_rotated.nd2","Layer 1","dACC_v17_ FISH-IF v2.4.4","2431","6015","6039","6077","6100","0","0","0","0","1","1","1914.0193","0","288.42688","0","0","0","0","0","0","0","0","0","0","0","0","0","0","0","0","0","0","0","0","84.88101","65.77818","19.10283","18.88024","0.891512"
"D:\HAA\dACC revisions\Run 4\Br6471_dACC_20x_img_021-MaxIP-Stitched_unmixed_rotated.nd2","Layer 1","dACC_v17_ FISH-IF v2.4.4","2432","5941","5962","6078","6101","0","0","0","0","1","1","1590.7312","0","210.73958","0","0","0","0","0","0","0","0","0","0","0","0","0","0","0","0","0","0","0","0","69.09241","57.446587","11.645823","15.23292","0.754976"
"D:\HAA\dACC revisions\Run 4\Br6471_dACC_20x_img_021-MaxIP-Stitched_unmixed_rotated.nd2","Layer 1","dACC_v17_ FISH-IF v2.4.4","2433","6089","6122","6091","6120","0","0","0","0","1","1","1699.3085","0","294.41217","0","0","0","0","0","1","0.828557","0","533.2682","643.6111","0","0","0","0","0","0","0","0","0","0","125.89456","77.83828","48.05628","30.894936","0.847351"
"D:\HAA\dACC revisions\Run 4\Br6471_dACC_20x_img_021-MaxIP-Stitched_unmixed_rotated.nd2","Layer 1","dACC_v17_ FISH-IF v2.4.4","2434","6163","6200","6093","6122","0","0","0","0","1","1","1637.3096","0","264.2493","3","2.99201","0","2473.195","826.6","0","0","0","0","0","0","0","0","0","0","0","0","0","0","0","151.67188","98.59823","53.073647","33.89861","0.749415"
"D:\HAA\dACC revisions\Run 4\Br6471_dACC_20x_img_021-MaxIP-Stitched_unmixed_rotated.nd2","Layer 1","dACC_v17_ FISH-IF v2.4.4","2435","6201","6219","6098","6116","0","0","0","0","1","1","415.05","0","115.091385","0","0","0","0","0","0","0","0","0","0","0","0","0","0","0","0","0","0","0","0","48.424526","43.821434","4.603092","8.581926","0.887978"
"D:\HAA\dACC revisions\Run 4\Br6471_dACC_20x_img_021-MaxIP-Stitched_unmixed_rotated.nd2","Layer 1","dACC_v17_ FISH-IF v2.4.4","2436","5941","5968","6105","6136","0","0","0","0","1","1","1526.1188","0","343.29736","0","0","0","0","0","1","0.50634","0","327.83218","647.4545","0","0","0","0","0","0","0","0","0","0","111.486885","78.94302","32.543858","27.462166","0.696097"
"D:\HAA\dACC revisions\Run 4\Br6471_dACC_20x_img_021-MaxIP-Stitched_unmixed_rotated.nd2","Layer 1","dACC_v17_ FISH-IF v2.4.4","2437","6082","6112","6109","6139","0","0","0","0","1","1","2009.2206","0","378.38358","0","0","0","0","0","0","0","0","0","0","0","0","0","0","0","0","0","0","0","0","115.39951","75.12246","40.277054","28.749454","0.735555"
"D:\HAA\dACC revisions\Run 4\Br6471_dACC_20x_img_021-MaxIP-Stitched_unmixed_rotated.nd2","Layer 1","dACC_v17_ FISH-IF v2.4.4","2438","5964","5987","6119","6144","0","0","0","0","1","1","1045.4553","0","211.3509","0","0","0","0","0","0","0","0","0","0","0","0","0","0","0","0","0","0","0","0","77.60812","61.12906","16.479069","18.88024","0.738961"
"D:\HAA\dACC revisions\Run 4\Br6471_dACC_20x_img_021-MaxIP-Stitched_unmixed_rotated.nd2","Layer 1","dACC_v17_ FISH-IF v2.4.4","2439","6180","6197","6121","6141","0","0","0","1","1","1","615.407","0","169.53432","5","12.566441","1","33722.848","2683.5642","0","0","0","0","0","0","0","0","0","0","0","0","0","0","0","51.5086","43.591278","7.917318","12.014698","0.757818"
"D:\HAA\dACC revisions\Run 4\Br6471_dACC_20x_img_021-MaxIP-Stitched_unmixed_rotated.nd2","Layer 1","dACC_v17_ FISH-IF v2.4.4","2440","6196","6213","6122","6142","0","0","0","0","1","1","536.8581","0","138.86078","2","3.544381","0","3160.897","891.8052","0","0","0","0","0","0","0","0","0","0","0","0","0","0","0","48.792774","41.65798","7.134792","11.585601","0.802058"
