"Image Location","Analysis Region","Algorithm Name","Object Id","XMin","XMax","YMin","YMax","ADCYAP1+","RORB+","PCP4+","AQP4+","DAPI Positive","DAPI Positive Nucleus","DAPI Nucleus Intensity","DAPI Positive Cytoplasm","DAPI Cytoplasm Intensity","AQP4-520 Copies","AQP4-520 Area (µm²)","AQP4-520 Classification","AQP4-520 Cell Intensity","AQP4-520 Avg Intensity","ADCYAP1-520 Copies","ADCYAP1-520 Area (µm²)","ADCYAP1-520 Classification","ADCYAP1-520 Cell Intensity","ADCYAP1-520 Avg Intensity","RORB-620 Copies","RORB-620 Area (µm²)","RORB-620 Classification","RORB-620 Cell Intensity","RORB-620 Avg Intensity","PCP4-690 Copies","PCP4-690 Area (µm²)","PCP4-690 Classification","PCP4-690 Cell Intensity","PCP4-690 Avg Intensity","Cell Area (µm²)","Cytoplasm Area (µm²)","Nucleus Area (µm²)","Nucleus Perimeter (µm)","Nucleus Roundness"
"D:\HAA\dACC revisions\Run 4\Br8667_dlPFC_20x_img_006-MaxIP-Stitched_unmixed_rotated.nd2","Layer 1","dACC_v17_ FISH-IF v2.4.4","0","3331","3362","3967","3997","0","0","1","0","1","1","2489.3403","0","508.9467","0","0","0","0","0","0","0","0","0","0","0","0","0","0","0","16","33.60257","3","22609.328","672.8452","135.3309","88.93173","46.399166","31.75313","0.779964"
"D:\HAA\dACC revisions\Run 4\Br8667_dlPFC_20x_img_006-MaxIP-Stitched_unmixed_rotated.nd2","Layer 1","dACC_v17_ FISH-IF v2.4.4","1","3307","3331","3969","3994","0","0","0","0","1","1","2569.9365","0","423.0171","0","0","0","0","0","0","0","0","0","0","0","0","0","0","0","0","0","0","0","0","90.542816","67.2972","23.245613","21.02572","0.87006"
"D:\HAA\dACC revisions\Run 4\Br8667_dlPFC_20x_img_006-MaxIP-Stitched_unmixed_rotated.nd2","Layer 1","dACC_v17_ FISH-IF v2.4.4","2","3154","3179","3983","4015","1","0","0","0","1","1","700.31195","0","216.80708","0","0","0","0","0","4","7.180823","1","8044.3633","1120.2565","0","0","0","0","0","1","0.644433","0","309.41983","480.14285","101.91245","81.84297","20.06948","27.03307","0.491044"
"D:\HAA\dACC revisions\Run 4\Br8667_dlPFC_20x_img_006-MaxIP-Stitched_unmixed_rotated.nd2","Layer 1","dACC_v17_ FISH-IF v2.4.4","3","3417","3440","3989","4014","0","0","0","0","1","1","2377.9316","0","408.73724","0","0","0","0","0","1","0.828557","0","647.0566","780.94446","0","0","0","0","0","0","0","0","0","0","84.05245","65.87024","18.182213","19.309336","0.790239"
"D:\HAA\dACC revisions\Run 4\Br8667_dlPFC_20x_img_006-MaxIP-Stitched_unmixed_rotated.nd2","Layer 1","dACC_v17_ FISH-IF v2.4.4","4","3190","3210","3997","4018","0","0","0","0","1","1","1245.794","0","209.69914","0","0","0","0","0","0","0","0","0","0","0","0","0","0","0","0","0","0","0","0","62.556015","53.395863","9.160152","13.301987","0.74222"
"D:\HAA\dACC revisions\Run 4\Br8667_dlPFC_20x_img_006-MaxIP-Stitched_unmixed_rotated.nd2","Layer 1","dACC_v17_ FISH-IF v2.4.4","5","3227","3251","4001","4020","0","0","0","1","1","1","2636.5642","0","453.77734","4","4.326906","1","3878.7493","896.42554","1","0.690464","0","525.581","761.2","0","0","0","0","0","0","0","0","0","0","71.30189","48.378494","22.923397","20.596624","0.74905"
"D:\HAA\dACC revisions\Run 4\Br8667_dlPFC_20x_img_006-MaxIP-Stitched_unmixed_rotated.nd2","Layer 1","dACC_v17_ FISH-IF v2.4.4","6","3347","3375","4002","4027","0","0","0","0","1","1","3491.042","0","439.57324","0","0","0","0","0","0","0","0","0","0","0","0","0","0","0","0","0","0","0","0","88.14921","50.910194","37.239014","30.251291","0.700416"
"D:\HAA\dACC revisions\Run 4\Br8667_dlPFC_20x_img_006-MaxIP-Stitched_unmixed_rotated.nd2","Layer 1","dACC_v17_ FISH-IF v2.4.4","7","3227","3254","4020","4038","0","0","0","1","1","1","3068.9563","0","416.09055","4","12.244224","1","15761.17","1287.233","0","0","0","0","0","1","0.736495","0","554.35034","752.6875","1","0.368247","0","164.19228","445.875","69.87493","47.780094","22.094841","20.596624","0.703671"
"D:\HAA\dACC revisions\Run 4\Br8667_dlPFC_20x_img_006-MaxIP-Stitched_unmixed_rotated.nd2","Layer 1","dACC_v17_ FISH-IF v2.4.4","8","3344","3370","4021","4045","0","0","0","0","1","1","3230.7961","0","487.49408","0","0","0","0","0","0","0","0","0","0","0","0","0","0","0","0","0","0","0","0","77.74622","46.58329","31.162931","25.96033","0.731447"
"D:\HAA\dACC revisions\Run 4\Br8667_dlPFC_20x_img_006-MaxIP-Stitched_unmixed_rotated.nd2","Layer 1","dACC_v17_ FISH-IF v2.4.4","9","3366","3386","4020","4042","0","0","0","0","1","1","3033.1128","0","431.6377","0","0","0","0","0","0","0","0","0","0","0","0","0","0","0","0","0","0","0","0","55.237103","38.113598","17.1235","20.167528","0.720677"
"D:\HAA\dACC revisions\Run 4\Br8667_dlPFC_20x_img_006-MaxIP-Stitched_unmixed_rotated.nd2","Layer 1","dACC_v17_ FISH-IF v2.4.4","10","3165","3201","4021","4053","0","0","1","0","1","1","2479.268","0","442.9337","0","0","0","0","0","0","0","0","0","0","0","0","0","0","0","7","11.047421","1","6539.06","591.9083","155.95274","103.43147","52.52128","36.902287","0.635725"
"D:\HAA\dACC revisions\Run 4\Br8667_dlPFC_20x_img_006-MaxIP-Stitched_unmixed_rotated.nd2","Layer 1","dACC_v17_ FISH-IF v2.4.4","11","3127","3154","4045","4068","0","0","0","0","1","1","2543.4058","0","357.0803","0","0","0","0","0","0","0","0","0","0","0","0","0","0","0","0","0","0","0","0","85.57147","68.21782","17.353657","20.167528","0.633753"
"D:\HAA\dACC revisions\Run 4\Br8667_dlPFC_20x_img_006-MaxIP-Stitched_unmixed_rotated.nd2","Layer 1","dACC_v17_ FISH-IF v2.4.4","12","3157","3192","4073","4107","1","0","0","0","1","1","1933.0929","0","348.95767","0","0","0","0","0","10","13.53309","2","15715.231","1161.2449","2","1.426958","0","1025.7529","718.8387","0","0","0","0","0","168.19698","103.29338","64.903595","36.902287","0.838526"
"D:\HAA\dACC revisions\Run 4\Br8667_dlPFC_20x_img_006-MaxIP-Stitched_unmixed_rotated.nd2","Layer 1","dACC_v17_ FISH-IF v2.4.4","13","3321","3340","4094","4112","0","0","0","0","1","1","368.65048","0","153.31107","0","0","0","0","0","0","0","0","0","0","0","0","0","0","0","0","0","0","0","0","48.838802","44.09762","4.741185","8.796475","0.867752"
"D:\HAA\dACC revisions\Run 4\Br8667_dlPFC_20x_img_006-MaxIP-Stitched_unmixed_rotated.nd2","Layer 1","dACC_v17_ FISH-IF v2.4.4","14","3232","3273","4099","4131","1","0","0","0","1","1","2490.6724","0","679.5006","0","0","0","0","0","16","17.998089","3","40342.508","2241.4885","0","0","0","0","0","0","0","0","0","0","171.87944","110.05992","61.819523","42.695087","0.597008"
"D:\HAA\dACC revisions\Run 4\Br8667_dlPFC_20x_img_006-MaxIP-Stitched_unmixed_rotated.nd2","Layer 1","dACC_v17_ FISH-IF v2.4.4","15","3074","3093","4105","4124","0","0","0","0","1","1","437.541","0","209.59337","0","0","0","0","0","0","0","0","0","0","0","0","0","0","0","0","0","0","0","0","51.462566","45.846794","5.615772","9.869216","0.896228"
"D:\HAA\dACC revisions\Run 4\Br8667_dlPFC_20x_img_006-MaxIP-Stitched_unmixed_rotated.nd2","Layer 1","dACC_v17_ FISH-IF v2.4.4","16","3344","3364","4122","4141","0","0","0","0","1","1","740.1812","0","172.70438","0","0","0","0","0","1","1.380928","0","1364.9548","956.5484","0","0","0","0","0","0","0","0","0","0","55.28313","48.424526","6.858607","11.156505","0.865764"
"D:\HAA\dACC revisions\Run 4\Br8667_dlPFC_20x_img_006-MaxIP-Stitched_unmixed_rotated.nd2","Layer 1","dACC_v17_ FISH-IF v2.4.4","17","3247","3261","4129","4143","0","0","0","0","1","1","1213","0","667.24225","0","0","0","0","0","1","0.460309","0","772.53687","1678.3","0","0","0","0","0","0","0","0","0","0","29.505817","28.124891","1.380928","4.934608","0.664477"
"D:\HAA\dACC revisions\Run 4\Br8667_dlPFC_20x_img_006-MaxIP-Stitched_unmixed_rotated.nd2","Layer 1","dACC_v17_ FISH-IF v2.4.4","18","3259","3286","4128","4154","1","0","0","0","1","1","2722.6465","0","532.21814","0","0","0","0","0","7","10.909328","1","15989.254","1465.6498","0","0","0","0","0","0","0","0","0","0","102.8791","63.936943","38.942158","28.320358","0.751542"
"D:\HAA\dACC revisions\Run 4\Br8667_dlPFC_20x_img_006-MaxIP-Stitched_unmixed_rotated.nd2","Layer 1","dACC_v17_ FISH-IF v2.4.4","19","3284","3304","4131","4154","0","0","0","0","1","1","2959.0024","0","414.03622","0","0","0","0","0","0","0","0","0","0","0","0","0","0","0","0","0","0","0","0","65.54803","46.997566","18.550459","18.88024","0.747866"
"D:\HAA\dACC revisions\Run 4\Br8667_dlPFC_20x_img_006-MaxIP-Stitched_unmixed_rotated.nd2","Layer 1","dACC_v17_ FISH-IF v2.4.4","20","3417","3441","4143","4174","0","0","0","1","1","1","2541.2734","0","404.52756","9","25.823345","1","40703.344","1576.2228","0","0","0","0","0","1","1.058711","0","839.0516","792.5217","0","0","0","0","0","118.94389","74.339935","44.60396","29.607647","0.828629"
"D:\HAA\dACC revisions\Run 4\Br8667_dlPFC_20x_img_006-MaxIP-Stitched_unmixed_rotated.nd2","Layer 1","dACC_v17_ FISH-IF v2.4.4","21","3338","3365","4147","4182","0","0","0","0","1","1","2203.8499","0","349.87363","0","0","0","0","0","0","0","0","0","0","0","0","0","0","0","0","0","0","0","0","126.44693","91.78565","34.66128","30.46584","0.619462"
"D:\HAA\dACC revisions\Run 4\Br8667_dlPFC_20x_img_006-MaxIP-Stitched_unmixed_rotated.nd2","Layer 1","dACC_v17_ FISH-IF v2.4.4","22","3441","3463","4147","4179","1","0","0","0","1","1","2141.123","0","596.7065","3","3.636442","0","5050.4663","1388.8481","4","6.168143","1","9510.494","1541.8732","0","0","0","0","0","0","0","0","0","0","110.474205","70.10509","40.369114","30.894936","0.73908"
"D:\HAA\dACC revisions\Run 4\Br8667_dlPFC_20x_img_006-MaxIP-Stitched_unmixed_rotated.nd2","Layer 1","dACC_v17_ FISH-IF v2.4.4","23","3464","3483","4151","4174","1","0","1","0","1","1","763.528","0","285.91043","0","0","0","0","0","10","10.356956","2","13005.852","1255.76","0","0","0","0","0","4","3.452319","1","1778.5886","515.18665","65.27184","40.59927","24.672571","22.956654","0.786831"
"D:\HAA\dACC revisions\Run 4\Br8667_dlPFC_20x_img_006-MaxIP-Stitched_unmixed_rotated.nd2","Layer 1","dACC_v17_ FISH-IF v2.4.4","24","2453","2487","3970","4005","0","0","0","0","1","1","1895.1466","0","412.81805","0","0","0","0","0","0","0","0","0","0","0","0","0","0","0","1","2.163453","0","1046.513","483.72342","169.53188","102.97116","66.56071","36.47319","0.897671"
"D:\HAA\dACC revisions\Run 4\Br8667_dlPFC_20x_img_006-MaxIP-Stitched_unmixed_rotated.nd2","Layer 1","dACC_v17_ FISH-IF v2.4.4","25","2387","2412","3982","4008","0","0","0","0","1","1","2065.0828","0","389.2603","0","0","0","0","0","0","0","0","0","0","0","0","0","0","0","1","1.104742","0","542.15216","490.75","93.626884","69.138435","24.488447","22.31301","0.857037"
"D:\HAA\dACC revisions\Run 4\Br8667_dlPFC_20x_img_006-MaxIP-Stitched_unmixed_rotated.nd2","Layer 1","dACC_v17_ FISH-IF v2.4.4","26","2598","2635","3991","4021","1","0","0","0","1","1","1865.1836","0","572.2308","0","0","0","0","0","11","13.487059","2","14136.141","1030.5403","0","0","0","0","0","1","0.368247","0","161.9828","439.875","162.76532","102.32673","60.438595","35.1859","0.790804"
"D:\HAA\dACC revisions\Run 4\Br8667_dlPFC_20x_img_006-MaxIP-Stitched_unmixed_rotated.nd2","Layer 1","dACC_v17_ FISH-IF v2.4.4","27","2302","2333","4003","4032","0","0","0","1","1","1","2367.353","0","494.694","11","21.956747","2","27278.566","1242.3773","0","0","0","0","0","1","0.644433","0","478.12314","741.9286","3","2.853917","0","1382.2625","484.3387","122.71843","77.47003","45.24839","32.182224","0.727987"
"D:\HAA\dACC revisions\Run 4\Br8667_dlPFC_20x_img_006-MaxIP-Stitched_unmixed_rotated.nd2","Layer 1","dACC_v17_ FISH-IF v2.4.4","28","2428","2472","4004","4023","0","0","0","0","1","1","2846.078","0","454.1966","0","0","0","0","0","0","0","0","0","0","0","0","0","0","0","0","0","0","0","0","120.37085","80.78426","39.58659","35.400448","0.475992"
"D:\HAA\dACC revisions\Run 4\Br8667_dlPFC_20x_img_006-MaxIP-Stitched_unmixed_rotated.nd2","Layer 1","dACC_v17_ FISH-IF v2.4.4","29","2369","2403","4005","4043","0","0","0","0","1","1","2840.3425","0","632.5789","0","0","0","0","0","1","1.334897","0","1194.2261","894.62067","0","0","0","0","0","1","0.552371","0","266.05872","481.66666","183.47923","108.77106","74.708176","41.622345","0.790044"
"D:\HAA\dACC revisions\Run 4\Br8667_dlPFC_20x_img_006-MaxIP-Stitched_unmixed_rotated.nd2","Layer 1","dACC_v17_ FISH-IF v2.4.4","30","2335","2369","4007","4039","1","0","1","0","1","1","1632.1292","0","398.61377","0","0","0","0","0","6","8.976028","1","10074.234","1122.3488","3","2.715824","0","2382.054","877.1017","12","16.893347","2","9921.642","571.7321","168.65729","102.37276","66.28452","36.044094","0.848491"
"D:\HAA\dACC revisions\Run 4\Br8667_dlPFC_20x_img_006-MaxIP-Stitched_unmixed_rotated.nd2","Layer 1","dACC_v17_ FISH-IF v2.4.4","31","2429","2449","4021","4044","0","0","0","0","1","1","3090.529","0","549.681","0","0","0","0","0","0","0","0","0","0","0","0","0","0","0","0","0","0","0","0","73.511375","42.71669","30.794683","24.029396","0.743023"
"D:\HAA\dACC revisions\Run 4\Br8667_dlPFC_20x_img_006-MaxIP-Stitched_unmixed_rotated.nd2","Layer 1","dACC_v17_ FISH-IF v2.4.4","32","2450","2472","4022","4045","0","0","0","0","1","1","3437.7224","0","526.37964","0","0","0","0","0","0","0","0","0","0","0","0","0","0","0","1","0.736495","0","587.8148","510.8","79.21921","47.0436","32.17561","24.029396","0.78072"
"D:\HAA\dACC revisions\Run 4\Br8667_dlPFC_20x_img_006-MaxIP-Stitched_unmixed_rotated.nd2","Layer 1","dACC_v17_ FISH-IF v2.4.4","33","2307","2341","4029","4055","1","0","1","0","1","1","1647.9506","0","379.9291","1","2.255515","0","1812.7435","803.69385","4","7.226854","1","8599.727","1189.9681","0","0","0","0","0","8","11.783915","1","6843.0483","580.71094","130.22147","81.79694","48.424526","34.327705","0.646098"
"D:\HAA\dACC revisions\Run 4\Br8667_dlPFC_20x_img_006-MaxIP-Stitched_unmixed_rotated.nd2","Layer 1","dACC_v17_ FISH-IF v2.4.4","34","2640","2665","4035","4064","0","0","0","0","1","1","3181.0388","0","902.2864","0","0","0","0","0","2","3.222164","0","6059.418","1880.5428","0","0","0","0","0","0","0","0","0","0","99.749","67.66545","32.08355","24.458492","0.787699"
"D:\HAA\dACC revisions\Run 4\Br8667_dlPFC_20x_img_006-MaxIP-Stitched_unmixed_rotated.nd2","Layer 1","dACC_v17_ FISH-IF v2.4.4","35","2381","2401","4044","4065","0","0","0","0","1","1","1288.0302","0","206.12466","0","0","0","0","0","1","1.150773","0","1360.5819","923.6875","0","0","0","0","0","0","0","0","0","0","58.22911","50.58798","7.641132","12.229246","0.798638"
"D:\HAA\dACC revisions\Run 4\Br8667_dlPFC_20x_img_006-MaxIP-Stitched_unmixed_rotated.nd2","Layer 1","dACC_v17_ FISH-IF v2.4.4","36","2585","2618","4049","4085","1","0","0","0","1","1","1947.3468","0","437.64847","0","0","0","0","0","11","18.964739","2","19467.12","1026.4902","0","0","0","0","0","3","4.603092","0","2482.5396","539.32","155.26228","90.2206","65.04169","37.331383","0.806614"
"D:\HAA\dACC revisions\Run 4\Br8667_dlPFC_20x_img_006-MaxIP-Stitched_unmixed_rotated.nd2","Layer 1","dACC_v17_ FISH-IF v2.4.4","37","2635","2653","4053","4071","0","0","0","0","1","1","2982.5952","0","604.92566","0","0","0","0","0","0","0","0","0","0","0","0","0","0","0","0","0","0","0","0","38.619938","32.820045","5.799896","9.869216","0.763451"
"D:\HAA\dACC revisions\Run 4\Br8667_dlPFC_20x_img_006-MaxIP-Stitched_unmixed_rotated.nd2","Layer 1","dACC_v17_ FISH-IF v2.4.4","38","2294","2316","4059","4082","0","0","0","0","1","1","3048.0564","0","470.29373","0","0","0","0","0","0","0","0","0","0","0","0","0","0","0","1","0.690464","0","334.2305","484.06668","77.10178","54.224422","22.877365","21.454817","0.726436"
"D:\HAA\dACC revisions\Run 4\Br8667_dlPFC_20x_img_006-MaxIP-Stitched_unmixed_rotated.nd2","Layer 1","dACC_v17_ FISH-IF v2.4.4","39","2544","2579","4060","4093","1","0","0","0","1","1","2618.5671","0","507.4201","0","0","0","0","0","6","10.356956","1","12244.316","1182.2311","0","0","0","0","0","1","0.966649","0","488.6642","505.5238","148.12749","86.998436","61.12906","40.335056","0.624666"
"D:\HAA\dACC revisions\Run 4\Br8667_dlPFC_20x_img_006-MaxIP-Stitched_unmixed_rotated.nd2","Layer 1","dACC_v17_ FISH-IF v2.4.4","40","2267","2299","4061","4093","1","0","1","0","1","1","2217.0654","0","436.28336","0","0","0","0","0","16","24.442417","3","35299.176","1428.041","0","0","0","0","0","10","15.282265","2","8362.207","547.1837","144.35295","86.58415","57.768803","34.756805","0.73427"
"D:\HAA\dACC revisions\Run 4\Br8667_dlPFC_20x_img_006-MaxIP-Stitched_unmixed_rotated.nd2","Layer 1","dACC_v17_ FISH-IF v2.4.4","41","2573","2601","4066","4099","1","0","0","0","1","1","1640.2913","0","545.6225","0","0","0","0","0","6","6.766545","1","8520.967","1259.2789","0","0","0","0","0","1","0.460309","0","209.21053","454.5","108.86312","62.556015","46.307102","35.614998","0.764247"
"D:\HAA\dACC revisions\Run 4\Br8667_dlPFC_20x_img_006-MaxIP-Stitched_unmixed_rotated.nd2","Layer 1","dACC_v17_ FISH-IF v2.4.4","42","2345","2383","4067","4099","0","0","0","0","1","1","2819.5059","0","482.19348","0","0","0","0","0","0","0","0","0","0","0","0","0","0","0","1","1.472989","0","736.1264","499.75","169.94615","105.87111","64.075035","39.90596","0.661221"
"D:\HAA\dACC revisions\Run 4\Br8667_dlPFC_20x_img_006-MaxIP-Stitched_unmixed_rotated.nd2","Layer 1","dACC_v17_ FISH-IF v2.4.4","43","2383","2418","4072","4105","1","0","1","0","1","1","2014.2195","0","366.31448","0","0","0","0","0","5","7.595101","1","8254.402","1086.806","0","0","0","0","0","10","11.461699","2","6663.528","558.92664","157.79399","100.11725","57.67674","37.76048","0.722663"
"D:\HAA\dACC revisions\Run 4\Br8667_dlPFC_20x_img_006-MaxIP-Stitched_unmixed_rotated.nd2","Layer 1","dACC_v17_ FISH-IF v2.4.4","44","2307","2336","4090","4118","0","0","0","0","1","1","3167.1172","0","405.09262","0","0","0","0","0","0","0","0","0","0","0","0","0","0","0","0","0","0","0","0","113.92652","80.50807","33.418446","26.389425","0.848092"
"D:\HAA\dACC revisions\Run 4\Br8667_dlPFC_20x_img_006-MaxIP-Stitched_unmixed_rotated.nd2","Layer 1","dACC_v17_ FISH-IF v2.4.4","45","2429","2453","4102","4122","0","0","0","0","1","1","2907.2358","0","358.3055","0","0","0","0","0","0","0","0","0","0","0","0","0","0","0","0","0","0","0","0","55.467255","40.829422","14.637832","18.236595","0.73022"
"D:\HAA\dACC revisions\Run 4\Br8667_dlPFC_20x_img_006-MaxIP-Stitched_unmixed_rotated.nd2","Layer 1","dACC_v17_ FISH-IF v2.4.4","46","2436","2460","4111","4134","0","0","0","0","1","1","2611.8882","0","364.06577","0","0","0","0","0","0","0","0","0","0","0","0","0","0","0","0","0","0","0","0","69.00034","47.59597","21.404377","21.240269","0.811702"
"D:\HAA\dACC revisions\Run 4\Br8667_dlPFC_20x_img_006-MaxIP-Stitched_unmixed_rotated.nd2","Layer 1","dACC_v17_ FISH-IF v2.4.4","47","2579","2614","4116","4153","0","0","0","0","1","1","929.58673","0","223.82892","0","0","0","0","0","3","3.406288","0","2953.988","867.2162","0","0","0","0","0","2","2.393608","0","1097.9294","458.69232","141.54507","104.12193","37.423138","39.476864","0.514323"
"D:\HAA\dACC revisions\Run 4\Br8667_dlPFC_20x_img_006-MaxIP-Stitched_unmixed_rotated.nd2","Layer 1","dACC_v17_ FISH-IF v2.4.4","48","2274","2300","4124","4156","0","0","0","1","1","1","2369.2805","0","535.0595","11","26.836025","2","45020.77","1677.6244","0","0","0","0","0","0","0","0","0","0","1","0.598402","0","740.1771","502.5","124.42157","80.46204","43.959526","30.036743","0.829061"
"D:\HAA\dACC revisions\Run 4\Br8667_dlPFC_20x_img_006-MaxIP-Stitched_unmixed_rotated.nd2","Layer 1","dACC_v17_ FISH-IF v2.4.4","49","6861","6892","3184","3227","1","0","0","0","1","1","1215.5337","0","446.77966","0","0","0","0","0","11","14.131492","2","21905.424","1550.114","2","1.51902","0","1471.6544","968.8182","2","1.887268","0","993.4393","526.39026","175.33177","91.923744","83.40802","43.767826","0.734907"
"D:\HAA\dACC revisions\Run 4\Br8667_dlPFC_20x_img_006-MaxIP-Stitched_unmixed_rotated.nd2","Layer 1","dACC_v17_ FISH-IF v2.4.4","50","6685","6708","3233","3244","0","0","0","0","1","1","496.43024","0","245.97278","0","0","0","0","0","0","0","0","0","0","0","0","0","0","0","0","0","0","0","0","40.046898","32.12958","7.917318","12.443794","0.654514"
"D:\HAA\dACC revisions\Run 4\Br8667_dlPFC_20x_img_006-MaxIP-Stitched_unmixed_rotated.nd2","Layer 1","dACC_v17_ FISH-IF v2.4.4","51","6678","6694","3245","3264","0","0","0","0","1","1","766.6239","0","360.34045","0","0","0","0","0","2","2.117422","0","2191.624","1035.0435","1","0.690464","0","501.82907","726.8","0","0","0","0","0","40.921486","30.150251","10.771235","17.59295","0.621604"
"D:\HAA\dACC revisions\Run 4\Br8667_dlPFC_20x_img_006-MaxIP-Stitched_unmixed_rotated.nd2","Layer 1","dACC_v17_ FISH-IF v2.4.4","52","6751","6773","3252","3277","0","0","1","0","1","1","657.05554","0","190.62164","0","0","0","0","0","0","0","0","0","0","0","0","0","0","0","10","17.307625","2","8756.6455","505.9415","79.127144","63.384575","15.742574","17.807499","0.737816"
"D:\HAA\dACC revisions\Run 4\Br8667_dlPFC_20x_img_006-MaxIP-Stitched_unmixed_rotated.nd2","Layer 1","dACC_v17_ FISH-IF v2.4.4","53","6867","6882","3271","3289","0","0","0","0","1","1","1717.8176","0","781.5357","0","0","0","0","0","0","0","0","0","0","0","0","0","0","0","0","0","0","0","0","35.397774","27.06618","8.331596","13.516535","0.780473"
"D:\HAA\dACC revisions\Run 4\Br8667_dlPFC_20x_img_006-MaxIP-Stitched_unmixed_rotated.nd2","Layer 1","dACC_v17_ FISH-IF v2.4.4","54","6847","6868","3273","3296","0","0","0","0","1","1","2464.9448","0","432.50693","0","0","0","0","0","1","0.966649","0","761.4434","787.7143","0","0","0","0","0","0","0","0","0","0","69.138435","49.943546","19.194893","20.596624","0.714421"
"D:\HAA\dACC revisions\Run 4\Br8667_dlPFC_20x_img_006-MaxIP-Stitched_unmixed_rotated.nd2","Layer 1","dACC_v17_ FISH-IF v2.4.4","55","6754","6771","3281","3297","0","0","0","0","1","1","651.375","0","208.36627","0","0","0","0","0","0","0","0","0","0","0","0","0","0","0","1","0.782526","0","394.07068","503.58823","40.783394","38.20566","2.577731","6.436445","0.781323"
"D:\HAA\dACC revisions\Run 4\Br8667_dlPFC_20x_img_006-MaxIP-Stitched_unmixed_rotated.nd2","Layer 1","dACC_v17_ FISH-IF v2.4.4","56","6865","6889","3284","3306","0","0","0","0","1","1","2385.654","0","384.6252","0","0","0","0","0","0","0","0","0","0","0","0","0","0","0","0","0","0","0","0","70.61143","54.77679","15.834636","18.451143","0.756552"
"D:\HAA\dACC revisions\Run 4\Br8667_dlPFC_20x_img_006-MaxIP-Stitched_unmixed_rotated.nd2","Layer 1","dACC_v17_ FISH-IF v2.4.4","57","6770","6786","3296","3314","0","0","0","1","1","1","1661.7544","0","511.25418","5","7.134792","1","11254.421","1577.4","0","0","0","0","0","0","0","0","0","0","0","0","0","0","0","46.07695","27.52649","18.550459","18.022047","0.825345"
"D:\HAA\dACC revisions\Run 4\Br8667_dlPFC_20x_img_006-MaxIP-Stitched_unmixed_rotated.nd2","Layer 1","dACC_v17_ FISH-IF v2.4.4","58","6747","6769","3297","3327","0","0","0","0","1","1","1462.1683","0","460.87735","3","4.280875","0","4232.2666","988.64514","0","0","0","0","0","1","0.874587","0","749.0151","856.4211","2","0.966649","0","428.0415","442.8095","94.91575","58.551327","36.364426","27.891262","0.692447"
"D:\HAA\dACC revisions\Run 4\Br8667_dlPFC_20x_img_006-MaxIP-Stitched_unmixed_rotated.nd2","Layer 1","dACC_v17_ FISH-IF v2.4.4","59","6763","6792","3312","3343","0","0","0","1","1","1","2328.1946","0","483.39392","17","45.1103","3","101422.77","2248.3286","0","0","0","0","0","1","0.50634","0","352.2746","695.7273","0","0","0","0","0","130.8659","72.682816","58.18308","34.327705","0.754001"
"D:\HAA\dACC revisions\Run 4\Br8667_dlPFC_20x_img_006-MaxIP-Stitched_unmixed_rotated.nd2","Layer 1","dACC_v17_ FISH-IF v2.4.4","60","6680","6698","3334","3350","0","0","0","0","1","1","1081.2448","0","589.3391","1","1.01268","0","771.52423","761.86365","0","0","0","0","0","0","0","0","0","0","0","0","0","0","0","45.386486","34.477158","10.909328","14.803823","0.727274"
"D:\HAA\dACC revisions\Run 4\Br8667_dlPFC_20x_img_006-MaxIP-Stitched_unmixed_rotated.nd2","Layer 1","dACC_v17_ FISH-IF v2.4.4","61","6694","6716","3336","3371","0","1","0","0","1","1","1256.2548","0","534.5901","1","0.644433","0","520.3335","807.4286","0","0","0","0","0","13","11.277575","2","10528.283","933.5592","1","0.920618","0","454.14102","493.3","99.05853","63.108387","35.950146","31.109486","0.654761"
"D:\HAA\dACC revisions\Run 4\Br8667_dlPFC_20x_img_006-MaxIP-Stitched_unmixed_rotated.nd2","Layer 1","dACC_v17_ FISH-IF v2.4.4","62","6766","6796","3342","3366","0","0","0","0","1","1","2806.3735","0","445.01337","0","0","0","0","0","3","4.00469","0","4862.476","1056.35","1","0.920618","0","686.87335","746.1","3","2.807886","0","1393.6781","496.34427","107.3441","68.90829","38.435818","27.891262","0.813415"
"D:\HAA\dACC revisions\Run 4\Br8667_dlPFC_20x_img_006-MaxIP-Stitched_unmixed_rotated.nd2","Layer 1","dACC_v17_ FISH-IF v2.4.4","63","6672","6700","3350","3384","0","1","0","1","1","1","2556.449","0","579.7532","11","25.59319","2","42357.19","1655.018","0","0","0","0","0","5","4.142783","1","3798.287","833.49493","1","0.322216","0","142.926","443.57144","136.11342","79.81761","56.29581","36.687737","0.731991"
"D:\HAA\dACC revisions\Run 4\Br8667_dlPFC_20x_img_006-MaxIP-Stitched_unmixed_rotated.nd2","Layer 1","dACC_v17_ FISH-IF v2.4.4","64","6742","6765","3356","3379","1","0","0","0","1","1","2002.9777","0","355.74615","0","0","0","0","0","5","7.088761","1","9461.609","1334.7338","0","0","0","0","0","1","1.01268","0","657.64374","649.4091","74.06374","59.65607","14.407678","16.734756","0.782708"
"D:\HAA\dACC revisions\Run 4\Br8667_dlPFC_20x_img_006-MaxIP-Stitched_unmixed_rotated.nd2","Layer 1","dACC_v17_ FISH-IF v2.4.4","65","6761","6802","3363","3393","1","0","1","0","1","1","1488.8391","0","521.4397","0","0","0","0","0","15","20.529789","3","29213.936","1361.9292","1","1.242835","0","1204.6752","969.2963","6","6.582421","1","3317.5864","504.007","169.07156","99.56487","69.50668","40.9787","0.700644"
"D:\HAA\dACC revisions\Run 4\Br8667_dlPFC_20x_img_006-MaxIP-Stitched_unmixed_rotated.nd2","Layer 1","dACC_v17_ FISH-IF v2.4.4","66","6790","6818","3419","3448","0","0","0","0","1","1","2713.2551","0","431.52032","0","0","0","0","0","0","0","0","0","0","0","0","0","0","0","2","2.577731","0","1178.0692","457.01785","99.93312","65.64009","34.293034","30.251291","0.659465"
"D:\HAA\dACC revisions\Run 4\Br8667_dlPFC_20x_img_006-MaxIP-Stitched_unmixed_rotated.nd2","Layer 1","dACC_v17_ FISH-IF v2.4.4","67","6764","6796","3425","3453","0","0","0","0","1","1","2521.5503","0","664.7159","2","5.431648","0","7672.8936","1412.6271","0","0","0","0","0","0","0","0","0","0","0","0","0","0","0","129.0707","74.524055","54.54664","34.11316","0.7256"
"D:\HAA\dACC revisions\Run 4\Br8667_dlPFC_20x_img_006-MaxIP-Stitched_unmixed_rotated.nd2","Layer 1","dACC_v17_ FISH-IF v2.4.4","68","6690","6719","3428","3455","0","0","0","0","1","1","3322.2566","0","436.95963","0","0","0","0","0","0","0","0","0","0","0","0","0","0","0","0","0","0","0","0","118.29946","82.07313","36.226334","26.174877","0.890147"
"D:\HAA\dACC revisions\Run 4\Br8667_dlPFC_20x_img_006-MaxIP-Stitched_unmixed_rotated.nd2","Layer 1","dACC_v17_ FISH-IF v2.4.4","69","6866","6886","3498","3520","0","0","0","1","1","1","1458.3125","0","223.55641","7","18.044119","1","34837.625","1930.6913","0","0","0","0","0","1","0.736495","0","627.4014","851.875","2","0.966649","0","506.57025","524.0476","63.016327","53.441895","9.57443","13.731083","0.810555"
"D:\HAA\dACC revisions\Run 4\Br8667_dlPFC_20x_img_006-MaxIP-Stitched_unmixed_rotated.nd2","Layer 1","dACC_v17_ FISH-IF v2.4.4","70","6804","6837","3524","3570","0","0","0","0","1","1","3174.1772","0","538.8123","0","0","0","0","0","1","0.460309","0","306.38177","665.6","0","0","0","0","0","0","0","0","0","0","204.92964","123.8692","81.06045","45.913307","0.62163"
"D:\HAA\dACC revisions\Run 4\Br8667_dlPFC_20x_img_006-MaxIP-Stitched_unmixed_rotated.nd2","Layer 1","dACC_v17_ FISH-IF v2.4.4","71","6711","6739","3526","3559","0","0","0","0","1","1","2986.3782","0","487.9909","0","0","0","0","0","0","0","0","0","0","0","0","0","0","0","1","0.322216","0","147.2529","457","126.63106","81.106476","45.52458","31.109486","0.841393"
"D:\HAA\dACC revisions\Run 4\Br8667_dlPFC_20x_img_006-MaxIP-Stitched_unmixed_rotated.nd2","Layer 1","dACC_v17_ FISH-IF v2.4.4","72","6672","6702","3528","3556","0","0","0","0","1","1","2578.8306","0","423.48096","0","0","0","0","0","0","0","0","0","0","0","0","0","0","0","0","0","0","0","0","120.785126","82.21122","38.57391","29.17855","0.788549"
"D:\HAA\dACC revisions\Run 4\Br8667_dlPFC_20x_img_006-MaxIP-Stitched_unmixed_rotated.nd2","Layer 1","dACC_v17_ FISH-IF v2.4.4","73","6666","6697","3557","3583","0","0","0","0","1","1","3598.3655","0","404.24655","0","0","0","0","0","0","0","0","0","0","0","0","0","0","0","0","0","0","0","0","118.89786","80.093796","38.80406","28.534906","0.825419"
"D:\HAA\dACC revisions\Run 4\Br8667_dlPFC_20x_img_006-MaxIP-Stitched_unmixed_rotated.nd2","Layer 1","dACC_v17_ FISH-IF v2.4.4","74","6861","6884","3555","3576","0","0","0","0","1","1","2200.1887","0","318.78024","0","0","0","0","0","2","3.222164","0","4143.289","1285.8715","0","0","0","0","0","0","0","0","0","0","70.74952","57.81483","12.934688","15.23292","0.837332"
"D:\HAA\dACC revisions\Run 4\Br8667_dlPFC_20x_img_006-MaxIP-Stitched_unmixed_rotated.nd2","Layer 1","dACC_v17_ FISH-IF v2.4.4","75","6729","6749","3563","3581","0","0","0","0","1","1","470.0224","0","175.3356","0","0","0","0","0","0","0","0","0","0","0","0","0","0","0","0","0","0","0","0","53.62602","47.457874","6.168143","10.298312","0.810054"
"D:\HAA\dACC revisions\Run 4\Br8667_dlPFC_20x_img_006-MaxIP-Stitched_unmixed_rotated.nd2","Layer 1","dACC_v17_ FISH-IF v2.4.4","76","5538","5565","3971","3996","0","1","1","0","1","1","361.71057","0","138.36382","0","0","0","0","0","2","1.196804","0","1578.8605","927.02704","9","6.812576","1","5232.795","768.1081","31","36.27236","4","50157.496","1382.802","91.78565","70.473335","21.312315","22.098461","0.712417"
"D:\HAA\dACC revisions\Run 4\Br8667_dlPFC_20x_img_006-MaxIP-Stitched_unmixed_rotated.nd2","Layer 1","dACC_v17_ FISH-IF v2.4.4","77","5681","5701","3978","3998","0","0","0","0","1","1","1325.15","0","202.37762","0","0","0","0","0","0","0","0","0","0","0","0","0","0","0","0","0","0","0","0","58.275143","48.14834","10.126801","13.516535","0.884686"
"D:\HAA\dACC revisions\Run 4\Br8667_dlPFC_20x_img_006-MaxIP-Stitched_unmixed_rotated.nd2","Layer 1","dACC_v17_ FISH-IF v2.4.4","78","5667","5695","3986","4018","0","0","0","0","1","1","872.2619","0","210.94128","0","0","0","0","0","0","0","0","0","0","0","0","0","0","0","1","1.334897","0","736.03436","551.37933","107.804405","80.73823","27.06618","28.749454","0.544404"
"D:\HAA\dACC revisions\Run 4\Br8667_dlPFC_20x_img_006-MaxIP-Stitched_unmixed_rotated.nd2","Layer 1","dACC_v17_ FISH-IF v2.4.4","79","5770","5800","3995","4027","0","0","0","0","1","1","1382.6406","0","333.63135","0","0","0","0","0","0","0","0","0","0","0","0","0","0","0","1","0.414278","0","192.73145","465.22223","111.34879","72.54472","38.80406","31.75313","0.624732"
"D:\HAA\dACC revisions\Run 4\Br8667_dlPFC_20x_img_006-MaxIP-Stitched_unmixed_rotated.nd2","Layer 1","dACC_v17_ FISH-IF v2.4.4","80","5518","5554","4000","4027","0","1","0","0","1","1","1482.9493","0","239.10953","0","0","0","0","0","0","0","0","0","0","49","32.72798","4","47251.52","1443.7651","2","3.406288","0","2108.5383","619.0135","148.91002","97.07921","51.830814","31.75313","0.766407"
"D:\HAA\dACC revisions\Run 4\Br8667_dlPFC_20x_img_006-MaxIP-Stitched_unmixed_rotated.nd2","Layer 1","dACC_v17_ FISH-IF v2.4.4","81","5596","5616","4001","4019","0","0","0","0","1","1","527.24115","0","127.14822","0","0","0","0","0","0","0","0","0","0","0","0","0","0","0","1","1.657113","0","1166.8838","704.1667","54.316483","47.826122","6.490359","10.51286","0.836478"
"D:\HAA\dACC revisions\Run 4\Br8667_dlPFC_20x_img_006-MaxIP-Stitched_unmixed_rotated.nd2","Layer 1","dACC_v17_ FISH-IF v2.4.4","82","5786","5812","4007","4038","0","0","0","0","1","1","1856.8821","0","331.9924","0","0","0","0","0","0","0","0","0","0","0","0","0","0","0","0","0","0","0","0","115.44554","66.65277","48.792774","33.469513","0.756849"
"D:\HAA\dACC revisions\Run 4\Br8667_dlPFC_20x_img_006-MaxIP-Stitched_unmixed_rotated.nd2","Layer 1","dACC_v17_ FISH-IF v2.4.4","83","5649","5677","4012","4032","0","0","0","1","1","1","1828.0684","0","304.59018","9","18.64252","1","24245.59","1300.5531","0","0","0","0","0","0","0","0","0","0","1","0.322216","0","139.51971","433","82.993744","62.78617","20.207573","20.596624","0.757138"
"D:\HAA\dACC revisions\Run 4\Br8667_dlPFC_20x_img_006-MaxIP-Stitched_unmixed_rotated.nd2","Layer 1","dACC_v17_ FISH-IF v2.4.4","84","5738","5758","4025","4043","0","1","1","0","1","1","503.53873","0","127.49136","0","0","0","0","0","0","0","0","0","0","6","4.557061","1","4288.24","941.0101","41","31.347055","4","64490.973","2057.3215","55.69741","42.62463","13.072781","16.30566","0.681249"
"D:\HAA\dACC revisions\Run 4\Br8667_dlPFC_20x_img_006-MaxIP-Stitched_unmixed_rotated.nd2","Layer 1","dACC_v17_ FISH-IF v2.4.4","85","5653","5689","4030","4061","0","1","0","0","1","1","1124.0431","0","285.52362","0","0","0","0","0","0","0","0","0","0","32","28.309013","4","30917.908","1092.1577","3","2.715824","0","1492.5525","549.5763","151.16553","93.53482","57.63071","36.902287","0.741661"
"D:\HAA\dACC revisions\Run 4\Br8667_dlPFC_20x_img_006-MaxIP-Stitched_unmixed_rotated.nd2","Layer 1","dACC_v17_ FISH-IF v2.4.4","86","5740","5766","4039","4062","0","1","1","0","1","1","526.75696","0","118.24653","0","0","0","0","0","0","0","0","0","0","8","6.214174","1","5205.5903","837.6963","18","14.54577","3","28737.7","1975.6741","79.49539","56.387875","23.107521","21.240269","0.715574"
"D:\HAA\dACC revisions\Run 4\Br8667_dlPFC_20x_img_006-MaxIP-Stitched_unmixed_rotated.nd2","Layer 1","dACC_v17_ FISH-IF v2.4.4","87","5843","5863","4040","4061","0","0","1","0","1","1","1141.5834","0","214.36414","0","0","0","0","0","0","0","0","0","0","1","0.552371","0","386.93588","700.5","30","33.464478","4","47928.082","1432.2078","60.25447","50.311794","9.942678","14.160179","0.745942"
"D:\HAA\dACC revisions\Run 4\Br8667_dlPFC_20x_img_006-MaxIP-Stitched_unmixed_rotated.nd2","Layer 1","dACC_v17_ FISH-IF v2.4.4","88","5542","5571","4042","4069","0","1","1","0","1","1","1749.0587","0","359.64746","2","1.795206","0","1503.2777","837.38464","0","0","0","0","0","5","4.096752","1","3592.8513","877","5","4.280875","1","2386.657","557.5161","101.45214","60.71478","40.737362","29.607647","0.804713"
"D:\HAA\dACC revisions\Run 4\Br8667_dlPFC_20x_img_006-MaxIP-Stitched_unmixed_rotated.nd2","Layer 1","dACC_v17_ FISH-IF v2.4.4","89","5571","5598","4045","4073","0","0","0","1","1","1","1720.8517","0","356.9497","4","8.883967","1","9965.739","1016.43665","0","0","0","0","0","3","2.807886","0","2333.6755","831.11475","1","2.02536","0","1687.4014","833.13635","90.49678","61.313183","29.183601","26.603973","0.682374"
"D:\HAA\dACC revisions\Run 4\Br8667_dlPFC_20x_img_006-MaxIP-Stitched_unmixed_rotated.nd2","Layer 1","dACC_v17_ FISH-IF v2.4.4","90","5858","5883","4046","4077","0","0","1","0","1","1","356.59772","0","204.51912","0","0","0","0","0","0","0","0","0","0","3","2.945979","0","3280.8076","1113.6562","59","56.06566","4","92939.875","1657.697","103.70766","79.44936","24.258293","26.389425","0.619806"
"D:\HAA\dACC revisions\Run 4\Br8667_dlPFC_20x_img_006-MaxIP-Stitched_unmixed_rotated.nd2","Layer 1","dACC_v17_ FISH-IF v2.4.4","91","5829","5849","4048","4069","0","0","1","0","1","1","1172.604","0","187.31755","0","0","0","0","0","0","0","0","0","0","1","0.828557","0","593.93695","716.8333","22","27.940767","3","34500.91","1234.7875","58.873543","49.5753","9.298245","12.87289","0.890847"
"D:\HAA\dACC revisions\Run 4\Br8667_dlPFC_20x_img_006-MaxIP-Stitched_unmixed_rotated.nd2","Layer 1","dACC_v17_ FISH-IF v2.4.4","92","5554","5583","4055","4079","0","0","1","0","1","1","2039.9374","0","415.51215","1","0.874587","0","674.6752","771.4211","0","0","0","0","0","2","1.242835","0","943.81793","759.4074","11","17.675873","2","15511.959","877.5781","86.21591","43.591278","42.62463","30.46584","0.7868"
"D:\HAA\dACC revisions\Run 4\Br8667_dlPFC_20x_img_006-MaxIP-Stitched_unmixed_rotated.nd2","Layer 1","dACC_v17_ FISH-IF v2.4.4","93","5670","5707","4056","4086","0","0","0","0","1","1","1158.0637","0","314.48468","0","0","0","0","0","0","0","0","0","0","0","0","0","0","0","1","0.966649","0","508.8718","526.4286","151.76393","96.11256","55.65138","34.756805","0.761125"
"D:\HAA\dACC revisions\Run 4\Br8667_dlPFC_20x_img_006-MaxIP-Stitched_unmixed_rotated.nd2","Layer 1","dACC_v17_ FISH-IF v2.4.4","94","5844","5870","4081","4107","0","1","1","0","1","1","589.0072","0","171.44708","1","0.828557","0","671.453","810.3889","0","0","0","0","0","4","4.188814","1","3836.723","833.51","34","54.6387","4","49560.477","907.0581","99.1506","73.511375","25.639221","23.171202","0.802051"
"D:\HAA\dACC revisions\Run 4\Br8667_dlPFC_20x_img_006-MaxIP-Stitched_unmixed_rotated.nd2","Layer 1","dACC_v17_ FISH-IF v2.4.4","95","5597","5633","4087","4119","0","1","1","0","1","1","1195.7197","0","188.24533","0","0","0","0","0","1","0.920618","0","756.0118","821.2","22","20.529789","3","20965.012","1021.1995","122","103.20132","4","193418.38","1874.185","151.90202","98.690285","53.211742","35.614998","0.721849"
"D:\HAA\dACC revisions\Run 4\Br8667_dlPFC_20x_img_006-MaxIP-Stitched_unmixed_rotated.nd2","Layer 1","dACC_v17_ FISH-IF v2.4.4","96","5526","5544","4090","4117","0","1","0","0","1","1","1548.3066","0","262.18997","1","1.242835","0","1061.0587","853.7407","0","0","0","0","0","5","4.234844","1","4211.4146","905.8515","0","0","0","0","0","73.41931","53.303802","20.11551","20.811172","0.754928"
"D:\HAA\dACC revisions\Run 4\Br8667_dlPFC_20x_img_006-MaxIP-Stitched_unmixed_rotated.nd2","Layer 1","dACC_v17_ FISH-IF v2.4.4","97","5807","5838","4092","4118","0","0","0","0","1","1","1753.0269","0","421.00497","0","0","0","0","0","0","0","0","0","0","0","0","0","0","0","3","3.176133","0","2015.6938","554.3038","110.05992","74.10978","35.950146","27.676714","0.682075"
"D:\HAA\dACC revisions\Run 4\Br8667_dlPFC_20x_img_006-MaxIP-Stitched_unmixed_rotated.nd2","Layer 1","dACC_v17_ FISH-IF v2.4.4","98","5504","5528","4093","4120","0","1","0","0","1","1","1089.7313","0","324.5788","0","0","0","0","0","0","0","0","0","0","24","19.701233","3","25245.795","1275.472","1","0.460309","0","229.23396","498","91.27931","61.6354","29.643911","24.887589","0.76869"
"D:\HAA\dACC revisions\Run 4\Br8667_dlPFC_20x_img_006-MaxIP-Stitched_unmixed_rotated.nd2","Layer 1","dACC_v17_ FISH-IF v2.4.4","99","5806","5833","4108","4136","0","0","0","0","1","1","1552.8662","0","297.31015","0","0","0","0","0","0","0","0","0","0","0","0","0","0","0","0","0","0","0","0","85.89369","63.522667","22.371025","26.174877","0.582883"
"D:\HAA\dACC revisions\Run 4\Br8667_dlPFC_20x_img_006-MaxIP-Stitched_unmixed_rotated.nd2","Layer 1","dACC_v17_ FISH-IF v2.4.4","100","5624","5651","4110","4137","0","1","1","0","1","1","1989.6855","0","340.48532","0","0","0","0","0","3","2.439639","0","2294.9634","874.6842","6","4.695154","1","5645.278","1202.3628","4","8.239534","1","5788.664","702.5475","83.31596","53.303802","30.012157","25.96033","0.801414"
"D:\HAA\dACC revisions\Run 4\Br8667_dlPFC_20x_img_006-MaxIP-Stitched_unmixed_rotated.nd2","Layer 1","dACC_v17_ FISH-IF v2.4.4","101","5586","5610","4116","4138","1","1","1","0","1","1","1039.7255","0","237.98328","1","1.242835","0","1217.5178","979.62964","4","4.695154","1","4950.7173","1054.4314","15","10.449018","3","14351.013","1373.4318","13","26.283653","2","19161.428","729.02454","74.61612","60.530655","14.085461","17.163853","0.69338"
"D:\HAA\dACC revisions\Run 4\Br8667_dlPFC_20x_img_006-MaxIP-Stitched_unmixed_rotated.nd2","Layer 1","dACC_v17_ FISH-IF v2.4.4","102","5604","5644","4122","4151","1","1","1","0","1","1","1982.062","0","469.0387","0","0","0","0","0","10","10.54108","2","16160.305","1387.6482","24","19.471079","3","21223.844","1084.8894","21","41.335762","3","31936.205","772.6047","140.5324","85.61751","54.914886","38.833218","0.572875"
"D:\HAA\dACC revisions\Run 4\Br8667_dlPFC_20x_img_006-MaxIP-Stitched_unmixed_rotated.nd2","Layer 1","dACC_v17_ FISH-IF v2.4.4","103","5789","5819","4122","4153","0","1","0","0","1","1","1615.5175","0","276.34357","0","0","0","0","0","1","1.058711","0","1109.4832","1047.9565","22","20.852005","3","20056.314","961.84106","3","3.820566","0","2051.4138","536.93976","133.16745","88.42539","44.74205","29.607647","0.811804"
"D:\HAA\dACC revisions\Run 4\Br8667_dlPFC_20x_img_006-MaxIP-Stitched_unmixed_rotated.nd2","Layer 1","dACC_v17_ FISH-IF v2.4.4","104","5483","5506","4127","4154","0","1","1","0","1","1","1168.0872","0","283.10748","0","0","0","0","0","0","0","0","0","0","18","13.487059","3","18028.56","1314.302","6","12.704534","1","8020.151","631.2826","84.55879","67.66545","16.893347","20.596624","0.655596"
"D:\HAA\dACC revisions\Run 4\Br8667_dlPFC_20x_img_006-MaxIP-Stitched_unmixed_rotated.nd2","Layer 1","dACC_v17_ FISH-IF v2.4.4","105","5533","5554","4135","4153","0","0","0","0","1","1","1120.554","0","276.9358","0","0","0","0","0","0","0","0","0","0","1","0.782526","0","584.0403","746.35297","1","0.460309","0","225.82768","446","51.554626","45.15633","6.398297","11.156505","0.764692"
"D:\HAA\dACC revisions\Run 4\Br8667_dlPFC_20x_img_006-MaxIP-Stitched_unmixed_rotated.nd2","Layer 1","dACC_v17_ FISH-IF v2.4.4","106","5860","5882","4139","4160","0","0","0","0","1","1","2409.0579","0","597.2042","0","0","0","0","0","0","0","0","0","0","0","0","0","0","0","0","0","0","0","0","52.01494","32.912106","19.10283","19.95298","0.821306"
"D:\HAA\dACC revisions\Run 4\Br8667_dlPFC_20x_img_006-MaxIP-Stitched_unmixed_rotated.nd2","Layer 1","dACC_v17_ FISH-IF v2.4.4","107","5846","5869","4147","4175","0","0","0","0","1","1","2156.6646","0","466.67957","0","0","0","0","0","0","0","0","0","0","1","0.828557","0","641.5329","774.2778","0","0","0","0","0","85.24926","49.98958","35.25968","26.818521","0.811275"
"D:\HAA\dACC revisions\Run 4\Br8667_dlPFC_20x_img_006-MaxIP-Stitched_unmixed_rotated.nd2","Layer 1","dACC_v17_ FISH-IF v2.4.4","108","5537","5569","4148","4178","0","0","0","0","1","1","1819.242","0","385.62006","0","0","0","0","0","0","0","0","0","0","1","1.104742","0","1046.9272","947.6667","0","0","0","0","0","129.85323","87.22859","42.62463","31.324034","0.781357"
"D:\HAA\dACC revisions\Run 4\Br8667_dlPFC_20x_img_006-MaxIP-Stitched_unmixed_rotated.nd2","Layer 1","dACC_v17_ FISH-IF v2.4.4","109","5826","5849","4150","4177","0","0","0","0","1","1","2077.106","0","312.33887","0","0","0","0","0","0","0","0","0","0","0","0","0","0","0","0","0","0","0","0","88.65555","58.275143","30.380405","24.458492","0.861294"
"D:\HAA\dACC revisions\Run 4\Br8667_dlPFC_20x_img_006-MaxIP-Stitched_unmixed_rotated.nd2","Layer 1","dACC_v17_ FISH-IF v2.4.4","110","3200","3221","2370","2394","0","0","0","1","1","1","1894.5068","0","369.283","5","12.474379","1","18465.348","1480.262","0","0","0","0","0","1","1.058711","0","1107.3657","1045.9565","1","1.426958","0","827.5438","579.9355","74.201836","60.66875","13.53309","16.30566","0.726115"
"D:\HAA\dACC revisions\Run 4\Br8667_dlPFC_20x_img_006-MaxIP-Stitched_unmixed_rotated.nd2","Layer 1","dACC_v17_ FISH-IF v2.4.4","111","3284","3318","2376","2414","1","0","1","0","1","1","2524.8223","0","766.2832","1","4.418968","0","5292.681","1197.7188","14","19.931387","2","27489.895","1379.2263","1","0.598402","0","417.86868","698.3077","19","37.05489","3","25864.727","698.01117","171.83342","103.70766","68.125755","44.196922","0.64458"
"D:\HAA\dACC revisions\Run 4\Br8667_dlPFC_20x_img_006-MaxIP-Stitched_unmixed_rotated.nd2","Layer 1","dACC_v17_ FISH-IF v2.4.4","112","3314","3337","2380","2410","0","0","1","0","1","1","3468.7302","0","415.8321","0","0","0","0","0","2","2.715824","0","3039.0532","1119.017","0","0","0","0","0","5","7.871287","1","5383.8223","664.55115","101.728325","67.435295","34.293034","27.462166","0.750111"
"D:\HAA\dACC revisions\Run 4\Br8667_dlPFC_20x_img_006-MaxIP-Stitched_unmixed_rotated.nd2","Layer 1","dACC_v17_ FISH-IF v2.4.4","113","3377","3407","2542","2571","0","0","0","1","1","1","2680.9172","0","330.84738","10","20.483759","2","31251.908","1518.8657","0","0","0","0","0","0","0","0","0","0","0","0","0","0","0","129.16275","86.860344","42.302414","28.320358","0.893398"
"D:\HAA\dACC revisions\Run 4\Br8667_dlPFC_20x_img_006-MaxIP-Stitched_unmixed_rotated.nd2","Layer 1","dACC_v17_ FISH-IF v2.4.4","114","3308","3346","2569","2604","1","1","1","0","1","1","1658.7917","0","324.412","1","1.01268","0","762.54816","753","35","46.951534","4","79031.49","1683.2568","10","8.883967","2","8693.077","944.265","18","36.04221","3","20722.889","574.9617","183.43321","109.82977","73.60344","40.764153","0.78222"
"D:\HAA\dACC revisions\Run 4\Br8667_dlPFC_20x_img_006-MaxIP-Stitched_unmixed_rotated.nd2","Layer 1","dACC_v17_ FISH-IF v2.4.4","115","3382","3410","2577","2608","0","0","0","0","1","1","3378.9492","0","362.77975","2","1.749175","0","1638.5626","936.7632","0","0","0","0","0","1","0.644433","0","466.29318","723.5714","1","0.598402","0","257.54297","430.3846","119.588326","82.34931","37.239014","28.320358","0.814663"
"D:\HAA\dACC revisions\Run 4\Br8667_dlPFC_20x_img_006-MaxIP-Stitched_unmixed_rotated.nd2","Layer 1","dACC_v17_ FISH-IF v2.4.4","116","3365","3384","2591","2613","0","0","0","0","1","1","1716.9055","0","267.0648","0","0","0","0","0","0","0","0","0","0","0","0","0","0","0","0","0","0","0","0","61.12906","51.876842","9.252214","13.301987","0.776653"
"D:\HAA\dACC revisions\Run 4\Br8667_dlPFC_20x_img_006-MaxIP-Stitched_unmixed_rotated.nd2","Layer 1","dACC_v17_ FISH-IF v2.4.4","117","3064","3092","2597","2621","0","0","0","0","1","1","2935.5833","0","441.15472","0","0","0","0","0","0","0","0","0","0","0","0","0","0","0","0","0","0","0","0","97.53951","73.78756","23.751953","22.742105","0.68883"
"D:\HAA\dACC revisions\Run 4\Br8667_dlPFC_20x_img_006-MaxIP-Stitched_unmixed_rotated.nd2","Layer 1","dACC_v17_ FISH-IF v2.4.4","118","3083","3123","2648","2676","1","0","1","0","1","1","1495.4847","0","314.15936","0","0","0","0","0","25","34.15494","3","52438.7","1535.3181","2","1.657113","0","1357.9581","819.4722","13","20.529789","2","10994.623","535.54486","163.4558","104.85843","58.59736","35.614998","0.708622"
"D:\HAA\dACC revisions\Run 4\Br8667_dlPFC_20x_img_006-MaxIP-Stitched_unmixed_rotated.nd2","Layer 1","dACC_v17_ FISH-IF v2.4.4","119","3175","3195","2658","2677","1","0","1","0","1","1","1708.9657","0","732.5062","0","0","0","0","0","7","9.160152","1","13179.48","1376.5288","2","2.255515","0","1711.3374","758.7347","4","10.54108","1","6449.576","611.8515","48.332462","29.55185","18.780615","20.167528","0.679222"
"D:\HAA\dACC revisions\Run 4\Br8667_dlPFC_20x_img_006-MaxIP-Stitched_unmixed_rotated.nd2","Layer 1","dACC_v17_ FISH-IF v2.4.4","120","3191","3211","2659","2687","1","1","0","0","1","1","1372.564","0","424.09894","0","0","0","0","0","10","14.177523","2","17100.486","1157.3209","4","2.807886","1","2197.1938","734.3538","1","1.611082","0","871.5954","541","79.587456","47.918186","31.669271","26.603973","0.659319"
"D:\HAA\dACC revisions\Run 4\Br8667_dlPFC_20x_img_006-MaxIP-Stitched_unmixed_rotated.nd2","Layer 1","dACC_v17_ FISH-IF v2.4.4","121","3234","3264","2664","2692","1","0","0","0","1","1","3157.1248","0","567.4077","1","0.782526","0","661.7865","845.7059","9","13.993399","1","19072.68","1362.9769","0","0","0","0","0","0","0","0","0","0","117.83915","82.07313","35.76602","27.462166","0.821768"
"D:\HAA\dACC revisions\Run 4\Br8667_dlPFC_20x_img_006-MaxIP-Stitched_unmixed_rotated.nd2","Layer 1","dACC_v17_ FISH-IF v2.4.4","122","3166","3190","2671","2699","1","0","0","0","1","1","2403.972","0","599.4742","0","0","0","0","0","8","14.591801","1","18529.469","1269.8549","2","2.577731","0","2005.9813","778.1964","1","1.887268","0","1085.6392","575.2439","90.082504","60.576687","29.505817","27.676714","0.642945"
"D:\HAA\dACC revisions\Run 4\Br8667_dlPFC_20x_img_006-MaxIP-Stitched_unmixed_rotated.nd2","Layer 1","dACC_v17_ FISH-IF v2.4.4","123","3189","3208","2687","2701","0","0","0","0","1","1","1719.1217","0","189.82687","0","0","0","0","0","2","3.774535","0","5788.8022","1533.6464","0","0","0","0","0","0","0","0","0","0","40.921486","35.62793","5.293556","9.654668","0.825356"
"D:\HAA\dACC revisions\Run 4\Br8667_dlPFC_20x_img_006-MaxIP-Stitched_unmixed_rotated.nd2","Layer 1","dACC_v17_ FISH-IF v2.4.4","124","3382","3401","2699","2725","0","0","0","0","1","1","3150.0098","0","594.00946","0","0","0","0","0","0","0","0","0","0","0","0","0","0","0","1","0.414278","0","183.29512","442.44446","76.96369","48.516586","28.447107","23.171202","0.75721"
"D:\HAA\dACC revisions\Run 4\Br8667_dlPFC_20x_img_006-MaxIP-Stitched_unmixed_rotated.nd2","Layer 1","dACC_v17_ FISH-IF v2.4.4","125","3402","3422","2699","2726","0","0","0","0","1","1","3600.7683","0","474.63504","0","0","0","0","0","2","2.301546","0","2728.7588","1185.62","0","0","0","0","0","0","0","0","0","0","73.189156","37.837414","35.351746","25.96033","0.733642"
"D:\HAA\dACC revisions\Run 4\Br8667_dlPFC_20x_img_006-MaxIP-Stitched_unmixed_rotated.nd2","Layer 1","dACC_v17_ FISH-IF v2.4.4","126","3339","3386","2700","2731","0","0","0","0","1","1","3428.2275","0","463.7817","0","0","0","0","0","0","0","0","0","0","0","0","0","0","0","0","0","0","0","0","182.92686","116.18204","66.74483","44.62602","0.567371"
"D:\HAA\dACC revisions\Run 4\Br8667_dlPFC_20x_img_006-MaxIP-Stitched_unmixed_rotated.nd2","Layer 1","dACC_v17_ FISH-IF v2.4.4","127","3161","3192","2707","2737","0","0","0","0","1","1","2890.7397","0","397.64172","0","0","0","0","0","0","0","0","0","0","0","0","0","0","0","0","0","0","0","0","128.51833","88.011116","40.507206","30.036743","0.758795"
"D:\HAA\dACC revisions\Run 4\Br8667_dlPFC_20x_img_006-MaxIP-Stitched_unmixed_rotated.nd2","Layer 1","dACC_v17_ FISH-IF v2.4.4","128","3297","3321","2708","2732","0","0","0","1","1","1","2030.5984","0","322.05527","7","13.02675","1","19730.14","1514.5865","0","0","0","0","0","0","0","0","0","0","0","0","0","0","0","81.612816","59.14973","22.463087","21.02572","0.809559"
"D:\HAA\dACC revisions\Run 4\Br8667_dlPFC_20x_img_006-MaxIP-Stitched_unmixed_rotated.nd2","Layer 1","dACC_v17_ FISH-IF v2.4.4","129","3437","3475","2710","2746","1","1","1","0","1","1","1522.775","0","348.066","0","0","0","0","0","37","48.10231","4","85169.02","1770.5808","7","5.799896","1","5611.169","967.4603","18","31.301023","3","17048.518","544.6632","191.07434","110.88848","80.18586","41.19325","0.786519"
"D:\HAA\dACC revisions\Run 4\Br8667_dlPFC_20x_img_006-MaxIP-Stitched_unmixed_rotated.nd2","Layer 1","dACC_v17_ FISH-IF v2.4.4","130","3407","3437","2712","2737","0","0","0","0","1","1","3406.3748","0","454.86526","0","0","0","0","0","2","1.51902","0","1541.6675","881.3684","0","0","0","0","0","1","1.288866","0","711.08563","514.93335","93.71895","60.806843","32.912106","27.891262","0.672785"
"D:\HAA\dACC revisions\Run 4\Br8667_dlPFC_20x_img_006-MaxIP-Stitched_unmixed_rotated.nd2","Layer 1","dACC_v17_ FISH-IF v2.4.4","131","3270","3292","2726","2747","0","0","0","0","1","1","2962.6367","0","434.86612","2","3.682473","0","4674.716","1269.45","0","0","0","0","0","2","2.071391","0","2134.3616","1030.4","0","0","0","0","0","56.20375","38.850094","17.353657","20.382076","0.734175"
"D:\HAA\dACC revisions\Run 4\Br8667_dlPFC_20x_img_006-MaxIP-Stitched_unmixed_rotated.nd2","Layer 1","dACC_v17_ FISH-IF v2.4.4","132","3291","3316","2728","2757","0","0","0","1","1","1","2246.1475","0","459.71042","9","23.705923","1","37010.746","1561.2446","0","0","0","0","0","0","0","0","0","0","0","0","0","0","0","101.6823","56.111687","45.57061","30.894936","0.714047"
"D:\HAA\dACC revisions\Run 4\Br8667_dlPFC_20x_img_006-MaxIP-Stitched_unmixed_rotated.nd2","Layer 1","dACC_v17_ FISH-IF v2.4.4","133","3272","3294","2737","2765","0","0","0","1","1","1","3002.1165","0","439.81003","13","29.920095","2","77007.42","2573.7693","0","0","0","0","0","3","3.222164","0","2616.3513","811.9857","0","0","0","0","0","73.0971","39.494526","33.60257","27.03307","0.644377"
"D:\HAA\dACC revisions\Run 4\Br8667_dlPFC_20x_img_006-MaxIP-Stitched_unmixed_rotated.nd2","Layer 1","dACC_v17_ FISH-IF v2.4.4","134","3108","3130","2739","2760","0","0","0","0","1","1","1099.5487","0","210.35246","2","3.084071","0","2619.5273","849.3731","0","0","0","0","0","0","0","0","0","0","0","0","0","0","0","70.33524","56.15772","14.177523","16.30566","0.785636"
"D:\HAA\dACC revisions\Run 4\Br8667_dlPFC_20x_img_006-MaxIP-Stitched_unmixed_rotated.nd2","Layer 1","dACC_v17_ FISH-IF v2.4.4","135","3128","3145","2743","2763","0","0","0","0","1","1","897.03076","0","168.79614","2","2.163453","0","1905.3578","880.70215","0","0","0","0","0","0","0","0","0","0","0","0","0","0","0","48.884834","42.900814","5.984019","10.298312","0.841579"
"D:\HAA\dACC revisions\Run 4\Br8667_dlPFC_20x_img_006-MaxIP-Stitched_unmixed_rotated.nd2","Layer 1","dACC_v17_ FISH-IF v2.4.4","136","1899","1924","2792","2813","0","0","1","0","1","1","1315.9907","0","209.94444","2","2.623762","0","3624.3364","1381.3508","0","0","0","0","0","0","0","0","0","0","4","6.904638","1","3479.9834","504.00665","76.227196","61.313183","14.914018","17.163853","0.770055"
"D:\HAA\dACC revisions\Run 4\Br8667_dlPFC_20x_img_006-MaxIP-Stitched_unmixed_rotated.nd2","Layer 1","dACC_v17_ FISH-IF v2.4.4","137","1897","1922","2813","2840","0","0","0","0","1","1","3094.623","0","453.09534","0","0","0","0","0","0","0","0","0","0","0","0","0","0","0","3","4.833246","0","2255.1006","466.58096","94.40941","60.346535","34.062878","25.96033","0.760706"
"D:\HAA\dACC revisions\Run 4\Br8667_dlPFC_20x_img_006-MaxIP-Stitched_unmixed_rotated.nd2","Layer 1","dACC_v17_ FISH-IF v2.4.4","138","1923","1942","2817","2836","0","0","0","0","1","1","573.8281","0","152.24876","0","0","0","0","0","0","0","0","0","0","0","0","0","0","0","0","0","0","0","0","52.705402","46.813442","5.891957","10.298312","0.828254"
"D:\HAA\dACC revisions\Run 4\Br8667_dlPFC_20x_img_006-MaxIP-Stitched_unmixed_rotated.nd2","Layer 1","dACC_v17_ FISH-IF v2.4.4","139","1889","1918","2832","2859","0","0","0","0","1","1","2437.3215","0","409.99","0","0","0","0","0","0","0","0","0","0","0","0","0","0","0","1","0.828557","0","399.1341","456.3684","100.715645","64.35122","36.364426","27.462166","0.831265"
"D:\HAA\dACC revisions\Run 4\Br8667_dlPFC_20x_img_006-MaxIP-Stitched_unmixed_rotated.nd2","Layer 1","dACC_v17_ FISH-IF v2.4.4","140","1924","1941","2847","2865","0","0","0","0","1","1","524.8472","0","161.21677","0","0","0","0","0","0","0","0","0","0","0","0","0","0","0","0","0","0","0","0","44.511898","41.19767","3.314226","7.509186","0.730464"
"D:\HAA\dACC revisions\Run 4\Br8667_dlPFC_20x_img_006-MaxIP-Stitched_unmixed_rotated.nd2","Layer 1","dACC_v17_ FISH-IF v2.4.4","141","1902","1924","2857","2882","0","0","0","1","1","1","2259.7817","0","354.8655","5","12.888657","1","16511.475","1281.0857","0","0","0","0","0","3","2.807886","0","2571.9314","915.9672","0","0","0","0","0","67.66545","51.00226","16.663193","22.527557","0.521073"
"D:\HAA\dACC revisions\Run 4\Br8667_dlPFC_20x_img_006-MaxIP-Stitched_unmixed_rotated.nd2","Layer 1","dACC_v17_ FISH-IF v2.4.4","142","1992","2026","2860","2894","0","0","1","0","1","1","1740.1548","0","330.81107","0","0","0","0","0","0","0","0","0","0","0","0","0","0","0","7","8.837936","1","4756.0063","538.13544","158.02414","100.62359","57.400555","35.614998","0.742544"
"D:\HAA\dACC revisions\Run 4\Br8667_dlPFC_20x_img_006-MaxIP-Stitched_unmixed_rotated.nd2","Layer 1","dACC_v17_ FISH-IF v2.4.4","143","1884","1918","2866","2899","0","0","0","1","1","1","1959.4541","0","373.5628","12","27.848705","2","45620.277","1638.1471","0","0","0","0","0","1","0.874587","0","664.3182","759.5789","1","0.460309","0","219.24525","476.3","135.9293","81.70488","54.224422","35.1859","0.714464"
"D:\HAA\dACC revisions\Run 4\Br8667_dlPFC_20x_img_006-MaxIP-Stitched_unmixed_rotated.nd2","Layer 1","dACC_v17_ FISH-IF v2.4.4","144","1880","1900","2902","2920","0","0","0","1","1","1","1378.4363","0","139.42264","4","12.428348","1","22123.104","1780.0519","0","0","0","0","0","0","0","0","0","0","0","0","0","0","0","55.65138","48.792774","6.858607","10.727408","0.849581"
"D:\HAA\dACC revisions\Run 4\Br8667_dlPFC_20x_img_006-MaxIP-Stitched_unmixed_rotated.nd2","Layer 1","dACC_v17_ FISH-IF v2.4.4","145","2034","2074","2905","2935","0","0","1","0","1","1","1746.2874","0","438.45718","0","0","0","0","0","3","3.130102","0","2719.5986","868.85297","0","0","0","0","0","14","31.57721","2","18868.764","597.54376","153.42105","90.31266","63.108387","39.262314","0.677676"
"D:\HAA\dACC revisions\Run 4\Br8667_dlPFC_20x_img_006-MaxIP-Stitched_unmixed_rotated.nd2","Layer 1","dACC_v17_ FISH-IF v2.4.4","146","1949","1976","2917","2945","0","0","0","1","1","1","2132.3928","0","372.55792","11","28.631231","2","54094.062","1889.3376","0","0","0","0","0","0","0","0","0","0","0","0","0","0","0","112.31544","79.86364","32.451797","24.887589","0.833543"
"D:\HAA\dACC revisions\Run 4\Br8667_dlPFC_20x_img_006-MaxIP-Stitched_unmixed_rotated.nd2","Layer 1","dACC_v17_ FISH-IF v2.4.4","147","2053","2078","2925","2956","0","0","1","0","1","1","2032.7878","0","337.931","0","0","0","0","0","2","1.196804","0","1043.6589","872.03845","0","0","0","0","0","12","24.902727","2","16461.117","661.01666","109.04724","67.38927","41.65798","30.251291","0.647359"
"D:\HAA\dACC revisions\Run 4\Br8667_dlPFC_20x_img_006-MaxIP-Stitched_unmixed_rotated.nd2","Layer 1","dACC_v17_ FISH-IF v2.4.4","148","2034","2055","2935","2956","1","0","1","0","1","1","1565.98","0","297.1976","0","0","0","0","0","4","6.720514","1","7616.5977","1133.3356","0","0","0","0","0","5","10.817266","1","6853.1753","633.5404","65.04169","53.579987","11.461699","14.589275","0.781601"
"D:\HAA\dACC revisions\Run 4\Br8667_dlPFC_20x_img_006-MaxIP-Stitched_unmixed_rotated.nd2","Layer 1","dACC_v17_ FISH-IF v2.4.4","149","1865","1893","2942","2966","0","0","1","0","1","1","2234.2349","0","360.9823","2","1.472989","0","1234.8715","838.34375","0","0","0","0","0","0","0","0","0","0","15","23.936077","3","16562.201","691.93463","98.506165","72.820915","25.685251","22.31301","0.837668"
"D:\HAA\dACC revisions\Run 4\Br8667_dlPFC_20x_img_006-MaxIP-Stitched_unmixed_rotated.nd2","Layer 1","dACC_v17_ FISH-IF v2.4.4","150","1968","2005","2942","2966","1","0","1","0","1","1","1667.4866","0","352.1375","3","5.01737","0","7273.944","1449.7523","15","23.705923","3","37003.75","1560.9495","0","0","0","0","0","15","29.367725","3","19695.57","668.5578","132.75316","88.379364","44.373806","30.46584","0.695795"
"D:\HAA\dACC revisions\Run 4\Br8667_dlPFC_20x_img_006-MaxIP-Stitched_unmixed_rotated.nd2","Layer 1","dACC_v17_ FISH-IF v2.4.4","151","2243","2270","2957","2982","0","0","0","0","1","1","1153.2063","0","256.22144","0","0","0","0","0","1","0.414278","0","378.42017","913.44446","0","0","0","0","0","2","3.084071","0","1736.4703","563.0448","95.145905","71.71617","23.429737","22.527557","0.773549"
"D:\HAA\dACC revisions\Run 4\Br8667_dlPFC_20x_img_006-MaxIP-Stitched_unmixed_rotated.nd2","Layer 1","dACC_v17_ FISH-IF v2.4.4","152","1974","2001","2965","2990","0","0","0","1","1","1","2403.492","0","444.26352","13","32.359734","2","82990.84","2564.633","0","0","0","0","0","2","2.255515","0","1961.1932","869.5102","1","0.368247","0","150.84332","409.625","100.4855","72.314575","28.170921","24.887589","0.720485"
"D:\HAA\dACC revisions\Run 4\Br8667_dlPFC_20x_img_006-MaxIP-Stitched_unmixed_rotated.nd2","Layer 1","dACC_v17_ FISH-IF v2.4.4","153","2013","2042","2970","3001","1","0","1","0","1","1","1986.6626","0","360.45975","1","1.611082","0","1425.8076","885","10","15.788605","2","20329.232","1287.5889","0","0","0","0","0","12","18.182213","2","11704.42","623.21814","122.304146","73.189156","49.11499","31.75313","0.767582"
"D:\HAA\dACC revisions\Run 4\Br8667_dlPFC_20x_img_006-MaxIP-Stitched_unmixed_rotated.nd2","Layer 1","dACC_v17_ FISH-IF v2.4.4","154","1919","1957","2976","3002","0","0","0","0","1","1","2298.7424","0","442.2195","1","0.50634","0","345.36996","682.0909","0","0","0","0","0","0","0","0","0","0","1","0.920618","0","449.9522","488.75","134.1341","89.11586","45.018238","33.040417","0.646701"
"D:\HAA\dACC revisions\Run 4\Br8667_dlPFC_20x_img_006-MaxIP-Stitched_unmixed_rotated.nd2","Layer 1","dACC_v17_ FISH-IF v2.4.4","155","2037","2062","2980","3011","0","0","0","0","1","1","2580.672","0","373.89496","0","0","0","0","0","1","1.887268","0","3382.9043","1792.4878","0","0","0","0","0","2","1.657113","0","847.19904","511.25","104.62827","65.73215","38.896126","29.17855","0.705363"
"D:\HAA\dACC revisions\Run 4\Br8667_dlPFC_20x_img_006-MaxIP-Stitched_unmixed_rotated.nd2","Layer 1","dACC_v17_ FISH-IF v2.4.4","156","1935","1966","2997","3029","1","0","1","0","1","1","1523.1792","0","403.14133","0","0","0","0","0","21","28.03283","3","43763.99","1556.059","0","0","0","0","0","7","10.310925","1","5772.6914","559.86163","141.22285","90.86503","50.357822","32.61132","0.784738"
"D:\HAA\dACC revisions\Run 4\Br8667_dlPFC_20x_img_006-MaxIP-Stitched_unmixed_rotated.nd2","Layer 1","dACC_v17_ FISH-IF v2.4.4","157","2218","2243","3007","3034","1","0","0","0","1","1","1115.0936","0","294.74835","0","0","0","0","0","10","14.03943","2","24060.176","1713.7573","2","1.565051","0","1519.8489","971.1177","0","0","0","0","0","87.64287","62.556015","25.08685","21.883913","0.827761"
"D:\HAA\dACC revisions\Run 4\Br8667_dlPFC_20x_img_006-MaxIP-Stitched_unmixed_rotated.nd2","Layer 1","dACC_v17_ FISH-IF v2.4.4","158","2235","2262","3017","3043","0","0","0","0","1","1","1700.6626","0","457.28088","0","0","0","0","0","0","0","0","0","0","0","0","0","0","0","1","0.50634","0","361.43475","461.88235","99.33472","61.12906","38.20566","30.46584","0.70329"
"D:\HAA\dACC revisions\Run 4\Br8667_dlPFC_20x_img_006-MaxIP-Stitched_unmixed_rotated.nd2","Layer 1","dACC_v17_ FISH-IF v2.4.4","159","2057","2080","3030","3053","0","0","0","0","1","1","2690.1738","0","416.67166","0","0","0","0","0","0","0","0","0","0","0","0","0","0","0","0","0","0","0","0","59.057667","42.900814","16.156853","18.451143","0.731279"
"D:\HAA\dACC revisions\Run 4\Br8667_dlPFC_20x_img_006-MaxIP-Stitched_unmixed_rotated.nd2","Layer 1","dACC_v17_ FISH-IF v2.4.4","160","2048","2070","3036","3059","0","0","0","0","1","1","2236.639","0","510.95694","1","0.598402","0","516.88116","863.7692","0","0","0","0","0","0","0","0","0","0","2","1.196804","0","567.74536","474.3846","62.049675","43.821434","18.228243","20.596624","0.809203"
"D:\HAA\dACC revisions\Run 4\Br8667_dlPFC_20x_img_006-MaxIP-Stitched_unmixed_rotated.nd2","Layer 1","dACC_v17_ FISH-IF v2.4.4","161","2242","2273","3041","3070","1","0","1","0","1","1","1539.1831","0","354.65076","0","0","0","0","0","4","2.393608","1","1557.5942","650.7308","0","0","0","0","0","6","6.306236","1","3204.6724","508.17517","124.329506","79.081116","45.24839","33.040417","0.681151"
"D:\HAA\dACC revisions\Run 4\Br8667_dlPFC_20x_img_006-MaxIP-Stitched_unmixed_rotated.nd2","Layer 1","dACC_v17_ FISH-IF v2.4.4","162","2217","2235","3051","3070","0","0","0","0","1","1","628.0402","0","151.73288","0","0","0","0","0","0","0","0","0","0","0","0","0","0","0","0","0","0","0","0","48.332462","40.323082","8.009379","12.443794","0.660971"
"D:\HAA\dACC revisions\Run 4\Br8667_dlPFC_20x_img_006-MaxIP-Stitched_unmixed_rotated.nd2","Layer 1","dACC_v17_ FISH-IF v2.4.4","163","2213","2230","3065","3081","0","0","0","0","1","1","572.86456","0","142.3242","0","0","0","0","0","0","0","0","0","0","0","0","0","0","0","0","0","0","0","0","36.364426","31.945457","4.418968","9.869216","0.62202"
"D:\HAA\dACC revisions\Run 4\Br8667_dlPFC_20x_img_006-MaxIP-Stitched_unmixed_rotated.nd2","Layer 1","dACC_v17_ FISH-IF v2.4.4","164","2218","2240","3082","3106","0","0","0","0","1","1","1544.7406","0","225.20222","0","0","0","0","0","0","0","0","0","0","0","0","0","0","0","0","0","0","0","0","76.871635","62.14174","14.729894","17.163853","0.737743"
"D:\HAA\dACC revisions\Run 4\Br8667_dlPFC_20x_img_006-MaxIP-Stitched_unmixed_rotated.nd2","Layer 1","dACC_v17_ FISH-IF v2.4.4","165","2058","2086","3085","3107","0","0","0","0","1","1","1840.3083","0","313.3934","0","0","0","0","0","1","0.50634","0","483.46274","954.8182","0","0","0","0","0","0","0","0","0","0","91.32534","71.0257","20.299635","20.596624","0.654542"
"D:\HAA\dACC revisions\Run 4\Br8667_dlPFC_20x_img_006-MaxIP-Stitched_unmixed_rotated.nd2","Layer 1","dACC_v17_ FISH-IF v2.4.4","166","2264","2282","3093","3114","0","0","0","0","1","1","413.04605","0","135.5957","0","0","0","0","0","1","1.749175","0","1732.1895","990.2895","0","0","0","0","0","1","1.749175","0","883.79364","505.26315","56.29581","49.299114","6.996699","11.156505","0.78522"
"D:\HAA\dACC revisions\Run 4\Br8667_dlPFC_20x_img_006-MaxIP-Stitched_unmixed_rotated.nd2","Layer 1","dACC_v17_ FISH-IF v2.4.4","167","2098","2129","3095","3117","0","0","0","0","1","1","1121.0165","0","194.07822","0","0","0","0","0","0","0","0","0","0","1","0.50634","0","341.73352","674.9091","1","0.322216","0","143.70853","446","102.234665","77.10178","25.132881","23.600298","0.670264"
"D:\HAA\dACC revisions\Run 4\Br8667_dlPFC_20x_img_006-MaxIP-Stitched_unmixed_rotated.nd2","Layer 1","dACC_v17_ FISH-IF v2.4.4","168","1988","2016","3095","3135","0","0","0","0","1","1","3246.551","0","601.1784","2","2.393608","0","2112.8652","882.71155","1","1.795206","0","1967.0852","1095.7435","0","0","0","0","0","0","0","0","0","0","157.28764","101.40611","55.881535","38.189575","0.616386"
"D:\HAA\dACC revisions\Run 4\Br8667_dlPFC_20x_img_006-MaxIP-Stitched_unmixed_rotated.nd2","Layer 1","dACC_v17_ FISH-IF v2.4.4","169","1955","1990","3114","3140","0","0","1","0","1","1","2000.8473","0","560.63727","1","0.598402","0","420.63052","702.9231","0","0","0","0","0","0","0","0","0","0","42","64.903595","4","63186.64","973.5461","131.60239","89.71426","41.888134","30.036743","0.714212"
"D:\HAA\dACC revisions\Run 4\Br8667_dlPFC_20x_img_006-MaxIP-Stitched_unmixed_rotated.nd2","Layer 1","dACC_v17_ FISH-IF v2.4.4","170","1986","2008","3130","3149","0","0","0","0","1","1","1830.5934","0","491.4169","0","0","0","0","0","0","0","0","0","0","0","0","0","0","0","2","2.945979","0","1751.9828","594.7031","58.459267","47.365814","11.093451","15.018372","0.834742"
"D:\HAA\dACC revisions\Run 4\Br8667_dlPFC_20x_img_006-MaxIP-Stitched_unmixed_rotated.nd2","Layer 1","dACC_v17_ FISH-IF v2.4.4","171","2031","2067","3142","3169","0","0","1","0","1","1","1932.12","0","432.47757","1","1.104742","0","1003.56604","908.4167","0","0","0","0","0","0","0","0","0","0","18","32.49783","3","20124.717","619.2634","134.64043","91.27931","43.361126","30.894936","0.723087"
"D:\HAA\dACC revisions\Run 4\Br8667_dlPFC_20x_img_006-MaxIP-Stitched_unmixed_rotated.nd2","Layer 1","dACC_v17_ FISH-IF v2.4.4","172","2143","2168","3156","3186","0","0","0","0","1","1","1385.391","0","285.18704","0","0","0","0","0","0","0","0","0","0","0","0","0","0","0","0","0","0","0","0","101.59023","76.043076","25.54716","24.029396","0.684314"
"D:\HAA\dACC revisions\Run 4\Br8667_dlPFC_20x_img_006-MaxIP-Stitched_unmixed_rotated.nd2","Layer 1","dACC_v17_ FISH-IF v2.4.4","173","1939","1965","3158","3183","0","0","0","0","1","1","3236.6135","0","426.71255","0","0","0","0","0","0","0","0","0","0","1","0.598402","0","454.92355","760.2308","0","0","0","0","0","96.43477","71.90029","24.53448","21.454817","0.856383"
"D:\HAA\dACC revisions\Run 4\Br8667_dlPFC_20x_img_006-MaxIP-Stitched_unmixed_rotated.nd2","Layer 1","dACC_v17_ FISH-IF v2.4.4","174","2253","2277","2487","2516","0","0","0","0","1","1","1231.2112","0","229.37338","0","0","0","0","0","1","1.887268","0","2292.938","1214.9512","1","1.150773","0","972.5873","845.16","3","3.314226","0","1662.4066","501.59723","101.95848","74.708176","27.250303","23.171202","0.825741"
"D:\HAA\dACC revisions\Run 4\Br8667_dlPFC_20x_img_006-MaxIP-Stitched_unmixed_rotated.nd2","Layer 1","dACC_v17_ FISH-IF v2.4.4","175","1970","1991","2523","2543","0","0","0","0","1","1","1206.2786","0","196.08136","0","0","0","0","0","0","0","0","0","0","0","0","0","0","0","1","1.933299","0","1214.0654","627.9762","61.865555","52.61334","9.252214","12.87289","0.856344"
"D:\HAA\dACC revisions\Run 4\Br8667_dlPFC_20x_img_006-MaxIP-Stitched_unmixed_rotated.nd2","Layer 1","dACC_v17_ FISH-IF v2.4.4","176","1926","1966","2539","2565","0","0","0","0","1","1","2043.821","0","336.80624","1","0.690464","0","513.52094","743.73334","0","0","0","0","0","0","0","0","0","0","2","1.380928","0","741.8343","537.2","140.57841","88.379364","52.19906","37.116833","0.641024"
"D:\HAA\dACC revisions\Run 4\Br8667_dlPFC_20x_img_006-MaxIP-Stitched_unmixed_rotated.nd2","Layer 1","dACC_v17_ FISH-IF v2.4.4","177","1939","1962","2563","2589","0","0","0","0","1","1","2446.6118","0","375.86475","2","2.761855","0","2559.319","926.6667","1","0.966649","0","833.4358","862.1905","1","1.426958","0","1181.9819","828.3226","0","0","0","0","0","82.165184","44.926174","37.239014","27.891262","0.70186"
"D:\HAA\dACC revisions\Run 4\Br8667_dlPFC_20x_img_006-MaxIP-Stitched_unmixed_rotated.nd2","Layer 1","dACC_v17_ FISH-IF v2.4.4","178","1989","2019","2565","2592","1","0","1","0","1","1","2107.7578","0","324.74548","0","0","0","0","0","13","18.734583","2","29683.59","1576.6797","1","0.552371","0","555.1789","1005.0833","11","24.488447","2","15468.828","631.6786","119.266106","76.68751","42.578598","29.607647","0.770481"
"D:\HAA\dACC revisions\Run 4\Br8667_dlPFC_20x_img_006-MaxIP-Stitched_unmixed_rotated.nd2","Layer 1","dACC_v17_ FISH-IF v2.4.4","179","1954","1973","2567","2599","0","0","0","0","1","1","2081.4448","0","496.34494","0","0","0","0","0","0","0","0","0","0","0","0","0","0","0","0","0","0","0","0","83.17787","40.967518","42.21035","29.17855","0.717193"
"D:\HAA\dACC revisions\Run 4\Br8667_dlPFC_20x_img_006-MaxIP-Stitched_unmixed_rotated.nd2","Layer 1","dACC_v17_ FISH-IF v2.4.4","180","1972","1995","2572","2599","0","0","0","0","1","1","2540.4373","0","424.42303","0","0","0","0","0","0","0","0","0","0","0","0","0","0","0","2","3.406288","0","2067.8928","607.08105","88.93173","51.14035","37.79138","26.389425","0.755778"
"D:\HAA\dACC revisions\Run 4\Br8667_dlPFC_20x_img_006-MaxIP-Stitched_unmixed_rotated.nd2","Layer 1","dACC_v17_ FISH-IF v2.4.4","181","1879","1902","2584","2606","0","0","0","0","1","1","1573.6279","0","321.32758","0","0","0","0","0","0","0","0","0","0","0","0","0","0","0","0","0","0","0","0","74.43199","58.59736","15.834636","16.30566","0.887022"
"D:\HAA\dACC revisions\Run 4\Br8667_dlPFC_20x_img_006-MaxIP-Stitched_unmixed_rotated.nd2","Layer 1","dACC_v17_ FISH-IF v2.4.4","182","1922","1940","2597","2616","0","0","0","0","1","1","481.88333","0","158.35577","0","0","0","0","0","0","0","0","0","0","0","0","0","0","0","1","0.828557","0","411.47037","496.6111","51.324474","45.800762","5.52371","9.44012","0.876966"
"D:\HAA\dACC revisions\Run 4\Br8667_dlPFC_20x_img_006-MaxIP-Stitched_unmixed_rotated.nd2","Layer 1","dACC_v17_ FISH-IF v2.4.4","183","1893","1913","2599","2619","0","0","0","0","1","1","1294.9657","0","278.0869","0","0","0","0","0","0","0","0","0","0","0","0","0","0","0","0","0","0","0","0","57.58468","48.19437","9.390307","13.301987","0.793747"
"D:\HAA\dACC revisions\Run 4\Br8667_dlPFC_20x_img_006-MaxIP-Stitched_unmixed_rotated.nd2","Layer 1","dACC_v17_ FISH-IF v2.4.4","184","2004","2025","2606","2630","0","0","0","0","1","1","1278.7949","0","231.30086","0","0","0","0","0","0","0","0","0","0","0","0","0","0","0","0","0","0","0","0","70.51936","59.517975","11.00139","15.876565","0.591214"
"D:\HAA\dACC revisions\Run 4\Br8667_dlPFC_20x_img_006-MaxIP-Stitched_unmixed_rotated.nd2","Layer 1","dACC_v17_ FISH-IF v2.4.4","185","1883","1915","2619","2651","0","0","0","0","1","1","2394.8276","0","355.54565","0","0","0","0","0","0","0","0","0","0","0","0","0","0","0","1","0.828557","0","433.74933","523.5","128.74847","90.26663","38.481846","32.61132","0.62712"
"D:\HAA\dACC revisions\Run 4\Br8667_dlPFC_20x_img_006-MaxIP-Stitched_unmixed_rotated.nd2","Layer 1","dACC_v17_ FISH-IF v2.4.4","186","1989","2011","2629","2650","0","0","0","0","1","1","1247.7454","0","208.02519","0","0","0","0","0","0","0","0","0","0","0","0","0","0","0","0","0","0","0","0","70.93365","58.459267","12.474379","15.447468","0.754328"
"D:\HAA\dACC revisions\Run 4\Br8667_dlPFC_20x_img_006-MaxIP-Stitched_unmixed_rotated.nd2","Layer 1","dACC_v17_ FISH-IF v2.4.4","187","2040","2065","2646","2678","0","0","1","0","1","1","2161.9167","0","318.4619","0","0","0","0","0","1","1.380928","0","1908.2117","1381.8334","0","0","0","0","0","11","11.461699","2","11869.302","1035.5623","113.74239","82.80962","30.932777","27.03307","0.680251"
"D:\HAA\dACC revisions\Run 4\Br8667_dlPFC_20x_img_006-MaxIP-Stitched_unmixed_rotated.nd2","Layer 1","dACC_v17_ FISH-IF v2.4.4","188","1917","1941","2699","2730","0","0","0","0","1","1","2125.6118","0","645.693","0","0","0","0","0","1","0.50634","0","330.77817","653.2727","0","0","0","0","0","0","0","0","0","0","107.57426","68.21782","39.356434","29.607647","0.779503"
"D:\HAA\dACC revisions\Run 4\Br8667_dlPFC_20x_img_006-MaxIP-Stitched_unmixed_rotated.nd2","Layer 1","dACC_v17_ FISH-IF v2.4.4","189","1939","1964","2703","2729","0","0","0","0","1","1","2912.258","0","570.586","0","0","0","0","0","0","0","0","0","0","0","0","0","0","0","1","0.50634","0","296.43912","585.4545","95.00781","61.819523","33.18829","25.531233","0.776402"
"D:\HAA\dACC revisions\Run 4\Br8667_dlPFC_20x_img_006-MaxIP-Stitched_unmixed_rotated.nd2","Layer 1","dACC_v17_ FISH-IF v2.4.4","190","5382","5411","3970","4003","0","1","1","0","1","1","1557.1451","0","330.32446","0","0","0","0","0","0","0","0","0","0","80","47.826122","4","81204.016","1697.9009","4","6.260205","1","3227.0896","515.4927","136.43564","88.24127","48.19437","31.75313","0.812232"
"D:\HAA\dACC revisions\Run 4\Br8667_dlPFC_20x_img_006-MaxIP-Stitched_unmixed_rotated.nd2","Layer 1","dACC_v17_ FISH-IF v2.4.4","191","5076","5103","3985","4008","0","1","1","0","1","1","3239.2383","0","487.42654","0","0","0","0","0","2","3.222164","0","3201.8645","993.7","6","3.958659","1","4988.3706","1260.1163","17","26.836025","3","27745.365","1033.8851","85.479416","55.14504","30.334375","25.531233","0.701123"
"D:\HAA\dACC revisions\Run 4\Br8667_dlPFC_20x_img_006-MaxIP-Stitched_unmixed_rotated.nd2","Layer 1","dACC_v17_ FISH-IF v2.4.4","192","5185","5211","3985","4009","0","1","0","0","1","1","1360.2311","0","449.25577","0","0","0","0","0","3","3.636442","0","3353.122","922.0886","7","4.234844","1","6651.882","1570.75","2","3.268195","0","2047.1329","626.3803","69.78287","47.872154","21.910717","26.603973","0.552829"
"D:\HAA\dACC revisions\Run 4\Br8667_dlPFC_20x_img_006-MaxIP-Stitched_unmixed_rotated.nd2","Layer 1","dACC_v17_ FISH-IF v2.4.4","193","5208","5238","3985","4007","1","1","1","0","1","1","1982.3213","0","568.2008","0","0","0","0","0","4","5.385617","1","10521.287","1953.5897","25","16.202883","3","24781.205","1529.4318","16","29.229633","3","24588.795","841.22833","94.27132","57.30849","36.962826","28.320358","0.711566"
"D:\HAA\dACC revisions\Run 4\Br8667_dlPFC_20x_img_006-MaxIP-Stitched_unmixed_rotated.nd2","Layer 1","dACC_v17_ FISH-IF v2.4.4","194","5388","5408","4002","4027","0","0","0","0","1","1","1164.7421","0","293.62445","0","0","0","0","0","0","0","0","0","0","2","2.347577","0","1899.2817","809.03925","0","0","0","0","0","77.47003","61.405243","16.06479","18.022047","0.727527"
"D:\HAA\dACC revisions\Run 4\Br8667_dlPFC_20x_img_006-MaxIP-Stitched_unmixed_rotated.nd2","Layer 1","dACC_v17_ FISH-IF v2.4.4","195","5319","5347","4010","4038","0","0","0","0","1","1","1842.6173","0","343.94635","0","0","0","0","0","0","0","0","0","0","0","0","0","0","0","1","0.644433","0","300.95013","467","113.6043","80.646164","32.958138","25.316685","0.822214"
"D:\HAA\dACC revisions\Run 4\Br8667_dlPFC_20x_img_006-MaxIP-Stitched_unmixed_rotated.nd2","Layer 1","dACC_v17_ FISH-IF v2.4.4","196","5105","5131","4017","4047","0","0","0","0","1","1","2580.8445","0","394.9262","3","3.728504","0","3134.7056","840.7407","0","0","0","0","0","2","1.51902","0","1283.3881","844.8788","1","0.598402","0","285.80597","477.6154","110.42817","75.49071","34.937466","26.174877","0.801778"
"D:\HAA\dACC revisions\Run 4\Br8667_dlPFC_20x_img_006-MaxIP-Stitched_unmixed_rotated.nd2","Layer 1","dACC_v17_ FISH-IF v2.4.4","197","5450","5474","4028","4050","0","0","1","0","1","1","828.4131","0","225.96463","0","0","0","0","0","1","0.322216","0","196.69011","610.4286","1","0.966649","0","802.13477","829.8095","4","2.899948","1","1666.1812","524.5942","70.33524","52.060966","18.274275","19.309336","0.807099"
"D:\HAA\dACC revisions\Run 4\Br8667_dlPFC_20x_img_006-MaxIP-Stitched_unmixed_rotated.nd2","Layer 1","dACC_v17_ FISH-IF v2.4.4","198","5070","5099","4034","4062","0","0","0","0","1","1","3248.7075","0","464.7028","1","1.979329","0","1735.964","877.0465","2","2.807886","0","4628.731","1648.4755","2","1.841237","0","1688.0458","916.8","0","0","0","0","0","106.83776","78.98905","27.848705","27.03307","0.643483"
"D:\HAA\dACC revisions\Run 4\Br8667_dlPFC_20x_img_006-MaxIP-Stitched_unmixed_rotated.nd2","Layer 1","dACC_v17_ FISH-IF v2.4.4","199","5130","5150","4034","4056","0","0","0","0","1","1","1599.2667","0","204.96498","0","0","0","0","0","0","0","0","0","0","0","0","0","0","0","0","0","0","0","0","63.5687","53.902203","9.666492","13.731083","0.798797"
"D:\HAA\dACC revisions\Run 4\Br8667_dlPFC_20x_img_006-MaxIP-Stitched_unmixed_rotated.nd2","Layer 1","dACC_v17_ FISH-IF v2.4.4","200","5348","5390","4034","4071","1","1","1","0","1","1","937.11896","0","206.13954","1","0.644433","0","468.4106","726.8571","9","11.691853","1","14576.564","1246.7284","40","33.832726","4","37521.918","1109.0422","21","39.63262","3","27049.607","675.4483","224.49278","122.71843","101.77436","45.48421","0.860949"
"D:\HAA\dACC revisions\Run 4\Br8667_dlPFC_20x_img_006-MaxIP-Stitched_unmixed_rotated.nd2","Layer 1","dACC_v17_ FISH-IF v2.4.4","201","5398","5432","4038","4067","0","1","0","0","1","1","1467.4844","0","358.88293","0","0","0","0","0","0","0","0","0","0","68","41.842106","4","68899.08","1646.6447","0","0","0","0","0","144.2609","94.36338","49.897514","31.324034","0.810726"
"D:\HAA\dACC revisions\Run 4\Br8667_dlPFC_20x_img_006-MaxIP-Stitched_unmixed_rotated.nd2","Layer 1","dACC_v17_ FISH-IF v2.4.4","202","5458","5477","4045","4061","0","0","0","0","1","1","802.95483","0","202.49176","0","0","0","0","0","0","0","0","0","0","0","0","0","0","0","2","2.255515","0","1381.6641","612.5714","43.453186","36.318394","7.134792","12.014698","0.731287"
"D:\HAA\dACC revisions\Run 4\Br8667_dlPFC_20x_img_006-MaxIP-Stitched_unmixed_rotated.nd2","Layer 1","dACC_v17_ FISH-IF v2.4.4","203","5097","5122","4042","4061","0","1","0","0","1","1","1538.979","0","441.82544","0","0","0","0","0","0","0","0","0","0","22","15.926698","3","21681.299","1361.3179","1","0.874587","0","410.87198","469.78946","65.64009","52.475246","13.164843","16.30566","0.737751"
"D:\HAA\dACC revisions\Run 4\Br8667_dlPFC_20x_img_006-MaxIP-Stitched_unmixed_rotated.nd2","Layer 1","dACC_v17_ FISH-IF v2.4.4","204","5451","5478","4081","4111","0","0","0","1","1","1","2232.6804","0","305.25183","11","27.848705","2","44918.766","1612.957","0","0","0","0","0","3","2.255515","0","1732.8799","768.2857","1","0.966649","0","476.46603","492.90475","113.28209","81.152504","32.12958","26.603973","0.807478"
"D:\HAA\dACC revisions\Run 4\Br8667_dlPFC_20x_img_006-MaxIP-Stitched_unmixed_rotated.nd2","Layer 1","dACC_v17_ FISH-IF v2.4.4","205","5355","5385","4107","4138","0","1","0","1","1","1","2015.7435","0","398.97586","15","33.74066","3","55232.684","1636.9768","0","0","0","0","0","7","5.063401","1","4620.8135","912.5909","1","0.736495","0","353.6095","480.125","129.16275","89.66823","39.494526","30.036743","0.710584"
"D:\HAA\dACC revisions\Run 4\Br8667_dlPFC_20x_img_006-MaxIP-Stitched_unmixed_rotated.nd2","Layer 1","dACC_v17_ FISH-IF v2.4.4","206","5110","5148","4124","4168","0","1","0","1","1","1","2901.0469","0","558.2603","16","25.455097","3","29739.701","1168.3201","2","4.695154","0","6634.6665","1413.0883","4","4.326906","1","3932.053","908.7447","1","0.552371","0","279.7759","506.5","224.49278","127.1374","97.35539","48.702435","0.748718"
"D:\HAA\dACC revisions\Run 4\Br8667_dlPFC_20x_img_006-MaxIP-Stitched_unmixed_rotated.nd2","Layer 1","dACC_v17_ FISH-IF v2.4.4","207","5369","5397","4135","4163","1","0","0","0","1","1","1503.2521","0","326.14066","0","0","0","0","0","6","8.05541","1","7750.1797","962.1086","3","2.02536","0","3177.422","1568.8182","0","0","0","0","0","112.683685","80.18586","32.49783","26.174877","0.770992"
"D:\HAA\dACC revisions\Run 4\Br8667_dlPFC_20x_img_006-MaxIP-Stitched_unmixed_rotated.nd2","Layer 1","dACC_v17_ FISH-IF v2.4.4","208","5183","5219","4136","4168","0","0","0","0","1","1","1603.8434","0","351.3903","0","0","0","0","0","0","0","0","0","0","0","0","0","0","0","0","0","0","0","0","171.87944","104.260025","67.619415","35.829544","0.903688"
"D:\HAA\dACC revisions\Run 4\Br8667_dlPFC_20x_img_006-MaxIP-Stitched_unmixed_rotated.nd2","Layer 1","dACC_v17_ FISH-IF v2.4.4","209","5354","5387","2395","2431","0","1","1","0","1","1","1667.1011","0","342.44595","0","0","0","0","0","0","0","0","0","0","93","47.68803","4","92126.555","1931.8591","5","7.180823","1","4503.9873","627.22437","167.69063","104.35209","63.338543","37.331383","0.797201"
"D:\HAA\dACC revisions\Run 4\Br8667_dlPFC_20x_img_006-MaxIP-Stitched_unmixed_rotated.nd2","Layer 1","dACC_v17_ FISH-IF v2.4.4","210","5232","5251","2397","2415","0","0","0","0","1","1","971.82886","0","141.23257","0","0","0","0","0","0","0","0","0","0","0","0","0","0","0","0","0","0","0","0","50.035606","44.926174","5.109432","9.225572","0.896953"
"D:\HAA\dACC revisions\Run 4\Br8667_dlPFC_20x_img_006-MaxIP-Stitched_unmixed_rotated.nd2","Layer 1","dACC_v17_ FISH-IF v2.4.4","211","5457","5486","2399","2428","0","0","0","1","1","1","2212.4648","0","503.31357","9","21.220253","1","30992.018","1460.4924","1","1.565051","0","1589.4015","1015.55884","0","0","0","0","0","1","0.460309","0","214.22789","465.4","99.749","68.26385","31.485147","27.462166","0.725407"
"D:\HAA\dACC revisions\Run 4\Br8667_dlPFC_20x_img_006-MaxIP-Stitched_unmixed_rotated.nd2","Layer 1","dACC_v17_ FISH-IF v2.4.4","212","5387","5408","2400","2427","0","0","0","0","1","1","3146.9758","0","509.66928","0","0","0","0","0","0","0","0","0","0","0","0","0","0","0","0","0","0","0","0","85.11117","52.75143","32.359734","24.887589","0.784979"
"D:\HAA\dACC revisions\Run 4\Br8667_dlPFC_20x_img_006-MaxIP-Stitched_unmixed_rotated.nd2","Layer 1","dACC_v17_ FISH-IF v2.4.4","213","5404","5431","2400","2439","0","0","0","0","1","1","3327.1638","0","517.7942","0","0","0","0","0","0","0","0","0","0","1","0.736495","0","583.626","792.4375","1","0.644433","0","373.77106","580","144.62915","82.53343","62.095707","36.044094","0.724512"
"D:\HAA\dACC revisions\Run 4\Br8667_dlPFC_20x_img_006-MaxIP-Stitched_unmixed_rotated.nd2","Layer 1","dACC_v17_ FISH-IF v2.4.4","214","5283","5313","2412","2441","0","1","0","0","1","1","1938.6604","0","383.24063","1","0.50634","0","468.64078","925.5455","0","0","0","0","0","67","33.74066","4","68313.055","2024.6508","3","2.577731","0","1379.7307","535.25","114.89317","66.37658","48.516586","31.109486","0.850575"
"D:\HAA\dACC revisions\Run 4\Br8667_dlPFC_20x_img_006-MaxIP-Stitched_unmixed_rotated.nd2","Layer 1","dACC_v17_ FISH-IF v2.4.4","215","5326","5346","2415","2434","0","0","0","0","1","1","360.03546","0","150.08478","0","0","0","0","0","0","0","0","0","0","3","3.268195","0","2853.7788","873.1972","0","0","0","0","0","54.27045","47.780094","6.490359","10.727408","0.857225"
"D:\HAA\dACC revisions\Run 4\Br8667_dlPFC_20x_img_006-MaxIP-Stitched_unmixed_rotated.nd2","Layer 1","dACC_v17_ FISH-IF v2.4.4","216","5259","5299","2418","2455","0","1","0","1","1","1","2127.9585","0","542.1419","16","26.789993","3","33422.68","1247.5808","1","1.196804","0","1234.7794","1031.7307","60","40.829422","4","58055.758","1420.3086","2","4.234844","0","3019.9043","713.1087","175.46986","92.430084","83.03977","45.055115","0.782427"
"D:\HAA\dACC revisions\Run 4\Br8667_dlPFC_20x_img_006-MaxIP-Stitched_unmixed_rotated.nd2","Layer 1","dACC_v17_ FISH-IF v2.4.4","217","5223","5253","2421","2446","0","1","0","1","1","1","2986.1277","0","440.25253","6","17.261595","1","21958.773","1272.1173","0","0","0","0","0","4","4.372937","1","3958.7048","905.2737","1","0.920618","0","517.43353","562.05","105.22668","77.10178","28.124891","24.458492","0.746246"
"D:\HAA\dACC revisions\Run 4\Br8667_dlPFC_20x_img_006-MaxIP-Stitched_unmixed_rotated.nd2","Layer 1","dACC_v17_ FISH-IF v2.4.4","218","5127","5169","2424","2454","0","0","1","0","1","1","3194.8904","0","641.65625","0","0","0","0","0","1","1.01268","0","1447.9946","1014.74194","0","0","0","0","0","11","13.625152","2","15005.297","1101.294","162.76532","83.8223","78.94302","45.69876","0.714068"
"D:\HAA\dACC revisions\Run 4\Br8667_dlPFC_20x_img_006-MaxIP-Stitched_unmixed_rotated.nd2","Layer 1","dACC_v17_ FISH-IF v2.4.4","219","5107","5128","2425","2445","0","0","0","0","1","1","2183.5442","0","296.68607","0","0","0","0","0","0","0","0","0","0","0","0","0","0","0","0","0","0","0","0","63.20045","53.810143","9.390307","13.301987","0.761937"
"D:\HAA\dACC revisions\Run 4\Br8667_dlPFC_20x_img_006-MaxIP-Stitched_unmixed_rotated.nd2","Layer 1","dACC_v17_ FISH-IF v2.4.4","220","5335","5368","2439","2468","0","1","1","0","1","1","1948.5325","0","591.99634","0","0","0","0","0","0","0","0","0","0","70","33.326385","4","71261.336","2138.286","5","8.837936","1","5562.6064","629.40106","125.43425","75.81292","49.62133","35.1859","0.841532"
"D:\HAA\dACC revisions\Run 4\Br8667_dlPFC_20x_img_006-MaxIP-Stitched_unmixed_rotated.nd2","Layer 1","dACC_v17_ FISH-IF v2.4.4","221","5117","5140","2444","2463","0","0","0","0","1","1","2642.3333","0","416.52493","0","0","0","0","0","0","0","0","0","0","0","0","0","0","0","1","0.368247","0","280.0521","760.5","52.75143","35.075558","17.675873","20.382076","0.690891"
"D:\HAA\dACC revisions\Run 4\Br8667_dlPFC_20x_img_006-MaxIP-Stitched_unmixed_rotated.nd2","Layer 1","dACC_v17_ FISH-IF v2.4.4","222","5148","5165","2452","2468","0","0","1","0","1","1","2267.1147","0","587.2474","0","0","0","0","0","0","0","0","0","0","0","0","0","0","0","28","24.442417","3","43518.367","1780.4445","33.60257","21.956747","11.645823","15.018372","0.807868"
"D:\HAA\dACC revisions\Run 4\Br8667_dlPFC_20x_img_006-MaxIP-Stitched_unmixed_rotated.nd2","Layer 1","dACC_v17_ FISH-IF v2.4.4","223","5131","5155","2453","2473","0","0","1","0","1","1","2250.994","0","554.46533","0","0","0","0","0","0","0","0","0","0","0","0","0","0","0","40","36.04221","4","63334.355","1757.2273","58.22911","35.213654","23.01546","22.527557","0.752172"
"D:\HAA\dACC revisions\Run 4\Br8667_dlPFC_20x_img_006-MaxIP-Stitched_unmixed_rotated.nd2","Layer 1","dACC_v17_ FISH-IF v2.4.4","224","5219","5242","2450","2484","0","0","0","0","1","1","3134.3","0","437.02347","0","0","0","0","0","0","0","0","0","0","0","0","0","0","0","0","0","0","0","0","120.50894","86.30797","34.200974","26.603973","0.693211"
"D:\HAA\dACC revisions\Run 4\Br8667_dlPFC_20x_img_006-MaxIP-Stitched_unmixed_rotated.nd2","Layer 1","dACC_v17_ FISH-IF v2.4.4","225","5254","5286","2452","2481","0","0","0","0","1","1","2750.5327","0","513.3418","1","1.058711","0","1316.208","893.5625","0","0","0","0","0","2","1.51902","0","1180.0026","776.8182","0","0","0","0","0","122.99461","83.500084","39.494526","30.036743","0.725078"
"D:\HAA\dACC revisions\Run 4\Br8667_dlPFC_20x_img_006-MaxIP-Stitched_unmixed_rotated.nd2","Layer 1","dACC_v17_ FISH-IF v2.4.4","226","5343","5374","2461","2484","0","1","0","0","1","1","3040.4714","0","535.20294","0","0","0","0","0","0","0","0","0","0","35","14.775925","4","35678.75","2414.6543","2","2.899948","0","1786.2297","615.9524","98.96647","62.832203","36.13427","27.462166","0.784992"
"D:\HAA\dACC revisions\Run 4\Br8667_dlPFC_20x_img_006-MaxIP-Stitched_unmixed_rotated.nd2","Layer 1","dACC_v17_ FISH-IF v2.4.4","227","5190","5213","2471","2495","0","0","0","0","1","1","2908.0264","0","359.49686","0","0","0","0","0","0","0","0","0","0","0","0","0","0","0","2","1.611082","0","894.1966","555.02856","85.341324","66.14643","19.194893","18.451143","0.857587"
"D:\HAA\dACC revisions\Run 4\Br8667_dlPFC_20x_img_006-MaxIP-Stitched_unmixed_rotated.nd2","Layer 1","dACC_v17_ FISH-IF v2.4.4","228","5276","5304","2474","2498","0","0","0","0","1","1","3363.6821","0","386.6925","0","0","0","0","0","0","0","0","0","0","0","0","0","0","0","0","0","0","0","0","89.530136","67.66545","21.864685","22.098461","0.707417"
"D:\HAA\dACC revisions\Run 4\Br8667_dlPFC_20x_img_006-MaxIP-Stitched_unmixed_rotated.nd2","Layer 1","dACC_v17_ FISH-IF v2.4.4","229","5321","5346","2483","2506","0","0","0","0","1","1","2220.6345","0","396.325","0","0","0","0","0","0","0","0","0","0","0","0","0","0","0","0","0","0","0","0","66.83689","49.71339","17.1235","19.309336","0.728145"
"D:\HAA\dACC revisions\Run 4\Br8667_dlPFC_20x_img_006-MaxIP-Stitched_unmixed_rotated.nd2","Layer 1","dACC_v17_ FISH-IF v2.4.4","230","5312","5332","2491","2504","0","1","0","0","1","1","2371.7043","0","340.75745","0","0","0","0","0","0","0","0","0","0","4","3.084071","1","4483.5493","1453.7761","1","1.288866","0","671.0847","520.6786","31.945457","20.11551","11.829946","14.160179","0.77217"
"D:\HAA\dACC revisions\Run 4\Br8667_dlPFC_20x_img_006-MaxIP-Stitched_unmixed_rotated.nd2","Layer 1","dACC_v17_ FISH-IF v2.4.4","231","5450","5473","2491","2512","0","1","0","0","1","1","1582.4553","0","243.84846","1","0.50634","0","389.5136","769.2727","1","0.460309","0","298.3724","648.2","12","8.837936","2","12218.493","1382.5052","0","0","0","0","0","66.606735","55.28313","11.323606","15.018372","0.765881"
"D:\HAA\dACC revisions\Run 4\Br8667_dlPFC_20x_img_006-MaxIP-Stitched_unmixed_rotated.nd2","Layer 1","dACC_v17_ FISH-IF v2.4.4","232","5094","5128","2495","2525","0","1","0","0","1","1","1832.0094","0","403.19662","0","0","0","0","0","0","0","0","0","0","4","3.49835","1","4105.2676","1173.4868","2","1.196804","0","558.2169","466.42307","135.69914","81.70488","53.994267","34.756805","0.727265"
"D:\HAA\dACC revisions\Run 4\Br8667_dlPFC_20x_img_006-MaxIP-Stitched_unmixed_rotated.nd2","Layer 1","dACC_v17_ FISH-IF v2.4.4","233","5306","5336","2503","2528","0","1","0","0","1","1","2053.288","0","499.80484","0","0","0","0","0","0","0","0","0","0","33","21.588501","4","32002.166","1482.371","2","1.058711","0","482.77228","456","97.63158","58.965607","38.66597","28.320358","0.802886"
"D:\HAA\dACC revisions\Run 4\Br8667_dlPFC_20x_img_006-MaxIP-Stitched_unmixed_rotated.nd2","Layer 1","dACC_v17_ FISH-IF v2.4.4","234","5246","5280","2500","2527","0","0","0","0","1","1","1920.7113","0","461.59857","0","0","0","0","0","0","0","0","0","0","0","0","0","0","0","0","0","0","0","0","126.4009","83.8223","42.578598","30.680387","0.738246"
"D:\HAA\dACC revisions\Run 4\Br8667_dlPFC_20x_img_006-MaxIP-Stitched_unmixed_rotated.nd2","Layer 1","dACC_v17_ FISH-IF v2.4.4","235","5354","5391","2506","2530","0","0","0","0","1","1","3252.9614","0","429.49103","0","0","0","0","0","0","0","0","0","0","0","0","0","0","0","1","1.104742","0","743.3993","672.9167","118.52961","89.80632","28.723293","30.036743","0.531583"
"D:\HAA\dACC revisions\Run 4\Br8667_dlPFC_20x_img_006-MaxIP-Stitched_unmixed_rotated.nd2","Layer 1","dACC_v17_ FISH-IF v2.4.4","236","5118","5140","2509","2535","0","0","0","0","1","1","1502.4924","0","400.11383","0","0","0","0","0","0","0","0","0","0","0","0","0","0","0","0","0","0","0","0","73.695496","52.567307","21.128191","21.669365","0.705544"
"D:\HAA\dACC revisions\Run 4\Br8667_dlPFC_20x_img_006-MaxIP-Stitched_unmixed_rotated.nd2","Layer 1","dACC_v17_ FISH-IF v2.4.4","237","5331","5350","2509","2529","0","0","0","0","1","1","1798.4204","0","303.29935","0","0","0","0","0","0","0","0","0","0","0","0","0","0","0","1","1.104742","0","707.40314","569.1852","59.14973","48.746742","10.402987","13.301987","0.8809"
"D:\HAA\dACC revisions\Run 4\Br8667_dlPFC_20x_img_006-MaxIP-Stitched_unmixed_rotated.nd2","Layer 1","dACC_v17_ FISH-IF v2.4.4","238","5231","5252","2509","2525","1","1","0","0","1","1","1640.2037","0","459.39316","0","0","0","0","0","6","7.54907","1","8692.11","1151.4147","28","12.52041","3","26193.848","2092.0918","0","0","0","0","0","47.227722","32.313705","14.914018","16.949305","0.685024"
"D:\HAA\dACC revisions\Run 4\Br8667_dlPFC_20x_img_006-MaxIP-Stitched_unmixed_rotated.nd2","Layer 1","dACC_v17_ FISH-IF v2.4.4","239","5435","5469","2510","2539","0","1","0","0","1","1","1941.186","0","415.7363","0","0","0","0","0","1","2.5317","0","2586.4773","1021.63635","39","24.07417","4","37622.68","1562.782","2","1.933299","0","1025.6609","530.5238","126.03265","83.960396","42.072258","32.82587","0.771046"
"D:\HAA\dACC revisions\Run 4\Br8667_dlPFC_20x_img_006-MaxIP-Stitched_unmixed_rotated.nd2","Layer 1","dACC_v17_ FISH-IF v2.4.4","240","5195","5236","2511","2547","0","1","0","0","1","1","2924.7366","0","552.69635","0","0","0","0","0","3","1.334897","0","1179.8645","883.86206","10","6.444328","2","9324.575","1446.9429","2","2.577731","0","1612.0487","625.375","197.88692","113.83446","84.05245","46.342403","0.732974"
"D:\HAA\dACC revisions\Run 4\Br8667_dlPFC_20x_img_006-MaxIP-Stitched_unmixed_rotated.nd2","Layer 1","dACC_v17_ FISH-IF v2.4.4","241","5236","5257","2524","2545","1","1","0","0","1","1","1632.4208","0","246.53189","0","0","0","0","0","6","8.607781","1","10222.5","1187.5883","26","15.926698","3","23926.78","1476.6989","2","0.690464","0","316.00226","457.66666","65.9623","44.74205","21.220253","20.382076","0.728157"
"D:\HAA\dACC revisions\Run 4\Br8667_dlPFC_20x_img_006-MaxIP-Stitched_unmixed_rotated.nd2","Layer 1","dACC_v17_ FISH-IF v2.4.4","242","5072","5100","2527","2554","0","1","0","0","1","1","2631.8723","0","392.84732","0","0","0","0","0","2","3.728504","0","4423.341","1186.358","10","5.661803","2","10011.633","1768.2764","1","0.782526","0","348.36197","445.17648","109.50755","66.928955","42.578598","29.393099","0.850474"
"D:\HAA\dACC revisions\Run 4\Br8667_dlPFC_20x_img_006-MaxIP-Stitched_unmixed_rotated.nd2","Layer 1","dACC_v17_ FISH-IF v2.4.4","243","5304","5323","2528","2547","0","1","0","0","1","1","535.351","0","169.11089","0","0","0","0","0","1","0.598402","0","533.038","890.7692","7","4.741185","1","6527.2764","1376.7185","2","4.557061","0","2558.2603","561.38385","50.956226","44.005558","6.950668","11.156505","0.854312"
"D:\HAA\dACC revisions\Run 4\Br8667_dlPFC_20x_img_006-MaxIP-Stitched_unmixed_rotated.nd2","Layer 1","dACC_v17_ FISH-IF v2.4.4","244","5448","5462","2535","2547","0","0","0","0","1","1","1691.5834","0","530.26434","0","0","0","0","0","0","0","0","0","0","3","3.084071","0","3495.3118","1133.3433","0","0","0","0","0","23.01546","22.463087","0.552371","2.574578","0.688601"
"D:\HAA\dACC revisions\Run 4\Br8667_dlPFC_20x_img_006-MaxIP-Stitched_unmixed_rotated.nd2","Layer 1","dACC_v17_ FISH-IF v2.4.4","245","5292","5308","2533","2550","0","0","0","0","1","1","460.125","0","156.98558","0","0","0","0","0","0","0","0","0","0","2","1.657113","0","1231.9714","743.44446","2","3.452319","0","2548.5017","738.2","37.69932","35.12159","2.577731","7.509186","0.699486"
"D:\HAA\dACC revisions\Run 4\Br8667_dlPFC_20x_img_006-MaxIP-Stitched_unmixed_rotated.nd2","Layer 1","dACC_v17_ FISH-IF v2.4.4","246","5412","5443","2533","2566","0","0","0","0","1","1","2529.8833","0","402.56354","0","0","0","0","0","1","1.058711","0","875.3239","826.7826","1","0.552371","0","391.21677","708.25","0","0","0","0","0","147.34497","94.91575","52.429214","33.040417","0.82228"
"D:\HAA\dACC revisions\Run 4\Br8667_dlPFC_20x_img_006-MaxIP-Stitched_unmixed_rotated.nd2","Layer 1","dACC_v17_ FISH-IF v2.4.4","247","5260","5296","2545","2572","0","1","0","0","1","1","1918.9471","0","334.44714","0","0","0","0","0","1","1.104742","0","909.0646","822.875","52","34.66128","4","52471.473","1513.8353","2","2.899948","0","1631.4277","562.5714","143.66249","94.91575","48.746742","31.75313","0.739569"
"D:\HAA\dACC revisions\Run 4\Br8667_dlPFC_20x_img_006-MaxIP-Stitched_unmixed_rotated.nd2","Layer 1","dACC_v17_ FISH-IF v2.4.4","248","5066","5100","2550","2576","1","1","0","0","1","1","1842.3228","0","432.69894","0","0","0","0","0","10","15.604481","2","21721.898","1392.0295","68","37.607258","4","69171.03","1839.2999","1","1.426958","0","806.3236","565.0645","122.71843","73.23519","49.483234","32.396774","0.816248"
"D:\HAA\dACC revisions\Run 4\Br8667_dlPFC_20x_img_006-MaxIP-Stitched_unmixed_rotated.nd2","Layer 1","dACC_v17_ FISH-IF v2.4.4","249","5126","5151","2546","2573","0","0","0","0","1","1","2696.0671","0","713.43427","0","0","0","0","0","1","0.368247","0","335.97968","912.375","0","0","0","0","0","2","1.380928","0","707.72534","512.5","94.961784","51.830814","43.13097","29.607647","0.838775"
"D:\HAA\dACC revisions\Run 4\Br8667_dlPFC_20x_img_006-MaxIP-Stitched_unmixed_rotated.nd2","Layer 1","dACC_v17_ FISH-IF v2.4.4","250","5107","5129","2552","2581","0","0","0","0","1","1","3114.4927","0","522.1099","0","0","0","0","0","1","2.02536","0","2969.6846","1466.25","2","1.380928","0","1066.5364","772.3333","0","0","0","0","0","84.78895","47.319782","37.469166","28.749454","0.817843"
"D:\HAA\dACC revisions\Run 4\Br8667_dlPFC_20x_img_006-MaxIP-Stitched_unmixed_rotated.nd2","Layer 1","dACC_v17_ FISH-IF v2.4.4","251","5457","5484","2557","2593","0","0","0","0","1","1","2999.9102","0","490.82153","0","0","0","0","0","0","0","0","0","0","0","0","0","0","0","0","0","0","0","0","130.95796","91.5555","39.402466","36.25864","0.496339"
"D:\HAA\dACC revisions\Run 4\Br8667_dlPFC_20x_img_006-MaxIP-Stitched_unmixed_rotated.nd2","Layer 1","dACC_v17_ FISH-IF v2.4.4","252","5117","5147","2568","2590","0","0","0","0","1","1","3111.688","0","430.30225","0","0","0","0","0","0","0","0","0","0","2","0.874587","0","2423.6199","1253.619","0","0","0","0","0","79.81761","42.946846","36.870766","28.964003","0.728708"
"D:\HAA\dACC revisions\Run 4\Br8667_dlPFC_20x_img_006-MaxIP-Stitched_unmixed_rotated.nd2","Layer 1","dACC_v17_ FISH-IF v2.4.4","253","5332","5353","2572","2592","0","0","0","0","1","1","1004.27374","0","209.17595","1","1.611082","0","1323.0667","821.2286","0","0","0","0","0","1","0.50634","0","376.0726","742.7273","0","0","0","0","0","60.300503","52.060966","8.239534","12.87289","0.741127"
"D:\HAA\dACC revisions\Run 4\Br8667_dlPFC_20x_img_006-MaxIP-Stitched_unmixed_rotated.nd2","Layer 1","dACC_v17_ FISH-IF v2.4.4","254","5360","5386","2574","2595","0","1","1","0","1","1","1499.566","0","251.11566","0","0","0","0","0","0","0","0","0","0","13","12.428348","2","12311.245","990.57776","5","6.628452","1","4047.7747","610.6667","80.093796","64.075035","16.018759","18.022047","0.75513"
"D:\HAA\dACC revisions\Run 4\Br8667_dlPFC_20x_img_006-MaxIP-Stitched_unmixed_rotated.nd2","Layer 1","dACC_v17_ FISH-IF v2.4.4","255","5432","5459","2589","2614","0","0","0","0","1","1","3274.8477","0","530.5988","0","0","0","0","0","0","0","0","0","0","0","0","0","0","0","0","0","0","0","0","100.11725","70.79555","29.321695","23.171202","0.834839"
"D:\HAA\dACC revisions\Run 4\Br8667_dlPFC_20x_img_006-MaxIP-Stitched_unmixed_rotated.nd2","Layer 1","dACC_v17_ FISH-IF v2.4.4","256","5425","5453","2610","2632","0","0","0","0","1","1","1491.4004","0","461.74557","0","0","0","0","0","0","0","0","0","0","0","0","0","0","0","0","0","0","0","0","85.525444","64.94962","20.57582","21.02572","0.730834"
"D:\HAA\dACC revisions\Run 4\Br8667_dlPFC_20x_img_006-MaxIP-Stitched_unmixed_rotated.nd2","Layer 1","dACC_v17_ FISH-IF v2.4.4","257","5113","5136","2611","2632","0","0","0","0","1","1","2886.8572","0","326.93094","0","0","0","0","0","1","2.071391","0","2554.946","1233.4445","0","0","0","0","0","1","0.598402","0","766.3227","554.93335","71.53204","58.64339","12.888657","15.23292","0.801676"
"D:\HAA\dACC revisions\Run 4\Br8667_dlPFC_20x_img_006-MaxIP-Stitched_unmixed_rotated.nd2","Layer 1","dACC_v17_ FISH-IF v2.4.4","258","5072","5092","2625","2644","0","0","0","0","1","1","970.2273","0","185.6486","2","4.372937","0","4027.291","920.9579","0","0","0","0","0","1","0.598402","0","423.94476","708.46155","0","0","0","0","0","56.341843","49.253082","7.088761","11.156505","0.805721"
"D:\HAA\dACC revisions\Run 4\Br8667_dlPFC_20x_img_006-MaxIP-Stitched_unmixed_rotated.nd2","Layer 1","dACC_v17_ FISH-IF v2.4.4","259","5411","5445","2633","2671","0","0","0","0","1","1","2283.3296","0","378.0101","0","0","0","0","0","0","0","0","0","0","0","0","0","0","0","3","2.071391","0","1422.6776","561.94543","174.13496","109.461525","64.67344","40.335056","0.661946"
"D:\HAA\dACC revisions\Run 4\Br8667_dlPFC_20x_img_006-MaxIP-Stitched_unmixed_rotated.nd2","Layer 1","dACC_v17_ FISH-IF v2.4.4","260","5153","5187","2638","2666","0","0","1","0","1","1","2473.4329","0","456.68402","0","0","0","0","0","2","0.874587","0","567.4692","648.8421","0","0","0","0","0","20","38.758034","3","25067.01","646.75653","130.03734","78.66684","51.370502","31.75313","0.793219"
"D:\HAA\dACC revisions\Run 4\Br8667_dlPFC_20x_img_006-MaxIP-Stitched_unmixed_rotated.nd2","Layer 1","dACC_v17_ FISH-IF v2.4.4","261","5228","5248","2652","2673","1","1","0","0","1","1","697.4583","0","141.50798","0","0","0","0","0","7","9.022059","1","16525.697","1831.699","8","7.180823","1","8124.411","1131.4038","1","1.058711","0","508.7337","480.52173","60.76081","51.922874","8.837936","12.443794","0.866557"
"D:\HAA\dACC revisions\Run 4\Br8667_dlPFC_20x_img_006-MaxIP-Stitched_unmixed_rotated.nd2","Layer 1","dACC_v17_ FISH-IF v2.4.4","262","5118","5141","2653","2675","0","1","0","0","1","1","2767.8748","0","372.60794","0","0","0","0","0","1","0.644433","0","767.6576","1191.2142","11","8.193503","2","10496.477","1281.073","2","2.301546","0","1274.2279","553.64","62.832203","45.202362","17.62984","19.738432","0.800452"
"D:\HAA\dACC revisions\Run 4\Br8667_dlPFC_20x_img_006-MaxIP-Stitched_unmixed_rotated.nd2","Layer 1","dACC_v17_ FISH-IF v2.4.4","263","5150","5180","2660","2686","0","0","0","0","1","1","2998.6062","0","494.74283","0","0","0","0","0","0","0","0","0","0","1","0.50634","0","372.02188","734.7273","0","0","0","0","0","113.512245","69.09241","44.419834","30.036743","0.899963"
"D:\HAA\dACC revisions\Run 4\Br8667_dlPFC_20x_img_006-MaxIP-Stitched_unmixed_rotated.nd2","Layer 1","dACC_v17_ FISH-IF v2.4.4","264","5127","5149","2662","2684","0","1","0","0","1","1","2840.1072","0","509.76865","0","0","0","0","0","1","0.460309","0","426.15424","925.8","5","5.109432","1","5061.652","990.6486","2","1.380928","0","696.1716","504.13333","60.300503","41.381794","18.918707","20.167528","0.869929"
"D:\HAA\dACC revisions\Run 4\Br8667_dlPFC_20x_img_006-MaxIP-Stitched_unmixed_rotated.nd2","Layer 1","dACC_v17_ FISH-IF v2.4.4","265","5203","5225","2661","2683","0","0","0","0","1","1","1467.457","0","220.01857","1","2.02536","0","2890.6497","1141.7819","0","0","0","0","0","3","1.51902","0","2496.4407","968.4643","0","0","0","0","0","68.81622","57.032307","11.783915","15.447468","0.805634"
"D:\HAA\dACC revisions\Run 4\Br8667_dlPFC_20x_img_006-MaxIP-Stitched_unmixed_rotated.nd2","Layer 1","dACC_v17_ FISH-IF v2.4.4","266","5381","5408","2667","2695","0","0","0","0","1","1","3429.5437","0","470.9776","0","0","0","0","0","0","0","0","0","0","0","0","0","0","0","1","0.50634","0","229.18794","452.63635","109.645645","78.068436","31.57721","24.887589","0.897154"
"D:\HAA\dACC revisions\Run 4\Br8667_dlPFC_20x_img_006-MaxIP-Stitched_unmixed_rotated.nd2","Layer 1","dACC_v17_ FISH-IF v2.4.4","267","5099","5128","2677","2712","1","1","1","0","1","1","1127.9855","0","354.98264","3","2.669793","0","2022.3224","757.4828","8","12.198194","1","16731.594","1371.6453","28","24.212263","3","25438.895","1050.6616","5","8.331596","1","4823.488","578.9392","136.75786","79.587456","57.1704","38.833218","0.75603"
"D:\HAA\dACC revisions\Run 4\Br8667_dlPFC_20x_img_006-MaxIP-Stitched_unmixed_rotated.nd2","Layer 1","dACC_v17_ FISH-IF v2.4.4","268","5340","5370","2679","2710","0","1","0","0","1","1","1846.2704","0","336.14014","0","0","0","0","0","3","3.912628","0","4119.8594","1052.9647","50","32.68195","4","49976.965","1529.1915","2","1.887268","0","1146.1238","607.29266","126.03265","87.044464","38.988186","29.607647","0.778629"
"D:\HAA\dACC revisions\Run 4\Br8667_dlPFC_20x_img_006-MaxIP-Stitched_unmixed_rotated.nd2","Layer 1","dACC_v17_ FISH-IF v2.4.4","269","5124","5142","2681","2710","1","1","0","0","1","1","1279.8007","0","481.81393","1","0.552371","0","433.1049","784.0833","5","8.331596","1","10222.685","1226.9779","18","14.775925","3","16290.664","1102.514","2","3.958659","0","2149.874","543.0814","68.86225","42.302414","26.55984","23.600298","0.691975"
"D:\HAA\dACC revisions\Run 4\Br8667_dlPFC_20x_img_006-MaxIP-Stitched_unmixed_rotated.nd2","Layer 1","dACC_v17_ FISH-IF v2.4.4","270","5277","5312","2681","2713","0","1","0","0","1","1","1989.8762","0","352.4749","0","0","0","0","0","1","0.322216","0","235.58624","731.1429","101","46.353134","4","100431.086","2166.6514","1","1.058711","0","534.6491","505","158.53049","99.05853","59.471947","34.327705","0.812643"
"D:\HAA\dACC revisions\Run 4\Br8667_dlPFC_20x_img_006-MaxIP-Stitched_unmixed_rotated.nd2","Layer 1","dACC_v17_ FISH-IF v2.4.4","271","5181","5217","2688","2728","0","0","0","0","1","1","3229.5713","0","678.7872","0","0","0","0","0","1","1.472989","0","1239.9808","841.8125","3","1.841237","0","1562.1973","848.45","1","1.288866","0","654.37555","507.7143","194.38857","115.26142","79.127144","44.196922","0.761377"
"D:\HAA\dACC revisions\Run 4\Br8667_dlPFC_20x_img_006-MaxIP-Stitched_unmixed_rotated.nd2","Layer 1","dACC_v17_ FISH-IF v2.4.4","272","5218","5231","2703","2720","0","0","0","0","1","1","1358.0294","0","367.84625","1","1.104742","0","926.096","838.2917","1","0.50634","0","396.4643","717.75","1","1.196804","0","1217.7479","1017.5","2","3.222164","0","1954.1505","606.47144","34.799374","33.23432","1.565051","4.934608","0.668348"
"D:\HAA\dACC revisions\Run 4\Br8667_dlPFC_20x_img_006-MaxIP-Stitched_unmixed_rotated.nd2","Layer 1","dACC_v17_ FISH-IF v2.4.4","273","5290","5330","2714","2753","0","0","0","0","1","1","1519.581","0","372.0155","0","0","0","0","0","1","0.552371","0","359.2713","650.4167","1","0.644433","0","591.91156","918.5","3","3.590412","0","2079.0784","579.0641","200.83289","118.759766","82.07313","45.055115","0.711356"
"D:\HAA\dACC revisions\Run 4\Br8667_dlPFC_20x_img_006-MaxIP-Stitched_unmixed_rotated.nd2","Layer 1","dACC_v17_ FISH-IF v2.4.4","274","5228","5262","2730","2758","0","0","0","0","1","1","2548.6711","0","469.36865","0","0","0","0","0","1","0.368247","0","228.26732","619.875","1","0.736495","0","586.20374","795.9375","1","1.196804","0","610.83026","510.3846","140.67049","92.52214","48.14834","31.324034","0.786381"
"D:\HAA\dACC revisions\Run 4\Br8667_dlPFC_20x_img_006-MaxIP-Stitched_unmixed_rotated.nd2","Layer 1","dACC_v17_ FISH-IF v2.4.4","275","5414","5438","2753","2784","0","1","1","0","1","1","1710.4315","0","571.01624","1","2.899948","0","3023.7249","1042.6825","1","0.736495","0","520.3335","706.5","33","25.54716","4","32216.992","1261.0792","176","89.392044","4","280754.5","3140.7102","106.607605","70.979675","35.62793","28.320358","0.786221"
"D:\HAA\dACC revisions\Run 4\Br8667_dlPFC_20x_img_006-MaxIP-Stitched_unmixed_rotated.nd2","Layer 1","dACC_v17_ FISH-IF v2.4.4","276","5437","5464","2753","2780","0","1","1","0","1","1","3128.826","0","456.6487","0","0","0","0","0","0","0","0","0","0","14","13.302936","2","13864.052","1042.1799","32","19.056799","4","49301.32","2587.0725","112.26941","72.59076","39.67865","28.10581","0.788861"
"D:\HAA\dACC revisions\Run 4\Br8667_dlPFC_20x_img_006-MaxIP-Stitched_unmixed_rotated.nd2","Layer 1","dACC_v17_ FISH-IF v2.4.4","277","4138","4176","3572","3603","1","1","1","0","1","1","888.0086","0","444.51874","1","0.552371","0","1030.1719","860.7692","41","51.370502","4","93061.305","1811.5708","27","24.58051","3","23549.877","931.89435","18","31.991488","3","18755.758","577.95746","155.26228","101.95848","53.303802","37.54593","0.662243"
"D:\HAA\dACC revisions\Run 4\Br8667_dlPFC_20x_img_006-MaxIP-Stitched_unmixed_rotated.nd2","Layer 1","dACC_v17_ FISH-IF v2.4.4","278","3893","3917","3579","3609","1","0","0","0","1","1","528.5399","0","119.93572","0","0","0","0","0","22","25.869375","3","55254.133","2132.096","2","1.51902","0","1325.3682","872.51514","3","4.51103","0","2565.5332","568.7245","94.0872","74.47803","19.60917","23.600298","0.600915"
"D:\HAA\dACC revisions\Run 4\Br8667_dlPFC_20x_img_006-MaxIP-Stitched_unmixed_rotated.nd2","Layer 1","dACC_v17_ FISH-IF v2.4.4","279","4097","4122","3589","3610","0","0","0","0","1","1","2035.25","0","294.5927","1","3.314226","0","3519.9844","1062.0834","0","0","0","0","0","0","0","0","0","0","0","0","0","0","0","78.94302","63.29251","15.650512","17.59295","0.750685"
"D:\HAA\dACC revisions\Run 4\Br8667_dlPFC_20x_img_006-MaxIP-Stitched_unmixed_rotated.nd2","Layer 1","dACC_v17_ FISH-IF v2.4.4","280","4240","4282","3655","3682","1","1","1","0","1","1","1166.31","0","268.68497","0","0","0","0","0","51","58.32117","4","128663.78","2206.1248","37","29.505817","4","33272.668","1118.9365","13","21.312315","2","13797.215","647.38226","160.73996","104.766365","55.973595","37.331383","0.624255"
"D:\HAA\dACC revisions\Run 4\Br8667_dlPFC_20x_img_006-MaxIP-Stitched_unmixed_rotated.nd2","Layer 1","dACC_v17_ FISH-IF v2.4.4","281","4104","4134","3664","3690","0","0","1","0","1","1","1982.2874","0","395.04443","0","0","0","0","0","0","0","0","0","0","1","0.50634","0","407.28156","804.36365","4","6.996699","1","4991.0405","713.3421","119.266106","82.90168","36.364426","26.174877","0.839147"
"D:\HAA\dACC revisions\Run 4\Br8667_dlPFC_20x_img_006-MaxIP-Stitched_unmixed_rotated.nd2","Layer 1","dACC_v17_ FISH-IF v2.4.4","282","4125","4152","3686","3713","0","0","0","1","1","1","2379.5393","0","364.1942","4","8.653812","1","8941.644","1033.2606","1","1.288866","0","1158.8744","899.1429","1","0.644433","0","486.823","755.4286","1","1.058711","0","506.24802","478.17392","105.82508","76.549416","29.275663","24.458492","0.841589"
"D:\HAA\dACC revisions\Run 4\Br8667_dlPFC_20x_img_006-MaxIP-Stitched_unmixed_rotated.nd2","Layer 1","dACC_v17_ FISH-IF v2.4.4","283","3940","3976","3690","3720","1","1","1","0","1","1","1086.0548","0","425.2888","0","0","0","0","0","11","17.031439","2","25954.486","1523.9163","14","13.625152","2","12478.567","909.70135","9","10.633142","1","6159.8574","522.7344","132.33888","93.71895","38.619938","34.327705","0.586781"
"D:\HAA\dACC revisions\Run 4\Br8667_dlPFC_20x_img_006-MaxIP-Stitched_unmixed_rotated.nd2","Layer 1","dACC_v17_ FISH-IF v2.4.4","284","3975","4001","3698","3727","0","0","0","0","1","1","2052.7532","0","412.27814","0","0","0","0","0","0","0","0","0","0","3","2.761855","0","2446.6353","885.86664","2","1.565051","0","755.55145","482.7647","100.025185","64.21313","35.812054","26.603973","0.857002"
"D:\HAA\dACC revisions\Run 4\Br8667_dlPFC_20x_img_006-MaxIP-Stitched_unmixed_rotated.nd2","Layer 1","dACC_v17_ FISH-IF v2.4.4","285","3886","3914","3706","3741","1","0","1","0","1","1","1215.388","0","336.1887","0","0","0","0","0","32","37.56123","4","72074.56","1918.8553","1","0.50634","0","531.79517","962.75","4","4.649123","1","2448.6606","526.69305","134.82455","83.91436","50.910194","34.327705","0.71887"
"D:\HAA\dACC revisions\Run 4\Br8667_dlPFC_20x_img_006-MaxIP-Stitched_unmixed_rotated.nd2","Layer 1","dACC_v17_ FISH-IF v2.4.4","286","3957","3985","3708","3731","0","0","0","0","1","1","2286.3252","0","554.2209","0","0","0","0","0","1","0.322216","0","267.8539","831.2857","3","3.590412","0","3127.2024","828.5","2","2.071391","0","1036.2941","500.28888","89.99044","57.72277","32.267673","26.603973","0.691319"
"D:\HAA\dACC revisions\Run 4\Br8667_dlPFC_20x_img_006-MaxIP-Stitched_unmixed_rotated.nd2","Layer 1","dACC_v17_ FISH-IF v2.4.4","287","3912","3940","3710","3737","1","0","0","0","1","1","1812.8352","0","348.80173","0","0","0","0","0","5","8.976028","1","14805.982","1632.7563","0","0","0","0","0","1","0.460309","0","212.70886","462.1","116.68838","74.524055","42.16432","29.17855","0.788176"
"D:\HAA\dACC revisions\Run 4\Br8667_dlPFC_20x_img_006-MaxIP-Stitched_unmixed_rotated.nd2","Layer 1","dACC_v17_ FISH-IF v2.4.4","288","4123","4148","3728","3749","0","0","0","0","1","1","2109.2705","0","294.7247","0","0","0","0","0","1","1.104742","0","1164.306","903.3571","0","0","0","0","0","0","0","0","0","0","77.51607","61.865555","15.650512","17.807499","0.726604"
"D:\HAA\dACC revisions\Run 4\Br8667_dlPFC_20x_img_006-MaxIP-Stitched_unmixed_rotated.nd2","Layer 1","dACC_v17_ FISH-IF v2.4.4","289","4097","4123","3731","3754","0","0","0","0","1","1","3227.211","0","380.00674","0","0","0","0","0","0","0","0","0","0","0","0","0","0","0","0","0","0","0","0","90.404724","68.35591","22.04881","21.02572","0.786655"
"D:\HAA\dACC revisions\Run 4\Br8667_dlPFC_20x_img_006-MaxIP-Stitched_unmixed_rotated.nd2","Layer 1","dACC_v17_ FISH-IF v2.4.4","290","3971","3993","3755","3779","0","0","0","0","1","1","1644.5125","0","406.31448","0","0","0","0","0","1","1.657113","0","1851.6857","1058.6052","0","0","0","0","0","3","1.887268","0","913.62164","484.09756","70.38127","46.399166","23.982107","21.454817","0.80457"
"D:\HAA\dACC revisions\Run 4\Br8667_dlPFC_20x_img_006-MaxIP-Stitched_unmixed_rotated.nd2","Layer 1","dACC_v17_ FISH-IF v2.4.4","291","3981","4012","3761","3789","0","0","0","0","1","1","1833.3757","0","393.25998","0","0","0","0","0","0","0","0","0","0","0","0","0","0","0","0","0","0","0","0","103.79972","66.928955","36.870766","30.036743","0.717074"
"D:\HAA\dACC revisions\Run 4\Br8667_dlPFC_20x_img_006-MaxIP-Stitched_unmixed_rotated.nd2","Layer 1","dACC_v17_ FISH-IF v2.4.4","292","4195","4232","3772","3803","0","0","0","0","1","1","1561.5851","0","384.5381","0","0","0","0","0","0","0","0","0","0","0","0","0","0","0","2","2.669793","0","1662.4066","601.9167","156.36702","100.3474","56.019627","35.614998","0.735639"
"D:\HAA\dACC revisions\Run 4\Br8667_dlPFC_20x_img_006-MaxIP-Stitched_unmixed_rotated.nd2","Layer 1","dACC_v17_ FISH-IF v2.4.4","293","4231","4260","3793","3822","0","0","0","0","1","1","2283.913","0","506.0275","0","0","0","0","0","0","0","0","0","0","0","0","0","0","0","0","0","0","0","0","116.96456","82.02709","34.937466","27.03307","0.817957"
"D:\HAA\dACC revisions\Run 4\Br8667_dlPFC_20x_img_006-MaxIP-Stitched_unmixed_rotated.nd2","Layer 1","dACC_v17_ FISH-IF v2.4.4","294","3922","3942","3801","3819","0","0","0","0","1","1","539.1736","0","149.9342","1","1.104742","0","849.91486","769.3333","0","0","0","0","0","0","0","0","0","0","0","0","0","0","0","52.797462","46.16901","6.628452","10.727408","0.745335"
"D:\HAA\dACC revisions\Run 4\Br8667_dlPFC_20x_img_006-MaxIP-Stitched_unmixed_rotated.nd2","Layer 1","dACC_v17_ FISH-IF v2.4.4","295","4108","4137","3811","3843","0","0","0","1","1","1","1916.2681","0","340.50742","13","24.626541","2","33123.387","1345.0281","0","0","0","0","0","3","3.222164","0","3012.4473","934.9143","0","0","0","0","0","135.23883","90.082504","45.15633","30.46584","0.80759"
"D:\HAA\dACC revisions\Run 4\Br8667_dlPFC_20x_img_006-MaxIP-Stitched_unmixed_rotated.nd2","Layer 1","dACC_v17_ FISH-IF v2.4.4","296","3922","3945","3819","3841","0","0","0","0","1","1","1024.2534","0","207.66391","1","5.52371","0","5074.494","918.675","0","0","0","0","0","0","0","0","0","0","2","1.51902","0","831.9628","502.05554","77.97637","61.083027","16.893347","18.022047","0.876035"
"D:\HAA\dACC revisions\Run 4\Br8667_dlPFC_20x_img_006-MaxIP-Stitched_unmixed_rotated.nd2","Layer 1","dACC_v17_ FISH-IF v2.4.4","297","4222","4257","3826","3858","1","0","0","0","1","1","1186.2351","0","314.17587","0","0","0","0","0","43","50.1737","4","112160.41","2235.4421","1","0.736495","0","634.8584","862","2","1.51902","0","729.7742","480.42426","159.68126","98.4141","61.26715","35.614998","0.833489"
"D:\HAA\dACC revisions\Run 4\Br8667_dlPFC_20x_img_006-MaxIP-Stitched_unmixed_rotated.nd2","Layer 1","dACC_v17_ FISH-IF v2.4.4","298","3974","4011","3845","3875","0","1","0","1","1","1","1766.7981","0","332.27972","13","33.23432","2","48261.023","1452.144","2","4.326906","0","4338.092","1002.5851","4","3.452319","1","3263.0398","945.17334","0","0","0","0","0","147.06879","99.88709","47.18169","35.1859","0.64861"
"D:\HAA\dACC revisions\Run 4\Br8667_dlPFC_20x_img_006-MaxIP-Stitched_unmixed_rotated.nd2","Layer 1","dACC_v17_ FISH-IF v2.4.4","299","4214","4233","3851","3870","0","0","0","0","1","1","2616.3647","0","655.56415","0","0","0","0","0","0","0","0","0","0","0","0","0","0","0","1","1.104742","0","583.53394","528.2083","39.908806","31.57721","8.331596","13.087439","0.78026"
"D:\HAA\dACC revisions\Run 4\Br8667_dlPFC_20x_img_006-MaxIP-Stitched_unmixed_rotated.nd2","Layer 1","dACC_v17_ FISH-IF v2.4.4","300","4220","4246","3858","3887","0","0","0","0","1","1","3107.1038","0","437.00635","0","0","0","0","0","1","1.749175","0","1877.463","1073.3422","0","0","0","0","0","0","0","0","0","0","95.8824","65.27184","30.61056","28.749454","0.655743"
"D:\HAA\dACC revisions\Run 4\Br8667_dlPFC_20x_img_006-MaxIP-Stitched_unmixed_rotated.nd2","Layer 1","dACC_v17_ FISH-IF v2.4.4","301","4225","4252","3893","3924","0","0","0","0","1","1","2711.195","0","490.40897","0","0","0","0","0","1","0.598402","0","455.15372","760.61536","0","0","0","0","0","1","2.48567","0","1419.2712","570.9815","118.11533","83.17787","34.937466","27.03307","0.745105"
"D:\HAA\dACC revisions\Run 4\Br8667_dlPFC_20x_img_006-MaxIP-Stitched_unmixed_rotated.nd2","Layer 1","dACC_v17_ FISH-IF v2.4.4","302","1991","2023","3170","3192","0","0","0","1","1","1","1878.3","0","312.8843","7","23.01546","1","30738.297","1335.55","0","0","0","0","0","0","0","0","0","0","0","0","0","0","0","112.72971","82.34931","30.380405","24.029396","0.69561"
"D:\HAA\dACC revisions\Run 4\Br8667_dlPFC_20x_img_006-MaxIP-Stitched_unmixed_rotated.nd2","Layer 1","dACC_v17_ FISH-IF v2.4.4","303","2158","2192","3187","3215","0","0","1","0","1","1","1472.1646","0","352.9942","0","0","0","0","0","0","0","0","0","0","0","0","0","0","0","11","11.922008","2","6192.355","519.4054","131.97064","87.504776","44.465866","32.61132","0.691547"
"D:\HAA\dACC revisions\Run 4\Br8667_dlPFC_20x_img_006-MaxIP-Stitched_unmixed_rotated.nd2","Layer 1","dACC_v17_ FISH-IF v2.4.4","304","2138","2161","3199","3238","0","0","0","1","1","1","1395.3259","0","284.70987","5","12.980719","1","17493.314","1347.6383","0","0","0","0","0","0","0","0","0","0","0","0","0","0","0","122.25812","74.24787","48.010246","33.469513","0.62271"
"D:\HAA\dACC revisions\Run 4\Br8667_dlPFC_20x_img_006-MaxIP-Stitched_unmixed_rotated.nd2","Layer 1","dACC_v17_ FISH-IF v2.4.4","305","2213","2235","3210","3230","0","0","0","0","1","1","1443.3334","0","183.51686","0","0","0","0","0","0","0","0","0","0","0","0","0","0","0","0","0","0","0","0","62.78617","53.25777","9.528399","13.301987","0.831148"
"D:\HAA\dACC revisions\Run 4\Br8667_dlPFC_20x_img_006-MaxIP-Stitched_unmixed_rotated.nd2","Layer 1","dACC_v17_ FISH-IF v2.4.4","306","2159","2177","3213","3233","0","0","0","1","1","1","1591.0344","0","511.65994","7","19.977419","1","34960.066","1749.9792","0","0","0","0","0","0","0","0","0","0","0","0","0","0","0","55.375195","27.342365","28.03283","24.029396","0.682465"
"D:\HAA\dACC revisions\Run 4\Br8667_dlPFC_20x_img_006-MaxIP-Stitched_unmixed_rotated.nd2","Layer 1","dACC_v17_ FISH-IF v2.4.4","307","2086","2121","3213","3244","0","0","0","0","1","1","1520.9426","0","357.7502","0","0","0","0","0","0","0","0","0","0","1","0.782526","0","548.68854","701.17645","1","1.01268","0","554.4884","547.5455","165.25099","102.64895","62.602047","34.756805","0.805445"
"D:\HAA\dACC revisions\Run 4\Br8667_dlPFC_20x_img_006-MaxIP-Stitched_unmixed_rotated.nd2","Layer 1","dACC_v17_ FISH-IF v2.4.4","308","2157","2185","3228","3250","1","0","0","0","1","1","1363.5139","0","348.47726","3","8.653812","0","14354.051","1658.6968","4","4.372937","1","3980.2014","910.18945","1","0.552371","0","424.77332","769","1","1.01268","0","489.90704","483.77274","74.24787","52.65937","21.588501","22.098461","0.642794"
"D:\HAA\dACC revisions\Run 4\Br8667_dlPFC_20x_img_006-MaxIP-Stitched_unmixed_rotated.nd2","Layer 1","dACC_v17_ FISH-IF v2.4.4","309","1946","1977","3232","3259","0","0","0","0","1","1","2700.1763","0","432.72678","0","0","0","0","0","0","0","0","0","0","0","0","0","0","0","1","1.150773","0","616.16986","535.44","118.98992","84.23658","34.75334","27.891262","0.784607"
"D:\HAA\dACC revisions\Run 4\Br8667_dlPFC_20x_img_006-MaxIP-Stitched_unmixed_rotated.nd2","Layer 1","dACC_v17_ FISH-IF v2.4.4","310","1990","2023","3238","3268","0","0","0","0","1","1","1758.4073","0","346.63873","0","0","0","0","0","3","7.54907","0","8336.752","1104.3414","0","0","0","0","0","3","1.703144","0","831.4565","488.18918","129.85323","90.082504","39.770714","31.75313","0.738923"
"D:\HAA\dACC revisions\Run 4\Br8667_dlPFC_20x_img_006-MaxIP-Stitched_unmixed_rotated.nd2","Layer 1","dACC_v17_ FISH-IF v2.4.4","311","2154","2174","3254","3271","0","0","1","0","1","1","679.7375","0","185.7234","0","0","0","0","0","2","1.841237","0","1472.391","799.675","1","0.552371","0","405.9927","735","4","4.971339","1","2430.8008","488.96295","46.951534","43.269062","3.682473","8.581926","0.633379"
"D:\HAA\dACC revisions\Run 4\Br8667_dlPFC_20x_img_006-MaxIP-Stitched_unmixed_rotated.nd2","Layer 1","dACC_v17_ FISH-IF v2.4.4","312","2059","2098","3256","3287","0","0","1","1","1","1","1755.6385","0","391.0633","14","33.14226","2","53242.902","1606.4958","2","4.741185","0","5192.656","1095.2233","0","0","0","0","0","4","7.272885","1","4035.9448","554.93036","161.10822","105.45683","55.65138","37.76048","0.659672"
"D:\HAA\dACC revisions\Run 4\Br8667_dlPFC_20x_img_006-MaxIP-Stitched_unmixed_rotated.nd2","Layer 1","dACC_v17_ FISH-IF v2.4.4","313","1891","1929","3262","3299","0","0","0","0","1","1","1848.5615","0","346.22617","0","0","0","0","0","1","1.657113","0","1997.7878","1205.5834","1","0.598402","0","469.79153","785.0769","0","0","0","0","0","200.32655","122.120026","78.20653","43.55328","0.760495"
"D:\HAA\dACC revisions\Run 4\Br8667_dlPFC_20x_img_006-MaxIP-Stitched_unmixed_rotated.nd2","Layer 1","dACC_v17_ FISH-IF v2.4.4","314","2154","2188","3269","3298","0","0","0","0","1","1","2064.374","0","387.73163","0","0","0","0","0","1","2.577731","0","2835.0442","1099.8214","0","0","0","0","0","3","2.99201","0","1508.157","504.06152","117.65502","70.151115","47.503906","33.469513","0.750615"
"D:\HAA\dACC revisions\Run 4\Br8667_dlPFC_20x_img_006-MaxIP-Stitched_unmixed_rotated.nd2","Layer 1","dACC_v17_ FISH-IF v2.4.4","315","2191","2214","3277","3302","1","0","1","0","1","1","1800.1089","0","354.3524","0","0","0","0","0","12","20.299635","2","27973.172","1378.0135","0","0","0","0","0","7","10.356956","1","5521.961","533.1644","90.12854","57.998955","32.12958","24.243944","0.791733"
"D:\HAA\dACC revisions\Run 4\Br8667_dlPFC_20x_img_006-MaxIP-Stitched_unmixed_rotated.nd2","Layer 1","dACC_v17_ FISH-IF v2.4.4","316","2175","2191","3279","3304","1","0","0","0","1","1","2194.84","0","344.39395","0","0","0","0","0","7","5.984019","1","11463.724","1915.723","0","0","0","0","0","2","5.155463","0","2735.6636","530.6339","50.58798","25.823345","24.764633","22.527557","0.820383"
"D:\HAA\dACC revisions\Run 4\Br8667_dlPFC_20x_img_006-MaxIP-Stitched_unmixed_rotated.nd2","Layer 1","dACC_v17_ FISH-IF v2.4.4","317","2134","2164","3290","3322","0","0","0","0","1","1","1441.0996","0","352.99332","0","0","0","0","0","0","0","0","0","0","0","0","0","0","0","2","2.577731","0","1411.6761","547.6429","123.96126","75.90498","48.05628","32.61132","0.755528"
"D:\HAA\dACC revisions\Run 4\Br8667_dlPFC_20x_img_006-MaxIP-Stitched_unmixed_rotated.nd2","Layer 1","dACC_v17_ FISH-IF v2.4.4","318","2249","2279","3304","3335","0","0","0","0","1","1","1611.9976","0","302.38474","0","0","0","0","0","0","0","0","0","0","0","0","0","0","0","1","0.460309","0","209.48671","455.1","123.45492","85.06513","38.389786","29.607647","0.772074"
"D:\HAA\dACC revisions\Run 4\Br8667_dlPFC_20x_img_006-MaxIP-Stitched_unmixed_rotated.nd2","Layer 1","dACC_v17_ FISH-IF v2.4.4","319","2155","2175","3305","3326","0","0","1","0","1","1","1489.0392","0","303.24072","0","0","0","0","0","3","3.866597","0","5250.655","1096.8077","0","0","0","0","0","6","13.809276","1","8952.277","648.28","53.856174","40.921486","12.934688","15.662017","0.83113"
"D:\HAA\dACC revisions\Run 4\Br8667_dlPFC_20x_img_006-MaxIP-Stitched_unmixed_rotated.nd2","Layer 1","dACC_v17_ FISH-IF v2.4.4","320","1861","1893","3306","3338","0","0","0","0","1","1","2039.984","0","388.239","0","0","0","0","0","0","0","0","0","0","0","0","0","0","0","0","0","0","0","0","138.92131","87.044464","51.876842","33.040417","0.827761"
"D:\HAA\dACC revisions\Run 4\Br8667_dlPFC_20x_img_006-MaxIP-Stitched_unmixed_rotated.nd2","Layer 1","dACC_v17_ FISH-IF v2.4.4","321","1888","1906","3307","3327","0","0","0","0","1","1","2482.2073","0","295.60043","0","0","0","0","0","0","0","0","0","0","0","0","0","0","0","0","0","0","0","0","52.19906","43.315094","8.883967","12.87289","0.850351"
"D:\HAA\dACC revisions\Run 4\Br8667_dlPFC_20x_img_006-MaxIP-Stitched_unmixed_rotated.nd2","Layer 1","dACC_v17_ FISH-IF v2.4.4","322","2035","2062","3310","3332","1","0","1","0","1","1","1239.829","0","393.83347","0","0","0","0","0","4","6.53639","1","6808.387","1041.6127","0","0","0","0","0","8","13.256905","1","8031.2905","605.81946","77.60812","54.454575","23.153551","23.600298","0.7293"
"D:\HAA\dACC revisions\Run 4\Br8667_dlPFC_20x_img_006-MaxIP-Stitched_unmixed_rotated.nd2","Layer 1","dACC_v17_ FISH-IF v2.4.4","323","2037","2060","3328","3349","0","0","0","0","1","1","1419.3936","0","269.5144","0","0","0","0","0","3","4.142783","0","4238.0664","939.4898","0","0","0","0","0","2","4.280875","0","2293.2603","535.6989","72.40663","49.483234","22.923397","21.02572","0.751182"
"D:\HAA\dACC revisions\Run 4\Br8667_dlPFC_20x_img_006-MaxIP-Stitched_unmixed_rotated.nd2","Layer 1","dACC_v17_ FISH-IF v2.4.4","324","2226","2238","3330","3345","0","0","0","0","1","1","702.6429","0","228.66159","0","0","0","0","0","0","0","0","0","0","0","0","0","0","0","0","0","0","0","0","27.848705","27.204271","0.644433","2.574578","0.784007"
"D:\HAA\dACC revisions\Run 4\Br8667_dlPFC_20x_img_006-MaxIP-Stitched_unmixed_rotated.nd2","Layer 1","dACC_v17_ FISH-IF v2.4.4","325","2238","2259","3331","3350","0","0","0","0","1","1","1242.6794","0","202.04068","0","0","0","0","0","0","0","0","0","0","0","0","0","0","0","0","0","0","0","0","60.530655","50.910194","9.620461","13.516535","0.774139"
"D:\HAA\dACC revisions\Run 4\Br8667_dlPFC_20x_img_006-MaxIP-Stitched_unmixed_rotated.nd2","Layer 1","dACC_v17_ FISH-IF v2.4.4","326","1967","1986","3337","3355","0","0","0","0","1","1","395.86957","0","139.90688","0","0","0","0","0","0","0","0","0","0","0","0","0","0","0","0","0","0","0","0","50.772102","45.478546","5.293556","9.44012","0.855932"
"D:\HAA\dACC revisions\Run 4\Br8667_dlPFC_20x_img_006-MaxIP-Stitched_unmixed_rotated.nd2","Layer 1","dACC_v17_ FISH-IF v2.4.4","327","1989","2009","3342","3362","0","0","0","0","1","1","1308.5225","0","184.3915","0","0","0","0","0","0","0","0","0","0","0","0","0","0","0","2","1.841237","0","924.94525","502.35","59.1037","50.910194","8.193503","12.443794","0.848687"
"D:\HAA\dACC revisions\Run 4\Br8667_dlPFC_20x_img_006-MaxIP-Stitched_unmixed_rotated.nd2","Layer 1","dACC_v17_ FISH-IF v2.4.4","328","2153","2170","3343","3366","0","0","0","0","1","1","1287.1508","0","471.38257","0","0","0","0","0","0","0","0","0","0","0","0","0","0","0","0","0","0","0","0","58.044987","46.445194","11.599792","15.876565","0.616049"
"D:\HAA\dACC revisions\Run 4\Br8667_dlPFC_20x_img_006-MaxIP-Stitched_unmixed_rotated.nd2","Layer 1","dACC_v17_ FISH-IF v2.4.4","329","2130","2155","3345","3374","0","0","1","0","1","1","2466.4385","0","575.8732","0","0","0","0","0","0","0","0","0","0","0","0","0","0","0","5","6.904638","1","3401.5007","492.64","107.89647","70.42731","37.469166","27.247618","0.775973"
"D:\HAA\dACC revisions\Run 4\Br8667_dlPFC_20x_img_006-MaxIP-Stitched_unmixed_rotated.nd2","Layer 1","dACC_v17_ FISH-IF v2.4.4","330","2147","2174","3363","3397","0","0","0","0","1","1","1883.5632","0","368.35135","0","0","0","0","0","0","0","0","0","0","0","0","0","0","0","3","3.084071","0","1406.0144","455.8955","130.45161","83.454056","46.997566","38.61867","0.597598"
"D:\HAA\dACC revisions\Run 4\Br8667_dlPFC_20x_img_006-MaxIP-Stitched_unmixed_rotated.nd2","Layer 1","dACC_v17_ FISH-IF v2.4.4","331","2037","2066","3366","3395","1","0","1","0","1","1","2094.9526","0","390.30807","0","0","0","0","0","5","8.101441","1","8841.803","1091.3864","0","0","0","0","0","12","23.844015","2","13555.875","568.5232","123.36286","84.4207","38.942158","27.03307","0.896453"
"D:\HAA\dACC revisions\Run 4\Br8667_dlPFC_20x_img_006-MaxIP-Stitched_unmixed_rotated.nd2","Layer 1","dACC_v17_ FISH-IF v2.4.4","332","2129","2146","3372","3391","0","0","1","0","1","1","1648.6151","0","434.33957","0","0","0","0","0","0","0","0","0","0","0","0","0","0","0","4","5.339586","1","2438.4878","456.68103","48.470554","36.870766","11.599792","15.447468","0.688464"
"D:\HAA\dACC revisions\Run 4\Br8667_dlPFC_20x_img_006-MaxIP-Stitched_unmixed_rotated.nd2","Layer 1","dACC_v17_ FISH-IF v2.4.4","333","2209","2241","3371","3398","0","0","1","0","1","1","1958.6357","0","315.95013","0","0","0","0","0","0","0","0","0","0","1","0.920618","0","731.33923","794.4","12","23.107521","2","13243.141","573.10956","130.81987","88.60952","42.21035","28.320358","0.788246"
"D:\HAA\dACC revisions\Run 4\Br8667_dlPFC_20x_img_006-MaxIP-Stitched_unmixed_rotated.nd2","Layer 1","dACC_v17_ FISH-IF v2.4.4","334","2117","2152","3390","3419","0","0","0","0","1","1","1242.9669","0","337.60327","0","0","0","0","0","0","0","0","0","0","0","0","0","0","0","1","0.690464","0","326.31317","472.6","146.01007","95.83637","50.1737","33.040417","0.772162"
"D:\HAA\dACC revisions\Run 4\Br8667_dlPFC_20x_img_006-MaxIP-Stitched_unmixed_rotated.nd2","Layer 1","dACC_v17_ FISH-IF v2.4.4","335","1933","1964","3400","3431","0","0","0","0","1","1","2072.6145","0","339.07327","0","0","0","0","0","0","0","0","0","0","0","0","0","0","0","0","0","0","0","0","141.77522","92.33802","49.437206","31.324034","0.846713"
"D:\HAA\dACC revisions\Run 4\Br8667_dlPFC_20x_img_006-MaxIP-Stitched_unmixed_rotated.nd2","Layer 1","dACC_v17_ FISH-IF v2.4.4","336","2168","2204","3409","3440","1","0","1","1","1","1","1986.1364","0","366.25897","18","40.737362","3","89026.05","2185.3662","10","17.307625","2","19160.46","1107.0532","0","0","0","0","0","5","4.649123","1","2387.8538","513.6139","137.90863","80.87632","57.032307","35.400448","0.816058"
"D:\HAA\dACC revisions\Run 4\Br8667_dlPFC_20x_img_006-MaxIP-Stitched_unmixed_rotated.nd2","Layer 1","dACC_v17_ FISH-IF v2.4.4","337","1969","1999","3412","3442","0","0","0","0","1","1","2419.5254","0","413.02182","0","0","0","0","0","0","0","0","0","0","0","0","0","0","0","0","0","0","0","0","123.50095","84.4207","39.08025","28.749454","0.906602"
"D:\HAA\dACC revisions\Run 4\Br8667_dlPFC_20x_img_006-MaxIP-Stitched_unmixed_rotated.nd2","Layer 1","dACC_v17_ FISH-IF v2.4.4","338","2100","2129","3423","3452","0","0","0","1","1","1","1511.8429","0","290.29752","7","11.093451","1","10668.125","961.6597","2","2.853917","0","3018.7996","1057.7742","2","2.48567","0","1955.6696","786.7778","0","0","0","0","0","102.00452","61.26715","40.737362","29.393099","0.827448"
"D:\HAA\dACC revisions\Run 4\Br8667_dlPFC_20x_img_006-MaxIP-Stitched_unmixed_rotated.nd2","Layer 1","dACC_v17_ FISH-IF v2.4.4","339","2182","2220","3429","3464","0","0","0","0","1","1","2074.7","0","527.3174","2","2.209484","0","1821.1672","824.25","0","0","0","0","0","1","0.598402","0","404.934","676.6923","2","1.979329","0","1007.4787","509","172.29373","95.284","77.00973","43.33873","0.714263"
"D:\HAA\dACC revisions\Run 4\Br8667_dlPFC_20x_img_006-MaxIP-Stitched_unmixed_rotated.nd2","Layer 1","dACC_v17_ FISH-IF v2.4.4","340","2087","2116","3433","3458","0","0","1","1","1","1","1373.116","0","299.70087","6","9.114121","1","10269.866","1126.8081","2","1.611082","0","1374.8514","853.3714","1","0.690464","0","560.61053","811.93335","17","30.56453","3","25301.445","827.8042","84.4207","53.856174","30.56453","27.462166","0.720919"
"D:\HAA\dACC revisions\Run 4\Br8667_dlPFC_20x_img_006-MaxIP-Stitched_unmixed_rotated.nd2","Layer 1","dACC_v17_ FISH-IF v2.4.4","341","1874","1907","3438","3466","0","0","0","0","1","1","2344.1055","0","377.16068","2","2.5317","0","2161.2896","853.6909","0","0","0","0","0","0","0","0","0","0","0","0","0","0","0","132.01668","89.66823","42.348446","30.036743","0.752493"
"D:\HAA\dACC revisions\Run 4\Br8667_dlPFC_20x_img_006-MaxIP-Stitched_unmixed_rotated.nd2","Layer 1","dACC_v17_ FISH-IF v2.4.4","342","2066","2090","3445","3466","0","0","0","0","1","1","1900.3566","0","418.6288","0","0","0","0","0","3","3.544381","0","4301.4053","1213.5845","0","0","0","0","0","0","0","0","0","0","70.05906","48.240402","21.818655","19.738432","0.820212"
"D:\HAA\dACC revisions\Run 4\Br8667_dlPFC_20x_img_006-MaxIP-Stitched_unmixed_rotated.nd2","Layer 1","dACC_v17_ FISH-IF v2.4.4","343","1981","2016","3455","3487","1","0","0","0","1","1","1765.1161","0","359.03064","1","2.393608","0","2645.903","1105.4038","6","11.461699","1","12001.963","1047.1366","0","0","0","0","0","3","3.084071","0","1690.2092","548.0448","148.81796","97.677605","51.14035","34.756805","0.692199"
"D:\HAA\dACC revisions\Run 4\Br8667_dlPFC_20x_img_006-MaxIP-Stitched_unmixed_rotated.nd2","Layer 1","dACC_v17_ FISH-IF v2.4.4","344","2069","2101","3459","3484","1","0","1","0","1","1","1745.6482","0","400.49625","0","0","0","0","0","31","34.477158","4","68061.5","1974.1041","0","0","0","0","0","11","21.266283","2","12592.08","573.49475","109.09328","67.619415","41.473858","28.10581","0.76388"
"D:\HAA\dACC revisions\Run 4\Br8667_dlPFC_20x_img_006-MaxIP-Stitched_unmixed_rotated.nd2","Layer 1","dACC_v17_ FISH-IF v2.4.4","345","2043","2075","3470","3500","0","0","1","0","1","1","1584.7147","0","251.48233","0","0","0","0","0","2","3.314226","0","4390.2446","1324.6666","0","0","0","0","0","8","8.653812","1","4670.619","539.7181","135.51501","88.563484","46.951534","30.46584","0.847631"
"D:\HAA\dACC revisions\Run 4\Br8667_dlPFC_20x_img_006-MaxIP-Stitched_unmixed_rotated.nd2","Layer 1","dACC_v17_ FISH-IF v2.4.4","346","2184","2213","3481","3512","0","0","0","0","1","1","2238.1963","0","364.45032","0","0","0","0","0","0","0","0","0","0","0","0","0","0","0","1","1.01268","0","493.1292","486.95456","124.37554","86.169876","38.20566","28.749454","0.775602"
"D:\HAA\dACC revisions\Run 4\Br8667_dlPFC_20x_img_006-MaxIP-Stitched_unmixed_rotated.nd2","Layer 1","dACC_v17_ FISH-IF v2.4.4","347","2087","2106","3497","3512","0","0","0","0","1","1","2275.899","0","441.29504","0","0","0","0","0","0","0","0","0","0","0","0","0","0","0","0","0","0","0","0","37.008858","32.451797","4.557061","9.44012","0.716429"
"D:\HAA\dACC revisions\Run 4\Br8667_dlPFC_20x_img_006-MaxIP-Stitched_unmixed_rotated.nd2","Layer 1","dACC_v17_ FISH-IF v2.4.4","348","2135","2154","3499","3518","0","0","0","0","1","1","751.24164","0","143.28716","0","0","0","0","0","0","0","0","0","0","0","0","0","0","0","0","0","0","0","0","51.370502","45.846794","5.52371","9.869216","0.873112"
"D:\HAA\dACC revisions\Run 4\Br8667_dlPFC_20x_img_006-MaxIP-Stitched_unmixed_rotated.nd2","Layer 1","dACC_v17_ FISH-IF v2.4.4","349","2063","2093","3503","3524","0","0","0","0","1","1","2272.1313","0","528.44073","0","0","0","0","0","0","0","0","0","0","0","0","0","0","0","1","0.414278","0","182.09831","439.55554","79.03509","55.55932","23.475767","27.891262","0.4863"
"D:\HAA\dACC revisions\Run 4\Br8667_dlPFC_20x_img_006-MaxIP-Stitched_unmixed_rotated.nd2","Layer 1","dACC_v17_ FISH-IF v2.4.4","350","2205","2224","3508","3524","0","0","0","0","1","1","1204.1718","0","289.31873","0","0","0","0","0","0","0","0","0","0","0","0","0","0","0","0","0","0","0","0","47.964214","38.850094","9.114121","13.301987","0.711576"
"D:\HAA\dACC revisions\Run 4\Br8667_dlPFC_20x_img_006-MaxIP-Stitched_unmixed_rotated.nd2","Layer 1","dACC_v17_ FISH-IF v2.4.4","351","2089","2117","3509","3531","0","0","0","0","1","1","2910.9585","0","435.64795","0","0","0","0","0","0","0","0","0","0","0","0","0","0","0","0","0","0","0","0","86.9524","61.451275","25.50113","23.600298","0.688976"
"D:\HAA\dACC revisions\Run 4\Br8667_dlPFC_20x_img_006-MaxIP-Stitched_unmixed_rotated.nd2","Layer 1","dACC_v17_ FISH-IF v2.4.4","352","1900","1922","3517","3538","0","0","0","0","1","1","1563.2845","0","232.90741","0","0","0","0","0","0","0","0","0","0","0","0","0","0","0","0","0","0","0","0","68.81622","57.1704","11.645823","15.018372","0.760148"
"D:\HAA\dACC revisions\Run 4\Br8667_dlPFC_20x_img_006-MaxIP-Stitched_unmixed_rotated.nd2","Layer 1","dACC_v17_ FISH-IF v2.4.4","353","2061","2088","3521","3545","0","0","0","0","1","1","2575.1423","0","422.81485","0","0","0","0","0","0","0","0","0","0","0","0","0","0","0","0","0","0","0","0","94.639565","63.890915","30.748653","24.887589","0.847596"
"D:\HAA\dACC revisions\Run 4\Br8667_dlPFC_20x_img_006-MaxIP-Stitched_unmixed_rotated.nd2","Layer 1","dACC_v17_ FISH-IF v2.4.4","354","2206","2240","3523","3552","0","0","1","0","1","1","1753.1672","0","672.1997","0","0","0","0","0","0","0","0","0","0","0","0","0","0","0","5","7.733194","1","4319.6333","558.5833","139.01337","87.82699","51.18638","35.1859","0.597161"
"D:\HAA\dACC revisions\Run 4\Br8667_dlPFC_20x_img_006-MaxIP-Stitched_unmixed_rotated.nd2","Layer 1","dACC_v17_ FISH-IF v2.4.4","355","2030","2058","3533","3566","0","0","0","0","1","1","1741.683","0","470.26297","0","0","0","0","0","0","0","0","0","0","0","0","0","0","0","0","0","0","0","0","126.723114","81.56679","45.15633","32.61132","0.727547"
"D:\HAA\dACC revisions\Run 4\Br8667_dlPFC_20x_img_006-MaxIP-Stitched_unmixed_rotated.nd2","Layer 1","dACC_v17_ FISH-IF v2.4.4","356","1965","2000","3535","3573","0","0","0","0","1","1","2065.3137","0","368.80457","0","0","0","0","0","0","0","0","0","0","0","0","0","0","0","0","0","0","0","0","156.13687","86.44606","69.69081","45.69876","0.695712"
"D:\HAA\dACC revisions\Run 4\Br8667_dlPFC_20x_img_006-MaxIP-Stitched_unmixed_rotated.nd2","Layer 1","dACC_v17_ FISH-IF v2.4.4","357","1950","1972","3537","3552","0","0","0","0","1","1","2282.0852","0","312.38992","0","0","0","0","0","0","0","0","0","0","0","0","0","0","0","0","0","0","0","0","41.427826","27.388395","14.03943","18.665691","0.553257"
"D:\HAA\dACC revisions\Run 4\Br8667_dlPFC_20x_img_006-MaxIP-Stitched_unmixed_rotated.nd2","Layer 1","dACC_v17_ FISH-IF v2.4.4","358","1953","1971","3552","3568","0","0","0","0","1","1","2202.2024","0","339.9528","0","0","0","0","0","0","0","0","0","0","0","0","0","0","0","0","0","0","0","0","42.072258","27.296333","14.775925","18.88024","0.630462"
"D:\HAA\dACC revisions\Run 4\Br8667_dlPFC_20x_img_006-MaxIP-Stitched_unmixed_rotated.nd2","Layer 1","dACC_v17_ FISH-IF v2.4.4","359","2006","2030","3548","3573","0","0","0","0","1","1","1800.0261","0","502.2007","0","0","0","0","0","0","0","0","0","0","0","0","0","0","0","0","0","0","0","0","67.20514","38.988186","28.216953","27.03307","0.634889"
"D:\HAA\dACC revisions\Run 4\Br8667_dlPFC_20x_img_006-MaxIP-Stitched_unmixed_rotated.nd2","Layer 1","dACC_v17_ FISH-IF v2.4.4","360","2028","2042","3552","3572","0","0","0","0","1","1","1241.1106","0","521.77057","0","0","0","0","0","0","0","0","0","0","0","0","0","0","0","0","0","0","0","0","33.6486","24.07417","9.57443","13.516535","0.767738"
"D:\HAA\dACC revisions\Run 4\Br8667_dlPFC_20x_img_006-MaxIP-Stitched_unmixed_rotated.nd2","Layer 1","dACC_v17_ FISH-IF v2.4.4","361","1991","2022","3555","3580","0","0","0","0","1","1","2229.1624","0","330.02145","0","0","0","0","0","0","0","0","0","0","0","0","0","0","0","0","0","0","0","0","95.652245","57.952927","37.69932","28.749454","0.762462"
"D:\HAA\dACC revisions\Run 4\Br8667_dlPFC_20x_img_006-MaxIP-Stitched_unmixed_rotated.nd2","Layer 1","dACC_v17_ FISH-IF v2.4.4","362","5745","5780","3165","3202","0","1","0","0","1","1","3023.6394","0","513.8518","0","0","0","0","0","0","0","0","0","0","16","10.633142","3","17547.445","1650.2598","2","2.255515","0","1474.6925","543","182.92686","101.59023","81.33663","46.127857","0.648157"
"D:\HAA\dACC revisions\Run 4\Br8667_dlPFC_20x_img_006-MaxIP-Stitched_unmixed_rotated.nd2","Layer 1","dACC_v17_ FISH-IF v2.4.4","363","5725","5745","3176","3194","0","1","0","0","1","1","1689.6293","0","549.06866","0","0","0","0","0","0","0","0","0","0","11","8.837936","2","10282.202","1163.4166","1","0.598402","0","295.79468","494.30768","52.797462","35.53587","17.261595","19.738432","0.697755"
"D:\HAA\dACC revisions\Run 4\Br8667_dlPFC_20x_img_006-MaxIP-Stitched_unmixed_rotated.nd2","Layer 1","dACC_v17_ FISH-IF v2.4.4","364","5471","5489","3177","3193","0","0","0","0","1","1","1515.9508","0","315.15448","0","0","0","0","0","0","0","0","0","0","0","0","0","0","0","0","0","0","0","0","41.842106","39.034218","2.807886","6.865541","0.798328"
"D:\HAA\dACC revisions\Run 4\Br8667_dlPFC_20x_img_006-MaxIP-Stitched_unmixed_rotated.nd2","Layer 1","dACC_v17_ FISH-IF v2.4.4","365","5784","5814","3180","3212","0","0","1","1","1","1","2365.7708","0","387.39145","10","25.915407","2","41933.52","1618.0924","0","0","0","0","0","1","0.644433","0","434.85406","674.7857","4","5.293556","1","2781.5103","525.45215","139.42764","92.430084","46.997566","30.46584","0.800407"
"D:\HAA\dACC revisions\Run 4\Br8667_dlPFC_20x_img_006-MaxIP-Stitched_unmixed_rotated.nd2","Layer 1","dACC_v17_ FISH-IF v2.4.4","366","5481","5509","3189","3211","0","0","0","0","1","1","3261.8772","0","538.7063","2","1.472989","0","1246.4252","846.1875","0","0","0","0","0","1","0.782526","0","563.41846","720","0","0","0","0","0","88.011116","69.27653","18.734583","20.596624","0.662011"
"D:\HAA\dACC revisions\Run 4\Br8667_dlPFC_20x_img_006-MaxIP-Stitched_unmixed_rotated.nd2","Layer 1","dACC_v17_ FISH-IF v2.4.4","367","5810","5825","3202","3218","0","0","0","0","1","1","491.5625","0","203.36691","2","3.084071","0","4037.0496","1309","0","0","0","0","0","0","0","0","0","0","0","0","0","0","0","32.72798","31.991488","0.736495","3.432771","0.62062"
"D:\HAA\dACC revisions\Run 4\Br8667_dlPFC_20x_img_006-MaxIP-Stitched_unmixed_rotated.nd2","Layer 1","dACC_v17_ FISH-IF v2.4.4","368","5754","5781","3215","3243","0","0","0","0","1","1","2779.0466","0","631.9698","0","0","0","0","0","0","0","0","0","0","0","0","0","0","0","1","0.552371","0","251.65103","455.58334","94.36338","57.906895","36.456486","27.891262","0.775171"
"D:\HAA\dACC revisions\Run 4\Br8667_dlPFC_20x_img_006-MaxIP-Stitched_unmixed_rotated.nd2","Layer 1","dACC_v17_ FISH-IF v2.4.4","369","5541","5570","3216","3246","0","0","0","1","1","1","2953.8364","0","558.9898","10","21.036129","2","34738.566","1651.3763","1","1.841237","0","2239.22","1216.15","0","0","0","0","0","1","1.196804","0","726.0917","606.6923","127.045334","85.985756","41.059578","27.891262","0.905688"
"D:\HAA\dACC revisions\Run 4\Br8667_dlPFC_20x_img_006-MaxIP-Stitched_unmixed_rotated.nd2","Layer 1","dACC_v17_ FISH-IF v2.4.4","370","5788","5816","3218","3248","0","0","0","1","1","1","2051.1858","0","392.63635","10","16.340975","2","19910.904","1218.4648","0","0","0","0","0","0","0","0","0","0","1","0.736495","0","430.29703","519.3333","125.710434","85.57147","40.13896","27.462166","0.877069"
"D:\HAA\dACC revisions\Run 4\Br8667_dlPFC_20x_img_006-MaxIP-Stitched_unmixed_rotated.nd2","Layer 1","dACC_v17_ FISH-IF v2.4.4","371","5741","5767","3221","3248","0","0","0","0","1","1","3564.8354","0","448.24606","0","0","0","0","0","0","0","0","0","0","1","0.874587","0","640.8424","732.7368","1","0.966649","0","462.4266","478.38095","83.03977","52.567307","30.472467","25.74578","0.738759"
"D:\HAA\dACC revisions\Run 4\Br8667_dlPFC_20x_img_006-MaxIP-Stitched_unmixed_rotated.nd2","Layer 1","dACC_v17_ FISH-IF v2.4.4","372","5732","5750","3246","3263","0","0","0","0","1","1","493.32098","0","186.75816","0","0","0","0","0","0","0","0","0","0","0","0","0","0","0","0","0","0","0","0","45.984886","42.256382","3.728504","7.723734","0.734091"
"D:\HAA\dACC revisions\Run 4\Br8667_dlPFC_20x_img_006-MaxIP-Stitched_unmixed_rotated.nd2","Layer 1","dACC_v17_ FISH-IF v2.4.4","373","5664","5689","3284","3312","0","0","0","0","1","1","3368.8604","0","482.59167","0","0","0","0","0","0","0","0","0","0","2","1.841237","0","1606.1107","851.0244","0","0","0","0","0","95.974464","62.003647","33.970818","25.74578","0.871022"
"D:\HAA\dACC revisions\Run 4\Br8667_dlPFC_20x_img_006-MaxIP-Stitched_unmixed_rotated.nd2","Layer 1","dACC_v17_ FISH-IF v2.4.4","374","5640","5671","3289","3323","0","0","0","0","1","1","2099.2266","0","511.2125","0","0","0","0","0","0","0","0","0","0","2","2.117422","0","1434.5076","677.4783","1","1.104742","0","638.2187","513.5185","136.11342","81.889","54.224422","35.1859","0.772741"
"D:\HAA\dACC revisions\Run 4\Br8667_dlPFC_20x_img_006-MaxIP-Stitched_unmixed_rotated.nd2","Layer 1","dACC_v17_ FISH-IF v2.4.4","375","5602","5633","3291","3316","0","1","1","0","1","1","1547.0964","0","316.11884","0","0","0","0","0","0","0","0","0","0","22","19.747263","3","22122.643","1120.2891","29","48.516586","3","43445.406","895.47534","114.11064","82.119156","31.991488","26.174877","0.742423"
"D:\HAA\dACC revisions\Run 4\Br8667_dlPFC_20x_img_006-MaxIP-Stitched_unmixed_rotated.nd2","Layer 1","dACC_v17_ FISH-IF v2.4.4","376","5474","5497","3296","3316","0","1","0","0","1","1","2736.651","0","469.56827","0","0","0","0","0","0","0","0","0","0","4","3.49835","1","3660.977","1046.4868","0","0","0","0","0","69.50668","53.948235","15.55845","17.59295","0.802401"
"D:\HAA\dACC revisions\Run 4\Br8667_dlPFC_20x_img_006-MaxIP-Stitched_unmixed_rotated.nd2","Layer 1","dACC_v17_ FISH-IF v2.4.4","377","5686","5723","3296","3330","0","0","0","0","1","1","1874.6555","0","354.50262","0","0","0","0","0","0","0","0","0","0","0","0","0","0","0","3","2.163453","0","1063.8666","481.5","171.5112","96.80302","74.708176","40.335056","0.756343"
"D:\HAA\dACC revisions\Run 4\Br8667_dlPFC_20x_img_006-MaxIP-Stitched_unmixed_rotated.nd2","Layer 1","dACC_v17_ FISH-IF v2.4.4","378","5566","5598","3301","3330","0","1","1","0","1","1","2308.603","0","463.47485","0","0","0","0","0","0","0","0","0","0","45","35.075558","4","44891.285","1279.8451","12","26.00747","2","14467.655","556.2885","134.82455","90.63488","44.189682","30.46584","0.720084"
"D:\HAA\dACC revisions\Run 4\Br8667_dlPFC_20x_img_006-MaxIP-Stitched_unmixed_rotated.nd2","Layer 1","dACC_v17_ FISH-IF v2.4.4","379","5473","5495","3315","3333","0","1","0","0","1","1","1648.5331","0","425.75427","0","0","0","0","0","1","1.472989","0","1368.0848","928.78125","13","8.699843","2","12188.526","1401.0052","0","0","0","0","0","59.65607","48.516586","11.139482","14.803823","0.845161"
"D:\HAA\dACC revisions\Run 4\Br8667_dlPFC_20x_img_006-MaxIP-Stitched_unmixed_rotated.nd2","Layer 1","dACC_v17_ FISH-IF v2.4.4","380","5792","5816","3313","3334","0","0","0","1","1","1","2084.2866","0","282.858","8","17.169533","1","25748.453","1499.6595","0","0","0","0","0","0","0","0","0","0","0","0","0","0","0","75.07642","60.944935","14.131492","17.163853","0.738836"
"D:\HAA\dACC revisions\Run 4\Br8667_dlPFC_20x_img_006-MaxIP-Stitched_unmixed_rotated.nd2","Layer 1","dACC_v17_ FISH-IF v2.4.4","381","5709","5743","3320","3344","0","0","1","0","1","1","2237.2112","0","453.95224","0","0","0","0","0","0","0","0","0","0","0","0","0","0","0","4","6.628452","1","4151.206","626.2708","100.85374","65.54803","35.305714","30.46584","0.618814"
"D:\HAA\dACC revisions\Run 4\Br8667_dlPFC_20x_img_006-MaxIP-Stitched_unmixed_rotated.nd2","Layer 1","dACC_v17_ FISH-IF v2.4.4","382","5616","5637","3325","3357","0","0","0","0","1","1","3234.0498","0","481.02493","0","0","0","0","0","0","0","0","0","0","0","0","0","0","0","2","0.920618","0","417.59247","453.6","103.43147","62.78617","40.6453","27.891262","0.801907"
"D:\HAA\dACC revisions\Run 4\Br8667_dlPFC_20x_img_006-MaxIP-Stitched_unmixed_rotated.nd2","Layer 1","dACC_v17_ FISH-IF v2.4.4","383","5594","5617","3328","3359","0","1","1","0","1","1","2318.654","0","536.5055","0","0","0","0","0","1","0.368247","0","239.22267","649.625","24","21.542469","3","23187.752","1076.3739","19","37.515198","3","23952.787","638.48224","103.61559","62.64808","40.967518","28.320358","0.896346"
"D:\HAA\dACC revisions\Run 4\Br8667_dlPFC_20x_img_006-MaxIP-Stitched_unmixed_rotated.nd2","Layer 1","dACC_v17_ FISH-IF v2.4.4","384","5709","5730","3336","3356","0","0","0","0","1","1","2324.1836","0","366.51614","0","0","0","0","0","0","0","0","0","0","0","0","0","0","0","0","0","0","0","0","54.086327","42.808754","11.277575","15.447468","0.685016"
"D:\HAA\dACC revisions\Run 4\Br8667_dlPFC_20x_img_006-MaxIP-Stitched_unmixed_rotated.nd2","Layer 1","dACC_v17_ FISH-IF v2.4.4","385","5716","5738","3352","3371","0","0","0","0","1","1","1954.165","0","319.55176","0","0","0","0","0","0","0","0","0","0","0","0","0","0","0","0","0","0","0","0","57.952927","48.470554","9.482369","14.160179","0.697538"
"D:\HAA\dACC revisions\Run 4\Br8667_dlPFC_20x_img_006-MaxIP-Stitched_unmixed_rotated.nd2","Layer 1","dACC_v17_ FISH-IF v2.4.4","386","5594","5628","3376","3408","1","1","1","0","1","1","419.8911","0","209.13226","0","0","0","0","0","7","8.515719","1","8296.061","974.2054","5","4.695154","1","3492.918","743.94116","46","66.23849","4","69503.74","1049.2953","143.61646","95.00781","48.60865","39.90596","0.712071"
"D:\HAA\dACC revisions\Run 4\Br8667_dlPFC_20x_img_006-MaxIP-Stitched_unmixed_rotated.nd2","Layer 1","dACC_v17_ FISH-IF v2.4.4","387","5583","5603","3377","3396","1","0","1","0","1","1","397.23044","0","183.06097","0","0","0","0","0","5","7.595101","1","8705.321","1146.1758","0","0","0","0","0","17","24.488447","3","27304.389","1114.9906","52.705402","41.519886","11.185513","15.447468","0.690919"
"D:\HAA\dACC revisions\Run 4\Br8667_dlPFC_20x_img_006-MaxIP-Stitched_unmixed_rotated.nd2","Layer 1","dACC_v17_ FISH-IF v2.4.4","388","5666","5685","3394","3415","0","0","0","0","1","1","823.08484","0","192.98718","0","0","0","0","0","0","0","0","0","0","1","0.552371","0","370.1346","670.0833","2","1.887268","0","1008.03107","509.27908","57.860863","50.265762","7.595101","12.014698","0.79431"
"D:\HAA\dACC revisions\Run 4\Br8667_dlPFC_20x_img_006-MaxIP-Stitched_unmixed_rotated.nd2","Layer 1","dACC_v17_ FISH-IF v2.4.4","389","5625","5655","3397","3428","0","1","1","0","1","1","1569.7233","0","249.37787","0","0","0","0","0","0","0","0","0","0","15","17.031439","3","15222.517","893.7892","142","97.95379","4","227851.3","2326.1099","141.40698","92.33802","49.06896","30.46584","0.846938"
"D:\HAA\dACC revisions\Run 4\Br8667_dlPFC_20x_img_006-MaxIP-Stitched_unmixed_rotated.nd2","Layer 1","dACC_v17_ FISH-IF v2.4.4","390","5526","5555","3401","3438","0","0","1","0","1","1","1268.0792","0","416.9827","0","0","0","0","0","0","0","0","0","0","1","0.782526","0","637.9425","815.2353","66","77.14782","4","105957.28","1373.432","117.14868","71.85426","45.294422","35.400448","0.609629"
"D:\HAA\dACC revisions\Run 4\Br8667_dlPFC_20x_img_006-MaxIP-Stitched_unmixed_rotated.nd2","Layer 1","dACC_v17_ FISH-IF v2.4.4","391","5713","5742","3401","3431","0","0","1","1","1","1","2505.904","0","431.71738","11","23.613861","2","40601.34","1719.386","0","0","0","0","0","3","2.393608","0","1834.24","766.3077","5","5.385617","1","3175.7651","589.67523","122.07399","80.78426","41.289734","28.320358","0.871036"
"D:\HAA\dACC revisions\Run 4\Br8667_dlPFC_20x_img_006-MaxIP-Stitched_unmixed_rotated.nd2","Layer 1","dACC_v17_ FISH-IF v2.4.4","392","5738","5777","3407","3443","0","1","1","0","1","1","1403.8092","0","293.50912","2","2.945979","0","3055.9465","1037.3281","0","0","0","0","0","36","32.359734","4","34045.57","1044.6666","66","107.113945","4","105493.93","984.8758","187.06964","110.84245","76.227196","41.622345","0.769894"
"D:\HAA\dACC revisions\Run 4\Br8667_dlPFC_20x_img_006-MaxIP-Stitched_unmixed_rotated.nd2","Layer 1","dACC_v17_ FISH-IF v2.4.4","393","5547","5565","3407","3442","0","1","1","0","1","1","1369.0205","0","498.48227","0","0","0","0","0","0","0","0","0","0","5","4.142783","1","3381.5693","816.25555","44","60.852875","4","69673.27","1144.9463","90.77297","57.07834","33.694633","27.891262","0.665539"
"D:\HAA\dACC revisions\Run 4\Br8667_dlPFC_20x_img_006-MaxIP-Stitched_unmixed_rotated.nd2","Layer 1","dACC_v17_ FISH-IF v2.4.4","394","5688","5717","3412","3438","0","0","1","0","1","1","3196.003","0","518.904","3","3.820566","0","3331.2114","871.91565","0","0","0","0","0","0","0","0","0","0","4","3.912628","1","2073.6929","530","106.101265","74.80024","31.301023","25.316685","0.823785"
"D:\HAA\dACC revisions\Run 4\Br8667_dlPFC_20x_img_006-MaxIP-Stitched_unmixed_rotated.nd2","Layer 1","dACC_v17_ FISH-IF v2.4.4","395","5584","5614","3418","3450","1","0","1","0","1","1","2471.9575","0","470.26718","0","0","0","0","0","17","23.56783","3","34161.707","1449.5059","0","0","0","0","0","4","5.155463","1","4067.43","788.9554","138.87527","91.14122","47.734062","30.894936","0.853445"
"D:\HAA\dACC revisions\Run 4\Br8667_dlPFC_20x_img_006-MaxIP-Stitched_unmixed_rotated.nd2","Layer 1","dACC_v17_ FISH-IF v2.4.4","396","5469","5496","3422","3451","0","0","0","0","1","1","1800.6416","0","314.8151","0","0","0","0","0","0","0","0","0","0","0","0","0","0","0","1","0.368247","0","195.21712","530.125","106.33142","76.91766","29.413755","25.316685","0.829611"
"D:\HAA\dACC revisions\Run 4\Br8667_dlPFC_20x_img_006-MaxIP-Stitched_unmixed_rotated.nd2","Layer 1","dACC_v17_ FISH-IF v2.4.4","397","5720","5745","3486","3509","0","1","0","0","1","1","1377.729","0","215.6144","1","2.02536","0","1863.6538","920.1591","0","0","0","0","0","15","11.139482","3","13902.073","1248","0","0","0","0","0","80.96838","63.982975","16.985409","18.451143","0.791645"
"D:\HAA\dACC revisions\Run 4\Br8667_dlPFC_20x_img_006-MaxIP-Stitched_unmixed_rotated.nd2","Layer 1","dACC_v17_ FISH-IF v2.4.4","398","5507","5525","3491","3509","0","0","0","0","1","1","784.1905","0","160.0845","0","0","0","0","0","0","0","0","0","0","2","1.565051","0","1140.0017","728.41174","0","0","0","0","0","46.353134","42.486538","3.866597","8.581926","0.759071"
"D:\HAA\dACC revisions\Run 4\Br8667_dlPFC_20x_img_006-MaxIP-Stitched_unmixed_rotated.nd2","Layer 1","dACC_v17_ FISH-IF v2.4.4","399","5521","5547","3502","3533","0","0","0","0","1","1","3206.8933","0","460.7589","0","0","0","0","0","0","0","0","0","0","2","2.255515","0","1866.7838","827.6531","0","0","0","0","0","116.78044","82.671524","34.10891","26.174877","0.777914"
"D:\HAA\dACC revisions\Run 4\Br8667_dlPFC_20x_img_006-MaxIP-Stitched_unmixed_rotated.nd2","Layer 1","dACC_v17_ FISH-IF v2.4.4","400","5478","5507","3505","3532","0","0","0","0","1","1","2894.3743","0","365.63724","0","0","0","0","0","0","0","0","0","0","0","0","0","0","0","0","0","0","0","0","96.664925","75.6288","21.036129","25.316685","0.58192"
"D:\HAA\dACC revisions\Run 4\Br8667_dlPFC_20x_img_006-MaxIP-Stitched_unmixed_rotated.nd2","Layer 1","dACC_v17_ FISH-IF v2.4.4","401","5642","5670","3529","3555","0","0","1","0","1","1","2769.697","0","513.6319","0","0","0","0","0","0","0","0","0","0","0","0","0","0","0","4","8.976028","1","5546.1733","617.8872","107.52822","77.28591","30.242313","24.887589","0.850635"
"D:\HAA\dACC revisions\Run 4\Br8667_dlPFC_20x_img_006-MaxIP-Stitched_unmixed_rotated.nd2","Layer 1","dACC_v17_ FISH-IF v2.4.4","402","5476","5507","3548","3572","0","1","1","0","1","1","1990.8124","0","337.81387","0","0","0","0","0","0","0","0","0","0","7","5.339586","1","5399.565","1011.2328","4","6.812576","1","4196.915","616.0541","107.113945","80.36998","26.743963","25.74578","0.688315"
"D:\HAA\dACC revisions\Run 4\Br8667_dlPFC_20x_img_006-MaxIP-Stitched_unmixed_rotated.nd2","Layer 1","dACC_v17_ FISH-IF v2.4.4","403","5640","5670","3555","3581","0","0","1","0","1","1","3143.9036","0","437.08737","0","0","0","0","0","0","0","0","0","0","3","1.334897","0","2083.7275","854.1132","9","14.821956","1","11326.2295","764.15216","113.32812","77.97637","35.351746","26.603973","0.8665"
"D:\HAA\dACC revisions\Run 4\Br8667_dlPFC_20x_img_006-MaxIP-Stitched_unmixed_rotated.nd2","Layer 1","dACC_v17_ FISH-IF v2.4.4","404","5592","5613","3565","3585","0","0","1","0","1","1","1078.665","0","215.83794","0","0","0","0","0","0","0","0","0","0","0","0","0","0","0","9","22.509119","1","14759.123","655.6953","63.15442","53.395863","9.758554","13.301987","0.862791"
"D:\HAA\dACC revisions\Run 4\Br8667_dlPFC_20x_img_006-MaxIP-Stitched_unmixed_rotated.nd2","Layer 1","dACC_v17_ FISH-IF v2.4.4","405","1522","1543","3586","3607","0","0","0","0","1","1","1652.1221","0","222.32819","0","0","0","0","0","0","0","0","0","0","0","0","0","0","0","0","0","0","0","0","63.384575","53.579987","9.804585","13.301987","0.842249"
"D:\HAA\dACC revisions\Run 4\Br8667_dlPFC_20x_img_006-MaxIP-Stitched_unmixed_rotated.nd2","Layer 1","dACC_v17_ FISH-IF v2.4.4","406","1605","1627","3622","3642","0","0","0","0","1","1","1957.6547","0","237.29436","1","2.209484","0","2072.0356","937.7917","0","0","0","0","0","0","0","0","0","0","0","0","0","0","0","65.77818","55.513287","10.264894","13.731083","0.737229"
"D:\HAA\dACC revisions\Run 4\Br8667_dlPFC_20x_img_006-MaxIP-Stitched_unmixed_rotated.nd2","Layer 1","dACC_v17_ FISH-IF v2.4.4","407","1758","1783","3623","3645","0","0","0","1","1","1","2544.703","0","305.3013","10","21.08216","2","47395.32","2248.1245","0","0","0","0","0","0","0","0","0","0","0","0","0","0","0","80.27792","63.70679","16.57113","18.022047","0.792915"
"D:\HAA\dACC revisions\Run 4\Br8667_dlPFC_20x_img_006-MaxIP-Stitched_unmixed_rotated.nd2","Layer 1","dACC_v17_ FISH-IF v2.4.4","408","1465","1491","3630","3663","0","0","0","0","1","1","3064.0535","0","568.7573","2","5.431648","0","6235.164","1147.9323","0","0","0","0","0","0","0","0","0","0","1","0.966649","0","510.85114","504.45456","123.45492","88.19524","35.25968","29.607647","0.625556"
"D:\HAA\dACC revisions\Run 4\Br8667_dlPFC_20x_img_006-MaxIP-Stitched_unmixed_rotated.nd2","Layer 1","dACC_v17_ FISH-IF v2.4.4","409","1490","1506","3641","3659","0","0","0","1","1","1","1226.7561","0","310.51605","6","13.579121","1","23380.07","1721.7661","0","0","0","0","0","0","0","0","0","0","0","0","0","0","0","43.913494","40.13896","3.774535","8.15283","0.792248"
"D:\HAA\dACC revisions\Run 4\Br8667_dlPFC_20x_img_006-MaxIP-Stitched_unmixed_rotated.nd2","Layer 1","dACC_v17_ FISH-IF v2.4.4","410","1541","1571","3647","3680","0","0","0","1","1","1","2265.7761","0","312.8703","25","50.1737","3","144386.97","2877.7422","0","0","0","0","0","0","0","0","0","0","0","0","0","0","0","134.68646","90.49678","44.189682","31.324034","0.741191"
"D:\HAA\dACC revisions\Run 4\Br8667_dlPFC_20x_img_006-MaxIP-Stitched_unmixed_rotated.nd2","Layer 1","dACC_v17_ FISH-IF v2.4.4","411","1678","1702","3681","3715","0","1","0","0","1","1","2397.7617","0","413.09213","0","0","0","0","0","0","0","0","0","0","4","4.280875","1","3286.9758","767.82794","0","0","0","0","0","126.9993","88.93173","38.06757","28.320358","0.70998"
"D:\HAA\dACC revisions\Run 4\Br8667_dlPFC_20x_img_006-MaxIP-Stitched_unmixed_rotated.nd2","Layer 1","dACC_v17_ FISH-IF v2.4.4","412","1748","1769","3703","3722","0","0","0","0","1","1","1725.366","0","218.52235","2","10.449018","0","16100.648","1540.8767","0","0","0","0","0","0","0","0","0","0","0","0","0","0","0","61.451275","52.52128","8.929998","12.87289","0.815937"
"D:\HAA\dACC revisions\Run 4\Br8667_dlPFC_20x_img_006-MaxIP-Stitched_unmixed_rotated.nd2","Layer 1","dACC_v17_ FISH-IF v2.4.4","413","1639","1657","3710","3729","0","0","0","0","1","1","1027.7008","0","174.24641","1","0.690464","0","521.6684","755.5333","0","0","0","0","0","0","0","0","0","0","0","0","0","0","0","50.403854","45.018238","5.385617","9.44012","0.828296"
"D:\HAA\dACC revisions\Run 4\Br8667_dlPFC_20x_img_006-MaxIP-Stitched_unmixed_rotated.nd2","Layer 1","dACC_v17_ FISH-IF v2.4.4","414","1549","1576","3711","3737","0","0","0","0","1","1","2048.4182","0","493.37222","0","0","0","0","0","0","0","0","0","0","0","0","0","0","0","0","0","0","0","0","100.80771","74.93833","25.869375","23.600298","0.82965"
"D:\HAA\dACC revisions\Run 4\Br8667_dlPFC_20x_img_006-MaxIP-Stitched_unmixed_rotated.nd2","Layer 1","dACC_v17_ FISH-IF v2.4.4","415","1615","1641","3717","3742","0","0","0","1","1","1","2252.4517","0","371.62997","9","20.805975","1","39880.91","1916.8009","0","0","0","0","0","0","0","0","0","0","0","0","0","0","0","92.98245","70.657455","22.324995","21.454817","0.737946"
"D:\HAA\dACC revisions\Run 4\Br8667_dlPFC_20x_img_006-MaxIP-Stitched_unmixed_rotated.nd2","Layer 1","dACC_v17_ FISH-IF v2.4.4","416","1813","1835","3718","3738","0","0","0","0","1","1","1880.04","0","248.81566","0","0","0","0","0","0","0","0","0","0","0","0","0","0","0","0","0","0","0","0","62.14174","52.935555","9.206183","12.87289","0.804474"
"D:\HAA\dACC revisions\Run 4\Br8667_dlPFC_20x_img_006-MaxIP-Stitched_unmixed_rotated.nd2","Layer 1","dACC_v17_ FISH-IF v2.4.4","417","1515","1544","3725","3764","0","0","0","1","1","1","2236.9941","0","391.3446","5","5.339586","1","4665.2334","873.7069","0","0","0","0","0","0","0","0","0","0","0","0","0","0","0","149.9227","103.52354","46.399166","36.47319","0.579551"
"D:\HAA\dACC revisions\Run 4\Br8667_dlPFC_20x_img_006-MaxIP-Stitched_unmixed_rotated.nd2","Layer 1","dACC_v17_ FISH-IF v2.4.4","418","1580","1603","3728","3751","0","0","0","0","1","1","2595.7354","0","390.34","0","0","0","0","0","0","0","0","0","0","0","0","0","0","0","0","0","0","0","0","60.25447","43.72937","16.525099","18.88024","0.836901"
"D:\HAA\dACC revisions\Run 4\Br8667_dlPFC_20x_img_006-MaxIP-Stitched_unmixed_rotated.nd2","Layer 1","dACC_v17_ FISH-IF v2.4.4","419","1590","1609","3736","3756","0","0","0","0","1","1","2342.939","0","518.02563","1","1.196804","0","1364.7246","1140.3077","0","0","0","0","0","0","0","0","0","0","0","0","0","0","0","43.913494","34.10891","9.804585","14.374727","0.797575"
"D:\HAA\dACC revisions\Run 4\Br8667_dlPFC_20x_img_006-MaxIP-Stitched_unmixed_rotated.nd2","Layer 1","dACC_v17_ FISH-IF v2.4.4","420","1466","1492","3743","3770","0","0","0","0","1","1","3598.342","0","570.71533","0","0","0","0","0","0","0","0","0","0","0","0","0","0","0","0","0","0","0","0","98.59823","70.33524","28.262983","22.527557","0.844974"
"D:\HAA\dACC revisions\Run 4\Br8667_dlPFC_20x_img_006-MaxIP-Stitched_unmixed_rotated.nd2","Layer 1","dACC_v17_ FISH-IF v2.4.4","421","1565","1588","3748","3770","0","0","0","0","1","1","2757.2974","0","419.11447","0","0","0","0","0","0","0","0","0","0","0","0","0","0","0","0","0","0","0","0","69.8289","57.906895","11.922008","15.662017","0.755471"
"D:\HAA\dACC revisions\Run 4\Br8667_dlPFC_20x_img_006-MaxIP-Stitched_unmixed_rotated.nd2","Layer 1","dACC_v17_ FISH-IF v2.4.4","422","1600","1636","3752","3779","0","0","0","0","1","1","1419.0021","0","330.1233","0","0","0","0","0","0","0","0","0","0","0","0","0","0","0","0","0","0","0","0","138.73718","93.71895","45.018238","31.324034","0.708413"
"D:\HAA\dACC revisions\Run 4\Br8667_dlPFC_20x_img_006-MaxIP-Stitched_unmixed_rotated.nd2","Layer 1","dACC_v17_ FISH-IF v2.4.4","423","1786","1818","3757","3785","0","0","0","1","1","1","2198.2546","0","428.70486","9","20.805975","1","34079.773","1637.9801","0","0","0","0","0","0","0","0","0","0","0","0","0","0","0","121.38353","85.93972","35.443806","28.749454","0.723785"
"D:\HAA\dACC revisions\Run 4\Br8667_dlPFC_20x_img_006-MaxIP-Stitched_unmixed_rotated.nd2","Layer 1","dACC_v17_ FISH-IF v2.4.4","424","1645","1673","3761","3786","0","0","0","0","1","1","2240.124","0","459.5904","0","0","0","0","0","0","0","0","0","0","0","0","0","0","0","0","0","0","0","0","104.260025","73.833595","30.426437","25.316685","0.741738"
"D:\HAA\dACC revisions\Run 4\Br8667_dlPFC_20x_img_006-MaxIP-Stitched_unmixed_rotated.nd2","Layer 1","dACC_v17_ FISH-IF v2.4.4","425","1700","1723","3763","3784","0","0","0","0","1","1","1126.2434","0","202.51485","1","1.01268","0","813.32025","803.13635","0","0","0","0","0","0","0","0","0","0","0","0","0","0","0","66.19246","55.78947","10.402987","14.589275","0.754855"
"D:\HAA\dACC revisions\Run 4\Br8667_dlPFC_20x_img_006-MaxIP-Stitched_unmixed_rotated.nd2","Layer 1","dACC_v17_ FISH-IF v2.4.4","426","1749","1770","3780","3798","0","0","0","0","1","1","1044.4011","0","170.93784","0","0","0","0","0","0","0","0","0","0","0","0","0","0","0","0","0","0","0","0","59.011635","51.09432","7.917318","12.014698","0.774085"
"D:\HAA\dACC revisions\Run 4\Br8667_dlPFC_20x_img_006-MaxIP-Stitched_unmixed_rotated.nd2","Layer 1","dACC_v17_ FISH-IF v2.4.4","427","1649","1672","3785","3806","0","0","0","0","1","1","2546.17","0","396.9976","2","2.071391","0","1782.3171","841.73914","0","0","0","0","0","0","0","0","0","0","0","0","0","0","0","73.05106","57.07834","15.972729","17.163853","0.873094"
"D:\HAA\dACC revisions\Run 4\Br8667_dlPFC_20x_img_006-MaxIP-Stitched_unmixed_rotated.nd2","Layer 1","dACC_v17_ FISH-IF v2.4.4","428","1578","1598","3785","3803","0","0","0","0","1","1","553.2953","0","129.09483","0","0","0","0","0","0","0","0","0","0","0","0","0","0","0","0","0","0","0","0","55.881535","49.022926","6.858607","11.156505","0.787632"
"D:\HAA\dACC revisions\Run 4\Br8667_dlPFC_20x_img_006-MaxIP-Stitched_unmixed_rotated.nd2","Layer 1","dACC_v17_ FISH-IF v2.4.4","429","1824","1845","3794","3822","0","0","0","1","1","1","1016.2853","0","243.36795","4","10.03474","1","9674.548","964.1055","0","0","0","0","0","0","0","0","0","0","0","0","0","0","0","82.90168","66.928955","15.972729","19.094788","0.608704"
"D:\HAA\dACC revisions\Run 4\Br8667_dlPFC_20x_img_006-MaxIP-Stitched_unmixed_rotated.nd2","Layer 1","dACC_v17_ FISH-IF v2.4.4","430","1483","1500","3804","3823","0","0","0","0","1","1","583.0538","0","150.57918","0","0","0","0","0","0","0","0","0","0","0","0","0","0","0","0","0","0","0","0","47.59597","43.315094","4.280875","8.581926","0.798968"
"D:\HAA\dACC revisions\Run 4\Br8667_dlPFC_20x_img_006-MaxIP-Stitched_unmixed_rotated.nd2","Layer 1","dACC_v17_ FISH-IF v2.4.4","431","1551","1572","3820","3840","0","0","0","0","1","1","1847.4331","0","223.70563","2","4.096752","0","3608.3635","880.7865","0","0","0","0","0","0","0","0","0","0","0","0","0","0","0","60.990967","52.383183","8.607781","12.87289","0.787086"
"D:\HAA\dACC revisions\Run 4\Br8667_dlPFC_20x_img_006-MaxIP-Stitched_unmixed_rotated.nd2","Layer 1","dACC_v17_ FISH-IF v2.4.4","432","1733","1761","3824","3854","0","0","0","0","1","1","2188.2583","0","321.61926","1","1.380928","0","1302.1686","942.9667","0","0","0","0","0","0","0","0","0","0","0","0","0","0","0","121.291466","85.11117","36.1803","27.891262","0.728356"
"D:\HAA\dACC revisions\Run 4\Br8667_dlPFC_20x_img_006-MaxIP-Stitched_unmixed_rotated.nd2","Layer 1","dACC_v17_ FISH-IF v2.4.4","433","1836","1877","3832","3858","0","0","0","0","1","1","2187.129","0","335.55106","0","0","0","0","0","0","0","0","0","0","0","0","0","0","0","0","0","0","0","0","143.24821","103.247345","40.000866","35.614998","0.53051"
"D:\HAA\dACC revisions\Run 4\Br8667_dlPFC_20x_img_006-MaxIP-Stitched_unmixed_rotated.nd2","Layer 1","dACC_v17_ FISH-IF v2.4.4","434","1668","1695","3835","3863","0","0","0","1","1","1","2195.5947","0","397.07877","11","33.74066","2","58140.684","1723.1637","0","0","0","0","0","0","0","0","0","0","0","0","0","0","0","106.19333","76.549416","29.643911","24.887589","0.878076"
"D:\HAA\dACC revisions\Run 4\Br8667_dlPFC_20x_img_006-MaxIP-Stitched_unmixed_rotated.nd2","Layer 1","dACC_v17_ FISH-IF v2.4.4","435","1805","1831","3850","3878","0","0","0","0","1","1","2756.4207","0","414.01154","0","0","0","0","0","0","0","0","0","0","0","0","0","0","0","0","0","0","0","0","102.09657","75.720856","26.375715","24.029396","0.741523"
"D:\HAA\dACC revisions\Run 4\Br8667_dlPFC_20x_img_006-MaxIP-Stitched_unmixed_rotated.nd2","Layer 1","dACC_v17_ FISH-IF v2.4.4","436","1773","1797","3851","3873","0","0","0","0","1","1","1926.3018","0","256.04688","0","0","0","0","0","0","0","0","0","0","1","0.598402","0","424.9114","710.0769","0","0","0","0","0","74.017715","60.898903","13.118812","17.163853","0.704947"
"D:\HAA\dACC revisions\Run 4\Br8667_dlPFC_20x_img_006-MaxIP-Stitched_unmixed_rotated.nd2","Layer 1","dACC_v17_ FISH-IF v2.4.4","437","1694","1719","3857","3882","0","0","0","0","1","1","1366.231","0","215.49933","0","0","0","0","0","0","0","0","0","0","0","0","0","0","0","0","0","0","0","0","84.650856","68.30988","16.340975","21.02572","0.624004"
"D:\HAA\dACC revisions\Run 4\Br8667_dlPFC_20x_img_006-MaxIP-Stitched_unmixed_rotated.nd2","Layer 1","dACC_v17_ FISH-IF v2.4.4","438","1858","1880","3863","3883","0","0","0","0","1","1","913.039","0","177.54709","0","0","0","0","0","0","0","0","0","0","0","0","0","0","0","0","0","0","0","0","63.20045","53.76411","9.436338","13.731083","0.761316"
"D:\HAA\dACC revisions\Run 4\Br8667_dlPFC_20x_img_006-MaxIP-Stitched_unmixed_rotated.nd2","Layer 1","dACC_v17_ FISH-IF v2.4.4","439","1850","1876","3906","3931","0","0","0","0","1","1","1922.6888","0","345.68536","3","2.48567","0","2060.9424","814.05457","0","0","0","0","0","0","0","0","0","0","0","0","0","0","0","94.17926","71.39395","22.785305","22.31301","0.739928"
"D:\HAA\dACC revisions\Run 4\Br8667_dlPFC_20x_img_006-MaxIP-Stitched_unmixed_rotated.nd2","Layer 1","dACC_v17_ FISH-IF v2.4.4","440","1526","1552","3920","3946","0","0","0","0","1","1","2946.0066","0","535.3687","0","0","0","0","0","0","0","0","0","0","0","0","0","0","0","0","0","0","0","0","92.98245","64.67344","28.309013","22.742105","0.880899"
"D:\HAA\dACC revisions\Run 4\Br8667_dlPFC_20x_img_006-MaxIP-Stitched_unmixed_rotated.nd2","Layer 1","dACC_v17_ FISH-IF v2.4.4","441","1501","1523","3927","3955","0","0","0","1","1","1","2195.4805","0","312.48056","20","39.448498","3","118824.9","3012.1528","0","0","0","0","0","0","0","0","0","0","0","0","0","0","0","82.76359","53.25777","29.505817","23.38575","0.748266"
"D:\HAA\dACC revisions\Run 4\Br8667_dlPFC_20x_img_006-MaxIP-Stitched_unmixed_rotated.nd2","Layer 1","dACC_v17_ FISH-IF v2.4.4","442","1518","1541","3933","3962","0","0","0","1","1","1","2256.1023","0","473.92242","21","39.540558","3","127657.5","3228.5203","0","0","0","0","0","0","0","0","0","0","0","0","0","0","0","80.78426","49.253082","31.53118","26.389425","0.63231"
"D:\HAA\dACC revisions\Run 4\Br8667_dlPFC_20x_img_006-MaxIP-Stitched_unmixed_rotated.nd2","Layer 1","dACC_v17_ FISH-IF v2.4.4","443","1621","1646","3932","3953","0","0","0","0","1","1","1623.5406","0","299.89627","0","0","0","0","0","0","0","0","0","0","0","0","0","0","0","0","0","0","0","0","71.30189","55.467255","15.834636","17.59295","0.735004"
"D:\HAA\dACC revisions\Run 4\Br8667_dlPFC_20x_img_006-MaxIP-Stitched_unmixed_rotated.nd2","Layer 1","dACC_v17_ FISH-IF v2.4.4","444","1585","1605","3936","3956","0","0","0","0","1","1","1543.4554","0","236.32593","0","0","0","0","0","0","0","0","0","0","0","0","0","0","0","0","0","0","0","0","60.62272","51.830814","8.791905","12.87289","0.816657"
"D:\HAA\dACC revisions\Run 4\Br8667_dlPFC_20x_img_006-MaxIP-Stitched_unmixed_rotated.nd2","Layer 1","dACC_v17_ FISH-IF v2.4.4","445","1605","1621","3938","3955","0","0","0","0","1","1","430.10416","0","140.02425","0","0","0","0","0","0","0","0","0","0","0","0","0","0","0","0","0","0","0","0","40.18499","37.975506","2.209484","6.007349","0.728856"
"D:\HAA\dACC revisions\Run 4\Br8667_dlPFC_20x_img_006-MaxIP-Stitched_unmixed_rotated.nd2","Layer 1","dACC_v17_ FISH-IF v2.4.4","446","1639","1658","3941","3958","0","0","0","0","1","1","1367.552","0","441.3","0","0","0","0","0","0","0","0","0","0","0","0","0","0","0","0","0","0","0","0","45.294422","38.20566","7.088761","12.014698","0.701856"
"D:\HAA\dACC revisions\Run 4\Br8667_dlPFC_20x_img_006-MaxIP-Stitched_unmixed_rotated.nd2","Layer 1","dACC_v17_ FISH-IF v2.4.4","447","1843","1867","3949","3981","0","0","0","1","1","1","2137.752","0","428.995","7","17.353657","1","21502.469","1239.0742","0","0","0","0","0","0","0","0","0","0","0","0","0","0","0","112.63766","82.57947","30.05819","26.174877","0.674692"
"D:\HAA\dACC revisions\Run 4\Br8667_dlPFC_20x_img_006-MaxIP-Stitched_unmixed_rotated.nd2","Layer 1","dACC_v17_ FISH-IF v2.4.4","448","1484","1503","3949","3969","0","0","0","0","1","1","556.5247","0","147.61269","0","0","0","0","0","0","0","0","0","0","0","0","0","0","0","0","0","0","0","0","54.6387","47.18169","7.457009","11.585601","0.884828"
"D:\HAA\dACC revisions\Run 4\Br8667_dlPFC_20x_img_006-MaxIP-Stitched_unmixed_rotated.nd2","Layer 1","dACC_v17_ FISH-IF v2.4.4","449","1503","1520","3954","3971","0","0","0","0","1","1","860.1548","0","199.51021","1","2.071391","0","2790.164","1347","0","0","0","0","0","0","0","0","0","0","0","0","0","0","0","44.465866","40.59927","3.866597","8.367378","0.667538"
"D:\HAA\dACC revisions\Run 4\Br8667_dlPFC_20x_img_006-MaxIP-Stitched_unmixed_rotated.nd2","Layer 1","dACC_v17_ FISH-IF v2.4.4","450","1628","1664","3959","3982","0","0","0","0","1","1","2594.157","0","547.70636","0","0","0","0","0","0","0","0","0","0","0","0","0","0","0","0","0","0","0","0","118.71374","87.32065","31.393085","33.469513","0.470699"
"D:\HAA\dACC revisions\Run 4\Br8667_dlPFC_20x_img_006-MaxIP-Stitched_unmixed_rotated.nd2","Layer 1","dACC_v17_ FISH-IF v2.4.4","451","1678","1695","3961","3977","0","0","0","0","1","1","1534.2969","0","484.41415","0","0","0","0","0","0","0","0","0","0","0","0","0","0","0","0","0","0","0","0","39.67865","33.786694","5.891957","10.727408","0.740455"
"D:\HAA\dACC revisions\Run 4\Br8667_dlPFC_20x_img_006-MaxIP-Stitched_unmixed_rotated.nd2","Layer 1","dACC_v17_ FISH-IF v2.4.4","452","1662","1679","3961","3983","0","0","0","0","1","1","2318.1072","0","541.8088","0","0","0","0","0","0","0","0","0","0","0","0","0","0","0","0","0","0","0","0","53.02762","39.72468","13.302936","15.876565","0.827673"
"D:\HAA\dACC revisions\Run 4\Br8667_dlPFC_20x_img_006-MaxIP-Stitched_unmixed_rotated.nd2","Layer 1","dACC_v17_ FISH-IF v2.4.4","453","1598","1621","3966","3986","0","0","0","0","1","1","2292.6826","0","403.38147","0","0","0","0","0","0","0","0","0","0","0","0","0","0","0","0","0","0","0","0","68.58607","56.111687","12.474379","15.447468","0.725574"
"D:\HAA\dACC revisions\Run 4\Br8667_dlPFC_20x_img_006-MaxIP-Stitched_unmixed_rotated.nd2","Layer 1","dACC_v17_ FISH-IF v2.4.4","454","4526","4540","3205","3221","0","0","0","0","1","1","520.3","0","269.0371","0","0","0","0","0","0","0","0","0","0","0","0","0","0","0","0","0","0","0","0","30.242313","29.782003","0.460309","2.145482","0.569627"
"D:\HAA\dACC revisions\Run 4\Br8667_dlPFC_20x_img_006-MaxIP-Stitched_unmixed_rotated.nd2","Layer 1","dACC_v17_ FISH-IF v2.4.4","455","4494","4528","3210","3237","0","0","0","0","1","1","1937.7502","0","271.19232","0","0","0","0","0","0","0","0","0","0","0","0","0","0","0","0","0","0","0","0","137.31023","94.54751","42.762722","33.040417","0.663289"
"D:\HAA\dACC revisions\Run 4\Br8667_dlPFC_20x_img_006-MaxIP-Stitched_unmixed_rotated.nd2","Layer 1","dACC_v17_ FISH-IF v2.4.4","456","4658","4688","3334","3366","0","0","0","0","1","1","1681.0348","0","303.44473","0","0","0","0","0","1","1.749175","0","1909.6387","1091.7368","1","0.736495","0","600.3813","815.1875","0","0","0","0","0","143.57043","93.25864","50.311794","30.894936","0.884245"
"D:\HAA\dACC revisions\Run 4\Br8667_dlPFC_20x_img_006-MaxIP-Stitched_unmixed_rotated.nd2","Layer 1","dACC_v17_ FISH-IF v2.4.4","457","4447","4467","3367","3389","0","0","0","0","1","1","749.4703","0","171.27817","0","0","0","0","0","0","0","0","0","0","0","0","0","0","0","1","0.782526","0","385.83115","493.05884","60.806843","52.291122","8.515719","12.87289","0.764226"
"D:\HAA\dACC revisions\Run 4\Br8667_dlPFC_20x_img_006-MaxIP-Stitched_unmixed_rotated.nd2","Layer 1","dACC_v17_ FISH-IF v2.4.4","458","4634","4655","3369","3388","0","0","0","0","1","1","649.90533","0","178.89809","1","0.598402","0","487.78964","815.1539","1","2.117422","0","2513.7483","1187.174","0","0","0","0","0","1","0.460309","0","219.10716","476","58.367203","50.58798","7.779225","12.014698","0.790083"
"D:\HAA\dACC revisions\Run 4\Br8667_dlPFC_20x_img_006-MaxIP-Stitched_unmixed_rotated.nd2","Layer 1","dACC_v17_ FISH-IF v2.4.4","459","4486","4505","3395","3415","0","0","0","0","1","1","578.56525","0","136.05882","0","0","0","0","0","0","0","0","0","0","0","0","0","0","0","1","0.644433","0","299.247","464.35715","54.086327","47.734062","6.352267","11.156505","0.813242"
"D:\HAA\dACC revisions\Run 4\Br8667_dlPFC_20x_img_006-MaxIP-Stitched_unmixed_rotated.nd2","Layer 1","dACC_v17_ FISH-IF v2.4.4","460","4596","4633","3399","3442","1","0","0","0","1","1","1086.995","0","247.1553","0","0","0","0","0","11","19.332985","2","22669.215","1172.5667","1","0.782526","0","598.26385","764.5294","0","0","0","0","0","207.82959","125.664406","82.165184","48.916985","0.69503"
"D:\HAA\dACC revisions\Run 4\Br8667_dlPFC_20x_img_006-MaxIP-Stitched_unmixed_rotated.nd2","Layer 1","dACC_v17_ FISH-IF v2.4.4","461","4476","4509","3420","3443","1","1","1","0","1","1","780.39343","0","185.98474","2","3.406288","0","3049.134","895.1486","6","7.134792","1","6361.519","891.6194","11","11.185513","2","11099.066","938.2179","22","39.72468","3","25329.525","637.6269","113.83446","84.466736","29.367725","26.603973","0.658625"
"D:\HAA\dACC revisions\Run 4\Br8667_dlPFC_20x_img_006-MaxIP-Stitched_unmixed_rotated.nd2","Layer 1","dACC_v17_ FISH-IF v2.4.4","462","4550","4576","3480","3506","0","0","0","0","1","1","2026.1335","0","297.45868","0","0","0","0","0","0","0","0","0","0","0","0","0","0","0","0","0","0","0","0","89.71426","70.74952","18.964739","22.098461","0.673716"
"D:\HAA\dACC revisions\Run 4\Br8667_dlPFC_20x_img_006-MaxIP-Stitched_unmixed_rotated.nd2","Layer 1","dACC_v17_ FISH-IF v2.4.4","463","4419","4459","3525","3558","1","1","1","0","1","1","1095.1069","0","259.41046","0","0","0","0","0","33","43.499218","4","69166.836","1561.9719","26","21.266283","3","21493.814","1010.69916","7","5.52371","1","2770.9692","501.65","188.31248","113.37415","74.93833","40.335056","0.756911"
"D:\HAA\dACC revisions\Run 4\Br8667_dlPFC_20x_img_006-MaxIP-Stitched_unmixed_rotated.nd2","Layer 1","dACC_v17_ FISH-IF v2.4.4","464","4651","4670","3559","3577","0","0","0","0","1","1","674.28","0","140.54382","0","0","0","0","0","2","3.268195","0","5610.7544","1716.7747","2","1.841237","0","2341.1785","1271.525","1","1.426958","0","807.6124","565.9677","51.968906","46.215042","5.753865","9.869216","0.86818"
"D:\HAA\dACC revisions\Run 4\Br8667_dlPFC_20x_img_006-MaxIP-Stitched_unmixed_rotated.nd2","Layer 1","dACC_v17_ FISH-IF v2.4.4","465","4479","4509","3587","3611","0","0","0","1","1","1","2024.4042","0","618.06354","5","10.863297","1","13430.809","1236.3474","0","0","0","0","0","0","0","0","0","0","1","2.02536","0","970.74603","479.29544","92.06184","60.852875","31.208961","26.389425","0.713791"
"D:\HAA\dACC revisions\Run 4\Br8667_dlPFC_20x_img_006-MaxIP-Stitched_unmixed_rotated.nd2","Layer 1","dACC_v17_ FISH-IF v2.4.4","466","4645","4679","3595","3622","1","1","0","0","1","1","1202.2156","0","243.74113","0","0","0","0","0","13","18.228243","2","31547.889","1730.7146","40","27.480457","4","39815.914","1425.0115","2","1.657113","0","825.5645","498.19446","120.0026","88.19524","31.807364","29.17855","0.547144"
"D:\HAA\dACC revisions\Run 4\Br8667_dlPFC_20x_img_006-MaxIP-Stitched_unmixed_rotated.nd2","Layer 1","dACC_v17_ FISH-IF v2.4.4","467","4516","4534","3598","3616","0","0","0","0","1","1","507.14954","0","127.541405","0","0","0","0","0","1","1.01268","0","1255.3092","1239.591","0","0","0","0","0","0","0","0","0","0","49.391174","44.465866","4.925308","9.011024","0.873254"
"D:\HAA\dACC revisions\Run 4\Br8667_dlPFC_20x_img_006-MaxIP-Stitched_unmixed_rotated.nd2","Layer 1","dACC_v17_ FISH-IF v2.4.4","468","4335","4365","3599","3621","1","1","1","0","1","1","649.8636","0","306.2639","0","0","0","0","0","28","34.707314","3","70683.055","2036.5464","14","12.796595","2","10818.738","845.43884","18","29.09154","3","17804.021","612","97.03317","57.21643","39.816742","30.251291","0.641043"
"D:\HAA\dACC revisions\Run 4\Br8667_dlPFC_20x_img_006-MaxIP-Stitched_unmixed_rotated.nd2","Layer 1","dACC_v17_ FISH-IF v2.4.4","469","4488","4513","3603","3624","0","0","0","0","1","1","2315.3042","0","639.6421","1","1.657113","0","1590.092","959.55554","0","0","0","0","0","0","0","0","0","0","1","1.01268","0","465.32654","459.5","70.19715","48.10231","22.094841","20.382076","0.833404"
"D:\HAA\dACC revisions\Run 4\Br8667_dlPFC_20x_img_006-MaxIP-Stitched_unmixed_rotated.nd2","Layer 1","dACC_v17_ FISH-IF v2.4.4","470","4365","4390","3606","3634","1","1","1","0","1","1","2533.6902","0","400.9272","0","0","0","0","0","16","19.379017","3","40928.99","2112.0261","11","10.402987","2","9974.025","946.20526","16","28.907415","3","21062.643","724.01263","103.93781","73.327255","30.61056","24.029396","0.83987"
"D:\HAA\dACC revisions\Run 4\Br8667_dlPFC_20x_img_006-MaxIP-Stitched_unmixed_rotated.nd2","Layer 1","dACC_v17_ FISH-IF v2.4.4","471","4330","4348","3609","3631","1","1","1","0","1","1","585.6599","0","212.82707","0","0","0","0","0","12","13.394997","2","27822.1","2077.0515","5","4.971339","1","5448.0815","1095.8982","6","12.842626","1","7716.439","600.8459","45.708702","34.339066","11.369637","15.447468","0.718566"
"D:\HAA\dACC revisions\Run 4\Br8667_dlPFC_20x_img_006-MaxIP-Stitched_unmixed_rotated.nd2","Layer 1","dACC_v17_ FISH-IF v2.4.4","472","4343","4367","3621","3641","1","1","1","0","1","1","956.2909","0","499.37653","0","0","0","0","0","17","20.759943","3","38231.023","1841.5765","8","6.122112","1","6117.9233","999.3158","5","14.315616","1","8427.479","588.69135","68.90829","48.65468","20.253603","20.596624","0.712328"
"D:\HAA\dACC revisions\Run 4\Br8667_dlPFC_20x_img_006-MaxIP-Stitched_unmixed_rotated.nd2","Layer 1","dACC_v17_ FISH-IF v2.4.4","473","4516","4537","3641","3661","0","0","0","0","1","1","1517.7693","0","208.3979","3","10.909328","0","17707.68","1623.1688","0","0","0","0","0","1","0.644433","0","517.52563","803.0714","0","0","0","0","0","61.497307","52.52128","8.976028","12.658342","0.828167"
"D:\HAA\dACC revisions\Run 4\Br8667_dlPFC_20x_img_006-MaxIP-Stitched_unmixed_rotated.nd2","Layer 1","dACC_v17_ FISH-IF v2.4.4","474","4287","4310","3666","3689","0","0","0","0","1","1","1083.07","0","211.18703","0","0","0","0","0","1","0.50634","0","350.6175","692.4545","0","0","0","0","0","0","0","0","0","0","76.18117","61.036995","15.144172","16.734756","0.860349"
"D:\HAA\dACC revisions\Run 4\Br8667_dlPFC_20x_img_006-MaxIP-Stitched_unmixed_rotated.nd2","Layer 1","dACC_v17_ FISH-IF v2.4.4","475","4406","4431","3674","3703","0","0","0","0","1","1","2477.1445","0","401.90338","0","0","0","0","0","0","0","0","0","0","0","0","0","0","0","0","0","0","0","0","104.904465","76.227196","28.677261","24.029396","0.810102"
"D:\HAA\dACC revisions\Run 4\Br8667_dlPFC_20x_img_006-MaxIP-Stitched_unmixed_rotated.nd2","Layer 1","dACC_v17_ FISH-IF v2.4.4","476","4603","4624","3687","3712","0","0","0","0","1","1","2709.6924","0","534.6419","1","1.058711","0","1201.1768","1134.5652","1","1.242835","0","1619.5978","1303.1482","1","0.598402","0","445.3031","744.1539","0","0","0","0","0","72.54472","42.16432","30.380405","25.531233","0.66694"
"D:\HAA\dACC revisions\Run 4\Br8667_dlPFC_20x_img_006-MaxIP-Stitched_unmixed_rotated.nd2","Layer 1","dACC_v17_ FISH-IF v2.4.4","477","4590","4607","3689","3712","0","0","0","0","1","1","2641.654","0","494.99063","0","0","0","0","0","0","0","0","0","0","0","0","0","0","0","0","0","0","0","0","53.994267","39.356434","14.637832","16.949305","0.788672"
"D:\HAA\dACC revisions\Run 4\Br8667_dlPFC_20x_img_006-MaxIP-Stitched_unmixed_rotated.nd2","Layer 1","dACC_v17_ FISH-IF v2.4.4","478","4622","4639","3690","3711","0","0","0","0","1","1","2273.8386","0","287.35477","2","4.833246","0","6753.6104","1397.3239","1","0.414278","0","343.3446","828.7778","0","0","0","0","0","0","0","0","0","0","53.211742","40.09293","13.118812","15.018372","0.794079"
"D:\HAA\dACC revisions\Run 4\Br8667_dlPFC_20x_img_006-MaxIP-Stitched_unmixed_rotated.nd2","Layer 1","dACC_v17_ FISH-IF v2.4.4","479","4263","4297","3708","3741","0","0","0","0","1","1","2934.534","0","695.8435","0","0","0","0","0","2","5.385617","0","7902.726","1467.3761","1","0.782526","0","603.92566","771.7647","0","0","0","0","0","157.47177","101.17596","56.29581","35.614998","0.68929"
"D:\HAA\dACC revisions\Run 4\Br8667_dlPFC_20x_img_006-MaxIP-Stitched_unmixed_rotated.nd2","Layer 1","dACC_v17_ FISH-IF v2.4.4","480","4623","4643","3719","3739","0","0","0","0","1","1","714.73584","0","133.95322","3","4.188814","0","4576.3477","1092.5165","0","0","0","0","0","1","1.01268","0","819.07416","808.8182","0","0","0","0","0","57.492615","50.1737","7.318916","12.014698","0.758988"
"D:\HAA\dACC revisions\Run 4\Br8667_dlPFC_20x_img_006-MaxIP-Stitched_unmixed_rotated.nd2","Layer 1","dACC_v17_ FISH-IF v2.4.4","481","4488","4523","3739","3771","1","1","1","0","1","1","1345.8682","0","233.896","0","0","0","0","0","25","32.866074","3","48469.68","1464.5077","87","53.441895","4","87809.68","1643.087","11","9.758554","2","4925.8604","504.7736","169.20966","103.569565","65.64009","35.614998","0.832983"
"D:\HAA\dACC revisions\Run 4\Br8667_dlPFC_20x_img_006-MaxIP-Stitched_unmixed_rotated.nd2","Layer 1","dACC_v17_ FISH-IF v2.4.4","482","4555","4579","3741","3763","0","0","0","0","1","1","2281.1597","0","320.35925","0","0","0","0","0","0","0","0","0","0","3","2.255515","0","2326.7249","1031.5714","0","0","0","0","0","77.424","62.14174","15.282265","17.163853","0.782802"
"D:\HAA\dACC revisions\Run 4\Br8667_dlPFC_20x_img_006-MaxIP-Stitched_unmixed_rotated.nd2","Layer 1","dACC_v17_ FISH-IF v2.4.4","483","4311","4345","3745","3781","0","0","0","0","1","1","2191.3313","0","367.45563","0","0","0","0","0","0","0","0","0","0","0","0","0","0","0","0","0","0","0","0","150.93538","105.779045","45.15633","38.61867","0.562666"
"D:\HAA\dACC revisions\Run 4\Br8667_dlPFC_20x_img_006-MaxIP-Stitched_unmixed_rotated.nd2","Layer 1","dACC_v17_ FISH-IF v2.4.4","484","4594","4619","3752","3785","0","0","0","0","1","1","2750.8313","0","406.73938","1","0.598402","0","443.59995","741.3077","0","0","0","0","0","0","0","0","0","0","1","0.966649","0","511.49554","529.1429","117.79312","74.708176","43.084938","32.182224","0.680775"
"D:\HAA\dACC revisions\Run 4\Br8667_dlPFC_20x_img_006-MaxIP-Stitched_unmixed_rotated.nd2","Layer 1","dACC_v17_ FISH-IF v2.4.4","485","4633","4648","3759","3778","0","0","0","0","1","1","1761.2075","0","434.893","0","0","0","0","0","0","0","0","0","0","0","0","0","0","0","0","0","0","0","0","40.875454","33.556538","7.318916","11.371053","0.73912"
"D:\HAA\dACC revisions\Run 4\Br8667_dlPFC_20x_img_006-MaxIP-Stitched_unmixed_rotated.nd2","Layer 1","dACC_v17_ FISH-IF v2.4.4","486","4619","4635","3761","3784","0","0","0","0","1","1","2332.0952","0","389.94962","0","0","0","0","0","1","0.828557","0","746.0691","900.44446","0","0","0","0","0","0","0","0","0","0","57.81483","36.54855","21.266283","21.02572","0.664461"
"D:\HAA\dACC revisions\Run 4\Br8667_dlPFC_20x_img_006-MaxIP-Stitched_unmixed_rotated.nd2","Layer 1","dACC_v17_ FISH-IF v2.4.4","487","4357","4387","3786","3809","0","0","0","0","1","1","3445.763","0","388.53726","0","0","0","0","0","0","0","0","0","0","0","0","0","0","0","1","0.828557","0","403.1848","486.6111","101.82039","75.99705","25.823345","22.956654","0.730202"
"D:\HAA\dACC revisions\Run 4\Br8667_dlPFC_20x_img_006-MaxIP-Stitched_unmixed_rotated.nd2","Layer 1","dACC_v17_ FISH-IF v2.4.4","488","4278","4313","3790","3823","0","0","0","1","1","1","1921.0468","0","379.2182","13","34.385094","2","52260.28","1519.8528","0","0","0","0","0","3","2.899948","0","2904.3667","1001.5238","0","0","0","0","0","147.89734","101.6823","46.215042","36.044094","0.592757"
"D:\HAA\dACC revisions\Run 4\Br8667_dlPFC_20x_img_006-MaxIP-Stitched_unmixed_rotated.nd2","Layer 1","dACC_v17_ FISH-IF v2.4.4","489","4597","4635","3807","3840","1","1","1","0","1","1","1339.7526","0","262.65115","2","3.49835","0","2975.3464","850.5","35","42.946846","4","79928.04","1859.0996","16","14.914018","3","13739.4","921.2407","4","9.390307","1","5981.073","636.94116","183.24908","110.70435","72.54472","39.047768","0.738925"
"D:\HAA\dACC revisions\Run 4\Br8667_dlPFC_20x_img_006-MaxIP-Stitched_unmixed_rotated.nd2","Layer 1","dACC_v17_ FISH-IF v2.4.4","490","4298","4313","3841","3856","0","0","0","0","1","1","380.60464","0","165.48","1","0.920618","0","782.9859","850.5","1","0.368247","0","239.22267","649.625","0","0","0","0","0","1","0.736495","0","826.6232","561.1875","27.296333","25.317005","1.979329","5.578252","0.852384"
"D:\HAA\dACC revisions\Run 4\Br8667_dlPFC_20x_img_006-MaxIP-Stitched_unmixed_rotated.nd2","Layer 1","dACC_v17_ FISH-IF v2.4.4","491","4290","4307","3846","3865","0","0","0","0","1","1","351.4565","0","161.81029","0","0","0","0","0","0","0","0","0","0","0","0","0","0","0","1","0.368247","0","200.37259","483.66666","43.959526","37.607258","6.352267","10.298312","0.78327"
"D:\HAA\dACC revisions\Run 4\Br8667_dlPFC_20x_img_006-MaxIP-Stitched_unmixed_rotated.nd2","Layer 1","dACC_v17_ FISH-IF v2.4.4","492","4640","4662","3865","3885","0","0","0","0","1","1","1113.0493","0","217.74959","3","5.707834","0","5863.7866","1027.3226","0","0","0","0","0","1","0.50634","0","375.0599","740.7273","1","0.874587","0","576.3992","544.43475","65.9623","55.69741","10.264894","14.589275","0.723778"
"D:\HAA\dACC revisions\Run 4\Br8667_dlPFC_20x_img_006-MaxIP-Stitched_unmixed_rotated.nd2","Layer 1","dACC_v17_ FISH-IF v2.4.4","493","4491","4527","3872","3908","1","1","1","0","1","1","1174.4307","0","385.66364","0","0","0","0","0","7","8.009379","1","8307.107","1037.1724","25","23.429737","3","23858.33","1018.2927","16","25.409067","3","16008.494","630.0308","186.97758","110.980545","75.99705","40.335056","0.839181"
"D:\HAA\dACC revisions\Run 4\Br8667_dlPFC_20x_img_006-MaxIP-Stitched_unmixed_rotated.nd2","Layer 1","dACC_v17_ FISH-IF v2.4.4","494","4336","4369","3882","3914","1","0","0","0","1","1","2409.5486","0","422.9458","0","0","0","0","0","4","4.603092","1","9053.177","1966.76","1","0.828557","0","644.11066","777.3889","1","0.690464","0","338.32724","490","134.50233","90.86503","43.63731","33.89861","0.655377"
"D:\HAA\dACC revisions\Run 4\Br8667_dlPFC_20x_img_006-MaxIP-Stitched_unmixed_rotated.nd2","Layer 1","dACC_v17_ FISH-IF v2.4.4","495","4320","4337","3887","3908","1","1","1","0","1","1","466.1591","0","166.2","0","0","0","0","0","31","25.224943","4","82074.27","3253.6953","6","4.833246","1","5679.4785","1175.0857","6","11.323606","1","6903.3486","609.6423","48.470554","44.419834","4.050721","9.225572","0.632133"
"D:\HAA\dACC revisions\Run 4\Br8667_dlPFC_20x_img_006-MaxIP-Stitched_unmixed_rotated.nd2","Layer 1","dACC_v17_ FISH-IF v2.4.4","496","4367","4389","3888","3912","0","0","0","0","1","1","2143.1694","0","379.02106","0","0","0","0","0","1","0.644433","0","662.2008","1027.5714","1","0.644433","0","600.4733","815.3125","1","1.472989","0","1118.3212","759.21875","75.6288","59.057667","16.57113","18.451143","0.831781"
"D:\HAA\dACC revisions\Run 4\Br8667_dlPFC_20x_img_006-MaxIP-Stitched_unmixed_rotated.nd2","Layer 1","dACC_v17_ FISH-IF v2.4.4","497","4481","4513","3904","3937","0","1","0","1","1","1","1840.4872","0","313.7159","12","29.874065","2","56383.594","1887.376","0","0","0","0","0","6","5.293556","1","4574.6904","864.2","0","0","0","0","0","138.18481","93.48879","44.696022","33.040417","0.719642"
"D:\HAA\dACC revisions\Run 4\Br8667_dlPFC_20x_img_006-MaxIP-Stitched_unmixed_rotated.nd2","Layer 1","dACC_v17_ FISH-IF v2.4.4","498","4410","4439","3957","3980","0","1","1","1","1","1","3067.8445","0","361.85233","11","26.0535","2","55387.39","2125.91","0","0","0","0","0","6","4.603092","1","5099.259","1107.79","4","5.891957","1","4393.329","745.64844","88.47142","58.59736","29.874065","25.531233","0.708936"
"D:\HAA\dACC revisions\Run 4\Br8667_dlPFC_20x_img_006-MaxIP-Stitched_unmixed_rotated.nd2","Layer 1","dACC_v17_ FISH-IF v2.4.4","499","4390","4424","3963","3993","0","0","0","0","1","1","1970.997","0","517.6044","3","9.06809","0","14788.169","1630.7919","0","0","0","0","0","0","0","0","0","0","3","3.406288","0","1894.1722","556.08105","121.06131","75.6288","45.432514","35.829544","0.694472"
"D:\HAA\dACC revisions\Run 4\Br8667_dlPFC_20x_img_006-MaxIP-Stitched_unmixed_rotated.nd2","Layer 1","dACC_v17_ FISH-IF v2.4.4","500","4365","4384","3968","3986","0","0","0","0","1","1","1677.542","0","215.06337","0","0","0","0","0","0","0","0","0","0","0","0","0","0","0","0","0","0","0","0","52.52128","46.491226","6.03005","9.869216","0.897197"
"D:\HAA\dACC revisions\Run 4\Br8667_dlPFC_20x_img_006-MaxIP-Stitched_unmixed_rotated.nd2","Layer 1","dACC_v17_ FISH-IF v2.4.4","501","6788","6819","2403","2429","0","0","0","0","1","1","2208.7974","0","408.78143","0","0","0","0","0","0","0","0","0","0","0","0","0","0","0","0","0","0","0","0","109.36946","82.34931","27.02015","27.03307","0.573086"
"D:\HAA\dACC revisions\Run 4\Br8667_dlPFC_20x_img_006-MaxIP-Stitched_unmixed_rotated.nd2","Layer 1","dACC_v17_ FISH-IF v2.4.4","502","6847","6866","2419","2439","0","0","0","0","1","1","386.15384","0","165.04987","0","0","0","0","0","0","0","0","0","0","0","0","0","0","0","0","0","0","0","0","56.111687","48.930866","7.180823","11.156505","0.888533"
"D:\HAA\dACC revisions\Run 4\Br8667_dlPFC_20x_img_006-MaxIP-Stitched_unmixed_rotated.nd2","Layer 1","dACC_v17_ FISH-IF v2.4.4","503","6709","6738","2429","2455","0","0","0","0","1","1","679.1306","0","191.74573","0","0","0","0","0","1","1.058711","0","1114.5466","864.75","0","0","0","0","0","0","0","0","0","0","103.93781","78.20653","25.731283","25.316685","0.657954"
"D:\HAA\dACC revisions\Run 4\Br8667_dlPFC_20x_img_006-MaxIP-Stitched_unmixed_rotated.nd2","Layer 1","dACC_v17_ FISH-IF v2.4.4","504","6800","6832","2498","2529","0","0","0","0","1","1","1509.6072","0","342.71402","0","0","0","0","0","0","0","0","0","0","0","0","0","0","0","0","0","0","0","0","145.96404","94.639565","51.324474","31.75313","0.789205"
"D:\HAA\dACC revisions\Run 4\Br8667_dlPFC_20x_img_006-MaxIP-Stitched_unmixed_rotated.nd2","Layer 1","dACC_v17_ FISH-IF v2.4.4","505","6857","6890","2544","2570","0","0","0","0","1","1","769.94226","0","250.40697","0","0","0","0","0","0","0","0","0","0","0","0","0","0","0","0","0","0","0","0","118.89786","84.60483","34.293034","28.320358","0.726218"
"D:\HAA\dACC revisions\Run 4\Br8667_dlPFC_20x_img_006-MaxIP-Stitched_unmixed_rotated.nd2","Layer 1","dACC_v17_ FISH-IF v2.4.4","506","6804","6844","2586","2623","0","0","1","0","1","1","904.513","0","319.1834","0","0","0","0","0","0","0","0","0","0","0","0","0","0","0","46","89.11586","4","63410.535","711.55164","199.8202","116.45822","83.36199","44.196922","0.806511"
"D:\HAA\dACC revisions\Run 4\Br8667_dlPFC_20x_img_006-MaxIP-Stitched_unmixed_rotated.nd2","Layer 1","dACC_v17_ FISH-IF v2.4.4","507","6863","6884","2615","2634","0","0","0","0","1","1","1032.5444","0","154.87454","3","6.260205","0","6578.6006","1050.8604","0","0","0","0","0","0","0","0","0","0","0","0","0","0","0","58.413235","50.63401","7.779225","12.014698","0.759887"
"D:\HAA\dACC revisions\Run 4\Br8667_dlPFC_20x_img_006-MaxIP-Stitched_unmixed_rotated.nd2","Layer 1","dACC_v17_ FISH-IF v2.4.4","508","6789","6823","2629","2662","0","0","0","0","1","1","887.35645","0","365.26608","0","0","0","0","0","2","2.163453","0","1848.3254","854.34045","0","0","0","0","0","0","0","0","0","0","149.9227","100.85374","49.06896","36.044094","0.722804"
"D:\HAA\dACC revisions\Run 4\Br8667_dlPFC_20x_img_006-MaxIP-Stitched_unmixed_rotated.nd2","Layer 1","dACC_v17_ FISH-IF v2.4.4","509","6820","6846","2645","2674","0","0","0","0","1","1","2551.718","0","460.02487","0","0","0","0","0","0","0","0","0","0","1","1.242835","0","1158.0458","931.7778","0","0","0","0","0","100.715645","75.90498","24.810665","24.887589","0.67305"
"D:\HAA\dACC revisions\Run 4\Br8667_dlPFC_20x_img_006-MaxIP-Stitched_unmixed_rotated.nd2","Layer 1","dACC_v17_ FISH-IF v2.4.4","510","6864","6892","2686","2712","0","0","0","0","1","1","2192.279","0","435.8194","0","0","0","0","0","2","3.176133","0","2688.896","846.5942","0","0","0","0","0","0","0","0","0","0","109.92183","75.44467","34.477158","27.03307","0.843597"
"D:\HAA\dACC revisions\Run 4\Br8667_dlPFC_20x_img_006-MaxIP-Stitched_unmixed_rotated.nd2","Layer 1","dACC_v17_ FISH-IF v2.4.4","511","6731","6763","2688","2718","0","0","0","1","1","1","1321.5197","0","318.22946","13","28.262983","2","38277.195","1354.3225","0","0","0","0","0","1","0.50634","0","398.39758","786.8182","0","0","0","0","0","131.74048","89.66823","42.072258","30.894936","0.720672"
"D:\HAA\dACC revisions\Run 4\Br8667_dlPFC_20x_img_006-MaxIP-Stitched_unmixed_rotated.nd2","Layer 1","dACC_v17_ FISH-IF v2.4.4","512","6678","6699","2690","2710","0","1","1","0","1","1","760.1505","0","585.30225","0","0","0","0","0","0","0","0","0","0","7","5.385617","1","5849.931","1024.8951","5","5.385617","1","2675.593","496.8034","56.06566","51.784782","4.280875","12.658342","0.393164"
"D:\HAA\dACC revisions\Run 4\Br8667_dlPFC_20x_img_006-MaxIP-Stitched_unmixed_rotated.nd2","Layer 1","dACC_v17_ FISH-IF v2.4.4","513","6845","6866","2700","2721","0","0","0","0","1","1","1296.4348","0","214.4064","0","0","0","0","0","1","1.196804","0","1567.3068","1309.5769","0","0","0","0","0","2","1.611082","0","862.20514","535.17145","58.459267","48.930866","9.528399","13.301987","0.87904"
"D:\HAA\dACC revisions\Run 4\Br8667_dlPFC_20x_img_006-MaxIP-Stitched_unmixed_rotated.nd2","Layer 1","dACC_v17_ FISH-IF v2.4.4","514","6668","6697","2712","2736","0","0","0","0","1","1","2651.614","0","488.7086","0","0","0","0","0","0","0","0","0","0","1","0.966649","0","1088.8153","844.7857","3","4.649123","0","2559.365","550.50494","93.25864","58.919575","34.339066","28.10581","0.766039"
"D:\HAA\dACC revisions\Run 4\Br8667_dlPFC_20x_img_006-MaxIP-Stitched_unmixed_rotated.nd2","Layer 1","dACC_v17_ FISH-IF v2.4.4","515","6855","6877","2712","2741","1","0","1","0","1","1","777.07336","0","397.20905","0","0","0","0","0","12","16.57113","2","20901.03","1261.2916","2","1.749175","0","1682.7062","962","4","4.925308","1","2761.671","555.5185","82.71756","43.821434","38.896126","29.822195","0.731036"
"D:\HAA\dACC revisions\Run 4\Br8667_dlPFC_20x_img_006-MaxIP-Stitched_unmixed_rotated.nd2","Layer 1","dACC_v17_ FISH-IF v2.4.4","516","6725","6749","2719","2747","0","0","0","0","1","1","947.0721","0","247.04128","0","0","0","0","0","0","0","0","0","0","0","0","0","0","0","0","0","0","0","0","92.47611","57.998955","34.477158","25.74578","0.766477"
"D:\HAA\dACC revisions\Run 4\Br8667_dlPFC_20x_img_006-MaxIP-Stitched_unmixed_rotated.nd2","Layer 1","dACC_v17_ FISH-IF v2.4.4","517","6742","6765","2725","2751","0","0","0","0","1","1","978.13666","0","274.12512","0","0","0","0","0","0","0","0","0","0","0","0","0","0","0","0","0","0","0","0","80.04777","50.403854","29.643911","24.67304","0.700431"
"D:\HAA\dACC revisions\Run 4\Br8667_dlPFC_20x_img_006-MaxIP-Stitched_unmixed_rotated.nd2","Layer 1","dACC_v17_ FISH-IF v2.4.4","518","6864","6890","2733","2750","1","0","1","0","1","1","717.1872","0","202.90265","0","0","0","0","0","6","9.804585","1","10955.358","1117.3708","2","1.01268","0","758.7736","749.2727","4","5.799896","1","3368.911","546.1791","52.52128","33.09623","19.425047","21.669365","0.685939"
"D:\HAA\dACC revisions\Run 4\Br8667_dlPFC_20x_img_006-MaxIP-Stitched_unmixed_rotated.nd2","Layer 1","dACC_v17_ FISH-IF v2.4.4","519","6733","6767","2751","2785","0","0","0","0","1","1","1133.5004","0","468.98108","0","0","0","0","0","0","0","0","0","0","0","0","0","0","0","0","0","0","0","0","164.28435","99.702965","64.581375","37.331383","0.823227"
"D:\HAA\dACC revisions\Run 4\Br8667_dlPFC_20x_img_006-MaxIP-Stitched_unmixed_rotated.nd2","Layer 1","dACC_v17_ FISH-IF v2.4.4","520","1559","1584","3969","3990","0","0","0","0","1","1","1327.1506","0","307.9143","0","0","0","0","0","0","0","0","0","0","0","0","0","0","0","0","0","0","0","0","83.73024","48.884834","34.845406","27.891262","0.66865"
"D:\HAA\dACC revisions\Run 4\Br8667_dlPFC_20x_img_006-MaxIP-Stitched_unmixed_rotated.nd2","Layer 1","dACC_v17_ FISH-IF v2.4.4","521","1692","1713","3969","3990","0","0","0","0","1","1","1683.2236","0","485.60825","0","0","0","0","0","0","0","0","0","0","0","0","0","0","0","0","0","0","0","0","55.65138","41.243702","14.407678","16.734756","0.836158"
"D:\HAA\dACC revisions\Run 4\Br8667_dlPFC_20x_img_006-MaxIP-Stitched_unmixed_rotated.nd2","Layer 1","dACC_v17_ FISH-IF v2.4.4","522","1585","1600","3970","3991","0","0","0","0","1","1","993.5401","0","361.8317","0","0","0","0","0","0","0","0","0","0","0","0","0","0","0","0","0","0","0","0","48.65468","37.745354","10.909328","15.018372","0.759728"
"D:\HAA\dACC revisions\Run 4\Br8667_dlPFC_20x_img_006-MaxIP-Stitched_unmixed_rotated.nd2","Layer 1","dACC_v17_ FISH-IF v2.4.4","523","1507","1532","3971","3990","0","0","0","0","1","1","2993.5217","0","471.1719","0","0","0","0","0","0","0","0","0","0","0","0","0","0","0","0","0","0","0","0","67.113075","51.14035","15.972729","18.451143","0.68643"
"D:\HAA\dACC revisions\Run 4\Br8667_dlPFC_20x_img_006-MaxIP-Stitched_unmixed_rotated.nd2","Layer 1","dACC_v17_ FISH-IF v2.4.4","524","1542","1560","3974","3995","0","0","0","0","1","1","1576.1522","0","356.13254","0","0","0","0","0","0","0","0","0","0","0","0","0","0","0","0","0","0","0","0","55.835503","38.896126","16.939377","18.451143","0.804121"
"D:\HAA\dACC revisions\Run 4\Br8667_dlPFC_20x_img_006-MaxIP-Stitched_unmixed_rotated.nd2","Layer 1","dACC_v17_ FISH-IF v2.4.4","525","1671","1705","3977","4002","0","0","0","0","1","1","2011.3347","0","774.68353","0","0","0","0","0","0","0","0","0","0","0","0","0","0","0","0","0","0","0","0","94.36338","48.286434","46.07695","36.25864","0.60837"
"D:\HAA\dACC revisions\Run 4\Br8667_dlPFC_20x_img_006-MaxIP-Stitched_unmixed_rotated.nd2","Layer 1","dACC_v17_ FISH-IF v2.4.4","526","1525","1542","3977","3997","0","0","0","0","1","1","2289.6238","0","672.7011","0","0","0","0","0","0","0","0","0","0","0","0","0","0","0","0","0","0","0","0","45.892826","36.962826","8.929998","12.87289","0.84423"
"D:\HAA\dACC revisions\Run 4\Br8667_dlPFC_20x_img_006-MaxIP-Stitched_unmixed_rotated.nd2","Layer 1","dACC_v17_ FISH-IF v2.4.4","527","1472","1496","3982","4001","0","0","0","0","1","1","1665.7814","0","453.3184","0","0","0","0","0","0","0","0","0","0","0","0","0","0","0","0","0","0","0","0","71.163795","41.059578","30.10422","23.171202","0.762234"
"D:\HAA\dACC revisions\Run 4\Br8667_dlPFC_20x_img_006-MaxIP-Stitched_unmixed_rotated.nd2","Layer 1","dACC_v17_ FISH-IF v2.4.4","528","1560","1583","3990","4010","0","0","0","0","1","1","1443.9272","0","336.75876","0","0","0","0","0","0","0","0","0","0","0","0","0","0","0","0","0","0","0","0","72.54472","45.984886","26.55984","22.956654","0.788614"
"D:\HAA\dACC revisions\Run 4\Br8667_dlPFC_20x_img_006-MaxIP-Stitched_unmixed_rotated.nd2","Layer 1","dACC_v17_ FISH-IF v2.4.4","529","1497","1526","3985","4006","0","0","0","0","1","1","1140.1361","0","632.29486","0","0","0","0","0","0","0","0","0","0","0","0","0","0","0","0","0","0","0","0","80.73823","64.1671","16.57113","21.02572","0.549297"
"D:\HAA\dACC revisions\Run 4\Br8667_dlPFC_20x_img_006-MaxIP-Stitched_unmixed_rotated.nd2","Layer 1","dACC_v17_ FISH-IF v2.4.4","530","1537","1561","3994","4016","0","0","0","0","1","1","1858.5852","0","651.4396","0","0","0","0","0","0","0","0","0","0","0","0","0","0","0","0","0","0","0","0","84.09849","41.15164","42.946846","34.756805","0.66238"
"D:\HAA\dACC revisions\Run 4\Br8667_dlPFC_20x_img_006-MaxIP-Stitched_unmixed_rotated.nd2","Layer 1","dACC_v17_ FISH-IF v2.4.4","531","1649","1679","3987","4011","0","0","0","0","1","1","1619.9281","0","498.74402","0","0","0","0","0","0","0","0","0","0","0","0","0","0","0","0","0","0","0","0","99.33472","57.72277","41.61195","40.120506","0.547132"
"D:\HAA\dACC revisions\Run 4\Br8667_dlPFC_20x_img_006-MaxIP-Stitched_unmixed_rotated.nd2","Layer 1","dACC_v17_ FISH-IF v2.4.4","532","1689","1725","3989","4013","0","0","0","0","1","1","1871.4048","0","523.15546","0","0","0","0","0","0","0","0","0","0","0","0","0","0","0","0","0","0","0","0","109.2774","71.07174","38.20566","32.182224","0.60249"
"D:\HAA\dACC revisions\Run 4\Br8667_dlPFC_20x_img_006-MaxIP-Stitched_unmixed_rotated.nd2","Layer 1","dACC_v17_ FISH-IF v2.4.4","533","1582","1609","3990","4029","0","0","0","0","1","1","1787.5931","0","470.74008","0","0","0","0","0","0","0","0","0","0","0","0","0","0","0","0","0","0","0","0","133.02936","74.201836","58.82751","42.480537","0.645761"
"D:\HAA\dACC revisions\Run 4\Br8667_dlPFC_20x_img_006-MaxIP-Stitched_unmixed_rotated.nd2","Layer 1","dACC_v17_ FISH-IF v2.4.4","534","1470","1501","4000","4026","0","0","0","0","1","1","2174.246","0","509.6003","0","0","0","0","0","0","0","0","0","0","0","0","0","0","0","0","0","0","0","0","122.71843","57.81483","64.903595","35.614998","0.746351"
"D:\HAA\dACC revisions\Run 4\Br8667_dlPFC_20x_img_006-MaxIP-Stitched_unmixed_rotated.nd2","Layer 1","dACC_v17_ FISH-IF v2.4.4","535","1630","1649","3998","4019","0","0","0","0","1","1","1711.5261","0","488.5203","0","0","0","0","0","0","0","0","0","0","0","0","0","0","0","0","0","0","0","0","59.74813","38.57391","21.174223","22.31301","0.600594"
"D:\HAA\dACC revisions\Run 4\Br8667_dlPFC_20x_img_006-MaxIP-Stitched_unmixed_rotated.nd2","Layer 1","dACC_v17_ FISH-IF v2.4.4","536","1508","1538","4000","4025","0","0","0","0","1","1","1921.7067","0","492.14966","0","0","0","0","0","0","0","0","0","0","0","0","0","0","0","0","0","0","0","0","90.911064","59.057667","31.853395","28.534906","0.596853"
"D:\HAA\dACC revisions\Run 4\Br8667_dlPFC_20x_img_006-MaxIP-Stitched_unmixed_rotated.nd2","Layer 1","dACC_v17_ FISH-IF v2.4.4","537","1679","1692","4002","4018","0","0","0","0","1","1","1425.1971","0","453.4114","0","0","0","0","0","0","0","0","0","0","0","0","0","0","0","0","0","0","0","0","28.355045","21.818655","6.53639","10.51286","0.707206"
"D:\HAA\dACC revisions\Run 4\Br8667_dlPFC_20x_img_006-MaxIP-Stitched_unmixed_rotated.nd2","Layer 1","dACC_v17_ FISH-IF v2.4.4","538","1609","1620","4001","4022","0","0","0","0","1","1","2060.027","0","857.2709","0","0","0","0","0","0","0","0","0","0","0","0","0","0","0","0","0","0","0","0","40.277054","18.182213","22.094841","21.883913","0.758154"
"D:\HAA\dACC revisions\Run 4\Br8667_dlPFC_20x_img_006-MaxIP-Stitched_unmixed_rotated.nd2","Layer 1","dACC_v17_ FISH-IF v2.4.4","539","1642","1680","4003","4029","0","0","0","0","1","1","1943.1255","0","360.02667","0","0","0","0","0","0","0","0","0","0","0","0","0","0","0","0","0","0","0","0","104.766365","67.34323","37.423138","38.189575","0.455508"
"D:\HAA\dACC revisions\Run 4\Br8667_dlPFC_20x_img_006-MaxIP-Stitched_unmixed_rotated.nd2","Layer 1","dACC_v17_ FISH-IF v2.4.4","540","1621","1633","4003","4023","0","0","0","0","1","1","1910.7406","0","707.4167","0","0","0","0","0","0","0","0","0","0","0","0","0","0","0","0","0","0","0","0","34.569218","13.809276","20.759943","20.596624","0.705152"
"D:\HAA\dACC revisions\Run 4\Br8667_dlPFC_20x_img_006-MaxIP-Stitched_unmixed_rotated.nd2","Layer 1","dACC_v17_ FISH-IF v2.4.4","541","1696","1715","4011","4032","0","0","0","0","1","1","1354.216","0","332.42017","0","0","0","0","0","0","0","0","0","0","0","0","0","0","0","0","0","0","0","0","57.07834","41.519886","15.55845","17.163853","0.732993"
"D:\HAA\dACC revisions\Run 4\Br8667_dlPFC_20x_img_006-MaxIP-Stitched_unmixed_rotated.nd2","Layer 1","dACC_v17_ FISH-IF v2.4.4","542","1519","1565","4013","4038","0","0","0","0","1","1","1887.1156","0","393.7155","0","0","0","0","0","0","0","0","0","0","0","0","0","0","0","0","0","0","0","0","135.14677","90.12854","45.018238","39.90596","0.490251"
"D:\HAA\dACC revisions\Run 4\Br8667_dlPFC_20x_img_006-MaxIP-Stitched_unmixed_rotated.nd2","Layer 1","dACC_v17_ FISH-IF v2.4.4","543","1620","1643","4018","4037","0","0","0","0","1","1","1748.8179","0","1007.82","0","0","0","0","0","0","0","0","0","0","0","0","0","0","0","0","0","0","0","0","54.6387","24.810665","29.828035","28.10581","0.775808"
"D:\HAA\dACC revisions\Run 4\Br8667_dlPFC_20x_img_006-MaxIP-Stitched_unmixed_rotated.nd2","Layer 1","dACC_v17_ FISH-IF v2.4.4","544","1607","1619","4018","4038","0","0","0","0","1","1","1673.642","0","709.12665","0","0","0","0","0","0","0","0","0","0","0","0","0","0","0","0","0","0","0","0","32.451797","13.809276","18.64252","19.523884","0.793772"
"D:\HAA\dACC revisions\Run 4\Br8667_dlPFC_20x_img_006-MaxIP-Stitched_unmixed_rotated.nd2","Layer 1","dACC_v17_ FISH-IF v2.4.4","545","1681","1699","4014","4036","0","0","0","0","1","1","1394.8792","0","506.42838","0","0","0","0","0","0","0","0","0","0","0","0","0","0","0","0","0","0","0","0","52.75143","35.996178","16.755255","19.738432","0.716659"
"D:\HAA\dACC revisions\Run 4\Br8667_dlPFC_20x_img_006-MaxIP-Stitched_unmixed_rotated.nd2","Layer 1","dACC_v17_ FISH-IF v2.4.4","546","1594","1608","4018","4035","0","0","0","0","1","1","1836.6444","0","825.7597","0","0","0","0","0","0","0","0","0","0","0","0","0","0","0","0","0","0","0","0","28.447107","11.875977","16.57113","17.807499","0.810766"
"D:\HAA\dACC revisions\Run 4\Br8667_dlPFC_20x_img_006-MaxIP-Stitched_unmixed_rotated.nd2","Layer 1","dACC_v17_ FISH-IF v2.4.4","547","1663","1688","4019","4050","0","0","0","0","1","1","2359.2617","0","521.40405","0","0","0","0","0","0","0","0","0","0","0","0","0","0","0","0","0","0","0","0","99.56487","67.89561","31.669271","25.316685","0.745102"
"D:\HAA\dACC revisions\Run 4\Br8667_dlPFC_20x_img_006-MaxIP-Stitched_unmixed_rotated.nd2","Layer 1","dACC_v17_ FISH-IF v2.4.4","548","1576","1595","4025","4054","0","0","0","0","1","1","2479.6255","0","590.29517","0","0","0","0","0","0","0","0","0","0","0","0","0","0","0","0","0","0","0","0","73.511375","43.038906","30.472467","24.458492","0.703859"
"D:\HAA\dACC revisions\Run 4\Br8667_dlPFC_20x_img_006-MaxIP-Stitched_unmixed_rotated.nd2","Layer 1","dACC_v17_ FISH-IF v2.4.4","549","1615","1633","4034","4053","0","0","0","0","1","1","2005.7072","0","481.4866","0","0","0","0","0","0","0","0","0","0","0","0","0","0","0","0","0","0","0","0","45.708702","30.932777","14.775925","19.094788","0.634442"
"D:\HAA\dACC revisions\Run 4\Br8667_dlPFC_20x_img_006-MaxIP-Stitched_unmixed_rotated.nd2","Layer 1","dACC_v17_ FISH-IF v2.4.4","550","1632","1652","4030","4053","0","0","0","0","1","1","2882.2239","0","479.67526","0","0","0","0","0","0","0","0","0","0","0","0","0","0","0","0","0","0","0","0","66.23849","46.491226","19.747263","19.95298","0.818884"
"D:\HAA\dACC revisions\Run 4\Br8667_dlPFC_20x_img_006-MaxIP-Stitched_unmixed_rotated.nd2","Layer 1","dACC_v17_ FISH-IF v2.4.4","551","1593","1616","4035","4052","0","0","0","0","1","1","2327.3252","0","553.8785","0","0","0","0","0","0","0","0","0","0","0","0","0","0","0","0","0","0","0","0","62.18777","41.65798","20.529789","20.382076","0.792692"
"D:\HAA\dACC revisions\Run 4\Br8667_dlPFC_20x_img_006-MaxIP-Stitched_unmixed_rotated.nd2","Layer 1","dACC_v17_ FISH-IF v2.4.4","552","1546","1578","4031","4057","0","0","0","0","1","1","2353.423","0","443.05667","0","0","0","0","0","0","0","0","0","0","0","0","0","0","0","0","0","0","0","0","125.57234","80.416016","45.15633","34.327705","0.631492"
"D:\HAA\dACC revisions\Run 4\Br8667_dlPFC_20x_img_006-MaxIP-Stitched_unmixed_rotated.nd2","Layer 1","dACC_v17_ FISH-IF v2.4.4","553","1842","1874","4034","4063","0","0","0","1","1","1","1803.0254","0","331.6958","20","41.796074","3","99635.35","2383.8447","0","0","0","0","0","0","0","0","0","0","0","0","0","0","0","126.63106","88.517456","38.113598","29.607647","0.677019"
"D:\HAA\dACC revisions\Run 4\Br8667_dlPFC_20x_img_006-MaxIP-Stitched_unmixed_rotated.nd2","Layer 1","dACC_v17_ FISH-IF v2.4.4","554","1474","1494","4046","4065","0","0","0","0","1","1","592.29785","0","167.37004","0","0","0","0","0","0","0","0","0","0","0","0","0","0","0","0","0","0","0","0","54.13236","47.642","6.490359","10.727408","0.833813"
"D:\HAA\dACC revisions\Run 4\Br8667_dlPFC_20x_img_006-MaxIP-Stitched_unmixed_rotated.nd2","Layer 1","dACC_v17_ FISH-IF v2.4.4","555","1584","1617","4051","4070","0","0","0","1","1","1","2066.3113","0","631.89764","13","28.124891","2","51838.824","1843.1653","0","0","0","0","0","0","0","0","0","0","0","0","0","0","0","84.60483","56.20375","28.401075","27.03307","0.64092"
"D:\HAA\dACC revisions\Run 4\Br8667_dlPFC_20x_img_006-MaxIP-Stitched_unmixed_rotated.nd2","Layer 1","dACC_v17_ FISH-IF v2.4.4","556","1638","1667","4060","4089","0","0","0","1","1","1","2119.0234","0","428.36118","17","35.02953","3","78476.59","2240.2983","0","0","0","0","0","0","0","0","0","0","0","0","0","0","0","118.8058","81.56679","37.239014","28.320358","0.809409"
"D:\HAA\dACC revisions\Run 4\Br8667_dlPFC_20x_img_006-MaxIP-Stitched_unmixed_rotated.nd2","Layer 1","dACC_v17_ FISH-IF v2.4.4","557","1579","1608","4065","4087","0","0","0","1","1","1","1905.6656","0","332.84207","11","26.928087","2","57434.48","2132.8838","0","0","0","0","0","0","0","0","0","0","0","0","0","0","0","89.80632","60.62272","29.183601","25.96033","0.726157"
"D:\HAA\dACC revisions\Run 4\Br8667_dlPFC_20x_img_006-MaxIP-Stitched_unmixed_rotated.nd2","Layer 1","dACC_v17_ FISH-IF v2.4.4","558","1676","1698","4063","4097","0","0","0","1","1","1","2004.7542","0","320.84293","20","43.499218","3","116424.44","2676.472","0","0","0","0","0","0","0","0","0","0","0","0","0","0","0","112.499565","82.34931","30.150251","26.174877","0.647868"
"D:\HAA\dACC revisions\Run 4\Br8667_dlPFC_20x_img_006-MaxIP-Stitched_unmixed_rotated.nd2","Layer 1","dACC_v17_ FISH-IF v2.4.4","559","1729","1751","4069","4099","0","0","0","0","1","1","2275.055","0","343.87903","0","0","0","0","0","0","0","0","0","0","0","0","0","0","0","0","0","0","0","0","91.37137","57.07834","34.293034","25.96033","0.827088"
"D:\HAA\dACC revisions\Run 4\Br8667_dlPFC_20x_img_006-MaxIP-Stitched_unmixed_rotated.nd2","Layer 1","dACC_v17_ FISH-IF v2.4.4","560","1708","1733","4073","4102","0","0","0","0","1","1","1728.4529","0","425.03958","0","0","0","0","0","0","0","0","0","0","0","0","0","0","0","0","0","0","0","0","97.07921","60.484627","36.594578","28.320358","0.748521"
"D:\HAA\dACC revisions\Run 4\Br8667_dlPFC_20x_img_006-MaxIP-Stitched_unmixed_rotated.nd2","Layer 1","dACC_v17_ FISH-IF v2.4.4","561","1663","1676","4073","4088","0","0","0","0","1","1","1361.1666","0","396.33105","3","7.088761","0","14232.253","2007.7208","0","0","0","0","0","0","0","0","0","0","0","0","0","0","0","27.664581","26.836025","0.828557","3.218223","0.71611"
"D:\HAA\dACC revisions\Run 4\Br8667_dlPFC_20x_img_006-MaxIP-Stitched_unmixed_rotated.nd2","Layer 1","dACC_v17_ FISH-IF v2.4.4","562","1850","1884","4102","4136","0","0","0","0","1","1","1910.7053","0","332.00977","0","0","0","0","0","0","0","0","0","0","0","0","0","0","0","0","0","0","0","0","150.61316","103.753685","46.859474","36.902287","0.593912"
"D:\HAA\dACC revisions\Run 4\Br8667_dlPFC_20x_img_006-MaxIP-Stitched_unmixed_rotated.nd2","Layer 1","dACC_v17_ FISH-IF v2.4.4","563","1663","1690","4112","4139","0","0","0","1","1","1","1548.3346","0","276.15808","13","27.986797","2","58431.418","2087.8208","0","0","0","0","0","0","0","0","0","0","0","0","0","0","0","100.16328","75.12246","25.04082","24.029396","0.702009"
"D:\HAA\dACC revisions\Run 4\Br8667_dlPFC_20x_img_006-MaxIP-Stitched_unmixed_rotated.nd2","Layer 1","dACC_v17_ FISH-IF v2.4.4","564","1703","1721","4114","4137","0","0","0","0","1","1","562.9052","0","160.31157","0","0","0","0","0","0","0","0","0","0","0","0","0","0","0","0","0","0","0","0","65.409935","55.69741","9.712523","13.731083","0.69602"
"D:\HAA\dACC revisions\Run 4\Br8667_dlPFC_20x_img_006-MaxIP-Stitched_unmixed_rotated.nd2","Layer 1","dACC_v17_ FISH-IF v2.4.4","565","1592","1611","4114","4133","0","0","0","0","1","1","656.7018","0","136.40529","0","0","0","0","0","0","0","0","0","0","0","0","0","0","0","0","0","0","0","0","50.449886","45.202362","5.247525","9.44012","0.892177"
"D:\HAA\dACC revisions\Run 4\Br8667_dlPFC_20x_img_006-MaxIP-Stitched_unmixed_rotated.nd2","Layer 1","dACC_v17_ FISH-IF v2.4.4","566","1800","1821","4117","4138","0","0","0","1","1","1","842.19586","0","147.06084","8","23.890047","1","46872.223","1961.998","0","0","0","0","0","0","0","0","0","0","0","0","0","0","0","62.64808","53.718082","8.929998","13.731083","0.704734"
"D:\HAA\dACC revisions\Run 4\Br8667_dlPFC_20x_img_006-MaxIP-Stitched_unmixed_rotated.nd2","Layer 1","dACC_v17_ FISH-IF v2.4.4","567","1518","1538","4127","4146","0","0","0","0","1","1","913.1409","0","82.23818","2","9.252214","0","12833.098","1387.0299","0","0","0","0","0","0","0","0","0","0","0","0","0","0","0","55.55932","48.70071","6.858607","11.156505","0.821309"
"D:\HAA\dACC revisions\Run 4\Br8667_dlPFC_20x_img_006-MaxIP-Stitched_unmixed_rotated.nd2","Layer 1","dACC_v17_ FISH-IF v2.4.4","568","1643","1663","4133","4149","0","0","0","0","1","1","1650.8894","0","262.9637","1","4.418968","0","7270.906","1645.3854","0","0","0","0","0","0","0","0","0","0","0","0","0","0","0","50.12767","39.310402","10.817266","14.160179","0.724665"
"D:\HAA\dACC revisions\Run 4\Br8667_dlPFC_20x_img_006-MaxIP-Stitched_unmixed_rotated.nd2","Layer 1","dACC_v17_ FISH-IF v2.4.4","569","1643","1666","4149","4167","0","0","0","0","1","1","1667.6257","0","360.35342","0","0","0","0","0","0","0","0","0","0","0","0","0","0","0","0","0","0","0","0","60.070347","45.06427","15.006079","17.378403","0.703009"
"D:\HAA\dACC revisions\Run 4\Br8667_dlPFC_20x_img_006-MaxIP-Stitched_unmixed_rotated.nd2","Layer 1","dACC_v17_ FISH-IF v2.4.4","570","4355","4396","3987","4024","1","1","1","1","1","1","1718.9559","0","372.14053","6","5.52371","1","4607.649","834.1583","46","55.69741","4","105704.16","1897.829","28","25.961437","3","26353.76","1015.1117","6","4.326906","1","2296.7126","530.79785","203.73283","119.22008","84.512764","44.62602","0.76708"
"D:\HAA\dACC revisions\Run 4\Br8667_dlPFC_20x_img_006-MaxIP-Stitched_unmixed_rotated.nd2","Layer 1","dACC_v17_ FISH-IF v2.4.4","571","4458","4488","3988","4014","0","0","0","1","1","1","2423.0374","0","453.23428","8","21.220253","1","31744.44","1495.9501","0","0","0","0","0","2","1.334897","0","1247.3458","821.1515","0","0","0","0","0","121.15337","84.28261","36.870766","26.603973","0.812115"
"D:\HAA\dACC revisions\Run 4\Br8667_dlPFC_20x_img_006-MaxIP-Stitched_unmixed_rotated.nd2","Layer 1","dACC_v17_ FISH-IF v2.4.4","572","4601","4620","4022","4041","0","0","0","0","1","1","825.60767","0","141.3787","0","0","0","0","0","1","0.920618","0","969.31903","1052.9","2","1.51902","0","1198.8752","789.24243","0","0","0","0","0","52.65937","46.67535","5.984019","10.298312","0.908567"
"D:\HAA\dACC revisions\Run 4\Br8667_dlPFC_20x_img_006-MaxIP-Stitched_unmixed_rotated.nd2","Layer 1","dACC_v17_ FISH-IF v2.4.4","573","4348","4379","4035","4065","1","1","0","0","1","1","1069.5376","0","346.21597","2","2.255515","0","1770.6252","785.0204","18","26.55984","3","44908.223","1690.8319","6","4.925308","1","5980.2446","1214.1869","1","0.644433","0","303.20566","470.5","138.50703","85.24926","53.25777","32.182224","0.82189"
"D:\HAA\dACC revisions\Run 4\Br8667_dlPFC_20x_img_006-MaxIP-Stitched_unmixed_rotated.nd2","Layer 1","dACC_v17_ FISH-IF v2.4.4","574","4378","4395","4042","4063","1","0","0","0","1","1","1766.5198","0","272.47806","1","0.598402","0","476.37396","796.0769","8","9.022059","1","16464.154","1727.9034","3","2.715824","0","2892.767","1065.1526","0","0","0","0","0","50.12767","41.980198","8.147472","12.443794","0.860746"
"D:\HAA\dACC revisions\Run 4\Br8667_dlPFC_20x_img_006-MaxIP-Stitched_unmixed_rotated.nd2","Layer 1","dACC_v17_ FISH-IF v2.4.4","575","4533","4570","4049","4084","1","1","1","0","1","1","1177.1025","0","344.06708","0","0","0","0","0","11","15.236234","2","21380.025","1403.2356","77","49.20705","4","75962.016","1543.7222","72","105.5489","4","111622.03","1057.5386","178.92218","108.448845","70.473335","40.335056","0.808611"
"D:\HAA\dACC revisions\Run 4\Br8667_dlPFC_20x_img_006-MaxIP-Stitched_unmixed_rotated.nd2","Layer 1","dACC_v17_ FISH-IF v2.4.4","576","4488","4508","4058","4081","1","1","1","0","1","1","565.4182","0","240.8758","1","0.598402","0","465.5567","778","6","9.712523","1","13387.954","1378.4218","11","9.252214","2","9469.389","1023.47266","9","18.044119","1","11199.921","600.7728","63.06236","43.361126","19.701233","20.382076","0.721393"
"D:\HAA\dACC revisions\Run 4\Br8667_dlPFC_20x_img_006-MaxIP-Stitched_unmixed_rotated.nd2","Layer 1","dACC_v17_ FISH-IF v2.4.4","577","4364","4387","4060","4079","0","0","0","1","1","1","1650.3027","0","248.04434","6","14.637832","1","26355.463","1800.5032","0","0","0","0","0","1","0.920618","0","858.20044","932.2","0","0","0","0","0","62.417923","50.864162","11.553761","14.589275","0.861881"
"D:\HAA\dACC revisions\Run 4\Br8667_dlPFC_20x_img_006-MaxIP-Stitched_unmixed_rotated.nd2","Layer 1","dACC_v17_ FISH-IF v2.4.4","578","4504","4521","4065","4085","1","1","1","0","1","1","554.75275","0","445.4549","0","0","0","0","0","4","6.53639","1","7380.459","1129.1338","5","4.372937","1","4433.468","1013.8421","4","10.356956","1","7269.8467","701.9289","47.365814","34.707314","12.658503","15.018372","0.763167"
"D:\HAA\dACC revisions\Run 4\Br8667_dlPFC_20x_img_006-MaxIP-Stitched_unmixed_rotated.nd2","Layer 1","dACC_v17_ FISH-IF v2.4.4","579","4633","4658","4067","4094","0","0","0","0","1","1","2791.8835","0","339.29062","0","0","0","0","0","0","0","0","0","0","0","0","0","0","0","1","0.966649","0","542.2902","561","93.16658","72.22251","20.944067","22.31301","0.678573"
"D:\HAA\dACC revisions\Run 4\Br8667_dlPFC_20x_img_006-MaxIP-Stitched_unmixed_rotated.nd2","Layer 1","dACC_v17_ FISH-IF v2.4.4","580","4562","4590","4069","4097","1","1","1","0","1","1","3276.8674","0","435.45648","0","0","0","0","0","5","7.226854","1","10803.871","1326.0396","26","19.379017","3","24866.361","1283.1592","22","28.216953","3","31186.223","1105.23","109.50755","78.25256","31.254993","26.603973","0.742338"
"D:\HAA\dACC revisions\Run 4\Br8667_dlPFC_20x_img_006-MaxIP-Stitched_unmixed_rotated.nd2","Layer 1","dACC_v17_ FISH-IF v2.4.4","581","4490","4517","4082","4106","1","1","1","0","1","1","933.98944","0","432.67175","0","0","0","0","0","12","17.859997","2","29134.578","1631.2758","9","6.260205","1","7204.7593","984.4025","14","21.956747","2","14169.928","645.3564","87.78096","57.21643","30.56453","28.534906","0.615696"
"D:\HAA\dACC revisions\Run 4\Br8667_dlPFC_20x_img_006-MaxIP-Stitched_unmixed_rotated.nd2","Layer 1","dACC_v17_ FISH-IF v2.4.4","582","4516","4545","4078","4113","1","1","1","0","1","1","2133.0566","0","523.0574","0","0","0","0","0","14","20.345665","2","28313.664","1391.6312","13","11.599792","2","10660.99","919.06744","16","32.58989","3","19918.176","611.1766","151.62584","95.51415","56.111687","33.469513","0.766769"
"D:\HAA\dACC revisions\Run 4\Br8667_dlPFC_20x_img_006-MaxIP-Stitched_unmixed_rotated.nd2","Layer 1","dACC_v17_ FISH-IF v2.4.4","583","4394","4425","4079","4118","0","0","0","0","1","1","2836.5754","0","530.63135","0","0","0","0","0","1","0.322216","0","287.32498","891.7143","0","0","0","0","0","0","0","0","0","0","172.06357","94.77766","77.28591","43.33873","0.820668"
"D:\HAA\dACC revisions\Run 4\Br8667_dlPFC_20x_img_006-MaxIP-Stitched_unmixed_rotated.nd2","Layer 1","dACC_v17_ FISH-IF v2.4.4","584","4431","4450","4082","4101","0","0","0","0","1","1","2888.0774","0","853.0259","0","0","0","0","0","1","1.472989","0","1397.0844","948.46875","0","0","0","0","0","0","0","0","0","0","43.959526","33.832726","10.126801","14.803823","0.777363"
"D:\HAA\dACC revisions\Run 4\Br8667_dlPFC_20x_img_006-MaxIP-Stitched_unmixed_rotated.nd2","Layer 1","dACC_v17_ FISH-IF v2.4.4","585","4478","4493","4082","4099","1","1","1","0","1","1","661.98914","0","301.12482","0","0","0","0","0","4","3.038041","1","3810.5315","1075.091","5","4.234844","1","5630.732","1027.9412","5","10.679173","1","6453.3047","604.2888","37.05489","32.820045","4.234844","9.44012","0.626961"
"D:\HAA\dACC revisions\Run 4\Br8667_dlPFC_20x_img_006-MaxIP-Stitched_unmixed_rotated.nd2","Layer 1","dACC_v17_ FISH-IF v2.4.4","586","4588","4616","4083","4110","1","1","1","1","1","1","2873.4268","0","565.3333","8","21.772623","1","30841.129","1416.5095","6","8.929998","1","16951.07","1898.2166","6","4.971339","1","4695.0156","902.6283","5","6.260205","1","3681.0925","588.0147","103.38544","75.12246","28.262983","25.74578","0.690329"
"D:\HAA\dACC revisions\Run 4\Br8667_dlPFC_20x_img_006-MaxIP-Stitched_unmixed_rotated.nd2","Layer 1","dACC_v17_ FISH-IF v2.4.4","587","4451","4475","4083","4104","1","1","1","0","1","1","998.046","0","243.27394","0","0","0","0","0","22","23.337675","3","54958.152","2354.9111","19","13.901337","3","17408.525","1252.2914","15","24.488447","3","19514.256","783.6192","77.00973","62.003647","15.006079","16.30566","0.776558"
"D:\HAA\dACC revisions\Run 4\Br8667_dlPFC_20x_img_006-MaxIP-Stitched_unmixed_rotated.nd2","Layer 1","dACC_v17_ FISH-IF v2.4.4","588","4422","4445","4086","4112","0","0","0","0","1","1","3443.9985","0","575.20325","0","0","0","0","0","0","0","0","0","0","0","0","0","0","0","0","0","0","0","0","67.98766","37.14695","30.840715","24.887589","0.772382"
"D:\HAA\dACC revisions\Run 4\Br8667_dlPFC_20x_img_006-MaxIP-Stitched_unmixed_rotated.nd2","Layer 1","dACC_v17_ FISH-IF v2.4.4","589","4611","4634","4093","4111","1","1","1","0","1","1","1028.0208","0","429.53143","1","5.01737","0","6080.086","1211.8074","11","13.947368","2","25615.791","1818.598","11","9.666492","2","11135.846","1152.0048","8","11.415668","1","8108.6685","710.3105","52.107","38.80406","13.302936","16.949305","0.775372"
"D:\HAA\dACC revisions\Run 4\Br8667_dlPFC_20x_img_006-MaxIP-Stitched_unmixed_rotated.nd2","Layer 1","dACC_v17_ FISH-IF v2.4.4","590","4592","4632","4105","4131","1","1","1","1","1","1","1038.5265","0","534.4933","4","4.925308","1","4142.7827","841.1215","35","37.837414","4","74947.31","1949.9341","27","23.153551","3","26686.24","1152.5765","17","35.904114","3","22629.26","630.2692","127.64374","79.03509","48.60865","37.331383","0.599038"
"D:\HAA\dACC revisions\Run 4\Br8667_dlPFC_20x_img_006-MaxIP-Stitched_unmixed_rotated.nd2","Layer 1","dACC_v17_ FISH-IF v2.4.4","591","4561","4587","4116","4141","1","1","1","0","1","1","2021.5884","0","310.0651","0","0","0","0","0","5","4.280875","1","3840.2214","897.0645","4","4.234844","1","3877.7825","886.76843","8","9.804585","1","7220.502","736.4413","87.59683","68.58607","19.010769","21.02572","0.690056"
"D:\HAA\dACC revisions\Run 4\Br8667_dlPFC_20x_img_006-MaxIP-Stitched_unmixed_rotated.nd2","Layer 1","dACC_v17_ FISH-IF v2.4.4","592","4465","4491","4133","4166","0","0","0","0","1","1","2346.2522","0","389.55716","0","0","0","0","0","0","0","0","0","0","0","0","0","0","0","0","0","0","0","0","130.35956","88.563484","41.796074","28.320358","0.793438"
"D:\HAA\dACC revisions\Run 4\Br8667_dlPFC_20x_img_006-MaxIP-Stitched_unmixed_rotated.nd2","Layer 1","dACC_v17_ FISH-IF v2.4.4","593","6712","6738","2791","2828","0","0","0","0","1","1","2298.2566","0","490.61368","0","0","0","0","0","0","0","0","0","0","0","0","0","0","0","0","0","0","0","0","140.25621","90.911064","49.345142","33.469513","0.716288"
"D:\HAA\dACC revisions\Run 4\Br8667_dlPFC_20x_img_006-MaxIP-Stitched_unmixed_rotated.nd2","Layer 1","dACC_v17_ FISH-IF v2.4.4","594","6737","6750","2807","2824","0","0","0","0","1","1","1277.5927","0","545.3148","0","0","0","0","0","0","0","0","0","0","0","0","0","0","0","0","0","0","0","0","34.799374","32.313705","2.48567","6.007349","0.793722"
"D:\HAA\dACC revisions\Run 4\Br8667_dlPFC_20x_img_006-MaxIP-Stitched_unmixed_rotated.nd2","Layer 1","dACC_v17_ FISH-IF v2.4.4","595","6848","6882","2851","2887","1","0","0","0","1","1","1385.6398","0","335.5522","0","0","0","0","0","27","41.059578","3","53753.617","1309.1614","3","1.933299","0","1649.564","853.2381","2","1.51902","0","870.3066","497.55264","173.81274","101.86642","71.94633","39.90596","0.827379"
"D:\HAA\dACC revisions\Run 4\Br8667_dlPFC_20x_img_006-MaxIP-Stitched_unmixed_rotated.nd2","Layer 1","dACC_v17_ FISH-IF v2.4.4","596","6747","6770","2855","2871","0","0","0","0","1","1","1797.1991","0","461.40445","0","0","0","0","0","0","0","0","0","0","0","0","0","0","0","0","0","0","0","0","51.370502","41.427826","9.942678","14.589275","0.675046"
"D:\HAA\dACC revisions\Run 4\Br8667_dlPFC_20x_img_006-MaxIP-Stitched_unmixed_rotated.nd2","Layer 1","dACC_v17_ FISH-IF v2.4.4","597","6748","6772","2869","2888","0","0","0","0","1","1","2445.2358","0","381.00833","0","0","0","0","0","0","0","0","0","0","0","0","0","0","0","0","0","0","0","0","70.84158","49.759422","21.08216","22.31301","0.783507"
"D:\HAA\dACC revisions\Run 4\Br8667_dlPFC_20x_img_006-MaxIP-Stitched_unmixed_rotated.nd2","Layer 1","dACC_v17_ FISH-IF v2.4.4","598","6773","6797","2862","2891","0","0","0","0","1","1","2844.4604","0","430.7412","0","0","0","0","0","0","0","0","0","0","0","0","0","0","0","0","0","0","0","0","108.632965","75.95101","32.68195","25.316685","0.892992"
"D:\HAA\dACC revisions\Run 4\Br8667_dlPFC_20x_img_006-MaxIP-Stitched_unmixed_rotated.nd2","Layer 1","dACC_v17_ FISH-IF v2.4.4","599","6717","6739","2870","2894","0","0","0","0","1","1","1875.2628","0","314.93924","0","0","0","0","0","0","0","0","0","0","0","0","0","0","0","0","0","0","0","0","78.98905","62.878235","16.11082","17.163853","0.828231"
"D:\HAA\dACC revisions\Run 4\Br8667_dlPFC_20x_img_006-MaxIP-Stitched_unmixed_rotated.nd2","Layer 1","dACC_v17_ FISH-IF v2.4.4","600","6855","6875","2887","2903","0","0","0","0","1","1","995.0138","0","241.70386","0","0","0","0","0","0","0","0","0","0","0","0","0","0","0","0","0","0","0","0","49.5753","42.900814","6.674483","10.727408","0.88491"
"D:\HAA\dACC revisions\Run 4\Br8667_dlPFC_20x_img_006-MaxIP-Stitched_unmixed_rotated.nd2","Layer 1","dACC_v17_ FISH-IF v2.4.4","601","6687","6711","2895","2924","0","0","1","0","1","1","2759.598","0","491.57635","0","0","0","0","0","3","1.979329","0","1567.8131","792.093","3","2.02536","0","1457.523","719.63635","10","17.445717","2","10830.339","620.8021","103.063225","72.03838","31.024837","25.316685","0.814093"
"D:\HAA\dACC revisions\Run 4\Br8667_dlPFC_20x_img_006-MaxIP-Stitched_unmixed_rotated.nd2","Layer 1","dACC_v17_ FISH-IF v2.4.4","602","6668","6687","2898","2915","0","0","1","0","1","1","1272.7946","0","491.0385","0","0","0","0","0","1","1.703144","0","2552.2764","1498.5676","0","0","0","0","0","8","13.072781","1","8886.499","679.7711","45.340454","33.464478","11.875977","15.447468","0.725683"
"D:\HAA\dACC revisions\Run 4\Br8667_dlPFC_20x_img_006-MaxIP-Stitched_unmixed_rotated.nd2","Layer 1","dACC_v17_ FISH-IF v2.4.4","603","6661","6696","2913","2941","1","0","1","0","1","1","1098.9697","0","424.4298","0","0","0","0","0","4","6.03005","1","6300.758","1044.8932","1","1.104742","0","813.04407","735.9583","16","31.945457","3","19823.676","620.54755","130.5897","74.43199","56.15772","36.044094","0.756887"
"D:\HAA\dACC revisions\Run 4\Br8667_dlPFC_20x_img_006-MaxIP-Stitched_unmixed_rotated.nd2","Layer 1","dACC_v17_ FISH-IF v2.4.4","604","6827","6850","2908","2930","0","0","0","0","1","1","1746.5159","0","318.9345","0","0","0","0","0","0","0","0","0","0","0","0","0","0","0","1","0.598402","0","363.69028","526.73334","72.77488","59.74813","13.02675","15.876565","0.764462"
"D:\HAA\dACC revisions\Run 4\Br8667_dlPFC_20x_img_006-MaxIP-Stitched_unmixed_rotated.nd2","Layer 1","dACC_v17_ FISH-IF v2.4.4","605","6695","6731","2952","2982","0","0","0","0","1","1","2248.6758","0","401.93127","0","0","0","0","0","0","0","0","0","0","0","0","0","0","0","0","0","0","0","0","143.98471","97.12524","46.859474","34.327705","0.661478"
"D:\HAA\dACC revisions\Run 4\Br8667_dlPFC_20x_img_006-MaxIP-Stitched_unmixed_rotated.nd2","Layer 1","dACC_v17_ FISH-IF v2.4.4","606","6722","6752","2977","3007","0","0","0","1","1","1","1711.3304","0","277.0304","16","38.66597","3","85625.29","2214.4868","0","0","0","0","0","0","0","0","0","0","0","0","0","0","0","130.63574","87.873024","42.762722","29.17855","0.834105"
"D:\HAA\dACC revisions\Run 4\Br8667_dlPFC_20x_img_006-MaxIP-Stitched_unmixed_rotated.nd2","Layer 1","dACC_v17_ FISH-IF v2.4.4","607","6836","6863","2992","3022","0","0","1","0","1","1","2802.55","0","446.85986","0","0","0","0","0","0","0","0","0","0","1","0.966649","0","900.8251","931.9048","8","14.867987","1","9643.661","648.6192","116.59631","77.51607","39.08025","28.320358","0.840608"
"D:\HAA\dACC revisions\Run 4\Br8667_dlPFC_20x_img_006-MaxIP-Stitched_unmixed_rotated.nd2","Layer 1","dACC_v17_ FISH-IF v2.4.4","608","6822","6856","3009","3045","0","0","1","0","1","1","1429.7227","0","584.94556","0","0","0","0","0","0","0","0","0","0","0","0","0","0","0","20","36.502518","3","22127.107","606.1803","156.45909","98.87441","57.58468","37.116833","0.677147"
"D:\HAA\dACC revisions\Run 4\Br8667_dlPFC_20x_img_006-MaxIP-Stitched_unmixed_rotated.nd2","Layer 1","dACC_v17_ FISH-IF v2.4.4","609","6856","6884","3020","3043","0","0","0","0","1","1","544.7917","0","288.11142","0","0","0","0","0","2","3.084071","0","3711.611","1185.7794","0","0","0","0","0","1","1.150773","0","600.7495","522.04","84.88101","66.100395","18.780615","21.883913","0.648864"
"D:\HAA\dACC revisions\Run 4\Br8667_dlPFC_20x_img_006-MaxIP-Stitched_unmixed_rotated.nd2","Layer 1","dACC_v17_ FISH-IF v2.4.4","610","6799","6819","3042","3057","0","0","0","0","1","1","2392.3936","0","599.9926","0","0","0","0","0","0","0","0","0","0","0","0","0","0","0","1","0.598402","0","265.69046","444","42.900814","37.28504","5.615772","10.727408","0.685773"
"D:\HAA\dACC revisions\Run 4\Br8667_dlPFC_20x_img_006-MaxIP-Stitched_unmixed_rotated.nd2","Layer 1","dACC_v17_ FISH-IF v2.4.4","611","6690","6710","3042","3061","0","0","0","0","1","1","2327.1296","0","294.06418","0","0","0","0","0","0","0","0","0","0","0","0","0","0","0","0","0","0","0","0","49.391174","38.021538","11.369637","15.876565","0.706303"
"D:\HAA\dACC revisions\Run 4\Br8667_dlPFC_20x_img_006-MaxIP-Stitched_unmixed_rotated.nd2","Layer 1","dACC_v17_ FISH-IF v2.4.4","612","6787","6815","3051","3077","0","0","0","0","1","1","3155.7517","0","455.37042","0","0","0","0","0","1","0.322216","0","196.27583","609.1429","0","0","0","0","0","2","4.00469","0","2847.6567","711.08044","95.145905","66.606735","28.53917","24.029396","0.810037"
"D:\HAA\dACC revisions\Run 4\Br8667_dlPFC_20x_img_006-MaxIP-Stitched_unmixed_rotated.nd2","Layer 1","dACC_v17_ FISH-IF v2.4.4","613","6672","6700","3052","3081","0","0","0","0","1","1","2445.4407","0","578.3518","0","0","0","0","0","0","0","0","0","0","0","0","0","0","0","0","0","0","0","0","108.632965","64.7655","43.867466","33.469513","0.714771"
"D:\HAA\dACC revisions\Run 4\Br8667_dlPFC_20x_img_006-MaxIP-Stitched_unmixed_rotated.nd2","Layer 1","dACC_v17_ FISH-IF v2.4.4","614","6695","6726","3054","3084","0","0","0","0","1","1","2178.1763","0","483.3238","0","0","0","0","0","0","0","0","0","0","0","0","0","0","0","3","3.452319","0","1819.6942","527.0933","129.94528","77.19385","52.75143","35.614998","0.719788"
"D:\HAA\dACC revisions\Run 4\Br8667_dlPFC_20x_img_006-MaxIP-Stitched_unmixed_rotated.nd2","Layer 1","dACC_v17_ FISH-IF v2.4.4","615","6806","6837","3110","3142","0","0","0","1","1","1","1858.735","0","371.3924","20","43.821434","3","85435.31","1949.6239","0","0","0","0","0","0","0","0","0","0","0","0","0","0","0","143.57043","93.02848","50.541946","31.75313","0.89085"
"D:\HAA\dACC revisions\Run 4\Br8667_dlPFC_20x_img_006-MaxIP-Stitched_unmixed_rotated.nd2","Layer 1","dACC_v17_ FISH-IF v2.4.4","616","6732","6769","3150","3180","0","0","0","0","1","1","1556.9825","0","408.91245","0","0","0","0","0","0","0","0","0","0","0","0","0","0","0","1","2.071391","0","1316.0239","635.3333","157.24161","102.00452","55.237103","35.614998","0.710508"
"D:\HAA\dACC revisions\Run 4\Br8667_dlPFC_20x_img_006-MaxIP-Stitched_unmixed_rotated.nd2","Layer 1","dACC_v17_ FISH-IF v2.4.4","617","2121","2144","3973","3994","0","0","0","0","1","1","1230.1","0","221.45073","0","0","0","0","0","2","1.703144","0","1377.5673","808.8378","0","0","0","0","0","0","0","0","0","0","68.494","56.986275","11.50773","15.018372","0.767197"
"D:\HAA\dACC revisions\Run 4\Br8667_dlPFC_20x_img_006-MaxIP-Stitched_unmixed_rotated.nd2","Layer 1","dACC_v17_ FISH-IF v2.4.4","618","2075","2100","3981","4006","1","0","1","0","1","1","1599.4663","0","440.33865","0","0","0","0","0","4","5.753865","1","6545.0903","980.6138","0","0","0","0","0","4","4.695154","1","2440.4673","519.7843","85.7556","60.484627","25.270973","22.742105","0.803431"
"D:\HAA\dACC revisions\Run 4\Br8667_dlPFC_20x_img_006-MaxIP-Stitched_unmixed_rotated.nd2","Layer 1","dACC_v17_ FISH-IF v2.4.4","619","1970","1990","3988","4009","0","0","0","0","1","1","492.31415","0","138.09859","0","0","0","0","0","0","0","0","0","0","0","0","0","0","0","0","0","0","0","0","61.083027","52.291122","8.791905","12.87289","0.790289"
"D:\HAA\dACC revisions\Run 4\Br8667_dlPFC_20x_img_006-MaxIP-Stitched_unmixed_rotated.nd2","Layer 1","dACC_v17_ FISH-IF v2.4.4","620","2182","2207","3991","4014","1","0","1","0","1","1","1110.7688","0","254.14183","0","0","0","0","0","5","11.047421","1","15721.952","1423.1333","0","0","0","0","0","6","6.490359","1","3184.511","490.6525","80.78426","64.25916","16.525099","18.88024","0.767794"
"D:\HAA\dACC revisions\Run 4\Br8667_dlPFC_20x_img_006-MaxIP-Stitched_unmixed_rotated.nd2","Layer 1","dACC_v17_ FISH-IF v2.4.4","621","2084","2113","3997","4022","1","0","1","0","1","1","2190.582","0","448.4636","0","0","0","0","0","5","7.457009","1","8784.54","1116.0234","0","0","0","0","0","8","8.515719","1","4466.1035","524.45404","84.650856","51.830814","32.820045","25.74578","0.752352"
"D:\HAA\dACC revisions\Run 4\Br8667_dlPFC_20x_img_006-MaxIP-Stitched_unmixed_rotated.nd2","Layer 1","dACC_v17_ FISH-IF v2.4.4","622","2126","2143","4003","4023","0","0","0","0","1","1","729.34344","0","196.75555","0","0","0","0","0","0","0","0","0","0","0","0","0","0","0","2","2.02536","0","1095.812","541.0455","48.05628","43.499218","4.557061","9.011024","0.738824"
"D:\HAA\dACC revisions\Run 4\Br8667_dlPFC_20x_img_006-MaxIP-Stitched_unmixed_rotated.nd2","Layer 1","dACC_v17_ FISH-IF v2.4.4","623","2102","2127","4006","4047","0","0","0","0","1","1","2123.0059","0","332.1013","0","0","0","0","0","1","0.368247","0","310.20236","842.375","0","0","0","0","0","1","0.414278","0","184.0316","444.22223","140.16414","92.70627","47.457874","34.756805","0.624481"
"D:\HAA\dACC revisions\Run 4\Br8667_dlPFC_20x_img_006-MaxIP-Stitched_unmixed_rotated.nd2","Layer 1","dACC_v17_ FISH-IF v2.4.4","624","2142","2171","4007","4035","0","0","0","0","1","1","2505.969","0","428.97144","0","0","0","0","0","0","0","0","0","0","0","0","0","0","0","0","0","0","0","0","125.48028","85.43338","40.046898","27.03307","0.825073"
"D:\HAA\dACC revisions\Run 4\Br8667_dlPFC_20x_img_006-MaxIP-Stitched_unmixed_rotated.nd2","Layer 1","dACC_v17_ FISH-IF v2.4.4","625","2258","2280","4009","4038","0","0","0","0","1","1","3063.1125","0","494.0634","0","0","0","0","0","0","0","0","0","0","0","0","0","0","0","1","1.288866","0","651.70575","505.64285","97.35539","64.62741","32.72798","26.603973","0.878187"
"D:\HAA\dACC revisions\Run 4\Br8667_dlPFC_20x_img_006-MaxIP-Stitched_unmixed_rotated.nd2","Layer 1","dACC_v17_ FISH-IF v2.4.4","626","2233","2258","4010","4036","1","0","1","0","1","1","1698.632","0","506.51117","0","0","0","0","0","13","17.215563","2","27153.914","1520.3763","0","0","0","0","0","6","8.929998","1","5198.1333","582.09796","94.17926","65.916275","28.262983","27.247618","0.693352"
"D:\HAA\dACC revisions\Run 4\Br8667_dlPFC_20x_img_006-MaxIP-Stitched_unmixed_rotated.nd2","Layer 1","dACC_v17_ FISH-IF v2.4.4","627","2067","2093","4010","4038","0","0","0","1","1","1","2505.5945","0","434.51117","12","33.51051","2","67674.42","2019.4987","0","0","0","0","0","1","1.058711","0","885.6348","836.5217","0","0","0","0","0","101.45214","68.07973","33.372414","26.603973","0.717904"
"D:\HAA\dACC revisions\Run 4\Br8667_dlPFC_20x_img_006-MaxIP-Stitched_unmixed_rotated.nd2","Layer 1","dACC_v17_ FISH-IF v2.4.4","628","1869","1901","4021","4042","0","0","0","0","1","1","1188.7264","0","222.42494","0","0","0","0","0","0","0","0","0","0","0","0","0","0","0","0","0","0","0","0","97.90776","77.884315","20.023449","24.029396","0.490972"
"D:\HAA\dACC revisions\Run 4\Br8667_dlPFC_20x_img_006-MaxIP-Stitched_unmixed_rotated.nd2","Layer 1","dACC_v17_ FISH-IF v2.4.4","629","2068","2106","4037","4064","1","0","0","1","1","1","1529.0576","0","384.07422","4","3.176133","1","2631.2192","828.43475","8","10.817266","1","17369.26","1491.4585","0","0","0","0","0","0","0","0","0","0","144.99739","93.02848","51.968906","36.47319","0.662946"
"D:\HAA\dACC revisions\Run 4\Br8667_dlPFC_20x_img_006-MaxIP-Stitched_unmixed_rotated.nd2","Layer 1","dACC_v17_ FISH-IF v2.4.4","630","2194","2212","4035","4055","0","0","0","0","1","1","745.5303","0","182.98045","0","0","0","0","0","1","1.795206","0","1856.3809","1034.0769","0","0","0","0","0","0","0","0","0","0","53.16571","47.08963","6.076081","10.298312","0.850467"
"D:\HAA\dACC revisions\Run 4\Br8667_dlPFC_20x_img_006-MaxIP-Stitched_unmixed_rotated.nd2","Layer 1","dACC_v17_ FISH-IF v2.4.4","631","2051","2068","4038","4057","0","0","0","0","1","1","542.2353","0","172.0927","0","0","0","0","0","1","1.565051","0","1614.8107","1031.7941","0","0","0","0","0","0","0","0","0","0","46.12298","42.21035","3.912628","8.581926","0.749505"
"D:\HAA\dACC revisions\Run 4\Br8667_dlPFC_20x_img_006-MaxIP-Stitched_unmixed_rotated.nd2","Layer 1","dACC_v17_ FISH-IF v2.4.4","632","1979","2009","4043","4073","0","0","0","0","1","1","1779.6088","0","384.09848","0","0","0","0","0","0","0","0","0","0","0","0","0","0","0","0","0","0","0","0","132.10873","87.873024","44.23571","28.749454","0.92799"
"D:\HAA\dACC revisions\Run 4\Br8667_dlPFC_20x_img_006-MaxIP-Stitched_unmixed_rotated.nd2","Layer 1","dACC_v17_ FISH-IF v2.4.4","633","2127","2160","4049","4080","1","0","1","0","1","1","1825.9939","0","441.3079","0","0","0","0","0","7","11.553761","1","13013.3545","1126.3307","0","0","0","0","0","21","39.310402","3","24660.465","627.3267","121.107346","68.77019","52.337154","34.756805","0.793173"
"D:\HAA\dACC revisions\Run 4\Br8667_dlPFC_20x_img_006-MaxIP-Stitched_unmixed_rotated.nd2","Layer 1","dACC_v17_ FISH-IF v2.4.4","634","1933","1954","4052","4074","0","0","0","0","1","1","1563.6458","0","278.98407","0","0","0","0","0","0","0","0","0","0","0","0","0","0","0","0","0","0","0","0","65.13375","54.868855","10.264894","14.160179","0.804446"
"D:\HAA\dACC revisions\Run 4\Br8667_dlPFC_20x_img_006-MaxIP-Stitched_unmixed_rotated.nd2","Layer 1","dACC_v17_ FISH-IF v2.4.4","635","2135","2167","4065","4097","1","0","1","0","1","1","1872.4534","0","338.94962","0","0","0","0","0","8","12.382317","1","12378.22","999.6691","0","0","0","0","0","11","15.282265","2","8283.172","542.012","127.689766","69.41463","58.275143","34.97135","0.878144"
"D:\HAA\dACC revisions\Run 4\Br8667_dlPFC_20x_img_006-MaxIP-Stitched_unmixed_rotated.nd2","Layer 1","dACC_v17_ FISH-IF v2.4.4","636","2068","2098","4063","4101","0","0","1","0","1","1","1658.2487","0","370.59415","0","0","0","0","0","3","4.879277","0","4962.7773","1017.1132","0","0","0","0","0","10","18.228243","2","9761.685","535.52527","163.27167","103.66163","59.61004","36.044094","0.740155"
"D:\HAA\dACC revisions\Run 4\Br8667_dlPFC_20x_img_006-MaxIP-Stitched_unmixed_rotated.nd2","Layer 1","dACC_v17_ FISH-IF v2.4.4","637","2017","2052","4066","4091","0","0","0","0","1","1","2327.1328","0","367.82977","0","0","0","0","0","0","0","0","0","0","0","0","0","0","0","0","0","0","0","0","130.35956","90.86503","39.494526","29.607647","0.692078"
"D:\HAA\dACC revisions\Run 4\Br8667_dlPFC_20x_img_006-MaxIP-Stitched_unmixed_rotated.nd2","Layer 1","dACC_v17_ FISH-IF v2.4.4","638","2225","2251","4085","4115","0","0","0","0","1","1","2348.8171","0","419.72873","0","0","0","0","0","1","0.644433","0","440.19366","683.0714","0","0","0","0","0","0","0","0","0","0","113.32812","80.600136","32.72798","25.74578","0.761016"
"D:\HAA\dACC revisions\Run 4\Br8667_dlPFC_20x_img_006-MaxIP-Stitched_unmixed_rotated.nd2","Layer 1","dACC_v17_ FISH-IF v2.4.4","639","2107","2135","4091","4129","0","0","1","0","1","1","1737.2017","0","311.4134","0","0","0","0","0","1","1.51902","0","1390.3639","915.30304","0","0","0","0","0","19","34.200974","3","24858.215","726.8277","138.23085","77.055756","61.17509","36.25864","0.734779"
"D:\HAA\dACC revisions\Run 4\Br8667_dlPFC_20x_img_006-MaxIP-Stitched_unmixed_rotated.nd2","Layer 1","dACC_v17_ FISH-IF v2.4.4","640","2012","2038","4097","4118","0","0","0","1","1","1","1724.1074","0","272.3326","4","15.55845","1","22277.076","1431.8314","0","0","0","0","0","0","0","0","0","0","0","0","0","0","0","81.612816","64.903595","16.709223","18.022047","0.715135"
"D:\HAA\dACC revisions\Run 4\Br8667_dlPFC_20x_img_006-MaxIP-Stitched_unmixed_rotated.nd2","Layer 1","dACC_v17_ FISH-IF v2.4.4","641","2126","2155","4101","4131","1","0","1","0","1","1","1842.45","0","339.9438","0","0","0","0","0","4","5.615772","1","4677.938","833","0","0","0","0","0","30","64.30519","4","46025.58","715.7366","122.99461","68.77019","54.224422","33.254967","0.800763"
"D:\HAA\dACC revisions\Run 4\Br8667_dlPFC_20x_img_006-MaxIP-Stitched_unmixed_rotated.nd2","Layer 1","dACC_v17_ FISH-IF v2.4.4","642","2261","2278","4117","4146","1","0","0","1","1","1","1603.4008","0","438.099","6","13.118812","1","29246.572","2229.3613","5","9.160152","1","11059.296","1207.3267","0","0","0","0","0","3","6.214174","0","3493.7007","562.21484","67.619415","55.78947","11.829946","18.236595","0.524383"
"D:\HAA\dACC revisions\Run 4\Br8667_dlPFC_20x_img_006-MaxIP-Stitched_unmixed_rotated.nd2","Layer 1","dACC_v17_ FISH-IF v2.4.4","643","2220","2252","4120","4152","1","0","1","0","1","1","2072.9412","0","405.3865","1","4.00469","0","4013.5278","1002.2069","20","27.158241","3","45199.367","1664.2966","2","1.288866","0","894.42676","693.9643","12","14.54577","2","7933.1064","545.3892","144.16884","94.0872","50.08164","33.040417","0.806661"
"D:\HAA\dACC revisions\Run 4\Br8667_dlPFC_20x_img_006-MaxIP-Stitched_unmixed_rotated.nd2","Layer 1","dACC_v17_ FISH-IF v2.4.4","644","2163","2190","4124","4151","0","0","0","0","1","1","2834.195","0","485.61572","0","0","0","0","0","1","0.322216","0","269.3269","835.8571","0","0","0","0","0","1","0.368247","0","157.6559","428.125","109.09328","76.77957","32.313705","25.316685","0.856705"
"D:\HAA\dACC revisions\Run 4\Br8667_dlPFC_20x_img_006-MaxIP-Stitched_unmixed_rotated.nd2","Layer 1","dACC_v17_ FISH-IF v2.4.4","645","2159","2201","4151","4180","1","0","1","0","1","1","1578.8151","0","275.08847","0","0","0","0","0","15","22.324995","3","25609.3","1147.1134","0","0","0","0","0","20","43.084938","3","24113.895","559.6827","177.9095","108.72503","69.18447","39.047768","0.710738"
"D:\HAA\dACC revisions\Run 4\Br8667_dlPFC_20x_img_006-MaxIP-Stitched_unmixed_rotated.nd2","Layer 1","dACC_v17_ FISH-IF v2.4.4","646","1894","1913","4165","4183","0","0","0","0","1","1","738.9756","0","152.32","0","0","0","0","0","0","0","0","0","0","0","0","0","0","0","0","0","0","0","0","51.69272","46.03092","5.661803","9.869216","0.879965"
"D:\HAA\dACC revisions\Run 4\Br8667_dlPFC_20x_img_006-MaxIP-Stitched_unmixed_rotated.nd2","Layer 1","dACC_v17_ FISH-IF v2.4.4","647","4261","4294","2377","2413","1","1","0","0","1","1","1254.5156","0","282.76053","0","0","0","0","0","25","35.67396","3","49954.04","1400.2942","11","10.725204","2","9611.302","896.1416","0","0","0","0","0","175.46986","106.101265","69.36859","37.331383","0.859997"
"D:\HAA\dACC revisions\Run 4\Br8667_dlPFC_20x_img_006-MaxIP-Stitched_unmixed_rotated.nd2","Layer 1","dACC_v17_ FISH-IF v2.4.4","648","4514","4542","2391","2423","0","1","0","1","1","1","1845.7089","0","339.25677","9","16.525099","1","18258.623","1104.9025","0","0","0","0","0","5","6.720514","1","5486.6553","816.4041","1","2.255515","0","1375.0815","609.6531","131.23415","88.379364","42.854786","29.393099","0.801813"
"D:\HAA\dACC revisions\Run 4\Br8667_dlPFC_20x_img_006-MaxIP-Stitched_unmixed_rotated.nd2","Layer 1","dACC_v17_ FISH-IF v2.4.4","649","4354","4392","2393","2431","1","1","1","0","1","1","1075.6941","0","274.73242","0","0","0","0","0","50","64.53535","4","107677.37","1668.5022","21","20.621851","3","17245.53","836.27454","15","17.07747","3","8873.979","519.63074","212.66284","120.41688","92.24596","42.26599","0.843868"
"D:\HAA\dACC revisions\Run 4\Br8667_dlPFC_20x_img_006-MaxIP-Stitched_unmixed_rotated.nd2","Layer 1","dACC_v17_ FISH-IF v2.4.4","650","4543","4566","2393","2422","1","1","0","0","1","1","2114.5466","0","451.27475","0","0","0","0","0","6","10.633142","1","13713.715","1289.7142","4","3.682473","1","2962.872","748.4535","3","3.866597","0","2106.8352","544.881","96.29668","70.19715","26.09953","24.458492","0.72487"
"D:\HAA\dACC revisions\Run 4\Br8667_dlPFC_20x_img_006-MaxIP-Stitched_unmixed_rotated.nd2","Layer 1","dACC_v17_ FISH-IF v2.4.4","651","4563","4580","2404","2424","1","1","0","0","1","1","993.1576","0","465.70767","0","0","0","0","0","8","16.248915","1","21631.723","1331.272","6","5.293556","1","5068.096","957.4087","1","0.50634","0","225.68959","445.72726","51.370502","43.775402","7.595101","11.585601","0.805282"
"D:\HAA\dACC revisions\Run 4\Br8667_dlPFC_20x_img_006-MaxIP-Stitched_unmixed_rotated.nd2","Layer 1","dACC_v17_ FISH-IF v2.4.4","652","4582","4613","2404","2428","0","1","0","0","1","1","1638.4467","0","345.88797","0","0","0","0","0","2","1.749175","0","1443.4375","825.2105","4","4.050721","1","3528.8682","871.1705","2","2.853917","0","1629.6786","571.0323","109.00121","72.314575","36.68664","27.03307","0.734744"
"D:\HAA\dACC revisions\Run 4\Br8667_dlPFC_20x_img_006-MaxIP-Stitched_unmixed_rotated.nd2","Layer 1","dACC_v17_ FISH-IF v2.4.4","653","4610","4630","2411","2429","0","1","1","0","1","1","1757.6804","0","296.7049","0","0","0","0","0","2","1.841237","0","1692.5569","919.25","5","4.649123","1","3978.4983","855.7525","4","5.293556","1","3098.8933","585.4087","47.457874","32.912106","14.54577","17.807499","0.695303"
"D:\HAA\dACC revisions\Run 4\Br8667_dlPFC_20x_img_006-MaxIP-Stitched_unmixed_rotated.nd2","Layer 1","dACC_v17_ FISH-IF v2.4.4","654","4660","4687","2417","2441","1","0","0","0","1","1","2972.9685","0","470.91022","0","0","0","0","0","7","7.180823","1","17144.72","2230.3054","2","1.426958","0","1186.0326","831.1613","2","1.565051","0","851.1577","543.85297","96.6189","70.24318","26.375715","23.600298","0.759614"
"D:\HAA\dACC revisions\Run 4\Br8667_dlPFC_20x_img_006-MaxIP-Stitched_unmixed_rotated.nd2","Layer 1","dACC_v17_ FISH-IF v2.4.4","655","4599","4638","2424","2453","1","1","1","0","1","1","1258.8357","0","401.97968","0","0","0","0","0","28","33.694633","3","53920.387","1578.6995","25","22.601181","3","22769.607","1007.45215","14","25.04082","2","14881.474","594.2886","137.54037","81.52075","56.019627","38.61867","0.619691"
"D:\HAA\dACC revisions\Run 4\Br8667_dlPFC_20x_img_006-MaxIP-Stitched_unmixed_rotated.nd2","Layer 1","dACC_v17_ FISH-IF v2.4.4","656","4520","4551","2422","2456","0","0","0","0","1","1","1435.0432","0","378.61478","0","0","0","0","0","1","1.334897","0","1179.6803","883.7241","3","2.301546","0","1800.4994","766.96075","1","0.414278","0","191.71877","462.77777","150.5211","97.26333","53.25777","33.469513","0.771352"
"D:\HAA\dACC revisions\Run 4\Br8667_dlPFC_20x_img_006-MaxIP-Stitched_unmixed_rotated.nd2","Layer 1","dACC_v17_ FISH-IF v2.4.4","657","4327","4349","2425","2447","1","0","0","0","1","1","631.3986","0","187.28326","0","0","0","0","0","4","8.239534","1","10597.652","1286.1956","1","0.644433","0","435.68265","676.0714","0","0","0","0","0","72.314575","59.14973","13.164843","15.876565","0.802804"
"D:\HAA\dACC revisions\Run 4\Br8667_dlPFC_20x_img_006-MaxIP-Stitched_unmixed_rotated.nd2","Layer 1","dACC_v17_ FISH-IF v2.4.4","658","4525","4562","2465","2495","0","0","0","0","1","1","1755.5314","0","358.5145","0","0","0","0","0","0","0","0","0","0","0","0","0","0","0","2","0.874587","0","407.69583","442.85","157.47177","103.247345","54.224422","35.614998","0.669674"
"D:\HAA\dACC revisions\Run 4\Br8667_dlPFC_20x_img_006-MaxIP-Stitched_unmixed_rotated.nd2","Layer 1","dACC_v17_ FISH-IF v2.4.4","659","4338","4357","2489","2509","0","0","0","0","1","1","432.96378","0","167.71442","0","0","0","0","0","3","6.306236","0","7893.0596","1251.6277","1","0.552371","0","387.07397","700.75","0","0","0","0","0","53.902203","47.54994","6.352267","10.727408","0.853885"
"D:\HAA\dACC revisions\Run 4\Br8667_dlPFC_20x_img_006-MaxIP-Stitched_unmixed_rotated.nd2","Layer 1","dACC_v17_ FISH-IF v2.4.4","660","4615","4642","2505","2532","1","1","0","0","1","1","2773.2815","0","374.81046","0","0","0","0","0","4","4.050721","1","3924.4119","968.8182","12","10.03474","2","11500.134","1146.0321","1","0.598402","0","287.41705","480.30768","99.012505","64.35122","34.66128","27.247618","0.752441"
"D:\HAA\dACC revisions\Run 4\Br8667_dlPFC_20x_img_006-MaxIP-Stitched_unmixed_rotated.nd2","Layer 1","dACC_v17_ FISH-IF v2.4.4","661","4480","4503","2518","2550","0","0","0","1","1","1","2388.9216","0","434.94757","7","17.767935","1","19148.861","1077.7202","0","0","0","0","0","1","1.01268","0","830.766","820.36365","0","0","0","0","0","115.07729","83.40802","31.669271","26.174877","0.699403"
"D:\HAA\dACC revisions\Run 4\Br8667_dlPFC_20x_img_006-MaxIP-Stitched_unmixed_rotated.nd2","Layer 1","dACC_v17_ FISH-IF v2.4.4","662","4658","4678","2518","2547","1","1","0","0","1","1","1744.0626","0","553.91205","0","0","0","0","0","5","8.883967","1","10446.21","1175.8497","19","15.512419","3","17427.719","1123.4689","1","0.414278","0","197.38057","476.44446","88.011116","62.27983","25.731283","23.171202","0.769923"
"D:\HAA\dACC revisions\Run 4\Br8667_dlPFC_20x_img_006-MaxIP-Stitched_unmixed_rotated.nd2","Layer 1","dACC_v17_ FISH-IF v2.4.4","663","4629","4658","2518","2548","1","1","0","0","1","1","1794.2743","0","367.60153","2","1.288866","0","1011.3913","784.7143","13","22.831335","2","29935.379","1311.1532","37","27.296333","4","37818.17","1385.4672","2","0.828557","0","368.52353","444.77777","115.16936","72.54472","42.62463","28.964003","0.856796"
"D:\HAA\dACC revisions\Run 4\Br8667_dlPFC_20x_img_006-MaxIP-Stitched_unmixed_rotated.nd2","Layer 1","dACC_v17_ FISH-IF v2.4.4","664","4380","4395","2528","2541","1","0","0","0","1","1","770.3333","0","441.6305","0","0","0","0","0","10","11.50773","2","29724.19","2582.976","0","0","0","0","0","2","0.644433","0","275.1268","426.92856","29.966127","29.275663","0.690464","2.789126","0.679241"
"D:\HAA\dACC revisions\Run 4\Br8667_dlPFC_20x_img_006-MaxIP-Stitched_unmixed_rotated.nd2","Layer 1","dACC_v17_ FISH-IF v2.4.4","665","4377","4405","2540","2570","1","0","0","0","1","1","2223.6309","0","406.05798","0","0","0","0","0","11","14.315616","2","28935.402","2021.2476","1","0.874587","0","708.41583","810","3","4.603092","0","2935.7598","590.53705","120.601006","82.57947","38.021538","27.891262","0.829902"
"D:\HAA\dACC revisions\Run 4\Br8667_dlPFC_20x_img_006-MaxIP-Stitched_unmixed_rotated.nd2","Layer 1","dACC_v17_ FISH-IF v2.4.4","666","4450","4479","2546","2572","0","0","0","0","1","1","3097.7747","0","430.15726","0","0","0","0","0","0","0","0","0","0","0","0","0","0","0","1","0.368247","0","159.68126","433.625","109.00121","78.1605","30.840715","24.458492","0.823844"
"D:\HAA\dACC revisions\Run 4\Br8667_dlPFC_20x_img_006-MaxIP-Stitched_unmixed_rotated.nd2","Layer 1","dACC_v17_ FISH-IF v2.4.4","667","4295","4330","2572","2606","1","1","1","0","1","1","1359.0896","0","370.35095","0","0","0","0","0","26","34.10891","3","52590.46","1541.8394","8","7.641132","1","6039.118","780.9345","14","20.990099","2","11454.794","528.34393","173.5826","106.23936","67.34323","37.331383","0.768158"
"D:\HAA\dACC revisions\Run 4\Br8667_dlPFC_20x_img_006-MaxIP-Stitched_unmixed_rotated.nd2","Layer 1","dACC_v17_ FISH-IF v2.4.4","668","4503","4527","2614","2633","0","0","0","0","1","1","536.9251","0","134.68562","0","0","0","0","0","2","4.879277","0","5665.4854","1161.1321","0","0","0","0","0","2","1.841237","0","900.08856","488.85","72.176476","59.886223","12.290255","15.447468","0.717205"
"D:\HAA\dACC revisions\Run 4\Br8667_dlPFC_20x_img_006-MaxIP-Stitched_unmixed_rotated.nd2","Layer 1","dACC_v17_ FISH-IF v2.4.4","669","4579","4624","2622","2658","1","1","1","0","1","1","983.5974","0","241.09177","0","0","0","0","0","6","9.344276","1","9551.783","1022.2069","62","48.19437","4","60996.4","1265.6332","83","115.30745","4","126118.55","1093.7589","214.8263","122.90255","91.923744","47.200596","0.696309"
"D:\HAA\dACC revisions\Run 4\Br8667_dlPFC_20x_img_006-MaxIP-Stitched_unmixed_rotated.nd2","Layer 1","dACC_v17_ FISH-IF v2.4.4","670","4498","4521","2637","2659","1","1","0","0","1","1","933.63544","0","220.71829","0","0","0","0","0","8","11.50773","1","14472.627","1257.644","19","12.704534","3","17184.768","1352.6486","2","0.966649","0","451.19507","466.7619","72.40663","59.14973","13.256905","15.876565","0.811962"
"D:\HAA\dACC revisions\Run 4\Br8667_dlPFC_20x_img_006-MaxIP-Stitched_unmixed_rotated.nd2","Layer 1","dACC_v17_ FISH-IF v2.4.4","671","4592","4621","2662","2686","0","0","0","0","1","1","3345.6174","0","417.36304","0","0","0","0","0","0","0","0","0","0","0","0","0","0","0","1","1.334897","0","852.21643","638.4138","103.98384","75.95101","28.03283","23.171202","0.789348"
"D:\HAA\dACC revisions\Run 4\Br8667_dlPFC_20x_img_006-MaxIP-Stitched_unmixed_rotated.nd2","Layer 1","dACC_v17_ FISH-IF v2.4.4","672","4475","4496","2664","2683","0","0","0","0","1","1","1365.3793","0","264.89856","0","0","0","0","0","2","1.841237","0","2555.4065","895.4032","0","0","0","0","0","0","0","0","0","0","58.82751","50.818134","8.009379","12.014698","0.812889"
"D:\HAA\dACC revisions\Run 4\Br8667_dlPFC_20x_img_006-MaxIP-Stitched_unmixed_rotated.nd2","Layer 1","dACC_v17_ FISH-IF v2.4.4","673","4385","4400","2668","2681","0","0","0","0","1","1","546.8421","0","232.93393","0","0","0","0","0","0","0","0","0","0","0","0","0","0","0","0","0","0","0","0","31.53118","30.656591","0.874587","3.218223","0.772088"
"D:\HAA\dACC revisions\Run 4\Br8667_dlPFC_20x_img_006-MaxIP-Stitched_unmixed_rotated.nd2","Layer 1","dACC_v17_ FISH-IF v2.4.4","674","4527","4558","2674","2708","0","1","0","1","1","1","2317.296","0","381.84756","10","15.696543","2","17714.17","1128.5396","0","0","0","0","0","4","3.866597","1","2674.9026","691.7976","1","0.322216","0","140.07208","434.7143","136.34358","94.82369","41.519886","33.040417","0.619881"
"D:\HAA\dACC revisions\Run 4\Br8667_dlPFC_20x_img_006-MaxIP-Stitched_unmixed_rotated.nd2","Layer 1","dACC_v17_ FISH-IF v2.4.4","675","4559","4582","2674","2700","0","0","0","1","1","1","2526.6462","0","441.6168","6","17.261595","1","24522.926","1420.664","0","0","0","0","0","1","0.598402","0","432.87476","723.38464","2","1.841237","0","930.7452","505.5","88.2873","67.98766","20.299635","19.309336","0.797597"
"D:\HAA\dACC revisions\Run 4\Br8667_dlPFC_20x_img_006-MaxIP-Stitched_unmixed_rotated.nd2","Layer 1","dACC_v17_ FISH-IF v2.4.4","676","4301","4335","2678","2705","0","0","0","0","1","1","2159.256","0","471.8765","0","0","0","0","0","1","0.782526","0","750.5341","959.1177","0","0","0","0","0","0","0","0","0","0","120.37085","84.60483","35.76602","30.894936","0.653754"
"D:\HAA\dACC revisions\Run 4\Br8667_dlPFC_20x_img_006-MaxIP-Stitched_unmixed_rotated.nd2","Layer 1","dACC_v17_ FISH-IF v2.4.4","677","4385","4405","2682","2704","0","0","0","0","1","1","1605.8087","0","232.96425","0","0","0","0","0","0","0","0","0","0","0","0","0","0","0","0","0","0","0","0","65.9623","55.375195","10.587111","15.018372","0.701654"
"D:\HAA\dACC revisions\Run 4\Br8667_dlPFC_20x_img_006-MaxIP-Stitched_unmixed_rotated.nd2","Layer 1","dACC_v17_ FISH-IF v2.4.4","678","4481","4511","2687","2719","0","0","0","0","1","1","2503.1233","0","382.23074","0","0","0","0","0","0","0","0","0","0","0","0","0","0","0","0","0","0","0","0","126.26281","87.78096","38.481846","30.46584","0.714939"
"D:\HAA\dACC revisions\Run 4\Br8667_dlPFC_20x_img_006-MaxIP-Stitched_unmixed_rotated.nd2","Layer 1","dACC_v17_ FISH-IF v2.4.4","679","4433","4462","2694","2723","0","0","0","0","1","1","2307.8694","0","501.73816","0","0","0","0","0","1","1.380928","0","1159.4268","839.6","2","2.301546","0","1784.5726","775.38","0","0","0","0","0","121.06131","83.68421","37.377106","28.320358","0.815549"
"D:\HAA\dACC revisions\Run 4\Br8667_dlPFC_20x_img_006-MaxIP-Stitched_unmixed_rotated.nd2","Layer 1","dACC_v17_ FISH-IF v2.4.4","680","4306","4331","2701","2726","1","1","0","0","1","1","1158.1796","0","435.74927","0","0","0","0","0","9","13.348966","1","16978.873","1271.9242","10","10.909328","2","8661.085","793.9156","1","0.598402","0","263.75717","440.76923","90.036476","63.890915","26.145561","22.31301","0.770574"
"D:\HAA\dACC revisions\Run 4\Br8667_dlPFC_20x_img_006-MaxIP-Stitched_unmixed_rotated.nd2","Layer 1","dACC_v17_ FISH-IF v2.4.4","681","4330","4349","2705","2727","1","1","0","0","1","1","2663.7402","0","478.20053","0","0","0","0","0","4","5.661803","1","4859.8984","858.36584","4","3.406288","1","2944.966","864.56757","1","0.782526","0","418.09882","534.2941","64.48932","52.797462","11.691853","14.589275","0.840102"
"D:\HAA\dACC revisions\Run 4\Br8667_dlPFC_20x_img_006-MaxIP-Stitched_unmixed_rotated.nd2","Layer 1","dACC_v17_ FISH-IF v2.4.4","682","4613","4638","2707","2729","1","1","0","0","1","1","1627.4115","0","522.9767","0","0","0","0","0","6","7.687163","1","8674.342","1128.4192","7","7.318916","1","7380.6436","965.90967","0","0","0","0","0","72.03838","59.287823","12.750565","18.236595","0.567871"
"D:\HAA\dACC revisions\Run 4\Br8667_dlPFC_20x_img_006-MaxIP-Stitched_unmixed_rotated.nd2","Layer 1","dACC_v17_ FISH-IF v2.4.4","683","4379","4409","2708","2734","0","0","0","1","1","1","2382.1416","0","468.71265","9","22.601181","1","34698.29","1535.2423","0","0","0","0","0","1","1.472989","0","1305.667","886.40625","0","0","0","0","0","95.51415","60.71478","34.799374","28.534906","0.784674"
"D:\HAA\dACC revisions\Run 4\Br8667_dlPFC_20x_img_006-MaxIP-Stitched_unmixed_rotated.nd2","Layer 1","dACC_v17_ FISH-IF v2.4.4","684","4627","4653","2718","2743","1","1","0","0","1","1","3188.0603","0","574.6153","0","0","0","0","0","6","9.022059","1","11526.05","1277.5408","23","15.098141","3","23285.107","1542.25","0","0","0","0","0","93.90307","68.67813","25.224943","21.883913","0.855869"
"D:\HAA\dACC revisions\Run 4\Br8667_dlPFC_20x_img_006-MaxIP-Stitched_unmixed_rotated.nd2","Layer 1","dACC_v17_ FISH-IF v2.4.4","685","4369","4399","2723","2746","0","0","0","1","1","1","2341.3809","0","391.2139","7","14.960048","1","25351.941","1694.6431","0","0","0","0","0","2","1.565051","0","1162.5109","742.7941","0","0","0","0","0","92.1539","58.32117","33.832726","27.247618","0.754591"
"D:\HAA\dACC revisions\Run 4\Br8667_dlPFC_20x_img_006-MaxIP-Stitched_unmixed_rotated.nd2","Layer 1","dACC_v17_ FISH-IF v2.4.4","686","4455","4479","2720","2743","1","1","0","0","1","1","970.3651","0","179.05875","0","0","0","0","0","14","19.379017","2","27408.42","1387.9603","23","19.56314","3","22970.625","1174.1788","0","0","0","0","0","81.152504","64.25916","16.893347","18.451143","0.790055"
"D:\HAA\dACC revisions\Run 4\Br8667_dlPFC_20x_img_006-MaxIP-Stitched_unmixed_rotated.nd2","Layer 1","dACC_v17_ FISH-IF v2.4.4","687","4504","4524","2720","2742","0","0","0","0","1","1","2429.3333","0","292.18777","0","0","0","0","0","0","0","0","0","0","1","0.598402","0","400.10074","668.61536","0","0","0","0","0","63.24648","53.441895","9.804585","13.731083","0.885321"
"D:\HAA\dACC revisions\Run 4\Br8667_dlPFC_20x_img_006-MaxIP-Stitched_unmixed_rotated.nd2","Layer 1","dACC_v17_ FISH-IF v2.4.4","688","4549","4572","2744","2767","0","0","0","0","1","1","2380.4973","0","411.7553","0","0","0","0","0","2","1.887268","0","1969.4789","891.375","1","1.242835","0","931.1134","749.1852","1","0.50634","0","219.52144","433.54544","81.889","56.433907","25.455097","22.742105","0.738061"
"D:\HAA\dACC revisions\Run 4\Br8667_dlPFC_20x_img_006-MaxIP-Stitched_unmixed_rotated.nd2","Layer 1","dACC_v17_ FISH-IF v2.4.4","689","4498","4521","2748","2768","0","0","0","0","1","1","1280.6422","0","178.28488","0","0","0","0","0","0","0","0","0","0","0","0","0","0","0","0","0","0","0","0","65.77818","55.743443","10.03474","14.589275","0.708988"
"D:\HAA\dACC revisions\Run 4\Br8667_dlPFC_20x_img_006-MaxIP-Stitched_unmixed_rotated.nd2","Layer 1","dACC_v17_ FISH-IF v2.4.4","690","4553","4572","2768","2782","0","0","0","0","1","1","1913.1442","0","542.1846","1","0.690464","0","1090.2883","877.2593","0","0","0","0","0","0","0","0","0","0","1","0.322216","0","139.10544","431.7143","40.323082","30.426437","9.896647","13.731083","0.70186"
"D:\HAA\dACC revisions\Run 4\Br8667_dlPFC_20x_img_006-MaxIP-Stitched_unmixed_rotated.nd2","Layer 1","dACC_v17_ FISH-IF v2.4.4","691","4604","4633","2763","2791","0","0","0","0","1","1","2919.4275","0","391.00452","1","1.426958","0","1144.2366","801.871","0","0","0","0","0","1","0.736495","0","582.24506","790.5625","0","0","0","0","0","117.97724","81.79694","36.1803","26.603973","0.891656"
"D:\HAA\dACC revisions\Run 4\Br8667_dlPFC_20x_img_006-MaxIP-Stitched_unmixed_rotated.nd2","Layer 1","dACC_v17_ FISH-IF v2.4.4","692","4532","4555","2763","2785","1","0","0","1","1","1","2217.7087","0","464.93903","4","10.402987","1","10316.081","991.646","7","11.047421","1","11913.077","1078.3583","3","1.703144","0","1214.6178","713.1622","0","0","0","0","0","74.15581","56.618027","17.537779","18.022047","0.768571"
"D:\HAA\dACC revisions\Run 4\Br8667_dlPFC_20x_img_006-MaxIP-Stitched_unmixed_rotated.nd2","Layer 1","dACC_v17_ FISH-IF v2.4.4","693","4490","4512","2766","2787","0","0","0","0","1","1","1710.3605","0","259.00974","1","0.598402","0","436.09692","728.7692","2","2.163453","0","2826.7126","1023.48334","1","1.196804","0","1115.7434","932.2692","0","0","0","0","0","68.58607","56.71009","11.875977","15.018372","0.8793"
"D:\HAA\dACC revisions\Run 4\Br8667_dlPFC_20x_img_006-MaxIP-Stitched_unmixed_rotated.nd2","Layer 1","dACC_v17_ FISH-IF v2.4.4","694","2738","2767","3972","3998","0","0","0","0","1","1","2866.984","0","549.7415","0","0","0","0","0","0","0","0","0","0","0","0","0","0","0","0","0","0","0","0","101.728325","75.858955","25.869375","25.74578","0.624161"
"D:\HAA\dACC revisions\Run 4\Br8667_dlPFC_20x_img_006-MaxIP-Stitched_unmixed_rotated.nd2","Layer 1","dACC_v17_ FISH-IF v2.4.4","695","3026","3056","3975","3997","0","0","0","0","1","1","1851.191","0","635.0284","0","0","0","0","0","0","0","0","0","0","0","0","0","0","0","0","0","0","0","0","80.73823","48.70071","32.037518","27.03307","0.710802"
"D:\HAA\dACC revisions\Run 4\Br8667_dlPFC_20x_img_006-MaxIP-Stitched_unmixed_rotated.nd2","Layer 1","dACC_v17_ FISH-IF v2.4.4","696","2850","2883","3973","4002","0","0","0","0","1","1","2750.4888","0","509.02548","2","2.439639","0","2001.4703","820.39624","0","0","0","0","0","0","0","0","0","0","0","0","0","0","0","124.92791","77.65416","47.273754","30.680387","0.839523"
"D:\HAA\dACC revisions\Run 4\Br8667_dlPFC_20x_img_006-MaxIP-Stitched_unmixed_rotated.nd2","Layer 1","dACC_v17_ FISH-IF v2.4.4","697","2681","2701","3984","4004","0","0","0","0","1","1","477.63474","0","179.92726","0","0","0","0","0","0","0","0","0","0","0","0","0","0","0","0","0","0","0","0","57.67674","49.98958","7.687163","12.014698","0.867682"
"D:\HAA\dACC revisions\Run 4\Br8667_dlPFC_20x_img_006-MaxIP-Stitched_unmixed_rotated.nd2","Layer 1","dACC_v17_ FISH-IF v2.4.4","698","2864","2893","3993","4012","0","0","0","0","1","1","3512.0496","0","588.8317","0","0","0","0","0","0","0","0","0","0","0","0","0","0","0","0","0","0","0","0","78.896996","42.670662","36.226334","27.462166","0.796813"
"D:\HAA\dACC revisions\Run 4\Br8667_dlPFC_20x_img_006-MaxIP-Stitched_unmixed_rotated.nd2","Layer 1","dACC_v17_ FISH-IF v2.4.4","699","2889","2920","4003","4028","0","0","0","0","1","1","2835.917","0","407.19925","0","0","0","0","0","0","0","0","0","0","0","0","0","0","0","0","0","0","0","0","113.92652","75.07642","38.850094","28.320358","0.73478"
"D:\HAA\dACC revisions\Run 4\Br8667_dlPFC_20x_img_006-MaxIP-Stitched_unmixed_rotated.nd2","Layer 1","dACC_v17_ FISH-IF v2.4.4","700","2865","2893","4012","4033","0","0","0","0","1","1","3172.9856","0","472.08093","0","0","0","0","0","0","0","0","0","0","1","0.690464","0","515.7764","747","0","0","0","0","0","91.37137","52.889523","38.481846","27.03307","0.843264"
"D:\HAA\dACC revisions\Run 4\Br8667_dlPFC_20x_img_006-MaxIP-Stitched_unmixed_rotated.nd2","Layer 1","dACC_v17_ FISH-IF v2.4.4","701","3003","3021","4027","4045","0","0","0","0","1","1","372.52127","0","154.88985","0","0","0","0","0","0","0","0","0","0","0","0","0","0","0","0","0","0","0","0","47.365814","43.038906","4.326906","8.581926","0.899485"
"D:\HAA\dACC revisions\Run 4\Br8667_dlPFC_20x_img_006-MaxIP-Stitched_unmixed_rotated.nd2","Layer 1","dACC_v17_ FISH-IF v2.4.4","702","2810","2853","4033","4084","1","0","0","0","1","1","1625.2015","0","352.82797","0","0","0","0","0","24","38.57391","3","49943.914","1294.7589","0","0","0","0","0","0","0","0","0","0","285.2536","158.94476","126.30884","63.935356","0.643149"
"D:\HAA\dACC revisions\Run 4\Br8667_dlPFC_20x_img_006-MaxIP-Stitched_unmixed_rotated.nd2","Layer 1","dACC_v17_ FISH-IF v2.4.4","703","3031","3062","4036","4060","0","0","0","0","1","1","1509.3442","0","257.23468","0","0","0","0","0","3","5.52371","0","8682.858","1571.925","0","0","0","0","0","2","2.99201","0","1694.8584","566.46155","102.00452","78.068436","23.936077","25.316685","0.631405"
"D:\HAA\dACC revisions\Run 4\Br8667_dlPFC_20x_img_006-MaxIP-Stitched_unmixed_rotated.nd2","Layer 1","dACC_v17_ FISH-IF v2.4.4","704","2692","2722","4040","4071","0","0","0","0","1","1","2684.8262","0","486.15945","0","0","0","0","0","0","0","0","0","0","0","0","0","0","0","0","0","0","0","0","140.85461","92.66024","48.19437","30.894936","0.806324"
"D:\HAA\dACC revisions\Run 4\Br8667_dlPFC_20x_img_006-MaxIP-Stitched_unmixed_rotated.nd2","Layer 1","dACC_v17_ FISH-IF v2.4.4","705","2754","2778","4043","4067","0","0","0","0","1","1","1312.2328","0","257.90466","0","0","0","0","0","2","6.076081","0","6517.978","1072.7273","0","0","0","0","0","0","0","0","0","0","78.25256","64.21313","14.03943","18.88024","0.614317"
"D:\HAA\dACC revisions\Run 4\Br8667_dlPFC_20x_img_006-MaxIP-Stitched_unmixed_rotated.nd2","Layer 1","dACC_v17_ FISH-IF v2.4.4","706","2938","2967","4045","4080","0","0","1","0","1","1","2728.586","0","462.28238","0","0","0","0","0","0","0","0","0","0","0","0","0","0","0","12","18.320305","2","11714.224","622.21515","143.70853","96.34271","47.365814","32.182224","0.714494"
"D:\HAA\dACC revisions\Run 4\Br8667_dlPFC_20x_img_006-MaxIP-Stitched_unmixed_rotated.nd2","Layer 1","dACC_v17_ FISH-IF v2.4.4","707","3055","3085","4050","4082","0","0","0","0","1","1","3305.6104","0","541.55206","0","0","0","0","0","0","0","0","0","0","0","0","0","0","0","2","1.242835","0","554.07416","445.81482","124.88188","87.550804","37.331074","30.46584","0.702992"
"D:\HAA\dACC revisions\Run 4\Br8667_dlPFC_20x_img_006-MaxIP-Stitched_unmixed_rotated.nd2","Layer 1","dACC_v17_ FISH-IF v2.4.4","708","2671","2688","4100","4123","0","0","0","0","1","1","2398.6597","0","353.6762","0","0","0","0","0","0","0","0","0","0","0","0","0","0","0","0","0","0","0","0","57.21643","41.796074","15.420358","17.59295","0.687353"
"D:\HAA\dACC revisions\Run 4\Br8667_dlPFC_20x_img_006-MaxIP-Stitched_unmixed_rotated.nd2","Layer 1","dACC_v17_ FISH-IF v2.4.4","709","2683","2711","4100","4129","0","0","0","0","1","1","2471.5105","0","358.1527","0","0","0","0","0","0","0","0","0","0","0","0","0","0","0","0","0","0","0","0","103.61559","66.00834","37.607258","27.676714","0.834623"
"D:\HAA\dACC revisions\Run 4\Br8667_dlPFC_20x_img_006-MaxIP-Stitched_unmixed_rotated.nd2","Layer 1","dACC_v17_ FISH-IF v2.4.4","710","2939","2968","4105","4136","0","0","0","0","1","1","2505.4675","0","427.7328","0","0","0","0","0","0","0","0","0","0","0","0","0","0","0","0","0","0","0","0","133.67378","89.576164","44.09762","29.607647","0.799237"
"D:\HAA\dACC revisions\Run 4\Br8667_dlPFC_20x_img_006-MaxIP-Stitched_unmixed_rotated.nd2","Layer 1","dACC_v17_ FISH-IF v2.4.4","711","2899","2931","4109","4150","1","0","0","0","1","1","2429.3389","0","692.95734","0","0","0","0","0","7","7.503039","1","7888.5024","1051.3743","0","0","0","0","0","3","1.933299","0","891.02045","460.88095","181.36182","96.06653","85.29529","44.411472","0.73258"
"D:\HAA\dACC revisions\Run 4\Br8667_dlPFC_20x_img_006-MaxIP-Stitched_unmixed_rotated.nd2","Layer 1","dACC_v17_ FISH-IF v2.4.4","712","3005","3031","4115","4139","0","0","0","0","1","1","2280.6143","0","438.32578","0","0","0","0","0","0","0","0","0","0","0","0","0","0","0","0","0","0","0","0","90.12854","60.898903","29.229633","24.67304","0.711682"
"D:\HAA\dACC revisions\Run 4\Br8667_dlPFC_20x_img_006-MaxIP-Stitched_unmixed_rotated.nd2","Layer 1","dACC_v17_ FISH-IF v2.4.4","713","3026","3052","4115","4140","0","0","0","0","1","1","2707.9949","0","540.1571","0","0","0","0","0","0","0","0","0","0","0","0","0","0","0","0","0","0","0","0","87.59683","60.346535","27.250303","25.531233","0.660714"
"D:\HAA\dACC revisions\Run 4\Br8667_dlPFC_20x_img_006-MaxIP-Stitched_unmixed_rotated.nd2","Layer 1","dACC_v17_ FISH-IF v2.4.4","714","2855","2874","4123","4145","0","0","0","0","1","1","905.3736","0","219.81075","0","0","0","0","0","0","0","0","0","0","0","0","0","0","0","0","0","0","0","0","62.371895","53.994267","8.377627","13.516535","0.645725"
"D:\HAA\dACC revisions\Run 4\Br8667_dlPFC_20x_img_006-MaxIP-Stitched_unmixed_rotated.nd2","Layer 1","dACC_v17_ FISH-IF v2.4.4","715","2872","2900","4131","4155","0","0","0","0","1","1","2345.125","0","512.18805","0","0","0","0","0","0","0","0","0","0","0","0","0","0","0","0","0","0","0","0","94.6856","64.85756","29.828035","24.458492","0.710768"
"D:\HAA\dACC revisions\Run 4\Br8667_dlPFC_20x_img_006-MaxIP-Stitched_unmixed_rotated.nd2","Layer 1","dACC_v17_ FISH-IF v2.4.4","716","2887","2921","4142","4169","0","0","0","0","1","1","2531.2388","0","486.03537","0","0","0","0","0","0","0","0","0","0","0","0","0","0","0","1","1.565051","0","1037.2147","577.7692","111.25673","62.463955","48.792774","34.327705","0.704785"
"D:\HAA\dACC revisions\Run 4\Br8667_dlPFC_20x_img_006-MaxIP-Stitched_unmixed_rotated.nd2","Layer 1","dACC_v17_ FISH-IF v2.4.4","717","2922","2950","4138","4175","0","0","0","0","1","1","2549.4849","0","428.77863","0","0","0","0","0","1","0.598402","0","466.33923","779.3077","0","0","0","0","0","0","0","0","0","0","140.94667","95.652245","45.294422","33.254967","0.695347"
"D:\HAA\dACC revisions\Run 4\Br8667_dlPFC_20x_img_006-MaxIP-Stitched_unmixed_rotated.nd2","Layer 1","dACC_v17_ FISH-IF v2.4.4","718","2751","2769","4151","4170","0","0","0","0","1","1","530.9167","0","151.248","0","0","0","0","0","0","0","0","0","0","0","0","0","0","0","0","0","0","0","0","51.554626","46.03092","5.52371","9.869216","0.822042"
"D:\HAA\dACC revisions\Run 4\Br8667_dlPFC_20x_img_006-MaxIP-Stitched_unmixed_rotated.nd2","Layer 1","dACC_v17_ FISH-IF v2.4.4","719","2793","2819","3172","3192","0","0","0","0","1","1","1250.4702","0","207.3104","0","0","0","0","0","0","0","0","0","0","0","0","0","0","0","0","0","0","0","0","74.8923","60.20844","14.683863","17.59295","0.72206"
"D:\HAA\dACC revisions\Run 4\Br8667_dlPFC_20x_img_006-MaxIP-Stitched_unmixed_rotated.nd2","Layer 1","dACC_v17_ FISH-IF v2.4.4","720","2872","2899","3177","3207","0","0","0","0","1","1","3213.0889","0","386.21695","0","0","0","0","0","0","0","0","0","0","0","0","0","0","0","1","1.288866","0","737.4153","572.1429","112.499565","80.416016","32.08355","26.603973","0.77158"
"D:\HAA\dACC revisions\Run 4\Br8667_dlPFC_20x_img_006-MaxIP-Stitched_unmixed_rotated.nd2","Layer 1","dACC_v17_ FISH-IF v2.4.4","721","3021","3058","3187","3221","1","1","1","0","1","1","1611.6772","0","374.80725","0","0","0","0","0","9","11.922008","1","16578.357","1338.8737","5","3.958659","1","3052.31","771.0465","8","12.52041","1","8107.978","647.5809","166.72398","104.12193","62.602047","39.047768","0.760502"
"D:\HAA\dACC revisions\Run 4\Br8667_dlPFC_20x_img_006-MaxIP-Stitched_unmixed_rotated.nd2","Layer 1","dACC_v17_ FISH-IF v2.4.4","722","2799","2822","3190","3212","0","0","0","0","1","1","2377.203","0","337.56903","0","0","0","0","0","0","0","0","0","0","0","0","0","0","0","0","0","0","0","0","76.227196","60.346535","15.880667","17.59295","0.801768"
"D:\HAA\dACC revisions\Run 4\Br8667_dlPFC_20x_img_006-MaxIP-Stitched_unmixed_rotated.nd2","Layer 1","dACC_v17_ FISH-IF v2.4.4","723","2670","2689","3202","3222","0","0","0","0","1","1","1332.9218","0","266.07892","0","0","0","0","0","0","0","0","0","0","0","0","0","0","0","0","0","0","0","0","45.57061","37.331074","8.239534","12.229246","0.834538"
"D:\HAA\dACC revisions\Run 4\Br8667_dlPFC_20x_img_006-MaxIP-Stitched_unmixed_rotated.nd2","Layer 1","dACC_v17_ FISH-IF v2.4.4","724","2749","2785","3208","3239","1","0","1","0","1","1","1986.3087","0","554.7233","2","1.058711","0","782.2494","738.86957","30","42.762722","4","77446.33","1811.071","0","0","0","0","0","28","51.968906","3","36531.195","702.9433","159.81935","100.4855","59.33385","34.756805","0.778861"
"D:\HAA\dACC revisions\Run 4\Br8667_dlPFC_20x_img_006-MaxIP-Stitched_unmixed_rotated.nd2","Layer 1","dACC_v17_ FISH-IF v2.4.4","725","3052","3087","3229","3258","1","0","1","0","1","1","1851.1655","0","400.53708","0","0","0","0","0","10","16.893347","2","23583.158","1344.706","0","0","0","0","0","23","44.281742","3","31963.686","721.8254","148.67987","95.56019","53.11968","32.61132","0.838078"
"D:\HAA\dACC revisions\Run 4\Br8667_dlPFC_20x_img_006-MaxIP-Stitched_unmixed_rotated.nd2","Layer 1","dACC_v17_ FISH-IF v2.4.4","726","3031","3052","3229","3249","0","0","0","0","1","1","943.61664","0","187.03564","0","0","0","0","0","0","0","0","0","0","1","1.657113","0","1376.1863","830.4722","3","2.02536","0","1167.8505","539.80853","59.932255","51.64669","8.285565","13.301987","0.750219"
"D:\HAA\dACC revisions\Run 4\Br8667_dlPFC_20x_img_006-MaxIP-Stitched_unmixed_rotated.nd2","Layer 1","dACC_v17_ FISH-IF v2.4.4","727","2921","2949","3234","3258","0","0","0","0","1","1","1795.5116","0","240.92075","0","0","0","0","0","0","0","0","0","0","0","0","0","0","0","0","0","0","0","0","98.27601","74.339935","23.936077","22.31301","0.7027"
"D:\HAA\dACC revisions\Run 4\Br8667_dlPFC_20x_img_006-MaxIP-Stitched_unmixed_rotated.nd2","Layer 1","dACC_v17_ FISH-IF v2.4.4","728","2960","2995","3248","3273","0","0","0","0","1","1","2977.3184","0","401.93387","0","0","0","0","0","0","0","0","0","0","0","0","0","0","0","0","0","0","0","0","124.145386","86.998436","37.14695","28.749454","0.678617"
"D:\HAA\dACC revisions\Run 4\Br8667_dlPFC_20x_img_006-MaxIP-Stitched_unmixed_rotated.nd2","Layer 1","dACC_v17_ FISH-IF v2.4.4","729","3026","3050","3259","3287","0","0","0","0","1","1","3400.2646","0","455.21036","1","0.552371","0","440.74603","797.9167","0","0","0","0","0","0","0","0","0","0","1","2.071391","0","1306.3574","630.6667","92.56818","60.392563","32.17561","25.102137","0.886105"
"D:\HAA\dACC revisions\Run 4\Br8667_dlPFC_20x_img_006-MaxIP-Stitched_unmixed_rotated.nd2","Layer 1","dACC_v17_ FISH-IF v2.4.4","730","2697","2716","3262","3281","0","0","0","0","1","1","403.46826","0","146.63455","0","0","0","0","0","0","0","0","0","0","0","0","0","0","0","0","0","0","0","0","52.15303","46.353134","5.799896","9.869216","0.859498"
"D:\HAA\dACC revisions\Run 4\Br8667_dlPFC_20x_img_006-MaxIP-Stitched_unmixed_rotated.nd2","Layer 1","dACC_v17_ FISH-IF v2.4.4","731","3008","3034","3266","3294","0","0","0","0","1","1","3360.7625","0","440.89243","0","0","0","0","0","0","0","0","0","0","0","0","0","0","0","0","0","0","0","0","92.84436","62.049675","30.794683","26.174877","0.758985"
"D:\HAA\dACC revisions\Run 4\Br8667_dlPFC_20x_img_006-MaxIP-Stitched_unmixed_rotated.nd2","Layer 1","dACC_v17_ FISH-IF v2.4.4","732","2984","3002","3270","3286","0","0","0","0","1","1","638.70966","0","172.61768","0","0","0","0","0","0","0","0","0","0","2","1.657113","0","1643.1656","991.5833","0","0","0","0","0","42.946846","40.09293","2.853917","6.865541","0.721416"
"D:\HAA\dACC revisions\Run 4\Br8667_dlPFC_20x_img_006-MaxIP-Stitched_unmixed_rotated.nd2","Layer 1","dACC_v17_ FISH-IF v2.4.4","733","2774","2804","3303","3326","0","0","0","0","1","1","3528.512","0","431.25797","0","0","0","0","0","0","0","0","0","0","0","0","0","0","0","1","0.644433","0","289.16623","448.7143","87.13653","56.387875","30.748653","25.74578","0.65141"
"D:\HAA\dACC revisions\Run 4\Br8667_dlPFC_20x_img_006-MaxIP-Stitched_unmixed_rotated.nd2","Layer 1","dACC_v17_ FISH-IF v2.4.4","734","2734","2760","3308","3328","0","0","0","0","1","1","2759.2415","0","319.3784","0","0","0","0","0","0","0","0","0","0","0","0","0","0","0","0","0","0","0","0","80.922356","64.71947","16.202883","17.59295","0.743575"
"D:\HAA\dACC revisions\Run 4\Br8667_dlPFC_20x_img_006-MaxIP-Stitched_unmixed_rotated.nd2","Layer 1","dACC_v17_ FISH-IF v2.4.4","735","2782","2805","3320","3344","0","0","0","0","1","1","2424.2302","0","661.4702","0","0","0","0","0","0","0","0","0","0","0","0","0","0","0","0","0","0","0","0","70.84158","38.66597","32.17561","24.887589","0.736458"
"D:\HAA\dACC revisions\Run 4\Br8667_dlPFC_20x_img_006-MaxIP-Stitched_unmixed_rotated.nd2","Layer 1","dACC_v17_ FISH-IF v2.4.4","736","2852","2888","3318","3349","0","0","0","0","1","1","2446.2964","0","396.9367","0","0","0","0","0","0","0","0","0","0","0","0","0","0","0","1","1.242835","0","686.5051","552.37036","149.55444","98.92044","50.63401","37.331383","0.603218"
"D:\HAA\dACC revisions\Run 4\Br8667_dlPFC_20x_img_006-MaxIP-Stitched_unmixed_rotated.nd2","Layer 1","dACC_v17_ FISH-IF v2.4.4","737","2802","2827","3319","3347","0","0","0","0","1","1","3064.6968","0","418.25424","0","0","0","0","0","0","0","0","0","0","0","0","0","0","0","0","0","0","0","0","102.97116","65.17978","37.79138","27.891262","0.784524"
"D:\HAA\dACC revisions\Run 4\Br8667_dlPFC_20x_img_006-MaxIP-Stitched_unmixed_rotated.nd2","Layer 1","dACC_v17_ FISH-IF v2.4.4","738","2835","2863","3338","3361","0","0","0","0","1","1","1654.0895","0","278.055","0","0","0","0","0","0","0","0","0","0","0","0","0","0","0","0","0","0","0","0","88.93173","65.27184","23.659891","21.454817","0.744057"
"D:\HAA\dACC revisions\Run 4\Br8667_dlPFC_20x_img_006-MaxIP-Stitched_unmixed_rotated.nd2","Layer 1","dACC_v17_ FISH-IF v2.4.4","739","2797","2815","3355","3371","0","0","0","0","1","1","375.86566","0","183.30612","1","2.347577","0","2728.9429","956.20966","0","0","0","0","0","0","0","0","0","0","1","0.460309","0","244.37814","530.9","41.427826","38.343754","3.084071","7.294638","0.783629"
"D:\HAA\dACC revisions\Run 4\Br8667_dlPFC_20x_img_006-MaxIP-Stitched_unmixed_rotated.nd2","Layer 1","dACC_v17_ FISH-IF v2.4.4","740","2864","2886","3359","3379","0","0","0","0","1","1","999.3271","0","194.5399","0","0","0","0","0","2","2.02536","0","1989.7784","982.4318","2","1.795206","0","1966.6709","1095.5128","1","0.644433","0","291.28366","452","64.075035","54.224422","9.850616","13.301987","0.803727"
"D:\HAA\dACC revisions\Run 4\Br8667_dlPFC_20x_img_006-MaxIP-Stitched_unmixed_rotated.nd2","Layer 1","dACC_v17_ FISH-IF v2.4.4","741","2804","2825","3368","3386","0","0","0","0","1","1","652.32825","0","198.1377","0","0","0","0","0","0","0","0","0","0","0","0","0","0","0","1","0.966649","0","500.35608","517.619","53.16571","47.13566","6.03005","11.156505","0.65864"
"D:\HAA\dACC revisions\Run 4\Br8667_dlPFC_20x_img_006-MaxIP-Stitched_unmixed_rotated.nd2","Layer 1","dACC_v17_ FISH-IF v2.4.4","742","2762","2783","3371","3394","0","0","0","0","1","1","595.37256","0","179.07222","1","1.242835","0","1131.8082","910.6667","1","1.288866","0","1788.4852","1387.6428","0","0","0","0","0","3","1.887268","0","1098.0215","477.08","69.73684","57.998955","11.737884","15.876565","0.735017"
"D:\HAA\dACC revisions\Run 4\Br8667_dlPFC_20x_img_006-MaxIP-Stitched_unmixed_rotated.nd2","Layer 1","dACC_v17_ FISH-IF v2.4.4","743","2785","2816","3383","3414","0","0","0","0","1","1","2212.983","0","496.95053","0","0","0","0","0","0","0","0","0","0","1","0.50634","0","591.86554","756.35297","3","4.326906","0","2545.0493","588.19147","132.29286","89.34601","42.946846","30.46584","0.803097"
"D:\HAA\dACC revisions\Run 4\Br8667_dlPFC_20x_img_006-MaxIP-Stitched_unmixed_rotated.nd2","Layer 1","dACC_v17_ FISH-IF v2.4.4","744","2854","2874","3384","3403","0","0","0","0","1","1","581.351","0","149.09692","0","0","0","0","0","1","0.598402","0","403.13876","673.6923","0","0","0","0","0","1","2.393608","0","1528.3185","638.5","56.341843","49.391174","6.950668","11.585601","0.769506"
"D:\HAA\dACC revisions\Run 4\Br8667_dlPFC_20x_img_006-MaxIP-Stitched_unmixed_rotated.nd2","Layer 1","dACC_v17_ FISH-IF v2.4.4","745","2668","2703","3392","3426","0","0","1","0","1","1","1481.4701","0","380.83228","3","2.577731","0","2099.332","814.4107","0","0","0","0","0","0","0","0","0","0","7","7.687163","1","4225.408","524.54285","176.5746","108.126625","68.447975","37.331383","0.758928"
"D:\HAA\dACC revisions\Run 4\Br8667_dlPFC_20x_img_006-MaxIP-Stitched_unmixed_rotated.nd2","Layer 1","dACC_v17_ FISH-IF v2.4.4","746","2773","2792","3430","3454","0","0","0","0","1","1","1509.189","0","224.6892","0","0","0","0","0","0","0","0","0","0","0","0","0","0","0","0","0","0","0","0","65.82421","55.835503","9.988709","14.160179","0.700132"
"D:\HAA\dACC revisions\Run 4\Br8667_dlPFC_20x_img_006-MaxIP-Stitched_unmixed_rotated.nd2","Layer 1","dACC_v17_ FISH-IF v2.4.4","747","2772","2792","3456","3478","0","0","0","0","1","1","2347.1116","0","329.45602","0","0","0","0","0","0","0","0","0","0","0","0","0","0","0","1","0.966649","0","440.65396","455.85715","64.075035","51.278442","12.796595","16.091112","0.761131"
"D:\HAA\dACC revisions\Run 4\Br8667_dlPFC_20x_img_006-MaxIP-Stitched_unmixed_rotated.nd2","Layer 1","dACC_v17_ FISH-IF v2.4.4","748","2751","2773","3457","3479","0","0","0","0","1","1","2138.0457","0","291.00763","0","0","0","0","0","0","0","0","0","0","0","0","0","0","0","0","0","0","0","0","67.435295","54.316483","13.118812","17.59295","0.646503"
"D:\HAA\dACC revisions\Run 4\Br8667_dlPFC_20x_img_006-MaxIP-Stitched_unmixed_rotated.nd2","Layer 1","dACC_v17_ FISH-IF v2.4.4","749","2725","2760","3503","3540","1","0","0","1","1","1","2148.9934","0","567.99286","4","5.293556","1","4785.006","903.9304","25","27.940767","3","60823.414","2176.8699","1","0.644433","0","1120.945","1014.6667","0","0","0","0","0","172.70801","109.645645","63.06236","39.90596","0.723299"
"D:\HAA\dACC revisions\Run 4\Br8667_dlPFC_20x_img_006-MaxIP-Stitched_unmixed_rotated.nd2","Layer 1","dACC_v17_ FISH-IF v2.4.4","750","2710","2740","3545","3571","0","0","0","0","1","1","1690.0623","0","258.57635","0","0","0","0","0","0","0","0","0","0","0","0","0","0","0","0","0","0","0","0","104.99652","79.86364","25.132881","26.603973","0.586887"
"D:\HAA\dACC revisions\Run 4\Br8667_dlPFC_20x_img_006-MaxIP-Stitched_unmixed_rotated.nd2","Layer 1","dACC_v17_ FISH-IF v2.4.4","751","1668","1689","2399","2420","0","0","0","0","1","1","649.2","0","141.58058","0","0","0","0","0","0","0","0","0","0","0","0","0","0","0","0","0","0","0","0","61.865555","53.11968","8.745874","13.731083","0.740565"
"D:\HAA\dACC revisions\Run 4\Br8667_dlPFC_20x_img_006-MaxIP-Stitched_unmixed_rotated.nd2","Layer 1","dACC_v17_ FISH-IF v2.4.4","752","1808","1830","2406","2426","0","0","0","0","1","1","1558.1182","0","202.78372","0","0","0","0","0","0","0","0","0","0","0","0","0","0","0","0","0","0","0","0","64.397255","54.27045","10.126801","13.301987","0.855136"
"D:\HAA\dACC revisions\Run 4\Br8667_dlPFC_20x_img_006-MaxIP-Stitched_unmixed_rotated.nd2","Layer 1","dACC_v17_ FISH-IF v2.4.4","753","1832","1868","2411","2438","0","0","0","0","1","1","2089.9438","0","338.17505","0","0","0","0","0","0","0","0","0","0","0","0","0","0","0","0","0","0","0","0","142.46568","94.133224","48.332462","31.75313","0.757501"
"D:\HAA\dACC revisions\Run 4\Br8667_dlPFC_20x_img_006-MaxIP-Stitched_unmixed_rotated.nd2","Layer 1","dACC_v17_ FISH-IF v2.4.4","754","1792","1812","2420","2439","0","0","0","0","1","1","1747.9467","0","194.66414","0","0","0","0","0","0","0","0","0","0","0","0","0","0","0","0","0","0","0","0","55.55932","48.65468","6.904638","10.727408","0.851379"
"D:\HAA\dACC revisions\Run 4\Br8667_dlPFC_20x_img_006-MaxIP-Stitched_unmixed_rotated.nd2","Layer 1","dACC_v17_ FISH-IF v2.4.4","755","1772","1791","2430","2450","0","0","0","0","1","1","1040.3462","0","179.24036","0","0","0","0","0","0","0","0","0","0","0","0","0","0","0","0","0","0","0","0","59.7021","51.324474","8.377627","12.014698","0.820701"
"D:\HAA\dACC revisions\Run 4\Br8667_dlPFC_20x_img_006-MaxIP-Stitched_unmixed_rotated.nd2","Layer 1","dACC_v17_ FISH-IF v2.4.4","756","1686","1716","2478","2514","0","0","0","0","1","1","2601.6553","0","376.52576","3","5.707834","0","6864.1304","1202.5807","0","0","0","0","0","0","0","0","0","0","0","0","0","0","0","131.18811","94.73163","36.456486","33.89861","0.569086"
"D:\HAA\dACC revisions\Run 4\Br8667_dlPFC_20x_img_006-MaxIP-Stitched_unmixed_rotated.nd2","Layer 1","dACC_v17_ FISH-IF v2.4.4","757","1468","1499","2497","2525","0","0","0","1","1","1","1862.8821","0","245.59103","23","47.227722","3","129084.734","2733.2407","0","0","0","0","0","0","0","0","0","0","0","0","0","0","0","126.26281","87.22859","39.034218","28.320358","0.739501"
"D:\HAA\dACC revisions\Run 4\Br8667_dlPFC_20x_img_006-MaxIP-Stitched_unmixed_rotated.nd2","Layer 1","dACC_v17_ FISH-IF v2.4.4","758","1795","1833","2502","2548","0","0","0","1","1","1","1934.7976","0","432.83752","5","8.791905","1","12731.691","1448.1152","0","0","0","0","0","0","0","0","0","0","0","0","0","0","0","239.49887","131.4643","108.03456","61.360775","0.703183"
"D:\HAA\dACC revisions\Run 4\Br8667_dlPFC_20x_img_006-MaxIP-Stitched_unmixed_rotated.nd2","Layer 1","dACC_v17_ FISH-IF v2.4.4","759","1829","1857","2507","2539","0","0","0","1","1","1","1755.766","0","509.34796","10","23.337675","2","45386.023","1944.7534","0","0","0","0","0","2","1.749175","0","1427.925","816.3421","0","0","0","0","0","121.24544","76.59544","44.64999","38.40412","0.707694"
"D:\HAA\dACC revisions\Run 4\Br8667_dlPFC_20x_img_006-MaxIP-Stitched_unmixed_rotated.nd2","Layer 1","dACC_v17_ FISH-IF v2.4.4","760","1846","1871","2526","2557","0","0","0","1","1","1","2112.8572","0","437.93182","13","26.55984","2","58312.426","2195.5112","0","0","0","0","0","2","1.51902","0","1072.1521","705.8182","0","0","0","0","0","104.582245","74.93833","29.643911","26.174877","0.720295"
"D:\HAA\dACC revisions\Run 4\Br8667_dlPFC_20x_img_006-MaxIP-Stitched_unmixed_rotated.nd2","Layer 1","dACC_v17_ FISH-IF v2.4.4","761","1575","1596","2527","2550","0","0","0","0","1","1","1530.4042","0","202.5036","3","10.03474","0","20936.059","2086.358","0","0","0","0","0","0","0","0","0","0","0","0","0","0","0","68.54004","57.492615","11.047421","15.447468","0.685677"
"D:\HAA\dACC revisions\Run 4\Br8667_dlPFC_20x_img_006-MaxIP-Stitched_unmixed_rotated.nd2","Layer 1","dACC_v17_ FISH-IF v2.4.4","762","1778","1795","2527","2545","0","0","0","0","1","1","357.90805","0","132.4962","0","0","0","0","0","0","0","0","0","0","0","0","0","0","0","0","0","0","0","0","46.399166","42.394474","4.00469","7.938282","0.850417"
"D:\HAA\dACC revisions\Run 4\Br8667_dlPFC_20x_img_006-MaxIP-Stitched_unmixed_rotated.nd2","Layer 1","dACC_v17_ FISH-IF v2.4.4","763","1603","1623","2538","2556","0","0","0","0","1","1","1098.8539","0","161.71584","0","0","0","0","0","0","0","0","0","0","0","0","0","0","0","0","0","0","0","0","52.797462","46.813442","5.984019","10.298312","0.852581"
"D:\HAA\dACC revisions\Run 4\Br8667_dlPFC_20x_img_006-MaxIP-Stitched_unmixed_rotated.nd2","Layer 1","dACC_v17_ FISH-IF v2.4.4","764","1789","1818","2558","2586","0","0","0","0","1","1","2803.6104","0","535.40704","0","0","0","0","0","0","0","0","0","0","0","0","0","0","0","0","0","0","0","0","121.42956","82.21122","39.21834","27.891262","0.794884"
"D:\HAA\dACC revisions\Run 4\Br8667_dlPFC_20x_img_006-MaxIP-Stitched_unmixed_rotated.nd2","Layer 1","dACC_v17_ FISH-IF v2.4.4","765","1849","1879","2559","2594","0","0","0","0","1","1","2462.7473","0","400.29785","0","0","0","0","0","0","0","0","0","0","0","0","0","0","0","0","0","0","0","0","131.69446","93.81101","37.883446","33.469513","0.588284"
"D:\HAA\dACC revisions\Run 4\Br8667_dlPFC_20x_img_006-MaxIP-Stitched_unmixed_rotated.nd2","Layer 1","dACC_v17_ FISH-IF v2.4.4","766","1652","1683","2562","2587","0","0","0","0","1","1","2154.5261","0","386.70978","2","2.301546","0","2030.6079","882.28","1","0.322216","0","200.14243","621.1429","0","0","0","0","0","0","0","0","0","0","102.556885","78.66684","23.890047","25.74578","0.586876"
"D:\HAA\dACC revisions\Run 4\Br8667_dlPFC_20x_img_006-MaxIP-Stitched_unmixed_rotated.nd2","Layer 1","dACC_v17_ FISH-IF v2.4.4","767","1817","1831","2572","2587","0","0","0","0","1","1","1492.0834","0","460.773","0","0","0","0","0","0","0","0","0","0","0","0","0","0","0","0","0","0","0","0","31.1169","30.012157","1.104742","3.861867","0.800611"
"D:\HAA\dACC revisions\Run 4\Br8667_dlPFC_20x_img_006-MaxIP-Stitched_unmixed_rotated.nd2","Layer 1","dACC_v17_ FISH-IF v2.4.4","768","1558","1580","2584","2608","0","0","0","1","1","1","1480.5946","0","255.38898","6","19.747263","1","38025.543","1925.6107","0","0","0","0","0","0","0","0","0","0","0","0","0","0","0","80.46204","63.430603","17.031439","18.451143","0.782582"
"D:\HAA\dACC revisions\Run 4\Br8667_dlPFC_20x_img_006-MaxIP-Stitched_unmixed_rotated.nd2","Layer 1","dACC_v17_ FISH-IF v2.4.4","769","1724","1759","2586","2622","0","0","0","1","1","1","1820.6991","0","361.07397","5","3.222164","1","2704.1323","839.2286","0","0","0","0","0","3","2.853917","0","2260.4863","792.0645","1","1.01268","0","573.95953","566.7727","169.90012","106.423485","63.476635","38.189575","0.789696"
"D:\HAA\dACC revisions\Run 4\Br8667_dlPFC_20x_img_006-MaxIP-Stitched_unmixed_rotated.nd2","Layer 1","dACC_v17_ FISH-IF v2.4.4","770","1579","1606","2586","2611","0","0","0","0","1","1","2340.265","0","450.30167","0","0","0","0","0","0","0","0","0","0","0","0","0","0","0","0","0","0","0","0","89.43807","69.27653","20.161541","24.029396","0.564631"
"D:\HAA\dACC revisions\Run 4\Br8667_dlPFC_20x_img_006-MaxIP-Stitched_unmixed_rotated.nd2","Layer 1","dACC_v17_ FISH-IF v2.4.4","771","1698","1720","2591","2616","0","0","0","0","1","1","2121.2808","0","289.2964","2","1.565051","0","1270.6835","811.91174","0","0","0","0","0","0","0","0","0","0","0","0","0","0","0","79.587456","63.522667","16.06479","18.022047","0.767129"
"D:\HAA\dACC revisions\Run 4\Br8667_dlPFC_20x_img_006-MaxIP-Stitched_unmixed_rotated.nd2","Layer 1","dACC_v17_ FISH-IF v2.4.4","772","1555","1590","2605","2633","0","0","0","0","1","1","3430.6191","0","525.2447","0","0","0","0","0","0","0","0","0","0","0","0","0","0","0","0","0","0","0","0","122.44224","86.538124","35.904114","32.61132","0.539641"
"D:\HAA\dACC revisions\Run 4\Br8667_dlPFC_20x_img_006-MaxIP-Stitched_unmixed_rotated.nd2","Layer 1","dACC_v17_ FISH-IF v2.4.4","773","1732","1751","2640","2659","0","0","0","0","1","1","796.46564","0","142.68959","0","0","0","0","0","0","0","0","0","0","0","0","0","0","0","0","0","0","0","0","52.889523","46.859474","6.03005","9.869216","0.882868"
"D:\HAA\dACC revisions\Run 4\Br8667_dlPFC_20x_img_006-MaxIP-Stitched_unmixed_rotated.nd2","Layer 1","dACC_v17_ FISH-IF v2.4.4","774","1836","1863","2652","2687","0","0","0","0","1","1","2011.4379","0","361.18622","0","0","0","0","0","0","0","0","0","0","0","0","0","0","0","0","0","0","0","0","134.04204","91.46343","42.578598","30.894936","0.72514"
"D:\HAA\dACC revisions\Run 4\Br8667_dlPFC_20x_img_006-MaxIP-Stitched_unmixed_rotated.nd2","Layer 1","dACC_v17_ FISH-IF v2.4.4","775","1577","1596","2660","2681","0","0","0","0","1","1","644.5909","0","158.23126","0","0","0","0","0","0","0","0","0","0","0","0","0","0","0","0","0","0","0","0","56.848183","49.759422","7.088761","11.585601","0.746126"
"D:\HAA\dACC revisions\Run 4\Br8667_dlPFC_20x_img_006-MaxIP-Stitched_unmixed_rotated.nd2","Layer 1","dACC_v17_ FISH-IF v2.4.4","776","1761","1780","2690","2709","0","0","0","0","1","1","723.05554","0","152.3267","0","0","0","0","0","0","0","0","0","0","0","0","0","0","0","0","0","0","0","0","52.15303","46.353134","5.799896","10.298312","0.871023"
"D:\HAA\dACC revisions\Run 4\Br8667_dlPFC_20x_img_006-MaxIP-Stitched_unmixed_rotated.nd2","Layer 1","dACC_v17_ FISH-IF v2.4.4","777","1688","1711","2695","2718","0","0","0","0","1","1","2776.2686","0","443.23666","0","0","0","0","0","0","0","0","0","0","0","0","0","0","0","0","0","0","0","0","80.46204","61.26715","19.194893","19.738432","0.74097"
"D:\HAA\dACC revisions\Run 4\Br8667_dlPFC_20x_img_006-MaxIP-Stitched_unmixed_rotated.nd2","Layer 1","dACC_v17_ FISH-IF v2.4.4","778","1462","1500","2707","2736","0","0","0","1","1","1","1950.6434","0","495.70932","21","39.72468","3","107237.95","2699.5295","0","0","0","0","0","0","0","0","0","0","0","0","0","0","0","152.1782","91.37137","60.806843","38.61867","0.672743"
"D:\HAA\dACC revisions\Run 4\Br8667_dlPFC_20x_img_006-MaxIP-Stitched_unmixed_rotated.nd2","Layer 1","dACC_v17_ FISH-IF v2.4.4","779","1498","1520","2713","2734","0","0","0","0","1","1","2777.7053","0","380.54388","0","0","0","0","0","0","0","0","0","0","1","0.782526","0","605.7208","774.05884","0","0","0","0","0","73.28122","52.981586","20.299635","20.167528","0.687558"
"D:\HAA\dACC revisions\Run 4\Br8667_dlPFC_20x_img_006-MaxIP-Stitched_unmixed_rotated.nd2","Layer 1","dACC_v17_ FISH-IF v2.4.4","780","1647","1670","2715","2736","0","0","0","1","1","1","1010.09827","0","177.3268","12","22.371025","2","50853.53","2273.1873","0","0","0","0","0","0","0","0","0","0","0","0","0","0","0","71.85426","58.73545","13.118812","15.447468","0.847918"
"D:\HAA\dACC revisions\Run 4\Br8667_dlPFC_20x_img_006-MaxIP-Stitched_unmixed_rotated.nd2","Layer 1","dACC_v17_ FISH-IF v2.4.4","781","1693","1723","2717","2744","0","0","0","0","1","1","3010.3054","0","559.46826","1","0.828557","0","705.2857","851.2222","0","0","0","0","0","0","0","0","0","0","0","0","0","0","0","114.75507","79.03509","35.719994","27.891262","0.74235"
"D:\HAA\dACC revisions\Run 4\Br8667_dlPFC_20x_img_006-MaxIP-Stitched_unmixed_rotated.nd2","Layer 1","dACC_v17_ FISH-IF v2.4.4","782","1726","1741","2740","2753","0","0","0","0","1","1","767.5417","0","178.57684","2","4.142783","0","4003.0789","966.2778","0","0","0","0","0","0","0","0","0","0","0","0","0","0","0","25.270973","23.06149","2.209484","6.436445","0.684916"
"D:\HAA\dACC revisions\Run 4\Br8667_dlPFC_20x_img_006-MaxIP-Stitched_unmixed_rotated.nd2","Layer 1","dACC_v17_ FISH-IF v2.4.4","783","1734","1747","2748","2762","0","0","0","0","1","1","713.1724","0","220.5","1","0.644433","0","667.7705","1036.2142","0","0","0","0","0","0","0","0","0","0","0","0","0","0","0","20.713913","18.044119","2.669793","6.436445","0.804417"
"D:\HAA\dACC revisions\Run 4\Br8667_dlPFC_20x_img_006-MaxIP-Stitched_unmixed_rotated.nd2","Layer 1","dACC_v17_ FISH-IF v2.4.4","784","1708","1740","2750","2769","0","0","0","1","1","1","771.1444","0","128.22331","9","22.601181","1","46381.168","2052.1567","0","0","0","0","0","1","0.50634","0","342.8383","677.0909","0","0","0","0","0","86.90637","65.54803","21.358345","23.171202","0.550485"
"D:\HAA\dACC revisions\Run 4\Br8667_dlPFC_20x_img_006-MaxIP-Stitched_unmixed_rotated.nd2","Layer 1","dACC_v17_ FISH-IF v2.4.4","785","3524","3548","2804","2830","1","0","0","0","1","1","3423.2542","0","581.80585","0","0","0","0","0","4","5.891957","1","7399.2856","1236.5077","2","1.841237","0","1425.8076","774.375","2","1.51902","0","813.73456","535.69696","96.987144","66.37658","30.61056","25.74578","0.780113"
"D:\HAA\dACC revisions\Run 4\Br8667_dlPFC_20x_img_006-MaxIP-Stitched_unmixed_rotated.nd2","Layer 1","dACC_v17_ FISH-IF v2.4.4","786","3548","3575","2805","2834","1","1","1","0","1","1","1884.9495","0","495.41727","0","0","0","0","0","15","21.864685","3","28669.16","1311.2084","9","8.147472","1","6027.058","739.7458","6","9.390307","1","5101.3765","543.2598","116.08997","75.12246","40.967518","30.036743","0.82695"
"D:\HAA\dACC revisions\Run 4\Br8667_dlPFC_20x_img_006-MaxIP-Stitched_unmixed_rotated.nd2","Layer 1","dACC_v17_ FISH-IF v2.4.4","787","3540","3568","2880","2915","0","0","0","0","1","1","2816.898","0","662.6474","0","0","0","0","0","0","0","0","0","0","1","0.966649","0","778.24475","805.0952","0","0","0","0","0","139.98003","98.04585","41.934166","34.756805","0.613618"
"D:\HAA\dACC revisions\Run 4\Br8667_dlPFC_20x_img_006-MaxIP-Stitched_unmixed_rotated.nd2","Layer 1","dACC_v17_ FISH-IF v2.4.4","788","3569","3604","2894","2925","0","1","0","1","1","1","1394.5736","0","293.88","12","29.689941","2","39474.55","1329.5597","0","0","0","0","0","9","8.699843","1","8144.388","936.15344","0","0","0","0","0","147.29893","96.664925","50.63401","35.1859","0.800784"
"D:\HAA\dACC revisions\Run 4\Br8667_dlPFC_20x_img_006-MaxIP-Stitched_unmixed_rotated.nd2","Layer 1","dACC_v17_ FISH-IF v2.4.4","789","3733","3752","2917","2939","0","0","0","0","1","1","1131.3663","0","237.96153","0","0","0","0","0","0","0","0","0","0","1","0.736495","0","539.2982","732.25","1","1.058711","0","591.86554","559.04346","60.944935","50.265762","10.679173","13.945631","0.871305"
"D:\HAA\dACC revisions\Run 4\Br8667_dlPFC_20x_img_006-MaxIP-Stitched_unmixed_rotated.nd2","Layer 1","dACC_v17_ FISH-IF v2.4.4","790","3531","3566","2919","2951","1","0","0","0","1","1","1142.7942","0","352.81525","1","1.242835","0","1043.1527","839.3333","30","35.67396","4","60101.004","1669.6497","3","2.393608","0","2266.5164","946.9039","2","1.288866","0","805.1268","485.8611","158.76064","100.16328","58.59736","35.614998","0.791891"
"D:\HAA\dACC revisions\Run 4\Br8667_dlPFC_20x_img_006-MaxIP-Stitched_unmixed_rotated.nd2","Layer 1","dACC_v17_ FISH-IF v2.4.4","791","3751","3781","2919","2944","0","1","0","1","1","1","1739.0425","0","272.74292","5","13.118812","1","14087.992","1073.8772","0","0","0","0","0","4","3.038041","1","2309.8774","760.3182","0","0","0","0","0","107.71235","76.27323","31.439117","25.531233","0.731356"
"D:\HAA\dACC revisions\Run 4\Br8667_dlPFC_20x_img_006-MaxIP-Stitched_unmixed_rotated.nd2","Layer 1","dACC_v17_ FISH-IF v2.4.4","792","3779","3806","2952","2986","0","0","0","0","1","1","2072.6409","0","368.05","0","0","0","0","0","0","0","0","0","0","1","0.50634","0","620.2206","898.26666","0","0","0","0","0","121.65971","86.538124","35.12159","29.17855","0.673586"
"D:\HAA\dACC revisions\Run 4\Br8667_dlPFC_20x_img_006-MaxIP-Stitched_unmixed_rotated.nd2","Layer 1","dACC_v17_ FISH-IF v2.4.4","793","3472","3501","2962","2993","0","0","0","0","1","1","1771.5541","0","583.9989","0","0","0","0","0","1","0.322216","0","217.40402","674.7143","0","0","0","0","0","0","0","0","0","0","126.95327","85.663536","41.289734","33.469513","0.677586"
"D:\HAA\dACC revisions\Run 4\Br8667_dlPFC_20x_img_006-MaxIP-Stitched_unmixed_rotated.nd2","Layer 1","dACC_v17_ FISH-IF v2.4.4","794","3851","3871","2962","2980","0","0","0","0","1","1","808.03546","0","187.06067","1","1.426958","0","1219.359","854.5161","0","0","0","0","0","0","0","0","0","0","0","0","0","0","0","52.01494","45.52458","6.490359","10.727408","0.751359"
"D:\HAA\dACC revisions\Run 4\Br8667_dlPFC_20x_img_006-MaxIP-Stitched_unmixed_rotated.nd2","Layer 1","dACC_v17_ FISH-IF v2.4.4","795","3684","3720","2964","2988","1","1","0","0","1","1","2101.8809","0","335.91562","1","2.02536","0","3165.5923","1562.9773","4","4.234844","1","3815.2266","900.913","8","7.364947","1","6221.769","844.78125","2","2.761855","0","1433.4027","519","123.22477","83.454056","39.770714","29.17855","0.688292"
"D:\HAA\dACC revisions\Run 4\Br8667_dlPFC_20x_img_006-MaxIP-Stitched_unmixed_rotated.nd2","Layer 1","dACC_v17_ FISH-IF v2.4.4","796","3705","3741","2972","3005","1","1","1","0","1","1","1005.5856","0","366.29327","0","0","0","0","0","16","20.483759","3","26723.434","1304.6157","14","12.382317","2","11524.623","930.73236","8","13.164843","1","7387.824","561.17834","156.96542","100.76168","56.20375","36.687737","0.681887"
"D:\HAA\dACC revisions\Run 4\Br8667_dlPFC_20x_img_006-MaxIP-Stitched_unmixed_rotated.nd2","Layer 1","dACC_v17_ FISH-IF v2.4.4","797","3664","3694","2978","3006","0","0","0","1","1","1","2050.324","0","327.71255","7","22.417057","1","36742.156","1639.0267","0","0","0","0","0","3","2.02536","0","1575.8684","778.0682","3","3.038041","0","1592.3015","524.1212","116.41219","79.909676","36.502518","26.603973","0.897826"
"D:\HAA\dACC revisions\Run 4\Br8667_dlPFC_20x_img_006-MaxIP-Stitched_unmixed_rotated.nd2","Layer 1","dACC_v17_ FISH-IF v2.4.4","798","3849","3877","2980","3009","0","0","0","1","1","1","1689.6719","0","264.08075","9","20.161541","1","25420.574","1260.8447","0","0","0","0","0","2","1.565051","0","1040.9893","665.14703","1","0.368247","0","157.33368","427.25","117.28678","81.52075","35.76602","27.03307","0.739335"
"D:\HAA\dACC revisions\Run 4\Br8667_dlPFC_20x_img_006-MaxIP-Stitched_unmixed_rotated.nd2","Layer 1","dACC_v17_ FISH-IF v2.4.4","799","3516","3535","2987","3007","0","0","0","0","1","1","781.43335","0","167.53113","0","0","0","0","0","1","0.736495","0","539.5284","732.5625","0","0","0","0","0","0","0","0","0","0","55.69741","48.792774","6.904638","11.156505","0.861274"
"D:\HAA\dACC revisions\Run 4\Br8667_dlPFC_20x_img_006-MaxIP-Stitched_unmixed_rotated.nd2","Layer 1","dACC_v17_ FISH-IF v2.4.4","800","3744","3763","3025","3044","0","0","0","0","1","1","422.7227","0","161.58871","1","0.50634","0","396.97064","784","1","0.782526","0","544.82196","696.2353","0","0","0","0","0","1","0.322216","0","141.77522","440","51.14035","45.66267","5.477679","9.44012","0.869639"
"D:\HAA\dACC revisions\Run 4\Br8667_dlPFC_20x_img_006-MaxIP-Stitched_unmixed_rotated.nd2","Layer 1","dACC_v17_ FISH-IF v2.4.4","801","3610","3635","3028","3055","0","0","0","1","1","1","2245.0498","0","317.53262","7","20.529789","1","31734.268","1545.7668","0","0","0","0","0","1","0.920618","0","616.6302","669.8","0","0","0","0","0","97.677605","72.682816","24.99479","21.454817","0.832552"
"D:\HAA\dACC revisions\Run 4\Br8667_dlPFC_20x_img_006-MaxIP-Stitched_unmixed_rotated.nd2","Layer 1","dACC_v17_ FISH-IF v2.4.4","802","3481","3501","3029","3050","0","0","0","0","1","1","813.46356","0","173.07054","3","3.268195","0","2801.6719","857.25354","0","0","0","0","0","0","0","0","0","0","0","0","0","0","0","61.036995","52.19906","8.837936","12.87289","0.826869"
"D:\HAA\dACC revisions\Run 4\Br8667_dlPFC_20x_img_006-MaxIP-Stitched_unmixed_rotated.nd2","Layer 1","dACC_v17_ FISH-IF v2.4.4","803","3735","3768","3059","3090","1","1","1","1","1","1","2460.6733","0","478.09665","7","20.345665","1","42140.707","2071.2375","7","9.06809","1","10931.975","1205.5431","8","5.984019","1","5833.636","974.8692","4","4.649123","1","2500.7217","537.8911","139.0594","83.8223","55.237103","33.89861","0.854886"
"D:\HAA\dACC revisions\Run 4\Br8667_dlPFC_20x_img_006-MaxIP-Stitched_unmixed_rotated.nd2","Layer 1","dACC_v17_ FISH-IF v2.4.4","804","3680","3714","3069","3095","0","0","0","0","1","1","1387.4786","0","326.61642","0","0","0","0","0","1","0.460309","0","327.18777","710.8","0","0","0","0","0","1","1.150773","0","693.54785","602.68","135.37692","91.32534","44.051586","29.607647","0.770418"
"D:\HAA\dACC revisions\Run 4\Br8667_dlPFC_20x_img_006-MaxIP-Stitched_unmixed_rotated.nd2","Layer 1","dACC_v17_ FISH-IF v2.4.4","805","3723","3742","3076","3100","1","0","0","0","1","1","1320.509","0","530.0422","0","0","0","0","0","6","5.247525","1","7390.724","1198.209","0","0","0","0","0","1","1.288866","0","682.6385","529.6429","54.454575","39.264374","15.190203","18.88024","0.731899"
"D:\HAA\dACC revisions\Run 4\Br8667_dlPFC_20x_img_006-MaxIP-Stitched_unmixed_rotated.nd2","Layer 1","dACC_v17_ FISH-IF v2.4.4","806","3803","3838","3079","3115","1","1","1","0","1","1","1022.8616","0","235.63528","0","0","0","0","0","32","43.038906","4","68297.18","1586.8706","9","7.917318","1","6670.018","842.4593","34","68.77019","4","46282.797","673.0067","176.39047","108.5409","67.84957","39.047768","0.801458"
"D:\HAA\dACC revisions\Run 4\Br8667_dlPFC_20x_img_006-MaxIP-Stitched_unmixed_rotated.nd2","Layer 1","dACC_v17_ FISH-IF v2.4.4","807","3731","3753","3089","3108","1","0","0","0","1","1","1198.8809","0","523.45526","1","0.690464","0","834.7247","1208.9333","7","8.699843","1","14950.29","1700.4607","1","0.598402","0","454.92355","760.2308","2","0.874587","0","426.79868","488","55.973595","40.13896","15.834636","17.807499","0.772641"
"D:\HAA\dACC revisions\Run 4\Br8667_dlPFC_20x_img_006-MaxIP-Stitched_unmixed_rotated.nd2","Layer 1","dACC_v17_ FISH-IF v2.4.4","808","3751","3780","3086","3119","0","0","0","1","1","1","2805.4146","0","601.0177","6","13.441028","1","15638.544","1163.4932","2","2.715824","0","4288.9307","1579.2373","2","1.426958","0","1110.9102","778.5161","1","0.920618","0","550.1615","597.6","134.18013","88.33333","45.846794","31.324034","0.787718"
"D:\HAA\dACC revisions\Run 4\Br8667_dlPFC_20x_img_006-MaxIP-Stitched_unmixed_rotated.nd2","Layer 1","dACC_v17_ FISH-IF v2.4.4","809","3703","3742","3117","3158","0","0","0","0","1","1","1967.1987","0","427.59488","0","0","0","0","0","0","0","0","0","0","3","2.301546","0","2311.7646","1004.44","2","0.690464","0","299.7073","434.06668","208.8883","122.48827","86.40003","46.342403","0.724104"
"D:\HAA\dACC revisions\Run 4\Br8667_dlPFC_20x_img_006-MaxIP-Stitched_unmixed_rotated.nd2","Layer 1","dACC_v17_ FISH-IF v2.4.4","810","3860","3883","3124","3145","0","0","0","1","1","1","2494.8176","0","307.61725","7","19.60917","1","35279.11","1799.1127","0","0","0","0","0","3","2.99201","0","2517.0166","841.24615","1","0.460309","0","259.93658","564.7","75.76689","52.797462","22.969427","21.454817","0.709382"
"D:\HAA\dACC revisions\Run 4\Br8667_dlPFC_20x_img_006-MaxIP-Stitched_unmixed_rotated.nd2","Layer 1","dACC_v17_ FISH-IF v2.4.4","811","3489","3516","3144","3170","1","0","0","0","1","1","1331.4442","0","320.56354","0","0","0","0","0","20","22.877365","3","51849.41","2230.503","0","0","0","0","0","0","0","0","0","0","94.04117","68.447975","25.59319","24.458492","0.734447"
"D:\HAA\dACC revisions\Run 4\Br8667_dlPFC_20x_img_006-MaxIP-Stitched_unmixed_rotated.nd2","Layer 1","dACC_v17_ FISH-IF v2.4.4","812","3510","3530","3150","3171","0","0","0","0","1","1","1336.2802","0","229.32388","3","6.352267","0","6667.394","1049.6086","2","3.452319","0","4072.4934","1179.64","0","0","0","0","0","0","0","0","0","0","59.425915","48.746742","10.679173","14.589275","0.778587"
"D:\HAA\dACC revisions\Run 4\Br8667_dlPFC_20x_img_006-MaxIP-Stitched_unmixed_rotated.nd2","Layer 1","dACC_v17_ FISH-IF v2.4.4","813","4001","4031","4083","4113","0","0","0","0","1","1","2350.9827","0","381.567","0","0","0","0","0","0","0","0","0","0","0","0","0","0","0","1","0.50634","0","242.16866","478.27274","134.08806","88.97776","45.1103","30.036743","0.887626"
"D:\HAA\dACC revisions\Run 4\Br8667_dlPFC_20x_img_006-MaxIP-Stitched_unmixed_rotated.nd2","Layer 1","dACC_v17_ FISH-IF v2.4.4","814","3905","3930","4084","4107","0","0","1","0","1","1","1701.4615","0","236.40782","0","0","0","0","0","1","1.426958","0","2723.9255","1908.9032","1","0.690464","0","476.41998","690","6","5.615772","1","2980.3179","530.7049","82.02709","64.67344","17.353657","18.451143","0.792737"
"D:\HAA\dACC revisions\Run 4\Br8667_dlPFC_20x_img_006-MaxIP-Stitched_unmixed_rotated.nd2","Layer 1","dACC_v17_ FISH-IF v2.4.4","815","3882","3912","4100","4133","1","1","1","0","1","1","1164.0204","0","401.07983","0","0","0","0","0","32","38.343754","4","70895.67","1822.6923","22","20.529789","3","20918.797","1005.42255","21","40.369114","3","24114.033","597.3387","138.3229","86.492096","51.830814","33.254967","0.818247"
"D:\HAA\dACC revisions\Run 4\Br8667_dlPFC_20x_img_006-MaxIP-Stitched_unmixed_rotated.nd2","Layer 1","dACC_v17_ FISH-IF v2.4.4","816","3878","3893","4127","4145","0","0","0","0","1","1","2760.5737","0","429.73404","2","3.222164","0","3003.1492","932.02856","1","1.565051","0","2593.8423","1657.3529","0","0","0","0","0","0","0","0","0","0","35.904114","30.288343","5.615772","9.869216","0.793284"
"D:\HAA\dACC revisions\Run 4\Br8667_dlPFC_20x_img_006-MaxIP-Stitched_unmixed_rotated.nd2","Layer 1","dACC_v17_ FISH-IF v2.4.4","817","3980","4005","4141","4160","1","0","0","0","1","1","2217.4487","0","289.65298","0","0","0","0","0","6","5.247525","1","15083.503","2874.4036","0","0","0","0","0","1","1.380928","0","822.1122","595.3333","69.55272","56.111687","13.441028","17.59295","0.691895"
"D:\HAA\dACC revisions\Run 4\Br8667_dlPFC_20x_img_006-MaxIP-Stitched_unmixed_rotated.nd2","Layer 1","dACC_v17_ FISH-IF v2.4.4","818","3939","3969","4158","4180","0","0","0","0","1","1","2253.7532","0","328.58234","0","0","0","0","0","2","0.874587","0","890.33","1018","0","0","0","0","0","0","0","0","0","0","98.690285","74.06374","24.626541","22.742105","0.719148"
"D:\HAA\dACC revisions\Run 4\Br8667_dlPFC_20x_img_006-MaxIP-Stitched_unmixed_rotated.nd2","Layer 1","dACC_v17_ FISH-IF v2.4.4","819","3981","4010","4159","4187","1","1","0","0","1","1","1153.7203","0","515.659","0","0","0","0","0","76","63.338543","4","207160.67","3270.689","17","13.579121","3","15699.167","1156.1254","3","5.247525","0","3379.4978","644.0175","125.342186","76.13514","49.20705","30.894936","0.821207"
"D:\HAA\dACC revisions\Run 4\Br8667_dlPFC_20x_img_006-MaxIP-Stitched_unmixed_rotated.nd2","Layer 1","dACC_v17_ FISH-IF v2.4.4","820","4887","4920","3976","4010","1","1","1","0","1","1","1567.5657","0","202.35254","0","0","0","0","0","26","37.28504","3","65639.81","1760.4865","79","45.15633","4","79177.69","1753.4128","52","81.70488","4","84857.445","1038.5848","164.00816","99.88709","64.12107","36.044094","0.836114"
"D:\HAA\dACC revisions\Run 4\Br8667_dlPFC_20x_img_006-MaxIP-Stitched_unmixed_rotated.nd2","Layer 1","dACC_v17_ FISH-IF v2.4.4","821","5058","5083","3979","4018","1","1","1","0","1","1","1527.6392","0","544.5425","0","0","0","0","0","18","22.324995","3","35290.617","1580.767","44","28.861385","4","42833.977","1484.1276","74","85.57147","4","119711.086","1398.9602","124.4676","91.04916","33.418446","33.254967","0.485998"
"D:\HAA\dACC revisions\Run 4\Br8667_dlPFC_20x_img_006-MaxIP-Stitched_unmixed_rotated.nd2","Layer 1","dACC_v17_ FISH-IF v2.4.4","822","4983","5003","3986","4005","0","0","0","0","1","1","988.9854","0","166.51445","3","2.99201","0","2661.2314","889.44617","0","0","0","0","0","1","0.828557","0","689.4511","832.1111","0","0","0","0","0","54.086327","47.780094","6.306236","10.51286","0.829667"
"D:\HAA\dACC revisions\Run 4\Br8667_dlPFC_20x_img_006-MaxIP-Stitched_unmixed_rotated.nd2","Layer 1","dACC_v17_ FISH-IF v2.4.4","823","4804","4825","4000","4020","0","0","0","0","1","1","2614.4639","0","322.88525","1","1.887268","0","1714.3755","908.39026","2","3.682473","0","4606.912","1251.0375","0","0","0","0","0","0","0","0","0","0","61.083027","52.15303","8.929998","12.87289","0.853036"
"D:\HAA\dACC revisions\Run 4\Br8667_dlPFC_20x_img_006-MaxIP-Stitched_unmixed_rotated.nd2","Layer 1","dACC_v17_ FISH-IF v2.4.4","824","4981","5007","4006","4031","0","0","0","1","1","1","2672.0437","0","498.90146","8","18.366337","1","32489.543","1768.9724","0","0","0","0","0","1","0.644433","0","483.32465","750","0","0","0","0","0","88.517456","69.59875","18.918707","21.454817","0.673178"
"D:\HAA\dACC revisions\Run 4\Br8667_dlPFC_20x_img_006-MaxIP-Stitched_unmixed_rotated.nd2","Layer 1","dACC_v17_ FISH-IF v2.4.4","825","4932","4965","4014","4041","0","1","1","0","1","1","1913.9801","0","389.17056","3","4.603092","0","5580.9727","1092.2883","1","1.242835","0","1067.503","858.9259","68","34.845406","4","67910.56","1948.9102","9","10.863297","1","6392.4976","576.24066","138.69115","92.29199","46.399166","29.607647","0.829061"
"D:\HAA\dACC revisions\Run 4\Br8667_dlPFC_20x_img_006-MaxIP-Stitched_unmixed_rotated.nd2","Layer 1","dACC_v17_ FISH-IF v2.4.4","826","4721","4758","4019","4057","1","1","1","1","1","1","2299.7737","0","632.5497","16","35.950146","3","71794.56","1997.0588","27","38.57391","3","68169.99","1767.2566","56","37.423138","4","53847.934","1438.8942","19","34.799374","3","26506.627","761.6984","184.81413","111.21069","73.60344","41.836895","0.778818"
"D:\HAA\dACC revisions\Run 4\Br8667_dlPFC_20x_img_006-MaxIP-Stitched_unmixed_rotated.nd2","Layer 1","dACC_v17_ FISH-IF v2.4.4","827","5014","5045","4026","4055","0","0","0","1","1","1","2344.3232","0","329.65723","9","21.726593","1","33341.85","1534.6102","0","0","0","0","0","1","0.782526","0","607.5621","776.41174","1","0.644433","0","307.1183","476.57144","124.09935","86.21591","37.883446","29.17855","0.730233"
"D:\HAA\dACC revisions\Run 4\Br8667_dlPFC_20x_img_006-MaxIP-Stitched_unmixed_rotated.nd2","Layer 1","dACC_v17_ FISH-IF v2.4.4","828","5037","5062","4051","4073","0","0","0","0","1","1","2721.4866","0","419.78818","0","0","0","0","0","0","0","0","0","0","0","0","0","0","0","0","0","0","0","0","82.02709","63.016327","19.010769","19.309336","0.853194"
"D:\HAA\dACC revisions\Run 4\Br8667_dlPFC_20x_img_006-MaxIP-Stitched_unmixed_rotated.nd2","Layer 1","dACC_v17_ FISH-IF v2.4.4","829","4976","4993","4053","4073","1","0","0","0","1","1","820.5733","0","298.18015","0","0","0","0","0","5","7.272885","1","9978.582","1372.0253","0","0","0","0","0","1","0.690464","0","336.62408","487.53333","43.821434","40.369114","3.452319","9.011024","0.632268"
"D:\HAA\dACC revisions\Run 4\Br8667_dlPFC_20x_img_006-MaxIP-Stitched_unmixed_rotated.nd2","Layer 1","dACC_v17_ FISH-IF v2.4.4","830","4674","4701","4064","4089","0","1","0","0","1","1","2608.3054","0","526.19495","1","0.644433","0","527.1921","818.0714","3","5.753865","0","6260.435","1088.04","19","17.1235","3","19220.578","1122.4678","1","0.874587","0","731.5694","548.0345","98.96647","73.189156","25.777313","22.742105","0.847772"
"D:\HAA\dACC revisions\Run 4\Br8667_dlPFC_20x_img_006-MaxIP-Stitched_unmixed_rotated.nd2","Layer 1","dACC_v17_ FISH-IF v2.4.4","831","4955","4987","4064","4102","1","0","1","0","1","1","1292.1079","0","314.76456","0","0","0","0","0","43","47.273754","4","101977.63","2157.1724","2","1.611082","0","1526.201","947.3143","9","10.817266","1","6991.774","646.3532","163.0415","99.518845","63.522667","37.76048","0.804829"
"D:\HAA\dACC revisions\Run 4\Br8667_dlPFC_20x_img_006-MaxIP-Stitched_unmixed_rotated.nd2","Layer 1","dACC_v17_ FISH-IF v2.4.4","832","5039","5064","4073","4103","0","0","0","0","1","1","2641.7456","0","426.5278","0","0","0","0","0","0","0","0","0","0","1","0.598402","0","438.58258","732.9231","1","2.117422","0","1428.0172","674.413","113.97255","77.79225","36.1803","27.462166","0.774459"
"D:\HAA\dACC revisions\Run 4\Br8667_dlPFC_20x_img_006-MaxIP-Stitched_unmixed_rotated.nd2","Layer 1","dACC_v17_ FISH-IF v2.4.4","833","5024","5039","4080","4099","0","0","0","0","1","1","1197.0121","0","289.81128","0","0","0","0","0","1","2.577731","0","3504.0115","1359.3392","0","0","0","0","0","0","0","0","0","0","43.821434","40.000866","3.820566","8.367378","0.692032"
"D:\HAA\dACC revisions\Run 4\Br8667_dlPFC_20x_img_006-MaxIP-Stitched_unmixed_rotated.nd2","Layer 1","dACC_v17_ FISH-IF v2.4.4","834","4872","4891","4081","4097","0","1","1","0","1","1","366.3158","0","234.34323","0","0","0","0","0","1","0.920618","0","866.25586","940.95","5","4.695154","1","3800.3586","809.4216","8","14.315616","1","8963.416","626.1286","44.465866","41.842106","2.623762","7.938282","0.538303"
"D:\HAA\dACC revisions\Run 4\Br8667_dlPFC_20x_img_006-MaxIP-Stitched_unmixed_rotated.nd2","Layer 1","dACC_v17_ FISH-IF v2.4.4","835","4729","4762","4089","4116","0","1","0","1","1","1","2437.971","0","380.41135","8","20.805975","1","34649.68","1665.3717","2","2.853917","0","3814.352","1336.5322","5","3.774535","1","3380.7869","895.6829","0","0","0","0","0","119.22008","79.44936","39.770714","30.46584","0.687292"
"D:\HAA\dACC revisions\Run 4\Br8667_dlPFC_20x_img_006-MaxIP-Stitched_unmixed_rotated.nd2","Layer 1","dACC_v17_ FISH-IF v2.4.4","836","4754","4784","4095","4127","0","0","0","1","1","1","2607.7861","0","377.91275","8","14.54577","1","18674.514","1283.845","0","0","0","0","0","2","2.255515","0","2009.0654","890.7347","0","0","0","0","0","126.861206","81.24457","45.61664","31.324034","0.817328"
"D:\HAA\dACC revisions\Run 4\Br8667_dlPFC_20x_img_006-MaxIP-Stitched_unmixed_rotated.nd2","Layer 1","dACC_v17_ FISH-IF v2.4.4","837","4931","4950","4099","4121","0","0","0","0","1","1","480.24365","0","207.26666","0","0","0","0","0","0","0","0","0","0","1","0.874587","0","826.2089","944.6842","0","0","0","0","0","62.2338","53.16571","9.06809","13.087439","0.778628"
"D:\HAA\dACC revisions\Run 4\Br8667_dlPFC_20x_img_006-MaxIP-Stitched_unmixed_rotated.nd2","Layer 1","dACC_v17_ FISH-IF v2.4.4","838","4887","4914","4101","4130","1","1","1","1","1","1","3221.5637","0","533.14056","4","4.741185","1","4539.845","921.73834","5","6.858607","1","8578.2295","1172.0629","9","7.963349","1","6631.582","832.763","7","10.725204","1","6506.8384","598.97455","115.49157","81.19854","34.293034","25.74578","0.812403"
"D:\HAA\dACC revisions\Run 4\Br8667_dlPFC_20x_img_006-MaxIP-Stitched_unmixed_rotated.nd2","Layer 1","dACC_v17_ FISH-IF v2.4.4","839","4997","5013","4108","4119","0","0","0","0","1","1","2239.547","0","694.1868","0","0","0","0","0","0","0","0","0","0","0","0","0","0","0","0","0","0","0","0","24.120201","21.680563","2.439639","6.007349","0.842001"
"D:\HAA\dACC revisions\Run 4\Br8667_dlPFC_20x_img_006-MaxIP-Stitched_unmixed_rotated.nd2","Layer 1","dACC_v17_ FISH-IF v2.4.4","840","4987","5025","4113","4153","0","0","0","0","1","1","2958.1519","0","691.16736","0","0","0","0","0","0","0","0","0","0","0","0","0","0","0","0","0","0","0","0","201.56938","112.77575","88.79364","45.913307","0.794397"
"D:\HAA\dACC revisions\Run 4\Br8667_dlPFC_20x_img_006-MaxIP-Stitched_unmixed_rotated.nd2","Layer 1","dACC_v17_ FISH-IF v2.4.4","841","4803","4822","4140","4159","0","0","0","0","1","1","1003.57666","0","192.41342","0","0","0","0","0","0","0","0","0","0","0","0","0","0","0","0","0","0","0","0","53.62602","47.319782","6.306236","10.298312","0.8951"
"D:\HAA\dACC revisions\Run 4\Br8667_dlPFC_20x_img_006-MaxIP-Stitched_unmixed_rotated.nd2","Layer 1","dACC_v17_ FISH-IF v2.4.4","842","4889","4915","4148","4180","1","0","0","0","1","1","3322.199","0","818.8714","0","0","0","0","0","4","6.950668","1","9803.158","1410.3907","3","2.439639","0","1969.709","807.3774","0","0","0","0","0","125.664406","68.72416","56.940247","36.687737","0.750142"
"D:\HAA\dACC revisions\Run 4\Br8667_dlPFC_20x_img_006-MaxIP-Stitched_unmixed_rotated.nd2","Layer 1","dACC_v17_ FISH-IF v2.4.4","843","4913","4936","4149","4176","1","0","0","0","1","1","3172.4712","0","422.1559","0","0","0","0","0","4","4.326906","1","6358.711","1096.3492","1","0.552371","0","542.01404","841.0714","1","1.104742","0","620.49677","561.6667","88.517456","54.914886","33.60257","25.316685","0.836193"
"D:\HAA\dACC revisions\Run 4\Br8667_dlPFC_20x_img_006-MaxIP-Stitched_unmixed_rotated.nd2","Layer 1","dACC_v17_ FISH-IF v2.4.4","844","4872","4890","4151","4179","0","0","0","0","1","1","1677.3296","0","686.07294","0","0","0","0","0","3","6.628452","0","8771.1","1323.25","3","1.657113","0","1232.9841","744.05554","2","1.841237","0","977.37445","530.825","73.78756","57.446587","16.340975","19.094788","0.666975"
"D:\HAA\dACC revisions\Run 4\Br8667_dlPFC_20x_img_006-MaxIP-Stitched_unmixed_rotated.nd2","Layer 1","dACC_v17_ FISH-IF v2.4.4","845","5017","5056","4151","4184","1","1","1","0","1","1","1308.633","0","305.09863","0","0","0","0","0","20","28.677261","3","37635.707","1297.8064","42","32.63592","4","40122.895","1229.409","23","30.472467","3","18973.852","622.6556","182.78877","110.151985","72.63679","39.90596","0.734942"
"D:\HAA\dACC revisions\Run 4\Br8667_dlPFC_20x_img_006-MaxIP-Stitched_unmixed_rotated.nd2","Layer 1","dACC_v17_ FISH-IF v2.4.4","846","2346","2371","3566","3593","0","0","0","1","1","1","2485.33","0","610.3663","6","9.06809","1","8882.448","979.5279","0","0","0","0","0","0","0","0","0","0","0","0","0","0","0","88.14921","69.87493","18.274275","21.454817","0.603236"
"D:\HAA\dACC revisions\Run 4\Br8667_dlPFC_20x_img_006-MaxIP-Stitched_unmixed_rotated.nd2","Layer 1","dACC_v17_ FISH-IF v2.4.4","847","2449","2471","3569","3591","0","0","0","0","1","1","1782.1681","0","301.83493","0","0","0","0","0","0","0","0","0","0","0","0","0","0","0","0","0","0","0","0","54.914886","38.758034","16.156853","19.094788","0.726586"
"D:\HAA\dACC revisions\Run 4\Br8667_dlPFC_20x_img_006-MaxIP-Stitched_unmixed_rotated.nd2","Layer 1","dACC_v17_ FISH-IF v2.4.4","848","2302","2322","3572","3590","0","0","0","0","1","1","804.8714","0","144.01639","2","6.53639","0","7328.9966","1121.2606","0","0","0","0","0","0","0","0","0","0","0","0","0","0","0","54.17839","47.734062","6.444328","10.727408","0.832678"
"D:\HAA\dACC revisions\Run 4\Br8667_dlPFC_20x_img_006-MaxIP-Stitched_unmixed_rotated.nd2","Layer 1","dACC_v17_ FISH-IF v2.4.4","849","2610","2636","3572","3599","0","0","0","0","1","1","2928.644","0","405.4072","0","0","0","0","0","0","0","0","0","0","0","0","0","0","0","1","1.472989","0","1012.03577","687.0625","84.69689","60.25447","24.442417","25.96033","0.594598"
"D:\HAA\dACC revisions\Run 4\Br8667_dlPFC_20x_img_006-MaxIP-Stitched_unmixed_rotated.nd2","Layer 1","dACC_v17_ FISH-IF v2.4.4","850","2461","2484","3576","3601","0","0","0","0","1","1","2024.3425","0","242.55412","0","0","0","0","0","0","0","0","0","0","0","0","0","0","0","0","0","0","0","0","68.447975","50.1737","18.274275","21.883913","0.676379"
"D:\HAA\dACC revisions\Run 4\Br8667_dlPFC_20x_img_006-MaxIP-Stitched_unmixed_rotated.nd2","Layer 1","dACC_v17_ FISH-IF v2.4.4","851","2419","2446","3576","3606","1","0","1","0","1","1","1753.0137","0","299.81165","0","0","0","0","0","12","17.767935","2","23333.395","1313.2306","0","0","0","0","0","4","4.51103","1","2602.0356","576.81635","120.04863","83.08581","36.962826","26.603973","0.851209"
"D:\HAA\dACC revisions\Run 4\Br8667_dlPFC_20x_img_006-MaxIP-Stitched_unmixed_rotated.nd2","Layer 1","dACC_v17_ FISH-IF v2.4.4","852","2635","2674","3585","3626","1","0","1","0","1","1","1477.1046","0","326.38724","0","0","0","0","0","25","34.293034","3","50602.8","1461.8644","0","0","0","0","0","15","25.50113","3","16000.715","627.4513","211.37398","124.697754","86.676216","45.48421","0.665788"
"D:\HAA\dACC revisions\Run 4\Br8667_dlPFC_20x_img_006-MaxIP-Stitched_unmixed_rotated.nd2","Layer 1","dACC_v17_ FISH-IF v2.4.4","853","2604","2626","3591","3613","0","0","0","0","1","1","2837.6716","0","408.41507","0","0","0","0","0","0","0","0","0","0","0","0","0","0","0","1","0.322216","0","175.46986","544.5714","61.083027","45.24839","15.834636","18.88024","0.733009"
"D:\HAA\dACC revisions\Run 4\Br8667_dlPFC_20x_img_006-MaxIP-Stitched_unmixed_rotated.nd2","Layer 1","dACC_v17_ FISH-IF v2.4.4","854","2362","2381","3599","3618","0","0","0","0","1","1","816.2368","0","138.2332","0","0","0","0","0","0","0","0","0","0","0","0","0","0","0","0","0","0","0","0","50.449886","45.202362","5.247525","9.44012","0.893721"
"D:\HAA\dACC revisions\Run 4\Br8667_dlPFC_20x_img_006-MaxIP-Stitched_unmixed_rotated.nd2","Layer 1","dACC_v17_ FISH-IF v2.4.4","855","2451","2484","3607","3639","0","0","0","0","1","1","1949.3882","0","409.34753","0","0","0","0","0","0","0","0","0","0","0","0","0","0","0","0","0","0","0","0","146.33229","94.04117","52.291122","33.040417","0.886068"
"D:\HAA\dACC revisions\Run 4\Br8667_dlPFC_20x_img_006-MaxIP-Stitched_unmixed_rotated.nd2","Layer 1","dACC_v17_ FISH-IF v2.4.4","856","2536","2570","3616","3650","1","0","1","0","1","1","1840.7329","0","340.59048","0","0","0","0","0","9","11.599792","1","13969.785","1204.3135","0","0","0","0","0","4","4.096752","1","2236.4583","545.9101","174.13496","105.5489","68.58607","36.47319","0.839399"
"D:\HAA\dACC revisions\Run 4\Br8667_dlPFC_20x_img_006-MaxIP-Stitched_unmixed_rotated.nd2","Layer 1","dACC_v17_ FISH-IF v2.4.4","857","2635","2657","3631","3657","0","0","0","0","1","1","1056.859","0","219.41887","0","0","0","0","0","3","5.52371","0","5763.071","1043.3334","0","0","0","0","0","1","2.163453","0","1291.0752","596.7659","78.7589","64.397255","14.361647","18.451143","0.641523"
"D:\HAA\dACC revisions\Run 4\Br8667_dlPFC_20x_img_006-MaxIP-Stitched_unmixed_rotated.nd2","Layer 1","dACC_v17_ FISH-IF v2.4.4","858","2361","2398","3638","3671","1","0","1","0","1","1","1634.3743","0","326.95416","1","1.426958","0","1164.9504","816.3871","19","30.196281","3","46155.66","1528.5214","0","0","0","0","0","11","17.07747","2","10532.196","616.73047","176.43651","107.436165","69.00034","38.189575","0.778887"
"D:\HAA\dACC revisions\Run 4\Br8667_dlPFC_20x_img_006-MaxIP-Stitched_unmixed_rotated.nd2","Layer 1","dACC_v17_ FISH-IF v2.4.4","859","2414","2434","3640","3659","0","0","0","0","1","1","567.5198","0","153.39201","0","0","0","0","0","0","0","0","0","0","0","0","0","0","0","0","0","0","0","0","58.873543","50.72607","8.147472","12.014698","0.855212"
"D:\HAA\dACC revisions\Run 4\Br8667_dlPFC_20x_img_006-MaxIP-Stitched_unmixed_rotated.nd2","Layer 1","dACC_v17_ FISH-IF v2.4.4","860","2286","2315","3640","3663","0","0","0","0","1","1","2540.911","0","349.92343","0","0","0","0","0","0","0","0","0","0","0","0","0","0","0","0","0","0","0","0","91.095184","70.93365","20.161541","21.883913","0.653121"
"D:\HAA\dACC revisions\Run 4\Br8667_dlPFC_20x_img_006-MaxIP-Stitched_unmixed_rotated.nd2","Layer 1","dACC_v17_ FISH-IF v2.4.4","861","2401","2431","3676","3700","0","0","0","0","1","1","2443.7188","0","464.73026","0","0","0","0","0","0","0","0","0","0","0","0","0","0","0","2","1.380928","0","687.0575","497.53333","102.2807","75.76689","26.51381","23.600298","0.745868"
"D:\HAA\dACC revisions\Run 4\Br8667_dlPFC_20x_img_006-MaxIP-Stitched_unmixed_rotated.nd2","Layer 1","dACC_v17_ FISH-IF v2.4.4","862","2622","2643","3679","3703","0","0","0","0","1","1","2250.1375","0","256.10114","0","0","0","0","0","0","0","0","0","0","0","0","0","0","0","0","0","0","0","0","73.46535","60.070347","13.394997","16.520208","0.754968"
"D:\HAA\dACC revisions\Run 4\Br8667_dlPFC_20x_img_006-MaxIP-Stitched_unmixed_rotated.nd2","Layer 1","dACC_v17_ FISH-IF v2.4.4","863","2659","2679","3700","3719","0","0","0","0","1","1","1438.939","0","174.15929","0","0","0","0","0","0","0","0","0","0","0","0","0","0","0","0","0","0","0","0","52.843494","46.813442","6.03005","10.727408","0.90349"
"D:\HAA\dACC revisions\Run 4\Br8667_dlPFC_20x_img_006-MaxIP-Stitched_unmixed_rotated.nd2","Layer 1","dACC_v17_ FISH-IF v2.4.4","864","2302","2334","3707","3732","0","0","0","0","1","1","2687.545","0","561.3875","0","0","0","0","0","0","0","0","0","0","0","0","0","0","0","1","0.50634","0","235.44814","465","110.29008","76.50339","33.786694","27.462166","0.700129"
"D:\HAA\dACC revisions\Run 4\Br8667_dlPFC_20x_img_006-MaxIP-Stitched_unmixed_rotated.nd2","Layer 1","dACC_v17_ FISH-IF v2.4.4","865","2638","2672","3724","3758","1","0","1","0","1","1","1681.8254","0","462.1287","0","0","0","0","0","12","17.721903","2","23329.758","1299.559","1","0.50634","0","370.68698","732.0909","4","3.728504","1","1867.6584","500.91357","156.13687","99.42678","56.71009","35.829544","0.820401"
"D:\HAA\dACC revisions\Run 4\Br8667_dlPFC_20x_img_006-MaxIP-Stitched_unmixed_rotated.nd2","Layer 1","dACC_v17_ FISH-IF v2.4.4","866","2281","2322","3728","3756","1","0","1","0","1","1","1573.3784","0","381.53934","0","0","0","0","0","9","16.433037","1","20881.604","1270.7087","0","0","0","0","0","9","16.525099","1","9727.714","588.66296","160.00346","97.72364","62.27983","37.975025","0.633173"
"D:\HAA\dACC revisions\Run 4\Br8667_dlPFC_20x_img_006-MaxIP-Stitched_unmixed_rotated.nd2","Layer 1","dACC_v17_ FISH-IF v2.4.4","867","2446","2464","3746","3764","0","0","0","0","1","1","1227.1576","0","194.08286","0","0","0","0","0","2","0.644433","0","395.77383","614.1429","0","0","0","0","0","1","1.150773","0","527.88257","458.72","38.389786","31.669271","6.720514","11.800149","0.786818"
"D:\HAA\dACC revisions\Run 4\Br8667_dlPFC_20x_img_006-MaxIP-Stitched_unmixed_rotated.nd2","Layer 1","dACC_v17_ FISH-IF v2.4.4","868","2434","2457","3751","3770","0","0","0","0","1","1","1240.3904","0","181.38167","0","0","0","0","0","1","0.644433","0","578.8848","898.2857","0","0","0","0","0","0","0","0","0","0","55.55932","43.177002","12.382317","16.520208","0.710164"
"D:\HAA\dACC revisions\Run 4\Br8667_dlPFC_20x_img_006-MaxIP-Stitched_unmixed_rotated.nd2","Layer 1","dACC_v17_ FISH-IF v2.4.4","869","2301","2323","3754","3775","0","0","0","0","1","1","1112.3865","0","214.32198","0","0","0","0","0","2","3.728504","0","6455.8823","1731.4938","0","0","0","0","0","2","1.795206","0","923.8405","514.61536","69.73684","56.756123","12.980719","16.734756","0.6761"
"D:\HAA\dACC revisions\Run 4\Br8667_dlPFC_20x_img_006-MaxIP-Stitched_unmixed_rotated.nd2","Layer 1","dACC_v17_ FISH-IF v2.4.4","870","2659","2679","3762","3781","0","0","0","0","1","1","1895.1765","0","208.74554","0","0","0","0","0","0","0","0","0","0","0","0","0","0","0","1","0.690464","0","335.97968","486.6","56.06566","49.022926","7.04273","11.156505","0.840684"
"D:\HAA\dACC revisions\Run 4\Br8667_dlPFC_20x_img_006-MaxIP-Stitched_unmixed_rotated.nd2","Layer 1","dACC_v17_ FISH-IF v2.4.4","871","2505","2542","3766","3797","1","0","0","0","1","1","1607.4886","0","292.04996","0","0","0","0","0","11","13.02675","2","13333.132","1023.5194","0","0","0","0","0","1","0.368247","0","156.59718","425.25","163.13358","102.2807","60.852875","36.044094","0.783685"
"D:\HAA\dACC revisions\Run 4\Br8667_dlPFC_20x_img_006-MaxIP-Stitched_unmixed_rotated.nd2","Layer 1","dACC_v17_ FISH-IF v2.4.4","872","2342","2360","3771","3791","0","0","0","0","1","1","473.2518","0","143.3314","0","0","0","0","0","0","0","0","0","0","0","0","0","0","0","0","0","0","0","0","54.17839","47.780094","6.398297","10.727408","0.838125"
"D:\HAA\dACC revisions\Run 4\Br8667_dlPFC_20x_img_006-MaxIP-Stitched_unmixed_rotated.nd2","Layer 1","dACC_v17_ FISH-IF v2.4.4","873","2477","2496","3771","3790","0","0","0","0","1","1","508.66666","0","141.52794","0","0","0","0","0","0","0","0","0","0","0","0","0","0","0","0","0","0","0","0","51.784782","46.12298","5.661803","9.869216","0.843707"
"D:\HAA\dACC revisions\Run 4\Br8667_dlPFC_20x_img_006-MaxIP-Stitched_unmixed_rotated.nd2","Layer 1","dACC_v17_ FISH-IF v2.4.4","874","2598","2631","3788","3825","0","0","0","0","1","1","3447.9485","0","553.7377","0","0","0","0","0","0","0","0","0","0","0","0","0","0","0","0","0","0","0","0","158.16223","105.45683","52.705402","38.189575","0.593125"
"D:\HAA\dACC revisions\Run 4\Br8667_dlPFC_20x_img_006-MaxIP-Stitched_unmixed_rotated.nd2","Layer 1","dACC_v17_ FISH-IF v2.4.4","875","2468","2501","3803","3828","0","0","0","0","1","1","2138.7966","0","358.86047","0","0","0","0","0","2","0.828557","0","530.2762","640","0","0","0","0","0","1","1.795206","0","1001.4026","557.8205","131.004","90.72694","40.277054","27.462166","0.718154"
"D:\HAA\dACC revisions\Run 4\Br8667_dlPFC_20x_img_006-MaxIP-Stitched_unmixed_rotated.nd2","Layer 1","dACC_v17_ FISH-IF v2.4.4","876","2562","2601","3808","3841","1","0","0","0","1","1","1623.7852","0","373.93784","0","0","0","0","0","19","28.723293","3","31081.963","1082.117","0","0","0","0","0","1","0.50634","0","227.30067","448.9091","197.79485","114.018585","83.77627","39.90596","0.871656"
"D:\HAA\dACC revisions\Run 4\Br8667_dlPFC_20x_img_006-MaxIP-Stitched_unmixed_rotated.nd2","Layer 1","dACC_v17_ FISH-IF v2.4.4","877","2305","2339","3816","3840","0","0","0","0","1","1","2239.9888","0","387.90747","0","0","0","0","0","0","0","0","0","0","0","0","0","0","0","1","2.209484","0","1373.3324","621.5625","123.77714","87.044464","36.732674","27.462166","0.704855"
"D:\HAA\dACC revisions\Run 4\Br8667_dlPFC_20x_img_006-MaxIP-Stitched_unmixed_rotated.nd2","Layer 1","dACC_v17_ FISH-IF v2.4.4","878","2595","2614","3837","3857","0","0","0","0","1","1","1653.7764","0","197.84477","0","0","0","0","0","0","0","0","0","0","0","0","0","0","0","0","0","0","0","0","55.927567","48.930866","6.996699","11.156505","0.808908"
"D:\HAA\dACC revisions\Run 4\Br8667_dlPFC_20x_img_006-MaxIP-Stitched_unmixed_rotated.nd2","Layer 1","dACC_v17_ FISH-IF v2.4.4","879","2455","2486","3843","3874","1","0","1","0","1","1","2029.9982","0","383.44263","0","0","0","0","0","7","7.963349","1","7715.9785","968.9364","0","0","0","0","0","6","6.260205","1","4030.6973","643.8603","143.20218","93.07452","50.12767","30.894936","0.908414"
"D:\HAA\dACC revisions\Run 4\Br8667_dlPFC_20x_img_006-MaxIP-Stitched_unmixed_rotated.nd2","Layer 1","dACC_v17_ FISH-IF v2.4.4","880","2564","2587","3847","3875","0","0","0","0","1","1","1990.0149","0","288.55344","0","0","0","0","0","0","0","0","0","0","0","0","0","0","0","0","0","0","0","0","88.33333","69.78287","18.550459","21.02572","0.637405"
"D:\HAA\dACC revisions\Run 4\Br8667_dlPFC_20x_img_006-MaxIP-Stitched_unmixed_rotated.nd2","Layer 1","dACC_v17_ FISH-IF v2.4.4","881","2266","2293","3852","3886","0","0","0","1","1","1","2288.788","0","396.5975","12","34.477158","2","63342.457","1837.2296","0","0","0","0","0","1","0.644433","0","416.1195","645.7143","0","0","0","0","0","128.28816","88.517456","39.770714","30.036743","0.720855"
"D:\HAA\dACC revisions\Run 4\Br8667_dlPFC_20x_img_006-MaxIP-Stitched_unmixed_rotated.nd2","Layer 1","dACC_v17_ FISH-IF v2.4.4","882","2290","2317","3870","3903","0","0","0","0","1","1","3085.9502","0","421.51724","0","0","0","0","0","0","0","0","0","0","0","0","0","0","0","0","0","0","0","0","100.99184","66.74483","34.247","30.894936","0.584899"
"D:\HAA\dACC revisions\Run 4\Br8667_dlPFC_20x_img_006-MaxIP-Stitched_unmixed_rotated.nd2","Layer 1","dACC_v17_ FISH-IF v2.4.4","883","2283","2311","3886","3918","0","0","0","0","1","1","2899.5051","0","448.54483","0","0","0","0","0","0","0","0","0","0","0","0","0","0","0","0","0","0","0","0","103.20132","66.74483","36.456486","30.251291","0.616474"
"D:\HAA\dACC revisions\Run 4\Br8667_dlPFC_20x_img_006-MaxIP-Stitched_unmixed_rotated.nd2","Layer 1","dACC_v17_ FISH-IF v2.4.4","884","2571","2608","3886","3919","1","0","0","0","1","1","1842.7112","0","526.4001","0","0","0","0","0","5","7.04273","1","6773.1733","961.72546","0","0","0","0","0","2","2.669793","0","1492.9208","559.18964","169.53188","106.88379","62.64808","39.047768","0.703588"
"D:\HAA\dACC revisions\Run 4\Br8667_dlPFC_20x_img_006-MaxIP-Stitched_unmixed_rotated.nd2","Layer 1","dACC_v17_ FISH-IF v2.4.4","885","2553","2572","3895","3915","0","0","0","0","1","1","1440.3334","0","210.3158","0","0","0","0","0","0","0","0","0","0","0","0","0","0","0","0","0","0","0","0","54.730762","48.10231","6.628452","10.727408","0.837987"
"D:\HAA\dACC revisions\Run 4\Br8667_dlPFC_20x_img_006-MaxIP-Stitched_unmixed_rotated.nd2","Layer 1","dACC_v17_ FISH-IF v2.4.4","886","2571","2602","3914","3936","0","0","0","0","1","1","2766.243","0","328.89938","0","0","0","0","0","0","0","0","0","0","0","0","0","0","0","0","0","0","0","0","99.1506","76.41132","22.739273","24.029396","0.603858"
"D:\HAA\dACC revisions\Run 4\Br8667_dlPFC_20x_img_006-MaxIP-Stitched_unmixed_rotated.nd2","Layer 1","dACC_v17_ FISH-IF v2.4.4","887","2327","2348","3916","3933","0","0","0","0","1","1","711.265","0","175.91478","0","0","0","0","0","0","0","0","0","0","0","0","0","0","0","0","0","0","0","0","49.71339","40.507206","9.206183","14.589275","0.631409"
"D:\HAA\dACC revisions\Run 4\Br8667_dlPFC_20x_img_006-MaxIP-Stitched_unmixed_rotated.nd2","Layer 1","dACC_v17_ FISH-IF v2.4.4","888","2366","2401","3925","3957","1","0","1","0","1","1","1806.7648","0","370.54385","0","0","0","0","0","8","13.348966","1","15745.704","1179.5448","0","0","0","0","0","10","12.01407","2","6842.91","569.5747","171.05089","103.93781","67.113075","36.044094","0.86224"
"D:\HAA\dACC revisions\Run 4\Br8667_dlPFC_20x_img_006-MaxIP-Stitched_unmixed_rotated.nd2","Layer 1","dACC_v17_ FISH-IF v2.4.4","889","2332","2350","3932","3945","0","0","0","0","1","1","697.65216","0","183.90744","0","0","0","0","0","3","4.971339","0","6929.9087","1393.9722","0","0","0","0","0","1","0.552371","0","261.91592","474.16666","35.62793","30.334375","5.293556","9.44012","0.729963"
"D:\HAA\dACC revisions\Run 4\Br8667_dlPFC_20x_img_006-MaxIP-Stitched_unmixed_rotated.nd2","Layer 1","dACC_v17_ FISH-IF v2.4.4","890","2619","2659","3944","3978","1","0","0","0","1","1","1827.8672","0","366.84012","0","0","0","0","0","5","6.398297","1","5745.3027","897.94244","0","0","0","0","0","0","0","0","0","0","194.34253","112.86781","81.474724","40.764153","0.810066"
"D:\HAA\dACC revisions\Run 4\Br8667_dlPFC_20x_img_006-MaxIP-Stitched_unmixed_rotated.nd2","Layer 1","dACC_v17_ FISH-IF v2.4.4","891","2280","2307","3948","3985","0","0","1","0","1","1","2527.3123","0","417.83417","1","0.782526","0","616.0318","787.2353","2","2.99201","0","2618.2847","875.0923","0","0","0","0","0","6","7.871287","1","4225.7764","512.8659","129.6691","74.66215","55.006947","36.902287","0.708883"
"D:\HAA\dACC revisions\Run 4\Br8667_dlPFC_20x_img_006-MaxIP-Stitched_unmixed_rotated.nd2","Layer 1","dACC_v17_ FISH-IF v2.4.4","892","2558","2589","3957","3991","0","0","0","0","1","1","2308.728","0","450.42953","0","0","0","0","0","0","0","0","0","0","0","0","0","0","0","0","0","0","0","0","147.16084","95.37606","51.784782","33.469513","0.775906"
"D:\HAA\dACC revisions\Run 4\Br8667_dlPFC_20x_img_006-MaxIP-Stitched_unmixed_rotated.nd2","Layer 1","dACC_v17_ FISH-IF v2.4.4","893","2263","2291","3960","3992","1","0","1","0","1","1","2594.7166","0","530.71655","1","0.828557","0","684.0194","825.55554","4","6.720514","1","8847.833","1193.882","0","0","0","0","0","6","7.917318","1","4018.9133","507.61047","114.80111","66.100395","48.70071","31.538582","0.769869"
"D:\HAA\dACC revisions\Run 4\Br8667_dlPFC_20x_img_006-MaxIP-Stitched_unmixed_rotated.nd2","Layer 1","dACC_v17_ FISH-IF v2.4.4","894","6442","6475","3981","4016","0","0","0","1","1","1","2186.5183","0","421.69522","17","35.53587","3","61420.156","1728.3989","0","0","0","0","0","1","1.150773","0","1045.5923","908.6","0","0","0","0","0","162.25899","100.43946","61.819523","35.1859","0.864753"
"D:\HAA\dACC revisions\Run 4\Br8667_dlPFC_20x_img_006-MaxIP-Stitched_unmixed_rotated.nd2","Layer 1","dACC_v17_ FISH-IF v2.4.4","895","6523","6565","3988","4026","0","0","1","0","1","1","3237.2651","0","831.6599","0","0","0","0","0","0","0","0","0","0","0","0","0","0","0","105","85.61751","4","166216.53","1941.3849","207.92166","118.29946","89.6222","48.058792","0.692047"
"D:\HAA\dACC revisions\Run 4\Br8667_dlPFC_20x_img_006-MaxIP-Stitched_unmixed_rotated.nd2","Layer 1","dACC_v17_ FISH-IF v2.4.4","896","6322","6342","3989","4009","0","0","0","0","1","1","1038.0968","0","209.04335","2","4.557061","0","5773.52","1090.6696","0","0","0","0","0","1","0.50634","0","370.31873","731.36365","0","0","0","0","0","55.973595","48.838802","7.134792","11.156505","0.911908"
"D:\HAA\dACC revisions\Run 4\Br8667_dlPFC_20x_img_006-MaxIP-Stitched_unmixed_rotated.nd2","Layer 1","dACC_v17_ FISH-IF v2.4.4","897","6493","6510","4006","4027","0","0","0","0","1","1","3610.134","0","367.03732","0","0","0","0","0","0","0","0","0","0","0","0","0","0","0","2","2.071391","0","3059.2607","1476.9111","56.15772","40.69133","15.466389","16.734756","0.768818"
"D:\HAA\dACC revisions\Run 4\Br8667_dlPFC_20x_img_006-MaxIP-Stitched_unmixed_rotated.nd2","Layer 1","dACC_v17_ FISH-IF v2.4.4","898","6478","6494","4006","4029","0","0","0","0","1","1","3474.8696","0","405.40768","0","0","0","0","0","0","0","0","0","0","0","0","0","0","0","0","0","0","0","0","56.019627","41.888134","14.131492","16.520208","0.733078"
"D:\HAA\dACC revisions\Run 4\Br8667_dlPFC_20x_img_006-MaxIP-Stitched_unmixed_rotated.nd2","Layer 1","dACC_v17_ FISH-IF v2.4.4","899","6298","6328","4009","4040","0","0","0","1","1","1","2684.167","0","502.2663","8","23.705923","1","31859.379","1343.9418","0","0","0","0","0","3","1.979329","0","1524.3138","770.1163","0","0","0","0","0","131.18811","87.64287","43.545246","29.607647","0.909762"
"D:\HAA\dACC revisions\Run 4\Br8667_dlPFC_20x_img_006-MaxIP-Stitched_unmixed_rotated.nd2","Layer 1","dACC_v17_ FISH-IF v2.4.4","900","6510","6527","4009","4030","0","0","1","0","1","1","1659.0769","0","671.74713","0","0","0","0","0","0","0","0","0","0","0","0","0","0","0","49","36.824734","4","78637.15","2135.4438","52.060966","43.683342","8.377627","12.443794","0.72778"
"D:\HAA\dACC revisions\Run 4\Br8667_dlPFC_20x_img_006-MaxIP-Stitched_unmixed_rotated.nd2","Layer 1","dACC_v17_ FISH-IF v2.4.4","901","6260","6293","4014","4039","0","0","0","0","1","1","2974.621","0","350.75604","1","1.611082","0","1906.4165","1183.3143","0","0","0","0","0","0","0","0","0","0","1","2.5317","0","1264.7915","499.58182","119.31214","83.59215","35.719994","27.03307","0.775367"
"D:\HAA\dACC revisions\Run 4\Br8667_dlPFC_20x_img_006-MaxIP-Stitched_unmixed_rotated.nd2","Layer 1","dACC_v17_ FISH-IF v2.4.4","902","6466","6485","4053","4073","0","0","0","0","1","1","1107.777","0","189.05937","0","0","0","0","0","0","0","0","0","0","0","0","0","0","0","0","0","0","0","0","55.65138","48.838802","6.812576","11.156505","0.797365"
"D:\HAA\dACC revisions\Run 4\Br8667_dlPFC_20x_img_006-MaxIP-Stitched_unmixed_rotated.nd2","Layer 1","dACC_v17_ FISH-IF v2.4.4","903","6576","6601","4053","4087","0","1","1","0","1","1","1847.4944","0","620.1358","0","0","0","0","0","1","0.368247","0","269.05072","730.625","28","24.626541","3","25742.652","1045.3215","68","77.10178","4","109164.53","1415.8496","122.39621","72.86694","49.529266","34.542255","0.73468"
"D:\HAA\dACC revisions\Run 4\Br8667_dlPFC_20x_img_006-MaxIP-Stitched_unmixed_rotated.nd2","Layer 1","dACC_v17_ FISH-IF v2.4.4","904","6565","6579","4061","4086","0","1","1","0","1","1","1593.2812","0","342.11624","0","0","0","0","0","0","0","0","0","0","10","8.976028","2","8977.456","1000.159","23","32.037518","3","36488.8","1138.9397","48.10231","34.845406","13.256905","16.949305","0.667959"
"D:\HAA\dACC revisions\Run 4\Br8667_dlPFC_20x_img_006-MaxIP-Stitched_unmixed_rotated.nd2","Layer 1","dACC_v17_ FISH-IF v2.4.4","905","6482","6516","4070","4096","0","0","0","0","1","1","1587.9324","0","659.9252","0","0","0","0","0","2","2.117422","0","2473.8396","1014.01886","1","0.828557","0","642.2234","775.1111","0","0","0","0","0","125.52631","79.9557","45.57061","33.469513","0.731199"
"D:\HAA\dACC revisions\Run 4\Br8667_dlPFC_20x_img_006-MaxIP-Stitched_unmixed_rotated.nd2","Layer 1","dACC_v17_ FISH-IF v2.4.4","906","6335","6366","4086","4119","0","0","1","0","1","1","3397.347","0","586.66943","1","0.50634","0","385.37085","761.0909","1","0.644433","0","452.48392","702.1429","0","0","0","0","0","8","8.239534","1","4341.13","526.8659","147.48306","83.54611","63.936943","37.54593","0.716932"
"D:\HAA\dACC revisions\Run 4\Br8667_dlPFC_20x_img_006-MaxIP-Stitched_unmixed_rotated.nd2","Layer 1","dACC_v17_ FISH-IF v2.4.4","907","6299","6325","4088","4111","0","0","1","0","1","1","610.66907","0","287.9649","0","0","0","0","0","0","0","0","0","0","0","0","0","0","0","9","17.952057","1","10341.996","576.0897","76.871635","44.60396","32.267673","28.320358","0.625982"
"D:\HAA\dACC revisions\Run 4\Br8667_dlPFC_20x_img_006-MaxIP-Stitched_unmixed_rotated.nd2","Layer 1","dACC_v17_ FISH-IF v2.4.4","908","6282","6299","4088","4104","0","0","0","0","1","1","596.47156","0","246.31635","0","0","0","0","0","0","0","0","0","0","0","0","0","0","0","2","1.104742","0","690.87805","484.1613","37.515198","26.191591","11.323606","15.018372","0.686056"
"D:\HAA\dACC revisions\Run 4\Br8667_dlPFC_20x_img_006-MaxIP-Stitched_unmixed_rotated.nd2","Layer 1","dACC_v17_ FISH-IF v2.4.4","909","6484","6521","4094","4117","0","0","0","0","1","1","3276.93","0","651.46826","0","0","0","0","0","1","0.50634","0","357.43008","705.9091","1","0.552371","0","362.1252","655.5833","0","0","0","0","0","122.02796","81.981064","40.046898","33.89861","0.618061"
"D:\HAA\dACC revisions\Run 4\Br8667_dlPFC_20x_img_006-MaxIP-Stitched_unmixed_rotated.nd2","Layer 1","dACC_v17_ FISH-IF v2.4.4","910","6635","6672","4090","4128","0","0","0","0","1","1","3474.7708","0","552.05853","1","1.150773","0","980.78076","852.28","0","0","0","0","0","0","0","0","0","0","0","0","0","0","0","172.2477","112.4075","59.84019","42.26599","0.605568"
"D:\HAA\dACC revisions\Run 4\Br8667_dlPFC_20x_img_006-MaxIP-Stitched_unmixed_rotated.nd2","Layer 1","dACC_v17_ FISH-IF v2.4.4","911","6316","6332","4100","4116","0","0","1","0","1","1","565.64343","0","280.95346","0","0","0","0","0","0","0","0","0","0","0","0","0","0","0","11","22.739273","2","13657.465","600.6113","32.63592","26.697931","5.937988","10.727408","0.81229"
"D:\HAA\dACC revisions\Run 4\Br8667_dlPFC_20x_img_006-MaxIP-Stitched_unmixed_rotated.nd2","Layer 1","dACC_v17_ FISH-IF v2.4.4","912","6272","6304","4102","4134","0","0","1","0","1","1","952.227","0","288.07648","0","0","0","0","0","1","0.644433","0","433.1049","672.0714","0","0","0","0","0","16","27.342365","3","15546.206","568.57574","140.21017","69.2305","70.979675","42.26599","0.65663"
"D:\HAA\dACC revisions\Run 4\Br8667_dlPFC_20x_img_006-MaxIP-Stitched_unmixed_rotated.nd2","Layer 1","dACC_v17_ FISH-IF v2.4.4","913","6375","6402","4103","4131","0","0","0","0","1","1","2967.063","0","348.8381","1","1.01268","0","734.4233","725.2273","0","0","0","0","0","0","0","0","0","0","0","0","0","0","0","98.73632","75.352615","23.383705","24.458492","0.682074"
"D:\HAA\dACC revisions\Run 4\Br8667_dlPFC_20x_img_006-MaxIP-Stitched_unmixed_rotated.nd2","Layer 1","dACC_v17_ FISH-IF v2.4.4","914","6435","6454","4104","4124","0","0","0","0","1","1","526.7761","0","164.7885","0","0","0","0","0","0","0","0","0","0","0","0","0","0","0","1","0.460309","0","200.74083","436.1","53.395863","47.227722","6.168143","10.727408","0.866761"
"D:\HAA\dACC revisions\Run 4\Br8667_dlPFC_20x_img_006-MaxIP-Stitched_unmixed_rotated.nd2","Layer 1","dACC_v17_ FISH-IF v2.4.4","915","6302","6325","4109","4134","0","0","1","0","1","1","845.7297","0","393.37512","0","0","0","0","0","0","0","0","0","0","0","0","0","0","0","11","16.663193","2","9910.641","594.76245","74.38596","44.419834","29.966127","26.174877","0.655895"
"D:\HAA\dACC revisions\Run 4\Br8667_dlPFC_20x_img_006-MaxIP-Stitched_unmixed_rotated.nd2","Layer 1","dACC_v17_ FISH-IF v2.4.4","916","6346","6371","4117","4141","0","0","0","0","1","1","3142.0715","0","496.45105","1","0.782526","0","803.976","793.9091","0","0","0","0","0","1","0.50634","0","328.52264","648.8182","0","0","0","0","0","90.036476","48.884834","41.15164","28.749454","0.788076"
"D:\HAA\dACC revisions\Run 4\Br8667_dlPFC_20x_img_006-MaxIP-Stitched_unmixed_rotated.nd2","Layer 1","dACC_v17_ FISH-IF v2.4.4","917","6323","6348","4117","4145","0","0","1","0","1","1","3175.309","0","492.98294","0","0","0","0","0","0","0","0","0","0","0","0","0","0","0","7","9.942678","1","4880.7964","490.89352","98.22998","62.049675","36.1803","27.462166","0.691679"
"D:\HAA\dACC revisions\Run 4\Br8667_dlPFC_20x_img_006-MaxIP-Stitched_unmixed_rotated.nd2","Layer 1","dACC_v17_ FISH-IF v2.4.4","918","6583","6616","4116","4158","0","0","0","0","1","1","2985.166","0","662.761","0","0","0","0","0","0","0","0","0","0","0","0","0","0","0","1","2.99201","0","1460.515","488.13846","204.42331","120.37085","84.05245","42.909634","0.76683"
"D:\HAA\dACC revisions\Run 4\Br8667_dlPFC_20x_img_006-MaxIP-Stitched_unmixed_rotated.nd2","Layer 1","dACC_v17_ FISH-IF v2.4.4","919","6461","6492","4155","4190","0","0","0","0","1","1","2356.3389","0","436.6905","0","0","0","0","0","0","0","0","0","0","0","0","0","0","0","0","0","0","0","0","156.1829","98.59823","57.58468","34.327705","0.847363"
"D:\HAA\dACC revisions\Run 4\Br8667_dlPFC_20x_img_006-MaxIP-Stitched_unmixed_rotated.nd2","Layer 1","dACC_v17_ FISH-IF v2.4.4","920","6657","6689","4157","4191","0","0","0","0","1","1","2908.4612","0","461.1997","0","0","0","0","0","0","0","0","0","0","0","0","0","0","0","0","0","0","0","0","147.20688","96.11256","51.09432","33.89861","0.766074"
"D:\HAA\dACC revisions\Run 4\Br8667_dlPFC_20x_img_006-MaxIP-Stitched_unmixed_rotated.nd2","Layer 1","dACC_v17_ FISH-IF v2.4.4","921","6432","6460","2381","2404","0","0","0","0","1","1","2215.7915","0","351.1416","0","0","0","0","0","0","0","0","0","0","0","0","0","0","0","2","1.472989","0","836.28973","567.75","99.28869","67.941635","31.347055","25.74578","0.829403"
"D:\HAA\dACC revisions\Run 4\Br8667_dlPFC_20x_img_006-MaxIP-Stitched_unmixed_rotated.nd2","Layer 1","dACC_v17_ FISH-IF v2.4.4","922","6513","6535","2398","2417","0","0","0","0","1","1","898.1307","0","169.48573","0","0","0","0","0","0","0","0","0","0","0","0","0","0","0","0","0","0","0","0","62.417923","53.25777","9.160152","12.658342","0.784703"
"D:\HAA\dACC revisions\Run 4\Br8667_dlPFC_20x_img_006-MaxIP-Stitched_unmixed_rotated.nd2","Layer 1","dACC_v17_ FISH-IF v2.4.4","923","6342","6376","2409","2436","0","0","0","0","1","1","1732.1782","0","375.829","0","0","0","0","0","0","0","0","0","0","0","0","0","0","0","1","1.611082","0","929.59436","577","128.3342","88.563484","39.770714","30.46584","0.71178"
"D:\HAA\dACC revisions\Run 4\Br8667_dlPFC_20x_img_006-MaxIP-Stitched_unmixed_rotated.nd2","Layer 1","dACC_v17_ FISH-IF v2.4.4","924","6534","6555","2411","2433","0","0","0","0","1","1","1370.0979","0","204.48462","0","0","0","0","0","0","0","0","0","0","0","0","0","0","0","0","0","0","0","0","66.19246","55.375195","10.817266","14.589275","0.811436"
"D:\HAA\dACC revisions\Run 4\Br8667_dlPFC_20x_img_006-MaxIP-Stitched_unmixed_rotated.nd2","Layer 1","dACC_v17_ FISH-IF v2.4.4","925","6417","6457","2452","2477","0","0","0","0","1","1","1372.7303","0","322.45114","0","0","0","0","0","0","0","0","0","0","0","0","0","0","0","0","0","0","0","0","131.69446","87.13653","44.55793","35.400448","0.598332"
"D:\HAA\dACC revisions\Run 4\Br8667_dlPFC_20x_img_006-MaxIP-Stitched_unmixed_rotated.nd2","Layer 1","dACC_v17_ FISH-IF v2.4.4","926","6312","6333","2453","2477","0","0","0","0","1","1","1496.511","0","268.07025","0","0","0","0","0","0","0","0","0","0","0","0","0","0","0","3","2.301546","0","1200.3943","521.56","71.57808","58.965607","12.612472","15.876565","0.754419"
"D:\HAA\dACC revisions\Run 4\Br8667_dlPFC_20x_img_006-MaxIP-Stitched_unmixed_rotated.nd2","Layer 1","dACC_v17_ FISH-IF v2.4.4","927","6374","6398","2460","2486","0","0","0","0","1","1","1713.6091","0","382.5709","0","0","0","0","0","0","0","0","0","0","0","0","0","0","0","0","0","0","0","0","75.30658","49.98958","25.317005","24.029396","0.807869"
"D:\HAA\dACC revisions\Run 4\Br8667_dlPFC_20x_img_006-MaxIP-Stitched_unmixed_rotated.nd2","Layer 1","dACC_v17_ FISH-IF v2.4.4","928","6428","6455","2471","2493","0","0","0","0","1","1","1777.5559","0","375.75595","0","0","0","0","0","0","0","0","0","0","0","0","0","0","0","0","0","0","0","0","86.72225","59.978287","26.743963","24.029396","0.793823"
"D:\HAA\dACC revisions\Run 4\Br8667_dlPFC_20x_img_006-MaxIP-Stitched_unmixed_rotated.nd2","Layer 1","dACC_v17_ FISH-IF v2.4.4","929","6472","6491","2468","2487","0","0","0","0","1","1","551.6336","0","150.29488","0","0","0","0","0","0","0","0","0","0","0","0","0","0","0","0","0","0","0","0","52.705402","46.67535","6.03005","10.298312","0.904454"
"D:\HAA\dACC revisions\Run 4\Br8667_dlPFC_20x_img_006-MaxIP-Stitched_unmixed_rotated.nd2","Layer 1","dACC_v17_ FISH-IF v2.4.4","930","6383","6400","2470","2495","0","0","0","0","1","1","1710.5361","0","361.7227","0","0","0","0","0","0","0","0","0","0","0","0","0","0","0","0","0","0","0","0","52.429214","28.216953","24.212263","22.098461","0.830975"
"D:\HAA\dACC revisions\Run 4\Br8667_dlPFC_20x_img_006-MaxIP-Stitched_unmixed_rotated.nd2","Layer 1","dACC_v17_ FISH-IF v2.4.4","931","6401","6422","2470","2495","0","0","0","0","1","1","1761.6504","0","372.15802","0","0","0","0","0","0","0","0","0","0","0","0","0","0","0","0","0","0","0","0","84.28261","55.05298","29.229633","22.31301","0.802778"
"D:\HAA\dACC revisions\Run 4\Br8667_dlPFC_20x_img_006-MaxIP-Stitched_unmixed_rotated.nd2","Layer 1","dACC_v17_ FISH-IF v2.4.4","932","6348","6380","2504","2528","0","0","0","0","1","1","2039.8336","0","440.02277","0","0","0","0","0","0","0","0","0","0","0","0","0","0","0","0","0","0","0","0","112.08528","80.83029","31.254993","25.102137","0.722032"
"D:\HAA\dACC revisions\Run 4\Br8667_dlPFC_20x_img_006-MaxIP-Stitched_unmixed_rotated.nd2","Layer 1","dACC_v17_ FISH-IF v2.4.4","933","6303","6323","2504","2524","0","0","0","0","1","1","1005.375","0","157.31126","0","0","0","0","0","0","0","0","0","0","0","0","0","0","0","0","0","0","0","0","55.65138","48.65468","6.996699","10.941957","0.862294"
"D:\HAA\dACC revisions\Run 4\Br8667_dlPFC_20x_img_006-MaxIP-Stitched_unmixed_rotated.nd2","Layer 1","dACC_v17_ FISH-IF v2.4.4","934","6305","6330","2524","2561","0","0","0","1","1","1","1190.0945","0","278.24728","7","12.428348","1","12841.613","1021.89746","0","0","0","0","0","3","3.912628","0","3502.7688","895.2471","0","0","0","0","0","117.93121","80.416016","37.515198","36.044094","0.543659"
"D:\HAA\dACC revisions\Run 4\Br8667_dlPFC_20x_img_006-MaxIP-Stitched_unmixed_rotated.nd2","Layer 1","dACC_v17_ FISH-IF v2.4.4","935","6635","6669","2534","2565","0","0","0","0","1","1","1515.2","0","338.9995","0","0","0","0","0","0","0","0","0","0","0","0","0","0","0","0","0","0","0","0","151.48775","96.480804","55.006947","33.89861","0.842037"
"D:\HAA\dACC revisions\Run 4\Br8667_dlPFC_20x_img_006-MaxIP-Stitched_unmixed_rotated.nd2","Layer 1","dACC_v17_ FISH-IF v2.4.4","936","6468","6502","2549","2574","0","0","0","0","1","1","2146.3228","0","405.01318","1","0.782526","0","596.3766","762.1177","0","0","0","0","0","0","0","0","0","0","0","0","0","0","0","125.29616","87.366684","37.929478","27.891262","0.743819"
"D:\HAA\dACC revisions\Run 4\Br8667_dlPFC_20x_img_006-MaxIP-Stitched_unmixed_rotated.nd2","Layer 1","dACC_v17_ FISH-IF v2.4.4","937","6299","6319","2550","2572","0","0","0","0","1","1","1915.8296","0","289.998","1","0.50634","0","552.73926","1091.6364","0","0","0","0","0","0","0","0","0","0","0","0","0","0","0","57.998955","45.846794","12.152163","15.018372","0.793164"
"D:\HAA\dACC revisions\Run 4\Br8667_dlPFC_20x_img_006-MaxIP-Stitched_unmixed_rotated.nd2","Layer 1","dACC_v17_ FISH-IF v2.4.4","938","6319","6331","2556","2568","0","0","0","0","1","1","1243.7609","0","235.54942","2","7.04273","0","9440.48","1340.4575","0","0","0","0","0","0","0","0","0","0","0","0","0","0","0","22.140871","20.023449","2.117422","6.221897","0.721096"
"D:\HAA\dACC revisions\Run 4\Br8667_dlPFC_20x_img_006-MaxIP-Stitched_unmixed_rotated.nd2","Layer 1","dACC_v17_ FISH-IF v2.4.4","939","6430","6457","2556","2583","0","0","0","1","1","1","1764.5447","0","259.2399","8","20.06948","1","38086.992","1897.7568","0","0","0","0","0","2","1.472989","0","1199.1515","814.09375","0","0","0","0","0","100.11725","67.15911","32.958138","26.818521","0.757234"
"D:\HAA\dACC revisions\Run 4\Br8667_dlPFC_20x_img_006-MaxIP-Stitched_unmixed_rotated.nd2","Layer 1","dACC_v17_ FISH-IF v2.4.4","940","6453","6467","2558","2576","0","0","0","1","1","1","1268.5479","0","378.66357","4","8.009379","1","10328.878","1282.2285","0","0","0","0","0","0","0","0","0","0","0","0","0","0","0","35.12159","29.828035","5.293556","9.654668","0.834282"
"D:\HAA\dACC revisions\Run 4\Br8667_dlPFC_20x_img_006-MaxIP-Stitched_unmixed_rotated.nd2","Layer 1","dACC_v17_ FISH-IF v2.4.4","941","6467","6492","2574","2602","0","1","1","0","1","1","1708.9554","0","222.99367","0","0","0","0","0","0","0","0","0","0","6","5.52371","1","4977.6455","901.14166","35","44.189682","4","57760.652","1307.1073","100.66962","72.77488","27.894735","22.742105","0.831615"
"D:\HAA\dACC revisions\Run 4\Br8667_dlPFC_20x_img_006-MaxIP-Stitched_unmixed_rotated.nd2","Layer 1","dACC_v17_ FISH-IF v2.4.4","942","6324","6352","2583","2610","0","0","0","0","1","1","1438.7656","0","328.88907","0","0","0","0","0","0","0","0","0","0","0","0","0","0","0","0","0","0","0","0","111.25673","78.85096","32.405766","24.887589","0.896084"
"D:\HAA\dACC revisions\Run 4\Br8667_dlPFC_20x_img_006-MaxIP-Stitched_unmixed_rotated.nd2","Layer 1","dACC_v17_ FISH-IF v2.4.4","943","6442","6471","2585","2608","0","1","1","0","1","1","705.31744","0","229.61568","0","0","0","0","0","0","0","0","0","0","5","5.339586","1","4589.098","859.4483","50","59.471947","4","79231.31","1332.247","98.92044","72.820915","26.09953","22.31301","0.763351"
"D:\HAA\dACC revisions\Run 4\Br8667_dlPFC_20x_img_006-MaxIP-Stitched_unmixed_rotated.nd2","Layer 1","dACC_v17_ FISH-IF v2.4.4","944","6459","6484","2613","2637","0","0","1","0","1","1","982.95825","0","233.01913","0","0","0","0","0","0","0","0","0","0","1","0.50634","0","358.02847","707.0909","14","25.363035","2","18717.092","737.96735","91.78565","69.73684","22.04881","20.167528","0.849199"
"D:\HAA\dACC revisions\Run 4\Br8667_dlPFC_20x_img_006-MaxIP-Stitched_unmixed_rotated.nd2","Layer 1","dACC_v17_ FISH-IF v2.4.4","945","6552","6584","2621","2653","0","0","0","0","1","1","1491.0452","0","269.21878","0","0","0","0","0","2","1.242835","0","841.6293","677.1852","0","0","0","0","0","1","0.966649","0","478.72153","495.2381","157.56383","98.46013","59.1037","33.254967","0.910736"
"D:\HAA\dACC revisions\Run 4\Br8667_dlPFC_20x_img_006-MaxIP-Stitched_unmixed_rotated.nd2","Layer 1","dACC_v17_ FISH-IF v2.4.4","946","6393","6412","2638","2657","0","0","0","0","1","1","519.625","0","133.97469","0","0","0","0","0","0","0","0","0","0","1","0.644433","0","469.23917","728.1429","1","1.058711","0","515.0399","486.47827","53.53396","47.273754","6.260205","10.298312","0.885686"
"D:\HAA\dACC revisions\Run 4\Br8667_dlPFC_20x_img_006-MaxIP-Stitched_unmixed_rotated.nd2","Layer 1","dACC_v17_ FISH-IF v2.4.4","947","6504","6532","2662","2695","0","0","1","0","1","1","1211.2595","0","366.26227","0","0","0","0","0","0","0","0","0","0","0","0","0","0","0","54","75.49071","4","87120.28","1154.0531","132.98332","88.10317","44.880146","33.89861","0.755119"
"D:\HAA\dACC revisions\Run 4\Br8667_dlPFC_20x_img_006-MaxIP-Stitched_unmixed_rotated.nd2","Layer 1","dACC_v17_ FISH-IF v2.4.4","948","6494","6505","2666","2681","0","0","1","0","1","1","1079.1482","0","309.11752","0","0","0","0","0","0","0","0","0","0","0","0","0","0","0","14","15.55845","2","22453.1","1443.145","25.132881","23.890047","1.242835","4.290963","0.76988"
"D:\HAA\dACC revisions\Run 4\Br8667_dlPFC_20x_img_006-MaxIP-Stitched_unmixed_rotated.nd2","Layer 1","dACC_v17_ FISH-IF v2.4.4","949","6548","6579","2672","2696","0","0","0","0","1","1","1299.8538","0","357.01746","0","0","0","0","0","0","0","0","0","0","0","0","0","0","0","0","0","0","0","0","105.779045","71.163795","34.61525","26.603973","0.788408"
"D:\HAA\dACC revisions\Run 4\Br8667_dlPFC_20x_img_006-MaxIP-Stitched_unmixed_rotated.nd2","Layer 1","dACC_v17_ FISH-IF v2.4.4","950","6268","6288","2687","2707","0","0","0","0","1","1","1026.4674","0","195.25873","2","2.853917","0","2464.9097","863.69354","0","0","0","0","0","0","0","0","0","0","1","0.828557","0","409.90533","494.72223","59.886223","51.416534","8.469688","12.014698","0.832789"
"D:\HAA\dACC revisions\Run 4\Br8667_dlPFC_20x_img_006-MaxIP-Stitched_unmixed_rotated.nd2","Layer 1","dACC_v17_ FISH-IF v2.4.4","951","6534","6568","2688","2716","0","0","0","0","1","1","1524.9294","0","367.48358","0","0","0","0","0","0","0","0","0","0","0","0","0","0","0","0","0","0","0","0","130.95796","82.71756","48.240402","31.75313","0.747526"
"D:\HAA\dACC revisions\Run 4\Br8667_dlPFC_20x_img_006-MaxIP-Stitched_unmixed_rotated.nd2","Layer 1","dACC_v17_ FISH-IF v2.4.4","952","6652","6680","2692","2716","0","1","1","0","1","1","2617.0046","0","598.0287","0","0","0","0","0","0","0","0","0","0","4","3.544381","1","2789.3354","786.974","7","4.603092","1","2136.1108","464.06","83.31596","52.981586","30.334375","24.67304","0.843407"
"D:\HAA\dACC revisions\Run 4\Br8667_dlPFC_20x_img_006-MaxIP-Stitched_unmixed_rotated.nd2","Layer 1","dACC_v17_ FISH-IF v2.4.4","953","6293","6316","2697","2719","0","0","0","0","1","1","2198.9702","0","366.46136","0","0","0","0","0","0","0","0","0","0","0","0","0","0","0","0","0","0","0","0","77.377975","61.957615","15.420358","16.734756","0.792306"
"D:\HAA\dACC revisions\Run 4\Br8667_dlPFC_20x_img_006-MaxIP-Stitched_unmixed_rotated.nd2","Layer 1","dACC_v17_ FISH-IF v2.4.4","954","6657","6685","2705","2727","0","0","1","0","1","1","2271.598","0","914.41547","0","0","0","0","0","0","0","0","0","0","1","1.104742","0","1040.667","942","4","6.720514","1","3573.288","531.6986","50.449886","28.5852","21.864685","23.600298","0.656383"
"D:\HAA\dACC revisions\Run 4\Br8667_dlPFC_20x_img_006-MaxIP-Stitched_unmixed_rotated.nd2","Layer 1","dACC_v17_ FISH-IF v2.4.4","955","6416","6449","2706","2736","0","1","1","0","1","1","1819.6165","0","550.7088","0","0","0","0","0","1","0.414278","0","270.47766","652.8889","54","37.19298","4","52385.484","1408.4778","26","52.475246","3","37614.027","716.7956","141.1308","85.20323","55.927567","34.327705","0.878806"
"D:\HAA\dACC revisions\Run 4\Br8667_dlPFC_20x_img_006-MaxIP-Stitched_unmixed_rotated.nd2","Layer 1","dACC_v17_ FISH-IF v2.4.4","956","6457","6488","2708","2735","0","0","0","0","1","1","2026.0513","0","403.96738","0","0","0","0","0","0","0","0","0","0","0","0","0","0","0","0","0","0","0","0","123.2708","84.650856","38.619938","27.03307","0.832925"
"D:\HAA\dACC revisions\Run 4\Br8667_dlPFC_20x_img_006-MaxIP-Stitched_unmixed_rotated.nd2","Layer 1","dACC_v17_ FISH-IF v2.4.4","957","6415","6444","2732","2761","0","0","0","0","1","1","1500.1163","0","353.45813","0","0","0","0","0","0","0","0","0","0","2","1.334897","0","1101.1976","824.931","2","3.544381","0","2006.5337","566.1169","117.97724","66.51468","51.462566","32.61132","0.891223"
"D:\HAA\dACC revisions\Run 4\Br8667_dlPFC_20x_img_006-MaxIP-Stitched_unmixed_rotated.nd2","Layer 1","dACC_v17_ FISH-IF v2.4.4","958","6276","6307","2736","2760","0","0","0","0","1","1","2497.054","0","422.17712","0","0","0","0","0","0","0","0","0","0","0","0","0","0","0","0","0","0","0","0","105.73302","78.48271","27.250303","24.887589","0.678803"
"D:\HAA\dACC revisions\Run 4\Br8667_dlPFC_20x_img_006-MaxIP-Stitched_unmixed_rotated.nd2","Layer 1","dACC_v17_ FISH-IF v2.4.4","959","6532","6551","2736","2755","0","0","0","0","1","1","369.02667","0","169.32286","0","0","0","0","0","0","0","0","0","0","0","0","0","0","0","0","0","0","0","0","55.237103","48.332462","6.904638","11.156505","0.904363"
"D:\HAA\dACC revisions\Run 4\Br8667_dlPFC_20x_img_006-MaxIP-Stitched_unmixed_rotated.nd2","Layer 1","dACC_v17_ FISH-IF v2.4.4","960","6336","6365","2736","2758","0","0","0","0","1","1","2033.1295","0","422.89053","0","0","0","0","0","0","0","0","0","0","0","0","0","0","0","0","0","0","0","0","92.107864","71.486015","20.621851","21.454817","0.658635"
"D:\HAA\dACC revisions\Run 4\Br8667_dlPFC_20x_img_006-MaxIP-Stitched_unmixed_rotated.nd2","Layer 1","dACC_v17_ FISH-IF v2.4.4","961","6394","6422","2739","2769","0","0","0","1","1","1","1779.8416","0","346.23746","9","18.320305","1","22225.107","1213.1407","0","0","0","0","0","1","0.552371","0","387.8105","702.0833","1","0.368247","0","169.11758","459.25","115.215385","72.498695","42.71669","28.749454","0.895236"
"D:\HAA\dACC revisions\Run 4\Br8667_dlPFC_20x_img_006-MaxIP-Stitched_unmixed_rotated.nd2","Layer 1","dACC_v17_ FISH-IF v2.4.4","962","6326","6348","2758","2777","0","0","0","0","1","1","794.2281","0","155.65765","0","0","0","0","0","0","0","0","0","0","0","0","0","0","0","1","1.426958","0","848.53394","594.64514","58.965607","51.09432","7.871287","12.229246","0.754444"
"D:\HAA\dACC revisions\Run 4\Br8667_dlPFC_20x_img_006-MaxIP-Stitched_unmixed_rotated.nd2","Layer 1","dACC_v17_ FISH-IF v2.4.4","963","6203","6226","4017","4043","0","0","0","0","1","1","2172.3525","0","403.89078","0","0","0","0","0","0","0","0","0","0","0","0","0","0","0","0","0","0","0","0","88.74761","67.84957","20.898037","20.167528","0.793368"
"D:\HAA\dACC revisions\Run 4\Br8667_dlPFC_20x_img_006-MaxIP-Stitched_unmixed_rotated.nd2","Layer 1","dACC_v17_ FISH-IF v2.4.4","964","6184","6216","4033","4067","0","0","0","1","1","1","2400.9128","0","414.10718","10","24.99479","2","34278.95","1371.4438","0","0","0","0","0","2","1.380928","0","1042.9685","755.26666","2","5.339586","0","3568.1787","668.25","144.03075","94.91575","49.11499","33.89861","0.712331"
"D:\HAA\dACC revisions\Run 4\Br8667_dlPFC_20x_img_006-MaxIP-Stitched_unmixed_rotated.nd2","Layer 1","dACC_v17_ FISH-IF v2.4.4","965","6096","6119","4062","4085","0","0","0","0","1","1","2183.3774","0","347.08295","0","0","0","0","0","0","0","0","0","0","0","0","0","0","0","0","0","0","0","0","75.12246","60.484627","14.637832","16.734756","0.878164"
"D:\HAA\dACC revisions\Run 4\Br8667_dlPFC_20x_img_006-MaxIP-Stitched_unmixed_rotated.nd2","Layer 1","dACC_v17_ FISH-IF v2.4.4","966","6009","6053","4124","4160","0","1","1","0","1","1","857.63354","0","205.71347","0","0","0","0","0","1","0.552371","0","377.5456","683.5","17","16.06479","3","13734.383","854.93695","143","139.33559","4","230523.58","1654.4486","207.59944","121.9359","85.663536","45.913307","0.683021"
"D:\HAA\dACC revisions\Run 4\Br8667_dlPFC_20x_img_006-MaxIP-Stitched_unmixed_rotated.nd2","Layer 1","dACC_v17_ FISH-IF v2.4.4","967","5960","5980","4127","4147","0","0","0","0","1","1","522.0179","0","157.22867","0","0","0","0","0","0","0","0","0","0","0","0","0","0","0","1","0.368247","0","163.36372","443.625","58.459267","50.72607","7.733194","12.014698","0.752397"
"D:\HAA\dACC revisions\Run 4\Br8667_dlPFC_20x_img_006-MaxIP-Stitched_unmixed_rotated.nd2","Layer 1","dACC_v17_ FISH-IF v2.4.4","968","5870","5891","4147","4169","0","0","0","0","1","1","2290.2725","0","483.2791","0","0","0","0","0","0","0","0","0","0","0","0","0","0","0","1","0.414278","0","185.5046","447.77777","57.768803","41.888134","15.880667","18.665691","0.866533"
"D:\HAA\dACC revisions\Run 4\Br8667_dlPFC_20x_img_006-MaxIP-Stitched_unmixed_rotated.nd2","Layer 1","dACC_v17_ FISH-IF v2.4.4","969","3467","3498","3569","3599","0","0","0","0","1","1","2369.8787","0","402.03973","2","2.853917","0","2281.1082","799.29034","0","0","0","0","0","0","0","0","0","0","2","1.749175","0","919.8358","525.8684","117.37884","72.95901","44.419834","29.822195","0.82016"
"D:\HAA\dACC revisions\Run 4\Br8667_dlPFC_20x_img_006-MaxIP-Stitched_unmixed_rotated.nd2","Layer 1","dACC_v17_ FISH-IF v2.4.4","970","3843","3870","3659","3683","0","0","0","0","1","1","1763.5299","0","292.43115","0","0","0","0","0","0","0","0","0","0","0","0","0","0","0","0","0","0","0","0","92.7523","71.20983","21.542469","21.02572","0.754346"
"D:\HAA\dACC revisions\Run 4\Br8667_dlPFC_20x_img_006-MaxIP-Stitched_unmixed_rotated.nd2","Layer 1","dACC_v17_ FISH-IF v2.4.4","971","3735","3759","3728","3752","0","0","0","0","1","1","1145.8435","0","217.2983","0","0","0","0","0","0","0","0","0","0","0","0","0","0","0","0","0","0","0","0","82.165184","64.81153","17.353657","18.665691","0.803104"
"D:\HAA\dACC revisions\Run 4\Br8667_dlPFC_20x_img_006-MaxIP-Stitched_unmixed_rotated.nd2","Layer 1","dACC_v17_ FISH-IF v2.4.4","972","3777","3796","3757","3775","0","0","0","0","1","1","715.1368","0","128.38004","0","0","0","0","0","0","0","0","0","0","0","0","0","0","0","1","0.598402","0","266.84122","445.92307","51.048286","45.66267","5.385617","9.44012","0.848126"
"D:\HAA\dACC revisions\Run 4\Br8667_dlPFC_20x_img_006-MaxIP-Stitched_unmixed_rotated.nd2","Layer 1","dACC_v17_ FISH-IF v2.4.4","973","3604","3629","3761","3782","0","0","0","0","1","1","1768.4415","0","235.75351","2","1.058711","0","914.7724","864.04346","0","0","0","0","0","1","0.598402","0","433.15094","723.8461","0","0","0","0","0","76.549416","62.371895","14.177523","17.807499","0.702959"
"D:\HAA\dACC revisions\Run 4\Br8667_dlPFC_20x_img_006-MaxIP-Stitched_unmixed_rotated.nd2","Layer 1","dACC_v17_ FISH-IF v2.4.4","974","3741","3762","3771","3792","1","0","0","0","1","1","478.19","0","159.22067","0","0","0","0","0","5","6.53639","1","6248.237","955.91547","1","1.380928","0","1043.8431","755.9","0","0","0","0","0","61.77349","52.567307","9.206183","12.87289","0.904238"
"D:\HAA\dACC revisions\Run 4\Br8667_dlPFC_20x_img_006-MaxIP-Stitched_unmixed_rotated.nd2","Layer 1","dACC_v17_ FISH-IF v2.4.4","975","3623","3642","3796","3813","0","0","0","0","1","1","364.27103","0","182.99594","0","0","0","0","0","0","0","0","0","0","0","0","0","0","0","3","3.406288","0","2139.1487","628","50.21973","45.294422","4.925308","9.011024","0.761772"
"D:\HAA\dACC revisions\Run 4\Br8667_dlPFC_20x_img_006-MaxIP-Stitched_unmixed_rotated.nd2","Layer 1","dACC_v17_ FISH-IF v2.4.4","976","3611","3634","3813","3843","0","0","0","0","1","1","2355.3525","0","584.04285","0","0","0","0","0","0","0","0","0","0","0","0","0","0","0","0","0","0","0","0","71.34792","35.443806","35.904114","28.749454","0.729296"
"D:\HAA\dACC revisions\Run 4\Br8667_dlPFC_20x_img_006-MaxIP-Stitched_unmixed_rotated.nd2","Layer 1","dACC_v17_ FISH-IF v2.4.4","977","3624","3646","3821","3851","0","0","0","0","1","1","2869.8486","0","500.5658","0","0","0","0","0","0","0","0","0","0","0","0","0","0","0","0","0","0","0","0","84.69689","45.478546","39.21834","30.680387","0.749021"
"D:\HAA\dACC revisions\Run 4\Br8667_dlPFC_20x_img_006-MaxIP-Stitched_unmixed_rotated.nd2","Layer 1","dACC_v17_ FISH-IF v2.4.4","978","3593","3621","3821","3850","0","0","0","0","1","1","2813.8867","0","428.3407","0","0","0","0","0","0","0","0","0","0","0","0","0","0","0","1","0.322216","0","136.66579","424.14285","102.78704","62.556015","40.23102","28.749454","0.828995"
"D:\HAA\dACC revisions\Run 4\Br8667_dlPFC_20x_img_006-MaxIP-Stitched_unmixed_rotated.nd2","Layer 1","dACC_v17_ FISH-IF v2.4.4","979","3644","3668","3821","3846","0","0","0","0","1","1","3142.5317","0","407.34207","0","0","0","0","0","0","0","0","0","0","0","0","0","0","0","0","0","0","0","0","87.91905","59.61004","28.309013","23.600298","0.795118"
"D:\HAA\dACC revisions\Run 4\Br8667_dlPFC_20x_img_006-MaxIP-Stitched_unmixed_rotated.nd2","Layer 1","dACC_v17_ FISH-IF v2.4.4","980","3709","3732","3849","3871","1","0","0","0","1","1","1005.09796","0","326.8367","1","0.50634","0","387.7184","765.7273","5","7.641132","1","8719.177","1141.0844","0","0","0","0","0","0","0","0","0","0","58.73545","40.875454","17.859997","20.382076","0.798498"
"D:\HAA\dACC revisions\Run 4\Br8667_dlPFC_20x_img_006-MaxIP-Stitched_unmixed_rotated.nd2","Layer 1","dACC_v17_ FISH-IF v2.4.4","981","3696","3723","3857","3884","1","0","0","0","1","1","1022.82733","0","375.3789","0","0","0","0","0","16","22.831335","3","36890.145","1568.3385","0","0","0","0","0","1","0.460309","0","208.70418","453.4","91.96977","57.58468","34.385094","28.10581","0.819066"
"D:\HAA\dACC revisions\Run 4\Br8667_dlPFC_20x_img_006-MaxIP-Stitched_unmixed_rotated.nd2","Layer 1","dACC_v17_ FISH-IF v2.4.4","982","3721","3742","3869","3900","1","0","0","1","1","1","2679.5962","0","448.80423","5","13.072781","1","16358.422","1251.3345","4","5.109432","1","5148.972","1007.7387","0","0","0","0","0","0","0","0","0","0","93.48879","71.71617","21.772623","22.742105","0.633955"
"D:\HAA\dACC revisions\Run 4\Br8667_dlPFC_20x_img_006-MaxIP-Stitched_unmixed_rotated.nd2","Layer 1","dACC_v17_ FISH-IF v2.4.4","983","3743","3769","3872","3896","0","0","0","0","1","1","1978.8503","0","348.93375","0","0","0","0","0","0","0","0","0","0","2","1.242835","0","814.1949","655.1111","0","0","0","0","0","87.688896","67.38927","20.299635","19.738432","0.802337"
"D:\HAA\dACC revisions\Run 4\Br8667_dlPFC_20x_img_006-MaxIP-Stitched_unmixed_rotated.nd2","Layer 1","dACC_v17_ FISH-IF v2.4.4","984","3501","3537","3885","3911","1","0","0","0","1","1","1061.9054","0","237.54356","0","0","0","0","0","12","19.977419","2","30820.736","1542.7788","2","2.577731","0","2348.9116","911.2321","1","1.472989","0","819.81067","556.5625","135.00868","95.09988","39.908806","32.182224","0.591307"
"D:\HAA\dACC revisions\Run 4\Br8667_dlPFC_20x_img_006-MaxIP-Stitched_unmixed_rotated.nd2","Layer 1","dACC_v17_ FISH-IF v2.4.4","985","3804","3828","3899","3922","0","0","0","0","1","1","2535.792","0","456.10986","0","0","0","0","0","0","0","0","0","0","0","0","0","0","0","0","0","0","0","0","72.45267","49.437206","23.01546","21.454817","0.84615"
"D:\HAA\dACC revisions\Run 4\Br8667_dlPFC_20x_img_006-MaxIP-Stitched_unmixed_rotated.nd2","Layer 1","dACC_v17_ FISH-IF v2.4.4","986","3614","3632","3901","3917","0","0","0","0","1","1","359.76364","0","148.95193","0","0","0","0","0","0","0","0","0","0","0","0","0","0","0","0","0","0","0","0","41.796074","39.264374","2.5317","6.650993","0.708826"
"D:\HAA\dACC revisions\Run 4\Br8667_dlPFC_20x_img_006-MaxIP-Stitched_unmixed_rotated.nd2","Layer 1","dACC_v17_ FISH-IF v2.4.4","987","3681","3713","3903","3932","0","0","0","0","1","1","1962.0231","0","320.2913","0","0","0","0","0","3","4.464999","0","4445.896","995.7217","3","3.222164","0","2794.399","768.44305","3","2.071391","0","1007.70886","486.4889","135.23883","89.43807","45.800762","30.036743","0.881248"
"D:\HAA\dACC revisions\Run 4\Br8667_dlPFC_20x_img_006-MaxIP-Stitched_unmixed_rotated.nd2","Layer 1","dACC_v17_ FISH-IF v2.4.4","988","3798","3824","3911","3937","0","0","0","0","1","1","2039.935","0","437.9207","0","0","0","0","0","0","0","0","0","0","0","0","0","0","0","0","0","0","0","0","82.53343","56.29581","26.237623","24.029396","0.727589"
"D:\HAA\dACC revisions\Run 4\Br8667_dlPFC_20x_img_006-MaxIP-Stitched_unmixed_rotated.nd2","Layer 1","dACC_v17_ FISH-IF v2.4.4","989","3486","3520","3916","3949","1","0","1","0","1","1","1197.3934","0","372.2063","0","0","0","0","0","48","49.62133","4","116432.21","2346.4146","2","1.334897","0","1502.127","906.4722","14","22.371025","2","12270.784","546.26434","154.34166","97.95379","56.387875","35.400448","0.820382"
"D:\HAA\dACC revisions\Run 4\Br8667_dlPFC_20x_img_006-MaxIP-Stitched_unmixed_rotated.nd2","Layer 1","dACC_v17_ FISH-IF v2.4.4","990","3601","3633","3920","3947","0","0","0","1","1","1","2270.6917","0","533.9035","11","27.480457","2","41640.168","1515.2646","1","0.598402","0","402.35626","672.38464","2","2.117422","0","1684.0872","795.34784","0","0","0","0","0","125.25013","87.78096","37.469166","29.17855","0.672427"
"D:\HAA\dACC revisions\Run 4\Br8667_dlPFC_20x_img_006-MaxIP-Stitched_unmixed_rotated.nd2","Layer 1","dACC_v17_ FISH-IF v2.4.4","991","3675","3694","3930","3948","0","0","0","1","1","1","780.43243","0","166.31065","5","8.929998","1","8672.593","971.17523","1","0.736495","0","600.8876","767.8823","2","1.288866","0","1069.6665","774.6","0","0","0","0","0","50.449886","45.340454","5.109432","9.44012","0.741479"
"D:\HAA\dACC revisions\Run 4\Br8667_dlPFC_20x_img_006-MaxIP-Stitched_unmixed_rotated.nd2","Layer 1","dACC_v17_ FISH-IF v2.4.4","992","3748","3779","3952","3974","0","0","1","0","1","1","1337.7909","0","355.18878","0","0","0","0","0","1","1.058711","0","821.9741","776.3913","0","0","0","0","0","7","11.231544","1","6029.912","536.8729","97.86173","62.417923","35.443806","27.03307","0.733688"
"D:\HAA\dACC revisions\Run 4\Br8667_dlPFC_20x_img_006-MaxIP-Stitched_unmixed_rotated.nd2","Layer 1","dACC_v17_ FISH-IF v2.4.4","993","3772","3801","3963","3993","0","0","0","0","1","1","1787.2451","0","369.84167","0","0","0","0","0","1","0.414278","0","275.3109","664.55554","0","0","0","0","0","1","0.322216","0","138.04672","428.42856","119.772446","77.33194","42.440506","30.46584","0.750912"
"D:\HAA\dACC revisions\Run 4\Br8667_dlPFC_20x_img_006-MaxIP-Stitched_unmixed_rotated.nd2","Layer 1","dACC_v17_ FISH-IF v2.4.4","994","4335","4354","2776","2797","0","0","0","0","1","1","461.68875","0","138.70142","0","0","0","0","0","0","0","0","0","0","0","0","0","0","0","0","0","0","0","0","55.973595","49.022926","6.950668","11.371053","0.803074"
"D:\HAA\dACC revisions\Run 4\Br8667_dlPFC_20x_img_006-MaxIP-Stitched_unmixed_rotated.nd2","Layer 1","dACC_v17_ FISH-IF v2.4.4","995","4392","4416","2790","2818","0","0","0","0","1","1","2839.7542","0","419.98972","0","0","0","0","0","0","0","0","0","0","0","0","0","0","0","0","0","0","0","0","88.93173","58.22911","30.702621","25.96033","0.776106"
"D:\HAA\dACC revisions\Run 4\Br8667_dlPFC_20x_img_006-MaxIP-Stitched_unmixed_rotated.nd2","Layer 1","dACC_v17_ FISH-IF v2.4.4","996","4405","4431","2801","2829","0","0","0","0","1","1","2849.279","0","514.984","0","0","0","0","0","0","0","0","0","0","0","0","0","0","0","0","0","0","0","0","94.59354","60.438595","34.15494","26.818521","0.816176"
"D:\HAA\dACC revisions\Run 4\Br8667_dlPFC_20x_img_006-MaxIP-Stitched_unmixed_rotated.nd2","Layer 1","dACC_v17_ FISH-IF v2.4.4","997","4434","4465","2812","2842","0","0","0","0","1","1","2330.3533","0","350.73297","0","0","0","0","0","1","0.874587","0","682.7766","780.6842","0","0","0","0","0","0","0","0","0","0","140.5324","92.56818","47.964214","30.036743","0.824518"
"D:\HAA\dACC revisions\Run 4\Br8667_dlPFC_20x_img_006-MaxIP-Stitched_unmixed_rotated.nd2","Layer 1","dACC_v17_ FISH-IF v2.4.4","998","4481","4516","2835","2862","0","0","0","0","1","1","2470.5044","0","351.78973","1","5.155463","0","7971.45","1546.2142","2","2.439639","0","2105.362","862.98114","0","0","0","0","0","0","0","0","0","0","141.40698","94.133224","47.273754","30.46584","0.764343"
"D:\HAA\dACC revisions\Run 4\Br8667_dlPFC_20x_img_006-MaxIP-Stitched_unmixed_rotated.nd2","Layer 1","dACC_v17_ FISH-IF v2.4.4","999","4301","4333","2869","2894","0","0","0","0","1","1","1569.7693","0","257.33704","0","0","0","0","0","0","0","0","0","0","0","0","0","0","0","0","0","0","0","0","115.215385","82.90168","32.313705","26.818521","0.70659"
"D:\HAA\dACC revisions\Run 4\Br8667_dlPFC_20x_img_006-MaxIP-Stitched_unmixed_rotated.nd2","Layer 1","dACC_v17_ FISH-IF v2.4.4","1000","4384","4423","2876","2913","1","1","1","0","1","1","1214.3196","0","282.74588","0","0","0","0","0","14","21.312315","2","24216.129","1109.8818","12","12.060101","2","9874.23","818.7519","12","18.320305","2","10052.324","548.6985","187.85217","114.11064","73.74153","42.909634","0.710344"
"D:\HAA\dACC revisions\Run 4\Br8667_dlPFC_20x_img_006-MaxIP-Stitched_unmixed_rotated.nd2","Layer 1","dACC_v17_ FISH-IF v2.4.4","1001","4664","4684","2887","2906","0","0","0","0","1","1","558.5878","0","177.92007","1","3.222164","0","3333.191","1034.4572","0","0","0","0","0","0","0","0","0","0","1","1.150773","0","567.5612","493.2","55.19107","48.378494","6.812576","11.156505","0.881622"
"D:\HAA\dACC revisions\Run 4\Br8667_dlPFC_20x_img_006-MaxIP-Stitched_unmixed_rotated.nd2","Layer 1","dACC_v17_ FISH-IF v2.4.4","1002","4619","4656","2911","2943","1","1","1","0","1","1","1609.0222","0","320.96875","0","0","0","0","0","48","59.978287","4","127262.875","2121.816","25","21.726593","3","24647.117","1134.4216","12","20.345665","2","11431.963","554.36163","162.99548","98.73632","64.25916","37.76048","0.77112"
"D:\HAA\dACC revisions\Run 4\Br8667_dlPFC_20x_img_006-MaxIP-Stitched_unmixed_rotated.nd2","Layer 1","dACC_v17_ FISH-IF v2.4.4","1003","4316","4338","2917","2934","0","0","1","0","1","1","1732.2443","0","544.9309","3","3.820566","0","3341.7065","874.66266","0","0","0","0","0","1","0.598402","0","387.90253","648.2308","14","27.664581","2","22530.568","814.4193","59.425915","45.294422","14.131492","17.163853","0.800837"
"D:\HAA\dACC revisions\Run 4\Br8667_dlPFC_20x_img_006-MaxIP-Stitched_unmixed_rotated.nd2","Layer 1","dACC_v17_ FISH-IF v2.4.4","1004","4338","4354","2919","2936","0","0","0","0","1","1","1178.4762","0","419.1605","0","0","0","0","0","0","0","0","0","0","0","0","0","0","0","1","0.50634","0","257.35886","508.27274","42.302414","38.435818","3.866597","9.011024","0.662888"
"D:\HAA\dACC revisions\Run 4\Br8667_dlPFC_20x_img_006-MaxIP-Stitched_unmixed_rotated.nd2","Layer 1","dACC_v17_ FISH-IF v2.4.4","1005","4360","4383","2923","2945","1","0","0","0","1","1","882.6701","0","177.14815","1","0.782526","0","583.57996","745.7647","4","5.201494","1","4777.273","918.4425","3","2.853917","0","2672.3708","936.3871","3","6.812576","0","3912.674","574.33105","73.05106","59.65607","13.394997","16.734756","0.777915"
"D:\HAA\dACC revisions\Run 4\Br8667_dlPFC_20x_img_006-MaxIP-Stitched_unmixed_rotated.nd2","Layer 1","dACC_v17_ FISH-IF v2.4.4","1006","4318","4344","2934","2960","0","0","0","0","1","1","3053.4993","0","480.39642","1","1.657113","0","1617.8486","976.30554","0","0","0","0","0","0","0","0","0","0","2","2.209484","0","1165.8711","527.6667","101.12993","69.78287","31.347055","24.887589","0.883187"
"D:\HAA\dACC revisions\Run 4\Br8667_dlPFC_20x_img_006-MaxIP-Stitched_unmixed_rotated.nd2","Layer 1","dACC_v17_ FISH-IF v2.4.4","1007","4617","4642","2941","2973","1","1","0","0","1","1","2790.6125","0","716.0393","0","0","0","0","0","7","11.185513","1","15620.361","1396.4814","4","4.418968","1","3719.8965","841.80206","1","1.565051","0","809.7759","517.41174","125.29616","79.67952","45.61664","30.680387","0.754286"
"D:\HAA\dACC revisions\Run 4\Br8667_dlPFC_20x_img_006-MaxIP-Stitched_unmixed_rotated.nd2","Layer 1","dACC_v17_ FISH-IF v2.4.4","1008","4597","4618","2943","2972","1","0","0","0","1","1","1352.6088","0","630.95996","0","0","0","0","0","17","21.772623","3","37707.793","1728.2363","3","2.347577","0","1695.5028","722.2353","0","0","0","0","0","89.76029","66.6988","23.06149","23.600298","0.656984"
"D:\HAA\dACC revisions\Run 4\Br8667_dlPFC_20x_img_006-MaxIP-Stitched_unmixed_rotated.nd2","Layer 1","dACC_v17_ FISH-IF v2.4.4","1009","4295","4320","2945","2972","0","0","1","0","1","1","3268.2341","0","563.6517","2","6.950668","0","8218.038","1182.3378","1","0.828557","0","790.07465","953.55554","0","0","0","0","0","8","14.085461","1","10725.664","761.4706","97.12524","72.54472","24.58051","22.31301","0.785323"
"D:\HAA\dACC revisions\Run 4\Br8667_dlPFC_20x_img_006-MaxIP-Stitched_unmixed_rotated.nd2","Layer 1","dACC_v17_ FISH-IF v2.4.4","1010","4396","4415","2958","2976","0","0","0","0","1","1","1135.4672","0","229.4762","0","0","0","0","0","1","1.150773","0","876.889","762","0","0","0","0","0","0","0","0","0","0","51.73875","45.432514","6.306236","10.298312","0.774604"
"D:\HAA\dACC revisions\Run 4\Br8667_dlPFC_20x_img_006-MaxIP-Stitched_unmixed_rotated.nd2","Layer 1","dACC_v17_ FISH-IF v2.4.4","1011","4634","4680","2969","2993","0","1","0","0","1","1","2318.1956","0","353.54846","0","0","0","0","0","2","2.209484","0","2201.981","996.6042","6","5.799896","1","4708.8706","811.8889","2","1.104742","0","501.8751","454.29166","159.08286","105.410805","53.67205","37.76048","0.567169"
"D:\HAA\dACC revisions\Run 4\Br8667_dlPFC_20x_img_006-MaxIP-Stitched_unmixed_rotated.nd2","Layer 1","dACC_v17_ FISH-IF v2.4.4","1012","4522","4540","2970","2988","1","0","0","0","1","1","472.22223","0","137.28792","0","0","0","0","0","8","11.968039","1","20165.822","1684.973","2","1.841237","0","1622.3597","881.125","0","0","0","0","0","49.5753","44.60396","4.971339","9.44012","0.88461"
"D:\HAA\dACC revisions\Run 4\Br8667_dlPFC_20x_img_006-MaxIP-Stitched_unmixed_rotated.nd2","Layer 1","dACC_v17_ FISH-IF v2.4.4","1013","4398","4419","2976","2997","0","0","0","0","1","1","1964.7328","0","285.79895","0","0","0","0","0","0","0","0","0","0","0","0","0","0","0","0","0","0","0","0","64.02901","53.349834","10.679173","14.160179","0.805306"
"D:\HAA\dACC revisions\Run 4\Br8667_dlPFC_20x_img_006-MaxIP-Stitched_unmixed_rotated.nd2","Layer 1","dACC_v17_ FISH-IF v2.4.4","1014","4621","4652","2985","3009","1","1","0","0","1","1","2674.368","0","635.2986","0","0","0","0","0","7","9.114121","1","12837.5625","1408.5354","18","10.495049","3","16967.732","1535.9","2","3.038041","0","1587.9286","522.6818","81.106476","41.934166","39.17231","28.749454","0.718635"
"D:\HAA\dACC revisions\Run 4\Br8667_dlPFC_20x_img_006-MaxIP-Stitched_unmixed_rotated.nd2","Layer 1","dACC_v17_ FISH-IF v2.4.4","1015","4605","4636","2993","3019","1","1","0","0","1","1","2791.8428","0","466.4219","0","0","0","0","0","5","5.937988","1","6314.9814","1063.4884","10","8.239534","2","10073.82","1222.6201","0","0","0","0","0","106.97585","64.25916","42.71669","30.251291","0.771682"
"D:\HAA\dACC revisions\Run 4\Br8667_dlPFC_20x_img_006-MaxIP-Stitched_unmixed_rotated.nd2","Layer 1","dACC_v17_ FISH-IF v2.4.4","1016","4635","4668","2996","3027","1","1","0","0","1","1","1764.2172","0","481.684","0","0","0","0","0","18","24.948757","3","34787.04","1394.3395","51","29.828035","4","50423.094","1690.4598","3","3.038041","0","1624.9374","534.86365","128.61038","78.80493","49.805454","33.254967","0.815997"
"D:\HAA\dACC revisions\Run 4\Br8667_dlPFC_20x_img_006-MaxIP-Stitched_unmixed_rotated.nd2","Layer 1","dACC_v17_ FISH-IF v2.4.4","1017","4582","4616","3064","3102","1","1","1","0","1","1","1210.8224","0","358.36203","1","1.887268","0","1680.5887","890.4878","6","9.022059","1","14357.642","1591.3928","32","31.991488","4","31572.055","964.6807","19","36.13427","3","22288.63","616.828","184.86017","111.76307","73.0971","51.062466","0.843622"
"D:\HAA\dACC revisions\Run 4\Br8667_dlPFC_20x_img_006-MaxIP-Stitched_unmixed_rotated.nd2","Layer 1","dACC_v17_ FISH-IF v2.4.4","1018","4656","4680","3087","3113","0","0","0","0","1","1","1061.0284","0","216.38535","0","0","0","0","0","0","0","0","0","0","0","0","0","0","0","0","0","0","0","0","85.019104","67.25117","17.767935","21.02572","0.65325"
"D:\HAA\dACC revisions\Run 4\Br8667_dlPFC_20x_img_006-MaxIP-Stitched_unmixed_rotated.nd2","Layer 1","dACC_v17_ FISH-IF v2.4.4","1019","4465","4498","3104","3139","1","1","1","0","1","1","1458.0092","0","499.14987","0","0","0","0","0","32","40.13896","4","66069.6","1646.0217","59","40.783394","4","58067.312","1423.798","5","10.264894","1","5891.7734","573.9731","141.40698","96.43477","44.972206","36.25864","0.636027"
"D:\HAA\dACC revisions\Run 4\Br8667_dlPFC_20x_img_006-MaxIP-Stitched_unmixed_rotated.nd2","Layer 1","dACC_v17_ FISH-IF v2.4.4","1020","4405","4432","3108","3142","0","1","0","1","1","1","2479.4707","0","422.30164","8","13.118812","1","13122.908","1000.31226","0","0","0","0","0","4","2.623762","1","2672.9692","879.8333","0","0","0","0","0","133.85791","90.036476","43.821434","29.607647","0.766407"
"D:\HAA\dACC revisions\Run 4\Br8667_dlPFC_20x_img_006-MaxIP-Stitched_unmixed_rotated.nd2","Layer 1","dACC_v17_ FISH-IF v2.4.4","1021","4663","4689","3111","3138","0","0","0","0","1","1","1723.1375","0","324.1122","0","0","0","0","0","0","0","0","0","0","0","0","0","0","0","0","0","0","0","0","101.12993","74.66215","26.467777","23.171202","0.764216"
"D:\HAA\dACC revisions\Run 4\Br8667_dlPFC_20x_img_006-MaxIP-Stitched_unmixed_rotated.nd2","Layer 1","dACC_v17_ FISH-IF v2.4.4","1022","4319","4340","3117","3136","0","0","0","0","1","1","628.29584","0","160.04657","0","0","0","0","0","1","1.288866","0","1165.8711","904.5714","1","0.644433","0","480.70087","745.9286","0","0","0","0","0","58.18308","50.403854","7.779225","12.014698","0.802116"
"D:\HAA\dACC revisions\Run 4\Br8667_dlPFC_20x_img_006-MaxIP-Stitched_unmixed_rotated.nd2","Layer 1","dACC_v17_ FISH-IF v2.4.4","1023","4451","4478","3118","3144","1","0","0","0","1","1","3054.3325","0","622.8267","0","0","0","0","0","5","6.490359","1","10829.786","1668.5957","3","2.761855","0","2975.3926","1077.3167","0","0","0","0","0","92.614204","58.965607","33.6486","25.316685","0.893011"
"D:\HAA\dACC revisions\Run 4\Br8667_dlPFC_20x_img_006-MaxIP-Stitched_unmixed_rotated.nd2","Layer 1","dACC_v17_ FISH-IF v2.4.4","1024","4446","4470","3136","3158","0","0","0","0","1","1","2484.5967","0","493.44864","0","0","0","0","0","1","1.611082","0","1836.2194","1139.7428","0","0","0","0","0","0","0","0","0","0","75.90498","53.76411","22.140871","20.167528","0.788892"
"D:\HAA\dACC revisions\Run 4\Br8667_dlPFC_20x_img_006-MaxIP-Stitched_unmixed_rotated.nd2","Layer 1","dACC_v17_ FISH-IF v2.4.4","1025","4492","4528","3138","3176","0","0","0","0","1","1","1665.2842","0","338.3112","0","0","0","0","0","1","0.50634","0","328.10837","648","2","1.242835","0","898.4775","722.9259","0","0","0","0","0","190.19975","110.19801","80.00173","40.764153","0.852432"
"D:\HAA\dACC revisions\Run 4\Br8667_dlPFC_20x_img_006-MaxIP-Stitched_unmixed_rotated.nd2","Layer 1","dACC_v17_ FISH-IF v2.4.4","1026","4558","4584","3138","3164","0","0","0","0","1","1","3173.8188","0","366.3241","2","2.853917","0","2586.4773","906.29034","0","0","0","0","0","0","0","0","0","0","0","0","0","0","0","92.24596","69.87493","22.371025","22.31301","0.731584"
"D:\HAA\dACC revisions\Run 4\Br8667_dlPFC_20x_img_006-MaxIP-Stitched_unmixed_rotated.nd2","Layer 1","dACC_v17_ FISH-IF v2.4.4","1027","4599","4626","3140","3169","0","0","0","0","1","1","2754.5203","0","457.49286","0","0","0","0","0","0","0","0","0","0","0","0","0","0","0","0","0","0","0","0","109.73771","64.53535","45.202362","29.393099","0.815539"
"D:\HAA\dACC revisions\Run 4\Br8667_dlPFC_20x_img_006-MaxIP-Stitched_unmixed_rotated.nd2","Layer 1","dACC_v17_ FISH-IF v2.4.4","1028","4581","4607","3143","3173","0","0","0","0","1","1","2635.7595","0","640.9289","0","0","0","0","0","0","0","0","0","0","0","0","0","0","0","0","0","0","0","0","103.61559","61.497307","42.11829","28.320358","0.827124"
"D:\HAA\dACC revisions\Run 4\Br8667_dlPFC_20x_img_006-MaxIP-Stitched_unmixed_rotated.nd2","Layer 1","dACC_v17_ FISH-IF v2.4.4","1029","4526","4546","3159","3180","0","0","0","0","1","1","2027.9526","0","227.79926","0","0","0","0","0","0","0","0","0","0","0","0","0","0","0","0","0","0","0","0","57.538647","49.759422","7.779225","12.014698","0.772086"
"D:\HAA\dACC revisions\Run 4\Br8667_dlPFC_20x_img_006-MaxIP-Stitched_unmixed_rotated.nd2","Layer 1","dACC_v17_ FISH-IF v2.4.4","1030","6857","6874","3575","3589","0","0","0","0","1","1","368.1111","0","261.07495","0","0","0","0","0","3","5.109432","0","6868.7793","1320.5398","0","0","0","0","0","0","0","0","0","0","33.372414","32.543858","0.828557","3.432771","0.59155"
"D:\HAA\dACC revisions\Run 4\Br8667_dlPFC_20x_img_006-MaxIP-Stitched_unmixed_rotated.nd2","Layer 1","dACC_v17_ FISH-IF v2.4.4","1031","6831","6856","3582","3603","1","0","0","0","1","1","823.57806","0","281.13797","0","0","0","0","0","5","9.390307","1","10392.769","1106.7549","1","0.690464","0","569.40247","824.6667","1","0.828557","0","395.03732","476.77777","81.19854","64.397255","16.801285","17.807499","0.796479"
"D:\HAA\dACC revisions\Run 4\Br8667_dlPFC_20x_img_006-MaxIP-Stitched_unmixed_rotated.nd2","Layer 1","dACC_v17_ FISH-IF v2.4.4","1032","6815","6835","3667","3685","0","0","0","0","1","1","653.38464","0","140.57509","0","0","0","0","0","0","0","0","0","0","0","0","0","0","0","1","0.50634","0","238.0719","470.18182","55.006947","48.424526","6.582421","10.727408","0.812991"
"D:\HAA\dACC revisions\Run 4\Br8667_dlPFC_20x_img_006-MaxIP-Stitched_unmixed_rotated.nd2","Layer 1","dACC_v17_ FISH-IF v2.4.4","1033","6852","6884","3675","3701","0","0","0","0","1","1","2952.3533","0","308.016","0","0","0","0","0","0","0","0","0","0","0","0","0","0","0","0","0","0","0","0","104.39812","80.55411","23.844015","27.03307","0.585607"
"D:\HAA\dACC revisions\Run 4\Br8667_dlPFC_20x_img_006-MaxIP-Stitched_unmixed_rotated.nd2","Layer 1","dACC_v17_ FISH-IF v2.4.4","1034","6803","6834","3697","3722","0","0","0","0","1","1","3110.0977","0","444.82108","0","0","0","0","0","1","0.644433","0","511.35745","793.5","0","0","0","0","0","0","0","0","0","0","113.78843","80.78426","33.00417","27.462166","0.663478"
"D:\HAA\dACC revisions\Run 4\Br8667_dlPFC_20x_img_006-MaxIP-Stitched_unmixed_rotated.nd2","Layer 1","dACC_v17_ FISH-IF v2.4.4","1035","6759","6795","3701","3734","0","0","0","0","1","1","3631.5486","0","544.7519","0","0","0","0","0","0","0","0","0","0","0","0","0","0","0","1","0.368247","0","160.83203","436.75","155.30832","104.62827","50.68004","37.116833","0.596783"
"D:\HAA\dACC revisions\Run 4\Br8667_dlPFC_20x_img_006-MaxIP-Stitched_unmixed_rotated.nd2","Layer 1","dACC_v17_ FISH-IF v2.4.4","1036","6832","6855","3705","3727","0","0","0","0","1","1","3312.8054","0","370.84927","0","0","0","0","0","1","2.163453","0","2999.0063","1386.2128","0","0","0","0","0","0","0","0","0","0","70.51936","56.80215","13.717214","16.520208","0.783714"
"D:\HAA\dACC revisions\Run 4\Br8667_dlPFC_20x_img_006-MaxIP-Stitched_unmixed_rotated.nd2","Layer 1","dACC_v17_ FISH-IF v2.4.4","1037","6706","6725","3754","3770","0","0","0","0","1","1","475.3768","0","184.35875","0","0","0","0","0","0","0","0","0","0","0","0","0","0","0","0","0","0","0","0","44.23571","41.059578","3.176133","7.723734","0.70645"
"D:\HAA\dACC revisions\Run 4\Br8667_dlPFC_20x_img_006-MaxIP-Stitched_unmixed_rotated.nd2","Layer 1","dACC_v17_ FISH-IF v2.4.4","1038","6768","6787","3762","3783","0","0","0","0","1","1","1668.1898","0","241.3513","0","0","0","0","0","0","0","0","0","0","0","0","0","0","0","0","0","0","0","0","56.80215","49.529266","7.272885","11.156505","0.842195"
"D:\HAA\dACC revisions\Run 4\Br8667_dlPFC_20x_img_006-MaxIP-Stitched_unmixed_rotated.nd2","Layer 1","dACC_v17_ FISH-IF v2.4.4","1039","6739","6754","3767","3782","0","0","0","0","1","1","1762.3158","0","598.4577","0","0","0","0","0","0","0","0","0","0","0","0","0","0","0","0","0","0","0","0","32.451797","31.57721","0.874587","3.432771","0.71788"
"D:\HAA\dACC revisions\Run 4\Br8667_dlPFC_20x_img_006-MaxIP-Stitched_unmixed_rotated.nd2","Layer 1","dACC_v17_ FISH-IF v2.4.4","1040","6708","6748","3770","3807","0","0","0","0","1","1","3659.118","0","466.18228","0","0","0","0","0","0","0","0","0","0","0","0","0","0","0","0","0","0","0","0","181.26976","114.89317","66.37658","43.767826","0.649043"
"D:\HAA\dACC revisions\Run 4\Br8667_dlPFC_20x_img_006-MaxIP-Stitched_unmixed_rotated.nd2","Layer 1","dACC_v17_ FISH-IF v2.4.4","1041","6857","6889","3806","3832","0","0","0","0","1","1","3413.962","0","413.3673","0","0","0","0","0","0","0","0","0","0","0","0","0","0","0","0","0","0","0","0","118.29946","84.466736","33.832726","28.320358","0.731838"
"D:\HAA\dACC revisions\Run 4\Br8667_dlPFC_20x_img_006-MaxIP-Stitched_unmixed_rotated.nd2","Layer 1","dACC_v17_ FISH-IF v2.4.4","1042","6676","6696","3824","3843","0","0","0","0","1","1","955.38403","0","208.62135","0","0","0","0","0","0","0","0","0","0","0","0","0","0","0","0","0","0","0","0","53.76411","47.411846","6.352267","10.727408","0.897624"
"D:\HAA\dACC revisions\Run 4\Br8667_dlPFC_20x_img_006-MaxIP-Stitched_unmixed_rotated.nd2","Layer 1","dACC_v17_ FISH-IF v2.4.4","1043","6732","6765","3866","3890","0","0","0","0","1","1","3471.1338","0","410.53845","0","0","0","0","0","0","0","0","0","0","0","0","0","0","0","0","0","0","0","0","117.14868","83.77627","33.372414","26.603973","0.6969"
"D:\HAA\dACC revisions\Run 4\Br8667_dlPFC_20x_img_006-MaxIP-Stitched_unmixed_rotated.nd2","Layer 1","dACC_v17_ FISH-IF v2.4.4","1044","6833","6865","3891","3931","1","0","0","0","1","1","1205.7561","0","336.04147","0","0","0","0","0","17","27.06618","3","39854.074","1428.7311","0","0","0","0","0","1","0.322216","0","135.88327","421.7143","179.33646","112.13132","67.20514","40.335056","0.733752"
"D:\HAA\dACC revisions\Run 4\Br8667_dlPFC_20x_img_006-MaxIP-Stitched_unmixed_rotated.nd2","Layer 1","dACC_v17_ FISH-IF v2.4.4","1045","6761","6803","3911","3949","1","0","0","0","1","1","1547.4847","0","338.8866","0","0","0","0","0","31","43.038906","4","68730.234","1596.9326","0","0","0","0","0","3","3.774535","0","2033.6459","538.7805","209.85495","122.58033","87.27462","45.913307","0.66867"
"D:\HAA\dACC revisions\Run 4\Br8667_dlPFC_20x_img_006-MaxIP-Stitched_unmixed_rotated.nd2","Layer 1","dACC_v17_ FISH-IF v2.4.4","1046","1523","1555","3213","3244","0","0","0","1","1","1","2447.941","0","347.79752","37","63.936943","4","204139.25","3192.8215","0","0","0","0","0","1","0.644433","0","517.1113","802.4286","0","0","0","0","0","131.69446","88.885704","42.808754","30.894936","0.777463"
"D:\HAA\dACC revisions\Run 4\Br8667_dlPFC_20x_img_006-MaxIP-Stitched_unmixed_rotated.nd2","Layer 1","dACC_v17_ FISH-IF v2.4.4","1047","1549","1573","3234","3267","0","0","0","1","1","1","2913.6265","0","385.25204","24","46.215042","3","136435.88","2952.1963","0","0","0","0","0","0","0","0","0","0","0","0","0","0","0","119.68038","84.55879","35.12159","27.03307","0.747821"
"D:\HAA\dACC revisions\Run 4\Br8667_dlPFC_20x_img_006-MaxIP-Stitched_unmixed_rotated.nd2","Layer 1","dACC_v17_ FISH-IF v2.4.4","1048","1578","1612","3237","3263","0","0","0","1","1","1","2610.1855","0","379.09076","25","47.68803","3","150802.95","3162.281","0","0","0","0","0","1","0.552371","0","400.69913","725.4167","0","0","0","0","0","122.94858","86.21591","36.732674","28.749454","0.698888"
"D:\HAA\dACC revisions\Run 4\Br8667_dlPFC_20x_img_006-MaxIP-Stitched_unmixed_rotated.nd2","Layer 1","dACC_v17_ FISH-IF v2.4.4","1049","1706","1743","3259","3284","0","0","1","0","1","1","2568.0903","0","408.99362","1","1.887268","0","1760.4064","932.7805","0","0","0","0","0","0","0","0","0","0","5","10.633142","1","6818.2837","641.22943","137.1261","93.76498","43.361126","30.894936","0.673093"
"D:\HAA\dACC revisions\Run 4\Br8667_dlPFC_20x_img_006-MaxIP-Stitched_unmixed_rotated.nd2","Layer 1","dACC_v17_ FISH-IF v2.4.4","1050","1517","1546","3262","3285","0","0","0","0","1","1","2581.218","0","344.36578","0","0","0","0","0","0","0","0","0","0","0","0","0","0","0","0","0","0","0","0","93.90307","72.3606","21.542469","22.098461","0.672296"
"D:\HAA\dACC revisions\Run 4\Br8667_dlPFC_20x_img_006-MaxIP-Stitched_unmixed_rotated.nd2","Layer 1","dACC_v17_ FISH-IF v2.4.4","1051","1673","1702","3280","3311","0","0","0","0","1","1","2045.3074","0","340.82565","1","1.058711","0","923.7945","872.56525","0","0","0","0","0","0","0","0","0","0","0","0","0","0","0","127.78183","90.036476","37.745354","29.17855","0.763833"
"D:\HAA\dACC revisions\Run 4\Br8667_dlPFC_20x_img_006-MaxIP-Stitched_unmixed_rotated.nd2","Layer 1","dACC_v17_ FISH-IF v2.4.4","1052","1464","1490","3282","3303","0","0","0","0","1","1","1852.4281","0","316.32544","3","10.449018","0","15593.4795","1492.3392","0","0","0","0","0","0","0","0","0","0","0","0","0","0","0","78.80493","64.075035","14.729894","18.022047","0.672424"
"D:\HAA\dACC revisions\Run 4\Br8667_dlPFC_20x_img_006-MaxIP-Stitched_unmixed_rotated.nd2","Layer 1","dACC_v17_ FISH-IF v2.4.4","1053","1568","1599","3304","3333","0","0","0","0","1","1","3155.2776","0","496.51605","0","0","0","0","0","0","0","0","0","0","0","0","0","0","0","0","0","0","0","0","118.2074","84.55879","33.6486","28.749454","0.68423"
"D:\HAA\dACC revisions\Run 4\Br8667_dlPFC_20x_img_006-MaxIP-Stitched_unmixed_rotated.nd2","Layer 1","dACC_v17_ FISH-IF v2.4.4","1054","1483","1513","3314","3344","0","0","0","1","1","1","2621.1357","0","421.5655","24","45.800762","3","130828.06","2856.4602","0","0","0","0","0","0","0","0","0","0","1","0.322216","0","137.81657","427.7143","128.51833","87.504776","41.013546","29.17855","0.780855"
"D:\HAA\dACC revisions\Run 4\Br8667_dlPFC_20x_img_006-MaxIP-Stitched_unmixed_rotated.nd2","Layer 1","dACC_v17_ FISH-IF v2.4.4","1055","1722","1751","3327","3360","0","0","0","0","1","1","2099.6062","0","368.70105","1","0.690464","0","592.4179","858","0","0","0","0","0","0","0","0","0","0","0","0","0","0","0","135.6531","91.46343","44.189682","31.109486","0.749854"
"D:\HAA\dACC revisions\Run 4\Br8667_dlPFC_20x_img_006-MaxIP-Stitched_unmixed_rotated.nd2","Layer 1","dACC_v17_ FISH-IF v2.4.4","1056","1535","1554","3330","3350","0","0","0","0","1","1","1154.2819","0","159.67993","2","5.753865","0","6164.4146","1071.352","0","0","0","0","0","0","0","0","0","0","0","0","0","0","0","55.467255","48.60865","6.858607","10.727408","0.848163"
"D:\HAA\dACC revisions\Run 4\Br8667_dlPFC_20x_img_006-MaxIP-Stitched_unmixed_rotated.nd2","Layer 1","dACC_v17_ FISH-IF v2.4.4","1057","1597","1618","3331","3349","0","0","0","0","1","1","1154.6536","0","180.82307","0","0","0","0","0","0","0","0","0","0","1","0.50634","0","391.76913","773.7273","0","0","0","0","0","53.718082","47.872154","5.845926","10.51286","0.703822"
"D:\HAA\dACC revisions\Run 4\Br8667_dlPFC_20x_img_006-MaxIP-Stitched_unmixed_rotated.nd2","Layer 1","dACC_v17_ FISH-IF v2.4.4","1058","1793","1817","3342","3362","0","0","0","0","1","1","1641.6245","0","257.5092","0","0","0","0","0","0","0","0","0","0","0","0","0","0","0","0","0","0","0","0","68.86225","57.58468","11.277575","15.447468","0.724737"
"D:\HAA\dACC revisions\Run 4\Br8667_dlPFC_20x_img_006-MaxIP-Stitched_unmixed_rotated.nd2","Layer 1","dACC_v17_ FISH-IF v2.4.4","1059","1580","1604","3345","3361","0","0","0","0","1","1","2939.461","0","393.60846","1","3.590412","0","7633.6753","2126.1282","0","0","0","0","0","0","0","0","0","0","0","0","0","0","0","54.500607","40.323082","14.177523","16.520208","0.744819"
"D:\HAA\dACC revisions\Run 4\Br8667_dlPFC_20x_img_006-MaxIP-Stitched_unmixed_rotated.nd2","Layer 1","dACC_v17_ FISH-IF v2.4.4","1060","1574","1599","3359","3382","0","0","0","1","1","1","2729.2734","0","397.6096","28","49.299114","3","168218.7","3412.2053","0","0","0","0","0","0","0","0","0","0","0","0","0","0","0","83.73024","47.0436","36.68664","28.534906","0.774194"
"D:\HAA\dACC revisions\Run 4\Br8667_dlPFC_20x_img_006-MaxIP-Stitched_unmixed_rotated.nd2","Layer 1","dACC_v17_ FISH-IF v2.4.4","1061","1599","1616","3358","3373","0","0","0","1","1","1","2092.7747","0","517.6892","9","15.788605","1","48881.06","3095.971","0","0","0","0","0","0","0","0","0","0","0","0","0","0","0","39.17231","26.51381","12.658503","15.447468","0.751849"
"D:\HAA\dACC revisions\Run 4\Br8667_dlPFC_20x_img_006-MaxIP-Stitched_unmixed_rotated.nd2","Layer 1","dACC_v17_ FISH-IF v2.4.4","1062","1537","1566","3360","3392","0","0","0","1","1","1","2452.8362","0","371.14426","32","61.036995","4","185261.1","3035.2263","0","0","0","0","0","0","0","0","0","0","0","0","0","0","0","131.09605","88.379364","42.71669","29.822195","0.806668"
"D:\HAA\dACC revisions\Run 4\Br8667_dlPFC_20x_img_006-MaxIP-Stitched_unmixed_rotated.nd2","Layer 1","dACC_v17_ FISH-IF v2.4.4","1063","1741","1776","3361","3389","0","0","0","0","1","1","2582.2246","0","666.56824","1","0.644433","0","471.31058","731.3571","0","0","0","0","0","0","0","0","0","0","0","0","0","0","0","138.04672","81.658844","56.387875","36.47319","0.731282"
"D:\HAA\dACC revisions\Run 4\Br8667_dlPFC_20x_img_006-MaxIP-Stitched_unmixed_rotated.nd2","Layer 1","dACC_v17_ FISH-IF v2.4.4","1064","1663","1686","3363","3382","0","0","0","0","1","1","1598.0042","0","233.44862","0","0","0","0","0","0","0","0","0","0","0","0","0","0","0","0","0","0","0","0","56.29581","45.24839","11.047421","15.876565","0.614068"
"D:\HAA\dACC revisions\Run 4\Br8667_dlPFC_20x_img_006-MaxIP-Stitched_unmixed_rotated.nd2","Layer 1","dACC_v17_ FISH-IF v2.4.4","1065","1591","1616","3374","3395","0","0","0","1","1","1","2199.3687","0","457.52957","18","31.301023","3","99152.9","3167.7207","0","0","0","0","0","0","0","0","0","0","0","0","0","0","0","79.127144","52.15303","26.974117","22.31301","0.739085"
"D:\HAA\dACC revisions\Run 4\Br8667_dlPFC_20x_img_006-MaxIP-Stitched_unmixed_rotated.nd2","Layer 1","dACC_v17_ FISH-IF v2.4.4","1066","1675","1692","3374","3392","0","0","0","0","1","1","1380.7953","0","238.81116","0","0","0","0","0","0","0","0","0","0","0","0","0","0","0","0","0","0","0","0","42.16432","36.318394","5.845926","11.800149","0.591255"
"D:\HAA\dACC revisions\Run 4\Br8667_dlPFC_20x_img_006-MaxIP-Stitched_unmixed_rotated.nd2","Layer 1","dACC_v17_ FISH-IF v2.4.4","1067","1755","1787","3385","3409","0","0","0","0","1","1","2225.9685","0","370.03024","0","0","0","0","0","0","0","0","0","0","0","0","0","0","0","0","0","0","0","0","100.57755","66.97498","33.60257","28.749454","0.604843"
"D:\HAA\dACC revisions\Run 4\Br8667_dlPFC_20x_img_006-MaxIP-Stitched_unmixed_rotated.nd2","Layer 1","dACC_v17_ FISH-IF v2.4.4","1068","1803","1831","3383","3417","0","0","1","0","1","1","2455.901","0","354.2888","0","0","0","0","0","0","0","0","0","0","1","0.920618","0","816.5424","886.95","4","4.603092","1","2478.857","538.52","133.58173","89.898384","43.683342","30.036743","0.770899"
"D:\HAA\dACC revisions\Run 4\Br8667_dlPFC_20x_img_006-MaxIP-Stitched_unmixed_rotated.nd2","Layer 1","dACC_v17_ FISH-IF v2.4.4","1069","1470","1501","3385","3409","0","0","0","0","1","1","3004.6377","0","400.70523","1","2.255515","0","2428.7292","1076.7959","0","0","0","0","0","0","0","0","0","0","0","0","0","0","0","106.101265","79.17318","26.928087","25.316685","0.664925"
"D:\HAA\dACC revisions\Run 4\Br8667_dlPFC_20x_img_006-MaxIP-Stitched_unmixed_rotated.nd2","Layer 1","dACC_v17_ FISH-IF v2.4.4","1070","1708","1740","3388","3415","0","0","0","0","1","1","2906.0117","0","410.8576","2","2.301546","0","2074.4753","901.34","0","0","0","0","0","0","0","0","0","0","0","0","0","0","0","124.28348","85.341324","38.942158","27.891262","0.783897"
"D:\HAA\dACC revisions\Run 4\Br8667_dlPFC_20x_img_006-MaxIP-Stitched_unmixed_rotated.nd2","Layer 1","dACC_v17_ FISH-IF v2.4.4","1071","1484","1502","3436","3460","0","0","0","1","1","1","2351.6162","0","315.496","6","13.717214","1","31062.307","2264.4766","0","0","0","0","0","0","0","0","0","0","0","0","0","0","0","66.928955","45.938854","20.990099","19.309336","0.817054"
"D:\HAA\dACC revisions\Run 4\Br8667_dlPFC_20x_img_006-MaxIP-Stitched_unmixed_rotated.nd2","Layer 1","dACC_v17_ FISH-IF v2.4.4","1072","1528","1551","3438","3462","0","0","0","0","1","1","1933.7122","0","276.6291","0","0","0","0","0","0","0","0","0","0","0","0","0","0","0","0","0","0","0","0","76.871635","61.68143","15.190203","17.378403","0.787089"
"D:\HAA\dACC revisions\Run 4\Br8667_dlPFC_20x_img_006-MaxIP-Stitched_unmixed_rotated.nd2","Layer 1","dACC_v17_ FISH-IF v2.4.4","1073","1748","1766","3462","3482","0","0","0","1","1","1","923.0511","0","118.53928","8","18.550459","1","43113.938","2324.1438","0","0","0","0","0","0","0","0","0","0","0","0","0","0","0","53.76411","47.457874","6.306236","10.727408","0.858682"
"D:\HAA\dACC revisions\Run 4\Br8667_dlPFC_20x_img_006-MaxIP-Stitched_unmixed_rotated.nd2","Layer 1","dACC_v17_ FISH-IF v2.4.4","1074","1582","1622","3500","3527","0","0","0","0","1","1","739.19336","0","303.29807","3","4.280875","0","4527.509","1057.6129","0","0","0","0","0","0","0","0","0","0","1","0.598402","0","279.96005","467.84616","151.44171","87.41271","64.02901","41.622345","0.559839"
"D:\HAA\dACC revisions\Run 4\Br8667_dlPFC_20x_img_006-MaxIP-Stitched_unmixed_rotated.nd2","Layer 1","dACC_v17_ FISH-IF v2.4.4","1075","1617","1651","3502","3534","0","0","0","0","1","1","888.3203","0","387.92328","1","1.380928","0","1141.8429","826.86664","0","0","0","0","0","0","0","0","0","0","0","0","0","0","0","140.30223","69.59875","70.70349","44.411472","0.687424"
"D:\HAA\dACC revisions\Run 4\Br8667_dlPFC_20x_img_006-MaxIP-Stitched_unmixed_rotated.nd2","Layer 1","dACC_v17_ FISH-IF v2.4.4","1076","1522","1544","3519","3544","0","0","0","1","1","1","2415.3088","0","237.68243","13","27.204271","2","79585.94","2925.4941","0","0","0","0","0","1","0.782526","0","530.6904","678.17645","0","0","0","0","0","81.06045","64.21313","16.847317","18.022047","0.770044"
"D:\HAA\dACC revisions\Run 4\Br8667_dlPFC_20x_img_006-MaxIP-Stitched_unmixed_rotated.nd2","Layer 1","dACC_v17_ FISH-IF v2.4.4","1077","1606","1633","3524","3554","0","0","0","1","1","1","1249.9125","0","794.6624","6","13.763245","1","24887.398","1808.2509","0","0","0","0","0","0","0","0","0","0","0","0","0","0","0","106.97585","54.408543","52.567307","36.25864","0.655827"
"D:\HAA\dACC revisions\Run 4\Br8667_dlPFC_20x_img_006-MaxIP-Stitched_unmixed_rotated.nd2","Layer 1","dACC_v17_ FISH-IF v2.4.4","1078","1635","1656","3526","3543","0","0","0","0","1","1","568.8175","0","276.62952","0","0","0","0","0","0","0","0","0","0","0","0","0","0","0","0","0","0","0","0","52.15303","45.846794","6.306236","10.727408","0.696885"
"D:\HAA\dACC revisions\Run 4\Br8667_dlPFC_20x_img_006-MaxIP-Stitched_unmixed_rotated.nd2","Layer 1","dACC_v17_ FISH-IF v2.4.4","1079","1581","1607","3526","3565","0","0","0","1","1","1","2648.8662","0","449.1311","36","67.25117","4","211287.44","3141.7659","0","0","0","0","0","0","0","0","0","0","0","0","0","0","0","138.78322","91.64756","47.13566","36.044094","0.619875"
"D:\HAA\dACC revisions\Run 4\Br8667_dlPFC_20x_img_006-MaxIP-Stitched_unmixed_rotated.nd2","Layer 1","dACC_v17_ FISH-IF v2.4.4","1080","1494","1519","3530","3549","0","0","0","0","1","1","1579.88","0","371.07593","2","1.749175","0","1517.2711","867.4211","0","0","0","0","0","0","0","0","0","0","0","0","0","0","0","67.57339","50.311794","17.261595","18.451143","0.747035"
"D:\HAA\dACC revisions\Run 4\Br8667_dlPFC_20x_img_006-MaxIP-Stitched_unmixed_rotated.nd2","Layer 1","dACC_v17_ FISH-IF v2.4.4","1081","1631","1645","3540","3557","0","0","0","1","1","1","1115.7084","0","605.0867","4","9.620461","1","13341.831","1386.8182","0","0","0","0","0","0","0","0","0","0","0","0","0","0","0","33.050198","29.735973","3.314226","8.796475","0.526208"
"D:\HAA\dACC revisions\Run 4\Br8667_dlPFC_20x_img_006-MaxIP-Stitched_unmixed_rotated.nd2","Layer 1","dACC_v17_ FISH-IF v2.4.4","1082","1495","1522","3547","3572","0","0","0","0","1","1","2393.2722","0","469.6118","3","3.544381","0","2836.7473","800.35065","0","0","0","0","0","0","0","0","0","0","0","0","0","0","0","96.29668","65.68612","30.61056","26.174877","0.70593"
"D:\HAA\dACC revisions\Run 4\Br8667_dlPFC_20x_img_006-MaxIP-Stitched_unmixed_rotated.nd2","Layer 1","dACC_v17_ FISH-IF v2.4.4","1083","1610","1638","3554","3575","0","0","0","0","1","1","2607.7527","0","462.65704","0","0","0","0","0","0","0","0","0","0","0","0","0","0","0","0","0","0","0","0","96.6189","70.19715","26.421747","22.31301","0.812595"
"D:\HAA\dACC revisions\Run 4\Br8667_dlPFC_20x_img_006-MaxIP-Stitched_unmixed_rotated.nd2","Layer 1","dACC_v17_ FISH-IF v2.4.4","1084","6706","6727","3972","3992","0","0","0","0","1","1","2119.125","0","300.10458","0","0","0","0","0","0","0","0","0","0","0","0","0","0","0","1","0.828557","0","433.74933","523.5","62.832203","53.25777","9.57443","13.301987","0.839712"
"D:\HAA\dACC revisions\Run 4\Br8667_dlPFC_20x_img_006-MaxIP-Stitched_unmixed_rotated.nd2","Layer 1","dACC_v17_ FISH-IF v2.4.4","1085","6862","6884","3994","4019","0","0","0","0","1","1","2677.953","0","694.97485","0","0","0","0","0","0","0","0","0","0","0","0","0","0","0","2","1.01268","0","484.98175","478.9091","84.78895","60.346535","24.442417","22.31301","0.838612"
"D:\HAA\dACC revisions\Run 4\Br8667_dlPFC_20x_img_006-MaxIP-Stitched_unmixed_rotated.nd2","Layer 1","dACC_v17_ FISH-IF v2.4.4","1086","6707","6727","4034","4052","0","0","0","0","1","1","472.12766","0","230.12846","0","0","0","0","0","0","0","0","0","0","0","0","0","0","0","0","0","0","0","0","48.05628","41.565918","6.490359","11.156505","0.862708"
"D:\HAA\dACC revisions\Run 4\Br8667_dlPFC_20x_img_006-MaxIP-Stitched_unmixed_rotated.nd2","Layer 1","dACC_v17_ FISH-IF v2.4.4","1087","6699","6719","4046","4066","0","0","0","0","1","1","567.5916","0","175.83134","0","0","0","0","0","0","0","0","0","0","0","0","0","0","0","0","0","0","0","0","54.914886","46.12298","8.791905","12.87289","0.776641"
"D:\HAA\dACC revisions\Run 4\Br8667_dlPFC_20x_img_006-MaxIP-Stitched_unmixed_rotated.nd2","Layer 1","dACC_v17_ FISH-IF v2.4.4","1088","6784","6795","4120","4135","0","0","0","0","1","1","2212.4365","0","284.0215","0","0","0","0","0","0","0","0","0","0","0","0","0","0","0","0","0","0","0","0","22.923397","17.1235","5.799896","10.941957","0.713373"
"D:\HAA\dACC revisions\Run 4\Br8667_dlPFC_20x_img_006-MaxIP-Stitched_unmixed_rotated.nd2","Layer 1","dACC_v17_ FISH-IF v2.4.4","1089","6796","6812","4121","4141","0","0","0","0","1","1","2532.0994","0","380.37827","0","0","0","0","0","0","0","0","0","0","0","0","0","0","0","0","0","0","0","0","48.14834","35.16762","12.980719","18.665691","0.579964"
"D:\HAA\dACC revisions\Run 4\Br8667_dlPFC_20x_img_006-MaxIP-Stitched_unmixed_rotated.nd2","Layer 1","dACC_v17_ FISH-IF v2.4.4","1090","6775","6791","4124","4139","0","0","0","0","1","1","2484.425","0","356.16666","0","0","0","0","0","0","0","0","0","0","0","0","0","0","0","0","0","0","0","0","27.802673","20.437727","7.364947","12.229246","0.712133"
"D:\HAA\dACC revisions\Run 4\Br8667_dlPFC_20x_img_006-MaxIP-Stitched_unmixed_rotated.nd2","Layer 1","dACC_v17_ FISH-IF v2.4.4","1091","6779","6811","4136","4158","0","0","0","0","1","1","2922.6697","0","541.3666","0","0","0","0","0","0","0","0","0","0","0","0","0","0","0","0","0","0","0","0","88.60952","57.262463","31.347055","28.534906","0.594789"
"D:\HAA\dACC revisions\Run 4\Br8667_dlPFC_20x_img_006-MaxIP-Stitched_unmixed_rotated.nd2","Layer 1","dACC_v17_ FISH-IF v2.4.4","1092","6754","6778","4142","4170","0","0","0","0","1","1","1700.6018","0","340.084","0","0","0","0","0","0","0","0","0","0","0","0","0","0","0","0","0","0","0","0","95.00781","73.97169","21.036129","23.171202","0.636758"
"D:\HAA\dACC revisions\Run 4\Br8667_dlPFC_20x_img_006-MaxIP-Stitched_unmixed_rotated.nd2","Layer 1","dACC_v17_ FISH-IF v2.4.4","1093","5049","5069","3579","3598","0","0","0","0","1","1","695.81635","0","198.75381","0","0","0","0","0","0","0","0","0","0","0","0","0","0","0","1","1.472989","0","841.8134","571.5","55.006947","48.240402","6.766545","11.371053","0.878227"
"D:\HAA\dACC revisions\Run 4\Br8667_dlPFC_20x_img_006-MaxIP-Stitched_unmixed_rotated.nd2","Layer 1","dACC_v17_ FISH-IF v2.4.4","1094","4694","4716","3596","3618","1","1","0","0","1","1","593.69086","0","157.37627","0","0","0","0","0","5","7.272885","1","10992.827","1511.481","8","8.101441","1","7639.6133","897.1189","2","1.150773","0","545.9727","474.44","71.0257","58.965607","12.060101","15.876565","0.6917"
"D:\HAA\dACC revisions\Run 4\Br8667_dlPFC_20x_img_006-MaxIP-Stitched_unmixed_rotated.nd2","Layer 1","dACC_v17_ FISH-IF v2.4.4","1095","5042","5066","3608","3642","0","0","0","0","1","1","1649.9954","0","410.18307","0","0","0","0","0","0","0","0","0","0","0","0","0","0","0","1","0.50634","0","585.5593","471.14816","113.37415","63.108387","50.265762","35.400448","0.782198"
"D:\HAA\dACC revisions\Run 4\Br8667_dlPFC_20x_img_006-MaxIP-Stitched_unmixed_rotated.nd2","Layer 1","dACC_v17_ FISH-IF v2.4.4","1096","5021","5043","3609","3626","0","0","0","0","1","1","1394.2726","0","339.49033","0","0","0","0","0","0","0","0","0","0","0","0","0","0","0","0","0","0","0","0","62.003647","38.021538","23.982107","20.596624","0.884028"
"D:\HAA\dACC revisions\Run 4\Br8667_dlPFC_20x_img_006-MaxIP-Stitched_unmixed_rotated.nd2","Layer 1","dACC_v17_ FISH-IF v2.4.4","1097","4778","4798","3611","3632","0","0","0","0","1","1","1010.3906","0","170.20906","2","3.866597","0","5228.836","1352.3096","0","0","0","0","0","1","0.50634","0","374.7377","740.0909","0","0","0","0","0","61.68143","52.843494","8.837936","12.87289","0.738484"
"D:\HAA\dACC revisions\Run 4\Br8667_dlPFC_20x_img_006-MaxIP-Stitched_unmixed_rotated.nd2","Layer 1","dACC_v17_ FISH-IF v2.4.4","1098","4910","4941","3618","3647","0","1","0","1","1","1","1854.9731","0","296.4885","9","28.907415","1","46710.105","1615.8519","0","0","0","0","0","6","5.477679","1","4840.657","883.7059","0","0","0","0","0","114.24873","67.941635","46.307102","30.251291","0.84648"
"D:\HAA\dACC revisions\Run 4\Br8667_dlPFC_20x_img_006-MaxIP-Stitched_unmixed_rotated.nd2","Layer 1","dACC_v17_ FISH-IF v2.4.4","1099","5018","5047","3626","3655","0","0","0","0","1","1","1591.5072","0","474.87192","0","0","0","0","0","0","0","0","0","0","1","0.50634","0","351.16986","693.5455","0","0","0","0","0","118.2074","57.860863","60.346535","34.97135","0.848711"
"D:\HAA\dACC revisions\Run 4\Br8667_dlPFC_20x_img_006-MaxIP-Stitched_unmixed_rotated.nd2","Layer 1","dACC_v17_ FISH-IF v2.4.4","1100","4927","4953","3627","3657","0","0","0","1","1","1","2065.8958","0","285.27234","10","18.182213","2","24251.205","1333.7874","0","0","0","0","0","2","1.703144","0","1425.9458","837.2432","0","0","0","0","0","102.51086","62.371895","40.13896","28.534906","0.843015"
"D:\HAA\dACC revisions\Run 4\Br8667_dlPFC_20x_img_006-MaxIP-Stitched_unmixed_rotated.nd2","Layer 1","dACC_v17_ FISH-IF v2.4.4","1101","5058","5086","3628","3649","0","0","1","0","1","1","1729.5786","0","538.16455","0","0","0","0","0","1","1.795206","0","1859.9253","1036.0513","0","0","0","0","0","8","7.180823","1","3384.5154","471.32693","83.638176","58.18308","25.455097","25.531233","0.683622"
"D:\HAA\dACC revisions\Run 4\Br8667_dlPFC_20x_img_006-MaxIP-Stitched_unmixed_rotated.nd2","Layer 1","dACC_v17_ FISH-IF v2.4.4","1102","4757","4787","3628","3656","0","0","0","0","1","1","2206.3481","0","356.86053","0","0","0","0","0","0","0","0","0","0","0","0","0","0","0","0","0","0","0","0","119.4042","83.17787","36.226334","27.462166","0.813726"
"D:\HAA\dACC revisions\Run 4\Br8667_dlPFC_20x_img_006-MaxIP-Stitched_unmixed_rotated.nd2","Layer 1","dACC_v17_ FISH-IF v2.4.4","1103","5036","5064","3642","3670","0","0","0","0","1","1","2327.5352","0","670.9491","0","0","0","0","0","0","0","0","0","0","1","0.828557","0","619.6222","747.8333","2","1.703144","0","775.621","455.4054","103.89178","63.29251","40.59927","31.967678","0.730986"
"D:\HAA\dACC revisions\Run 4\Br8667_dlPFC_20x_img_006-MaxIP-Stitched_unmixed_rotated.nd2","Layer 1","dACC_v17_ FISH-IF v2.4.4","1104","4771","4791","3669","3689","0","0","1","0","1","1","389.42038","0","143.14943","0","0","0","0","0","0","0","0","0","0","3","2.209484","0","1990.8832","901.0625","7","13.717214","1","9156.286","667.50336","56.20375","48.976894","7.226854","11.585601","0.898837"
"D:\HAA\dACC revisions\Run 4\Br8667_dlPFC_20x_img_006-MaxIP-Stitched_unmixed_rotated.nd2","Layer 1","dACC_v17_ FISH-IF v2.4.4","1105","4693","4729","3700","3732","1","1","1","0","1","1","1266.4906","0","269.5734","0","0","0","0","0","40","49.06896","4","102828.695","2095.5957","93","49.805454","4","90408.95","1815.2422","9","14.03943","1","7874.371","560.8754","161.93677","100.66962","61.26715","35.1859","0.836254"
"D:\HAA\dACC revisions\Run 4\Br8667_dlPFC_20x_img_006-MaxIP-Stitched_unmixed_rotated.nd2","Layer 1","dACC_v17_ FISH-IF v2.4.4","1106","4898","4922","3703","3728","0","0","0","0","1","1","1835.5876","0","324.27985","0","0","0","0","0","0","0","0","0","0","0","0","0","0","0","0","0","0","0","0","84.60483","65.9623","18.64252","19.738432","0.831102"
"D:\HAA\dACC revisions\Run 4\Br8667_dlPFC_20x_img_006-MaxIP-Stitched_unmixed_rotated.nd2","Layer 1","dACC_v17_ FISH-IF v2.4.4","1107","4786","4812","3733","3766","1","1","1","0","1","1","1217.882","0","510.53882","1","0.874587","0","782.1113","894.2632","32","38.80406","4","73987.48","1890.9918","36","26.09953","4","33376.742","1278.8254","9","10.172832","1","5719.8477","562.26697","122.02796","81.84297","40.18499","30.46584","0.717063"
"D:\HAA\dACC revisions\Run 4\Br8667_dlPFC_20x_img_006-MaxIP-Stitched_unmixed_rotated.nd2","Layer 1","dACC_v17_ FISH-IF v2.4.4","1108","4811","4837","3736","3763","1","1","0","0","1","1","2920.5188","0","472.8908","0","0","0","0","0","21","25.270973","3","54008.582","2137.1785","18","16.847317","3","17414.738","1033.6803","3","5.477679","0","3124.2104","570.35297","103.29338","72.498695","30.794683","26.174877","0.717802"
"D:\HAA\dACC revisions\Run 4\Br8667_dlPFC_20x_img_006-MaxIP-Stitched_unmixed_rotated.nd2","Layer 1","dACC_v17_ FISH-IF v2.4.4","1109","4955","4986","3751","3781","0","1","0","1","1","1","1850.6168","0","400.2261","15","30.61056","3","51804.438","1692.3715","0","0","0","0","0","8","7.180823","1","6573.031","915.35895","1","0.782526","0","570.8294","539.1739","118.94389","71.25586","47.68803","31.324034","0.8176"
"D:\HAA\dACC revisions\Run 4\Br8667_dlPFC_20x_img_006-MaxIP-Stitched_unmixed_rotated.nd2","Layer 1","dACC_v17_ FISH-IF v2.4.4","1110","4948","4977","3768","3799","0","0","0","1","1","1","2460.7104","0","398.4643","7","15.512419","1","26280.432","1694.1543","0","0","0","0","0","2","1.380928","0","1529.2391","1071.6774","1","1.196804","0","697.0462","582.4231","109.18533","69.59875","39.58659","30.680387","0.706996"
"D:\HAA\dACC revisions\Run 4\Br8667_dlPFC_20x_img_006-MaxIP-Stitched_unmixed_rotated.nd2","Layer 1","dACC_v17_ FISH-IF v2.4.4","1111","4822","4847","3778","3808","0","0","0","0","1","1","1316.1578","0","383.20013","0","0","0","0","0","3","4.142783","0","4845.5825","1169.6444","1","1.01268","0","865.7035","854.86365","0","0","0","0","0","105.18065","72.22251","32.958138","29.393099","0.631566"
"D:\HAA\dACC revisions\Run 4\Br8667_dlPFC_20x_img_006-MaxIP-Stitched_unmixed_rotated.nd2","Layer 1","dACC_v17_ FISH-IF v2.4.4","1112","4845","4865","3790","3813","0","0","0","0","1","1","2196.3303","0","360.02045","0","0","0","0","0","1","1.242835","0","1004.99304","808.62964","0","0","0","0","0","2","1.795206","0","1662.0844","601.8","65.13375","49.529266","15.604481","18.451143","0.683348"
"D:\HAA\dACC revisions\Run 4\Br8667_dlPFC_20x_img_006-MaxIP-Stitched_unmixed_rotated.nd2","Layer 1","dACC_v17_ FISH-IF v2.4.4","1113","4977","5006","3811","3842","0","0","0","0","1","1","1701.9365","0","324.52094","0","0","0","0","0","0","0","0","0","0","1","0.874587","0","700.3144","800.7368","0","0","0","0","0","121.3375","88.011116","33.326385","29.17855","0.632338"
"D:\HAA\dACC revisions\Run 4\Br8667_dlPFC_20x_img_006-MaxIP-Stitched_unmixed_rotated.nd2","Layer 1","dACC_v17_ FISH-IF v2.4.4","1114","4802","4820","3845","3864","0","0","0","0","1","1","923.7607","0","147.13171","0","0","0","0","0","0","0","0","0","0","0","0","0","0","0","0","0","0","0","0","50.818134","45.432514","5.385617","9.869216","0.875744"
"D:\HAA\dACC revisions\Run 4\Br8667_dlPFC_20x_img_006-MaxIP-Stitched_unmixed_rotated.nd2","Layer 1","dACC_v17_ FISH-IF v2.4.4","1115","4667","4691","3880","3904","1","1","0","0","1","1","1045.3152","0","149.8742","0","0","0","0","0","15","19.286955","3","35755.207","1853.8544","7","6.260205","1","7190.5815","1148.6177","1","1.334897","0","708.3698","530.65515","67.435295","50.49592","16.939377","21.02572","0.664545"
"D:\HAA\dACC revisions\Run 4\Br8667_dlPFC_20x_img_006-MaxIP-Stitched_unmixed_rotated.nd2","Layer 1","dACC_v17_ FISH-IF v2.4.4","1116","4676","4697","3896","3913","1","1","0","0","1","1","872.74536","0","224.25534","0","0","0","0","0","9","11.415668","1","18392.941","1611.2017","13","8.929998","2","11814.848","1193.8232","3","4.925308","0","3172.4048","644.1028","46.53726","36.594578","9.942678","14.803823","0.692189"
"D:\HAA\dACC revisions\Run 4\Br8667_dlPFC_20x_img_006-MaxIP-Stitched_unmixed_rotated.nd2","Layer 1","dACC_v17_ FISH-IF v2.4.4","1117","5039","5064","3895","3916","0","0","0","0","1","1","2377.4814","0","365.42584","0","0","0","0","0","0","0","0","0","0","0","0","0","0","0","0","0","0","0","0","74.201836","60.530655","13.671183","17.163853","0.727618"
"D:\HAA\dACC revisions\Run 4\Br8667_dlPFC_20x_img_006-MaxIP-Stitched_unmixed_rotated.nd2","Layer 1","dACC_v17_ FISH-IF v2.4.4","1118","4980","5008","3918","3942","0","1","0","0","1","1","1395.5405","0","233.25111","2","2.853917","0","3348.427","1173.2742","0","0","0","0","0","19","14.914018","3","16839.86","1129.1296","1","0.736495","0","370.733","503.375","98.87441","72.22251","26.651901","24.029396","0.716423"
"D:\HAA\dACC revisions\Run 4\Br8667_dlPFC_20x_img_006-MaxIP-Stitched_unmixed_rotated.nd2","Layer 1","dACC_v17_ FISH-IF v2.4.4","1119","4751","4777","3923","3952","1","1","1","0","1","1","3027.1047","0","401.64124","0","0","0","0","0","9","11.737884","1","13974.066","1185.8594","33","22.831335","4","31721.885","1381.0481","16","19.332985","3","13902.166","717.38245","107.06792","72.3606","34.707314","26.818521","0.880235"
"D:\HAA\dACC revisions\Run 4\Br8667_dlPFC_20x_img_006-MaxIP-Stitched_unmixed_rotated.nd2","Layer 1","dACC_v17_ FISH-IF v2.4.4","1120","4727","4753","3924","3955","1","1","1","0","1","1","1479.4636","0","578.887","0","0","0","0","0","15","19.010769","3","27190.14","1430.2494","35","21.772623","4","34189.74","1570.3087","11","25.224943","2","15445.26","612.3011","111.993225","77.83828","34.15494","28.749454","0.662004"
"D:\HAA\dACC revisions\Run 4\Br8667_dlPFC_20x_img_006-MaxIP-Stitched_unmixed_rotated.nd2","Layer 1","dACC_v17_ FISH-IF v2.4.4","1121","4982","5013","3941","3967","0","1","0","0","1","1","1480.1124","0","283.33572","0","0","0","0","0","0","0","0","0","0","52","30.012157","4","50805.06","1692.8159","2","1.288866","0","614.6508","476.89285","119.91054","76.91766","42.992878","30.894936","0.689519"
"D:\HAA\dACC revisions\Run 4\Br8667_dlPFC_20x_img_006-MaxIP-Stitched_unmixed_rotated.nd2","Layer 1","dACC_v17_ FISH-IF v2.4.4","1122","5013","5028","3942","3961","0","0","0","0","1","1","1689.0637","0","192.07239","3","6.950668","0","7549.807","1086.1987","0","0","0","0","0","1","0.50634","0","593.3385","1171.8182","0","0","0","0","0","44.74205","37.515198","7.226854","11.585601","0.833243"
"D:\HAA\dACC revisions\Run 4\Br8667_dlPFC_20x_img_006-MaxIP-Stitched_unmixed_rotated.nd2","Layer 1","dACC_v17_ FISH-IF v2.4.4","1123","4897","4919","3956","3977","1","1","1","0","1","1","2292.7341","0","267.17044","0","0","0","0","0","4","7.134792","1","8639.957","1210.9613","8","5.063401","1","8022.821","1584.4728","6","11.093451","1","9157.482","825.4855","68.07973","55.099007","12.980719","15.447468","0.8939"
"D:\HAA\dACC revisions\Run 4\Br8667_dlPFC_20x_img_006-MaxIP-Stitched_unmixed_rotated.nd2","Layer 1","dACC_v17_ FISH-IF v2.4.4","1124","3405","3422","3181","3201","0","0","0","0","1","1","1387.2688","0","277.275","3","10.310925","0","17098.23","1658.2634","0","0","0","0","0","0","0","0","0","0","0","0","0","0","0","41.70401","33.14226","8.56175","12.87289","0.72497"
"D:\HAA\dACC revisions\Run 4\Br8667_dlPFC_20x_img_006-MaxIP-Stitched_unmixed_rotated.nd2","Layer 1","dACC_v17_ FISH-IF v2.4.4","1125","3414","3441","3184","3209","0","0","0","1","1","1","1524.8431","0","285.21906","10","20.161541","2","32538.887","1613.9087","0","0","0","0","0","0","0","0","0","0","0","0","0","0","0","83.8223","57.998955","25.823345","24.243944","0.686992"
"D:\HAA\dACC revisions\Run 4\Br8667_dlPFC_20x_img_006-MaxIP-Stitched_unmixed_rotated.nd2","Layer 1","dACC_v17_ FISH-IF v2.4.4","1126","3456","3488","3186","3215","0","0","0","0","1","1","2566.8955","0","550.59326","0","0","0","0","0","0","0","0","0","0","1","0.50634","0","357.98245","707","0","0","0","0","0","130.22147","88.83967","41.381794","29.607647","0.79129"
"D:\HAA\dACC revisions\Run 4\Br8667_dlPFC_20x_img_006-MaxIP-Stitched_unmixed_rotated.nd2","Layer 1","dACC_v17_ FISH-IF v2.4.4","1127","3204","3230","3189","3219","0","0","0","0","1","1","2010.2073","0","366.81818","0","0","0","0","0","0","0","0","0","0","1","0.690464","0","510.98923","740.06665","2","2.301546","0","1309.1193","568.8","104.904465","78.48271","26.421747","25.316685","0.675077"
"D:\HAA\dACC revisions\Run 4\Br8667_dlPFC_20x_img_006-MaxIP-Stitched_unmixed_rotated.nd2","Layer 1","dACC_v17_ FISH-IF v2.4.4","1128","3117","3151","3205","3243","1","1","1","0","1","1","1294.1454","0","397.12405","1","1.380928","0","1247.3458","903.26666","37","45.61664","4","88093.14","1913.782","19","16.018759","3","14526.759","906.8592","16","27.296333","3","15290.182","556.40204","189.5093","115.39951","74.10978","42.480537","0.792608"
"D:\HAA\dACC revisions\Run 4\Br8667_dlPFC_20x_img_006-MaxIP-Stitched_unmixed_rotated.nd2","Layer 1","dACC_v17_ FISH-IF v2.4.4","1129","3196","3216","3221","3242","0","0","0","0","1","1","1279.388","0","202.3015","0","0","0","0","0","0","0","0","0","0","0","0","0","0","0","0","0","0","0","0","60.484627","52.060966","8.423658","12.87289","0.762169"
"D:\HAA\dACC revisions\Run 4\Br8667_dlPFC_20x_img_006-MaxIP-Stitched_unmixed_rotated.nd2","Layer 1","dACC_v17_ FISH-IF v2.4.4","1130","3156","3188","3226","3257","0","0","0","0","1","1","2308.3938","0","572.6391","0","0","0","0","0","2","1.104742","0","1202.972","1088.9166","0","0","0","0","0","2","1.01268","0","565.1216","558.0455","136.57373","94.133224","42.440506","33.040417","0.740321"
"D:\HAA\dACC revisions\Run 4\Br8667_dlPFC_20x_img_006-MaxIP-Stitched_unmixed_rotated.nd2","Layer 1","dACC_v17_ FISH-IF v2.4.4","1131","3095","3116","3246","3265","0","0","0","0","1","1","589.3616","0","229.90187","1","0.690464","0","562.35974","814.4667","1","2.48567","0","3627.6965","1459.4445","1","0.736495","0","651.8438","885.0625","1","0.920618","0","436.78738","474.45","59.74813","51.60066","8.147472","12.014698","0.821159"
"D:\HAA\dACC revisions\Run 4\Br8667_dlPFC_20x_img_006-MaxIP-Stitched_unmixed_rotated.nd2","Layer 1","dACC_v17_ FISH-IF v2.4.4","1132","3241","3279","3248","3272","0","0","0","1","1","1","2210.4177","0","351.48782","9","26.836025","1","44230.188","1648.1647","1","2.623762","0","4156.6377","1584.228","0","0","0","0","0","0","0","0","0","0","127.045334","92.66024","34.385094","30.894936","0.583828"
"D:\HAA\dACC revisions\Run 4\Br8667_dlPFC_20x_img_006-MaxIP-Stitched_unmixed_rotated.nd2","Layer 1","dACC_v17_ FISH-IF v2.4.4","1133","3064","3095","3267","3293","0","0","0","1","1","1","2417.8398","0","391.01538","12","24.902727","2","38442.492","1543.706","2","1.933299","0","1618.401","837.119","2","1.887268","0","1723.0753","913","2","2.163453","0","1279.2452","591.29785","118.48358","83.73024","34.75334","26.603973","0.760747"
"D:\HAA\dACC revisions\Run 4\Br8667_dlPFC_20x_img_006-MaxIP-Stitched_unmixed_rotated.nd2","Layer 1","dACC_v17_ FISH-IF v2.4.4","1134","3276","3314","3289","3328","1","1","1","0","1","1","1269.2317","0","339.99496","2","1.933299","0","1677.3206","867.5952","61","67.84957","4","151346.39","2226.086","28","25.54716","3","24008.484","939.7712","10","13.625152","2","8058.4946","573.9902","204.10109","118.6677","85.43338","44.196922","0.802012"
"D:\HAA\dACC revisions\Run 4\Br8667_dlPFC_20x_img_006-MaxIP-Stitched_unmixed_rotated.nd2","Layer 1","dACC_v17_ FISH-IF v2.4.4","1135","3338","3361","3298","3320","0","0","0","0","1","1","2383.2014","0","288.05548","0","0","0","0","0","0","0","0","0","0","1","0.644433","0","455.33783","706.5714","0","0","0","0","0","69.59875","57.262463","12.336286","15.447468","0.877543"
"D:\HAA\dACC revisions\Run 4\Br8667_dlPFC_20x_img_006-MaxIP-Stitched_unmixed_rotated.nd2","Layer 1","dACC_v17_ FISH-IF v2.4.4","1136","3229","3265","3303","3339","0","0","1","0","1","1","1733.6733","0","481.65298","0","0","0","0","0","2","2.393608","0","2502.1487","1045.3462","0","0","0","0","0","4","6.076081","1","3743.4182","616.0909","173.85878","106.65363","67.20514","38.61867","0.735286"
"D:\HAA\dACC revisions\Run 4\Br8667_dlPFC_20x_img_006-MaxIP-Stitched_unmixed_rotated.nd2","Layer 1","dACC_v17_ FISH-IF v2.4.4","1137","3428","3453","3317","3341","0","0","0","0","1","1","2490.9768","0","409.7032","2","1.51902","0","1156.4347","761.30304","0","0","0","0","0","0","0","0","0","0","1","0.598402","0","677.0688","612.875","84.19055","66.37658","17.813965","19.309336","0.724806"
"D:\HAA\dACC revisions\Run 4\Br8667_dlPFC_20x_img_006-MaxIP-Stitched_unmixed_rotated.nd2","Layer 1","dACC_v17_ FISH-IF v2.4.4","1138","3112","3132","3325","3343","0","0","0","0","1","1","1215.8125","0","180.12619","0","0","0","0","0","1","0.368247","0","241.15598","654.875","1","1.150773","0","1152.292","1001.32","0","0","0","0","0","55.14504","48.516586","6.628452","10.727408","0.801701"
"D:\HAA\dACC revisions\Run 4\Br8667_dlPFC_20x_img_006-MaxIP-Stitched_unmixed_rotated.nd2","Layer 1","dACC_v17_ FISH-IF v2.4.4","1139","3212","3243","3333","3365","0","0","0","0","1","1","2679.3838","0","424.4939","0","0","0","0","0","0","0","0","0","0","1","0.920618","0","797.39355","866.15","1","1.01268","0","535.15546","528.4545","137.7245","90.588844","47.13566","31.75313","0.87533"
"D:\HAA\dACC revisions\Run 4\Br8667_dlPFC_20x_img_006-MaxIP-Stitched_unmixed_rotated.nd2","Layer 1","dACC_v17_ FISH-IF v2.4.4","1140","3065","3088","3336","3356","0","0","0","0","1","1","1480.0552","0","174.96104","0","0","0","0","0","0","0","0","0","0","0","0","0","0","0","0","0","0","0","0","69.59875","57.906895","11.691853","15.447468","0.734978"
"D:\HAA\dACC revisions\Run 4\Br8667_dlPFC_20x_img_006-MaxIP-Stitched_unmixed_rotated.nd2","Layer 1","dACC_v17_ FISH-IF v2.4.4","1141","3308","3342","3385","3422","1","1","1","0","1","1","1612.297","0","380.87796","0","0","0","0","0","44","52.107","4","108264.72","2077.7385","13","10.172832","2","9531.898","936.9955","20","37.65329","3","23253.162","617.5599","173.95084","106.37745","67.57339","38.61867","0.805944"
"D:\HAA\dACC revisions\Run 4\Br8667_dlPFC_20x_img_006-MaxIP-Stitched_unmixed_rotated.nd2","Layer 1","dACC_v17_ FISH-IF v2.4.4","1142","3420","3451","3409","3438","0","0","0","1","1","1","2476.1099","0","547.72687","13","36.64061","2","63132.645","1723.0239","2","2.439639","0","2482.3093","962.9821","3","1.887268","0","1310.3622","694.3171","0","0","0","0","0","120.601006","84.60483","35.996178","29.17855","0.814108"
"D:\HAA\dACC revisions\Run 4\Br8667_dlPFC_20x_img_006-MaxIP-Stitched_unmixed_rotated.nd2","Layer 1","dACC_v17_ FISH-IF v2.4.4","1143","3338","3356","3481","3500","0","0","0","0","1","1","632.217","0","131.23938","0","0","0","0","0","0","0","0","0","0","0","0","0","0","0","0","0","0","0","0","49.299114","44.419834","4.879277","9.44012","0.862079"
"D:\HAA\dACC revisions\Run 4\Br8667_dlPFC_20x_img_006-MaxIP-Stitched_unmixed_rotated.nd2","Layer 1","dACC_v17_ FISH-IF v2.4.4","1144","3404","3440","3508","3535","0","0","0","0","1","1","2646.2708","0","371.0811","0","0","0","0","0","0","0","0","0","0","0","0","0","0","0","1","1.01268","0","525.3969","518.8182","131.74048","93.67292","38.06757","31.324034","0.600057"
"D:\HAA\dACC revisions\Run 4\Br8667_dlPFC_20x_img_006-MaxIP-Stitched_unmixed_rotated.nd2","Layer 1","dACC_v17_ FISH-IF v2.4.4","1145","3417","3451","3535","3563","0","0","0","1","1","1","1876.2378","0","380.53363","14","25.915407","2","38509.79","1485.9805","0","0","0","0","0","0","0","0","0","0","0","0","0","0","0","137.08008","91.00312","46.07695","30.894936","0.807584"
"D:\HAA\dACC revisions\Run 4\Br8667_dlPFC_20x_img_006-MaxIP-Stitched_unmixed_rotated.nd2","Layer 1","dACC_v17_ FISH-IF v2.4.4","1146","5020","5050","2818","2848","0","0","0","0","1","1","3026.0554","0","515.35565","0","0","0","0","0","0","0","0","0","0","0","0","0","0","0","1","0.50634","0","233.14659","460.45456","112.499565","74.2939","38.20566","30.036743","0.773442"
"D:\HAA\dACC revisions\Run 4\Br8667_dlPFC_20x_img_006-MaxIP-Stitched_unmixed_rotated.nd2","Layer 1","dACC_v17_ FISH-IF v2.4.4","1147","4981","5011","2818","2846","0","0","0","0","1","1","2990.487","0","530.7036","1","0.644433","0","509.24005","790.2143","1","1.887268","0","2648.2969","1403.2439","1","0.782526","0","671.499","858.1177","2","2.393608","0","1250.3838","522.38464","119.12801","76.41132","42.71669","29.607647","0.821432"
"D:\HAA\dACC revisions\Run 4\Br8667_dlPFC_20x_img_006-MaxIP-Stitched_unmixed_rotated.nd2","Layer 1","dACC_v17_ FISH-IF v2.4.4","1148","5010","5024","2820","2840","0","0","1","0","1","1","2071.1743","0","662.4458","1","5.339586","0","6541.822","1225.1552","0","0","0","0","0","0","0","0","0","0","5","10.54108","1","8444.004","801.05676","39.402466","34.385094","5.01737","9.869216","0.721989"
"D:\HAA\dACC revisions\Run 4\Br8667_dlPFC_20x_img_006-MaxIP-Stitched_unmixed_rotated.nd2","Layer 1","dACC_v17_ FISH-IF v2.4.4","1149","4791","4825","2838","2870","0","0","0","0","1","1","2116.3054","0","347.52835","0","0","0","0","0","0","0","0","0","0","0","0","0","0","0","0","0","0","0","0","158.76064","99.05853","59.7021","34.327705","0.86584"
"D:\HAA\dACC revisions\Run 4\Br8667_dlPFC_20x_img_006-MaxIP-Stitched_unmixed_rotated.nd2","Layer 1","dACC_v17_ FISH-IF v2.4.4","1150","5032","5046","2842","2853","0","0","0","0","1","1","2623.6924","0","1065.8231","0","0","0","0","0","0","0","0","0","0","0","0","0","0","0","0","0","0","0","0","21.680563","21.08216","0.598402","2.574578","0.69773"
"D:\HAA\dACC revisions\Run 4\Br8667_dlPFC_20x_img_006-MaxIP-Stitched_unmixed_rotated.nd2","Layer 1","dACC_v17_ FISH-IF v2.4.4","1151","4992","5025","2840","2869","0","1","0","1","1","1","3054.5164","0","522.94543","9","27.342365","1","44224.297","1617.4276","0","0","0","0","0","4","3.222164","1","2905.2415","901.6429","1","1.242835","0","684.15753","550.4815","128.9326","86.860344","42.072258","30.680387","0.743604"
"D:\HAA\dACC revisions\Run 4\Br8667_dlPFC_20x_img_006-MaxIP-Stitched_unmixed_rotated.nd2","Layer 1","dACC_v17_ FISH-IF v2.4.4","1152","4815","4843","2906","2935","0","1","0","1","1","1","2807.7612","0","576.69653","10","27.664581","2","48515.113","1753.6906","0","0","0","0","0","4","4.418968","1","3471.3757","785.5625","0","0","0","0","0","116.45822","81.75091","34.707314","26.174877","0.806861"
"D:\HAA\dACC revisions\Run 4\Br8667_dlPFC_20x_img_006-MaxIP-Stitched_unmixed_rotated.nd2","Layer 1","dACC_v17_ FISH-IF v2.4.4","1153","4722","4765","2911","2935","1","0","0","0","1","1","1608.6221","0","420.59244","0","0","0","0","0","14","19.425047","2","21258.137","1094.3673","3","2.071391","0","1984.4388","958.0222","3","3.544381","0","2005.8433","531.4146","154.15755","106.05524","48.10231","36.25864","0.595565"
"D:\HAA\dACC revisions\Run 4\Br8667_dlPFC_20x_img_006-MaxIP-Stitched_unmixed_rotated.nd2","Layer 1","dACC_v17_ FISH-IF v2.4.4","1154","4845","4866","2912","2931","0","0","0","0","1","1","1474.6327","0","216.00095","1","0.644433","0","522.81915","811.2857","0","0","0","0","0","0","0","0","0","0","0","0","0","0","0","55.421227","48.65468","6.766545","11.585601","0.796805"
"D:\HAA\dACC revisions\Run 4\Br8667_dlPFC_20x_img_006-MaxIP-Stitched_unmixed_rotated.nd2","Layer 1","dACC_v17_ FISH-IF v2.4.4","1155","5006","5025","2916","2935","0","0","0","0","1","1","684.48486","0","168.15933","0","0","0","0","0","0","0","0","0","0","0","0","0","0","0","1","0.920618","0","412.98938","448.6","53.16571","47.08963","6.076081","10.298312","0.836022"
"D:\HAA\dACC revisions\Run 4\Br8667_dlPFC_20x_img_006-MaxIP-Stitched_unmixed_rotated.nd2","Layer 1","dACC_v17_ FISH-IF v2.4.4","1156","4904","4940","2936","2970","1","1","1","0","1","1","1599.5237","0","315.81586","0","0","0","0","0","49","52.567307","4","109013.69","2073.7925","52","42.992878","4","50003.156","1163.0568","4","3.682473","1","1734.9973","471.15","174.82542","105.73302","69.09241","37.331383","0.871496"
"D:\HAA\dACC revisions\Run 4\Br8667_dlPFC_20x_img_006-MaxIP-Stitched_unmixed_rotated.nd2","Layer 1","dACC_v17_ FISH-IF v2.4.4","1157","4731","4754","2937","2954","0","0","1","0","1","1","1260.4965","0","262.88205","0","0","0","0","0","0","0","0","0","0","0","0","0","0","0","4","9.114121","1","6567.8755","720.6263","50.68004","44.09762","6.582421","12.229246","0.644075"
"D:\HAA\dACC revisions\Run 4\Br8667_dlPFC_20x_img_006-MaxIP-Stitched_unmixed_rotated.nd2","Layer 1","dACC_v17_ FISH-IF v2.4.4","1158","4724","4748","2948","2969","0","0","0","0","1","1","1580.409","0","300.52966","1","0.690464","0","572.2103","828.73334","1","1.657113","0","1607.1234","969.8333","0","0","0","0","0","0","0","0","0","0","70.05906","55.881535","14.177523","17.163853","0.691404"
"D:\HAA\dACC revisions\Run 4\Br8667_dlPFC_20x_img_006-MaxIP-Stitched_unmixed_rotated.nd2","Layer 1","dACC_v17_ FISH-IF v2.4.4","1159","4822","4853","2951","2977","0","0","0","0","1","1","3055.3506","0","428.02945","0","0","0","0","0","1","0.368247","0","228.03717","619.25","0","0","0","0","0","0","0","0","0","0","106.56158","73.46535","33.09623","27.03307","0.707292"
"D:\HAA\dACC revisions\Run 4\Br8667_dlPFC_20x_img_006-MaxIP-Stitched_unmixed_rotated.nd2","Layer 1","dACC_v17_ FISH-IF v2.4.4","1160","4767","4799","2959","2984","0","0","0","0","1","1","2931.0012","0","626.415","0","0","0","0","0","0","0","0","0","0","0","0","0","0","0","3","5.891957","0","5193.254","881.41406","107.298065","71.43999","35.858086","26.389425","0.794113"
"D:\HAA\dACC revisions\Run 4\Br8667_dlPFC_20x_img_006-MaxIP-Stitched_unmixed_rotated.nd2","Layer 1","dACC_v17_ FISH-IF v2.4.4","1161","4695","4723","2961","2981","0","0","0","0","1","1","1634.2126","0","262.00552","2","2.117422","0","2304.814","1088.5","0","0","0","0","0","0","0","0","0","0","0","0","0","0","0","80.36998","66.51468","13.855307","19.094788","0.555009"
"D:\HAA\dACC revisions\Run 4\Br8667_dlPFC_20x_img_006-MaxIP-Stitched_unmixed_rotated.nd2","Layer 1","dACC_v17_ FISH-IF v2.4.4","1162","4949","4972","2963","2986","0","0","1","0","1","1","3282.898","0","710.01483","0","0","0","0","0","0","0","0","0","0","0","0","0","0","0","5","13.855307","1","7443.8438","537.2558","63.338543","43.499218","19.839325","21.02572","0.767452"
"D:\HAA\dACC revisions\Run 4\Br8667_dlPFC_20x_img_006-MaxIP-Stitched_unmixed_rotated.nd2","Layer 1","dACC_v17_ FISH-IF v2.4.4","1163","4841","4870","2964","2988","0","0","0","0","1","1","3016.3857","0","468.981","0","0","0","0","0","1","0.552371","0","466.43127","844.4167","0","0","0","0","0","0","0","0","0","0","91.18725","65.409935","25.777313","22.527557","0.803532"
"D:\HAA\dACC revisions\Run 4\Br8667_dlPFC_20x_img_006-MaxIP-Stitched_unmixed_rotated.nd2","Layer 1","dACC_v17_ FISH-IF v2.4.4","1164","4975","4989","2964","2979","0","0","0","0","1","1","492.08435","0","232.4967","0","0","0","0","0","0","0","0","0","0","0","0","0","0","0","2","4.00469","0","1968.0519","491.43677","31.807364","27.986797","3.820566","8.367378","0.659306"
"D:\HAA\dACC revisions\Run 4\Br8667_dlPFC_20x_img_006-MaxIP-Stitched_unmixed_rotated.nd2","Layer 1","dACC_v17_ FISH-IF v2.4.4","1165","4989","5003","2966","2985","0","0","0","0","1","1","561.87683","0","233.43704","0","0","0","0","0","0","0","0","0","0","0","0","0","0","0","1","3.314226","0","1779.5093","536.93054","38.15963","31.807364","6.352267","10.727408","0.859435"
"D:\HAA\dACC revisions\Run 4\Br8667_dlPFC_20x_img_006-MaxIP-Stitched_unmixed_rotated.nd2","Layer 1","dACC_v17_ FISH-IF v2.4.4","1166","4939","4967","2970","2997","0","0","0","0","1","1","3633.9512","0","443.1741","0","0","0","0","0","0","0","0","0","0","0","0","0","0","0","1","1.150773","0","685.21625","595.44","82.02709","43.361126","38.66597","29.822195","0.811906"
"D:\HAA\dACC revisions\Run 4\Br8667_dlPFC_20x_img_006-MaxIP-Stitched_unmixed_rotated.nd2","Layer 1","dACC_v17_ FISH-IF v2.4.4","1167","4757","4786","2972","3000","0","0","0","0","1","1","3641.2385","0","496.85376","0","0","0","0","0","1","0.644433","0","448.111","695.3571","0","0","0","0","0","0","0","0","0","0","98.55219","70.19715","28.355045","27.03307","0.607704"
"D:\HAA\dACC revisions\Run 4\Br8667_dlPFC_20x_img_006-MaxIP-Stitched_unmixed_rotated.nd2","Layer 1","dACC_v17_ FISH-IF v2.4.4","1168","4978","4995","2978","2992","0","0","1","0","1","1","608.4176","0","200.14877","0","0","0","0","0","0","0","0","0","0","0","0","0","0","0","4","3.682473","1","1739.0021","472.2375","34.200974","30.012157","4.188814","8.367378","0.872552"
"D:\HAA\dACC revisions\Run 4\Br8667_dlPFC_20x_img_006-MaxIP-Stitched_unmixed_rotated.nd2","Layer 1","dACC_v17_ FISH-IF v2.4.4","1169","4925","4947","2979","3002","0","0","0","0","1","1","2589.4314","0","544.9904","1","1.380928","0","1366.2897","989.4","0","0","0","0","0","0","0","0","0","0","0","0","0","0","0","67.02102","47.918186","19.10283","19.309336","0.77598"
"D:\HAA\dACC revisions\Run 4\Br8667_dlPFC_20x_img_006-MaxIP-Stitched_unmixed_rotated.nd2","Layer 1","dACC_v17_ FISH-IF v2.4.4","1170","4842","4871","2989","3017","1","1","0","0","1","1","3488.6826","0","494.66394","0","0","0","0","0","4","8.699843","1","13042.032","1499.1111","12","9.390307","2","11345.056","1208.1666","2","2.439639","0","1365.5072","559.717","120.64703","84.23658","36.410458","27.462166","0.720976"
"D:\HAA\dACC revisions\Run 4\Br8667_dlPFC_20x_img_006-MaxIP-Stitched_unmixed_rotated.nd2","Layer 1","dACC_v17_ FISH-IF v2.4.4","1171","4706","4737","2995","3026","0","1","0","1","1","1","2457.7126","0","426.57208","12","29.367725","2","45424.508","1546.7493","0","0","0","0","0","7","5.01737","1","4941.741","984.92664","0","0","0","0","0","136.66579","89.71426","46.951534","30.46584","0.936234"
"D:\HAA\dACC revisions\Run 4\Br8667_dlPFC_20x_img_006-MaxIP-Stitched_unmixed_rotated.nd2","Layer 1","dACC_v17_ FISH-IF v2.4.4","1172","4797","4826","3002","3029","1","1","0","0","1","1","1778.9899","0","337.41946","0","0","0","0","0","17","22.509119","3","37291.21","1656.7157","9","8.331596","1","7510.6807","901.4696","3","6.168143","0","3524.6333","571.42535","112.59162","80.87632","31.715302","26.174877","0.790505"
"D:\HAA\dACC revisions\Run 4\Br8667_dlPFC_20x_img_006-MaxIP-Stitched_unmixed_rotated.nd2","Layer 1","dACC_v17_ FISH-IF v2.4.4","1173","4963","5000","3016","3045","0","1","1","0","1","1","2321.272","0","399.37387","0","0","0","0","0","1","1.196804","0","1231.6493","1029.1154","78","42.348446","4","77093.36","1820.4532","5","5.293556","1","3036.982","573.7131","149.60048","97.63158","51.968906","33.89861","0.737896"
"D:\HAA\dACC revisions\Run 4\Br8667_dlPFC_20x_img_006-MaxIP-Stitched_unmixed_rotated.nd2","Layer 1","dACC_v17_ FISH-IF v2.4.4","1174","5001","5028","3038","3069","1","1","0","0","1","1","1538.878","0","508.15927","0","0","0","0","0","28","31.62324","3","72004.414","2276.946","28","22.186903","3","27735.975","1250.1058","0","0","0","0","0","109.73771","69.36859","40.369114","31.324034","0.649572"
"D:\HAA\dACC revisions\Run 4\Br8667_dlPFC_20x_img_006-MaxIP-Stitched_unmixed_rotated.nd2","Layer 1","dACC_v17_ FISH-IF v2.4.4","1175","5022","5049","3048","3078","1","1","0","1","1","1","3026.1616","0","549.8677","4","7.779225","1","15523.421","1995.4971","11","15.788605","2","28308.6","1792.9767","12","9.206183","2","9613.695","1013.8495","0","0","0","0","0","115.721725","68.17179","47.54994","31.967678","0.794428"
"D:\HAA\dACC revisions\Run 4\Br8667_dlPFC_20x_img_006-MaxIP-Stitched_unmixed_rotated.nd2","Layer 1","dACC_v17_ FISH-IF v2.4.4","1176","4861","4894","3050","3081","0","0","0","0","1","1","2541.84","0","464.5365","0","0","0","0","0","0","0","0","0","0","0","0","0","0","0","1","0.368247","0","168.65729","458","145.77992","93.949104","51.830814","32.61132","0.842568"
"D:\HAA\dACC revisions\Run 4\Br8667_dlPFC_20x_img_006-MaxIP-Stitched_unmixed_rotated.nd2","Layer 1","dACC_v17_ FISH-IF v2.4.4","1177","5005","5023","3067","3080","1","1","0","0","1","1","1938.2705","0","584.81976","3","5.661803","0","6634.804","1171.8536","5","5.52371","1","11068.502","2003.8167","10","6.720514","2","9530.104","1371.106","0","0","0","0","0","28.769323","15.834636","12.934688","15.662017","0.771392"
"D:\HAA\dACC revisions\Run 4\Br8667_dlPFC_20x_img_006-MaxIP-Stitched_unmixed_rotated.nd2","Layer 1","dACC_v17_ FISH-IF v2.4.4","1178","5009","5040","3072","3096","1","1","0","1","1","1","2325.7468","0","435.12216","10","22.324995","2","37500.47","1679.7526","7","8.883967","1","13988.934","1574.627","16","12.336286","3","13998.83","1134.7687","0","0","0","0","0","99.05853","56.525967","42.532566","31.538582","0.697622"
"D:\HAA\dACC revisions\Run 4\Br8667_dlPFC_20x_img_006-MaxIP-Stitched_unmixed_rotated.nd2","Layer 1","dACC_v17_ FISH-IF v2.4.4","1179","4687","4706","3091","3109","0","0","0","0","1","1","489.541","0","170.68837","0","0","0","0","0","0","0","0","0","0","0","0","0","0","0","0","0","0","0","0","51.554626","45.938854","5.615772","9.869216","0.867267"
"D:\HAA\dACC revisions\Run 4\Br8667_dlPFC_20x_img_006-MaxIP-Stitched_unmixed_rotated.nd2","Layer 1","dACC_v17_ FISH-IF v2.4.4","1180","4975","4994","3097","3115","0","0","0","0","1","1","433.10745","0","146.96593","0","0","0","0","0","0","0","0","0","0","0","0","0","0","0","1","0.966649","0","495.15457","512.2381","51.5086","45.938854","5.569741","9.869216","0.883706"
"D:\HAA\dACC revisions\Run 4\Br8667_dlPFC_20x_img_006-MaxIP-Stitched_unmixed_rotated.nd2","Layer 1","dACC_v17_ FISH-IF v2.4.4","1181","5018","5054","3098","3128","0","0","0","0","1","1","1918.7035","0","431.43845","0","0","0","0","0","0","0","0","0","0","0","0","0","0","0","0","0","0","0","0","154.61786","97.95379","56.66406","34.327705","0.813002"
"D:\HAA\dACC revisions\Run 4\Br8667_dlPFC_20x_img_006-MaxIP-Stitched_unmixed_rotated.nd2","Layer 1","dACC_v17_ FISH-IF v2.4.4","1182","4865","4901","3107","3133","1","1","0","0","1","1","1506.4624","0","367.1076","0","0","0","0","0","31","37.929478","4","78838.67","2078.5596","21","20.391697","3","20747.7","1017.45825","1","1.426958","0","817.8313","573.129","130.08337","90.26663","39.816742","30.46584","0.666478"
"D:\HAA\dACC revisions\Run 4\Br8667_dlPFC_20x_img_006-MaxIP-Stitched_unmixed_rotated.nd2","Layer 1","dACC_v17_ FISH-IF v2.4.4","1183","4707","4726","3124","3142","0","0","0","0","1","1","1021.07635","0","177.24626","0","0","0","0","0","0","0","0","0","0","1","0.50634","0","327.04968","645.9091","0","0","0","0","0","52.19906","46.16901","6.03005","9.869216","0.864601"
"D:\HAA\dACC revisions\Run 4\Br8667_dlPFC_20x_img_006-MaxIP-Stitched_unmixed_rotated.nd2","Layer 1","dACC_v17_ FISH-IF v2.4.4","1184","4702","4730","3143","3168","1","0","1","0","1","1","3346.5022","0","637.9637","3","7.318916","0","7972.5547","1089.3082","16","21.174223","3","44563.637","2104.6174","1","1.150773","0","799.46497","694.72","5","11.461699","1","7529.6914","656.9438","103.61559","72.26854","31.347055","25.74578","0.79593"
"D:\HAA\dACC revisions\Run 4\Br8667_dlPFC_20x_img_006-MaxIP-Stitched_unmixed_rotated.nd2","Layer 1","dACC_v17_ FISH-IF v2.4.4","1185","4677","4703","3144","3172","1","1","1","0","1","1","1363.0249","0","554.2509","2","4.00469","0","4402.719","1099.3907","16","26.145561","3","37551.47","1436.2465","8","7.226854","1","5948.5293","817.9051","4","4.050721","1","2277.8398","562.3295","104.904465","73.5574","31.347055","24.887589","0.785273"
"D:\HAA\dACC revisions\Run 4\Br8667_dlPFC_20x_img_006-MaxIP-Stitched_unmixed_rotated.nd2","Layer 1","dACC_v17_ FISH-IF v2.4.4","1186","4791","4826","3146","3174","1","1","0","0","1","1","2110.9084","0","316.35788","0","0","0","0","0","5","6.812576","1","7534.3403","1105.9459","45","29.643911","4","41519.566","1400.6102","0","0","0","0","0","138.73718","92.47611","46.26107","31.324034","0.78039"
"D:\HAA\dACC revisions\Run 4\Br8667_dlPFC_20x_img_006-MaxIP-Stitched_unmixed_rotated.nd2","Layer 1","dACC_v17_ FISH-IF v2.4.4","1187","4922","4941","3148","3167","0","0","0","0","1","1","612.216","0","213.8161","0","0","0","0","0","0","0","0","0","0","0","0","0","0","0","0","0","0","0","0","52.060966","46.307102","5.753865","9.869216","0.857712"
"D:\HAA\dACC revisions\Run 4\Br8667_dlPFC_20x_img_006-MaxIP-Stitched_unmixed_rotated.nd2","Layer 1","dACC_v17_ FISH-IF v2.4.4","1188","4852","4881","3161","3188","1","1","1","0","1","1","2114.822","0","481.7422","0","0","0","0","0","8","15.328296","1","23027.242","1502.2703","41","26.697931","4","41130.098","1540.5724","8","16.847317","1","12165.88","722.1257","110.79642","67.84957","42.946846","29.822195","0.84775"
"D:\HAA\dACC revisions\Run 4\Br8667_dlPFC_20x_img_006-MaxIP-Stitched_unmixed_rotated.nd2","Layer 1","dACC_v17_ FISH-IF v2.4.4","1189","4974","4997","3164","3186","0","0","0","0","1","1","1939.7073","0","331.7154","0","0","0","0","0","0","0","0","0","0","1","0.736495","0","647.7931","879.5625","2","1.334897","0","621.8777","465.86206","72.08442","58.873543","13.210874","16.30566","0.809338"
"D:\HAA\dACC revisions\Run 4\Br8667_dlPFC_20x_img_006-MaxIP-Stitched_unmixed_rotated.nd2","Layer 1","dACC_v17_ FISH-IF v2.4.4","1190","6228","6256","2367","2396","0","0","0","0","1","1","2337.7036","0","589.3968","0","0","0","0","0","0","0","0","0","0","0","0","0","0","0","1","1.472989","0","870.0764","590.6875","92.24596","57.768803","34.477158","28.320358","0.735119"
"D:\HAA\dACC revisions\Run 4\Br8667_dlPFC_20x_img_006-MaxIP-Stitched_unmixed_rotated.nd2","Layer 1","dACC_v17_ FISH-IF v2.4.4","1191","6239","6264","2377","2402","0","0","0","0","1","1","2274.767","0","541.6679","1","0.598402","0","529.5857","885","0","0","0","0","0","0","0","0","0","0","0","0","0","0","0","75.99705","48.930866","27.06618","24.029396","0.786787"
"D:\HAA\dACC revisions\Run 4\Br8667_dlPFC_20x_img_006-MaxIP-Stitched_unmixed_rotated.nd2","Layer 1","dACC_v17_ FISH-IF v2.4.4","1192","5879","5910","2389","2418","0","0","0","1","1","1","2486.0908","0","552.54895","6","13.809276","1","14437.781","1045.5133","0","0","0","0","0","0","0","0","0","0","0","0","0","0","0","119.72642","76.64148","43.084938","29.393099","0.81765"
"D:\HAA\dACC revisions\Run 4\Br8667_dlPFC_20x_img_006-MaxIP-Stitched_unmixed_rotated.nd2","Layer 1","dACC_v17_ FISH-IF v2.4.4","1193","5970","6006","2392","2426","0","1","1","0","1","1","1080.8442","0","226.25938","0","0","0","0","0","0","0","0","0","0","20","18.458399","3","18001.402","975.2419","128","101.12993","4","205550.73","2032.5411","171.83342","104.16797","67.66545","37.975025","0.895059"
"D:\HAA\dACC revisions\Run 4\Br8667_dlPFC_20x_img_006-MaxIP-Stitched_unmixed_rotated.nd2","Layer 1","dACC_v17_ FISH-IF v2.4.4","1194","5889","5914","2416","2442","0","0","0","1","1","1","1363.3312","0","263.8576","4","15.006079","1","21237.791","1415.2792","0","0","0","0","0","1","0.690464","0","499.9418","724.06665","0","0","0","0","0","101.08389","72.72885","28.355045","23.171202","0.803012"
"D:\HAA\dACC revisions\Run 4\Br8667_dlPFC_20x_img_006-MaxIP-Stitched_unmixed_rotated.nd2","Layer 1","dACC_v17_ FISH-IF v2.4.4","1195","6156","6174","2425","2446","0","0","1","0","1","1","1049.2749","0","257.63184","0","0","0","0","0","0","0","0","0","0","0","0","0","0","0","22","26.697931","3","34027.574","1274.5397","55.006947","47.13566","7.871287","12.014698","0.783047"
"D:\HAA\dACC revisions\Run 4\Br8667_dlPFC_20x_img_006-MaxIP-Stitched_unmixed_rotated.nd2","Layer 1","dACC_v17_ FISH-IF v2.4.4","1196","6174","6192","2425","2445","0","0","0","0","1","1","2049.6746","0","378.8452","0","0","0","0","0","0","0","0","0","0","0","0","0","0","0","2","1.51902","0","866.16376","570.2121","56.80215","45.202362","11.599792","14.589275","0.78373"
"D:\HAA\dACC revisions\Run 4\Br8667_dlPFC_20x_img_006-MaxIP-Stitched_unmixed_rotated.nd2","Layer 1","dACC_v17_ FISH-IF v2.4.4","1197","6189","6211","2425","2454","0","0","0","0","1","1","1911.3235","0","469.0649","0","0","0","0","0","0","0","0","0","0","0","0","0","0","0","1","1.150773","0","553.42975","480.92","83.454056","63.108387","20.345665","21.669365","0.683975"
"D:\HAA\dACC revisions\Run 4\Br8667_dlPFC_20x_img_006-MaxIP-Stitched_unmixed_rotated.nd2","Layer 1","dACC_v17_ FISH-IF v2.4.4","1198","5963","5983","2434","2450","0","0","0","0","1","1","1727.2046","0","244.71596","0","0","0","0","0","0","0","0","0","0","0","0","0","0","0","2","1.979329","0","1174.2026","566.86664","49.345142","39.21834","10.126801","13.731083","0.743363"
"D:\HAA\dACC revisions\Run 4\Br8667_dlPFC_20x_img_006-MaxIP-Stitched_unmixed_rotated.nd2","Layer 1","dACC_v17_ FISH-IF v2.4.4","1199","6102","6126","2439","2474","0","0","1","0","1","1","404.6233","0","159.37581","0","0","0","0","0","0","0","0","0","0","0","0","0","0","0","7","11.461699","1","7279.9736","635.1566","105.779045","85.61751","20.161541","28.749454","0.447784"
"D:\HAA\dACC revisions\Run 4\Br8667_dlPFC_20x_img_006-MaxIP-Stitched_unmixed_rotated.nd2","Layer 1","dACC_v17_ FISH-IF v2.4.4","1200","5966","5986","2451","2475","0","0","0","0","1","1","2121.9053","0","405.92755","0","0","0","0","0","0","0","0","0","0","0","0","0","0","0","1","1.196804","0","679.55444","567.8077","73.60344","44.465866","29.137571","25.316685","0.67598"
"D:\HAA\dACC revisions\Run 4\Br8667_dlPFC_20x_img_006-MaxIP-Stitched_unmixed_rotated.nd2","Layer 1","dACC_v17_ FISH-IF v2.4.4","1201","5942","5967","2446","2475","0","0","0","0","1","1","2419.4465","0","383.33356","0","0","0","0","0","1","0.414278","0","269.00467","649.3333","0","0","0","0","0","0","0","0","0","0","109.09328","66.928955","42.16432","29.822195","0.700805"
"D:\HAA\dACC revisions\Run 4\Br8667_dlPFC_20x_img_006-MaxIP-Stitched_unmixed_rotated.nd2","Layer 1","dACC_v17_ FISH-IF v2.4.4","1202","6028","6048","2490","2511","0","0","0","0","1","1","654.005","0","183.9389","0","0","0","0","0","0","0","0","0","0","0","0","0","0","0","2","3.360257","0","2124.0505","632.1096","62.64808","53.487926","9.160152","13.301987","0.759222"
"D:\HAA\dACC revisions\Run 4\Br8667_dlPFC_20x_img_006-MaxIP-Stitched_unmixed_rotated.nd2","Layer 1","dACC_v17_ FISH-IF v2.4.4","1203","6130","6161","2491","2521","0","0","1","1","1","1","1603.3385","0","330.29156","11","26.55984","2","37567.72","1414.4558","0","0","0","0","0","2","1.426958","0","1078.6885","755.9355","8","15.374327","1","12522.941","814.53595","133.76584","88.885704","44.880146","29.607647","0.868189"
"D:\HAA\dACC revisions\Run 4\Br8667_dlPFC_20x_img_006-MaxIP-Stitched_unmixed_rotated.nd2","Layer 1","dACC_v17_ FISH-IF v2.4.4","1204","5958","5987","2493","2523","0","0","1","0","1","1","2490.9941","0","330.47055","0","0","0","0","0","0","0","0","0","0","0","0","0","0","0","40","36.64061","4","64287.652","1754.5465","125.204094","85.20323","40.000866","28.320358","0.87042"
"D:\HAA\dACC revisions\Run 4\Br8667_dlPFC_20x_img_006-MaxIP-Stitched_unmixed_rotated.nd2","Layer 1","dACC_v17_ FISH-IF v2.4.4","1205","6181","6203","2503","2528","1","0","1","0","1","1","475.83774","0","88.46548","0","0","0","0","0","7","9.344276","1","9558.504","1022.9261","1","0.50634","0","821.1455","810.86365","44","48.792774","4","71545.945","1466.3226","75.90498","62.003647","13.901337","17.378403","0.699593"
"D:\HAA\dACC revisions\Run 4\Br8667_dlPFC_20x_img_006-MaxIP-Stitched_unmixed_rotated.nd2","Layer 1","dACC_v17_ FISH-IF v2.4.4","1206","6110","6130","2511","2526","0","0","1","0","1","1","444.2686","0","195.92471","0","0","0","0","0","0","0","0","0","0","0","0","0","0","0","9","14.867987","1","12379.417","832.6223","44.74205","36.68664","8.05541","12.229246","0.788448"
"D:\HAA\dACC revisions\Run 4\Br8667_dlPFC_20x_img_006-MaxIP-Stitched_unmixed_rotated.nd2","Layer 1","dACC_v17_ FISH-IF v2.4.4","1207","6110","6128","2526","2547","0","0","1","0","1","1","464.71976","0","291.4499","0","0","0","0","0","0","0","0","0","0","2","1.196804","0","883.1952","737.96155","33","38.481846","4","51284.426","1332.6914","59.471947","45.018238","14.453708","17.59295","0.664867"
"D:\HAA\dACC revisions\Run 4\Br8667_dlPFC_20x_img_006-MaxIP-Stitched_unmixed_rotated.nd2","Layer 1","dACC_v17_ FISH-IF v2.4.4","1208","6128","6154","2523","2547","0","0","1","0","1","1","955.41846","0","456.80597","0","0","0","0","0","0","0","0","0","0","1","1.104742","0","1015.1198","918.875","60","58.873543","4","95060.98","1614.6638","92.1539","61.68143","30.472467","24.887589","0.902841"
"D:\HAA\dACC revisions\Run 4\Br8667_dlPFC_20x_img_006-MaxIP-Stitched_unmixed_rotated.nd2","Layer 1","dACC_v17_ FISH-IF v2.4.4","1209","5915","5943","2535","2564","0","1","1","0","1","1","2529.7856","0","534.52216","0","0","0","0","0","0","0","0","0","0","11","10.264894","2","9713.675","946.3005","37","43.361126","4","58638.6","1352.3312","102.41879","66.56071","35.858086","27.891262","0.842473"
"D:\HAA\dACC revisions\Run 4\Br8667_dlPFC_20x_img_006-MaxIP-Stitched_unmixed_rotated.nd2","Layer 1","dACC_v17_ FISH-IF v2.4.4","1210","6124","6148","2543","2560","0","0","1","0","1","1","729.92426","0","288.9157","0","0","0","0","0","0","0","0","0","0","3","1.657113","0","2077.8357","902.8","21","27.940767","3","34940.137","1250.5074","53.349834","44.23571","9.114121","14.160179","0.638876"
"D:\HAA\dACC revisions\Run 4\Br8667_dlPFC_20x_img_006-MaxIP-Stitched_unmixed_rotated.nd2","Layer 1","dACC_v17_ FISH-IF v2.4.4","1211","5935","5952","2545","2566","0","0","1","0","1","1","2367.9749","0","385.95828","0","0","0","0","0","0","0","0","0","0","0","0","0","0","0","5","8.285565","1","5686.6133","686.32776","48.470554","37.515198","10.955359","14.589275","0.750594"
"D:\HAA\dACC revisions\Run 4\Br8667_dlPFC_20x_img_006-MaxIP-Stitched_unmixed_rotated.nd2","Layer 1","dACC_v17_ FISH-IF v2.4.4","1212","5888","5912","2550","2573","0","0","1","0","1","1","827.5347","0","178.22697","1","0.690464","0","594.99567","861.73334","1","0.368247","0","236.59892","642.5","1","0.782526","0","660.26746","843.7647","5","10.771235","1","7338.709","681.32477","79.72555","64.48932","15.236234","18.88024","0.698421"
"D:\HAA\dACC revisions\Run 4\Br8667_dlPFC_20x_img_006-MaxIP-Stitched_unmixed_rotated.nd2","Layer 1","dACC_v17_ FISH-IF v2.4.4","1213","6265","6287","2553","2574","0","0","0","0","1","1","1622.024","0","222.27002","0","0","0","0","0","0","0","0","0","0","0","0","0","0","0","0","0","0","0","0","67.25117","55.743443","11.50773","14.589275","0.939042"
"D:\HAA\dACC revisions\Run 4\Br8667_dlPFC_20x_img_006-MaxIP-Stitched_unmixed_rotated.nd2","Layer 1","dACC_v17_ FISH-IF v2.4.4","1214","6071","6095","2554","2586","0","0","1","0","1","1","2535.8208","0","524.8648","0","0","0","0","0","0","0","0","0","0","0","0","0","0","0","4","4.234844","1","2375.1953","560.86957","113.92652","82.07313","31.853395","25.74578","0.704736"
"D:\HAA\dACC revisions\Run 4\Br8667_dlPFC_20x_img_006-MaxIP-Stitched_unmixed_rotated.nd2","Layer 1","dACC_v17_ FISH-IF v2.4.4","1215","5902","5931","2571","2599","0","0","1","0","1","1","2440.9565","0","336.3079","0","0","0","0","0","1","0.50634","0","323.18307","638.2727","0","0","0","0","0","7","7.917318","1","3964.735","500.76746","125.94059","85.663536","40.277054","27.462166","0.870773"
"D:\HAA\dACC revisions\Run 4\Br8667_dlPFC_20x_img_006-MaxIP-Stitched_unmixed_rotated.nd2","Layer 1","dACC_v17_ FISH-IF v2.4.4","1216","5947","5966","2616","2636","0","0","0","0","1","1","1627.381","0","221.66954","0","0","0","0","0","0","0","0","0","0","0","0","0","0","0","2","1.611082","0","801.1221","497.25714","46.16901","37.469166","8.699843","13.301987","0.801112"
"D:\HAA\dACC revisions\Run 4\Br8667_dlPFC_20x_img_006-MaxIP-Stitched_unmixed_rotated.nd2","Layer 1","dACC_v17_ FISH-IF v2.4.4","1217","5940","5955","2624","2641","0","0","0","0","1","1","1586.2396","0","266.05457","0","0","0","0","0","0","0","0","0","0","0","0","0","0","0","0","0","0","0","0","33.09623","28.677261","4.418968","9.654668","0.720355"
"D:\HAA\dACC revisions\Run 4\Br8667_dlPFC_20x_img_006-MaxIP-Stitched_unmixed_rotated.nd2","Layer 1","dACC_v17_ FISH-IF v2.4.4","1218","5935","5961","2667","2681","0","0","1","0","1","1","836.8469","0","232.05327","0","0","0","0","0","0","0","0","0","0","2","1.979329","0","1538.5374","777.3023","16","23.56783","3","25479.125","1081.0977","55.006947","41.473858","13.53309","16.949305","0.590575"
"D:\HAA\dACC revisions\Run 4\Br8667_dlPFC_20x_img_006-MaxIP-Stitched_unmixed_rotated.nd2","Layer 1","dACC_v17_ FISH-IF v2.4.4","1219","5927","5961","2679","2699","0","1","1","0","1","1","948.67773","0","326.5039","0","0","0","0","0","0","0","0","0","0","17","15.098141","3","15951.462","1056.5183","31","33.878754","4","49635.875","1465.1033","92.47611","64.7655","27.710613","27.891262","0.547663"
"D:\HAA\dACC revisions\Run 4\Br8667_dlPFC_20x_img_006-MaxIP-Stitched_unmixed_rotated.nd2","Layer 1","dACC_v17_ FISH-IF v2.4.4","1220","6218","6242","2682","2701","0","1","1","0","1","1","2007.5515","0","255.00586","0","0","0","0","0","0","0","0","0","0","6","5.845926","1","4856.2617","830.7087","32","27.802673","4","53177.402","1912.6722","67.52736","55.006947","12.52041","15.662017","0.818188"
"D:\HAA\dACC revisions\Run 4\Br8667_dlPFC_20x_img_006-MaxIP-Stitched_unmixed_rotated.nd2","Layer 1","dACC_v17_ FISH-IF v2.4.4","1221","6219","6245","2702","2721","0","1","1","0","1","1","514.2026","0","215.6755","0","0","0","0","0","0","0","0","0","0","4","3.820566","1","2755.3647","721.19275","52","46.58329","4","82932.38","1780.3033","75.030396","60.71478","14.315616","17.59295","0.674127"
"D:\HAA\dACC revisions\Run 4\Br8667_dlPFC_20x_img_006-MaxIP-Stitched_unmixed_rotated.nd2","Layer 1","dACC_v17_ FISH-IF v2.4.4","1222","6078","6108","2734","2765","0","1","1","0","1","1","843.5677","0","250.16888","0","0","0","0","0","0","0","0","0","0","6","6.306236","1","5143.3564","815.5985","54","77.239876","4","85981.7","1113.1776","133.81187","89.94441","43.867466","29.607647","0.795682"
"D:\HAA\dACC revisions\Run 4\Br8667_dlPFC_20x_img_006-MaxIP-Stitched_unmixed_rotated.nd2","Layer 1","dACC_v17_ FISH-IF v2.4.4","1223","5981","6012","2757","2790","0","0","0","0","1","1","2112.0933","0","296.6025","0","0","0","0","0","0","0","0","0","0","0","0","0","0","0","1","1.51902","0","733.8709","483.12122","147.43703","95.652245","51.784782","33.040417","0.759184"
"D:\HAA\dACC revisions\Run 4\Br8667_dlPFC_20x_img_006-MaxIP-Stitched_unmixed_rotated.nd2","Layer 1","dACC_v17_ FISH-IF v2.4.4","1224","3636","3670","3170","3204","1","1","1","0","1","1","1057.681","0","356.67627","0","0","0","0","0","17","26.467777","3","39805.79","1503.934","13","11.829946","2","10878.671","919.5875","18","30.702621","3","18315.84","596.5562","168.74934","94.27132","74.47803","44.196922","0.728137"
"D:\HAA\dACC revisions\Run 4\Br8667_dlPFC_20x_img_006-MaxIP-Stitched_unmixed_rotated.nd2","Layer 1","dACC_v17_ FISH-IF v2.4.4","1225","3669","3698","3170","3206","1","0","1","0","1","1","1668.7828","0","327.3681","0","0","0","0","0","4","4.418968","1","4319.127","977.40625","2","1.196804","0","881.354","736.4231","13","20.667881","2","15342.1045","742.3163","140.76254","80.78426","59.978287","37.331383","0.784656"
"D:\HAA\dACC revisions\Run 4\Br8667_dlPFC_20x_img_006-MaxIP-Stitched_unmixed_rotated.nd2","Layer 1","dACC_v17_ FISH-IF v2.4.4","1226","3519","3541","3201","3223","0","0","0","0","1","1","2279.612","0","293.06412","0","0","0","0","0","0","0","0","0","0","0","0","0","0","0","0","0","0","0","0","74.66215","60.300503","14.361647","15.876565","0.893035"
"D:\HAA\dACC revisions\Run 4\Br8667_dlPFC_20x_img_006-MaxIP-Stitched_unmixed_rotated.nd2","Layer 1","dACC_v17_ FISH-IF v2.4.4","1227","3823","3862","3210","3241","1","0","1","0","1","1","1212.3779","0","238.82808","0","0","0","0","0","19","34.891434","3","47856.273","1371.5765","2","1.979329","0","1563.394","789.8605","9","12.796595","1","7407.203","578.84174","184.0316","110.84245","73.189156","38.61867","0.757364"
"D:\HAA\dACC revisions\Run 4\Br8667_dlPFC_20x_img_006-MaxIP-Stitched_unmixed_rotated.nd2","Layer 1","dACC_v17_ FISH-IF v2.4.4","1228","3563","3585","3218","3243","0","0","0","0","1","1","1719.3529","0","261.28174","0","0","0","0","0","0","0","0","0","0","0","0","0","0","0","2","2.577731","0","1879.6265","648.15875","75.352615","61.26715","14.085461","17.163853","0.744563"
"D:\HAA\dACC revisions\Run 4\Br8667_dlPFC_20x_img_006-MaxIP-Stitched_unmixed_rotated.nd2","Layer 1","dACC_v17_ FISH-IF v2.4.4","1229","3723","3751","3233","3259","0","0","0","0","1","1","1201.1583","0","249.038","0","0","0","0","0","1","0.50634","0","372.206","735.0909","0","0","0","0","0","2","1.51902","0","957.48914","547.3947","100.99184","75.12246","25.869375","23.600298","0.781735"
"D:\HAA\dACC revisions\Run 4\Br8667_dlPFC_20x_img_006-MaxIP-Stitched_unmixed_rotated.nd2","Layer 1","dACC_v17_ FISH-IF v2.4.4","1230","3554","3592","3250","3287","1","1","1","0","1","1","1196.5552","0","310.99158","0","0","0","0","0","22","31.62324","3","40686.59","1286.6041","25","21.588501","3","18877.326","874.4158","10","13.717214","2","7686.1045","560.3255","193.79016","114.61698","79.17318","42.05144","0.807217"
"D:\HAA\dACC revisions\Run 4\Br8667_dlPFC_20x_img_006-MaxIP-Stitched_unmixed_rotated.nd2","Layer 1","dACC_v17_ FISH-IF v2.4.4","1231","3623","3653","3260","3293","0","0","0","1","1","1","1767.3179","0","336.30795","15","35.25968","3","66677.72","1891.047","0","0","0","0","0","0","0","0","0","0","0","0","0","0","0","147.62115","94.91575","52.705402","31.75313","0.864199"
"D:\HAA\dACC revisions\Run 4\Br8667_dlPFC_20x_img_006-MaxIP-Stitched_unmixed_rotated.nd2","Layer 1","dACC_v17_ FISH-IF v2.4.4","1232","3464","3500","3264","3293","0","0","0","0","1","1","1877.7466","0","320.11563","0","0","0","0","0","0","0","0","0","0","0","0","0","0","0","0","0","0","0","0","145.87198","95.92843","49.943546","33.469513","0.704954"
"D:\HAA\dACC revisions\Run 4\Br8667_dlPFC_20x_img_006-MaxIP-Stitched_unmixed_rotated.nd2","Layer 1","dACC_v17_ FISH-IF v2.4.4","1233","3755","3795","3265","3300","1","1","1","0","1","1","950.9416","0","184.83192","0","0","0","0","0","35","46.26107","4","76439.03","1649.0586","10","9.482369","2","8691.972","916.6456","9","13.947368","1","7873.8184","559.0033","194.8949","114.47889","80.416016","41.622345","0.771731"
"D:\HAA\dACC revisions\Run 4\Br8667_dlPFC_20x_img_006-MaxIP-Stitched_unmixed_rotated.nd2","Layer 1","dACC_v17_ FISH-IF v2.4.4","1234","3678","3719","3271","3296","1","1","1","0","1","1","1051.1986","0","460.28708","2","1.196804","0","942.7132","787.6923","12","16.018759","2","22449.969","1401.4799","9","8.56175","1","8038.057","938.8333","6","7.180823","1","3820.474","532.03845","141.40698","96.20462","45.202362","36.044094","0.574571"
"D:\HAA\dACC revisions\Run 4\Br8667_dlPFC_20x_img_006-MaxIP-Stitched_unmixed_rotated.nd2","Layer 1","dACC_v17_ FISH-IF v2.4.4","1235","3676","3709","3293","3317","1","1","1","0","1","1","2354.934","0","534.8872","0","0","0","0","0","13","19.655201","2","27215.504","1371.7958","14","11.369637","2","11580.32","1018.53033","7","12.290255","1","7079.049","575.9888","117.97724","79.587456","38.389786","27.891262","0.734132"
"D:\HAA\dACC revisions\Run 4\Br8667_dlPFC_20x_img_006-MaxIP-Stitched_unmixed_rotated.nd2","Layer 1","dACC_v17_ FISH-IF v2.4.4","1236","3479","3498","3293","3312","0","0","0","0","1","1","561.23773","0","178.74149","0","0","0","0","0","0","0","0","0","0","0","0","0","0","0","1","0.782526","0","368.15527","470.47058","51.554626","45.938854","5.615772","9.869216","0.909688"
"D:\HAA\dACC revisions\Run 4\Br8667_dlPFC_20x_img_006-MaxIP-Stitched_unmixed_rotated.nd2","Layer 1","dACC_v17_ FISH-IF v2.4.4","1237","3743","3771","3303","3330","0","0","0","0","1","1","3029.1929","0","462.74985","1","0.690464","0","526.4556","762.4667","1","2.163453","0","2494.2312","1152.8937","1","0.690464","0","517.15735","749","0","0","0","0","0","113.6043","80.416016","33.18829","24.887589","0.824322"
"D:\HAA\dACC revisions\Run 4\Br8667_dlPFC_20x_img_006-MaxIP-Stitched_unmixed_rotated.nd2","Layer 1","dACC_v17_ FISH-IF v2.4.4","1238","3710","3736","3305","3328","0","0","0","1","1","1","2355.5103","0","311.23953","5","10.449018","1","12025.071","1150.8326","0","0","0","0","0","2","1.242835","0","959.9748","772.4074","0","0","0","0","0","84.05245","65.916275","18.13618","19.309336","0.772409"
"D:\HAA\dACC revisions\Run 4\Br8667_dlPFC_20x_img_006-MaxIP-Stitched_unmixed_rotated.nd2","Layer 1","dACC_v17_ FISH-IF v2.4.4","1239","3558","3594","3323","3356","1","1","1","0","1","1","1518.1354","0","285.54697","1","1.565051","0","1409.7429","900.7647","29","37.05489","3","59664.31","1600.221","16","14.591801","3","13331.889","913.6561","4","3.958659","1","2046.6267","517","162.25899","101.40611","60.852875","36.902287","0.78845"
"D:\HAA\dACC revisions\Run 4\Br8667_dlPFC_20x_img_006-MaxIP-Stitched_unmixed_rotated.nd2","Layer 1","dACC_v17_ FISH-IF v2.4.4","1240","3600","3626","3328","3357","0","0","0","0","1","1","2543.4492","0","505.13113","0","0","0","0","0","0","0","0","0","0","0","0","0","0","0","1","1.979329","0","1151.6014","581.81396","110.38214","78.620804","31.761333","25.316685","0.814609"
"D:\HAA\dACC revisions\Run 4\Br8667_dlPFC_20x_img_006-MaxIP-Stitched_unmixed_rotated.nd2","Layer 1","dACC_v17_ FISH-IF v2.4.4","1241","3565","3592","3375","3402","0","0","0","0","1","1","2870.256","0","355.73657","0","0","0","0","0","0","0","0","0","0","0","0","0","0","0","0","0","0","0","0","101.91245","75.49071","26.421747","24.029396","0.715102"
"D:\HAA\dACC revisions\Run 4\Br8667_dlPFC_20x_img_006-MaxIP-Stitched_unmixed_rotated.nd2","Layer 1","dACC_v17_ FISH-IF v2.4.4","1242","3705","3726","3376","3398","0","1","0","1","1","1","1991.7773","0","331.66614","7","13.855307","1","26210.281","1891.7142","1","1.196804","0","1194.088","997.7308","4","3.360257","1","2559.273","761.6301","0","0","0","0","0","71.486015","58.459267","13.02675","15.447468","0.846176"
"D:\HAA\dACC revisions\Run 4\Br8667_dlPFC_20x_img_006-MaxIP-Stitched_unmixed_rotated.nd2","Layer 1","dACC_v17_ FISH-IF v2.4.4","1243","3833","3863","3397","3426","0","0","0","0","1","1","2509.3162","0","356.23892","0","0","0","0","0","0","0","0","0","0","1","1.104742","0","933.87524","845.3333","0","0","0","0","0","101.26802","66.46864","34.799374","28.749454","0.672876"
"D:\HAA\dACC revisions\Run 4\Br8667_dlPFC_20x_img_006-MaxIP-Stitched_unmixed_rotated.nd2","Layer 1","dACC_v17_ FISH-IF v2.4.4","1244","3741","3774","3411","3438","1","1","1","0","1","1","1076.7238","0","273.20258","1","2.255515","0","2803.0986","1242.7755","19","30.012157","3","40621.227","1343.1918","21","16.202883","3","18154.455","1120.446","9","17.859997","1","11122.543","622.7629","132.0627","89.069824","42.992878","31.75313","0.67755"
"D:\HAA\dACC revisions\Run 4\Br8667_dlPFC_20x_img_006-MaxIP-Stitched_unmixed_rotated.nd2","Layer 1","dACC_v17_ FISH-IF v2.4.4","1245","3841","3865","3416","3442","0","0","0","0","1","1","2095.9097","0","407.19388","0","0","0","0","0","2","2.255515","0","2024.4397","897.551","0","0","0","0","0","0","0","0","0","0","86.12385","55.55932","30.56453","24.243944","0.805135"
"D:\HAA\dACC revisions\Run 4\Br8667_dlPFC_20x_img_006-MaxIP-Stitched_unmixed_rotated.nd2","Layer 1","dACC_v17_ FISH-IF v2.4.4","1246","3695","3723","3414","3439","0","0","0","1","1","1","1988.129","0","425.2005","10","19.885357","2","25393.416","1265.2753","2","3.084071","0","3959.3494","1283.806","1","0.644433","0","464.2218","720.3571","2","3.820566","0","2578.0996","674.79517","101.82039","75.07642","26.743963","23.600298","0.780307"
"D:\HAA\dACC revisions\Run 4\Br8667_dlPFC_20x_img_006-MaxIP-Stitched_unmixed_rotated.nd2","Layer 1","dACC_v17_ FISH-IF v2.4.4","1247","3737","3773","3437","3462","0","0","0","0","1","1","1837.8062","0","366.91055","0","0","0","0","0","1","0.322216","0","232.64026","722","0","0","0","0","0","2","1.657113","0","833.66595","503.08334","124.191414","86.44606","37.745354","30.894936","0.636422"
"D:\HAA\dACC revisions\Run 4\Br8667_dlPFC_20x_img_006-MaxIP-Stitched_unmixed_rotated.nd2","Layer 1","dACC_v17_ FISH-IF v2.4.4","1248","3489","3517","3446","3478","0","0","0","1","1","1","2411.5635","0","404.94867","17","38.527878","3","72831.22","1890.3512","2","2.669793","0","2747.9077","1029.2587","3","2.209484","0","1721.3262","779.0625","0","0","0","0","0","126.9993","86.07781","40.921486","29.17855","0.852085"
"D:\HAA\dACC revisions\Run 4\Br8667_dlPFC_20x_img_006-MaxIP-Stitched_unmixed_rotated.nd2","Layer 1","dACC_v17_ FISH-IF v2.4.4","1249","3853","3872","3469","3488","0","0","0","0","1","1","377.58157","0","159.51445","0","0","0","0","0","0","0","0","0","0","0","0","0","0","0","1","1.01268","0","522.589","516.0455","54.27045","47.780094","6.490359","10.51286","0.888551"
"D:\HAA\dACC revisions\Run 4\Br8667_dlPFC_20x_img_006-MaxIP-Stitched_unmixed_rotated.nd2","Layer 1","dACC_v17_ FISH-IF v2.4.4","1250","3550","3570","3473","3493","0","0","0","0","1","1","518.4756","0","202.24193","0","0","0","0","0","0","0","0","0","0","0","0","0","0","0","0","0","0","0","0","57.400555","49.851482","7.54907","11.156505","0.851404"
"D:\HAA\dACC revisions\Run 4\Br8667_dlPFC_20x_img_006-MaxIP-Stitched_unmixed_rotated.nd2","Layer 1","dACC_v17_ FISH-IF v2.4.4","1251","3653","3682","3491","3517","0","0","0","0","1","1","2172.357","0","471.18228","0","0","0","0","0","0","0","0","0","0","0","0","0","0","0","0","0","0","0","0","99.518845","62.371895","37.14695","27.891262","0.774443"
"D:\HAA\dACC revisions\Run 4\Br8667_dlPFC_20x_img_006-MaxIP-Stitched_unmixed_rotated.nd2","Layer 1","dACC_v17_ FISH-IF v2.4.4","1252","3767","3808","3491","3525","1","1","1","0","1","1","1039.8784","0","325.6191","0","0","0","0","0","31","45.294422","4","78774.734","1739.1708","45","32.359734","4","41296.453","1276.1678","8","5.845926","1","2825.0095","483.24408","183.5713","109.36946","74.201836","42.695087","0.707825"
"D:\HAA\dACC revisions\Run 4\Br8667_dlPFC_20x_img_006-MaxIP-Stitched_unmixed_rotated.nd2","Layer 1","dACC_v17_ FISH-IF v2.4.4","1253","3628","3646","3495","3514","0","0","0","0","1","1","362.32257","0","119.14224","0","0","0","0","0","0","0","0","0","0","0","0","0","0","0","0","0","0","0","0","47.319782","43.038906","4.280875","8.581926","0.86868"
"D:\HAA\dACC revisions\Run 4\Br8667_dlPFC_20x_img_006-MaxIP-Stitched_unmixed_rotated.nd2","Layer 1","dACC_v17_ FISH-IF v2.4.4","1254","3668","3699","3499","3525","0","0","0","0","1","1","2626.2363","0","513.30646","0","0","0","0","0","0","0","0","0","0","0","0","0","0","0","0","0","0","0","0","101.77436","59.33385","42.440506","29.17855","0.803983"
"D:\HAA\dACC revisions\Run 4\Br8667_dlPFC_20x_img_006-MaxIP-Stitched_unmixed_rotated.nd2","Layer 1","dACC_v17_ FISH-IF v2.4.4","1255","3797","3819","3508","3528","1","1","0","0","1","1","1925.7333","0","260.06412","0","0","0","0","0","5","5.431648","1","9748.888","1794.8306","7","6.076081","1","7657.7954","1260.3182","1","0.50634","0","220.90237","436.27274","66.23849","53.11968","13.118812","15.447468","0.79142"
"D:\HAA\dACC revisions\Run 4\Br8667_dlPFC_20x_img_006-MaxIP-Stitched_unmixed_rotated.nd2","Layer 1","dACC_v17_ FISH-IF v2.4.4","1256","3674","3716","3522","3545","0","0","0","0","1","1","2252.3296","0","313.91858","0","0","0","0","0","1","1.196804","0","1235.746","1032.5385","0","0","0","0","0","0","0","0","0","0","137.44832","95.56019","41.888134","33.89861","0.55111"
"D:\HAA\dACC revisions\Run 4\Br8667_dlPFC_20x_img_006-MaxIP-Stitched_unmixed_rotated.nd2","Layer 1","dACC_v17_ FISH-IF v2.4.4","1257","3507","3540","3539","3576","0","0","0","0","1","1","2254.996","0","394.40298","0","0","0","0","0","1","0.414278","0","256.94458","620.2222","0","0","0","0","0","0","0","0","0","0","149.83064","101.544205","48.286434","37.331383","0.612817"
"D:\HAA\dACC revisions\Run 4\Br8667_dlPFC_20x_img_006-MaxIP-Stitched_unmixed_rotated.nd2","Layer 1","dACC_v17_ FISH-IF v2.4.4","1258","3618","3637","3545","3563","0","0","0","0","1","1","886.04596","0","177.38126","0","0","0","0","0","0","0","0","0","0","0","0","0","0","0","0","0","0","0","0","50.265762","42.256382","8.009379","12.014698","0.76812"
"D:\HAA\dACC revisions\Run 4\Br8667_dlPFC_20x_img_006-MaxIP-Stitched_unmixed_rotated.nd2","Layer 1","dACC_v17_ FISH-IF v2.4.4","1259","3635","3648","3545","3561","0","0","0","0","1","1","1011.0577","0","162.41977","0","0","0","0","0","0","0","0","0","0","0","0","0","0","0","0","0","0","0","0","30.794683","28.401075","2.393608","6.436445","0.763053"
"D:\HAA\dACC revisions\Run 4\Br8667_dlPFC_20x_img_006-MaxIP-Stitched_unmixed_rotated.nd2","Layer 1","dACC_v17_ FISH-IF v2.4.4","1260","3475","3506","3551","3583","0","0","0","0","1","1","2749.2202","0","426.60855","0","0","0","0","0","0","0","0","0","0","0","0","0","0","0","0","0","0","0","0","117.93121","76.31926","41.61195","32.61132","0.66324"
"D:\HAA\dACC revisions\Run 4\Br8667_dlPFC_20x_img_006-MaxIP-Stitched_unmixed_rotated.nd2","Layer 1","dACC_v17_ FISH-IF v2.4.4","1261","5423","5449","3579","3611","0","0","0","1","1","1","2697.0916","0","548.7594","4","8.883967","1","9340.962","1009.59204","0","0","0","0","0","0","0","0","0","0","2","3.268195","0","1547.3293","473.4507","101.77436","60.070347","41.70401","31.324034","0.720407"
"D:\HAA\dACC revisions\Run 4\Br8667_dlPFC_20x_img_006-MaxIP-Stitched_unmixed_rotated.nd2","Layer 1","dACC_v17_ FISH-IF v2.4.4","1262","5074","5099","3584","3608","0","0","0","0","1","1","1420.2135","0","298.93475","0","0","0","0","0","1","1.058711","0","980.78076","926.3913","0","0","0","0","0","1","0.460309","0","207.27722","450.3","88.93173","68.447975","20.483759","20.167528","0.773198"
"D:\HAA\dACC revisions\Run 4\Br8667_dlPFC_20x_img_006-MaxIP-Stitched_unmixed_rotated.nd2","Layer 1","dACC_v17_ FISH-IF v2.4.4","1263","5209","5242","3584","3610","0","1","1","0","1","1","2120.292","0","318.38187","0","0","0","0","0","0","0","0","0","0","8","9.620461","1","7999.3447","831.4928","59","68.77019","4","92889.42","1350.7222","126.677086","87.27462","39.402466","28.534906","0.738385"
"D:\HAA\dACC revisions\Run 4\Br8667_dlPFC_20x_img_006-MaxIP-Stitched_unmixed_rotated.nd2","Layer 1","dACC_v17_ FISH-IF v2.4.4","1264","5359","5379","3590","3614","1","1","1","0","1","1","1554.2365","0","555.5665","0","0","0","0","0","6","9.160152","1","13569.362","1481.3467","10","7.641132","2","9047.238","1184.0181","4","4.142783","1","2015.1415","486.4222","66.19246","52.567307","13.625152","16.520208","0.834018"
"D:\HAA\dACC revisions\Run 4\Br8667_dlPFC_20x_img_006-MaxIP-Stitched_unmixed_rotated.nd2","Layer 1","dACC_v17_ FISH-IF v2.4.4","1265","5280","5308","3594","3630","1","1","0","0","1","1","2100.598","0","334.31165","2","1.749175","0","1336.2314","763.9211","5","7.226854","1","7588.381","1050.0255","47","32.359734","4","46808.29","1446.4979","0","0","0","0","0","150.47507","96.89508","53.579987","32.61132","0.796773"
"D:\HAA\dACC revisions\Run 4\Br8667_dlPFC_20x_img_006-MaxIP-Stitched_unmixed_rotated.nd2","Layer 1","dACC_v17_ FISH-IF v2.4.4","1266","5376","5401","3595","3623","1","1","1","0","1","1","3185.772","0","574.1959","0","0","0","0","0","8","9.528399","1","12737.676","1336.8116","8","6.720514","1","7383.083","1098.589","5","10.54108","1","5615.726","532.7467","104.075905","72.59076","31.485147","25.316685","0.823743"
"D:\HAA\dACC revisions\Run 4\Br8667_dlPFC_20x_img_006-MaxIP-Stitched_unmixed_rotated.nd2","Layer 1","dACC_v17_ FISH-IF v2.4.4","1267","5416","5440","3598","3633","0","1","1","0","1","1","2904.8467","0","454.48077","0","0","0","0","0","0","0","0","0","0","4","3.958659","1","3420.0051","863.93024","4","6.444328","1","3717.9631","576.9357","106.69967","68.26385","38.435818","30.251291","0.60371"
"D:\HAA\dACC revisions\Run 4\Br8667_dlPFC_20x_img_006-MaxIP-Stitched_unmixed_rotated.nd2","Layer 1","dACC_v17_ FISH-IF v2.4.4","1268","5153","5180","3614","3653","0","1","1","1","1","1","1480.4186","0","276.66006","8","16.893347","1","22015.621","1303.2125","0","0","0","0","0","4","2.715824","1","1970.4915","725.5593","5","6.03005","1","3511.2844","582.2977","153.14487","102.234665","50.910194","34.542255","0.682555"
"D:\HAA\dACC revisions\Run 4\Br8667_dlPFC_20x_img_006-MaxIP-Stitched_unmixed_rotated.nd2","Layer 1","dACC_v17_ FISH-IF v2.4.4","1269","5441","5470","3623","3651","0","0","1","0","1","1","1682.0046","0","312.36426","0","0","0","0","0","0","0","0","0","0","3","3.314226","0","2458.7415","741.875","19","36.870766","3","28674.73","777.7091","109.92183","80.36998","29.55185","26.389425","0.699016"
"D:\HAA\dACC revisions\Run 4\Br8667_dlPFC_20x_img_006-MaxIP-Stitched_unmixed_rotated.nd2","Layer 1","dACC_v17_ FISH-IF v2.4.4","1270","5406","5426","3624","3643","0","0","0","0","1","1","3299.7515","0","368.09778","0","0","0","0","0","0","0","0","0","0","0","0","0","0","0","1","2.807886","0","1980.4802","705.3279","56.433907","41.427826","15.006079","16.734756","0.771332"
"D:\HAA\dACC revisions\Run 4\Br8667_dlPFC_20x_img_006-MaxIP-Stitched_unmixed_rotated.nd2","Layer 1","dACC_v17_ FISH-IF v2.4.4","1271","5220","5256","3626","3657","0","1","1","0","1","1","1988.2467","0","319.63647","0","0","0","0","0","0","0","0","0","0","60","41.750042","4","58879.62","1410.2888","4","3.268195","1","1559.2974","477.11267","159.54317","99.65694","59.886223","34.756805","0.829183"
"D:\HAA\dACC revisions\Run 4\Br8667_dlPFC_20x_img_006-MaxIP-Stitched_unmixed_rotated.nd2","Layer 1","dACC_v17_ FISH-IF v2.4.4","1272","5404","5425","3643","3659","0","0","0","0","1","1","2801.0317","0","398.60825","0","0","0","0","0","0","0","0","0","0","0","0","0","0","0","0","0","0","0","0","50.311794","40.18499","10.126801","14.589275","0.659709"
"D:\HAA\dACC revisions\Run 4\Br8667_dlPFC_20x_img_006-MaxIP-Stitched_unmixed_rotated.nd2","Layer 1","dACC_v17_ FISH-IF v2.4.4","1273","5064","5091","3648","3671","0","0","0","0","1","1","2669.299","0","628.7365","0","0","0","0","0","0","0","0","0","0","0","0","0","0","0","3","3.176133","0","1589.7238","500.52173","97.999825","60.438595","37.56123","28.320358","0.748109"
"D:\HAA\dACC revisions\Run 4\Br8667_dlPFC_20x_img_006-MaxIP-Stitched_unmixed_rotated.nd2","Layer 1","dACC_v17_ FISH-IF v2.4.4","1274","5144","5181","3657","3687","0","0","0","0","1","1","1536.4379","0","339.1758","0","0","0","0","0","0","0","0","0","0","0","0","0","0","0","1","0.920618","0","473.61212","514.45","161.66058","102.37276","59.287823","35.614998","0.782516"
"D:\HAA\dACC revisions\Run 4\Br8667_dlPFC_20x_img_006-MaxIP-Stitched_unmixed_rotated.nd2","Layer 1","dACC_v17_ FISH-IF v2.4.4","1275","5187","5208","3666","3688","0","0","0","0","1","1","502.644","0","158.46893","0","0","0","0","0","0","0","0","0","0","0","0","0","0","0","0","0","0","0","0","68.54004","57.032307","11.50773","14.589275","0.787032"
"D:\HAA\dACC revisions\Run 4\Br8667_dlPFC_20x_img_006-MaxIP-Stitched_unmixed_rotated.nd2","Layer 1","dACC_v17_ FISH-IF v2.4.4","1276","5145","5178","3700","3730","0","0","1","0","1","1","1683.8025","0","331.97424","0","0","0","0","0","2","2.301546","0","2441.3877","1060.76","3","2.301546","0","2659.206","1155.4","5","8.976028","1","5125.1743","570.9846","145.31961","94.73163","50.58798","31.75313","0.818634"
"D:\HAA\dACC revisions\Run 4\Br8667_dlPFC_20x_img_006-MaxIP-Stitched_unmixed_rotated.nd2","Layer 1","dACC_v17_ FISH-IF v2.4.4","1277","5453","5474","3726","3747","0","0","0","0","1","1","1750.8604","0","232.82964","0","0","0","0","0","0","0","0","0","0","3","3.314226","0","3003.5173","906.25","1","0.828557","0","424.81934","512.7222","64.25916","54.0403","10.218863","13.301987","0.802363"
"D:\HAA\dACC revisions\Run 4\Br8667_dlPFC_20x_img_006-MaxIP-Stitched_unmixed_rotated.nd2","Layer 1","dACC_v17_ FISH-IF v2.4.4","1278","5086","5111","3728","3757","0","0","0","0","1","1","1612.4575","0","317.4699","0","0","0","0","0","0","0","0","0","0","1","0.782526","0","486.1325","621.2353","1","0.736495","0","467.58206","634.875","108.67899","77.28591","31.393085","26.603973","0.739581"
"D:\HAA\dACC revisions\Run 4\Br8667_dlPFC_20x_img_006-MaxIP-Stitched_unmixed_rotated.nd2","Layer 1","dACC_v17_ FISH-IF v2.4.4","1279","5436","5473","3740","3781","0","1","0","0","1","1","2041.8297","0","453.03217","0","0","0","0","0","0","0","0","0","0","48","27.756643","4","46134.67","1659.361","0","0","0","0","0","164.88275","101.63627","63.24648","45.055115","0.591073"
"D:\HAA\dACC revisions\Run 4\Br8667_dlPFC_20x_img_006-MaxIP-Stitched_unmixed_rotated.nd2","Layer 1","dACC_v17_ FISH-IF v2.4.4","1280","5087","5108","3756","3775","0","1","0","0","1","1","1334.2825","0","208.07195","0","0","0","0","0","0","0","0","0","0","9","7.364947","1","7641.4546","1037.5437","3","6.168143","0","3593.1733","582.5373","60.806843","50.541946","10.264894","13.731083","0.800825"
"D:\HAA\dACC revisions\Run 4\Br8667_dlPFC_20x_img_006-MaxIP-Stitched_unmixed_rotated.nd2","Layer 1","dACC_v17_ FISH-IF v2.4.4","1281","5379","5405","3762","3792","0","1","0","0","1","1","1080.9166","0","263.6202","0","0","0","0","0","0","0","0","0","0","20","16.202883","3","19289.486","1190.4972","1","1.795206","0","1014.1992","564.9487","110.19801","79.26524","30.932777","25.74578","0.758688"
"D:\HAA\dACC revisions\Run 4\Br8667_dlPFC_20x_img_006-MaxIP-Stitched_unmixed_rotated.nd2","Layer 1","dACC_v17_ FISH-IF v2.4.4","1282","5458","5493","3765","3793","0","1","0","1","1","1","1574.0575","0","320.95108","6","12.934688","1","14573.25","1126.6797","0","0","0","0","0","5","3.452319","1","2926.4155","847.6667","0","0","0","0","0","130.63574","81.84297","48.792774","32.61132","0.742069"
"D:\HAA\dACC revisions\Run 4\Br8667_dlPFC_20x_img_006-MaxIP-Stitched_unmixed_rotated.nd2","Layer 1","dACC_v17_ FISH-IF v2.4.4","1283","5160","5191","3773","3800","0","1","0","0","1","1","1153.9784","0","247.32942","1","4.142783","0","5825.0283","1406.0667","0","0","0","0","0","29","23.797985","3","26705.48","1122.1741","0","0","0","0","0","122.94858","82.441376","40.507206","28.320358","0.828012"
"D:\HAA\dACC revisions\Run 4\Br8667_dlPFC_20x_img_006-MaxIP-Stitched_unmixed_rotated.nd2","Layer 1","dACC_v17_ FISH-IF v2.4.4","1284","5416","5455","3782","3811","0","1","1","0","1","1","2628.1292","0","387.47668","0","0","0","0","0","0","0","0","0","0","19","14.03943","3","17607.47","1250.0458","39","41.335762","4","61058.953","1477.1459","153.32898","100.62359","52.705402","36.044094","0.683335"
"D:\HAA\dACC revisions\Run 4\Br8667_dlPFC_20x_img_006-MaxIP-Stitched_unmixed_rotated.nd2","Layer 1","dACC_v17_ FISH-IF v2.4.4","1285","5140","5159","3791","3815","0","0","0","0","1","1","1410.5597","0","270.5354","0","0","0","0","0","1","1.150773","0","1077.998","936.76","0","0","0","0","0","0","0","0","0","0","66.928955","50.72607","16.202883","19.738432","0.642065"
"D:\HAA\dACC revisions\Run 4\Br8667_dlPFC_20x_img_006-MaxIP-Stitched_unmixed_rotated.nd2","Layer 1","dACC_v17_ FISH-IF v2.4.4","1286","5160","5175","3796","3816","0","0","0","0","1","1","1641.7875","0","523.1111","0","0","0","0","0","0","0","0","0","0","0","0","0","0","0","1","1.058711","0","567.28503","535.8261","41.70401","30.656591","11.047421","14.589275","0.695036"
"D:\HAA\dACC revisions\Run 4\Br8667_dlPFC_20x_img_006-MaxIP-Stitched_unmixed_rotated.nd2","Layer 1","dACC_v17_ FISH-IF v2.4.4","1287","5193","5218","3798","3823","0","0","0","0","1","1","1530.3887","0","365.35703","0","0","0","0","0","0","0","0","0","0","0","0","0","0","0","0","0","0","0","0","82.90168","53.76411","29.137571","26.389425","0.772202"
"D:\HAA\dACC revisions\Run 4\Br8667_dlPFC_20x_img_006-MaxIP-Stitched_unmixed_rotated.nd2","Layer 1","dACC_v17_ FISH-IF v2.4.4","1288","5169","5193","3800","3829","0","0","0","0","1","1","2597.8347","0","473.69547","0","0","0","0","0","1","0.966649","0","738.1058","763.5714","1","1.01268","0","937.87994","926.13635","0","0","0","0","0","94.31735","56.986275","37.331074","27.462166","0.815181"
"D:\HAA\dACC revisions\Run 4\Br8667_dlPFC_20x_img_006-MaxIP-Stitched_unmixed_rotated.nd2","Layer 1","dACC_v17_ FISH-IF v2.4.4","1289","5301","5331","3801","3828","0","0","0","0","1","1","2144.54","0","359.76053","0","0","0","0","0","0","0","0","0","0","0","0","0","0","0","1","0.966649","0","516.9732","534.8095","117.01059","81.889","35.12159","26.603973","0.818186"
"D:\HAA\dACC revisions\Run 4\Br8667_dlPFC_20x_img_006-MaxIP-Stitched_unmixed_rotated.nd2","Layer 1","dACC_v17_ FISH-IF v2.4.4","1290","5187","5208","3813","3833","0","0","0","0","1","1","1893.8171","0","480.86624","0","0","0","0","0","0","0","0","0","0","1","0.50634","0","338.51135","668.5455","0","0","0","0","0","48.60865","28.216953","20.391697","21.883913","0.802855"
"D:\HAA\dACC revisions\Run 4\Br8667_dlPFC_20x_img_006-MaxIP-Stitched_unmixed_rotated.nd2","Layer 1","dACC_v17_ FISH-IF v2.4.4","1291","5165","5192","3829","3862","1","1","0","0","1","1","1728.5321","0","398.6524","1","0.690464","0","586.1577","848.93335","5","9.712523","1","12537.717","1290.8815","37","24.902727","4","35399.523","1421.512","0","0","0","0","0","129.80719","90.45075","39.356434","29.822195","0.704669"
"D:\HAA\dACC revisions\Run 4\Br8667_dlPFC_20x_img_006-MaxIP-Stitched_unmixed_rotated.nd2","Layer 1","dACC_v17_ FISH-IF v2.4.4","1292","5263","5291","3829","3860","0","1","0","1","1","1","2002.1758","0","375.40704","13","28.769323","2","53881.03","1872.864","1","1.657113","0","1580.7477","953.9167","6","5.845926","1","5422.258","927.5276","0","0","0","0","0","125.98662","86.169876","39.816742","28.749454","0.842406"
"D:\HAA\dACC revisions\Run 4\Br8667_dlPFC_20x_img_006-MaxIP-Stitched_unmixed_rotated.nd2","Layer 1","dACC_v17_ FISH-IF v2.4.4","1293","5088","5106","3847","3861","0","0","1","0","1","1","360.32895","0","164.41214","0","0","0","0","0","0","0","0","0","0","2","2.02536","0","1734.6752","856.4773","7","14.315616","1","8929.399","623.75244","39.908806","36.410458","3.49835","7.723734","0.841825"
"D:\HAA\dACC revisions\Run 4\Br8667_dlPFC_20x_img_006-MaxIP-Stitched_unmixed_rotated.nd2","Layer 1","dACC_v17_ FISH-IF v2.4.4","1294","5086","5115","3862","3888","0","1","1","0","1","1","644.528","0","192.62096","0","0","0","0","0","2","1.887268","0","1628.804","863.04877","17","14.637832","3","16036.067","1033.7567","36","51.278442","4","53678.633","1046.807","105.96317","75.536736","30.426437","27.03307","0.802478"
"D:\HAA\dACC revisions\Run 4\Br8667_dlPFC_20x_img_006-MaxIP-Stitched_unmixed_rotated.nd2","Layer 1","dACC_v17_ FISH-IF v2.4.4","1295","5453","5481","3886","3914","0","0","0","0","1","1","1839.1835","0","287.13998","0","0","0","0","0","0","0","0","0","0","0","0","0","0","0","0","0","0","0","0","111.8091","77.93034","33.878754","26.603973","0.789172"
"D:\HAA\dACC revisions\Run 4\Br8667_dlPFC_20x_img_006-MaxIP-Stitched_unmixed_rotated.nd2","Layer 1","dACC_v17_ FISH-IF v2.4.4","1296","5245","5278","3895","3923","0","1","1","0","1","1","1314.1229","0","280.43472","0","0","0","0","0","0","0","0","0","0","14","12.888657","2","12943.296","1004.23926","49","57.446587","4","79477.305","1383.4991","124.05332","88.83967","35.213654","30.46584","0.657394"
"D:\HAA\dACC revisions\Run 4\Br8667_dlPFC_20x_img_006-MaxIP-Stitched_unmixed_rotated.nd2","Layer 1","dACC_v17_ FISH-IF v2.4.4","1297","5370","5404","3895","3927","0","0","0","0","1","1","1440.7465","0","327.39465","1","0.966649","0","756.4261","782.5238","0","0","0","0","0","0","0","0","0","0","0","0","0","0","0","145.54976","91.095184","54.454575","35.1859","0.768855"
"D:\HAA\dACC revisions\Run 4\Br8667_dlPFC_20x_img_006-MaxIP-Stitched_unmixed_rotated.nd2","Layer 1","dACC_v17_ FISH-IF v2.4.4","1298","5339","5374","3902","3937","0","1","0","0","1","1","1370.7283","0","297.14966","0","0","0","0","0","0","0","0","0","0","8","8.239534","1","7230.3525","877.51953","1","0.966649","0","903.35675","577.2059","173.53656","104.260025","69.27653","37.76048","0.899275"
"D:\HAA\dACC revisions\Run 4\Br8667_dlPFC_20x_img_006-MaxIP-Stitched_unmixed_rotated.nd2","Layer 1","dACC_v17_ FISH-IF v2.4.4","1299","5374","5394","3923","3939","0","1","0","0","1","1","1047.4634","0","206.90244","0","0","0","0","0","0","0","0","0","0","22","13.809276","3","22090.652","1568.3301","0","0","0","0","0","45.294422","39.63262","5.661803","10.298312","0.75719"
"D:\HAA\dACC revisions\Run 4\Br8667_dlPFC_20x_img_006-MaxIP-Stitched_unmixed_rotated.nd2","Layer 1","dACC_v17_ FISH-IF v2.4.4","1300","5078","5099","3931","3950","0","0","0","0","1","1","1445.7052","0","197.3126","0","0","0","0","0","0","0","0","0","0","1","1.058711","0","1060.046","1001.26086","0","0","0","0","0","59.057667","51.09432","7.963349","12.014698","0.781106"
"D:\HAA\dACC revisions\Run 4\Br8667_dlPFC_20x_img_006-MaxIP-Stitched_unmixed_rotated.nd2","Layer 1","dACC_v17_ FISH-IF v2.4.4","1301","5135","5153","3936","3954","0","0","0","0","1","1","1343.8334","0","213.59358","0","0","0","0","0","0","0","0","0","0","2","1.749175","0","1370.5706","783.5526","2","1.657113","0","1175.7677","543.4681","49.483234","44.511898","4.971339","9.011024","0.868424"
"D:\HAA\dACC revisions\Run 4\Br8667_dlPFC_20x_img_006-MaxIP-Stitched_unmixed_rotated.nd2","Layer 1","dACC_v17_ FISH-IF v2.4.4","1302","5111","5129","3938","3956","0","0","0","0","1","1","440.9903","0","121.59124","0","0","0","0","0","0","0","0","0","0","1","0.736495","0","577.5039","784.125","2","1.426958","0","774.2861","542.6129","48.884834","44.14365","4.741185","8.581926","0.874879"
"D:\HAA\dACC revisions\Run 4\Br8667_dlPFC_20x_img_006-MaxIP-Stitched_unmixed_rotated.nd2","Layer 1","dACC_v17_ FISH-IF v2.4.4","1303","5151","5183","3938","3986","0","1","0","1","1","1","2793.2666","0","545.3617","18","46.58329","3","74618.42","1601.828","0","0","0","0","0","8","7.733194","1","7459.494","964.6071","0","0","0","0","0","214.87233","131.4643","83.40802","48.702435","0.62766"
"D:\HAA\dACC revisions\Run 4\Br8667_dlPFC_20x_img_006-MaxIP-Stitched_unmixed_rotated.nd2","Layer 1","dACC_v17_ FISH-IF v2.4.4","1304","5342","5375","3938","3965","0","0","0","0","1","1","2728.1738","0","320.90167","0","0","0","0","0","0","0","0","0","0","0","0","0","0","0","0","0","0","0","0","123.316826","87.550804","35.76602","29.607647","0.683731"
"D:\HAA\dACC revisions\Run 4\Br8667_dlPFC_20x_img_006-MaxIP-Stitched_unmixed_rotated.nd2","Layer 1","dACC_v17_ FISH-IF v2.4.4","1305","5304","5335","3940","3968","0","1","1","0","1","1","1354.5923","0","310.5063","0","0","0","0","0","0","0","0","0","0","28","22.417057","3","25065.629","1069.8212","111","87.45874","4","179637.5","2053.9685","128.3342","87.91905","40.415146","28.749454","0.786321"
"D:\HAA\dACC revisions\Run 4\Br8667_dlPFC_20x_img_006-MaxIP-Stitched_unmixed_rotated.nd2","Layer 1","dACC_v17_ FISH-IF v2.4.4","1306","5071","5100","3966","3989","0","0","1","0","1","1","2915.903","0","519.77515","0","0","0","0","0","3","2.99201","0","2842.8694","950.1539","1","0.690464","0","477.75488","691.93335","9","14.361647","1","14037.221","977.4103","89.392044","58.965607","30.426437","25.96033","0.734493"
"D:\HAA\dACC revisions\Run 4\Br8667_dlPFC_20x_img_006-MaxIP-Stitched_unmixed_rotated.nd2","Layer 1","dACC_v17_ FISH-IF v2.4.4","1307","5213","5243","3966","3989","0","1","1","0","1","1","2444.582","0","510.34683","0","0","0","0","0","2","1.887268","0","2673.4297","1001.36206","9","8.193503","1","8736.023","1066.2135","7","9.298245","1","6327.686","680.5248","99.61091","63.70679","35.904114","30.036743","0.737918"
"D:\HAA\dACC revisions\Run 4\Br8667_dlPFC_20x_img_006-MaxIP-Stitched_unmixed_rotated.nd2","Layer 1","dACC_v17_ FISH-IF v2.4.4","1308","5184","5212","3967","3991","0","0","0","0","1","1","1845.9961","0","469.9513","1","1.979329","0","1985.2214","1002.97675","0","0","0","0","0","0","0","0","0","0","1","0.322216","0","141.453","439","96.20462","60.484627","35.719994","28.749454","0.725066"
"D:\HAA\dACC revisions\Run 4\Br8667_dlPFC_20x_img_006-MaxIP-Stitched_unmixed_rotated.nd2","Layer 1","dACC_v17_ FISH-IF v2.4.4","1309","4128","4152","2767","2794","0","0","0","0","1","1","3076.36","0","551.65924","0","0","0","0","0","2","3.452319","0","4029.8687","1167.2933","0","0","0","0","0","1","0.644433","0","320.65137","497.57144","102.37276","63.890915","38.481846","29.17855","0.719325"
"D:\HAA\dACC revisions\Run 4\Br8667_dlPFC_20x_img_006-MaxIP-Stitched_unmixed_rotated.nd2","Layer 1","dACC_v17_ FISH-IF v2.4.4","1310","3961","3997","2790","2825","1","1","0","1","1","1","1669.7615","0","394.31442","8","15.834636","1","24329.78","1536.4913","17","25.59319","3","31686.027","1238.0647","24","25.270973","3","21327.275","843.94354","1","0.322216","0","139.74986","433.7143","164.60657","105.5489","59.057667","38.61867","0.721312"
"D:\HAA\dACC revisions\Run 4\Br8667_dlPFC_20x_img_006-MaxIP-Stitched_unmixed_rotated.nd2","Layer 1","dACC_v17_ FISH-IF v2.4.4","1311","4121","4153","2794","2824","1","1","0","0","1","1","1456.4227","0","584.3579","0","0","0","0","0","21","30.472467","3","53659.53","1760.9185","8","6.076081","1","5075.231","835.2803","2","1.150773","0","545.5584","474.08","123.8692","75.6288","48.240402","32.182224","0.70822"
"D:\HAA\dACC revisions\Run 4\Br8667_dlPFC_20x_img_006-MaxIP-Stitched_unmixed_rotated.nd2","Layer 1","dACC_v17_ FISH-IF v2.4.4","1312","4141","4171","2804","2832","1","1","0","0","1","1","2572.164","0","417.41895","0","0","0","0","0","11","13.855307","2","25707.484","1855.4253","4","4.464999","1","3378.3472","756.62885","3","1.51902","0","692.12085","455.63635","114.47889","72.40663","42.072258","30.251291","0.788203"
"D:\HAA\dACC revisions\Run 4\Br8667_dlPFC_20x_img_006-MaxIP-Stitched_unmixed_rotated.nd2","Layer 1","dACC_v17_ FISH-IF v2.4.4","1313","4025","4044","2829","2849","0","0","0","0","1","1","662.2258","0","182.26958","3","4.649123","0","4331.555","931.69305","0","0","0","0","0","0","0","0","0","0","0","0","0","0","0","52.15303","46.445194","5.707834","10.083764","0.832439"
"D:\HAA\dACC revisions\Run 4\Br8667_dlPFC_20x_img_006-MaxIP-Stitched_unmixed_rotated.nd2","Layer 1","dACC_v17_ FISH-IF v2.4.4","1314","4056","4090","2853","2886","0","0","0","1","1","1","1859.8943","0","420.04044","4","5.01737","1","4356.366","868.2569","2","2.807886","0","2413.171","859.4262","1","0.552371","0","403.09274","729.75","0","0","0","0","0","156.50513","99.05853","57.446587","35.614998","0.835896"
"D:\HAA\dACC revisions\Run 4\Br8667_dlPFC_20x_img_006-MaxIP-Stitched_unmixed_rotated.nd2","Layer 1","dACC_v17_ FISH-IF v2.4.4","1315","4087","4115","2871","2895","0","0","0","1","1","1","2558.8508","0","482.00827","7","18.13618","1","24521.682","1352.0863","0","0","0","0","0","0","0","0","0","0","0","0","0","0","0","92.38405","72.314575","20.06948","21.883913","0.633111"
"D:\HAA\dACC revisions\Run 4\Br8667_dlPFC_20x_img_006-MaxIP-Stitched_unmixed_rotated.nd2","Layer 1","dACC_v17_ FISH-IF v2.4.4","1316","3970","3989","2901","2921","0","0","0","0","1","1","713.1177","0","159.62766","1","0.736495","0","584.9609","794.25","0","0","0","0","0","0","0","0","0","0","0","0","0","0","0","53.856174","47.59597","6.260205","10.727408","0.786518"
"D:\HAA\dACC revisions\Run 4\Br8667_dlPFC_20x_img_006-MaxIP-Stitched_unmixed_rotated.nd2","Layer 1","dACC_v17_ FISH-IF v2.4.4","1317","4075","4099","2912","2936","0","0","0","0","1","1","3517.4536","0","427.7835","0","0","0","0","0","0","0","0","0","0","0","0","0","0","0","0","0","0","0","0","77.14782","51.876842","25.270973","21.669365","0.778486"
"D:\HAA\dACC revisions\Run 4\Br8667_dlPFC_20x_img_006-MaxIP-Stitched_unmixed_rotated.nd2","Layer 1","dACC_v17_ FISH-IF v2.4.4","1318","4090","4119","2914","2945","0","0","0","0","1","1","2262.1733","0","594.30286","0","0","0","0","0","0","0","0","0","0","0","0","0","0","0","0","0","0","0","0","110.151985","69.00034","41.15164","32.396774","0.676286"
"D:\HAA\dACC revisions\Run 4\Br8667_dlPFC_20x_img_006-MaxIP-Stitched_unmixed_rotated.nd2","Layer 1","dACC_v17_ FISH-IF v2.4.4","1319","4117","4132","2919","2935","0","0","0","0","1","1","1504.151","0","228.40878","0","0","0","0","0","0","0","0","0","0","0","0","0","0","0","0","0","0","0","0","35.996178","33.556538","2.439639","6.007349","0.820133"
"D:\HAA\dACC revisions\Run 4\Br8667_dlPFC_20x_img_006-MaxIP-Stitched_unmixed_rotated.nd2","Layer 1","dACC_v17_ FISH-IF v2.4.4","1320","3980","3998","2927","2947","0","0","0","0","1","1","660.14075","0","137.96613","1","1.288866","0","1041.4034","808","0","0","0","0","0","0","0","0","0","0","0","0","0","0","0","53.76411","47.54994","6.214174","10.298312","0.81127"
"D:\HAA\dACC revisions\Run 4\Br8667_dlPFC_20x_img_006-MaxIP-Stitched_unmixed_rotated.nd2","Layer 1","dACC_v17_ FISH-IF v2.4.4","1321","4233","4269","2933","2964","1","0","1","0","1","1","1270.5873","0","392.00674","1","0.50634","0","390.61838","771.4545","15","23.107521","3","24941.484","1068.7219","0","0","0","0","0","8","7.917318","1","3937.1624","497.28488","170.72867","102.46482","68.26385","36.902287","0.819998"
"D:\HAA\dACC revisions\Run 4\Br8667_dlPFC_20x_img_006-MaxIP-Stitched_unmixed_rotated.nd2","Layer 1","dACC_v17_ FISH-IF v2.4.4","1322","4059","4084","2951","2980","0","0","0","0","1","1","1481.5499","0","355.75378","0","0","0","0","0","0","0","0","0","0","0","0","0","0","0","0","0","0","0","0","106.46951","79.26524","27.204271","24.887589","0.650459"
"D:\HAA\dACC revisions\Run 4\Br8667_dlPFC_20x_img_006-MaxIP-Stitched_unmixed_rotated.nd2","Layer 1","dACC_v17_ FISH-IF v2.4.4","1323","4122","4141","2953","2971","0","0","0","0","1","1","780.6094","0","203.03755","1","0.966649","0","759.87836","786.0952","0","0","0","0","0","0","0","0","0","0","0","0","0","0","0","52.475246","46.58329","5.891957","9.869216","0.875829"
"D:\HAA\dACC revisions\Run 4\Br8667_dlPFC_20x_img_006-MaxIP-Stitched_unmixed_rotated.nd2","Layer 1","dACC_v17_ FISH-IF v2.4.4","1324","4244","4272","2963","2987","0","0","0","0","1","1","3157.1255","0","444.51123","0","0","0","0","0","1","0.966649","0","699.20966","723.3333","0","0","0","0","0","2","2.807886","0","1354.5979","482.42624","91.69359","65.64009","26.0535","23.600298","0.744381"
"D:\HAA\dACC revisions\Run 4\Br8667_dlPFC_20x_img_006-MaxIP-Stitched_unmixed_rotated.nd2","Layer 1","dACC_v17_ FISH-IF v2.4.4","1325","4223","4258","2976","3003","0","0","0","0","1","1","1847.3601","0","419.95425","0","0","0","0","0","0","0","0","0","0","0","0","0","0","0","0","0","0","0","0","133.44363","86.538124","46.905506","31.324034","0.777326"
"D:\HAA\dACC revisions\Run 4\Br8667_dlPFC_20x_img_006-MaxIP-Stitched_unmixed_rotated.nd2","Layer 1","dACC_v17_ FISH-IF v2.4.4","1326","4093","4120","2980","3009","0","0","0","1","1","1","2473.604","0","423.34717","7","16.525099","1","31231.195","1889.9248","0","0","0","0","0","0","0","0","0","0","0","0","0","0","0","107.804405","77.70019","30.10422","24.887589","0.818052"
"D:\HAA\dACC revisions\Run 4\Br8667_dlPFC_20x_img_006-MaxIP-Stitched_unmixed_rotated.nd2","Layer 1","dACC_v17_ FISH-IF v2.4.4","1327","4254","4279","3040","3060","1","0","1","0","1","1","649.02484","0","196.03712","0","0","0","0","0","11","19.056799","2","25764.057","1351.9613","0","0","0","0","0","6","4.741185","1","2228.4487","470.0194","72.498695","59.517975","12.980719","16.520208","0.742379"
"D:\HAA\dACC revisions\Run 4\Br8667_dlPFC_20x_img_006-MaxIP-Stitched_unmixed_rotated.nd2","Layer 1","dACC_v17_ FISH-IF v2.4.4","1328","4174","4206","3050","3075","0","0","0","1","1","1","1645.0947","0","275.95566","7","19.471079","1","33278.79","1709.1395","3","5.984019","0","6492.523","1084.9769","0","0","0","0","0","1","0.50634","0","218.27861","431.0909","114.06461","81.981064","32.08355","26.174877","0.718566"
"D:\HAA\dACC revisions\Run 4\Br8667_dlPFC_20x_img_006-MaxIP-Stitched_unmixed_rotated.nd2","Layer 1","dACC_v17_ FISH-IF v2.4.4","1329","4226","4255","3074","3099","0","0","0","0","1","1","2676.7217","0","408.88284","3","2.899948","0","2614.51","860.5909","0","0","0","0","0","0","0","0","0","0","0","0","0","0","0","104.075905","68.35591","35.719994","27.462166","0.89976"
"D:\HAA\dACC revisions\Run 4\Br8667_dlPFC_20x_img_006-MaxIP-Stitched_unmixed_rotated.nd2","Layer 1","dACC_v17_ FISH-IF v2.4.4","1330","4226","4254","3097","3122","0","0","0","1","1","1","2661.668","0","519.3488","9","20.345665","1","32207.926","1583.0363","0","0","0","0","0","0","0","0","0","0","0","0","0","0","0","100.99184","67.435295","33.556538","26.603973","0.818321"
"D:\HAA\dACC revisions\Run 4\Br8667_dlPFC_20x_img_006-MaxIP-Stitched_unmixed_rotated.nd2","Layer 1","dACC_v17_ FISH-IF v2.4.4","1331","3983","4015","3094","3121","0","0","0","0","1","1","1809.728","0","337.13483","0","0","0","0","0","2","2.163453","0","2059.9297","952.1489","0","0","0","0","0","0","0","0","0","0","127.50564","86.72225","40.783394","28.749454","0.786826"
"D:\HAA\dACC revisions\Run 4\Br8667_dlPFC_20x_img_006-MaxIP-Stitched_unmixed_rotated.nd2","Layer 1","dACC_v17_ FISH-IF v2.4.4","1332","3915","3945","3096","3129","0","0","0","0","1","1","1965.1558","0","351.7969","0","0","0","0","0","0","0","0","0","0","3","2.715824","0","2151.5771","792.2373","3","2.255515","0","1528.1344","553.3","138.50703","85.89369","52.61334","36.902287","0.71886"
"D:\HAA\dACC revisions\Run 4\Br8667_dlPFC_20x_img_006-MaxIP-Stitched_unmixed_rotated.nd2","Layer 1","dACC_v17_ FISH-IF v2.4.4","1333","3898","3916","3097","3119","0","0","0","0","1","1","2139.7512","0","318.0708","0","0","0","0","0","0","0","0","0","0","0","0","0","0","0","1","0.414278","0","175.00955","422.44446","59.19576","41.61195","17.58381","17.163853","0.810007"
"D:\HAA\dACC revisions\Run 4\Br8667_dlPFC_20x_img_006-MaxIP-Stitched_unmixed_rotated.nd2","Layer 1","dACC_v17_ FISH-IF v2.4.4","1334","3900","3914","3118","3130","0","0","0","0","1","1","951.1","0","464.79047","0","0","0","0","0","0","0","0","0","0","0","0","0","0","0","0","0","0","0","0","27.480457","27.02015","0.460309","2.145482","0.747944"
"D:\HAA\dACC revisions\Run 4\Br8667_dlPFC_20x_img_006-MaxIP-Stitched_unmixed_rotated.nd2","Layer 1","dACC_v17_ FISH-IF v2.4.4","1335","3875","3901","3127","3160","0","0","0","1","1","1","1855.944","0","417.18787","12","24.718603","2","44085.145","1783.4805","0","0","0","0","0","1","0.644433","0","557.2043","864.6429","0","0","0","0","0","110.75039","71.30189","39.448498","29.607647","0.665501"
"D:\HAA\dACC revisions\Run 4\Br8667_dlPFC_20x_img_006-MaxIP-Stitched_unmixed_rotated.nd2","Layer 1","dACC_v17_ FISH-IF v2.4.4","1336","4035","4063","3128","3150","1","1","0","0","1","1","2461.417","0","333.1345","0","0","0","0","0","9","11.277575","1","24160.938","2142.3877","6","5.707834","1","5659.9155","945.83844","1","0.920618","0","530.09204","523.4545","93.67292","69.8289","23.844015","23.171202","0.681295"
"D:\HAA\dACC revisions\Run 4\Br8667_dlPFC_20x_img_006-MaxIP-Stitched_unmixed_rotated.nd2","Layer 1","dACC_v17_ FISH-IF v2.4.4","1337","4186","4205","3143","3163","0","0","0","0","1","1","420.6846","0","116.77013","0","0","0","0","0","0","0","0","0","0","0","0","0","0","0","0","0","0","0","0","53.441895","47.457874","5.984019","10.727408","0.766928"
"D:\HAA\dACC revisions\Run 4\Br8667_dlPFC_20x_img_006-MaxIP-Stitched_unmixed_rotated.nd2","Layer 1","dACC_v17_ FISH-IF v2.4.4","1338","3905","3928","3147","3166","0","0","0","0","1","1","508.8454","0","154.7762","0","0","0","0","0","0","0","0","0","0","0","0","0","0","0","0","0","0","0","0","64.44328","54.914886","9.528399","13.731083","0.699478"
"D:\HAA\dACC revisions\Run 4\Br8667_dlPFC_20x_img_006-MaxIP-Stitched_unmixed_rotated.nd2","Layer 1","dACC_v17_ FISH-IF v2.4.4","1339","4033","4059","3150","3171","1","1","0","0","1","1","1052.9327","0","383.74045","0","0","0","0","0","26","28.03283","3","60026.8","2141.3037","11","11.369637","2","10165.008","894.0486","3","1.887268","0","877.8096","465.12195","90.77297","61.359215","29.413755","24.029396","0.857755"
"D:\HAA\dACC revisions\Run 4\Br8667_dlPFC_20x_img_006-MaxIP-Stitched_unmixed_rotated.nd2","Layer 1","dACC_v17_ FISH-IF v2.4.4","1340","4258","4284","3152","3179","0","0","0","0","1","1","2155.7246","0","285.63077","0","0","0","0","0","0","0","0","0","0","0","0","0","0","0","0","0","0","0","0","86.81431","54.730762","32.08355","26.603973","0.788826"
"D:\HAA\dACC revisions\Run 4\Br8667_dlPFC_20x_img_006-MaxIP-Stitched_unmixed_rotated.nd2","Layer 1","dACC_v17_ FISH-IF v2.4.4","1341","5890","5909","3175","3193","0","0","0","0","1","1","737.63416","0","154.57086","0","0","0","0","0","0","0","0","0","0","0","0","0","0","0","0","0","0","0","0","51.784782","46.12298","5.661803","9.869216","0.864627"
"D:\HAA\dACC revisions\Run 4\Br8667_dlPFC_20x_img_006-MaxIP-Stitched_unmixed_rotated.nd2","Layer 1","dACC_v17_ FISH-IF v2.4.4","1342","5928","5956","3180","3206","0","0","0","1","1","1","2991.6067","0","407.64276","6","19.793295","1","33213.61","1678.0233","0","0","0","0","0","1","0.966649","0","765.0339","791.4286","0","0","0","0","0","101.86642","75.76689","26.09953","23.600298","0.72238"
"D:\HAA\dACC revisions\Run 4\Br8667_dlPFC_20x_img_006-MaxIP-Stitched_unmixed_rotated.nd2","Layer 1","dACC_v17_ FISH-IF v2.4.4","1343","6103","6122","3188","3208","0","0","0","0","1","1","1264.9166","0","169.13896","0","0","0","0","0","0","0","0","0","0","0","0","0","0","0","0","0","0","0","0","56.20375","49.022926","7.180823","11.156505","0.860638"
"D:\HAA\dACC revisions\Run 4\Br8667_dlPFC_20x_img_006-MaxIP-Stitched_unmixed_rotated.nd2","Layer 1","dACC_v17_ FISH-IF v2.4.4","1344","6061","6098","3191","3215","0","0","0","0","1","1","2271.127","0","384.10303","0","0","0","0","0","0","0","0","0","0","0","0","0","0","0","1","0.460309","0","207.00104","449.7","132.98332","93.81101","39.17231","30.46584","0.61177"
"D:\HAA\dACC revisions\Run 4\Br8667_dlPFC_20x_img_006-MaxIP-Stitched_unmixed_rotated.nd2","Layer 1","dACC_v17_ FISH-IF v2.4.4","1345","5921","5956","3213","3244","0","0","0","1","1","1","2205.007","0","346.06067","4","18.64252","1","21237.93","1139.2197","0","0","0","0","0","0","0","0","0","0","2","0.874587","0","397.70712","454.73685","140.76254","95.60622","45.15633","34.327705","0.657417"
"D:\HAA\dACC revisions\Run 4\Br8667_dlPFC_20x_img_006-MaxIP-Stitched_unmixed_rotated.nd2","Layer 1","dACC_v17_ FISH-IF v2.4.4","1346","6036","6059","3229","3250","0","1","1","0","1","1","576.476","0","199.1536","0","0","0","0","0","0","0","0","0","0","9","7.779225","1","6024.4805","774.43195","44","45.386486","4","70719.78","1558.1683","64.67344","41.65798","23.01546","21.669365","0.731667"
"D:\HAA\dACC revisions\Run 4\Br8667_dlPFC_20x_img_006-MaxIP-Stitched_unmixed_rotated.nd2","Layer 1","dACC_v17_ FISH-IF v2.4.4","1347","6015","6057","3232","3268","0","1","1","0","1","1","810.3","0","236.1326","0","0","0","0","0","0","0","0","0","0","20","17.399687","3","15626.115","898.0688","129","124.88188","4","205060.78","1642.038","162.30501","92.33802","69.966995","45.055115","0.683967"
"D:\HAA\dACC revisions\Run 4\Br8667_dlPFC_20x_img_006-MaxIP-Stitched_unmixed_rotated.nd2","Layer 1","dACC_v17_ FISH-IF v2.4.4","1348","5977","5997","3264","3287","0","0","1","1","1","1","635.7857","0","169.63681","4","5.063401","1","4277.8374","844.85455","0","0","0","0","0","0","0","0","0","0","4","7.457009","1","4401.6143","590.26544","65.17978","55.513287","9.666492","14.589275","0.669004"
"D:\HAA\dACC revisions\Run 4\Br8667_dlPFC_20x_img_006-MaxIP-Stitched_unmixed_rotated.nd2","Layer 1","dACC_v17_ FISH-IF v2.4.4","1349","6104","6137","3272","3296","0","0","0","0","1","1","1908.8264","0","391.30453","0","0","0","0","0","0","0","0","0","0","0","0","0","0","0","2","1.51902","0","967.9842","637.24243","115.49157","83.131836","32.359734","26.174877","0.68364"
"D:\HAA\dACC revisions\Run 4\Br8667_dlPFC_20x_img_006-MaxIP-Stitched_unmixed_rotated.nd2","Layer 1","dACC_v17_ FISH-IF v2.4.4","1350","5881","5910","3274","3305","0","1","0","0","1","1","1564.3356","0","356.1663","0","0","0","0","0","0","0","0","0","0","8","6.398297","1","6228.121","973.4029","2","2.071391","0","994.2218","479.97778","133.62775","78.620804","55.006947","33.254967","0.725722"
"D:\HAA\dACC revisions\Run 4\Br8667_dlPFC_20x_img_006-MaxIP-Stitched_unmixed_rotated.nd2","Layer 1","dACC_v17_ FISH-IF v2.4.4","1351","5909","5924","3281","3304","0","0","0","0","1","1","1697.5825","0","274.71167","0","0","0","0","0","0","0","0","0","0","0","0","0","0","0","0","0","0","0","0","51.5086","37.837414","13.671183","15.447468","0.764439"
"D:\HAA\dACC revisions\Run 4\Br8667_dlPFC_20x_img_006-MaxIP-Stitched_unmixed_rotated.nd2","Layer 1","dACC_v17_ FISH-IF v2.4.4","1352","5984","6014","3300","3329","0","0","0","0","1","1","2238.8142","0","416.5607","0","0","0","0","0","0","0","0","0","0","0","0","0","0","0","2","4.925308","0","3103.6345","630.1402","124.42157","85.29529","39.12628","27.891262","0.8078"
"D:\HAA\dACC revisions\Run 4\Br8667_dlPFC_20x_img_006-MaxIP-Stitched_unmixed_rotated.nd2","Layer 1","dACC_v17_ FISH-IF v2.4.4","1353","6074","6093","3311","3332","0","0","0","0","1","1","1751.0123","0","333.85715","0","0","0","0","0","0","0","0","0","0","0","0","0","0","0","0","0","0","0","0","55.467255","48.010246","7.457009","12.229246","0.76782"
"D:\HAA\dACC revisions\Run 4\Br8667_dlPFC_20x_img_006-MaxIP-Stitched_unmixed_rotated.nd2","Layer 1","dACC_v17_ FISH-IF v2.4.4","1354","6059","6085","3327","3353","0","0","0","0","1","1","3044.358","0","416.00528","0","0","0","0","0","0","0","0","0","0","0","0","0","0","0","0","0","0","0","0","93.53482","69.73684","23.797985","22.31301","0.791937"
"D:\HAA\dACC revisions\Run 4\Br8667_dlPFC_20x_img_006-MaxIP-Stitched_unmixed_rotated.nd2","Layer 1","dACC_v17_ FISH-IF v2.4.4","1355","6022","6056","3332","3356","0","0","0","0","1","1","2192.113","0","504.3328","0","0","0","0","0","0","0","0","0","0","0","0","0","0","0","1","0.322216","0","137.03404","425.2857","114.89317","83.131836","31.761333","27.03307","0.652282"
"D:\HAA\dACC revisions\Run 4\Br8667_dlPFC_20x_img_006-MaxIP-Stitched_unmixed_rotated.nd2","Layer 1","dACC_v17_ FISH-IF v2.4.4","1356","6210","6228","3363","3383","0","0","1","0","1","1","472.1357","0","194.12703","0","0","0","0","0","0","0","0","0","0","0","0","0","0","0","4","6.950668","1","3788.7588","545.0927","54.6387","48.19437","6.444328","10.727408","0.806798"
"D:\HAA\dACC revisions\Run 4\Br8667_dlPFC_20x_img_006-MaxIP-Stitched_unmixed_rotated.nd2","Layer 1","dACC_v17_ FISH-IF v2.4.4","1357","5901","5929","3411","3437","0","0","1","0","1","1","2926.2527","0","522.2719","0","0","0","0","0","1","0.552371","0","504.68298","913.6667","0","0","0","0","0","9","18.59649","1","12362.615","663.14075","102.09657","72.95901","29.137571","24.029396","0.810256"
"D:\HAA\dACC revisions\Run 4\Br8667_dlPFC_20x_img_006-MaxIP-Stitched_unmixed_rotated.nd2","Layer 1","dACC_v17_ FISH-IF v2.4.4","1358","5878","5910","3423","3450","0","0","1","0","1","1","2361.296","0","514.42163","0","0","0","0","0","0","0","0","0","0","0","0","0","0","0","5","3.774535","1","1787.3345","473.52438","120.278786","83.08581","37.19298","28.320358","0.709928"
"D:\HAA\dACC revisions\Run 4\Br8667_dlPFC_20x_img_006-MaxIP-Stitched_unmixed_rotated.nd2","Layer 1","dACC_v17_ FISH-IF v2.4.4","1359","6123","6153","3435","3466","0","0","0","0","1","1","2556.4397","0","434.66354","0","0","0","0","0","0","0","0","0","0","0","0","0","0","0","1","0.322216","0","134.7325","418.14285","130.49765","88.517456","41.980198","29.17855","0.781667"
"D:\HAA\dACC revisions\Run 4\Br8667_dlPFC_20x_img_006-MaxIP-Stitched_unmixed_rotated.nd2","Layer 1","dACC_v17_ FISH-IF v2.4.4","1360","6208","6246","3442","3478","1","0","1","0","1","1","1173.3806","0","464.5258","0","0","0","0","0","17","26.0535","3","28345.977","1087.9912","0","0","0","0","0","73","119.68038","4","113154.586","945.4731","194.11238","116.96456","77.14782","42.480537","0.828127"
"D:\HAA\dACC revisions\Run 4\Br8667_dlPFC_20x_img_006-MaxIP-Stitched_unmixed_rotated.nd2","Layer 1","dACC_v17_ FISH-IF v2.4.4","1361","5931","5950","3461","3479","0","0","0","0","1","1","354.68033","0","195.80681","0","0","0","0","0","0","0","0","0","0","0","0","0","0","0","0","0","0","0","0","51.60066","45.984886","5.615772","9.869216","0.875024"
"D:\HAA\dACC revisions\Run 4\Br8667_dlPFC_20x_img_006-MaxIP-Stitched_unmixed_rotated.nd2","Layer 1","dACC_v17_ FISH-IF v2.4.4","1362","5958","5989","3467","3502","0","0","0","0","1","1","1770.9689","0","375.31094","0","0","0","0","0","0","0","0","0","0","0","0","0","0","0","0","0","0","0","0","146.97672","84.973076","62.003647","35.614998","0.808525"
"D:\HAA\dACC revisions\Run 4\Br8667_dlPFC_20x_img_006-MaxIP-Stitched_unmixed_rotated.nd2","Layer 1","dACC_v17_ FISH-IF v2.4.4","1363","6132","6163","3477","3510","0","0","0","0","1","1","2078.6472","0","508.58853","0","0","0","0","0","0","0","0","0","0","0","0","0","0","0","3","6.490359","0","3763.3496","579.83685","144.62915","92.29199","52.337154","32.61132","0.886753"
"D:\HAA\dACC revisions\Run 4\Br8667_dlPFC_20x_img_006-MaxIP-Stitched_unmixed_rotated.nd2","Layer 1","dACC_v17_ FISH-IF v2.4.4","1364","5975","5995","3490","3507","0","0","0","0","1","1","1674.937","0","326.8887","0","0","0","0","0","0","0","0","0","0","0","0","0","0","0","1","0.460309","0","215.37866","467.9","43.683342","26.882055","16.801285","18.665691","0.794745"
"D:\HAA\dACC revisions\Run 4\Br8667_dlPFC_20x_img_006-MaxIP-Stitched_unmixed_rotated.nd2","Layer 1","dACC_v17_ FISH-IF v2.4.4","1365","5872","5907","3490","3517","0","0","0","1","1","1","1931.1764","0","381.34705","13","22.601181","2","32303.807","1429.2974","0","0","0","0","0","1","0.690464","0","464.8202","673.2","1","0.322216","0","140.44032","435.85715","136.43564","92.84436","43.591278","31.324034","0.692887"
"D:\HAA\dACC revisions\Run 4\Br8667_dlPFC_20x_img_006-MaxIP-Stitched_unmixed_rotated.nd2","Layer 1","dACC_v17_ FISH-IF v2.4.4","1366","5963","5993","3502","3535","0","1","0","0","1","1","1581.0654","0","356.54956","0","0","0","0","0","0","0","0","0","0","35","25.777313","4","33863.84","1313.7072","3","5.431648","0","3138.8022","577.87286","138.36894","74.2939","64.075035","36.47319","0.869166"
"D:\HAA\dACC revisions\Run 4\Br8667_dlPFC_20x_img_006-MaxIP-Stitched_unmixed_rotated.nd2","Layer 1","dACC_v17_ FISH-IF v2.4.4","1367","6119","6145","3500","3524","0","0","0","0","1","1","3145.3281","0","315.08533","0","0","0","0","0","0","0","0","0","0","0","0","0","0","0","1","2.99201","0","1709.3121","571.2923","83.500084","65.82421","17.675873","21.02572","0.675233"
"D:\HAA\dACC revisions\Run 4\Br8667_dlPFC_20x_img_006-MaxIP-Stitched_unmixed_rotated.nd2","Layer 1","dACC_v17_ FISH-IF v2.4.4","1368","5992","6011","3509","3530","0","1","0","0","1","1","1691.9734","0","286.01895","0","0","0","0","0","0","0","0","0","0","4","2.393608","1","3947.4734","1649.1731","1","1.196804","0","666.0674","556.53845","60.66875","48.56262","12.106132","15.876565","0.737445"
"D:\HAA\dACC revisions\Run 4\Br8667_dlPFC_20x_img_006-MaxIP-Stitched_unmixed_rotated.nd2","Layer 1","dACC_v17_ FISH-IF v2.4.4","1369","6221","6251","3515","3550","0","0","0","0","1","1","2537.2388","0","327.65125","0","0","0","0","0","0","0","0","0","0","0","0","0","0","0","1","0.50634","0","269.69516","532.63635","148.35765","95.56019","52.797462","32.61132","0.821607"
"D:\HAA\dACC revisions\Run 4\Br8667_dlPFC_20x_img_006-MaxIP-Stitched_unmixed_rotated.nd2","Layer 1","dACC_v17_ FISH-IF v2.4.4","1370","6197","6222","3547","3575","0","0","0","0","1","1","2550.14","0","496.0515","0","0","0","0","0","0","0","0","0","0","0","0","0","0","0","0","0","0","0","0","86.9524","58.965607","27.986797","26.389425","0.659307"
"D:\HAA\dACC revisions\Run 4\Br8667_dlPFC_20x_img_006-MaxIP-Stitched_unmixed_rotated.nd2","Layer 1","dACC_v17_ FISH-IF v2.4.4","1371","6217","6250","3556","3583","0","0","0","0","1","1","3040.5574","0","692.20337","0","0","0","0","0","0","0","0","0","0","0","0","0","0","0","0","0","0","0","0","109.23137","57.032307","52.19906","37.116833","0.652436"
"D:\HAA\dACC revisions\Run 4\Br8667_dlPFC_20x_img_006-MaxIP-Stitched_unmixed_rotated.nd2","Layer 1","dACC_v17_ FISH-IF v2.4.4","1372","5981","6013","3558","3588","0","0","0","1","1","1","2132.3247","0","382.6106","10","22.094841","2","31300.012","1416.6208","0","0","0","0","0","2","1.887268","0","1513.5426","801.9756","3","3.49835","0","1950.9744","557.6842","140.44032","91.96977","48.470554","30.894936","0.831168"
"D:\HAA\dACC revisions\Run 4\Br8667_dlPFC_20x_img_006-MaxIP-Stitched_unmixed_rotated.nd2","Layer 1","dACC_v17_ FISH-IF v2.4.4","1373","3385","3427","2780","2813","1","1","1","0","1","1","1120.8141","0","272.9186","0","0","0","0","0","28","38.343754","3","62719.61","1635.7191","17","15.788605","3","15618.566","989.23035","21","45.018238","3","27371.549","608.01025","179.79677","113.696365","66.100395","41.622345","0.625827"
"D:\HAA\dACC revisions\Run 4\Br8667_dlPFC_20x_img_006-MaxIP-Stitched_unmixed_rotated.nd2","Layer 1","dACC_v17_ FISH-IF v2.4.4","1374","3327","3361","2781","2814","0","1","0","0","1","1","1411.651","0","365.0205","0","0","0","0","0","2","1.657113","0","1540.0564","929.3611","5","4.096752","1","4918.634","1200.6179","1","0.460309","0","204.42331","444.1","155.40038","98.690285","56.71009","34.756805","0.838059"
"D:\HAA\dACC revisions\Run 4\Br8667_dlPFC_20x_img_006-MaxIP-Stitched_unmixed_rotated.nd2","Layer 1","dACC_v17_ FISH-IF v2.4.4","1375","3275","3325","2787","2819","1","1","0","0","1","1","907.66547","0","250.58223","0","0","0","0","0","29","37.883446","3","55982.34","1477.7521","17","13.671183","3","12213.337","867.08826","3","1.979329","0","965.1763","487.6279","199.72815","134.64043","65.087715","51.92066","0.472174"
"D:\HAA\dACC revisions\Run 4\Br8667_dlPFC_20x_img_006-MaxIP-Stitched_unmixed_rotated.nd2","Layer 1","dACC_v17_ FISH-IF v2.4.4","1376","3108","3144","2794","2820","0","0","0","1","1","1","2096.3726","0","323.24268","12","20.023449","2","39982.04","1996.7609","0","0","0","0","0","2","1.887268","0","1556.4895","824.7317","0","0","0","0","0","130.17543","94.0872","36.088238","31.109486","0.599331"
"D:\HAA\dACC revisions\Run 4\Br8667_dlPFC_20x_img_006-MaxIP-Stitched_unmixed_rotated.nd2","Layer 1","dACC_v17_ FISH-IF v2.4.4","1377","3151","3182","2808","2841","0","0","0","1","1","1","2270.976","0","369.09235","6","16.479069","1","17363.736","1053.6843","0","0","0","0","0","1","0.874587","0","778.47485","890.1053","1","0.460309","0","201.52336","437.8","125.98662","91.23328","34.75334","32.61132","0.592375"
"D:\HAA\dACC revisions\Run 4\Br8667_dlPFC_20x_img_006-MaxIP-Stitched_unmixed_rotated.nd2","Layer 1","dACC_v17_ FISH-IF v2.4.4","1378","3272","3294","2817","2838","0","0","0","0","1","1","929.157","0","200.80687","1","0.644433","0","504.22266","782.4286","1","0.920618","0","759.97046","825.5","2","1.565051","0","1628.2977","1040.4117","0","0","0","0","0","69.73684","56.249783","13.487059","15.447468","0.86675"
"D:\HAA\dACC revisions\Run 4\Br8667_dlPFC_20x_img_006-MaxIP-Stitched_unmixed_rotated.nd2","Layer 1","dACC_v17_ FISH-IF v2.4.4","1379","3337","3367","2817","2852","0","0","0","0","1","1","1476.199","0","371.59467","0","0","0","0","0","3","5.063401","0","5008.1177","989.08185","0","0","0","0","0","3","4.51103","0","3154.729","699.33673","141.82126","86.30797","55.513287","33.684063","0.83257"
"D:\HAA\dACC revisions\Run 4\Br8667_dlPFC_20x_img_006-MaxIP-Stitched_unmixed_rotated.nd2","Layer 1","dACC_v17_ FISH-IF v2.4.4","1380","3311","3337","2823","2849","0","0","0","0","1","1","939.17633","0","223.83678","3","12.658503","0","18626.871","1471.491","2","2.255515","0","2445.1624","1041.5686","2","1.196804","0","929.68646","776.8077","2","1.242835","0","595.27185","478.96295","94.31735","71.34792","22.969427","22.31301","0.772165"
"D:\HAA\dACC revisions\Run 4\Br8667_dlPFC_20x_img_006-MaxIP-Stitched_unmixed_rotated.nd2","Layer 1","dACC_v17_ FISH-IF v2.4.4","1381","3245","3271","2834","2862","0","0","0","0","1","1","2456.266","0","433.1316","0","0","0","0","0","1","1.334897","0","1529.6074","1145.862","0","0","0","0","0","2","2.117422","0","1160.9918","548.3043","86.538124","52.475246","34.062878","27.03307","0.755615"
"D:\HAA\dACC revisions\Run 4\Br8667_dlPFC_20x_img_006-MaxIP-Stitched_unmixed_rotated.nd2","Layer 1","dACC_v17_ FISH-IF v2.4.4","1382","3357","3391","2835","2859","0","0","0","1","1","1","1851.7346","0","388.4033","8","24.212263","1","32066.104","1324.3745","0","0","0","0","0","1","0.966649","0","837.62463","866.5238","1","0.966649","0","464.3599","480.38095","114.709045","69.966995","44.74205","32.182224","0.711801"
"D:\HAA\dACC revisions\Run 4\Br8667_dlPFC_20x_img_006-MaxIP-Stitched_unmixed_rotated.nd2","Layer 1","dACC_v17_ FISH-IF v2.4.4","1383","3264","3289","2837","2867","1","0","0","0","1","1","1731.9553","0","565.98157","3","13.02675","0","17069.736","1310.3605","10","16.663193","2","22771.588","1333.4286","1","1.196804","0","979.4919","818.4231","0","0","0","0","0","98.690285","57.492615","41.19767","28.534906","0.81387"
"D:\HAA\dACC revisions\Run 4\Br8667_dlPFC_20x_img_006-MaxIP-Stitched_unmixed_rotated.nd2","Layer 1","dACC_v17_ FISH-IF v2.4.4","1384","3285","3301","2852","2870","0","0","0","0","1","1","933.86957","0","215.52618","2","4.649123","0","4487.1396","965.1584","0","0","0","0","0","0","0","0","0","0","0","0","0","0","0","41.842106","38.66597","3.176133","7.294638","0.764638"
"D:\HAA\dACC revisions\Run 4\Br8667_dlPFC_20x_img_006-MaxIP-Stitched_unmixed_rotated.nd2","Layer 1","dACC_v17_ FISH-IF v2.4.4","1385","3339","3355","2853","2871","0","0","0","0","1","1","648.0862","0","197.41162","0","0","0","0","0","0","0","0","0","0","1","0.552371","0","432.0462","782.1667","0","0","0","0","0","41.473858","38.80406","2.669793","6.650993","0.732932"
"D:\HAA\dACC revisions\Run 4\Br8667_dlPFC_20x_img_006-MaxIP-Stitched_unmixed_rotated.nd2","Layer 1","dACC_v17_ FISH-IF v2.4.4","1386","3352","3383","2857","2886","0","1","0","1","1","1","1639.4194","0","358.72583","11","23.890047","2","39550.73","1655.5317","0","0","0","0","0","4","2.577731","1","1906.5085","739.6071","0","0","0","0","0","129.76115","80.922356","48.838802","32.61132","0.85601"
"D:\HAA\dACC revisions\Run 4\Br8667_dlPFC_20x_img_006-MaxIP-Stitched_unmixed_rotated.nd2","Layer 1","dACC_v17_ FISH-IF v2.4.4","1387","3240","3267","2857","2890","0","0","0","0","1","1","1654.1555","0","385.58328","1","1.150773","0","2302.973","1087.6305","0","0","0","0","0","1","0.552371","0","375.56625","679.9167","0","0","0","0","0","129.16275","85.93972","43.22303","29.607647","0.749529"
"D:\HAA\dACC revisions\Run 4\Br8667_dlPFC_20x_img_006-MaxIP-Stitched_unmixed_rotated.nd2","Layer 1","dACC_v17_ FISH-IF v2.4.4","1388","3207","3232","2872","2888","0","0","0","1","1","1","1687.4608","0","308.26743","5","7.687163","1","7499.5874","975.5988","0","0","0","0","0","0","0","0","0","0","1","0.644433","0","355.819","552.1429","56.15772","40.277054","15.880667","17.163853","0.747405"
"D:\HAA\dACC revisions\Run 4\Br8667_dlPFC_20x_img_006-MaxIP-Stitched_unmixed_rotated.nd2","Layer 1","dACC_v17_ FISH-IF v2.4.4","1389","3190","3229","2881","2907","0","0","1","0","1","1","1779.5333","0","407.17975","3","2.02536","0","1641.3245","810.38635","1","0.414278","0","261.63974","631.55554","0","0","0","0","0","12","22.55515","2","15988.379","708.8571","130.49765","78.620804","51.876842","34.542255","0.680253"
"D:\HAA\dACC revisions\Run 4\Br8667_dlPFC_20x_img_006-MaxIP-Stitched_unmixed_rotated.nd2","Layer 1","dACC_v17_ FISH-IF v2.4.4","1390","3297","3325","2898","2922","0","0","0","0","1","1","1914.141","0","288.7264","1","0.598402","0","447.0983","747.1539","0","0","0","0","0","0","0","0","0","0","0","0","0","0","0","98.32204","73.189156","25.132881","22.31301","0.803736"
"D:\HAA\dACC revisions\Run 4\Br8667_dlPFC_20x_img_006-MaxIP-Stitched_unmixed_rotated.nd2","Layer 1","dACC_v17_ FISH-IF v2.4.4","1391","3367","3393","2899","2925","1","1","1","1","1","1","1986.6941","0","433.84747","10","21.818655","2","40697.453","1865.2595","4","3.406288","1","2938.66","862.7162","7","4.787215","1","4010.3516","814.23364","4","2.669793","1","1259.1758","471.63794","104.62827","69.41463","35.213654","27.891262","0.666871"
"D:\HAA\dACC revisions\Run 4\Br8667_dlPFC_20x_img_006-MaxIP-Stitched_unmixed_rotated.nd2","Layer 1","dACC_v17_ FISH-IF v2.4.4","1392","3394","3420","2906","2929","1","1","1","0","1","1","1120.9469","0","304.18344","1","5.201494","0","6761.3433","1299.885","6","5.845926","1","5155.3706","881.874","12","10.633142","2","8739.522","821.9134","6","5.615772","1","3881.5571","629.291","95.00781","67.25117","27.756643","26.174877","0.599073"
"D:\HAA\dACC revisions\Run 4\Br8667_dlPFC_20x_img_006-MaxIP-Stitched_unmixed_rotated.nd2","Layer 1","dACC_v17_ FISH-IF v2.4.4","1393","3450","3488","2914","2949","1","1","1","0","1","1","1122.0845","0","284.76324","1","1.334897","0","1063.6825","796.8276","8","10.218863","1","10009.377","979.5","20","18.09015","3","15991.141","879.49365","5","11.047421","1","6447.919","583.6583","186.97758","111.21069","75.76689","40.335056","0.766829"
"D:\HAA\dACC revisions\Run 4\Br8667_dlPFC_20x_img_006-MaxIP-Stitched_unmixed_rotated.nd2","Layer 1","dACC_v17_ FISH-IF v2.4.4","1394","3448","3472","2964","2986","0","0","0","0","1","1","1221.1306","0","310.4225","0","0","0","0","0","1","1.426958","0","959.14624","672.1613","0","0","0","0","0","0","0","0","0","0","72.3606","54.0403","18.320305","18.88024","0.832171"
"D:\HAA\dACC revisions\Run 4\Br8667_dlPFC_20x_img_006-MaxIP-Stitched_unmixed_rotated.nd2","Layer 1","dACC_v17_ FISH-IF v2.4.4","1395","3458","3473","2979","2994","0","0","0","0","1","1","1004.07367","0","509.18018","0","0","0","0","0","0","0","0","0","0","0","0","0","0","0","0","0","0","0","0","29.920095","25.54716","4.372937","9.011024","0.78299"
"D:\HAA\dACC revisions\Run 4\Br8667_dlPFC_20x_img_006-MaxIP-Stitched_unmixed_rotated.nd2","Layer 1","dACC_v17_ FISH-IF v2.4.4","1396","3401","3426","3004","3034","0","0","0","0","1","1","2237.5513","0","466.47256","0","0","0","0","0","1","0.690464","0","504.91315","731.26666","1","1.334897","0","1201.315","899.931","0","0","0","0","0","111.993225","79.67952","32.313705","25.316685","0.831239"
"D:\HAA\dACC revisions\Run 4\Br8667_dlPFC_20x_img_006-MaxIP-Stitched_unmixed_rotated.nd2","Layer 1","dACC_v17_ FISH-IF v2.4.4","1397","3447","3481","3099","3130","0","0","0","0","1","1","1761.4323","0","316.96475","0","0","0","0","0","0","0","0","0","0","0","0","0","0","0","0","0","0","0","0","158.39238","99.28869","59.1037","33.469513","0.86985"
"D:\HAA\dACC revisions\Run 4\Br8667_dlPFC_20x_img_006-MaxIP-Stitched_unmixed_rotated.nd2","Layer 1","dACC_v17_ FISH-IF v2.4.4","1398","3286","3316","3118","3148","1","0","1","0","1","1","1264.0992","0","490.4936","1","0.598402","0","460.079","768.8461","55","50.72607","4","148269.73","2922.9492","2","1.749175","0","1852.9286","1059.3158","4","6.260205","1","4119.767","658.08826","117.51693","82.71756","34.799374","30.036743","0.641177"
"D:\HAA\dACC revisions\Run 4\Br8667_dlPFC_20x_img_006-MaxIP-Stitched_unmixed_rotated.nd2","Layer 1","dACC_v17_ FISH-IF v2.4.4","1399","3088","3129","3123","3162","0","0","1","0","1","1","2926.4817","0","580.1409","0","0","0","0","0","1","1.058711","0","904.8758","854.6957","0","0","0","0","0","30","43.407154","4","38204.465","877.35095","222.42139","124.4676","97.95379","47.200596","0.802257"
"D:\HAA\dACC revisions\Run 4\Br8667_dlPFC_20x_img_006-MaxIP-Stitched_unmixed_rotated.nd2","Layer 1","dACC_v17_ FISH-IF v2.4.4","1400","3308","3337","3129","3154","1","1","1","0","1","1","2710.7766","0","838.9948","0","0","0","0","0","37","32.08355","4","103199.38","3216.5825","5","4.188814","1","4454.688","1051.9131","6","7.687163","1","4868.7363","633.35925","110.980545","70.61143","40.369114","28.320358","0.81885"
"D:\HAA\dACC revisions\Run 4\Br8667_dlPFC_20x_img_006-MaxIP-Stitched_unmixed_rotated.nd2","Layer 1","dACC_v17_ FISH-IF v2.4.4","1401","3305","3336","3152","3181","0","0","0","0","1","1","1440.5927","0","582.9396","0","0","0","0","0","1","0.50634","0","1188.2881","2346.818","1","0.966649","0","1197.6324","929.2143","3","3.038041","0","1720.5897","566.3485","131.87859","70.05906","61.819523","33.469513","0.820243"
"D:\HAA\dACC revisions\Run 4\Br8667_dlPFC_20x_img_006-MaxIP-Stitched_unmixed_rotated.nd2","Layer 1","dACC_v17_ FISH-IF v2.4.4","1402","3329","3367","3152","3186","0","1","0","0","1","1","1219.8959","0","386.81","1","1.196804","0","939.3069","784.8461","1","1.841237","0","2093.486","1137","6","5.891957","1","5030.397","853.77344","3","3.49835","0","1893.1595","541.1579","184.58398","95.69828","88.885704","42.480537","0.766635"
"D:\HAA\dACC revisions\Run 4\Br8667_dlPFC_20x_img_006-MaxIP-Stitched_unmixed_rotated.nd2","Layer 1","dACC_v17_ FISH-IF v2.4.4","1403","4248","4278","3164","3195","0","0","0","0","1","1","1652.795","0","326.07004","0","0","0","0","0","0","0","0","0","0","0","0","0","0","0","0","0","0","0","0","107.942505","65.73215","42.21035","32.61132","0.717009"
"D:\HAA\dACC revisions\Run 4\Br8667_dlPFC_20x_img_006-MaxIP-Stitched_unmixed_rotated.nd2","Layer 1","dACC_v17_ FISH-IF v2.4.4","1404","4032","4058","3171","3191","1","0","0","0","1","1","1473.3229","0","292.13135","0","0","0","0","0","7","11.553761","1","16900.85","1445.5237","3","2.117422","0","3254.2017","1536.8695","0","0","0","0","0","82.71756","60.62272","22.094841","21.883913","0.739682"
"D:\HAA\dACC revisions\Run 4\Br8667_dlPFC_20x_img_006-MaxIP-Stitched_unmixed_rotated.nd2","Layer 1","dACC_v17_ FISH-IF v2.4.4","1405","4099","4123","3198","3228","0","0","0","0","1","1","2003.3203","0","310.55563","0","0","0","0","0","0","0","0","0","0","0","0","0","0","0","0","0","0","0","0","105.36477","71.163795","34.200974","26.174877","0.802314"
"D:\HAA\dACC revisions\Run 4\Br8667_dlPFC_20x_img_006-MaxIP-Stitched_unmixed_rotated.nd2","Layer 1","dACC_v17_ FISH-IF v2.4.4","1406","4011","4028","3207","3229","0","0","0","0","1","1","1448.23","0","171.93669","1","3.084071","0","3305.158","1071.6865","0","0","0","0","0","1","0.644433","0","866.8082","896.7143","0","0","0","0","0","59.379883","50.1737","9.206183","12.87289","0.796915"
"D:\HAA\dACC revisions\Run 4\Br8667_dlPFC_20x_img_006-MaxIP-Stitched_unmixed_rotated.nd2","Layer 1","dACC_v17_ FISH-IF v2.4.4","1407","4075","4102","3209","3235","0","0","0","0","1","1","975.5875","0","322.4976","0","0","0","0","0","0","0","0","0","0","0","0","0","0","0","0","0","0","0","0","92.84436","67.06705","25.777313","24.029396","0.748677"
"D:\HAA\dACC revisions\Run 4\Br8667_dlPFC_20x_img_006-MaxIP-Stitched_unmixed_rotated.nd2","Layer 1","dACC_v17_ FISH-IF v2.4.4","1408","4033","4059","3210","3235","0","0","0","1","1","1","1747.4281","0","272.36023","8","19.885357","1","33484.777","1683.8912","0","0","0","0","0","3","2.761855","0","2811.016","1017.8","0","0","0","0","0","87.873024","56.479935","31.393085","25.531233","0.799424"
"D:\HAA\dACC revisions\Run 4\Br8667_dlPFC_20x_img_006-MaxIP-Stitched_unmixed_rotated.nd2","Layer 1","dACC_v17_ FISH-IF v2.4.4","1409","3863","3892","3211","3236","0","0","0","0","1","1","2213.6528","0","368.4858","0","0","0","0","0","1","1.058711","0","1026.1672","928.875","0","0","0","0","0","1","0.598402","0","296.39307","495.30768","105.22668","76.18117","29.04551","23.600298","0.840779"
"D:\HAA\dACC revisions\Run 4\Br8667_dlPFC_20x_img_006-MaxIP-Stitched_unmixed_rotated.nd2","Layer 1","dACC_v17_ FISH-IF v2.4.4","1410","3973","4010","3211","3242","0","0","0","0","1","1","1017.36676","0","399.93307","0","0","0","0","0","0","0","0","0","0","0","0","0","0","0","0","0","0","0","0","157.9781","92.84436","65.13375","42.05144","0.606096"
"D:\HAA\dACC revisions\Run 4\Br8667_dlPFC_20x_img_006-MaxIP-Stitched_unmixed_rotated.nd2","Layer 1","dACC_v17_ FISH-IF v2.4.4","1411","3948","3974","3217","3250","0","0","0","0","1","1","1762.2","0","401.89697","0","0","0","0","0","0","0","0","0","0","0","0","0","0","0","0","0","0","0","0","125.89456","84.006424","41.888134","29.607647","0.735391"
"D:\HAA\dACC revisions\Run 4\Br8667_dlPFC_20x_img_006-MaxIP-Stitched_unmixed_rotated.nd2","Layer 1","dACC_v17_ FISH-IF v2.4.4","1412","4024","4056","3227","3250","0","0","0","1","1","1","1666.2599","0","481.042","9","14.591801","1","16355.659","1120.8801","0","0","0","0","0","3","1.841237","0","1404.9097","763.025","0","0","0","0","0","91.095184","53.718082","37.377106","28.964003","0.753715"
"D:\HAA\dACC revisions\Run 4\Br8667_dlPFC_20x_img_006-MaxIP-Stitched_unmixed_rotated.nd2","Layer 1","dACC_v17_ FISH-IF v2.4.4","1413","3977","4000","3236","3251","0","0","0","0","1","1","738.5842","0","339.89514","0","0","0","0","0","1","1.150773","0","1319.6144","924.7742","0","0","0","0","0","1","1.51902","0","962.6446","633.7273","45.61664","36.870766","8.745874","13.731083","0.693366"
"D:\HAA\dACC revisions\Run 4\Br8667_dlPFC_20x_img_006-MaxIP-Stitched_unmixed_rotated.nd2","Layer 1","dACC_v17_ FISH-IF v2.4.4","1414","4030","4056","3249","3264","0","0","0","0","1","1","1697.9445","0","360.62268","0","0","0","0","0","3","2.669793","0","3153.21","1181.069","0","0","0","0","0","0","0","0","0","0","59.65607","39.770714","19.885357","20.596624","0.726798"
"D:\HAA\dACC revisions\Run 4\Br8667_dlPFC_20x_img_006-MaxIP-Stitched_unmixed_rotated.nd2","Layer 1","dACC_v17_ FISH-IF v2.4.4","1415","4107","4146","3250","3288","1","1","1","0","1","1","769.80194","0","220.12827","1","0.966649","0","787.12866","814.2857","39","48.05628","4","73177.15","1521.2814","29","25.823345","3","24558.83","951.0321","10","15.420358","2","8519.679","552.49554","202.49","116.2741","86.21591","43.33873","0.867947"
"D:\HAA\dACC revisions\Run 4\Br8667_dlPFC_20x_img_006-MaxIP-Stitched_unmixed_rotated.nd2","Layer 1","dACC_v17_ FISH-IF v2.4.4","1416","4027","4058","3262","3284","1","1","0","0","1","1","1681.022","0","422.85208","0","0","0","0","0","4","5.385617","1","5989.589","1112.1453","10","8.239534","2","9263.722","1093.75","0","0","0","0","0","97.35539","63.79885","33.556538","27.03307","0.79188"
"D:\HAA\dACC revisions\Run 4\Br8667_dlPFC_20x_img_006-MaxIP-Stitched_unmixed_rotated.nd2","Layer 1","dACC_v17_ FISH-IF v2.4.4","1417","3901","3930","3258","3287","0","0","0","0","1","1","1981.3662","0","411.5822","1","0.552371","0","424.54315","768.5833","0","0","0","0","0","0","0","0","0","0","1","0.322216","0","154.9861","481","121.613686","83.40802","38.20566","27.462166","0.90064"
"D:\HAA\dACC revisions\Run 4\Br8667_dlPFC_20x_img_006-MaxIP-Stitched_unmixed_rotated.nd2","Layer 1","dACC_v17_ FISH-IF v2.4.4","1418","4249","4268","3265","3284","0","0","0","0","1","1","621.1111","0","146.04965","0","0","0","0","0","3","4.833246","0","5468.9795","1131.5333","3","1.887268","0","1465.5784","776.561","3","2.347577","0","1210.3369","515.5686","53.487926","47.273754","6.214174","10.298312","0.830914"
"D:\HAA\dACC revisions\Run 4\Br8667_dlPFC_20x_img_006-MaxIP-Stitched_unmixed_rotated.nd2","Layer 1","dACC_v17_ FISH-IF v2.4.4","1419","4161","4189","3279","3305","0","0","0","0","1","1","1521.3276","0","274.7666","0","0","0","0","0","1","0.690464","0","847.7974","1227.8667","0","0","0","0","0","0","0","0","0","0","104.8124","77.70019","27.112211","24.458492","0.757587"
"D:\HAA\dACC revisions\Run 4\Br8667_dlPFC_20x_img_006-MaxIP-Stitched_unmixed_rotated.nd2","Layer 1","dACC_v17_ FISH-IF v2.4.4","1420","3887","3907","3312","3329","1","1","1","0","1","1","845.97473","0","148.75937","2","2.071391","0","1827.4274","882.2222","8","10.955359","1","19641.3","1792.8488","5","5.431648","1","4881.9473","855.30646","4","4.280875","1","2273.6052","531.10754","47.18169","38.06757","9.114121","14.160179","0.618221"
"D:\HAA\dACC revisions\Run 4\Br8667_dlPFC_20x_img_006-MaxIP-Stitched_unmixed_rotated.nd2","Layer 1","dACC_v17_ FISH-IF v2.4.4","1421","4229","4257","3317","3347","0","0","0","0","1","1","1983.9393","0","311.31668","0","0","0","0","0","0","0","0","0","0","0","0","0","0","0","0","0","0","0","0","121.797806","83.86833","37.929478","27.891262","0.854852"
"D:\HAA\dACC revisions\Run 4\Br8667_dlPFC_20x_img_006-MaxIP-Stitched_unmixed_rotated.nd2","Layer 1","dACC_v17_ FISH-IF v2.4.4","1422","3893","3925","3324","3358","1","0","0","0","1","1","962.32166","0","235.18858","1","0.966649","0","775.29877","802.0476","23","30.288343","3","48218.723","1549.5991","2","1.979329","0","1399.8002","707.2093","3","2.853917","0","1430.0885","501.09677","131.51033","85.43338","46.07695","37.975025","0.516187"
"D:\HAA\dACC revisions\Run 4\Br8667_dlPFC_20x_img_006-MaxIP-Stitched_unmixed_rotated.nd2","Layer 1","dACC_v17_ FISH-IF v2.4.4","1423","4049","4068","3329","3348","0","0","0","0","1","1","487.36365","0","140.67201","0","0","0","0","0","0","0","0","0","0","0","0","0","0","0","0","0","0","0","0","51.462566","45.892826","5.569741","9.44012","0.866908"
"D:\HAA\dACC revisions\Run 4\Br8667_dlPFC_20x_img_006-MaxIP-Stitched_unmixed_rotated.nd2","Layer 1","dACC_v17_ FISH-IF v2.4.4","1424","3882","3902","3338","3363","0","0","0","1","1","1","1893.0804","0","271.03705","6","12.474379","1","30168.664","2418.4502","2","2.807886","0","4655.337","1657.9508","0","0","0","0","0","0","0","0","0","0","75.67483","59.65607","16.018759","17.163853","0.763715"
"D:\HAA\dACC revisions\Run 4\Br8667_dlPFC_20x_img_006-MaxIP-Stitched_unmixed_rotated.nd2","Layer 1","dACC_v17_ FISH-IF v2.4.4","1425","3944","3964","3377","3395","0","0","0","0","1","1","747.94775","0","167.6967","0","0","0","0","0","0","0","0","0","0","0","0","0","0","0","1","0.690464","0","359.04117","520","53.67205","47.503906","6.168143","10.083764","0.855915"
"D:\HAA\dACC revisions\Run 4\Br8667_dlPFC_20x_img_006-MaxIP-Stitched_unmixed_rotated.nd2","Layer 1","dACC_v17_ FISH-IF v2.4.4","1426","3927","3955","3394","3418","0","0","0","0","1","1","3011.332","0","324.60742","0","0","0","0","0","0","0","0","0","0","0","0","0","0","0","0","0","0","0","0","97.72364","73.05106","24.672571","22.31301","0.771782"
"D:\HAA\dACC revisions\Run 4\Br8667_dlPFC_20x_img_006-MaxIP-Stitched_unmixed_rotated.nd2","Layer 1","dACC_v17_ FISH-IF v2.4.4","1427","3896","3920","3413","3437","1","1","0","0","1","1","832.82477","0","219.504","0","0","0","0","0","5","8.05541","1","7996.445","992.68","6","4.879277","1","4119.445","836.3832","1","0.690464","0","333.72415","483.33334","80.36998","63.29251","17.07747","18.022047","0.880432"
"D:\HAA\dACC revisions\Run 4\Br8667_dlPFC_20x_img_006-MaxIP-Stitched_unmixed_rotated.nd2","Layer 1","dACC_v17_ FISH-IF v2.4.4","1428","4019","4052","3420","3454","1","0","1","0","1","1","1188.0652","0","286.6393","0","0","0","0","0","12","15.05211","2","19564.705","1299.7982","0","0","0","0","0","13","16.985409","2","9191.775","541.15717","159.86537","99.79503","60.070347","35.1859","0.910005"
"D:\HAA\dACC revisions\Run 4\Br8667_dlPFC_20x_img_006-MaxIP-Stitched_unmixed_rotated.nd2","Layer 1","dACC_v17_ FISH-IF v2.4.4","1429","4090","4112","3424","3446","0","0","0","0","1","1","572.4215","0","143.21405","0","0","0","0","0","0","0","0","0","0","0","0","0","0","0","0","0","0","0","0","66.606735","56.341843","10.264894","15.447468","0.702714"
"D:\HAA\dACC revisions\Run 4\Br8667_dlPFC_20x_img_006-MaxIP-Stitched_unmixed_rotated.nd2","Layer 1","dACC_v17_ FISH-IF v2.4.4","1430","4056","4089","3430","3452","1","0","0","0","1","1","383.36813","0","154.27576","1","0.736495","0","568.758","772.25","6","8.699843","1","13028.131","1451.4359","3","1.841237","0","1404.1731","762.625","3","5.52371","0","2979.6733","539.43335","96.25065","78.620804","17.62984","24.243944","0.489499"
"D:\HAA\dACC revisions\Run 4\Br8667_dlPFC_20x_img_006-MaxIP-Stitched_unmixed_rotated.nd2","Layer 1","dACC_v17_ FISH-IF v2.4.4","1431","3968","4005","3443","3472","1","1","0","1","1","1","1015.2961","0","328.3674","6","8.745874","1","8445.154","965.6158","38","47.18169","4","94972.695","2012.9142","39","26.697931","4","36062.277","1332.3741","2","4.188814","0","2581.3218","616.24176","146.37831","88.70158","57.67674","34.756805","0.754543"
"D:\HAA\dACC revisions\Run 4\Br8667_dlPFC_20x_img_006-MaxIP-Stitched_unmixed_rotated.nd2","Layer 1","dACC_v17_ FISH-IF v2.4.4","1432","4085","4111","3448","3469","1","0","1","0","1","1","488.7093","0","143.14584","0","0","0","0","0","16","21.772623","3","35192.707","1609.5685","0","0","0","0","0","6","4.695154","1","2271.4417","483.7843","79.587456","63.75282","15.834636","17.59295","0.730291"
"D:\HAA\dACC revisions\Run 4\Br8667_dlPFC_20x_img_006-MaxIP-Stitched_unmixed_rotated.nd2","Layer 1","dACC_v17_ FISH-IF v2.4.4","1433","3927","3947","3452","3475","0","0","0","0","1","1","571.09607","0","155.65962","0","0","0","0","0","2","2.807886","0","3363.065","1197.7213","3","2.48567","0","1903.4705","765.7778","1","1.288866","0","686.59717","532.7143","67.20514","56.66406","10.54108","14.803823","0.703645"
"D:\HAA\dACC revisions\Run 4\Br8667_dlPFC_20x_img_006-MaxIP-Stitched_unmixed_rotated.nd2","Layer 1","dACC_v17_ FISH-IF v2.4.4","1434","3969","3992","3466","3483","0","1","0","1","1","1","1830.6229","0","229.63446","4","9.06809","1","11009.905","1214.1371","3","2.853917","0","4126.488","1379.1692","7","6.352267","1","6485.9863","1021.0507","1","0.552371","0","270.89194","490.41666","55.05298","43.821434","11.231544","14.589275","0.768209"
"D:\HAA\dACC revisions\Run 4\Br8667_dlPFC_20x_img_006-MaxIP-Stitched_unmixed_rotated.nd2","Layer 1","dACC_v17_ FISH-IF v2.4.4","1435","4190","4233","3481","3517","1","1","0","0","1","1","946.12305","0","224.83159","0","0","0","0","0","44","57.262463","4","106840.24","1865.7991","16","14.821956","3","15271.033","1030.2981","2","3.682473","0","1972.5629","535.6625","208.19785","119.17404","89.023796","45.48421","0.756039"
"D:\HAA\dACC revisions\Run 4\Br8667_dlPFC_20x_img_006-MaxIP-Stitched_unmixed_rotated.nd2","Layer 1","dACC_v17_ FISH-IF v2.4.4","1436","4017","4039","3486","3507","0","0","0","0","1","1","1399.924","0","200.92097","0","0","0","0","0","0","0","0","0","0","0","0","0","0","0","0","0","0","0","0","69.18447","57.07834","12.106132","15.018372","0.843648"
"D:\HAA\dACC revisions\Run 4\Br8667_dlPFC_20x_img_006-MaxIP-Stitched_unmixed_rotated.nd2","Layer 1","dACC_v17_ FISH-IF v2.4.4","1437","4154","4183","3489","3522","1","0","0","0","1","1","1474.4991","0","360.6851","0","0","0","0","0","6","11.047421","1","13600.064","1231.0625","1","0.782526","0","598.90826","765.35297","1","0.460309","0","203.59474","442.3","140.80858","89.898384","50.910194","31.75313","0.828301"
"D:\HAA\dACC revisions\Run 4\Br8667_dlPFC_20x_img_006-MaxIP-Stitched_unmixed_rotated.nd2","Layer 1","dACC_v17_ FISH-IF v2.4.4","1438","4150","4176","3520","3544","0","0","0","0","1","1","2397.7642","0","404.39352","0","0","0","0","0","0","0","0","0","0","0","0","0","0","0","0","0","0","0","0","81.981064","52.52128","29.459787","24.67304","0.783622"
"D:\HAA\dACC revisions\Run 4\Br8667_dlPFC_20x_img_006-MaxIP-Stitched_unmixed_rotated.nd2","Layer 1","dACC_v17_ FISH-IF v2.4.4","1439","4164","4196","3527","3559","0","0","0","0","1","1","2297.416","0","546.5003","1","0.966649","0","828.28033","856.8571","0","0","0","0","0","0","0","0","0","0","1","1.657113","0","1018.8483","614.8333","123.04064","78.11446","44.926174","32.82587","0.741628"
"D:\HAA\dACC revisions\Run 4\Br8667_dlPFC_20x_img_006-MaxIP-Stitched_unmixed_rotated.nd2","Layer 1","dACC_v17_ FISH-IF v2.4.4","1440","4034","4064","3544","3572","0","0","0","0","1","1","2016.3334","0","333.318","0","0","0","0","0","1","2.071391","0","2442.4465","1179.1333","0","0","0","0","0","2","0.966649","0","522.589","540.619","122.48827","83.960396","38.527878","27.462166","0.854425"
"D:\HAA\dACC revisions\Run 4\Br8667_dlPFC_20x_img_006-MaxIP-Stitched_unmixed_rotated.nd2","Layer 1","dACC_v17_ FISH-IF v2.4.4","1441","4139","4163","3554","3579","0","0","0","0","1","1","2684.448","0","355.87482","0","0","0","0","0","3","5.385617","0","8123.72","1508.4103","1","0.736495","0","714.63","970.3125","2","3.222164","0","1806.1611","560.54285","86.169876","65.82421","20.345665","21.669365","0.737113"
"D:\HAA\dACC revisions\Run 4\Br8667_dlPFC_20x_img_006-MaxIP-Stitched_unmixed_rotated.nd2","Layer 1","dACC_v17_ FISH-IF v2.4.4","1442","4190","4218","3554","3586","0","1","0","1","1","1","1797.4396","0","402.2335","10","23.659891","2","32700.227","1382.0953","2","1.979329","0","2275.6304","1149.6976","4","3.176133","1","2625.9717","826.7826","0","0","0","0","0","112.22337","74.524055","37.69932","32.182224","0.61825"
"D:\HAA\dACC revisions\Run 4\Br8667_dlPFC_20x_img_006-MaxIP-Stitched_unmixed_rotated.nd2","Layer 1","dACC_v17_ FISH-IF v2.4.4","1443","4216","4248","3556","3588","1","1","1","0","1","1","853.0544","0","261.24466","0","0","0","0","0","13","21.404377","2","28922.56","1351.2451","17","19.240923","3","16890.723","863.39526","12","28.447107","2","16195.979","569.33655","147.9894","94.639565","53.349834","32.61132","0.765513"
"D:\HAA\dACC revisions\Run 4\Br8667_dlPFC_20x_img_006-MaxIP-Stitched_unmixed_rotated.nd2","Layer 1","dACC_v17_ FISH-IF v2.4.4","1444","4061","4093","3561","3587","1","0","0","0","1","1","1618.335","0","345.4147","0","0","0","0","0","7","10.725204","1","13789.252","1285.6866","1","1.426958","0","1153.9491","808.6774","0","0","0","0","0","127.09136","89.576164","37.515198","29.822195","0.750566"
"D:\HAA\dACC revisions\Run 4\Br8667_dlPFC_20x_img_006-MaxIP-Stitched_unmixed_rotated.nd2","Layer 1","dACC_v17_ FISH-IF v2.4.4","1445","4170","4198","3563","3591","1","0","0","0","1","1","2052.9797","0","316.05276","1","1.426958","0","1141.2905","799.80646","4","6.674483","1","8818.649","1321.2483","3","2.48567","0","1905.2657","766.5","1","3.49835","0","2007.04","573.7105","108.17265","69.78287","38.389786","26.603973","0.884313"
"D:\HAA\dACC revisions\Run 4\Br8667_dlPFC_20x_img_006-MaxIP-Stitched_unmixed_rotated.nd2","Layer 1","dACC_v17_ FISH-IF v2.4.4","1446","3633","3659","2367","2394","1","0","0","1","1","1","3220.8513","0","478.9585","10","22.693243","2","41517.45","1829.5071","5","7.226854","1","10822.007","1497.4713","1","0.736495","0","592.18774","804.0625","2","1.01268","0","469.92963","464.04544","92.79833","64.30519","28.493137","25.102137","0.724847"
"D:\HAA\dACC revisions\Run 4\Br8667_dlPFC_20x_img_006-MaxIP-Stitched_unmixed_rotated.nd2","Layer 1","dACC_v17_ FISH-IF v2.4.4","1447","3736","3762","2369","2399","0","0","0","0","1","1","3234.8337","0","511.34665","0","0","0","0","0","0","0","0","0","0","0","0","0","0","0","0","0","0","0","0","91.04916","49.529266","41.519886","29.17855","0.80436"
"D:\HAA\dACC revisions\Run 4\Br8667_dlPFC_20x_img_006-MaxIP-Stitched_unmixed_rotated.nd2","Layer 1","dACC_v17_ FISH-IF v2.4.4","1448","3654","3675","2373","2398","0","0","0","1","1","1","2634.9453","0","677.60834","5","16.202883","1","27597.191","1703.2273","0","0","0","0","0","0","0","0","0","0","0","0","0","0","0","69.69081","48.65468","21.036129","19.738432","0.791252"
"D:\HAA\dACC revisions\Run 4\Br8667_dlPFC_20x_img_006-MaxIP-Stitched_unmixed_rotated.nd2","Layer 1","dACC_v17_ FISH-IF v2.4.4","1449","3720","3747","2379","2404","0","0","0","0","1","1","3451.5518","0","496.2742","0","0","0","0","0","0","0","0","0","0","0","0","0","0","0","0","0","0","0","0","89.66823","53.718082","35.950146","28.10581","0.789309"
"D:\HAA\dACC revisions\Run 4\Br8667_dlPFC_20x_img_006-MaxIP-Stitched_unmixed_rotated.nd2","Layer 1","dACC_v17_ FISH-IF v2.4.4","1450","3520","3547","2383","2405","1","0","0","0","1","1","537.45105","0","196.58224","0","0","0","0","0","13","18.366337","2","31735.049","1727.8922","0","0","0","0","0","1","1.565051","0","863.6321","551.82355","84.74292","66.88292","17.859997","19.738432","0.697388"
"D:\HAA\dACC revisions\Run 4\Br8667_dlPFC_20x_img_006-MaxIP-Stitched_unmixed_rotated.nd2","Layer 1","dACC_v17_ FISH-IF v2.4.4","1451","3737","3772","2410","2440","0","0","0","0","1","1","3013.8816","0","365.48395","1","0.966649","0","711.3158","735.8571","2","2.577731","0","3343.8699","1068.2941","0","0","0","0","0","0","0","0","0","0","131.28018","93.21261","38.06757","33.040417","0.593051"
"D:\HAA\dACC revisions\Run 4\Br8667_dlPFC_20x_img_006-MaxIP-Stitched_unmixed_rotated.nd2","Layer 1","dACC_v17_ FISH-IF v2.4.4","1452","3474","3509","2415","2447","0","0","0","0","1","1","2221.5618","0","422.11798","0","0","0","0","0","0","0","0","0","0","1","0.920618","0","727.65674","790.4","0","0","0","0","0","165.06686","101.82039","63.24648","35.1859","0.833658"
"D:\HAA\dACC revisions\Run 4\Br8667_dlPFC_20x_img_006-MaxIP-Stitched_unmixed_rotated.nd2","Layer 1","dACC_v17_ FISH-IF v2.4.4","1453","3650","3689","2425","2453","1","1","1","0","1","1","1067.645","0","208.42323","1","0.50634","0","358.39673","707.8182","5","10.633142","1","12106.684","1138.5801","9","6.996699","1","5590.5933","799.0329","12","18.366337","2","10713.88","583.3434","132.29286","101.037865","31.254993","35.1859","0.433029"
"D:\HAA\dACC revisions\Run 4\Br8667_dlPFC_20x_img_006-MaxIP-Stitched_unmixed_rotated.nd2","Layer 1","dACC_v17_ FISH-IF v2.4.4","1454","3705","3732","2446","2477","0","0","0","0","1","1","2705.5618","0","407.9305","0","0","0","0","0","0","0","0","0","0","0","0","0","0","0","1","0.598402","0","327.6941","547.61536","120.69307","84.144516","36.54855","27.03307","0.758019"
"D:\HAA\dACC revisions\Run 4\Br8667_dlPFC_20x_img_006-MaxIP-Stitched_unmixed_rotated.nd2","Layer 1","dACC_v17_ FISH-IF v2.4.4","1455","3740","3763","2449","2471","0","0","0","0","1","1","2449.9968","0","319.95258","0","0","0","0","0","0","0","0","0","0","0","0","0","0","0","0","0","0","0","0","74.61612","60.16241","14.453708","15.876565","0.880523"
"D:\HAA\dACC revisions\Run 4\Br8667_dlPFC_20x_img_006-MaxIP-Stitched_unmixed_rotated.nd2","Layer 1","dACC_v17_ FISH-IF v2.4.4","1456","3561","3587","2481","2509","0","0","0","0","1","1","3577.5105","0","442.54507","1","1.104742","0","978.9395","886.125","0","0","0","0","0","0","0","0","0","0","0","0","0","0","0","104.49018","76.0891","28.401075","24.458492","0.808408"
"D:\HAA\dACC revisions\Run 4\Br8667_dlPFC_20x_img_006-MaxIP-Stitched_unmixed_rotated.nd2","Layer 1","dACC_v17_ FISH-IF v2.4.4","1457","3765","3805","2482","2515","1","0","1","0","1","1","1619.1968","0","399.6099","0","0","0","0","0","24","36.364426","3","56386.906","1536.9874","0","0","0","0","0","9","9.206183","1","4670.711","507.345","179.19836","109.967865","69.2305","39.69141","0.697918"
"D:\HAA\dACC revisions\Run 4\Br8667_dlPFC_20x_img_006-MaxIP-Stitched_unmixed_rotated.nd2","Layer 1","dACC_v17_ FISH-IF v2.4.4","1458","3529","3556","2499","2526","1","0","0","0","1","1","912.2514","0","232.98457","1","1.242835","0","1127.8495","907.4815","16","19.56314","3","38863.996","1986.5929","0","0","0","0","0","3","5.155463","0","3144.8323","610","99.33472","74.61612","24.718603","23.600298","0.687724"
"D:\HAA\dACC revisions\Run 4\Br8667_dlPFC_20x_img_006-MaxIP-Stitched_unmixed_rotated.nd2","Layer 1","dACC_v17_ FISH-IF v2.4.4","1459","3716","3735","2500","2518","0","0","0","0","1","1","591.218","0","167.82243","0","0","0","0","0","0","0","0","0","0","0","0","0","0","0","0","0","0","0","0","53.303802","47.18169","6.122112","10.298312","0.845044"
"D:\HAA\dACC revisions\Run 4\Br8667_dlPFC_20x_img_006-MaxIP-Stitched_unmixed_rotated.nd2","Layer 1","dACC_v17_ FISH-IF v2.4.4","1460","3835","3854","2505","2524","0","0","0","0","1","1","571.27826","0","162.46916","1","1.058711","0","910.67566","860.1739","0","0","0","0","0","0","0","0","0","0","0","0","0","0","0","50.818134","45.52458","5.293556","9.44012","0.834365"
"D:\HAA\dACC revisions\Run 4\Br8667_dlPFC_20x_img_006-MaxIP-Stitched_unmixed_rotated.nd2","Layer 1","dACC_v17_ FISH-IF v2.4.4","1461","3558","3582","2519","2548","1","0","0","0","1","1","3041.1145","0","555.9582","0","0","0","0","0","7","9.528399","1","12197.871","1280.1594","0","0","0","0","0","1","0.322216","0","138.64513","430.2857","104.766365","77.055756","27.710613","23.171202","0.789109"
"D:\HAA\dACC revisions\Run 4\Br8667_dlPFC_20x_img_006-MaxIP-Stitched_unmixed_rotated.nd2","Layer 1","dACC_v17_ FISH-IF v2.4.4","1462","3758","3787","2532","2562","1","1","1","0","1","1","2623.5913","0","578.1006","0","0","0","0","0","5","7.04273","1","8731.19","1156.5914","10","8.791905","2","6766.0845","769.5812","56","66.19246","4","83896.914","1267.4694","114.43286","64.075035","50.357822","34.97135","0.676046"
"D:\HAA\dACC revisions\Run 4\Br8667_dlPFC_20x_img_006-MaxIP-Stitched_unmixed_rotated.nd2","Layer 1","dACC_v17_ FISH-IF v2.4.4","1463","3735","3758","2535","2567","0","1","1","0","1","1","1374.7333","0","718.7882","0","0","0","0","0","3","3.866597","0","3768.5972","974.6548","18","15.512419","3","16798.707","1082.9199","50","64.35122","4","74162.164","1152.4592","103.84575","70.19715","33.6486","30.036743","0.658197"
"D:\HAA\dACC revisions\Run 4\Br8667_dlPFC_20x_img_006-MaxIP-Stitched_unmixed_rotated.nd2","Layer 1","dACC_v17_ FISH-IF v2.4.4","1464","3711","3742","2544","2573","0","1","1","0","1","1","2720.7502","0","518.59674","0","0","0","0","0","1","0.552371","0","411.9767","745.8333","7","5.799896","1","5108.511","880.79364","35","37.65329","4","53934.61","1432.401","124.00729","84.92704","39.08025","29.17855","0.702702"
"D:\HAA\dACC revisions\Run 4\Br8667_dlPFC_20x_img_006-MaxIP-Stitched_unmixed_rotated.nd2","Layer 1","dACC_v17_ FISH-IF v2.4.4","1465","3770","3799","2547","2572","0","1","1","0","1","1","2672.1157","0","526.55096","0","0","0","0","0","1","0.920618","0","695.15894","755.1","4","3.820566","1","3165.178","781.38635","17","28.170921","3","27458.455","974.70917","98.96647","55.973595","42.992878","30.680387","0.788515"
"D:\HAA\dACC revisions\Run 4\Br8667_dlPFC_20x_img_006-MaxIP-Stitched_unmixed_rotated.nd2","Layer 1","dACC_v17_ FISH-IF v2.4.4","1466","3810","3849","2549","2581","1","1","1","0","1","1","1690.9757","0","450.6161","0","0","0","0","0","16","25.777313","3","35773.848","1387.8036","23","21.036129","3","20434.137","946.5288","7","6.03005","1","3149.7117","522.3359","172.15562","107.66631","64.48932","37.975025","0.696925"
"D:\HAA\dACC revisions\Run 4\Br8667_dlPFC_20x_img_006-MaxIP-Stitched_unmixed_rotated.nd2","Layer 1","dACC_v17_ FISH-IF v2.4.4","1467","3794","3820","2564","2597","0","0","0","0","1","1","3580.3286","0","596.5949","0","0","0","0","0","1","0.322216","0","197.84088","614","1","1.334897","0","1022.89905","766.2759","3","6.766545","0","5295.1206","782.5442","127.09136","81.70488","45.386486","30.894936","0.725061"
"D:\HAA\dACC revisions\Run 4\Br8667_dlPFC_20x_img_006-MaxIP-Stitched_unmixed_rotated.nd2","Layer 1","dACC_v17_ FISH-IF v2.4.4","1468","3771","3794","2572","2597","0","0","1","0","1","1","3595.3694","0","594.96783","1","1.288866","0","1548.4801","961.1429","1","0.920618","0","1782.0869","992.6923","3","2.301546","0","1689.4268","734.04","7","11.369637","1","9902.401","870.9514","70.74952","40.09293","30.656591","26.174877","0.760763"
"D:\HAA\dACC revisions\Run 4\Br8667_dlPFC_20x_img_006-MaxIP-Stitched_unmixed_rotated.nd2","Layer 1","dACC_v17_ FISH-IF v2.4.4","1469","3562","3592","2574","2607","0","1","0","1","1","1","2554.3035","0","456.70502","20","39.954838","3","90207.62","2257.7397","1","2.02536","0","2230.7502","1101.409","5","4.787215","1","3808.644","788.0095","1","0.460309","0","213.67552","464.2","147.06879","95.19194","51.876842","32.61132","0.799654"
"D:\HAA\dACC revisions\Run 4\Br8667_dlPFC_20x_img_006-MaxIP-Stitched_unmixed_rotated.nd2","Layer 1","dACC_v17_ FISH-IF v2.4.4","1470","3765","3788","2582","2610","0","0","1","0","1","1","3331.5862","0","640.7264","1","0.552371","0","483.4167","875.1667","0","0","0","0","0","0","0","0","0","0","8","11.829946","1","8110.3716","685.5798","70.10509","36.502518","33.60257","27.462166","0.805685"
"D:\HAA\dACC revisions\Run 4\Br8667_dlPFC_20x_img_006-MaxIP-Stitched_unmixed_rotated.nd2","Layer 1","dACC_v17_ FISH-IF v2.4.4","1471","3655","3679","2581","2610","0","1","0","1","1","1","3493.2544","0","426.18597","9","21.956747","1","44478.34","2025.7253","0","0","0","0","0","5","4.557061","1","3793.3618","832.4141","0","0","0","0","0","102.2807","75.49071","26.789993","22.742105","0.753441"
"D:\HAA\dACC revisions\Run 4\Br8667_dlPFC_20x_img_006-MaxIP-Stitched_unmixed_rotated.nd2","Layer 1","dACC_v17_ FISH-IF v2.4.4","1472","3728","3755","2581","2612","0","0","0","0","1","1","2600.4822","0","377.23068","0","0","0","0","0","0","0","0","0","0","0","0","0","0","0","2","3.268195","0","1834.9304","561.4507","121.291466","72.03838","49.253082","31.324034","0.798109"
"D:\HAA\dACC revisions\Run 4\Br8667_dlPFC_20x_img_006-MaxIP-Stitched_unmixed_rotated.nd2","Layer 1","dACC_v17_ FISH-IF v2.4.4","1473","3753","3774","2586","2618","0","0","0","0","1","1","2890.3281","0","660.24445","1","5.247525","0","6904.96","1315.8508","0","0","0","0","0","0","0","0","0","0","2","1.196804","0","610.09375","509.76923","87.550804","45.75473","41.796074","29.607647","0.783502"
"D:\HAA\dACC revisions\Run 4\Br8667_dlPFC_20x_img_006-MaxIP-Stitched_unmixed_rotated.nd2","Layer 1","dACC_v17_ FISH-IF v2.4.4","1474","3833","3865","2600","2633","0","0","0","1","1","1","2468.2832","0","441.05634","10","32.58989","2","52620.75","1614.6342","1","1.426958","0","1356.0708","950.3226","3","2.439639","0","1771.2236","726.01886","0","0","0","0","0","148.91002","97.2173","51.69272","33.89861","0.736865"
"D:\HAA\dACC revisions\Run 4\Br8667_dlPFC_20x_img_006-MaxIP-Stitched_unmixed_rotated.nd2","Layer 1","dACC_v17_ FISH-IF v2.4.4","1475","3768","3800","2610","2636","0","0","0","1","1","1","2642.979","0","395.4562","7","15.006079","1","17873.805","1191.1042","2","2.853917","0","2691.842","943.20966","0","0","0","0","0","2","1.979329","0","1027.8243","519.27905","115.35348","82.53343","32.820045","27.891262","0.72183"
"D:\HAA\dACC revisions\Run 4\Br8667_dlPFC_20x_img_006-MaxIP-Stitched_unmixed_rotated.nd2","Layer 1","dACC_v17_ FISH-IF v2.4.4","1476","3693","3726","2626","2656","0","0","0","1","1","1","2486.284","0","435.2041","15","31.715302","3","53011.047","1671.466","0","0","0","0","0","2","1.426958","0","1045.5002","732.6774","0","0","0","0","0","137.08008","92.0158","45.06427","31.324034","0.740508"
"D:\HAA\dACC revisions\Run 4\Br8667_dlPFC_20x_img_006-MaxIP-Stitched_unmixed_rotated.nd2","Layer 1","dACC_v17_ FISH-IF v2.4.4","1477","3757","3777","2652","2671","0","0","0","0","1","1","890.5448","0","218.30247","0","0","0","0","0","0","0","0","0","0","0","0","0","0","0","1","1.887268","0","1194.6404","633","54.914886","48.240402","6.674483","10.941957","0.83502"
"D:\HAA\dACC revisions\Run 4\Br8667_dlPFC_20x_img_006-MaxIP-Stitched_unmixed_rotated.nd2","Layer 1","dACC_v17_ FISH-IF v2.4.4","1478","3726","3746","2678","2696","0","0","0","0","1","1","940.35974","0","187.22223","1","3.176133","0","3010.56","947.86957","0","0","0","0","0","0","0","0","0","0","0","0","0","0","0","54.454575","48.05628","6.398297","10.298312","0.820893"
"D:\HAA\dACC revisions\Run 4\Br8667_dlPFC_20x_img_006-MaxIP-Stitched_unmixed_rotated.nd2","Layer 1","dACC_v17_ FISH-IF v2.4.4","1479","3763","3785","2709","2736","0","0","0","0","1","1","3364.8066","0","412.3189","0","0","0","0","0","0","0","0","0","0","0","0","0","0","0","0","0","0","0","0","89.43807","60.62272","28.815355","24.029396","0.729832"
"D:\HAA\dACC revisions\Run 4\Br8667_dlPFC_20x_img_006-MaxIP-Stitched_unmixed_rotated.nd2","Layer 1","dACC_v17_ FISH-IF v2.4.4","1480","3750","3764","2715","2735","0","0","0","0","1","1","2722.3857","0","693.93964","0","0","0","0","0","0","0","0","0","0","0","0","0","0","0","3","4.649123","0","2181.5432","469.2376","40.507206","28.216953","12.290255","14.160179","0.796494"
"D:\HAA\dACC revisions\Run 4\Br8667_dlPFC_20x_img_006-MaxIP-Stitched_unmixed_rotated.nd2","Layer 1","dACC_v17_ FISH-IF v2.4.4","1481","3738","3757","2721","2744","0","0","0","0","1","1","1772.4115","0","535.6782","0","0","0","0","0","0","0","0","0","0","0","0","0","0","0","3","2.117422","0","1072.5664","506.5435","54.316483","43.913494","10.402987","15.662017","0.657728"
"D:\HAA\dACC revisions\Run 4\Br8667_dlPFC_20x_img_006-MaxIP-Stitched_unmixed_rotated.nd2","Layer 1","dACC_v17_ FISH-IF v2.4.4","1482","3834","3859","2730","2758","0","0","0","0","1","1","3346.0222","0","405.895","0","0","0","0","0","0","0","0","0","0","0","0","0","0","0","0","0","0","0","0","100.66962","73.64947","27.02015","23.600298","0.761816"
"D:\HAA\dACC revisions\Run 4\Br8667_dlPFC_20x_img_006-MaxIP-Stitched_unmixed_rotated.nd2","Layer 1","dACC_v17_ FISH-IF v2.4.4","1483","3750","3776","2736","2760","0","0","0","0","1","1","2422.7334","0","394.6939","0","0","0","0","0","0","0","0","0","0","0","0","0","0","0","3","5.477679","0","2700.1736","492.94116","88.563484","66.46864","22.094841","22.31301","0.745235"
"D:\HAA\dACC revisions\Run 4\Br8667_dlPFC_20x_img_006-MaxIP-Stitched_unmixed_rotated.nd2","Layer 1","dACC_v17_ FISH-IF v2.4.4","1484","3847","3875","2753","2783","0","0","0","0","1","1","3318.4333","0","398.00626","0","0","0","0","0","0","0","0","0","0","0","0","0","0","0","0","0","0","0","0","115.81379","80.87632","34.937466","27.03307","0.770561"
"D:\HAA\dACC revisions\Run 4\Br8667_dlPFC_20x_img_006-MaxIP-Stitched_unmixed_rotated.nd2","Layer 1","dACC_v17_ FISH-IF v2.4.4","1485","2667","2706","2464","2499","1","0","1","0","1","1","919.08215","0","258.1239","0","0","0","0","0","31","41.980198","4","62368.67","1485.6688","0","0","0","0","0","28","47.411846","3","29343.973","618.9165","187.66805","110.33611","77.33194","40.549603","0.850364"
"D:\HAA\dACC revisions\Run 4\Br8667_dlPFC_20x_img_006-MaxIP-Stitched_unmixed_rotated.nd2","Layer 1","dACC_v17_ FISH-IF v2.4.4","1486","2914","2933","2471","2490","0","0","0","0","1","1","457.33026","0","140.67595","0","0","0","0","0","0","0","0","0","0","0","0","0","0","0","0","0","0","0","0","49.62133","44.60396","5.01737","9.44012","0.868609"
"D:\HAA\dACC revisions\Run 4\Br8667_dlPFC_20x_img_006-MaxIP-Stitched_unmixed_rotated.nd2","Layer 1","dACC_v17_ FISH-IF v2.4.4","1487","2705","2731","2486","2512","0","0","0","1","1","1","1284.3818","0","204.3781","5","10.54108","1","12699.286","1204.7423","1","1.288866","0","1259.2218","977","2","1.795206","0","1722.8912","959.71796","1","0.50634","0","333.26385","482.66666","94.36338","70.61143","23.751953","21.883913","0.902979"
"D:\HAA\dACC revisions\Run 4\Br8667_dlPFC_20x_img_006-MaxIP-Stitched_unmixed_rotated.nd2","Layer 1","dACC_v17_ FISH-IF v2.4.4","1488","2880","2913","2502","2531","0","0","0","0","1","1","1599.1989","0","330.79056","1","0.920618","0","812.4457","882.5","0","0","0","0","0","0","0","0","0","0","0","0","0","0","0","136.84991","90.542816","46.307102","30.46584","0.831668"
"D:\HAA\dACC revisions\Run 4\Br8667_dlPFC_20x_img_006-MaxIP-Stitched_unmixed_rotated.nd2","Layer 1","dACC_v17_ FISH-IF v2.4.4","1489","2809","2843","2518","2555","1","0","1","0","1","1","1057.515","0","268.8687","0","0","0","0","0","13","22.509119","2","30770.932","1367.043","0","0","0","0","0","7","7.687163","1","3690.575","480.0958","167.23032","109.04724","58.18308","39.262314","0.679861"
"D:\HAA\dACC revisions\Run 4\Br8667_dlPFC_20x_img_006-MaxIP-Stitched_unmixed_rotated.nd2","Layer 1","dACC_v17_ FISH-IF v2.4.4","1490","3000","3031","2524","2553","0","0","0","0","1","1","1906.9121","0","311.55838","0","0","0","0","0","0","0","0","0","0","0","0","0","0","0","0","0","0","0","0","133.62775","89.11586","44.511898","29.607647","0.807091"
"D:\HAA\dACC revisions\Run 4\Br8667_dlPFC_20x_img_006-MaxIP-Stitched_unmixed_rotated.nd2","Layer 1","dACC_v17_ FISH-IF v2.4.4","1491","2719","2758","2530","2566","1","1","1","0","1","1","919.2976","0","232.89612","1","0.50634","0","381.27408","753","30","42.026226","4","64560.11","1536.1862","4","3.360257","1","2676.6519","796.56165","21","30.978807","3","17339.156","557.2263","195.44728","112.54559","82.90168","42.05144","0.861603"
"D:\HAA\dACC revisions\Run 4\Br8667_dlPFC_20x_img_006-MaxIP-Stitched_unmixed_rotated.nd2","Layer 1","dACC_v17_ FISH-IF v2.4.4","1492","3055","3073","2535","2553","0","0","0","0","1","1","367.76843","0","124.138596","0","0","0","0","0","0","0","0","0","0","0","0","0","0","0","0","0","0","0","0","47.54994","43.177002","4.372937","8.581926","0.883122"
"D:\HAA\dACC revisions\Run 4\Br8667_dlPFC_20x_img_006-MaxIP-Stitched_unmixed_rotated.nd2","Layer 1","dACC_v17_ FISH-IF v2.4.4","1493","2960","2999","2548","2580","0","0","0","0","1","1","1921.6284","0","388.08414","0","0","0","0","0","1","1.887268","0","2160.599","1144.8292","0","0","0","0","0","0","0","0","0","0","166.12558","103.93781","62.18777","37.54593","0.748521"
"D:\HAA\dACC revisions\Run 4\Br8667_dlPFC_20x_img_006-MaxIP-Stitched_unmixed_rotated.nd2","Layer 1","dACC_v17_ FISH-IF v2.4.4","1494","2806","2842","2556","2587","0","0","0","0","1","1","1480.9248","0","321.4138","0","0","0","0","0","1","1.887268","0","2045.4298","1083.8049","0","0","0","0","0","1","1.887268","0","1083.5677","574.14636","162.30501","95.56019","66.74483","41.19325","0.721591"
"D:\HAA\dACC revisions\Run 4\Br8667_dlPFC_20x_img_006-MaxIP-Stitched_unmixed_rotated.nd2","Layer 1","dACC_v17_ FISH-IF v2.4.4","1495","3052","3070","2581","2599","0","0","0","0","1","1","702.60376","0","181.42828","0","0","0","0","0","0","0","0","0","0","0","0","0","0","0","0","0","0","0","0","49.805454","44.926174","4.879277","9.011024","0.748449"
"D:\HAA\dACC revisions\Run 4\Br8667_dlPFC_20x_img_006-MaxIP-Stitched_unmixed_rotated.nd2","Layer 1","dACC_v17_ FISH-IF v2.4.4","1496","2809","2829","2588","2605","0","0","0","0","1","1","1105.8632","0","223.48004","0","0","0","0","0","0","0","0","0","0","0","0","0","0","0","0","0","0","0","0","57.952927","43.821434","14.131492","15.447468","0.755343"
"D:\HAA\dACC revisions\Run 4\Br8667_dlPFC_20x_img_006-MaxIP-Stitched_unmixed_rotated.nd2","Layer 1","dACC_v17_ FISH-IF v2.4.4","1497","2977","3003","2591","2614","0","0","0","0","1","1","2134.541","0","237.83867","0","0","0","0","0","0","0","0","0","0","0","0","0","0","0","0","0","0","0","0","81.33663","66.19246","15.144172","19.738432","0.607785"
"D:\HAA\dACC revisions\Run 4\Br8667_dlPFC_20x_img_006-MaxIP-Stitched_unmixed_rotated.nd2","Layer 1","dACC_v17_ FISH-IF v2.4.4","1498","2675","2718","2593","2624","0","0","0","0","1","1","1752.6304","0","264.57928","0","0","0","0","0","0","0","0","0","0","0","0","0","0","0","1","0.50634","0","234.11325","462.36365","154.06548","109.73771","44.327774","41.19325","0.509509"
"D:\HAA\dACC revisions\Run 4\Br8667_dlPFC_20x_img_006-MaxIP-Stitched_unmixed_rotated.nd2","Layer 1","dACC_v17_ FISH-IF v2.4.4","1499","3017","3044","2612","2630","0","0","1","0","1","1","2296.1965","0","537.678","0","0","0","0","0","0","0","0","0","0","0","0","0","0","0","10","15.926698","2","10475.302","657.71967","69.644775","51.60066","18.044119","20.382076","0.690929"
"D:\HAA\dACC revisions\Run 4\Br8667_dlPFC_20x_img_006-MaxIP-Stitched_unmixed_rotated.nd2","Layer 1","dACC_v17_ FISH-IF v2.4.4","1500","3014","3044","2627","2652","0","0","0","0","1","1","3315.726","0","415.33154","0","0","0","0","0","0","0","0","0","0","0","0","0","0","0","1","0.552371","0","243.68768","441.16666","103.61559","68.17179","35.443806","28.320358","0.785839"
"D:\HAA\dACC revisions\Run 4\Br8667_dlPFC_20x_img_006-MaxIP-Stitched_unmixed_rotated.nd2","Layer 1","dACC_v17_ FISH-IF v2.4.4","1501","2860","2896","2626","2660","1","1","1","0","1","1","1091.9241","0","262.7418","1","2.163453","0","1867.06","863","11","18.688553","2","24582.352","1259.5283","11","12.198194","2","11052.575","906.083","5","5.661803","1","3119.5613","537.86505","170.82074","106.607605","64.21313","37.76048","0.69706"
"D:\HAA\dACC revisions\Run 4\Br8667_dlPFC_20x_img_006-MaxIP-Stitched_unmixed_rotated.nd2","Layer 1","dACC_v17_ FISH-IF v2.4.4","1502","2931","2974","2663","2689","0","0","1","0","1","1","1388.4232","0","341.1336","2","4.188814","0","3736.5137","892.022","0","0","0","0","0","0","0","0","0","0","5","5.01737","1","2545.3716","507.31192","166.03352","108.17265","57.860863","36.902287","0.64288"
"D:\HAA\dACC revisions\Run 4\Br8667_dlPFC_20x_img_006-MaxIP-Stitched_unmixed_rotated.nd2","Layer 1","dACC_v17_ FISH-IF v2.4.4","1503","3051","3069","2668","2686","0","0","0","0","1","1","470.0521","0","120.88724","0","0","0","0","0","0","0","0","0","0","0","0","0","0","0","0","0","0","0","0","47.68803","43.269062","4.418968","8.581926","0.878765"
"D:\HAA\dACC revisions\Run 4\Br8667_dlPFC_20x_img_006-MaxIP-Stitched_unmixed_rotated.nd2","Layer 1","dACC_v17_ FISH-IF v2.4.4","1504","2762","2793","2676","2698","0","0","0","0","1","1","2741.5664","0","596.42126","0","0","0","0","0","0","0","0","0","0","0","0","0","0","0","0","0","0","0","0","112.31544","67.52736","44.788082","29.607647","0.829533"
"D:\HAA\dACC revisions\Run 4\Br8667_dlPFC_20x_img_006-MaxIP-Stitched_unmixed_rotated.nd2","Layer 1","dACC_v17_ FISH-IF v2.4.4","1505","2708","2738","2683","2716","0","0","0","1","1","1","1649.7782","0","296.083","8","23.337675","1","37679.574","1614.5385","0","0","0","0","0","3","2.945979","0","2225.4568","755.4219","0","0","0","0","0","134.82455","92.06184","42.762722","31.75313","0.747829"
"D:\HAA\dACC revisions\Run 4\Br8667_dlPFC_20x_img_006-MaxIP-Stitched_unmixed_rotated.nd2","Layer 1","dACC_v17_ FISH-IF v2.4.4","1506","2765","2792","2699","2716","0","0","0","0","1","1","2234.5505","0","447.3724","0","0","0","0","0","0","0","0","0","0","0","0","0","0","0","0","0","0","0","0","74.06374","49.06896","24.99479","21.02572","0.812665"
"D:\HAA\dACC revisions\Run 4\Br8667_dlPFC_20x_img_006-MaxIP-Stitched_unmixed_rotated.nd2","Layer 1","dACC_v17_ FISH-IF v2.4.4","1507","3060","3079","2704","2722","0","0","0","0","1","1","492.78302","0","117.0135","0","0","0","0","0","0","0","0","0","0","0","0","0","0","0","0","0","0","0","0","49.20705","44.327774","4.879277","9.011024","0.886025"
"D:\HAA\dACC revisions\Run 4\Br8667_dlPFC_20x_img_006-MaxIP-Stitched_unmixed_rotated.nd2","Layer 1","dACC_v17_ FISH-IF v2.4.4","1508","3005","3024","2708","2729","0","0","0","0","1","1","452.50543","0","149.3424","1","1.150773","0","923.4262","802.44","0","0","0","0","0","0","0","0","0","0","0","0","0","0","0","60.898903","52.429214","8.469688","12.443794","0.758364"
"D:\HAA\dACC revisions\Run 4\Br8667_dlPFC_20x_img_006-MaxIP-Stitched_unmixed_rotated.nd2","Layer 1","dACC_v17_ FISH-IF v2.4.4","1509","2873","2895","2710","2741","0","0","0","1","1","1","1743.1812","0","341.6149","10","25.270973","2","44374.633","1755.9526","0","0","0","0","0","3","3.406288","0","3125.4072","917.5405","0","0","0","0","0","101.17596","66.100395","35.075558","27.03307","0.745514"
"D:\HAA\dACC revisions\Run 4\Br8667_dlPFC_20x_img_006-MaxIP-Stitched_unmixed_rotated.nd2","Layer 1","dACC_v17_ FISH-IF v2.4.4","1510","2847","2875","2713","2740","0","0","0","1","1","1","1888.1881","0","418.97415","4","9.390307","1","16808.006","1789.9314","0","0","0","0","0","2","1.472989","0","1153.1665","782.875","0","0","0","0","0","110.93451","73.005035","37.929478","28.749454","0.748079"
"D:\HAA\dACC revisions\Run 4\Br8667_dlPFC_20x_img_006-MaxIP-Stitched_unmixed_rotated.nd2","Layer 1","dACC_v17_ FISH-IF v2.4.4","1511","2895","2914","2720","2738","0","0","0","0","1","1","1233.995","0","244.7897","3","7.318916","0","10305.816","1408.1069","1","0.598402","0","1495.1763","1353.4166","0","0","0","0","0","0","0","0","0","0","52.19906","42.900814","9.298245","13.301987","0.754876"
"D:\HAA\dACC revisions\Run 4\Br8667_dlPFC_20x_img_006-MaxIP-Stitched_unmixed_rotated.nd2","Layer 1","dACC_v17_ FISH-IF v2.4.4","1512","2744","2780","2728","2759","1","0","1","0","1","1","1257.4159","0","344.75925","0","0","0","0","0","23","33.00417","3","59073.96","1789.894","0","0","0","0","0","18","33.280354","3","22700.146","671.86646","158.20827","100.76168","57.446587","35.1859","0.778411"
"D:\HAA\dACC revisions\Run 4\Br8667_dlPFC_20x_img_006-MaxIP-Stitched_unmixed_rotated.nd2","Layer 1","dACC_v17_ FISH-IF v2.4.4","1513","2895","2931","2734","2764","1","0","1","1","1","1","1062.483","0","322.26877","7","9.298245","1","8081.8784","869.18317","48","51.18638","4","125441.43","2450.68","3","2.899948","0","2800.1528","965.5873","13","25.50113","2","15846.005","621.38446","139.93399","74.846275","65.087715","37.331383","0.843894"
"D:\HAA\dACC revisions\Run 4\Br8667_dlPFC_20x_img_006-MaxIP-Stitched_unmixed_rotated.nd2","Layer 1","dACC_v17_ FISH-IF v2.4.4","1514","2951","2976","2744","2766","1","0","0","0","1","1","447.96765","0","150.7003","0","0","0","0","0","8","11.922008","1","17881.676","1499.8881","0","0","0","0","0","2","1.288866","0","623.02844","483.39285","76.27323","62.049675","14.223554","17.59295","0.753984"
"D:\HAA\dACC revisions\Run 4\Br8667_dlPFC_20x_img_006-MaxIP-Stitched_unmixed_rotated.nd2","Layer 1","dACC_v17_ FISH-IF v2.4.4","1515","2993","3013","2744","2763","0","0","0","0","1","1","527.01935","0","157.80806","0","0","0","0","0","0","0","0","0","0","0","0","0","0","0","0","0","0","0","0","56.29581","49.16102","7.134792","11.156505","0.826288"
"D:\HAA\dACC revisions\Run 4\Br8667_dlPFC_20x_img_006-MaxIP-Stitched_unmixed_rotated.nd2","Layer 1","dACC_v17_ FISH-IF v2.4.4","1516","2892","2925","2755","2787","1","0","1","0","1","1","1489.7844","0","360.53647","0","0","0","0","0","10","11.50773","2","26808.867","2329.64","1","0.50634","0","388.59302","767.4545","6","9.06809","1","5245.8213","564.1733","131.23415","75.07642","56.15772","36.25864","0.762227"
"D:\HAA\dACC revisions\Run 4\Br8667_dlPFC_20x_img_006-MaxIP-Stitched_unmixed_rotated.nd2","Layer 1","dACC_v17_ FISH-IF v2.4.4","1517","4176","4213","2369","2400","1","0","1","0","1","1","2912.2146","0","438.5009","0","0","0","0","0","10","12.060101","2","27605.846","2289.023","2","1.749175","0","1769.6586","1011.7105","4","4.050721","1","2003.3575","494.56818","156.87337","104.95049","51.922874","40.764153","0.644652"
"D:\HAA\dACC revisions\Run 4\Br8667_dlPFC_20x_img_006-MaxIP-Stitched_unmixed_rotated.nd2","Layer 1","dACC_v17_ FISH-IF v2.4.4","1518","4151","4176","2371","2394","1","0","1","0","1","1","1149.6494","0","305.0581","0","0","0","0","0","16","18.780615","3","40244.418","2142.87","1","0.552371","0","514.9479","932.25","6","8.239534","1","4401.246","534.162","85.20323","66.56071","18.64252","21.02572","0.67458"
"D:\HAA\dACC revisions\Run 4\Br8667_dlPFC_20x_img_006-MaxIP-Stitched_unmixed_rotated.nd2","Layer 1","dACC_v17_ FISH-IF v2.4.4","1519","3922","3953","2387","2417","0","0","0","0","1","1","2910.0627","0","469.8009","0","0","0","0","0","0","0","0","0","0","1","0.782526","0","655.5723","837.7647","0","0","0","0","0","135.83723","91.095184","44.74205","30.036743","0.762218"
"D:\HAA\dACC revisions\Run 4\Br8667_dlPFC_20x_img_006-MaxIP-Stitched_unmixed_rotated.nd2","Layer 1","dACC_v17_ FISH-IF v2.4.4","1520","4211","4237","2396","2421","1","0","0","0","1","1","3163.703","0","380.014","0","0","0","0","0","9","10.172832","1","13879.887","1364.4072","2","2.209484","0","1936.4746","876.4375","2","2.255515","0","1590.5063","531.5846","98.64426","72.314575","26.329685","22.31301","0.870734"
"D:\HAA\dACC revisions\Run 4\Br8667_dlPFC_20x_img_006-MaxIP-Stitched_unmixed_rotated.nd2","Layer 1","dACC_v17_ FISH-IF v2.4.4","1521","4121","4151","2408","2434","0","0","0","0","1","1","2030.126","0","488.4107","2","3.682473","0","3609.7446","980.25","0","0","0","0","0","2","1.104742","0","776.4495","702.8333","0","0","0","0","0","98.73632","70.61143","28.124891","26.603973","0.710605"
"D:\HAA\dACC revisions\Run 4\Br8667_dlPFC_20x_img_006-MaxIP-Stitched_unmixed_rotated.nd2","Layer 1","dACC_v17_ FISH-IF v2.4.4","1522","4193","4225","2411","2434","1","1","0","0","1","1","1257.7874","0","416.46054","0","0","0","0","0","30","30.196281","4","74497.77","2448.4553","6","4.464999","1","4510.984","867.2478","3","1.933299","0","906.2107","468.7381","85.479416","62.970295","22.509119","26.818521","0.472376"
"D:\HAA\dACC revisions\Run 4\Br8667_dlPFC_20x_img_006-MaxIP-Stitched_unmixed_rotated.nd2","Layer 1","dACC_v17_ FISH-IF v2.4.4","1523","4183","4204","2418","2442","1","1","0","0","1","1","1034.3253","0","286.86087","0","0","0","0","0","16","16.11082","3","36482.68","2264.483","6","3.958659","1","3462.1233","874.56976","1","0.690464","0","332.61942","481.73334","63.108387","45.984886","17.1235","19.738432","0.753097"
"D:\HAA\dACC revisions\Run 4\Br8667_dlPFC_20x_img_006-MaxIP-Stitched_unmixed_rotated.nd2","Layer 1","dACC_v17_ FISH-IF v2.4.4","1524","4011","4048","2420","2455","1","1","0","0","1","1","1607.7128","0","414.70502","2","1.288866","0","930.6991","722.1071","17","28.355045","3","40541.96","1429.7971","14","13.441028","2","13119.134","976.0514","3","3.084071","0","1575.7764","510.9403","177.173","110.01389","67.15911","39.90596","0.799821"
"D:\HAA\dACC revisions\Run 4\Br8667_dlPFC_20x_img_006-MaxIP-Stitched_unmixed_rotated.nd2","Layer 1","dACC_v17_ FISH-IF v2.4.4","1525","4114","4145","2426","2457","0","1","0","1","1","1","2708.343","0","502.81635","10","24.120201","2","44869.418","1860.2423","2","2.669793","0","3774.351","1413.7241","7","6.168143","1","5257.513","852.36566","0","0","0","0","0","121.797806","82.21122","39.58659","31.75313","0.630111"
"D:\HAA\dACC revisions\Run 4\Br8667_dlPFC_20x_img_006-MaxIP-Stitched_unmixed_rotated.nd2","Layer 1","dACC_v17_ FISH-IF v2.4.4","1526","4132","4148","2458","2477","0","0","0","0","1","1","1324.3684","0","273.80313","2","4.557061","0","6502.3735","1426.8788","0","0","0","0","0","1","0.552371","0","407.37363","737.5","1","0.414278","0","193.79016","467.77777","44.465866","38.343754","6.122112","10.298312","0.890593"
"D:\HAA\dACC revisions\Run 4\Br8667_dlPFC_20x_img_006-MaxIP-Stitched_unmixed_rotated.nd2","Layer 1","dACC_v17_ FISH-IF v2.4.4","1527","4147","4168","2461","2481","0","0","1","0","1","1","1675.1594","0","322.35965","3","4.326906","0","5159.6514","1192.4574","2","1.933299","0","1665.7668","861.619","1","0.782526","0","625.69824","799.58826","17","25.455097","3","26895.635","1056.5913","64.02901","51.324474","12.704534","15.876565","0.686105"
"D:\HAA\dACC revisions\Run 4\Br8667_dlPFC_20x_img_006-MaxIP-Stitched_unmixed_rotated.nd2","Layer 1","dACC_v17_ FISH-IF v2.4.4","1528","3961","3996","2477","2513","1","1","1","0","1","1","1441.2712","0","359.4163","3","3.222164","0","2503.0232","776.8143","19","24.120201","3","38936.816","1614.2825","30","30.012157","4","25536.25","843.10486","19","30.702621","3","17505.742","566.772","189.23311","111.34879","77.884315","39.476864","0.851922"
"D:\HAA\dACC revisions\Run 4\Br8667_dlPFC_20x_img_006-MaxIP-Stitched_unmixed_rotated.nd2","Layer 1","dACC_v17_ FISH-IF v2.4.4","1529","4103","4124","2494","2521","1","0","0","0","1","1","677.5748","0","209.62352","0","0","0","0","0","6","10.679173","1","11762.05","1101.4009","3","2.255515","0","1711.5676","758.83673","3","5.063401","0","3110.7234","563.1583","81.52075","66.14643","15.374327","18.88024","0.621421"
"D:\HAA\dACC revisions\Run 4\Br8667_dlPFC_20x_img_006-MaxIP-Stitched_unmixed_rotated.nd2","Layer 1","dACC_v17_ FISH-IF v2.4.4","1530","4173","4191","2525","2545","0","0","0","0","1","1","1293.953","0","215.38257","0","0","0","0","0","0","0","0","0","0","0","0","0","0","0","0","0","0","0","0","55.467255","48.60865","6.858607","10.727408","0.849913"
"D:\HAA\dACC revisions\Run 4\Br8667_dlPFC_20x_img_006-MaxIP-Stitched_unmixed_rotated.nd2","Layer 1","dACC_v17_ FISH-IF v2.4.4","1531","4123","4148","2528","2558","0","1","0","1","1","1","2962.944","0","476.2561","7","15.420358","1","23107.244","1498.4895","1","0.322216","0","198.1631","615","9","6.352267","1","5600.075","881.587","0","0","0","0","0","105.22668","77.28591","27.940767","24.458492","0.746272"
"D:\HAA\dACC revisions\Run 4\Br8667_dlPFC_20x_img_006-MaxIP-Stitched_unmixed_rotated.nd2","Layer 1","dACC_v17_ FISH-IF v2.4.4","1532","4264","4282","2532","2550","0","0","0","0","1","1","613.97394","0","134.95837","0","0","0","0","0","0","0","0","0","0","0","0","0","0","0","0","0","0","0","0","50.63401","45.340454","5.293556","9.44012","0.883547"
"D:\HAA\dACC revisions\Run 4\Br8667_dlPFC_20x_img_006-MaxIP-Stitched_unmixed_rotated.nd2","Layer 1","dACC_v17_ FISH-IF v2.4.4","1533","3886","3914","2552","2580","0","0","0","0","1","1","3299.4055","0","336.05005","0","0","0","0","0","0","0","0","0","0","0","0","0","0","0","0","0","0","0","0","111.76307","79.081116","32.68195","25.74578","0.879277"
"D:\HAA\dACC revisions\Run 4\Br8667_dlPFC_20x_img_006-MaxIP-Stitched_unmixed_rotated.nd2","Layer 1","dACC_v17_ FISH-IF v2.4.4","1534","4018","4038","2567","2587","0","0","0","0","1","1","949.3584","0","250.64865","0","0","0","0","0","3","3.958659","0","3915.4358","989.0814","1","0.644433","0","460.9536","715.2857","1","0.598402","0","290.08685","484.76923","59.057667","51.09432","7.963349","12.014698","0.768119"
"D:\HAA\dACC revisions\Run 4\Br8667_dlPFC_20x_img_006-MaxIP-Stitched_unmixed_rotated.nd2","Layer 1","dACC_v17_ FISH-IF v2.4.4","1535","4155","4172","2571","2589","0","0","0","0","1","1","2113.7847","0","414.6263","2","3.406288","0","3845.8372","1129.0405","0","0","0","0","0","0","0","0","0","0","1","0.368247","0","164.88275","447.75","41.335762","35.351746","5.984019","10.298312","0.79738"
"D:\HAA\dACC revisions\Run 4\Br8667_dlPFC_20x_img_006-MaxIP-Stitched_unmixed_rotated.nd2","Layer 1","dACC_v17_ FISH-IF v2.4.4","1536","4143","4158","2573","2586","0","0","0","0","1","1","2164.259","0","765.6574","3","5.385617","0","7132.675","1324.3932","0","0","0","0","0","0","0","0","0","0","0","0","0","0","0","26.283653","19.885357","6.398297","10.298312","0.789828"
"D:\HAA\dACC revisions\Run 4\Br8667_dlPFC_20x_img_006-MaxIP-Stitched_unmixed_rotated.nd2","Layer 1","dACC_v17_ FISH-IF v2.4.4","1537","4140","4168","2585","2609","1","0","1","1","1","1","2773.9465","0","434.17395","8","17.1235","1","28421.008","1659.7661","12","11.829946","2","23852.07","2016.2451","1","0.552371","0","383.62167","694.5","4","6.490359","1","3537.2458","545","92.33802","62.18777","30.150251","26.174877","0.723206"
"D:\HAA\dACC revisions\Run 4\Br8667_dlPFC_20x_img_006-MaxIP-Stitched_unmixed_rotated.nd2","Layer 1","dACC_v17_ FISH-IF v2.4.4","1538","4157","4191","2599","2634","1","0","1","0","1","1","1362.7382","0","427.67816","0","0","0","0","0","45","52.797462","4","117522.18","2223.9668","1","0.598402","0","427.12088","713.7692","9","15.374327","1","8725.528","567.53894","168.88744","105.410805","63.476635","37.116833","0.764078"
"D:\HAA\dACC revisions\Run 4\Br8667_dlPFC_20x_img_006-MaxIP-Stitched_unmixed_rotated.nd2","Layer 1","dACC_v17_ FISH-IF v2.4.4","1539","3933","3962","2616","2639","0","0","0","0","1","1","3560.9434","0","449.8187","0","0","0","0","0","2","3.360257","0","4599.087","1368.6713","0","0","0","0","0","3","5.707834","0","3158.1353","553.2984","92.24596","58.13705","34.10891","25.102137","0.867152"
"D:\HAA\dACC revisions\Run 4\Br8667_dlPFC_20x_img_006-MaxIP-Stitched_unmixed_rotated.nd2","Layer 1","dACC_v17_ FISH-IF v2.4.4","1540","3928","3956","2633","2654","0","0","0","0","1","1","3029.8113","0","466.8394","0","0","0","0","0","0","0","0","0","0","0","0","0","0","0","0","0","0","0","0","75.858955","50.72607","25.132881","23.171202","0.734286"
"D:\HAA\dACC revisions\Run 4\Br8667_dlPFC_20x_img_006-MaxIP-Stitched_unmixed_rotated.nd2","Layer 1","dACC_v17_ FISH-IF v2.4.4","1541","4195","4230","2668","2693","0","0","0","0","1","1","2366.5461","0","393.5","1","0.598402","0","450.9649","753.61536","0","0","0","0","0","0","0","0","0","0","1","0.552371","0","261.63974","473.66666","131.18811","90.2206","40.967518","28.534906","0.744445"
"D:\HAA\dACC revisions\Run 4\Br8667_dlPFC_20x_img_006-MaxIP-Stitched_unmixed_rotated.nd2","Layer 1","dACC_v17_ FISH-IF v2.4.4","1542","3997","4018","2755","2780","0","0","0","0","1","1","2881.2922","0","494.94287","1","2.48567","0","2792.4197","1123.4073","0","0","0","0","0","0","0","0","0","0","0","0","0","0","0","79.03509","53.994267","25.04082","21.883913","0.732032"
"D:\HAA\dACC revisions\Run 4\Br8667_dlPFC_20x_img_006-MaxIP-Stitched_unmixed_rotated.nd2","Layer 1","dACC_v17_ FISH-IF v2.4.4","1543","4108","4134","2757","2790","0","0","0","0","1","1","1876.2181","0","511.362","0","0","0","0","0","0","0","0","0","0","0","0","0","0","0","0","0","0","0","0","109.82977","71.20983","38.619938","29.17855","0.78578"
"D:\HAA\dACC revisions\Run 4\Br8667_dlPFC_20x_img_006-MaxIP-Stitched_unmixed_rotated.nd2","Layer 1","dACC_v17_ FISH-IF v2.4.4","1544","3979","3996","2759","2781","0","0","0","0","1","1","2782.6272","0","386.62024","1","1.565051","0","2093.21","1337.4706","0","0","0","0","0","0","0","0","0","0","0","0","0","0","0","59.19576","43.63731","15.55845","16.734756","0.748065"
"D:\HAA\dACC revisions\Run 4\Br8667_dlPFC_20x_img_006-MaxIP-Stitched_unmixed_rotated.nd2","Layer 1","dACC_v17_ FISH-IF v2.4.4","1545","5731","5752","3577","3605","0","0","1","0","1","1","2152.034","0","646.84125","0","0","0","0","0","0","0","0","0","0","0","0","0","0","0","7","14.269585","1","10033.083","703.1097","96.158585","60.898903","35.25968","25.316685","0.819809"
"D:\HAA\dACC revisions\Run 4\Br8667_dlPFC_20x_img_006-MaxIP-Stitched_unmixed_rotated.nd2","Layer 1","dACC_v17_ FISH-IF v2.4.4","1546","5752","5775","3579","3606","0","0","0","0","1","1","3336.6592","0","428.4149","0","0","0","0","0","0","0","0","0","0","0","0","0","0","0","3","5.01737","0","2987.2686","595.3853","92.84436","60.024315","32.820045","24.887589","0.793907"
"D:\HAA\dACC revisions\Run 4\Br8667_dlPFC_20x_img_006-MaxIP-Stitched_unmixed_rotated.nd2","Layer 1","dACC_v17_ FISH-IF v2.4.4","1547","5631","5669","3580","3613","0","1","1","0","1","1","1437.715","0","311.9073","0","0","0","0","0","0","0","0","0","0","31","29.367725","4","27375.46","899.7262","52","74.339935","4","82841.48","1114.3604","182.32846","106.7457","75.58276","38.61867","0.831978"
"D:\HAA\dACC revisions\Run 4\Br8667_dlPFC_20x_img_006-MaxIP-Stitched_unmixed_rotated.nd2","Layer 1","dACC_v17_ FISH-IF v2.4.4","1548","5561","5588","3587","3622","0","0","0","0","1","1","2394.0698","0","443.42456","0","0","0","0","0","0","0","0","0","0","0","0","0","0","0","0","0","0","0","0","141.1308","93.67292","47.457874","31.324034","0.777014"
"D:\HAA\dACC revisions\Run 4\Br8667_dlPFC_20x_img_006-MaxIP-Stitched_unmixed_rotated.nd2","Layer 1","dACC_v17_ FISH-IF v2.4.4","1549","5819","5839","3589","3612","1","0","1","0","1","1","523.6601","0","140.15974","0","0","0","0","0","8","12.060101","1","16074.917","1332.9008","2","1.841237","0","1700.6583","923.65","21","32.543858","3","30509.43","937.4866","69.27653","57.63071","11.645823","14.589275","0.775367"
"D:\HAA\dACC revisions\Run 4\Br8667_dlPFC_20x_img_006-MaxIP-Stitched_unmixed_rotated.nd2","Layer 1","dACC_v17_ FISH-IF v2.4.4","1550","5518","5552","3613","3642","0","1","1","0","1","1","2121.3208","0","376.8962","0","0","0","0","0","0","0","0","0","0","18","19.332985","3","18290.246","946.0643","19","45.15633","3","28228.184","625.1213","147.9894","94.91575","53.073647","32.182224","0.864761"
"D:\HAA\dACC revisions\Run 4\Br8667_dlPFC_20x_img_006-MaxIP-Stitched_unmixed_rotated.nd2","Layer 1","dACC_v17_ FISH-IF v2.4.4","1551","5716","5750","3613","3648","0","1","1","0","1","1","1226.5018","0","306.76175","0","0","0","0","0","0","0","0","0","0","9","9.206183","1","7860.4697","853.825","76","73.5574","4","121608.99","1653.2528","164.28435","101.82039","62.463955","36.47319","0.891338"
"D:\HAA\dACC revisions\Run 4\Br8667_dlPFC_20x_img_006-MaxIP-Stitched_unmixed_rotated.nd2","Layer 1","dACC_v17_ FISH-IF v2.4.4","1552","5817","5838","3623","3645","0","0","0","0","1","1","941.34247","0","193.68713","0","0","0","0","0","1","0.782526","0","553.61383","707.4706","0","0","0","0","0","1","3.49835","0","2017.2589","576.6316","64.81153","54.730762","10.08077","14.589275","0.774003"
"D:\HAA\dACC revisions\Run 4\Br8667_dlPFC_20x_img_006-MaxIP-Stitched_unmixed_rotated.nd2","Layer 1","dACC_v17_ FISH-IF v2.4.4","1553","5503","5541","3645","3678","1","0","0","1","1","1","1878.1165","0","350.66998","6","16.11082","1","20275.883","1258.5258","9","15.098141","1","14580.9375","965.7439","0","0","0","0","0","0","0","0","0","0","199.86624","120.785126","79.081116","43.767826","0.756818"
"D:\HAA\dACC revisions\Run 4\Br8667_dlPFC_20x_img_006-MaxIP-Stitched_unmixed_rotated.nd2","Layer 1","dACC_v17_ FISH-IF v2.4.4","1554","5833","5858","3662","3687","0","0","0","0","1","1","2894.0908","0","497.55847","0","0","0","0","0","0","0","0","0","0","0","0","0","0","0","0","0","0","0","0","85.80163","62.970295","22.831335","20.596624","0.897718"
"D:\HAA\dACC revisions\Run 4\Br8667_dlPFC_20x_img_006-MaxIP-Stitched_unmixed_rotated.nd2","Layer 1","dACC_v17_ FISH-IF v2.4.4","1555","5824","5851","3680","3707","0","0","0","0","1","1","2608.9639","0","457.11914","0","0","0","0","0","0","0","0","0","0","0","0","0","0","0","0","0","0","0","0","106.83776","73.78756","33.050198","24.887589","0.797273"
"D:\HAA\dACC revisions\Run 4\Br8667_dlPFC_20x_img_006-MaxIP-Stitched_unmixed_rotated.nd2","Layer 1","dACC_v17_ FISH-IF v2.4.4","1556","5576","5593","3680","3694","0","0","0","0","1","1","1738.8481","0","323.11856","0","0","0","0","0","0","0","0","0","0","0","0","0","0","0","2","2.393608","0","1230.5446","514.0961","30.426437","26.789993","3.636442","8.581926","0.757806"
"D:\HAA\dACC revisions\Run 4\Br8667_dlPFC_20x_img_006-MaxIP-Stitched_unmixed_rotated.nd2","Layer 1","dACC_v17_ FISH-IF v2.4.4","1557","5566","5590","3689","3713","0","0","0","0","1","1","2134.2405","0","286.1285","0","0","0","0","0","0","0","0","0","0","0","0","0","0","0","0","0","0","0","0","77.28591","59.1037","18.182213","22.956654","0.578915"
"D:\HAA\dACC revisions\Run 4\Br8667_dlPFC_20x_img_006-MaxIP-Stitched_unmixed_rotated.nd2","Layer 1","dACC_v17_ FISH-IF v2.4.4","1558","5857","5888","3688","3712","0","0","0","0","1","1","2069.9253","0","426.94397","0","0","0","0","0","1","0.920618","0","679.7386","738.35","0","0","0","0","0","0","0","0","0","0","106.83776","72.314575","34.52319","29.393099","0.62136"
"D:\HAA\dACC revisions\Run 4\Br8667_dlPFC_20x_img_006-MaxIP-Stitched_unmixed_rotated.nd2","Layer 1","dACC_v17_ FISH-IF v2.4.4","1559","5523","5543","3723","3745","0","1","0","0","1","1","681.1389","0","168.87378","0","0","0","0","0","0","0","0","0","0","15","10.03474","3","14094.759","1404.5963","1","0.782526","0","387.48825","495.17648","60.070347","51.784782","8.285565","12.87289","0.768394"
"D:\HAA\dACC revisions\Run 4\Br8667_dlPFC_20x_img_006-MaxIP-Stitched_unmixed_rotated.nd2","Layer 1","dACC_v17_ FISH-IF v2.4.4","1560","5796","5816","3745","3770","0","1","0","0","1","1","1710.6967","0","317.00946","0","0","0","0","0","0","0","0","0","0","8","8.883967","1","8739.062","983.68915","0","0","0","0","0","73.74153","58.413235","15.328296","17.59295","0.768495"
"D:\HAA\dACC revisions\Run 4\Br8667_dlPFC_20x_img_006-MaxIP-Stitched_unmixed_rotated.nd2","Layer 1","dACC_v17_ FISH-IF v2.4.4","1561","5774","5797","3746","3772","0","0","0","0","1","1","933.22174","0","271.3206","0","0","0","0","0","0","0","0","0","0","2","1.933299","0","1580.8398","817.6905","0","0","0","0","0","86.9524","66.19246","20.759943","21.883913","0.725697"
"D:\HAA\dACC revisions\Run 4\Br8667_dlPFC_20x_img_006-MaxIP-Stitched_unmixed_rotated.nd2","Layer 1","dACC_v17_ FISH-IF v2.4.4","1562","5643","5676","3759","3786","0","1","1","0","1","1","915.3305","0","198.1822","0","0","0","0","0","0","0","0","0","0","27","22.55515","3","23297.582","1032.9164","6","5.984019","1","2882.5022","481.7","125.43425","87.41271","38.021538","29.17855","0.718971"
"D:\HAA\dACC revisions\Run 4\Br8667_dlPFC_20x_img_006-MaxIP-Stitched_unmixed_rotated.nd2","Layer 1","dACC_v17_ FISH-IF v2.4.4","1563","5781","5814","3772","3806","0","1","0","0","1","1","1446.5117","0","330.76328","0","0","0","0","0","0","0","0","0","0","27","27.388395","3","23821.045","869.7496","1","1.565051","0","1052.7731","672.67645","163.50182","100.531525","62.970295","36.47319","0.814199"
"D:\HAA\dACC revisions\Run 4\Br8667_dlPFC_20x_img_006-MaxIP-Stitched_unmixed_rotated.nd2","Layer 1","dACC_v17_ FISH-IF v2.4.4","1564","5565","5600","3790","3821","0","1","1","0","1","1","1231.1067","0","253.93178","3","5.984019","0","6261.1714","1046.3154","0","0","0","0","0","36","24.99479","4","31288.32","1144.3165","59","79.3573","4","89672.32","1129.982","150.70523","98.506165","52.19906","33.469513","0.745181"
"D:\HAA\dACC revisions\Run 4\Br8667_dlPFC_20x_img_006-MaxIP-Stitched_unmixed_rotated.nd2","Layer 1","dACC_v17_ FISH-IF v2.4.4","1565","5832","5866","3796","3827","0","0","1","1","1","1","2427.5388","0","451.8934","6","8.285565","1","9832.895","1186.75","0","0","0","0","0","0","0","0","0","0","15","30.840715","3","20609.744","668.26416","144.53708","94.133224","50.403854","33.040417","0.799877"
"D:\HAA\dACC revisions\Run 4\Br8667_dlPFC_20x_img_006-MaxIP-Stitched_unmixed_rotated.nd2","Layer 1","dACC_v17_ FISH-IF v2.4.4","1566","5693","5717","3801","3830","0","0","1","0","1","1","1458.184","0","240.81242","0","0","0","0","0","0","0","0","0","0","0","0","0","0","0","9","20.023449","1","12888.611","632.05194","101.36008","75.58276","25.777313","23.38575","0.728647"
"D:\HAA\dACC revisions\Run 4\Br8667_dlPFC_20x_img_006-MaxIP-Stitched_unmixed_rotated.nd2","Layer 1","dACC_v17_ FISH-IF v2.4.4","1567","5810","5828","3804","3826","0","0","1","0","1","1","486.31598","0","185.80504","0","0","0","0","0","0","0","0","0","0","1","0.736495","0","495.89108","673.3125","8","14.177523","1","8443.267","595.53894","56.29581","43.913494","12.382317","17.163853","0.628768"
"D:\HAA\dACC revisions\Run 4\Br8667_dlPFC_20x_img_006-MaxIP-Stitched_unmixed_rotated.nd2","Layer 1","dACC_v17_ FISH-IF v2.4.4","1568","5784","5811","3806","3828","0","0","1","0","1","1","576.0673","0","308.58224","0","0","0","0","0","0","0","0","0","0","1","0.782526","0","535.89197","684.82355","22","43.22303","3","32995.375","763.3749","79.127144","45.61664","33.51051","29.17855","0.638082"
"D:\HAA\dACC revisions\Run 4\Br8667_dlPFC_20x_img_006-MaxIP-Stitched_unmixed_rotated.nd2","Layer 1","dACC_v17_ FISH-IF v2.4.4","1569","5780","5798","3821","3844","0","0","1","0","1","1","586.0669","0","282.00116","0","0","0","0","0","0","0","0","0","0","0","0","0","0","0","24","34.707314","3","36587.63","1054.1764","54.0403","39.58659","14.453708","17.807499","0.635941"
"D:\HAA\dACC revisions\Run 4\Br8667_dlPFC_20x_img_006-MaxIP-Stitched_unmixed_rotated.nd2","Layer 1","dACC_v17_ FISH-IF v2.4.4","1570","5796","5818","3826","3849","0","0","1","0","1","1","955.9319","0","325.93893","0","0","0","0","0","0","0","0","0","0","1","1.703144","0","1335.2649","784","19","41.335762","3","31452.19","760.8953","73.189156","54.27045","18.918707","19.738432","0.764129"
"D:\HAA\dACC revisions\Run 4\Br8667_dlPFC_20x_img_006-MaxIP-Stitched_unmixed_rotated.nd2","Layer 1","dACC_v17_ FISH-IF v2.4.4","1571","5751","5780","3834","3866","0","0","1","0","1","1","1501.2957","0","265.12036","0","0","0","0","0","0","0","0","0","0","1","0.920618","0","898.38544","975.85","8","18.320305","1","14413.846","786.76886","127.50564","87.96508","39.540558","30.036743","0.752521"
"D:\HAA\dACC revisions\Run 4\Br8667_dlPFC_20x_img_006-MaxIP-Stitched_unmixed_rotated.nd2","Layer 1","dACC_v17_ FISH-IF v2.4.4","1572","5504","5536","3849","3874","0","0","1","0","1","1","2107.7725","0","432.73956","0","0","0","0","0","0","0","0","0","0","1","0.598402","0","412.62115","689.53845","18","33.786694","3","27453.346","812.5491","111.21069","71.57808","39.63262","31.967678","0.675167"
"D:\HAA\dACC revisions\Run 4\Br8667_dlPFC_20x_img_006-MaxIP-Stitched_unmixed_rotated.nd2","Layer 1","dACC_v17_ FISH-IF v2.4.4","1573","5586","5612","3850","3879","0","0","1","0","1","1","2275.7424","0","382.2497","0","0","0","0","0","1","0.368247","0","251.92722","684.125","1","0.736495","0","509.28607","691.5","6","8.791905","1","6381.5425","725.84296","107.25204","76.68751","30.56453","25.316685","0.805023"
"D:\HAA\dACC revisions\Run 4\Br8667_dlPFC_20x_img_006-MaxIP-Stitched_unmixed_rotated.nd2","Layer 1","dACC_v17_ FISH-IF v2.4.4","1574","5492","5509","3856","3875","0","0","1","0","1","1","1630.0182","0","702.8126","0","0","0","0","0","0","0","0","0","0","0","0","0","0","0","16","25.270973","3","25977.18","1027.9453","46.26107","28.493137","17.767935","18.88024","0.742774"
"D:\HAA\dACC revisions\Run 4\Br8667_dlPFC_20x_img_006-MaxIP-Stitched_unmixed_rotated.nd2","Layer 1","dACC_v17_ FISH-IF v2.4.4","1575","5464","5492","3864","3893","0","0","0","0","1","1","2276.8635","0","325.09875","0","0","0","0","0","1","0.414278","0","258.69376","624.44446","1","1.196804","0","1011.5294","845.1923","0","0","0","0","0","112.31544","76.91766","35.397774","26.174877","0.923068"
"D:\HAA\dACC revisions\Run 4\Br8667_dlPFC_20x_img_006-MaxIP-Stitched_unmixed_rotated.nd2","Layer 1","dACC_v17_ FISH-IF v2.4.4","1576","5494","5519","3874","3898","0","0","1","0","1","1","2487.6372","0","434.798","0","0","0","0","0","0","0","0","0","0","0","0","0","0","0","18","27.940767","3","23993.57","851.71405","89.6222","59.932255","29.689941","24.67304","0.719385"
"D:\HAA\dACC revisions\Run 4\Br8667_dlPFC_20x_img_006-MaxIP-Stitched_unmixed_rotated.nd2","Layer 1","dACC_v17_ FISH-IF v2.4.4","1577","5573","5609","3879","3904","0","0","0","0","1","1","1882.0155","0","307.34875","0","0","0","0","0","0","0","0","0","0","0","0","0","0","0","1","1.611082","0","814.93134","505.82858","128.15007","89.6222","38.527878","30.46584","0.628492"
"D:\HAA\dACC revisions\Run 4\Br8667_dlPFC_20x_img_006-MaxIP-Stitched_unmixed_rotated.nd2","Layer 1","dACC_v17_ FISH-IF v2.4.4","1578","5861","5889","3910","3932","0","0","0","0","1","1","2136.7163","0","372.65213","0","0","0","0","0","0","0","0","0","0","0","0","0","0","0","0","0","0","0","0","89.392044","69.59875","19.793295","20.596624","0.687191"
"D:\HAA\dACC revisions\Run 4\Br8667_dlPFC_20x_img_006-MaxIP-Stitched_unmixed_rotated.nd2","Layer 1","dACC_v17_ FISH-IF v2.4.4","1579","5494","5529","3920","3953","1","1","1","0","1","1","861.358","0","356.38943","0","0","0","0","0","32","40.59927","4","67705.45","1643.4291","9","7.410978","1","5782.312","780.236","125","112.13132","4","199503.3","1779.1934","157.60986","102.83307","54.77679","36.902287","0.790689"
"D:\HAA\dACC revisions\Run 4\Br8667_dlPFC_20x_img_006-MaxIP-Stitched_unmixed_rotated.nd2","Layer 1","dACC_v17_ FISH-IF v2.4.4","1580","5686","5709","3942","3961","0","0","0","0","1","1","1311.838","0","292.01993","0","0","0","0","0","0","0","0","0","0","0","0","0","0","0","2","2.807886","0","1457.3389","519.0164","66.422615","48.516586","17.906027","18.665691","0.738968"
"D:\HAA\dACC revisions\Run 4\Br8667_dlPFC_20x_img_006-MaxIP-Stitched_unmixed_rotated.nd2","Layer 1","dACC_v17_ FISH-IF v2.4.4","1581","5552","5586","3946","3982","0","1","1","0","1","1","817.05493","0","241.03261","0","0","0","0","0","0","0","0","0","0","31","31.208961","4","29688.422","951.27875","190","127.183426","4","303861.28","2389.1577","173.12228","104.44415","68.67813","37.331383","0.873667"
"D:\HAA\dACC revisions\Run 4\Br8667_dlPFC_20x_img_006-MaxIP-Stitched_unmixed_rotated.nd2","Layer 1","dACC_v17_ FISH-IF v2.4.4","1582","5689","5710","3961","3979","0","0","0","0","1","1","1641.8973","0","250.26778","0","0","0","0","0","0","0","0","0","0","0","0","0","0","0","0","0","0","0","0","59.24179","44.005558","15.236234","16.949305","0.742137"
"D:\HAA\dACC revisions\Run 4\Br8667_dlPFC_20x_img_006-MaxIP-Stitched_unmixed_rotated.nd2","Layer 1","dACC_v17_ FISH-IF v2.4.4","1583","5212","5239","2764","2800","0","0","0","0","1","1","3000.6626","0","422.39517","0","0","0","0","0","0","0","0","0","0","0","0","0","0","0","0","0","0","0","0","139.7959","93.53482","46.26107","30.894936","0.716784"
"D:\HAA\dACC revisions\Run 4\Br8667_dlPFC_20x_img_006-MaxIP-Stitched_unmixed_rotated.nd2","Layer 1","dACC_v17_ FISH-IF v2.4.4","1584","5372","5405","2778","2809","0","0","0","1","1","1","2686.157","0","445.73114","14","33.280354","2","58146.07","1747.159","0","0","0","0","0","2","1.933299","0","1707.2407","883.0714","1","0.874587","0","427.07486","488.3158","144.7212","95.19194","49.529266","32.182224","0.738413"
"D:\HAA\dACC revisions\Run 4\Br8667_dlPFC_20x_img_006-MaxIP-Stitched_unmixed_rotated.nd2","Layer 1","dACC_v17_ FISH-IF v2.4.4","1585","5451","5472","2824","2844","0","1","0","0","1","1","1114.6322","0","220.52368","0","0","0","0","0","0","0","0","0","0","4","3.958659","1","4033.045","1018.7907","1","1.288866","0","710.11896","550.9643","58.551327","50.541946","8.009379","12.014698","0.863026"
"D:\HAA\dACC revisions\Run 4\Br8667_dlPFC_20x_img_006-MaxIP-Stitched_unmixed_rotated.nd2","Layer 1","dACC_v17_ FISH-IF v2.4.4","1586","5178","5203","2831","2857","0","0","0","0","1","1","3217.2688","0","532.66595","0","0","0","0","0","0","0","0","0","0","0","0","0","0","0","0","0","0","0","0","99.33472","64.903595","34.431126","27.03307","0.734308"
"D:\HAA\dACC revisions\Run 4\Br8667_dlPFC_20x_img_006-MaxIP-Stitched_unmixed_rotated.nd2","Layer 1","dACC_v17_ FISH-IF v2.4.4","1587","5335","5356","2831","2850","0","0","1","0","1","1","835.5655","0","209.86996","3","3.866597","0","4167.9614","1077.9404","0","0","0","0","0","3","2.48567","0","2276.9653","916.03705","7","11.645823","1","10650.634","914.5455","57.998955","50.265762","7.733194","12.014698","0.800779"
"D:\HAA\dACC revisions\Run 4\Br8667_dlPFC_20x_img_006-MaxIP-Stitched_unmixed_rotated.nd2","Layer 1","dACC_v17_ FISH-IF v2.4.4","1588","5202","5224","2833","2860","0","0","0","0","1","1","3458.2026","0","486.99133","0","0","0","0","0","0","0","0","0","0","2","1.104742","0","763.83704","691.4167","0","0","0","0","0","86.40003","58.459267","27.940767","24.458492","0.74087"
"D:\HAA\dACC revisions\Run 4\Br8667_dlPFC_20x_img_006-MaxIP-Stitched_unmixed_rotated.nd2","Layer 1","dACC_v17_ FISH-IF v2.4.4","1589","5236","5254","2844","2863","0","0","0","0","1","1","356.84616","0","170.77997","1","0.50634","0","406.3149","802.4545","0","0","0","0","0","0","0","0","0","0","0","0","0","0","0","52.843494","46.859474","5.984019","9.869216","0.874857"
"D:\HAA\dACC revisions\Run 4\Br8667_dlPFC_20x_img_006-MaxIP-Stitched_unmixed_rotated.nd2","Layer 1","dACC_v17_ FISH-IF v2.4.4","1590","5434","5454","2853","2876","0","1","0","0","1","1","440.34958","0","203.7872","0","0","0","0","0","1","0.50634","0","342.42398","676.2727","7","4.833246","1","5102.021","1055.6095","2","1.703144","0","878.13184","515.5946","68.86225","57.538647","11.323606","15.018372","0.73698"
"D:\HAA\dACC revisions\Run 4\Br8667_dlPFC_20x_img_006-MaxIP-Stitched_unmixed_rotated.nd2","Layer 1","dACC_v17_ FISH-IF v2.4.4","1591","5456","5489","2856","2887","1","1","0","0","1","1","2186.0957","0","360.512","3","8.515719","0","12534.219","1471.8918","14","17.859997","2","27289.844","1527.987","58","37.100918","4","54891.684","1479.5236","1","0.782526","0","362.9538","463.82352","150.79729","95.92843","54.868855","32.61132","0.882631"
"D:\HAA\dACC revisions\Run 4\Br8667_dlPFC_20x_img_006-MaxIP-Stitched_unmixed_rotated.nd2","Layer 1","dACC_v17_ FISH-IF v2.4.4","1592","5364","5390","2857","2881","0","1","0","0","1","1","1900.175","0","418.0788","0","0","0","0","0","3","3.084071","0","2742.614","889.28357","5","4.833246","1","4306.6987","891.0571","1","0.322216","0","153.42105","476.14285","85.847664","61.911583","23.936077","24.458492","0.662435"
"D:\HAA\dACC revisions\Run 4\Br8667_dlPFC_20x_img_006-MaxIP-Stitched_unmixed_rotated.nd2","Layer 1","dACC_v17_ FISH-IF v2.4.4","1593","5342","5365","2859","2880","1","1","0","0","1","1","1949.2966","0","292.45502","2","2.623762","0","2473.287","942.6491","7","11.691853","1","16751.25","1432.7284","7","6.674483","1","5787.8813","867.1655","2","1.058711","0","483.18655","456.3913","73.97169","54.730762","19.240923","20.596624","0.678773"
"D:\HAA\dACC revisions\Run 4\Br8667_dlPFC_20x_img_006-MaxIP-Stitched_unmixed_rotated.nd2","Layer 1","dACC_v17_ FISH-IF v2.4.4","1594","5406","5434","2863","2891","0","0","0","0","1","1","2299.761","0","475.4327","0","0","0","0","0","1","0.368247","0","218.32465","592.875","3","3.222164","0","2918.084","905.6286","1","0.828557","0","453.7728","547.6667","120.18672","71.486015","48.70071","31.109486","0.754427"
"D:\HAA\dACC revisions\Run 4\Br8667_dlPFC_20x_img_006-MaxIP-Stitched_unmixed_rotated.nd2","Layer 1","dACC_v17_ FISH-IF v2.4.4","1595","5259","5287","2878","2908","1","0","0","0","1","1","3508.7012","0","452.5206","1","3.774535","0","6293.347","1667.317","5","5.615772","1","5782.8184","1029.7458","3","2.5317","0","2170.3118","857.2545","1","0.414278","0","185.73476","448.33334","113.144","77.10178","36.04221","27.03307","0.824679"
"D:\HAA\dACC revisions\Run 4\Br8667_dlPFC_20x_img_006-MaxIP-Stitched_unmixed_rotated.nd2","Layer 1","dACC_v17_ FISH-IF v2.4.4","1596","5411","5429","2890","2908","0","1","0","0","1","1","2020.6989","0","554.8972","0","0","0","0","0","0","0","0","0","0","16","13.210874","3","16864.945","1276.5958","0","0","0","0","0","45.1103","24.626541","20.483759","18.88024","0.798317"
"D:\HAA\dACC revisions\Run 4\Br8667_dlPFC_20x_img_006-MaxIP-Stitched_unmixed_rotated.nd2","Layer 1","dACC_v17_ FISH-IF v2.4.4","1597","5424","5448","2887","2910","0","1","1","0","1","1","1680.3218","0","558.48254","0","0","0","0","0","0","0","0","0","0","63","28.401075","4","63525.703","2236.7358","4","3.268195","1","1999.3989","542.95","76.50339","48.746742","27.756643","25.102137","0.745457"
"D:\HAA\dACC revisions\Run 4\Br8667_dlPFC_20x_img_006-MaxIP-Stitched_unmixed_rotated.nd2","Layer 1","dACC_v17_ FISH-IF v2.4.4","1598","5280","5314","2889","2918","0","1","0","1","1","1","2516.8132","0","400.1489","16","34.937466","3","61718.62","1766.5454","2","2.623762","0","3005.773","1145.5964","4","3.774535","1","3626.914","905.6667","1","1.611082","0","1004.02637","623.2","143.98471","91.50946","52.475246","31.75313","0.834229"
"D:\HAA\dACC revisions\Run 4\Br8667_dlPFC_20x_img_006-MaxIP-Stitched_unmixed_rotated.nd2","Layer 1","dACC_v17_ FISH-IF v2.4.4","1599","5451","5483","2894","2922","0","0","0","0","1","1","2261.145","0","506.1328","0","0","0","0","0","0","0","0","0","0","0","0","0","0","0","2","1.426958","0","1198.7372","840.0645","128.84055","82.487404","46.353134","31.75313","0.781514"
"D:\HAA\dACC revisions\Run 4\Br8667_dlPFC_20x_img_006-MaxIP-Stitched_unmixed_rotated.nd2","Layer 1","dACC_v17_ FISH-IF v2.4.4","1600","5365","5396","2898","2927","0","1","1","0","1","1","1969.559","0","324.9927","0","0","0","0","0","0","0","0","0","0","46","27.848705","4","45936.645","1649.5074","20","28.53917","3","25468.676","885.272","123.96126","88.47142","35.489838","30.251291","0.656133"
"D:\HAA\dACC revisions\Run 4\Br8667_dlPFC_20x_img_006-MaxIP-Stitched_unmixed_rotated.nd2","Layer 1","dACC_v17_ FISH-IF v2.4.4","1601","5409","5445","2909","2938","0","1","1","0","1","1","2159.1711","0","361.48682","0","0","0","0","0","1","0.414278","0","290.40906","701","66","38.20566","4","64372.72","1684.9","30","54.730762","4","45486.188","831.08997","146.28625","92.47611","53.810143","34.542255","0.740993"
"D:\HAA\dACC revisions\Run 4\Br8667_dlPFC_20x_img_006-MaxIP-Stitched_unmixed_rotated.nd2","Layer 1","dACC_v17_ FISH-IF v2.4.4","1602","5313","5350","2912","2948","1","1","1","0","1","1","2978.7156","0","688.07605","0","0","0","0","0","18","27.250303","3","32659.764","1198.5101","50","37.423138","4","48331.68","1288.3228","8","8.929998","1","6165.197","690.3917","174.22702","106.56158","67.66545","39.90596","0.779179"
"D:\HAA\dACC revisions\Run 4\Br8667_dlPFC_20x_img_006-MaxIP-Stitched_unmixed_rotated.nd2","Layer 1","dACC_v17_ FISH-IF v2.4.4","1603","5350","5367","2914","2933","0","0","0","0","1","1","865.30255","0","231.07408","0","0","0","0","0","0","0","0","0","0","0","0","0","0","0","0","0","0","0","0","50.21973","44.74205","5.477679","9.869216","0.770178"
"D:\HAA\dACC revisions\Run 4\Br8667_dlPFC_20x_img_006-MaxIP-Stitched_unmixed_rotated.nd2","Layer 1","dACC_v17_ FISH-IF v2.4.4","1604","5174","5202","2940","2964","0","1","0","1","1","1","3224.1145","0","705.8394","11","23.844015","2","49526.504","2077.1042","0","0","0","0","0","7","5.431648","1","6377.4917","1108.384","2","2.02536","0","1242.2823","613.36365","88.42539","59.057667","29.367725","24.458492","0.75964"
"D:\HAA\dACC revisions\Run 4\Br8667_dlPFC_20x_img_006-MaxIP-Stitched_unmixed_rotated.nd2","Layer 1","dACC_v17_ FISH-IF v2.4.4","1605","5324","5340","2949","2963","0","0","0","0","1","1","370.45456","0","205.5673","0","0","0","0","0","2","2.669793","0","3650.574","1367.362","1","0.736495","0","572.0262","776.6875","1","3.406288","0","2302.6045","675.9865","34.52319","33.51051","1.01268","4.076415","0.61201"
"D:\HAA\dACC revisions\Run 4\Br8667_dlPFC_20x_img_006-MaxIP-Stitched_unmixed_rotated.nd2","Layer 1","dACC_v17_ FISH-IF v2.4.4","1606","5185","5216","2949","2979","1","1","0","1","1","1","2536.4473","0","592.053","4","8.883967","1","9980.056","1123.3783","10","16.018759","2","24173.045","1509.046","24","17.998089","3","22964.457","1275.9386","1","1.058711","0","565.4898","534.13043","117.42487","72.95901","44.465866","29.822195","0.846051"
"D:\HAA\dACC revisions\Run 4\Br8667_dlPFC_20x_img_006-MaxIP-Stitched_unmixed_rotated.nd2","Layer 1","dACC_v17_ FISH-IF v2.4.4","1607","5400","5419","2960","2979","0","0","0","0","1","1","1001.8","0","262.28955","0","0","0","0","0","0","0","0","0","0","2","1.426958","0","1263.2264","885.25806","2","2.761855","0","1964.7377","618.5942","52.01494","46.26107","5.753865","9.869216","0.871497"
"D:\HAA\dACC revisions\Run 4\Br8667_dlPFC_20x_img_006-MaxIP-Stitched_unmixed_rotated.nd2","Layer 1","dACC_v17_ FISH-IF v2.4.4","1608","5347","5379","2964","2996","0","0","0","0","1","1","2203.7937","0","581.7607","0","0","0","0","0","0","0","0","0","0","0","0","0","0","0","1","1.01268","0","551.72656","544.8182","150.93538","95.79034","55.14504","32.61132","0.899367"
"D:\HAA\dACC revisions\Run 4\Br8667_dlPFC_20x_img_006-MaxIP-Stitched_unmixed_rotated.nd2","Layer 1","dACC_v17_ FISH-IF v2.4.4","1609","5411","5447","2973","3007","0","1","0","0","1","1","1898.849","0","348.92398","0","0","0","0","0","2","1.242835","0","899.9044","724.0741","84","48.19437","4","84985.13","1763.383","2","0.782526","0","351.03177","448.58823","168.74934","102.92513","65.82421","37.331383","0.898036"
"D:\HAA\dACC revisions\Run 4\Br8667_dlPFC_20x_img_006-MaxIP-Stitched_unmixed_rotated.nd2","Layer 1","dACC_v17_ FISH-IF v2.4.4","1610","5087","5112","2993","3015","1","1","0","0","1","1","3094.1982","0","498.78073","0","0","0","0","0","4","6.444328","1","7180.9614","1114.3071","7","6.720514","1","6910.76","987.7171","1","0.368247","0","160.786","436.625","77.47003","62.14174","15.328296","17.378403","0.800826"
"D:\HAA\dACC revisions\Run 4\Br8667_dlPFC_20x_img_006-MaxIP-Stitched_unmixed_rotated.nd2","Layer 1","dACC_v17_ FISH-IF v2.4.4","1611","5119","5144","3008","3035","0","1","0","0","1","1","2217.929","0","294.76147","0","0","0","0","0","2","1.334897","0","999.5614","748.7931","34","20.207573","4","33497.94","1606.4614","2","1.565051","0","926.4643","591.9706","81.56679","51.14035","30.426437","26.389425","0.758678"
"D:\HAA\dACC revisions\Run 4\Br8667_dlPFC_20x_img_006-MaxIP-Stitched_unmixed_rotated.nd2","Layer 1","dACC_v17_ FISH-IF v2.4.4","1612","5222","5255","3009","3036","0","1","1","0","1","1","2382.6252","0","455.79974","0","0","0","0","0","1","0.414278","0","274.3903","662.3333","50","33.23432","4","47655.945","1433.9376","7","10.633142","1","5784.245","543.98267","127.689766","76.0891","51.60066","33.469513","0.736491"
"D:\HAA\dACC revisions\Run 4\Br8667_dlPFC_20x_img_006-MaxIP-Stitched_unmixed_rotated.nd2","Layer 1","dACC_v17_ FISH-IF v2.4.4","1613","5267","5296","3009","3045","0","0","0","0","1","1","2664.821","0","372.4098","0","0","0","0","0","0","0","0","0","0","0","0","0","0","0","0","0","0","0","0","151.76393","97.72364","54.0403","33.469513","0.773157"
"D:\HAA\dACC revisions\Run 4\Br8667_dlPFC_20x_img_006-MaxIP-Stitched_unmixed_rotated.nd2","Layer 1","dACC_v17_ FISH-IF v2.4.4","1614","5127","5153","3016","3042","0","1","1","0","1","1","1967.4636","0","345.50424","0","0","0","0","0","0","0","0","0","0","51","23.844015","4","49958.367","2095.2163","5","3.866597","1","2101.6335","543.5357","76.13514","48.930866","27.204271","25.316685","0.720329"
"D:\HAA\dACC revisions\Run 4\Br8667_dlPFC_20x_img_006-MaxIP-Stitched_unmixed_rotated.nd2","Layer 1","dACC_v17_ FISH-IF v2.4.4","1615","5241","5258","3033","3050","0","0","0","0","1","1","2617.7832","0","530.4681","0","0","0","0","0","0","0","0","0","0","0","0","0","0","0","0","0","0","0","0","41.335762","28.815355","12.52041","15.018372","0.734449"
"D:\HAA\dACC revisions\Run 4\Br8667_dlPFC_20x_img_006-MaxIP-Stitched_unmixed_rotated.nd2","Layer 1","dACC_v17_ FISH-IF v2.4.4","1616","5218","5248","3035","3060","0","0","0","0","1","1","3355.804","0","431.57565","0","0","0","0","0","0","0","0","0","0","2","2.439639","0","2391.9966","980.4717","2","3.038041","0","1780.0156","495.76923","107.298065","66.928955","40.369114","27.891262","0.80833"
"D:\HAA\dACC revisions\Run 4\Br8667_dlPFC_20x_img_006-MaxIP-Stitched_unmixed_rotated.nd2","Layer 1","dACC_v17_ FISH-IF v2.4.4","1617","5113","5138","3047","3075","0","0","0","1","1","1","3808.6655","0","370.38596","4","6.720514","1","10324.505","1536.2671","0","0","0","0","0","0","0","0","0","0","0","0","0","0","0","102.46482","74.66215","27.802673","23.600298","0.870705"
"D:\HAA\dACC revisions\Run 4\Br8667_dlPFC_20x_img_006-MaxIP-Stitched_unmixed_rotated.nd2","Layer 1","dACC_v17_ FISH-IF v2.4.4","1618","5386","5404","3047","3065","0","0","0","0","1","1","376.31033","0","162.24522","0","0","0","0","0","1","1.565051","0","1970.3534","1258.9706","0","0","0","0","0","1","0.322216","0","182.9729","567.8571","47.365814","43.361126","4.00469","8.367378","0.760277"
"D:\HAA\dACC revisions\Run 4\Br8667_dlPFC_20x_img_006-MaxIP-Stitched_unmixed_rotated.nd2","Layer 1","dACC_v17_ FISH-IF v2.4.4","1619","5374","5394","3063","3083","0","0","0","1","1","1","1856.2205","0","189.35403","5","11.553761","1","21151.896","1830.737","0","0","0","0","0","2","1.51902","0","1715.0199","1129.0303","0","0","0","0","0","60.438595","51.876842","8.56175","12.443794","0.797334"
"D:\HAA\dACC revisions\Run 4\Br8667_dlPFC_20x_img_006-MaxIP-Stitched_unmixed_rotated.nd2","Layer 1","dACC_v17_ FISH-IF v2.4.4","1620","5434","5475","3063","3092","0","1","0","0","1","1","2090.6057","0","374.48413","0","0","0","0","0","0","0","0","0","0","12","13.302936","2","10530.3545","791.5813","0","0","0","0","0","170.82074","105.917145","64.903595","37.331383","0.734993"
"D:\HAA\dACC revisions\Run 4\Br8667_dlPFC_20x_img_006-MaxIP-Stitched_unmixed_rotated.nd2","Layer 1","dACC_v17_ FISH-IF v2.4.4","1621","5203","5240","3091","3123","0","0","0","0","1","1","2150.7407","0","417.65082","0","0","0","0","0","0","0","0","0","0","1","0.644433","0","643.236","873.375","0","0","0","0","0","168.61125","103.61559","64.99566","36.47319","0.807262"
"D:\HAA\dACC revisions\Run 4\Br8667_dlPFC_20x_img_006-MaxIP-Stitched_unmixed_rotated.nd2","Layer 1","dACC_v17_ FISH-IF v2.4.4","1622","5449","5475","3103","3130","0","1","0","0","1","1","1839.3802","0","378.6634","1","0.782526","0","603.78754","771.58826","0","0","0","0","0","24","18.826645","3","23108.947","1227.4597","1","0.598402","0","274.20618","458.23077","102.18864","75.07642","27.112211","23.171202","0.79428"
"D:\HAA\dACC revisions\Run 4\Br8667_dlPFC_20x_img_006-MaxIP-Stitched_unmixed_rotated.nd2","Layer 1","dACC_v17_ FISH-IF v2.4.4","1623","5266","5291","3109","3136","0","0","0","0","1","1","3621.7637","0","461.40857","2","5.339586","0","7332.725","1373.2759","0","0","0","0","0","1","0.598402","0","640.152","772.6111","0","0","0","0","0","98.92044","73.005035","25.915407","22.31301","0.869292"
"D:\HAA\dACC revisions\Run 4\Br8667_dlPFC_20x_img_006-MaxIP-Stitched_unmixed_rotated.nd2","Layer 1","dACC_v17_ FISH-IF v2.4.4","1624","5140","5158","3134","3153","0","0","0","0","1","1","694.54333","0","223.68024","0","0","0","0","0","0","0","0","0","0","0","0","0","0","0","0","0","0","0","0","52.19906","46.353134","5.845926","9.869216","0.893863"
"D:\HAA\dACC revisions\Run 4\Br8667_dlPFC_20x_img_006-MaxIP-Stitched_unmixed_rotated.nd2","Layer 1","dACC_v17_ FISH-IF v2.4.4","1625","5315","5337","3138","3161","0","0","0","0","1","1","1929.9241","0","316.0477","0","0","0","0","0","0","0","0","0","0","0","0","0","0","0","0","0","0","0","0","73.78756","59.84019","13.947368","16.30566","0.827602"
"D:\HAA\dACC revisions\Run 4\Br8667_dlPFC_20x_img_006-MaxIP-Stitched_unmixed_rotated.nd2","Layer 1","dACC_v17_ FISH-IF v2.4.4","1626","5187","5207","3157","3177","0","0","0","0","1","1","453.14102","0","166.71053","3","4.557061","0","4141.033","899.62","1","1.51902","0","1792.9503","1180.3334","0","0","0","0","0","0","0","0","0","0","56.15772","48.976894","7.180823","11.585601","0.872409"
"D:\HAA\dACC revisions\Run 4\Br8667_dlPFC_20x_img_006-MaxIP-Stitched_unmixed_rotated.nd2","Layer 1","dACC_v17_ FISH-IF v2.4.4","1627","5369","5397","3163","3195","0","0","0","0","1","1","3240.972","0","498.97937","0","0","0","0","0","0","0","0","0","0","0","0","0","0","0","1","0.782526","0","379.3408","484.7647","129.6691","87.044464","42.62463","29.17855","0.831563"
"D:\HAA\dACC revisions\Run 4\Br8667_dlPFC_20x_img_006-MaxIP-Stitched_unmixed_rotated.nd2","Layer 1","dACC_v17_ FISH-IF v2.4.4","1628","4707","4741","3167","3196","1","0","0","1","1","1","2338.7615","0","438.62405","10","25.915407","2","37558.605","1449.2771","4","4.695154","1","7799.0645","1661.0883","0","0","0","0","0","1","0.874587","0","455.7061","521.0526","146.28625","96.11256","50.1737","32.182224","0.76438"
"D:\HAA\dACC revisions\Run 4\Br8667_dlPFC_20x_img_006-MaxIP-Stitched_unmixed_rotated.nd2","Layer 1","dACC_v17_ FISH-IF v2.4.4","1629","4848","4878","3182","3210","0","1","1","0","1","1","2954.3333","0","572.6871","0","0","0","0","0","2","3.958659","0","4954.584","1251.5814","17","10.08077","3","16130.431","1600.1188","4","2.807886","1","1311.697","467.14755","114.709045","69.27653","45.432514","30.680387","0.839765"
"D:\HAA\dACC revisions\Run 4\Br8667_dlPFC_20x_img_006-MaxIP-Stitched_unmixed_rotated.nd2","Layer 1","dACC_v17_ FISH-IF v2.4.4","1630","4892","4923","3178","3200","0","0","1","0","1","1","1896.8041","0","275.8619","0","0","0","0","0","0","0","0","0","0","0","0","0","0","0","24","34.937466","3","39401.914","1127.7839","92.66024","74.339935","18.320305","22.956654","0.553502"
"D:\HAA\dACC revisions\Run 4\Br8667_dlPFC_20x_img_006-MaxIP-Stitched_unmixed_rotated.nd2","Layer 1","dACC_v17_ FISH-IF v2.4.4","1631","4741","4773","3190","3215","1","1","1","0","1","1","2987.0854","0","486.37366","0","0","0","0","0","12","16.294945","2","25279.535","1551.3729","5","4.879277","1","4477.5654","917.6698","6","4.741185","1","2243.2246","473.13593","109.2774","68.86225","40.415146","30.680387","0.72907"
"D:\HAA\dACC revisions\Run 4\Br8667_dlPFC_20x_img_006-MaxIP-Stitched_unmixed_rotated.nd2","Layer 1","dACC_v17_ FISH-IF v2.4.4","1632","5033","5068","3192","3224","0","1","1","0","1","1","2206.2488","0","337.78088","0","0","0","0","0","1","0.460309","0","300.48984","652.8","66","41.013546","4","66017.73","1588.2657","6","4.51103","1","2109.0906","467.5408","157.19559","98.73632","58.459267","35.1859","0.852215"
"D:\HAA\dACC revisions\Run 4\Br8667_dlPFC_20x_img_006-MaxIP-Stitched_unmixed_rotated.nd2","Layer 1","dACC_v17_ FISH-IF v2.4.4","1633","4750","4779","3208","3235","1","1","1","0","1","1","3098.2578","0","414.0392","0","0","0","0","0","10","12.01407","2","21618.467","1799.4291","4","3.636442","1","3323.34","913.89874","7","9.712523","1","5688.317","585.6683","97.76967","56.341843","41.427826","28.964003","0.787871"
"D:\HAA\dACC revisions\Run 4\Br8667_dlPFC_20x_img_006-MaxIP-Stitched_unmixed_rotated.nd2","Layer 1","dACC_v17_ FISH-IF v2.4.4","1634","4728","4743","3219","3241","0","0","0","1","1","1","1262.4275","0","375.38242","5","6.628452","1","7264.553","1095.9653","0","0","0","0","0","0","0","0","0","0","0","0","0","0","0","51.048286","45.018238","6.03005","11.800149","0.572054"
"D:\HAA\dACC revisions\Run 4\Br8667_dlPFC_20x_img_006-MaxIP-Stitched_unmixed_rotated.nd2","Layer 1","dACC_v17_ FISH-IF v2.4.4","1635","4869","4896","3222","3254","0","0","0","0","1","1","1730.3636","0","315.35733","1","0.598402","0","456.07434","762.1539","0","0","0","0","0","0","0","0","0","0","0","0","0","0","0","111.0726","83.73024","27.342365","28.10581","0.599288"
"D:\HAA\dACC revisions\Run 4\Br8667_dlPFC_20x_img_006-MaxIP-Stitched_unmixed_rotated.nd2","Layer 1","dACC_v17_ FISH-IF v2.4.4","1636","4743","4766","3223","3247","0","0","0","1","1","1","2643.8718","0","423.61856","4","9.666492","1","11737.792","1214.2762","0","0","0","0","0","1","0.828557","0","607.8843","733.6667","0","0","0","0","0","72.72885","52.61334","20.11551","20.167528","0.823369"
"D:\HAA\dACC revisions\Run 4\Br8667_dlPFC_20x_img_006-MaxIP-Stitched_unmixed_rotated.nd2","Layer 1","dACC_v17_ FISH-IF v2.4.4","1637","4980","5012","3234","3270","0","1","0","1","1","1","2271.0718","0","351.87384","11","19.379017","2","22475.47","1159.7838","0","0","0","0","0","4","3.406288","1","2643.3254","776.0135","0","0","0","0","0","167.59857","102.8791","64.71947","36.47319","0.850711"
"D:\HAA\dACC revisions\Run 4\Br8667_dlPFC_20x_img_006-MaxIP-Stitched_unmixed_rotated.nd2","Layer 1","dACC_v17_ FISH-IF v2.4.4","1638","4897","4917","3246","3268","1","0","0","0","1","1","1596.343","0","251.15233","0","0","0","0","0","6","9.666492","1","16707.75","1728.4191","1","1.242835","0","1161.5902","934.62964","1","1.472989","0","888.9491","603.5","63.016327","53.487926","9.528399","13.731083","0.802748"
"D:\HAA\dACC revisions\Run 4\Br8667_dlPFC_20x_img_006-MaxIP-Stitched_unmixed_rotated.nd2","Layer 1","dACC_v17_ FISH-IF v2.4.4","1639","5028","5052","3246","3274","1","1","0","0","1","1","1195.2593","0","225.8792","0","0","0","0","0","4","5.063401","1","4897.0454","967.14545","18","13.579121","3","17311.906","1274.8915","0","0","0","0","0","100.025185","73.92565","26.09953","22.742105","0.807186"
"D:\HAA\dACC revisions\Run 4\Br8667_dlPFC_20x_img_006-MaxIP-Stitched_unmixed_rotated.nd2","Layer 1","dACC_v17_ FISH-IF v2.4.4","1640","4874","4907","3284","3313","0","1","0","0","1","1","2378.7798","0","373.33963","1","0.552371","0","393.97864","713.25","0","0","0","0","0","72","40.921486","4","70534.6","1723.6569","3","5.615772","0","3789.7253","633.3077","140.16414","92.70627","47.457874","30.680387","0.778335"
"D:\HAA\dACC revisions\Run 4\Br8667_dlPFC_20x_img_006-MaxIP-Stitched_unmixed_rotated.nd2","Layer 1","dACC_v17_ FISH-IF v2.4.4","1641","4849","4872","3317","3339","0","0","0","0","1","1","1351.0558","0","302.6232","1","0.50634","0","422.2416","833.9091","0","0","0","0","0","1","0.644433","0","469.00903","727.7857","0","0","0","0","0","73.5574","60.346535","13.210874","16.734756","0.693272"
"D:\HAA\dACC revisions\Run 4\Br8667_dlPFC_20x_img_006-MaxIP-Stitched_unmixed_rotated.nd2","Layer 1","dACC_v17_ FISH-IF v2.4.4","1642","4694","4721","3359","3380","1","1","0","0","1","1","481.72464","0","131.96628","0","0","0","0","0","6","11.783915","1","14165.463","1202.1016","14","12.566441","2","13462.202","1071.2821","2","2.393608","0","1288.2213","538.1923","76.871635","64.1671","12.704534","18.451143","0.593642"
"D:\HAA\dACC revisions\Run 4\Br8667_dlPFC_20x_img_006-MaxIP-Stitched_unmixed_rotated.nd2","Layer 1","dACC_v17_ FISH-IF v2.4.4","1643","4955","4976","3359","3378","0","0","0","0","1","1","791.1193","0","224.1093","0","0","0","0","0","0","0","0","0","0","0","0","0","0","0","0","0","0","0","0","59.057667","50.956226","8.101441","12.014698","0.827148"
"D:\HAA\dACC revisions\Run 4\Br8667_dlPFC_20x_img_006-MaxIP-Stitched_unmixed_rotated.nd2","Layer 1","dACC_v17_ FISH-IF v2.4.4","1644","4879","4908","3366","3396","0","0","0","0","1","1","2554.727","0","451.19437","0","0","0","0","0","0","0","0","0","0","2","1.657113","0","1317.3589","794.9722","0","0","0","0","0","124.74379","84.78895","39.954838","28.320358","0.892392"
"D:\HAA\dACC revisions\Run 4\Br8667_dlPFC_20x_img_006-MaxIP-Stitched_unmixed_rotated.nd2","Layer 1","dACC_v17_ FISH-IF v2.4.4","1645","4944","4979","3381","3409","1","1","0","0","1","1","1440.8541","0","308.44992","0","0","0","0","0","13","16.06479","2","19777.92","1231.1346","20","13.302936","3","16869.135","1268.0762","0","0","0","0","0","129.02466","90.542816","38.481846","31.324034","0.62544"
"D:\HAA\dACC revisions\Run 4\Br8667_dlPFC_20x_img_006-MaxIP-Stitched_unmixed_rotated.nd2","Layer 1","dACC_v17_ FISH-IF v2.4.4","1646","4951","4971","3405","3424","0","0","0","0","1","1","1004.36804","0","190.73653","0","0","0","0","0","1","0.460309","0","518.9526","1127.4","1","1.104742","0","976.13165","883.5833","0","0","0","0","0","52.75143","46.12298","6.628452","11.156505","0.825805"
"D:\HAA\dACC revisions\Run 4\Br8667_dlPFC_20x_img_006-MaxIP-Stitched_unmixed_rotated.nd2","Layer 1","dACC_v17_ FISH-IF v2.4.4","1647","4720","4749","3410","3447","1","1","0","0","1","1","1118.8107","0","304","0","0","0","0","0","15","26.421747","3","31961.66","1199.2262","32","27.710613","4","27958.443","1007.2703","1","0.782526","0","448.7554","573.4706","151.30362","93.442764","57.860863","35.614998","0.718659"
"D:\HAA\dACC revisions\Run 4\Br8667_dlPFC_20x_img_006-MaxIP-Stitched_unmixed_rotated.nd2","Layer 1","dACC_v17_ FISH-IF v2.4.4","1648","4858","4880","3413","3432","0","0","0","0","1","1","625.71893","0","196.56693","0","0","0","0","0","0","0","0","0","0","0","0","0","0","0","2","3.360257","0","2355.126","700.8767","61.12906","52.61334","8.515719","12.443794","0.758296"
"D:\HAA\dACC revisions\Run 4\Br8667_dlPFC_20x_img_006-MaxIP-Stitched_unmixed_rotated.nd2","Layer 1","dACC_v17_ FISH-IF v2.4.4","1649","4915","4934","3414","3431","0","0","0","0","1","1","496.47406","0","177.53886","0","0","0","0","0","0","0","0","0","0","1","0.50634","0","319.54663","631.0909","0","0","0","0","0","50.63401","44.419834","6.214174","10.298312","0.854378"
"D:\HAA\dACC revisions\Run 4\Br8667_dlPFC_20x_img_006-MaxIP-Stitched_unmixed_rotated.nd2","Layer 1","dACC_v17_ FISH-IF v2.4.4","1650","4919","4939","3430","3448","0","0","0","0","1","1","816.77106","0","172.69595","0","0","0","0","0","1","0.552371","0","365.66962","662","1","0.736495","0","551.08215","748.25","0","0","0","0","0","55.329163","47.68803","7.641132","11.585601","0.82356"
"D:\HAA\dACC revisions\Run 4\Br8667_dlPFC_20x_img_006-MaxIP-Stitched_unmixed_rotated.nd2","Layer 1","dACC_v17_ FISH-IF v2.4.4","1651","4943","4975","3433","3470","0","0","0","0","1","1","3368.9211","0","509.30606","0","0","0","0","0","0","0","0","0","0","0","0","0","0","0","0","0","0","0","0","165.48116","100.16328","65.31787","36.902287","0.773627"
"D:\HAA\dACC revisions\Run 4\Br8667_dlPFC_20x_img_006-MaxIP-Stitched_unmixed_rotated.nd2","Layer 1","dACC_v17_ FISH-IF v2.4.4","1652","4732","4769","3434","3462","1","1","1","0","1","1","981.1469","0","205.1745","0","0","0","0","0","37","44.23571","4","82231.336","1858.9354","52","34.339066","4","48163.9","1369.5524","29","60.530655","3","40546.887","669.85706","148.63383","74.38596","74.24787","38.189575","0.866483"
"D:\HAA\dACC revisions\Run 4\Br8667_dlPFC_20x_img_006-MaxIP-Stitched_unmixed_rotated.nd2","Layer 1","dACC_v17_ FISH-IF v2.4.4","1653","4970","4998","3447","3473","0","0","0","0","1","1","2707.689","0","450.76694","2","5.984019","0","7809.9736","1305.1384","0","0","0","0","0","0","0","0","0","0","0","0","0","0","0","102.18864","74.06374","28.124891","25.74578","0.699818"
"D:\HAA\dACC revisions\Run 4\Br8667_dlPFC_20x_img_006-MaxIP-Stitched_unmixed_rotated.nd2","Layer 1","dACC_v17_ FISH-IF v2.4.4","1654","4732","4765","3461","3490","1","1","1","0","1","1","1309.2981","0","347.67566","0","0","0","0","0","5","6.122112","1","11629.85","1899.6466","6","4.787215","1","6387.4805","1334.2788","5","5.01737","1","2618.3767","521.86237","144.2609","78.48271","65.77818","36.902287","0.767353"
"D:\HAA\dACC revisions\Run 4\Br8667_dlPFC_20x_img_006-MaxIP-Stitched_unmixed_rotated.nd2","Layer 1","dACC_v17_ FISH-IF v2.4.4","1655","5005","5037","3462","3489","0","0","0","1","1","1","3013.1194","0","446.11502","17","38.942158","3","96336.63","2473.8394","0","0","0","0","0","2","1.795206","0","1340.0981","746.4872","0","0","0","0","0","119.54229","85.24926","34.293034","27.462166","0.745016"
"D:\HAA\dACC revisions\Run 4\Br8667_dlPFC_20x_img_006-MaxIP-Stitched_unmixed_rotated.nd2","Layer 1","dACC_v17_ FISH-IF v2.4.4","1656","4688","4707","3498","3518","0","0","0","0","1","1","679.4392","0","140.00296","0","0","0","0","0","0","0","0","0","0","0","0","0","0","0","0","0","0","0","0","53.349834","46.53726","6.812576","11.156505","0.869914"
"D:\HAA\dACC revisions\Run 4\Br8667_dlPFC_20x_img_006-MaxIP-Stitched_unmixed_rotated.nd2","Layer 1","dACC_v17_ FISH-IF v2.4.4","1657","4681","4700","3514","3534","0","0","0","0","1","1","491.86","0","131.46634","0","0","0","0","0","0","0","0","0","0","1","0.50634","0","347.30328","685.9091","0","0","0","0","0","54.086327","47.18169","6.904638","10.941957","0.847981"
"D:\HAA\dACC revisions\Run 4\Br8667_dlPFC_20x_img_006-MaxIP-Stitched_unmixed_rotated.nd2","Layer 1","dACC_v17_ FISH-IF v2.4.4","1658","4927","4951","3520","3539","0","0","0","0","1","1","1349.7924","0","336.76028","0","0","0","0","0","0","0","0","0","0","0","0","0","0","0","0","0","0","0","0","55.329163","33.60257","21.726593","21.883913","0.774489"
"D:\HAA\dACC revisions\Run 4\Br8667_dlPFC_20x_img_006-MaxIP-Stitched_unmixed_rotated.nd2","Layer 1","dACC_v17_ FISH-IF v2.4.4","1659","4838","4856","3521","3538","1","1","0","0","1","1","512.6709","0","197.47108","0","0","0","0","0","7","10.402987","1","18308.705","1759.9469","11","9.666492","2","9447.569","977.35236","0","0","0","0","0","46.62932","42.992878","3.636442","8.581926","0.655285"
"D:\HAA\dACC revisions\Run 4\Br8667_dlPFC_20x_img_006-MaxIP-Stitched_unmixed_rotated.nd2","Layer 1","dACC_v17_ FISH-IF v2.4.4","1660","4920","4940","3528","3555","0","0","0","0","1","1","1447.9873","0","384.18524","0","0","0","0","0","0","0","0","0","0","0","0","0","0","0","0","0","0","0","0","64.71947","39.264374","25.455097","25.102137","0.737869"
"D:\HAA\dACC revisions\Run 4\Br8667_dlPFC_20x_img_006-MaxIP-Stitched_unmixed_rotated.nd2","Layer 1","dACC_v17_ FISH-IF v2.4.4","1661","4937","4965","3532","3561","0","0","0","0","1","1","1918.7795","0","449.081","0","0","0","0","0","0","0","0","0","0","0","0","0","0","0","0","0","0","0","0","111.53291","60.806843","50.72607","31.109486","0.838569"
"D:\HAA\dACC revisions\Run 4\Br8667_dlPFC_20x_img_006-MaxIP-Stitched_unmixed_rotated.nd2","Layer 1","dACC_v17_ FISH-IF v2.4.4","1662","4846","4872","3535","3570","1","1","0","0","1","1","1679.2322","0","300.9133","0","0","0","0","0","7","9.022059","1","10591.115","1085.316","17","13.763245","3","17151.396","1246.174","1","1.196804","0","859.85754","622.6667","129.30084","85.479416","43.821434","33.89861","0.677133"
"D:\HAA\dACC revisions\Run 4\Br8667_dlPFC_20x_img_006-MaxIP-Stitched_unmixed_rotated.nd2","Layer 1","dACC_v17_ FISH-IF v2.4.4","1663","4826","4848","3546","3573","0","1","0","0","1","1","2082.4563","0","387.3492","0","0","0","0","0","0","0","0","0","0","8","6.674483","1","6952.4175","1041.6414","0","0","0","0","0","91.23328","63.79885","27.434427","24.887589","0.77734"
"D:\HAA\dACC revisions\Run 4\Br8667_dlPFC_20x_img_006-MaxIP-Stitched_unmixed_rotated.nd2","Layer 1","dACC_v17_ FISH-IF v2.4.4","1664","4923","4951","3555","3576","0","0","0","0","1","1","2224.2314","0","350.95068","0","0","0","0","0","0","0","0","0","0","0","0","0","0","0","0","0","0","0","0","84.28261","64.397255","19.885357","19.738432","0.751471"
"D:\HAA\dACC revisions\Run 4\Br8667_dlPFC_20x_img_006-MaxIP-Stitched_unmixed_rotated.nd2","Layer 1","dACC_v17_ FISH-IF v2.4.4","1665","4705","4726","3562","3583","0","0","0","0","1","1","897","0","179.10638","0","0","0","0","0","0","0","0","0","0","0","0","0","0","0","1","0.966649","0","512.7844","530.4762","63.20045","54.086327","9.114121","14.160179","0.712631"
"D:\HAA\dACC revisions\Run 4\Br8667_dlPFC_20x_img_006-MaxIP-Stitched_unmixed_rotated.nd2","Layer 1","dACC_v17_ FISH-IF v2.4.4","1666","6446","6479","3175","3205","0","0","0","1","1","1","2534.6978","0","424.96606","14","37.008858","2","70916.06","1916.1915","0","0","0","0","0","3","2.761855","0","2721.808","985.5","3","4.833246","0","3723.8552","770.4667","129.11673","89.530136","39.58659","31.324034","0.680286"
"D:\HAA\dACC revisions\Run 4\Br8667_dlPFC_20x_img_006-MaxIP-Stitched_unmixed_rotated.nd2","Layer 1","dACC_v17_ FISH-IF v2.4.4","1667","6324","6362","3179","3207","1","0","0","0","1","1","2396.6792","0","498.24582","0","0","0","0","0","6","10.449018","1","12009.052","1149.2996","1","1.01268","0","842.64197","832.0909","2","1.887268","0","1133.051","535.1087","137.8626","93.81101","44.051586","36.044094","0.621691"
"D:\HAA\dACC revisions\Run 4\Br8667_dlPFC_20x_img_006-MaxIP-Stitched_unmixed_rotated.nd2","Layer 1","dACC_v17_ FISH-IF v2.4.4","1668","6304","6324","3196","3227","1","0","0","0","1","1","678.5049","0","361.48022","0","0","0","0","0","7","10.863297","1","11940.328","1099.144","1","0.50634","0","379.47888","749.4545","1","1.426958","0","748.4167","524.4839","91.00312","67.48132","23.5218","24.887589","0.646228"
"D:\HAA\dACC revisions\Run 4\Br8667_dlPFC_20x_img_006-MaxIP-Stitched_unmixed_rotated.nd2","Layer 1","dACC_v17_ FISH-IF v2.4.4","1669","6364","6401","3197","3234","0","1","1","0","1","1","1305.6301","0","278.91165","2","3.590412","0","4304.167","1038.9556","0","0","0","0","0","38","30.840715","4","35206.61","1141.5627","95","111.0726","4","151417.6","1363.2308","174.5032","109.92183","64.581375","40.764153","0.704051"
"D:\HAA\dACC revisions\Run 4\Br8667_dlPFC_20x_img_006-MaxIP-Stitched_unmixed_rotated.nd2","Layer 1","dACC_v17_ FISH-IF v2.4.4","1670","6322","6346","3206","3224","1","0","0","0","1","1","962.8903","0","675.24426","0","0","0","0","0","7","10.495049","1","11975.266","1141.0394","0","0","0","0","0","0","0","0","0","0","58.18308","43.913494","14.269585","19.309336","0.596335"
"D:\HAA\dACC revisions\Run 4\Br8667_dlPFC_20x_img_006-MaxIP-Stitched_unmixed_rotated.nd2","Layer 1","dACC_v17_ FISH-IF v2.4.4","1671","6516","6562","3210","3241","0","1","1","0","1","1","1101.4248","0","318.96854","0","0","0","0","0","0","0","0","0","0","37","33.326385","4","36583.21","1097.7251","70","102.78704","4","110369.39","1073.7676","173.26038","99.47282","73.78756","44.196922","0.633404"
"D:\HAA\dACC revisions\Run 4\Br8667_dlPFC_20x_img_006-MaxIP-Stitched_unmixed_rotated.nd2","Layer 1","dACC_v17_ FISH-IF v2.4.4","1672","6645","6668","3213","3232","1","0","0","0","1","1","852.87274","0","178.17287","0","0","0","0","0","6","6.352267","1","6391.1167","1006.11597","1","1.01268","0","885.08246","874","0","0","0","0","0","65.77818","55.65138","10.126801","14.160179","0.737223"
"D:\HAA\dACC revisions\Run 4\Br8667_dlPFC_20x_img_006-MaxIP-Stitched_unmixed_rotated.nd2","Layer 1","dACC_v17_ FISH-IF v2.4.4","1673","6318","6336","3221","3234","1","0","0","0","1","1","658.375","0","349.8733","0","0","0","0","0","4","5.984019","1","8949.884","1495.6307","0","0","0","0","0","0","0","0","0","0","32.72798","30.518497","2.209484","6.221897","0.652505"
"D:\HAA\dACC revisions\Run 4\Br8667_dlPFC_20x_img_006-MaxIP-Stitched_unmixed_rotated.nd2","Layer 1","dACC_v17_ FISH-IF v2.4.4","1674","6436","6467","3225","3256","0","0","0","0","1","1","2298.687","0","404.16293","0","0","0","0","0","0","0","0","0","0","0","0","0","0","0","0","0","0","0","0","141.49904","92.38405","49.11499","31.324034","0.81898"
"D:\HAA\dACC revisions\Run 4\Br8667_dlPFC_20x_img_006-MaxIP-Stitched_unmixed_rotated.nd2","Layer 1","dACC_v17_ FISH-IF v2.4.4","1675","6473","6497","3225","3246","0","0","0","0","1","1","2924.3552","0","376.58865","0","0","0","0","0","0","0","0","0","0","0","0","0","0","0","0","0","0","0","0","72.54472","59.19576","13.348966","16.30566","0.824923"
"D:\HAA\dACC revisions\Run 4\Br8667_dlPFC_20x_img_006-MaxIP-Stitched_unmixed_rotated.nd2","Layer 1","dACC_v17_ FISH-IF v2.4.4","1676","6535","6559","3232","3249","0","1","1","0","1","1","789.18304","0","342.37473","0","0","0","0","0","0","0","0","0","0","11","10.679173","2","10348.44","969.03015","32","37.469166","4","48186.684","1286.0356","58.73545","41.888134","16.847317","21.02572","0.704271"
"D:\HAA\dACC revisions\Run 4\Br8667_dlPFC_20x_img_006-MaxIP-Stitched_unmixed_rotated.nd2","Layer 1","dACC_v17_ FISH-IF v2.4.4","1677","6291","6310","3226","3246","0","0","0","0","1","1","477.47916","0","178.53065","0","0","0","0","0","1","2.853917","0","3674.0037","1287.3549","0","0","0","0","0","1","0.966649","0","516.14465","533.9524","54.68473","48.05628","6.628452","11.156505","0.875286"
"D:\HAA\dACC revisions\Run 4\Br8667_dlPFC_20x_img_006-MaxIP-Stitched_unmixed_rotated.nd2","Layer 1","dACC_v17_ FISH-IF v2.4.4","1678","6331","6370","3230","3259","0","1","1","0","1","1","2230.7754","0","367.97742","0","0","0","0","0","0","0","0","0","0","7","4.833246","1","6152.5845","1272.9714","44","57.81483","4","68131.74","1178.4475","150.6592","103.93781","46.721382","36.902287","0.534303"
"D:\HAA\dACC revisions\Run 4\Br8667_dlPFC_20x_img_006-MaxIP-Stitched_unmixed_rotated.nd2","Layer 1","dACC_v17_ FISH-IF v2.4.4","1679","6663","6678","3231","3243","0","0","0","0","1","1","838.72","0","403.03873","0","0","0","0","0","3","5.431648","0","6810.182","1253.7966","3","1.979329","0","2661.968","980.1695","0","0","0","0","0","27.296333","26.145561","1.150773","4.076415","0.663651"
"D:\HAA\dACC revisions\Run 4\Br8667_dlPFC_20x_img_006-MaxIP-Stitched_unmixed_rotated.nd2","Layer 1","dACC_v17_ FISH-IF v2.4.4","1680","6660","6680","3242","3265","0","0","0","0","1","1","1145.7842","0","384.347","0","0","0","0","0","1","2.853917","0","2784.5022","975.6774","1","0.690464","0","500.49417","724.86664","0","0","0","0","0","65.77818","47.227722","18.550459","20.811172","0.658932"
"D:\HAA\dACC revisions\Run 4\Br8667_dlPFC_20x_img_006-MaxIP-Stitched_unmixed_rotated.nd2","Layer 1","dACC_v17_ FISH-IF v2.4.4","1681","6599","6628","3255","3279","0","0","0","0","1","1","1146.3245","0","258.04462","1","0.644433","0","547.1695","849.0714","0","0","0","0","0","0","0","0","0","0","0","0","0","0","0","100.25534","74.2939","25.961437","23.171202","0.779137"
"D:\HAA\dACC revisions\Run 4\Br8667_dlPFC_20x_img_006-MaxIP-Stitched_unmixed_rotated.nd2","Layer 1","dACC_v17_ FISH-IF v2.4.4","1682","6527","6549","3262","3283","0","0","0","1","1","1","1645.3584","0","273.8345","7","9.482369","1","10772.615","1136.068","0","0","0","0","0","0","0","0","0","0","3","2.577731","0","1516.4425","558.37286","71.53204","58.68942","12.842626","15.447468","0.784323"
"D:\HAA\dACC revisions\Run 4\Br8667_dlPFC_20x_img_006-MaxIP-Stitched_unmixed_rotated.nd2","Layer 1","dACC_v17_ FISH-IF v2.4.4","1683","6524","6560","3288","3317","0","0","0","1","1","1","2142.816","0","373.84088","13","35.489838","2","81080.516","2284.6123","0","0","0","0","0","2","1.472989","0","1270.3152","811.67645","0","0","0","0","0","156.73528","102.69498","54.0403","35.1859","0.692362"
"D:\HAA\dACC revisions\Run 4\Br8667_dlPFC_20x_img_006-MaxIP-Stitched_unmixed_rotated.nd2","Layer 1","dACC_v17_ FISH-IF v2.4.4","1684","6422","6441","3296","3315","0","0","0","0","1","1","1313.1783","0","188.43996","0","0","0","0","0","0","0","0","0","0","0","0","0","0","0","0","0","0","0","0","52.705402","46.76741","5.937988","9.869216","0.844856"
"D:\HAA\dACC revisions\Run 4\Br8667_dlPFC_20x_img_006-MaxIP-Stitched_unmixed_rotated.nd2","Layer 1","dACC_v17_ FISH-IF v2.4.4","1685","6602","6629","3296","3316","0","0","0","0","1","1","2415.1448","0","415.24573","0","0","0","0","0","0","0","0","0","0","0","0","0","0","0","0","0","0","0","0","71.25586","53.76411","17.491749","21.02572","0.582578"
"D:\HAA\dACC revisions\Run 4\Br8667_dlPFC_20x_img_006-MaxIP-Stitched_unmixed_rotated.nd2","Layer 1","dACC_v17_ FISH-IF v2.4.4","1686","6618","6653","3303","3337","0","0","0","0","1","1","2985.2224","0","397.0092","0","0","0","0","0","0","0","0","0","0","0","0","0","0","0","0","0","0","0","0","132.89127","90.26663","42.62463","38.833218","0.541758"
"D:\HAA\dACC revisions\Run 4\Br8667_dlPFC_20x_img_006-MaxIP-Stitched_unmixed_rotated.nd2","Layer 1","dACC_v17_ FISH-IF v2.4.4","1687","6325","6349","3310","3333","0","0","0","0","1","1","1947.7346","0","257.55743","2","3.314226","0","2891.248","872.375","0","0","0","0","0","0","0","0","0","0","0","0","0","0","0","76.733536","62.509987","14.223554","18.236595","0.695377"
"D:\HAA\dACC revisions\Run 4\Br8667_dlPFC_20x_img_006-MaxIP-Stitched_unmixed_rotated.nd2","Layer 1","dACC_v17_ FISH-IF v2.4.4","1688","6350","6378","3315","3341","0","0","0","0","1","1","2875.412","0","390.47452","1","1.058711","0","850.4672","803.3043","0","0","0","0","0","1","1.01268","0","754.63086","745.1818","1","0.322216","0","139.47368","432.85715","97.999825","66.83689","31.162931","25.316685","0.703083"
"D:\HAA\dACC revisions\Run 4\Br8667_dlPFC_20x_img_006-MaxIP-Stitched_unmixed_rotated.nd2","Layer 1","dACC_v17_ FISH-IF v2.4.4","1689","6364","6386","3333","3352","0","0","0","0","1","1","1742.5314","0","461.08722","0","0","0","0","0","0","0","0","0","0","0","0","0","0","0","0","0","0","0","0","54.27045","43.269062","11.00139","14.803823","0.700073"
"D:\HAA\dACC revisions\Run 4\Br8667_dlPFC_20x_img_006-MaxIP-Stitched_unmixed_rotated.nd2","Layer 1","dACC_v17_ FISH-IF v2.4.4","1690","6414","6435","3332","3351","0","0","0","0","1","1","1035.1019","0","181.70848","0","0","0","0","0","0","0","0","0","0","0","0","0","0","0","0","0","0","0","0","57.124367","49.897514","7.226854","11.585601","0.762106"
"D:\HAA\dACC revisions\Run 4\Br8667_dlPFC_20x_img_006-MaxIP-Stitched_unmixed_rotated.nd2","Layer 1","dACC_v17_ FISH-IF v2.4.4","1691","6405","6428","3353","3373","0","1","0","0","1","1","1106.5087","0","286.03406","0","0","0","0","0","1","1.979329","0","2304.1697","1164.1163","11","10.54108","2","9373.368","889.2227","0","0","0","0","0","56.572","43.269062","13.302936","17.378403","0.669319"
"D:\HAA\dACC revisions\Run 4\Br8667_dlPFC_20x_img_006-MaxIP-Stitched_unmixed_rotated.nd2","Layer 1","dACC_v17_ FISH-IF v2.4.4","1692","6410","6440","3362","3389","0","1","0","0","1","1","1152.8042","0","313.37866","0","0","0","0","0","0","0","0","0","0","11","10.402987","2","10826.794","1040.7389","0","0","0","0","0","98.506165","67.71148","30.794683","27.676714","0.710962"
"D:\HAA\dACC revisions\Run 4\Br8667_dlPFC_20x_img_006-MaxIP-Stitched_unmixed_rotated.nd2","Layer 1","dACC_v17_ FISH-IF v2.4.4","1693","6536","6575","3404","3437","0","0","0","0","1","1","2881.342","0","445.23138","0","0","0","0","0","0","0","0","0","0","2","1.611082","0","1384.1497","859.1429","0","0","0","0","0","162.94945","107.620285","55.329163","39.90596","0.587834"
"D:\HAA\dACC revisions\Run 4\Br8667_dlPFC_20x_img_006-MaxIP-Stitched_unmixed_rotated.nd2","Layer 1","dACC_v17_ FISH-IF v2.4.4","1694","6607","6636","3405","3431","0","1","0","0","1","1","1561.6606","0","298.91354","0","0","0","0","0","0","0","0","0","0","23","17.859997","3","22281.357","1247.5566","2","3.222164","0","1756.2637","545.0571","113.88049","80.922356","32.958138","24.887589","0.825678"
"D:\HAA\dACC revisions\Run 4\Br8667_dlPFC_20x_img_006-MaxIP-Stitched_unmixed_rotated.nd2","Layer 1","dACC_v17_ FISH-IF v2.4.4","1695","6279","6310","3428","3457","0","0","0","0","1","1","2354.8062","0","446.37512","2","5.431648","0","6396.9165","1177.7119","0","0","0","0","0","0","0","0","0","0","1","0.368247","0","170.9128","464.125","137.44832","90.68091","46.76741","29.607647","0.835"
"D:\HAA\dACC revisions\Run 4\Br8667_dlPFC_20x_img_006-MaxIP-Stitched_unmixed_rotated.nd2","Layer 1","dACC_v17_ FISH-IF v2.4.4","1696","6539","6569","3438","3471","0","0","0","0","1","1","2465.2993","0","432.61804","0","0","0","0","0","0","0","0","0","0","0","0","0","0","0","1","0.414278","0","203.2265","490.55554","148.49574","94.961784","53.53396","32.182224","0.845021"
"D:\HAA\dACC revisions\Run 4\Br8667_dlPFC_20x_img_006-MaxIP-Stitched_unmixed_rotated.nd2","Layer 1","dACC_v17_ FISH-IF v2.4.4","1697","6551","6591","3482","3513","0","0","0","0","1","1","2189.412","0","391.53064","0","0","0","0","0","0","0","0","0","0","0","0","0","0","0","1","0.414278","0","185.55063","447.8889","169.34775","105.13461","64.21313","37.76048","0.744905"
"D:\HAA\dACC revisions\Run 4\Br8667_dlPFC_20x_img_006-MaxIP-Stitched_unmixed_rotated.nd2","Layer 1","dACC_v17_ FISH-IF v2.4.4","1698","6498","6526","3524","3549","0","0","0","0","1","1","3669.1697","0","465.44458","0","0","0","0","0","0","0","0","0","0","0","0","0","0","0","0","0","0","0","0","102.2807","75.16849","27.112211","23.600298","0.789352"
"D:\HAA\dACC revisions\Run 4\Br8667_dlPFC_20x_img_006-MaxIP-Stitched_unmixed_rotated.nd2","Layer 1","dACC_v17_ FISH-IF v2.4.4","1699","6594","6623","3547","3570","0","0","0","0","1","1","1861.8323","0","340.70792","0","0","0","0","0","0","0","0","0","0","0","0","0","0","0","0","0","0","0","0","86.44606","71.07174","15.374327","21.883913","0.497981"
"D:\HAA\dACC revisions\Run 4\Br8667_dlPFC_20x_img_006-MaxIP-Stitched_unmixed_rotated.nd2","Layer 1","dACC_v17_ FISH-IF v2.4.4","1700","5721","5749","2408","2433","0","0","1","0","1","1","1764.5305","0","342.84048","0","0","0","0","0","0","0","0","0","0","0","0","0","0","0","5","7.180823","1","4501.778","615.0881","111.8091","79.3573","32.451797","24.029396","0.898179"
"D:\HAA\dACC revisions\Run 4\Br8667_dlPFC_20x_img_006-MaxIP-Stitched_unmixed_rotated.nd2","Layer 1","dACC_v17_ FISH-IF v2.4.4","1701","5655","5674","2413","2431","0","0","1","0","1","1","1408.6926","0","183.19922","0","0","0","0","0","1","0.736495","0","1780.1077","1104.9143","0","0","0","0","0","61","37.745354","4","96295.85","2551.1975","46.58329","35.351746","11.231544","14.803823","0.764064"
"D:\HAA\dACC revisions\Run 4\Br8667_dlPFC_20x_img_006-MaxIP-Stitched_unmixed_rotated.nd2","Layer 1","dACC_v17_ FISH-IF v2.4.4","1702","5466","5496","2415","2447","0","0","1","1","1","1","2678.1726","0","610.06433","12","29.874065","2","51351.03","1718.9167","0","0","0","0","0","3","2.255515","0","1765.746","782.8571","7","7.963349","1","4528.89","568.71674","122.90255","79.44936","43.453186","31.324034","0.760144"
"D:\HAA\dACC revisions\Run 4\Br8667_dlPFC_20x_img_006-MaxIP-Stitched_unmixed_rotated.nd2","Layer 1","dACC_v17_ FISH-IF v2.4.4","1703","5637","5671","2419","2455","1","0","1","0","1","1","1307.8307","0","425.01627","0","0","0","0","0","4","5.937988","1","6282.1157","1057.9535","1","0.598402","0","735.1598","840.5789","89","99.702965","4","142203.03","1426.2668","149.69255","87.688896","62.003647","37.975025","0.81285"
"D:\HAA\dACC revisions\Run 4\Br8667_dlPFC_20x_img_006-MaxIP-Stitched_unmixed_rotated.nd2","Layer 1","dACC_v17_ FISH-IF v2.4.4","1704","5567","5596","2437","2470","0","0","1","0","1","1","2822.1694","0","354.5101","0","0","0","0","0","0","0","0","0","0","0","0","0","0","0","6","9.57443","1","7458.0215","778.9519","134.50233","91.04916","43.453186","30.036743","0.714299"
"D:\HAA\dACC revisions\Run 4\Br8667_dlPFC_20x_img_006-MaxIP-Stitched_unmixed_rotated.nd2","Layer 1","dACC_v17_ FISH-IF v2.4.4","1705","5856","5882","2452","2478","0","0","0","0","1","1","2643.5686","0","524.9161","1","0.50634","0","391.35486","772.9091","0","0","0","0","0","0","0","0","0","0","0","0","0","0","0","102.18864","69.644775","32.543858","26.174877","0.742344"
"D:\HAA\dACC revisions\Run 4\Br8667_dlPFC_20x_img_006-MaxIP-Stitched_unmixed_rotated.nd2","Layer 1","dACC_v17_ FISH-IF v2.4.4","1706","5839","5857","2455","2476","0","0","0","0","1","1","1816.9683","0","533.1304","1","2.393608","0","3415.632","1426.9807","0","0","0","0","0","0","0","0","0","0","2","1.242835","0","926.5103","516.10254","56.433907","44.834114","11.599792","14.589275","0.846802"
"D:\HAA\dACC revisions\Run 4\Br8667_dlPFC_20x_img_006-MaxIP-Stitched_unmixed_rotated.nd2","Layer 1","dACC_v17_ FISH-IF v2.4.4","1707","5676","5707","2465","2497","0","0","0","0","1","1","2384.4827","0","403.4747","0","0","0","0","0","2","1.104742","0","826.34705","748","0","0","0","0","0","0","0","0","0","0","137.1261","91.923744","45.202362","31.75313","0.783277"
"D:\HAA\dACC revisions\Run 4\Br8667_dlPFC_20x_img_006-MaxIP-Stitched_unmixed_rotated.nd2","Layer 1","dACC_v17_ FISH-IF v2.4.4","1708","5721","5754","2485","2516","0","1","1","0","1","1","2883.5112","0","779.1487","0","0","0","0","0","0","0","0","0","0","57","40.553238","4","56170.055","1355.8534","40","73.511375","4","61747.348","839.97","143.47836","94.40941","49.06896","33.040417","0.809681"
"D:\HAA\dACC revisions\Run 4\Br8667_dlPFC_20x_img_006-MaxIP-Stitched_unmixed_rotated.nd2","Layer 1","dACC_v17_ FISH-IF v2.4.4","1709","5531","5556","2490","2515","0","0","0","0","1","1","2575.6213","0","389.5151","0","0","0","0","0","1","1.104742","0","1092.1755","988.625","0","0","0","0","0","0","0","0","0","0","92.430084","70.05906","22.371025","20.382076","0.820165"
"D:\HAA\dACC revisions\Run 4\Br8667_dlPFC_20x_img_006-MaxIP-Stitched_unmixed_rotated.nd2","Layer 1","dACC_v17_ FISH-IF v2.4.4","1710","5482","5503","2501","2523","0","0","0","0","1","1","1175.9418","0","278.4457","0","0","0","0","0","0","0","0","0","0","0","0","0","0","0","0","0","0","0","0","65.45596","55.973595","9.482369","14.589275","0.642299"
"D:\HAA\dACC revisions\Run 4\Br8667_dlPFC_20x_img_006-MaxIP-Stitched_unmixed_rotated.nd2","Layer 1","dACC_v17_ FISH-IF v2.4.4","1711","5669","5697","2506","2533","0","0","0","0","1","1","2495.5576","0","448.68912","0","0","0","0","0","0","0","0","0","0","2","1.196804","0","1712.166","1430.6154","3","5.52371","0","3796.492","687.30835","116.68838","79.9557","36.732674","26.389425","0.838425"
"D:\HAA\dACC revisions\Run 4\Br8667_dlPFC_20x_img_006-MaxIP-Stitched_unmixed_rotated.nd2","Layer 1","dACC_v17_ FISH-IF v2.4.4","1712","5642","5670","2507","2544","0","1","0","0","1","1","1901.0669","0","350.2154","1","1.565051","0","1565.2354","1000.1177","0","0","0","0","0","71","37.423138","4","70875.78","1893.9028","1","0.828557","0","410.6418","495.6111","148.4497","96.80302","51.64669","34.542255","0.681204"
"D:\HAA\dACC revisions\Run 4\Br8667_dlPFC_20x_img_006-MaxIP-Stitched_unmixed_rotated.nd2","Layer 1","dACC_v17_ FISH-IF v2.4.4","1713","5509","5545","2517","2535","0","0","0","0","1","1","3233.4302","0","656.00665","0","0","0","0","0","0","0","0","0","0","0","0","0","0","0","0","0","0","0","0","93.39673","55.513287","37.883446","29.393099","0.631392"
"D:\HAA\dACC revisions\Run 4\Br8667_dlPFC_20x_img_006-MaxIP-Stitched_unmixed_rotated.nd2","Layer 1","dACC_v17_ FISH-IF v2.4.4","1714","5533","5564","2525","2550","0","0","0","0","1","1","2753.0286","0","519.7841","0","0","0","0","0","0","0","0","0","0","0","0","0","0","0","0","0","0","0","0","110.38214","63.75282","46.62932","32.182224","0.749884"
"D:\HAA\dACC revisions\Run 4\Br8667_dlPFC_20x_img_006-MaxIP-Stitched_unmixed_rotated.nd2","Layer 1","dACC_v17_ FISH-IF v2.4.4","1715","5509","5532","2536","2553","0","0","0","0","1","1","3709.0818","0","490.5218","0","0","0","0","0","0","0","0","0","0","0","0","0","0","0","0","0","0","0","0","64.44328","38.021538","26.421747","21.454817","0.771608"
"D:\HAA\dACC revisions\Run 4\Br8667_dlPFC_20x_img_006-MaxIP-Stitched_unmixed_rotated.nd2","Layer 1","dACC_v17_ FISH-IF v2.4.4","1716","5686","5707","2534","2555","0","0","0","0","1","1","1751.0485","0","280.60428","0","0","0","0","0","0","0","0","0","0","0","0","0","0","0","0","0","0","0","0","66.28452","55.835503","10.449018","14.589275","0.740027"
"D:\HAA\dACC revisions\Run 4\Br8667_dlPFC_20x_img_006-MaxIP-Stitched_unmixed_rotated.nd2","Layer 1","dACC_v17_ FISH-IF v2.4.4","1717","5494","5511","2535","2553","0","0","0","0","1","1","2082.4878","0","586.37585","0","0","0","0","0","0","0","0","0","0","0","0","0","0","0","0","0","0","0","0","34.983498","27.434427","7.54907","12.229246","0.785515"
"D:\HAA\dACC revisions\Run 4\Br8667_dlPFC_20x_img_006-MaxIP-Stitched_unmixed_rotated.nd2","Layer 1","dACC_v17_ FISH-IF v2.4.4","1718","5486","5508","2541","2560","0","0","0","0","1","1","2358.9214","0","281.0247","0","0","0","0","0","0","0","0","0","0","0","0","0","0","0","0","0","0","0","0","57.21643","37.28504","19.931387","21.454817","0.643205"
"D:\HAA\dACC revisions\Run 4\Br8667_dlPFC_20x_img_006-MaxIP-Stitched_unmixed_rotated.nd2","Layer 1","dACC_v17_ FISH-IF v2.4.4","1719","5469","5487","2542","2562","0","0","0","0","1","1","1984.9604","0","337.67706","0","0","0","0","0","0","0","0","0","0","0","0","0","0","0","0","0","0","0","0","44.14365","32.49783","11.645823","16.091112","0.694321"
"D:\HAA\dACC revisions\Run 4\Br8667_dlPFC_20x_img_006-MaxIP-Stitched_unmixed_rotated.nd2","Layer 1","dACC_v17_ FISH-IF v2.4.4","1720","5535","5563","2547","2575","1","1","0","0","1","1","2272.9297","0","613.1952","0","0","0","0","0","6","10.587111","1","13670.308","1291.2217","56","29.275663","4","55657.87","1901.165","0","0","0","0","0","98.73632","57.538647","41.19767","30.036743","0.784922"
"D:\HAA\dACC revisions\Run 4\Br8667_dlPFC_20x_img_006-MaxIP-Stitched_unmixed_rotated.nd2","Layer 1","dACC_v17_ FISH-IF v2.4.4","1721","5721","5740","2552","2571","0","0","0","0","1","1","394.20325","0","153.68394","0","0","0","0","0","0","0","0","0","0","0","0","0","0","0","0","0","0","0","0","51.830814","46.16901","5.661803","9.869216","0.84945"
"D:\HAA\dACC revisions\Run 4\Br8667_dlPFC_20x_img_006-MaxIP-Stitched_unmixed_rotated.nd2","Layer 1","dACC_v17_ FISH-IF v2.4.4","1722","5780","5819","2555","2587","0","1","1","0","1","1","1654.0447","0","362.21478","0","0","0","0","0","0","0","0","0","0","4","3.406288","1","2710.2083","795.6486","7","12.842626","1","8791.813","684.5806","178.59996","108.448845","70.151115","38.189575","0.792173"
"D:\HAA\dACC revisions\Run 4\Br8667_dlPFC_20x_img_006-MaxIP-Stitched_unmixed_rotated.nd2","Layer 1","dACC_v17_ FISH-IF v2.4.4","1723","5522","5549","2559","2587","0","1","0","0","1","1","3115.1057","0","483.72925","0","0","0","0","0","0","0","0","0","0","6","3.084071","1","5813.889","1885.1343","1","0.874587","0","394.43893","451","99.47282","63.75282","35.719994","28.749454","0.772551"
"D:\HAA\dACC revisions\Run 4\Br8667_dlPFC_20x_img_006-MaxIP-Stitched_unmixed_rotated.nd2","Layer 1","dACC_v17_ FISH-IF v2.4.4","1724","5699","5716","2573","2587","0","0","0","0","1","1","2170.1833","0","450.38016","0","0","0","0","0","0","0","0","0","0","0","0","0","0","0","0","0","0","0","0","32.912106","30.150251","2.761855","7.294638","0.693861"
"D:\HAA\dACC revisions\Run 4\Br8667_dlPFC_20x_img_006-MaxIP-Stitched_unmixed_rotated.nd2","Layer 1","dACC_v17_ FISH-IF v2.4.4","1725","5860","5891","2573","2608","0","1","1","0","1","1","1453.542","0","387.1929","0","0","0","0","0","2","2.301546","0","2712.3718","1178.5","67","46.491226","4","67606.25","1454.1722","115","110.79642","4","180673.7","1630.6818","152.22424","98.55219","53.67205","34.327705","0.756038"
"D:\HAA\dACC revisions\Run 4\Br8667_dlPFC_20x_img_006-MaxIP-Stitched_unmixed_rotated.nd2","Layer 1","dACC_v17_ FISH-IF v2.4.4","1726","5690","5723","2583","2613","0","0","0","1","1","1","2906.22","0","523.09143","4","4.741185","1","6065.172","1279.2524","0","0","0","0","0","2","1.703144","0","1663.5114","976.72974","1","0.598402","0","268.1301","448.07693","122.626366","84.55879","38.06757","32.61132","0.630313"
"D:\HAA\dACC revisions\Run 4\Br8667_dlPFC_20x_img_006-MaxIP-Stitched_unmixed_rotated.nd2","Layer 1","dACC_v17_ FISH-IF v2.4.4","1727","5655","5686","2589","2607","0","0","0","1","1","1","2790.3904","0","478.84106","4","7.963349","1","11327.887","1422.5029","0","0","0","0","0","1","0.644433","0","499.43546","775","0","0","0","0","0","74.38596","50.68004","23.705923","22.31301","0.684613"
"D:\HAA\dACC revisions\Run 4\Br8667_dlPFC_20x_img_006-MaxIP-Stitched_unmixed_rotated.nd2","Layer 1","dACC_v17_ FISH-IF v2.4.4","1728","5626","5654","2594","2624","0","1","1","1","1","1","2095.3213","0","556.378","4","5.937988","1","6474.985","1090.4341","0","0","0","0","0","51","33.18829","4","50066.035","1508.545","24","47.68803","3","36945.29","773.9817","124.145386","80.73823","43.407154","30.46584","0.787392"
"D:\HAA\dACC revisions\Run 4\Br8667_dlPFC_20x_img_006-MaxIP-Stitched_unmixed_rotated.nd2","Layer 1","dACC_v17_ FISH-IF v2.4.4","1729","5662","5681","2605","2619","0","0","0","1","1","1","2559.4155","0","507.66843","4","11.277575","1","23512.408","2084.8816","0","0","0","0","0","2","2.071391","0","1981.4469","956.57776","0","0","0","0","0","30.426437","17.353657","13.072781","16.734756","0.601768"
"D:\HAA\dACC revisions\Run 4\Br8667_dlPFC_20x_img_006-MaxIP-Stitched_unmixed_rotated.nd2","Layer 1","dACC_v17_ FISH-IF v2.4.4","1730","5653","5671","2602","2625","0","1","0","1","1","1","2867.5312","0","553.56195","8","14.914018","1","27310.512","1745.0236","1","0.414278","0","259.89056","627.3333","12","4.695154","2","12481.743","2658.4314","3","4.971339","0","3544.1965","712.9259","51.830814","32.68195","19.14886","20.596624","0.796968"
"D:\HAA\dACC revisions\Run 4\Br8667_dlPFC_20x_img_006-MaxIP-Stitched_unmixed_rotated.nd2","Layer 1","dACC_v17_ FISH-IF v2.4.4","1731","5590","5608","2619","2638","0","0","0","0","1","1","578.4262","0","169.72981","0","0","0","0","0","0","0","0","0","0","1","0.598402","0","397.29285","663.9231","2","5.52371","0","4099.2373","742.11664","51.784782","46.16901","5.615772","9.44012","0.838635"
"D:\HAA\dACC revisions\Run 4\Br8667_dlPFC_20x_img_006-MaxIP-Stitched_unmixed_rotated.nd2","Layer 1","dACC_v17_ FISH-IF v2.4.4","1732","5656","5676","2631","2654","0","1","1","0","1","1","2148.3157","0","282.0009","0","0","0","0","0","0","0","0","0","0","9","5.984019","1","8543.982","1427.8","21","17.952057","3","30778.85","1714.5026","63.522667","51.278442","12.244224","15.23292","0.766729"
"D:\HAA\dACC revisions\Run 4\Br8667_dlPFC_20x_img_006-MaxIP-Stitched_unmixed_rotated.nd2","Layer 1","dACC_v17_ FISH-IF v2.4.4","1733","5669","5696","2643","2675","0","1","1","0","1","1","1613.2639","0","508.68253","0","0","0","0","0","0","0","0","0","0","47","33.60257","4","47384.64","1410.1493","97","71.85426","4","152371.03","2120.5566","109.23137","74.524055","34.707314","31.109486","0.632747"
"D:\HAA\dACC revisions\Run 4\Br8667_dlPFC_20x_img_006-MaxIP-Stitched_unmixed_rotated.nd2","Layer 1","dACC_v17_ FISH-IF v2.4.4","1734","5506","5539","2644","2672","0","1","0","0","1","1","2297.2456","0","388.5399","0","0","0","0","0","0","0","0","0","0","55","35.12159","4","54755.48","1559.0262","2","3.314226","0","2026.6031","611.4861","138.78322","91.73962","47.0436","30.036743","0.818704"
"D:\HAA\dACC revisions\Run 4\Br8667_dlPFC_20x_img_006-MaxIP-Stitched_unmixed_rotated.nd2","Layer 1","dACC_v17_ FISH-IF v2.4.4","1735","5818","5856","2652","2681","1","1","1","0","1","1","1295.4913","0","382.15536","0","0","0","0","0","14","23.383705","2","29545.682","1246.3418","37","30.978807","4","33570.76","1072.5132","51","81.889","4","76700.58","936.6408","152.9147","80.87632","72.03838","40.764153","0.748151"
"D:\HAA\dACC revisions\Run 4\Br8667_dlPFC_20x_img_006-MaxIP-Stitched_unmixed_rotated.nd2","Layer 1","dACC_v17_ FISH-IF v2.4.4","1736","5653","5677","2654","2682","0","1","1","0","1","1","2839.4165","0","648.6961","0","0","0","0","0","0","0","0","0","0","13","9.206183","2","14137.016","1535.6","34","25.54716","4","52585.95","2058.3875","93.90307","67.71148","26.191591","24.887589","0.670762"
"D:\HAA\dACC revisions\Run 4\Br8667_dlPFC_20x_img_006-MaxIP-Stitched_unmixed_rotated.nd2","Layer 1","dACC_v17_ FISH-IF v2.4.4","1737","5854","5876","2654","2680","0","1","1","0","1","1","1559.6688","0","335.21893","0","0","0","0","0","3","2.48567","0","2226.3774","895.6852","6","4.372937","1","5934.582","1357.1158","21","32.267673","3","34728.53","1076.2639","84.69689","55.927567","28.769323","23.600298","0.775552"
"D:\HAA\dACC revisions\Run 4\Br8667_dlPFC_20x_img_006-MaxIP-Stitched_unmixed_rotated.nd2","Layer 1","dACC_v17_ FISH-IF v2.4.4","1738","5568","5591","2667","2697","1","0","1","0","1","1","2691.665","0","398.65387","0","0","0","0","0","9","11.553761","1","19939.95","1725.8407","3","3.176133","0","3188.3774","1003.8551","65","61.405243","4","101878.06","1659.1102","104.85843","77.93034","26.928087","24.887589","0.647718"
"D:\HAA\dACC revisions\Run 4\Br8667_dlPFC_20x_img_006-MaxIP-Stitched_unmixed_rotated.nd2","Layer 1","dACC_v17_ FISH-IF v2.4.4","1739","5828","5858","2677","2705","0","0","1","0","1","1","1500.0597","0","397.70956","0","0","0","0","0","3","3.314226","0","7798.834","2353.139","2","1.611082","0","1427.833","886.25714","8","11.829946","1","9972.368","842.9766","117.60899","73.695496","43.913494","31.324034","0.830052"
"D:\HAA\dACC revisions\Run 4\Br8667_dlPFC_20x_img_006-MaxIP-Stitched_unmixed_rotated.nd2","Layer 1","dACC_v17_ FISH-IF v2.4.4","1740","5717","5752","2692","2724","0","1","1","0","1","1","1293.483","0","446.75818","0","0","0","0","0","0","0","0","0","0","21","19.839325","3","18761.879","945.6914","193","123.04064","4","308197.03","2504.839","158.16223","102.60291","55.55932","37.331383","0.752062"
"D:\HAA\dACC revisions\Run 4\Br8667_dlPFC_20x_img_006-MaxIP-Stitched_unmixed_rotated.nd2","Layer 1","dACC_v17_ FISH-IF v2.4.4","1741","5570","5612","2694","2730","1","1","1","0","1","1","1173.0579","0","288.59796","0","0","0","0","0","31","41.243702","4","69198.65","1677.7991","8","6.03005","1","5132.3555","819.83826","130","106.101265","4","206027.98","1941.8052","205.57408","116.550285","89.023796","45.055115","0.726424"
"D:\HAA\dACC revisions\Run 4\Br8667_dlPFC_20x_img_006-MaxIP-Stitched_unmixed_rotated.nd2","Layer 1","dACC_v17_ FISH-IF v2.4.4","1742","5793","5822","2703","2725","0","0","1","0","1","1","2340.7976","0","321.25095","0","0","0","0","0","0","0","0","0","0","0","0","0","0","0","14","19.471079","2","20649.562","1060.5248","92.70627","73.37328","19.332985","23.171202","0.601947"
"D:\HAA\dACC revisions\Run 4\Br8667_dlPFC_20x_img_006-MaxIP-Stitched_unmixed_rotated.nd2","Layer 1","dACC_v17_ FISH-IF v2.4.4","1743","5522","5550","2730","2760","1","0","0","0","1","1","2043.007","0","447.15225","0","0","0","0","0","7","9.712523","1","12177.249","1253.7678","0","0","0","0","0","0","0","0","0","0","121.613686","81.935036","39.67865","29.607647","0.817602"
"D:\HAA\dACC revisions\Run 4\Br8667_dlPFC_20x_img_006-MaxIP-Stitched_unmixed_rotated.nd2","Layer 1","dACC_v17_ FISH-IF v2.4.4","1744","5496","5522","2732","2757","0","0","0","0","1","1","3556.8252","0","565.9265","0","0","0","0","0","1","0.368247","0","285.89804","776.375","0","0","0","0","0","0","0","0","0","0","96.11256","69.50668","26.605871","22.742105","0.820672"
"D:\HAA\dACC revisions\Run 4\Br8667_dlPFC_20x_img_006-MaxIP-Stitched_unmixed_rotated.nd2","Layer 1","dACC_v17_ FISH-IF v2.4.4","1745","5584","5608","2734","2760","0","0","1","0","1","1","3443.249","0","402.85104","0","0","0","0","0","0","0","0","0","0","2","1.841237","0","1476.5337","801.925","14","23.56783","2","19089.805","809.99414","94.04117","61.497307","32.543858","25.102137","0.767819"
"D:\HAA\dACC revisions\Run 4\Br8667_dlPFC_20x_img_006-MaxIP-Stitched_unmixed_rotated.nd2","Layer 1","dACC_v17_ FISH-IF v2.4.4","1746","5660","5675","2736","2759","0","1","1","0","1","1","2499.2659","0","599.0674","2","2.071391","0","1681.9697","812","0","0","0","0","0","5","4.925308","1","3943.883","800.73834","53","30.56453","4","83055.01","2717.366","50.08164","34.845406","15.236234","16.30566","0.769448"
"D:\HAA\dACC revisions\Run 4\Br8667_dlPFC_20x_img_006-MaxIP-Stitched_unmixed_rotated.nd2","Layer 1","dACC_v17_ FISH-IF v2.4.4","1747","5605","5631","2739","2767","0","0","1","0","1","1","3343.547","0","384.8683","0","0","0","0","0","0","0","0","0","0","3","1.887268","0","1347.2789","713.87805","36","39.816742","4","56573.977","1420.859","102.83307","66.74483","36.088238","27.891262","0.738035"
"D:\HAA\dACC revisions\Run 4\Br8667_dlPFC_20x_img_006-MaxIP-Stitched_unmixed_rotated.nd2","Layer 1","dACC_v17_ FISH-IF v2.4.4","1748","5667","5698","2739","2782","0","1","1","1","1","1","3267.74","0","618.8014","9","19.655201","1","28991.469","1475.0023","0","0","0","0","0","5","5.247525","1","4090.2153","779.4561","63","53.11968","4","99259.23","1868.5962","172.43182","97.35539","75.07642","43.124184","0.645371"
"D:\HAA\dACC revisions\Run 4\Br8667_dlPFC_20x_img_006-MaxIP-Stitched_unmixed_rotated.nd2","Layer 1","dACC_v17_ FISH-IF v2.4.4","1749","5635","5665","2744","2766","0","1","1","0","1","1","1154.1785","0","624.9164","0","0","0","0","0","0","0","0","0","0","13","13.302936","2","11485.496","851.5939","43","26.928087","4","68990.63","2562.0325","86.354004","64.94962","21.404377","22.31301","0.611496"
"D:\HAA\dACC revisions\Run 4\Br8667_dlPFC_20x_img_006-MaxIP-Stitched_unmixed_rotated.nd2","Layer 1","dACC_v17_ FISH-IF v2.4.4","1750","5770","5791","2754","2775","0","0","0","0","1","1","519.96375","0","189.70674","0","0","0","0","0","0","0","0","0","0","0","0","0","0","0","2","1.334897","0","690.7399","517.4483","62.095707","53.211742","8.883967","13.301987","0.704514"
"D:\HAA\dACC revisions\Run 4\Br8667_dlPFC_20x_img_006-MaxIP-Stitched_unmixed_rotated.nd2","Layer 1","dACC_v17_ FISH-IF v2.4.4","1751","5641","5670","2764","2791","0","1","1","0","1","1","3337.1006","0","555.28723","2","3.268195","0","2632.232","805.40845","0","0","0","0","0","5","6.03005","1","4918.864","809.5455","73","52.52128","4","114059.83","2171.688","113.23605","76.59544","36.64061","26.603973","0.87695"
"D:\HAA\dACC revisions\Run 4\Br8667_dlPFC_20x_img_006-MaxIP-Stitched_unmixed_rotated.nd2","Layer 1","dACC_v17_ FISH-IF v2.4.4","1752","6416","6440","2770","2793","0","0","0","0","1","1","1923.3087","0","286.0954","0","0","0","0","0","0","0","0","0","0","0","0","0","0","0","0","0","0","0","0","80.04777","63.20045","16.847317","18.022047","0.859468"
"D:\HAA\dACC revisions\Run 4\Br8667_dlPFC_20x_img_006-MaxIP-Stitched_unmixed_rotated.nd2","Layer 1","dACC_v17_ FISH-IF v2.4.4","1753","6656","6677","2779","2800","0","0","0","1","1","1","1500.2233","0","262.7944","4","11.369637","1","20678.516","1818.749","0","0","0","0","0","0","0","0","0","0","0","0","0","0","0","64.075035","54.17839","9.896647","13.731083","0.797548"
"D:\HAA\dACC revisions\Run 4\Br8667_dlPFC_20x_img_006-MaxIP-Stitched_unmixed_rotated.nd2","Layer 1","dACC_v17_ FISH-IF v2.4.4","1754","6504","6535","2789","2821","0","0","0","1","1","1","2163.812","0","526.05334","7","16.387007","1","21081.01","1286.4467","0","0","0","0","0","2","1.288866","0","1022.9911","793.7143","0","0","0","0","0","145.64183","94.961784","50.68004","32.182224","0.842879"
"D:\HAA\dACC revisions\Run 4\Br8667_dlPFC_20x_img_006-MaxIP-Stitched_unmixed_rotated.nd2","Layer 1","dACC_v17_ FISH-IF v2.4.4","1755","6345","6366","2807","2830","0","0","0","1","1","1","1373.0452","0","242.8127","5","6.628452","1","6467.7583","962.3904","0","0","0","0","0","1","0.690464","0","511.08127","740.2","0","0","0","0","0","71.992355","58.73545","13.256905","15.876565","0.826459"
"D:\HAA\dACC revisions\Run 4\Br8667_dlPFC_20x_img_006-MaxIP-Stitched_unmixed_rotated.nd2","Layer 1","dACC_v17_ FISH-IF v2.4.4","1756","6616","6639","2830","2854","0","0","0","0","1","1","1043.4829","0","227.58223","1","0.690464","0","543.5331","787.2","1","1.611082","0","1647.8608","1022.82855","2","1.933299","0","1617.8947","836.8571","1","1.104742","0","585.92755","530.375","75.58276","62.14174","13.441028","17.59295","0.673095"
"D:\HAA\dACC revisions\Run 4\Br8667_dlPFC_20x_img_006-MaxIP-Stitched_unmixed_rotated.nd2","Layer 1","dACC_v17_ FISH-IF v2.4.4","1757","6506","6526","2842","2861","0","0","0","0","1","1","547.01245","0","167.34454","0","0","0","0","0","0","0","0","0","0","0","0","0","0","0","0","0","0","0","0","56.71009","49.299114","7.410978","11.585601","0.916368"
"D:\HAA\dACC revisions\Run 4\Br8667_dlPFC_20x_img_006-MaxIP-Stitched_unmixed_rotated.nd2","Layer 1","dACC_v17_ FISH-IF v2.4.4","1758","6551","6575","2856","2882","0","0","0","0","1","1","2673.949","0","473.4435","0","0","0","0","0","0","0","0","0","0","0","0","0","0","0","0","0","0","0","0","87.64287","66.00834","21.634531","21.240269","0.833822"
"D:\HAA\dACC revisions\Run 4\Br8667_dlPFC_20x_img_006-MaxIP-Stitched_unmixed_rotated.nd2","Layer 1","dACC_v17_ FISH-IF v2.4.4","1759","6502","6529","2865","2898","0","0","0","0","1","1","1765.0769","0","387.48535","0","0","0","0","0","0","0","0","0","0","0","0","0","0","0","0","0","0","0","0","137.21817","91.14122","46.07695","29.607647","0.814163"
"D:\HAA\dACC revisions\Run 4\Br8667_dlPFC_20x_img_006-MaxIP-Stitched_unmixed_rotated.nd2","Layer 1","dACC_v17_ FISH-IF v2.4.4","1760","6534","6562","2873","2908","0","0","0","0","1","1","2286.4072","0","383.11575","0","0","0","0","0","0","0","0","0","0","0","0","0","0","0","0","0","0","0","0","121.70575","72.77488","48.930866","31.967678","0.731225"
"D:\HAA\dACC revisions\Run 4\Br8667_dlPFC_20x_img_006-MaxIP-Stitched_unmixed_rotated.nd2","Layer 1","dACC_v17_ FISH-IF v2.4.4","1761","6555","6578","2886","2910","0","0","0","0","1","1","1672.5051","0","502.63675","0","0","0","0","0","0","0","0","0","0","0","0","0","0","0","0","0","0","0","0","81.658844","54.868855","26.789993","23.171202","0.687608"
"D:\HAA\dACC revisions\Run 4\Br8667_dlPFC_20x_img_006-MaxIP-Stitched_unmixed_rotated.nd2","Layer 1","dACC_v17_ FISH-IF v2.4.4","1762","6634","6667","2902","2931","0","0","0","0","1","1","1387.0499","0","368.53906","0","0","0","0","0","0","0","0","0","0","0","0","0","0","0","1","0.920618","0","441.02222","479.05","138.461","87.78096","50.68004","32.61132","0.774392"
"D:\HAA\dACC revisions\Run 4\Br8667_dlPFC_20x_img_006-MaxIP-Stitched_unmixed_rotated.nd2","Layer 1","dACC_v17_ FISH-IF v2.4.4","1763","6478","6515","2920","2951","0","0","0","0","1","1","1606.0913","0","444.99377","0","0","0","0","0","0","0","0","0","0","0","0","0","0","0","0","0","0","0","0","136.3896","81.474724","54.914886","36.044094","0.705598"
"D:\HAA\dACC revisions\Run 4\Br8667_dlPFC_20x_img_006-MaxIP-Stitched_unmixed_rotated.nd2","Layer 1","dACC_v17_ FISH-IF v2.4.4","1764","6492","6521","2936","2964","0","0","0","0","1","1","2517.803","0","466.5084","0","0","0","0","0","0","0","0","0","0","0","0","0","0","0","1","0.736495","0","350.75558","476.25","104.99652","65.73215","39.264374","27.891262","0.854876"
"D:\HAA\dACC revisions\Run 4\Br8667_dlPFC_20x_img_006-MaxIP-Stitched_unmixed_rotated.nd2","Layer 1","dACC_v17_ FISH-IF v2.4.4","1765","6274","6304","2954","2983","0","0","0","0","1","1","1506.2821","0","320.45877","0","0","0","0","0","0","0","0","0","0","0","0","0","0","0","1","0.414278","0","206.58676","498.66666","124.329506","85.985756","38.343754","28.320358","0.736043"
"D:\HAA\dACC revisions\Run 4\Br8667_dlPFC_20x_img_006-MaxIP-Stitched_unmixed_rotated.nd2","Layer 1","dACC_v17_ FISH-IF v2.4.4","1766","6436","6456","2956","2976","0","0","0","0","1","1","756.47595","0","205.43507","0","0","0","0","0","2","3.590412","0","5475.0093","1524.8975","0","0","0","0","0","0","0","0","0","0","56.111687","47.503906","8.607781","12.014698","0.888241"
"D:\HAA\dACC revisions\Run 4\Br8667_dlPFC_20x_img_006-MaxIP-Stitched_unmixed_rotated.nd2","Layer 1","dACC_v17_ FISH-IF v2.4.4","1767","6460","6476","2969","2987","0","0","0","0","1","1","849.1188","0","301.5462","0","0","0","0","0","0","0","0","0","0","0","0","0","0","0","0","0","0","0","0","40.737362","33.372414","7.364947","11.156505","0.729599"
"D:\HAA\dACC revisions\Run 4\Br8667_dlPFC_20x_img_006-MaxIP-Stitched_unmixed_rotated.nd2","Layer 1","dACC_v17_ FISH-IF v2.4.4","1768","6444","6461","2971","2985","0","0","0","0","1","1","929.19714","0","412.73782","1","0.920618","0","821.1455","891.95","0","0","0","0","0","0","0","0","0","0","0","0","0","0","0","36.962826","27.388395","9.57443","13.731083","0.660127"
"D:\HAA\dACC revisions\Run 4\Br8667_dlPFC_20x_img_006-MaxIP-Stitched_unmixed_rotated.nd2","Layer 1","dACC_v17_ FISH-IF v2.4.4","1769","6442","6468","2985","3011","0","0","0","1","1","1","1501.052","0","399.98615","4","6.260205","1","6328.2847","1010.875","0","0","0","0","0","0","0","0","0","0","1","0.690464","0","311.07693","450.53333","81.658844","49.805454","31.853395","28.10581","0.709073"
"D:\HAA\dACC revisions\Run 4\Br8667_dlPFC_20x_img_006-MaxIP-Stitched_unmixed_rotated.nd2","Layer 1","dACC_v17_ FISH-IF v2.4.4","1770","6346","6374","2985","3016","0","0","0","1","1","1","1613.3157","0","284.21606","10","26.928087","2","41013.316","1523.0684","0","0","0","0","0","1","0.966649","0","793.06665","820.4286","0","0","0","0","0","127.96595","87.13653","40.829422","28.749454","0.822693"
"D:\HAA\dACC revisions\Run 4\Br8667_dlPFC_20x_img_006-MaxIP-Stitched_unmixed_rotated.nd2","Layer 1","dACC_v17_ FISH-IF v2.4.4","1771","6433","6458","2996","3019","0","0","0","1","1","1","1886.258","0","328.2232","4","9.850616","1","18430.918","1803.6171","0","0","0","0","0","1","0.874587","0","704.227","805.2105","0","0","0","0","0","68.632095","47.227722","21.404377","21.883913","0.79543"
"D:\HAA\dACC revisions\Run 4\Br8667_dlPFC_20x_img_006-MaxIP-Stitched_unmixed_rotated.nd2","Layer 1","dACC_v17_ FISH-IF v2.4.4","1772","6298","6329","3015","3040","0","0","1","0","1","1","2613.727","0","424.62436","0","0","0","0","0","1","1.380928","0","1332.1808","964.7","0","0","0","0","0","9","15.374327","1","13791.461","897.0449","114.84714","81.612816","33.23432","26.174877","0.773687"
"D:\HAA\dACC revisions\Run 4\Br8667_dlPFC_20x_img_006-MaxIP-Stitched_unmixed_rotated.nd2","Layer 1","dACC_v17_ FISH-IF v2.4.4","1773","6568","6602","3083","3117","0","0","0","1","1","1","1890.1014","0","319.5244","17","40.6453","3","78070.46","1920.7747","0","0","0","0","0","3","2.577731","0","2123.038","823.6071","2","5.615772","0","3593.6338","639.918","160.32568","99.97916","60.346535","36.044094","0.885227"
"D:\HAA\dACC revisions\Run 4\Br8667_dlPFC_20x_img_006-MaxIP-Stitched_unmixed_rotated.nd2","Layer 1","dACC_v17_ FISH-IF v2.4.4","1774","6420","6446","3085","3118","0","0","0","0","1","1","1681.9205","0","271.98615","0","0","0","0","0","0","0","0","0","0","0","0","0","0","0","0","0","0","0","0","117.19472","83.03977","34.15494","28.10581","0.676768"
"D:\HAA\dACC revisions\Run 4\Br8667_dlPFC_20x_img_006-MaxIP-Stitched_unmixed_rotated.nd2","Layer 1","dACC_v17_ FISH-IF v2.4.4","1775","6438","6470","3105","3138","0","0","0","0","1","1","2070.272","0","427.38388","0","0","0","0","0","0","0","0","0","0","0","0","0","0","0","0","0","0","0","0","146.33229","93.16658","53.16571","33.040417","0.89506"
"D:\HAA\dACC revisions\Run 4\Br8667_dlPFC_20x_img_006-MaxIP-Stitched_unmixed_rotated.nd2","Layer 1","dACC_v17_ FISH-IF v2.4.4","1776","6302","6336","3159","3186","0","0","0","1","1","1","2271.4768","0","312.9753","5","9.804585","1","11619.216","1185.0798","0","0","0","0","0","2","1.887268","0","1840.178","869.06525","0","0","0","0","0","136.25151","91.37137","44.880146","30.036743","0.755854"
"D:\HAA\dACC revisions\Run 4\Br8667_dlPFC_20x_img_006-MaxIP-Stitched_unmixed_rotated.nd2","Layer 1","dACC_v17_ FISH-IF v2.4.4","1777","6522","6544","3159","3185","0","0","0","0","1","1","2324.148","0","256.90637","0","0","0","0","0","0","0","0","0","0","0","0","0","0","0","0","0","0","0","0","77.74622","63.430603","14.315616","18.022047","0.689685"
"D:\HAA\dACC revisions\Run 4\Br8667_dlPFC_20x_img_006-MaxIP-Stitched_unmixed_rotated.nd2","Layer 1","dACC_v17_ FISH-IF v2.4.4","1778","2190","2213","3583","3614","0","0","0","0","1","1","2230.5415","0","510.77512","0","0","0","0","0","0","0","0","0","0","0","0","0","0","0","2","1.565051","0","754.90704","482.35294","91.27931","53.62602","37.65329","29.822195","0.728741"
"D:\HAA\dACC revisions\Run 4\Br8667_dlPFC_20x_img_006-MaxIP-Stitched_unmixed_rotated.nd2","Layer 1","dACC_v17_ FISH-IF v2.4.4","1779","2166","2191","3584","3612","0","0","0","0","1","1","2219.5676","0","435.65515","0","0","0","0","0","0","0","0","0","0","0","0","0","0","0","3","3.866597","0","2081.1958","538.25","99.10457","54.592667","44.511898","30.894936","0.845023"
"D:\HAA\dACC revisions\Run 4\Br8667_dlPFC_20x_img_006-MaxIP-Stitched_unmixed_rotated.nd2","Layer 1","dACC_v17_ FISH-IF v2.4.4","1780","2032","2065","3589","3616","0","0","0","1","1","1","1848.947","0","317.90524","6","14.131492","1","16306.545","1153.9153","0","0","0","0","0","1","0.50634","0","311.123","614.4545","0","0","0","0","0","123.08667","79.67952","43.407154","29.607647","0.776955"
"D:\HAA\dACC revisions\Run 4\Br8667_dlPFC_20x_img_006-MaxIP-Stitched_unmixed_rotated.nd2","Layer 1","dACC_v17_ FISH-IF v2.4.4","1781","1984","2003","3590","3610","0","0","0","0","1","1","604.8571","0","177.59344","0","0","0","0","0","0","0","0","0","0","0","0","0","0","0","0","0","0","0","0","53.579987","47.780094","5.799896","10.727408","0.685736"
"D:\HAA\dACC revisions\Run 4\Br8667_dlPFC_20x_img_006-MaxIP-Stitched_unmixed_rotated.nd2","Layer 1","dACC_v17_ FISH-IF v2.4.4","1782","1949","1973","3597","3624","0","0","0","0","1","1","1983.2197","0","344.03555","0","0","0","0","0","0","0","0","0","0","0","0","0","0","0","0","0","0","0","0","82.441376","54.362514","28.07886","25.316685","0.792241"
"D:\HAA\dACC revisions\Run 4\Br8667_dlPFC_20x_img_006-MaxIP-Stitched_unmixed_rotated.nd2","Layer 1","dACC_v17_ FISH-IF v2.4.4","1783","2162","2192","3606","3628","1","0","1","0","1","1","1841.7643","0","420.44327","0","0","0","0","0","5","8.699843","1","8846.82","1016.89417","1","0.736495","0","555.2249","753.875","11","24.166231","2","15374.971","636.21716","91.18725","57.21643","33.970818","28.10581","0.747856"
"D:\HAA\dACC revisions\Run 4\Br8667_dlPFC_20x_img_006-MaxIP-Stitched_unmixed_rotated.nd2","Layer 1","dACC_v17_ FISH-IF v2.4.4","1784","2195","2219","3604","3633","0","0","0","0","1","1","3064.263","0","462.08026","0","0","0","0","0","1","0.920618","0","1585.9492","1076.6875","0","0","0","0","0","0","0","0","0","0","87.688896","60.20844","27.480457","24.67304","0.708109"
"D:\HAA\dACC revisions\Run 4\Br8667_dlPFC_20x_img_006-MaxIP-Stitched_unmixed_rotated.nd2","Layer 1","dACC_v17_ FISH-IF v2.4.4","1785","1961","1991","3607","3635","0","0","0","0","1","1","2127.3076","0","442.823","0","0","0","0","0","0","0","0","0","0","0","0","0","0","0","0","0","0","0","0","105.779045","67.619415","38.15963","28.749454","0.769678"
"D:\HAA\dACC revisions\Run 4\Br8667_dlPFC_20x_img_006-MaxIP-Stitched_unmixed_rotated.nd2","Layer 1","dACC_v17_ FISH-IF v2.4.4","1786","2050","2081","3608","3637","1","0","1","0","1","1","1810.0062","0","480.7991","0","0","0","0","0","4","4.695154","1","4336.2046","841.0893","0","0","0","0","0","11","18.09015","2","10118.332","559.32825","106.37745","61.865555","44.511898","30.036743","0.809451"
"D:\HAA\dACC revisions\Run 4\Br8667_dlPFC_20x_img_006-MaxIP-Stitched_unmixed_rotated.nd2","Layer 1","dACC_v17_ FISH-IF v2.4.4","1787","2133","2158","3608","3640","1","0","1","0","1","1","2034.2826","0","410.9237","0","0","0","0","0","14","17.031439","2","22203.887","1246.4315","0","0","0","0","0","27","50.21973","3","39127.66","779.1292","117.747086","77.83828","39.908806","27.891262","0.785593"
"D:\HAA\dACC revisions\Run 4\Br8667_dlPFC_20x_img_006-MaxIP-Stitched_unmixed_rotated.nd2","Layer 1","dACC_v17_ FISH-IF v2.4.4","1788","2249","2269","3611","3630","0","0","0","0","1","1","415.36","0","128.70297","0","0","0","0","0","0","0","0","0","0","0","0","0","0","0","0","0","0","0","0","52.24509","46.491226","5.753865","10.298312","0.823354"
"D:\HAA\dACC revisions\Run 4\Br8667_dlPFC_20x_img_006-MaxIP-Stitched_unmixed_rotated.nd2","Layer 1","dACC_v17_ FISH-IF v2.4.4","1789","2102","2135","3612","3638","0","0","0","0","1","1","1463.8705","0","480.91306","1","0.598402","0","443.27774","740.7692","2","2.347577","0","2608.48","1111.1372","0","0","0","0","0","3","4.925308","0","2742.8442","556.8879","115.35348","73.05106","42.302414","31.324034","0.666748"
"D:\HAA\dACC revisions\Run 4\Br8667_dlPFC_20x_img_006-MaxIP-Stitched_unmixed_rotated.nd2","Layer 1","dACC_v17_ FISH-IF v2.4.4","1790","2040","2074","3622","3654","1","0","1","0","1","1","1595.4674","0","433.75864","1","0.920618","0","766.783","832.9","19","28.355045","3","46155.57","1627.7727","0","0","0","0","0","7","5.52371","1","2617.5942","473.88333","135.42296","83.91436","51.5086","35.614998","0.706606"
"D:\HAA\dACC revisions\Run 4\Br8667_dlPFC_20x_img_006-MaxIP-Stitched_unmixed_rotated.nd2","Layer 1","dACC_v17_ FISH-IF v2.4.4","1791","2169","2206","3628","3659","0","0","1","0","1","1","1814.456","0","446.5175","0","0","0","0","0","2","1.611082","0","1346.0361","790.32434","0","0","0","0","0","13","21.404377","2","12352.857","577.1183","156.59718","100.07121","56.525967","37.76048","0.710232"
"D:\HAA\dACC revisions\Run 4\Br8667_dlPFC_20x_img_006-MaxIP-Stitched_unmixed_rotated.nd2","Layer 1","dACC_v17_ FISH-IF v2.4.4","1792","2076","2103","3627","3654","0","0","0","0","1","1","2096.8682","0","486.4781","0","0","0","0","0","1","0.828557","0","1200.072","1448.3889","0","0","0","0","0","1","0.414278","0","187.39186","452.33334","100.11725","73.5574","26.55984","24.458492","0.749775"
"D:\HAA\dACC revisions\Run 4\Br8667_dlPFC_20x_img_006-MaxIP-Stitched_unmixed_rotated.nd2","Layer 1","dACC_v17_ FISH-IF v2.4.4","1793","2104","2130","3634","3659","0","0","0","1","1","1","2237.2551","0","473.92117","9","23.613861","1","36977.05","1565.9045","1","1.104742","0","904.00116","818.2917","1","1.242835","0","1182.074","951.1111","1","0.414278","0","368.66162","444.94446","102.050545","68.30988","33.74066","25.316685","0.841621"
"D:\HAA\dACC revisions\Run 4\Br8667_dlPFC_20x_img_006-MaxIP-Stitched_unmixed_rotated.nd2","Layer 1","dACC_v17_ FISH-IF v2.4.4","1794","1947","1976","3647","3674","0","0","0","0","1","1","1327.431","0","272.25085","0","0","0","0","0","0","0","0","0","0","0","0","0","0","0","3","6.352267","0","3503.413","551.5217","111.486885","79.44936","32.037518","25.74578","0.805208"
"D:\HAA\dACC revisions\Run 4\Br8667_dlPFC_20x_img_006-MaxIP-Stitched_unmixed_rotated.nd2","Layer 1","dACC_v17_ FISH-IF v2.4.4","1795","2014","2035","3657","3676","0","0","0","0","1","1","502.8671","0","140.63426","0","0","0","0","0","2","1.242835","0","916.01526","737.03705","0","0","0","0","0","1","0.368247","0","162.07486","440.125","56.986275","49.71339","7.272885","11.585601","0.779151"
"D:\HAA\dACC revisions\Run 4\Br8667_dlPFC_20x_img_006-MaxIP-Stitched_unmixed_rotated.nd2","Layer 1","dACC_v17_ FISH-IF v2.4.4","1796","2239","2266","3665","3693","0","0","0","0","1","1","3285.916","0","473.4867","0","0","0","0","0","0","0","0","0","0","0","0","0","0","0","1","0.782526","0","431.49384","551.41174","104.075905","76.13514","27.940767","24.458492","0.783812"
"D:\HAA\dACC revisions\Run 4\Br8667_dlPFC_20x_img_006-MaxIP-Stitched_unmixed_rotated.nd2","Layer 1","dACC_v17_ FISH-IF v2.4.4","1797","2178","2200","3684","3709","1","0","1","0","1","1","542.5879","0","183.32579","0","0","0","0","0","4","7.963349","1","8383.565","1052.7688","0","0","0","0","0","4","7.318916","1","4055.462","554.10693","78.20653","63.016327","15.190203","17.59295","0.744191"
"D:\HAA\dACC revisions\Run 4\Br8667_dlPFC_20x_img_006-MaxIP-Stitched_unmixed_rotated.nd2","Layer 1","dACC_v17_ FISH-IF v2.4.4","1798","2217","2244","3706","3735","0","0","0","0","1","1","2261.8083","0","510.85376","1","1.150773","0","964.80804","838.4","0","0","0","0","0","0","0","0","0","0","0","0","0","0","0","107.20601","77.424","29.782003","25.74578","0.710755"
"D:\HAA\dACC revisions\Run 4\Br8667_dlPFC_20x_img_006-MaxIP-Stitched_unmixed_rotated.nd2","Layer 1","dACC_v17_ FISH-IF v2.4.4","1799","2116","2139","3715","3738","0","0","0","0","1","1","1027.7468","0","209.51225","0","0","0","0","0","1","1.380928","0","1267.2772","888.0968","0","0","0","0","0","3","2.393608","0","1137.7002","475.30768","76.365295","62.003647","14.361647","17.807499","0.750504"
"D:\HAA\dACC revisions\Run 4\Br8667_dlPFC_20x_img_006-MaxIP-Stitched_unmixed_rotated.nd2","Layer 1","dACC_v17_ FISH-IF v2.4.4","1800","2204","2222","3723","3742","0","0","0","0","1","1","1559.6239","0","268.28696","2","2.669793","0","3005.3125","847.9091","0","0","0","0","0","0","0","0","0","0","1","0.874587","0","431.67795","493.57895","48.05628","42.670662","5.385617","9.44012","0.869941"
"D:\HAA\dACC revisions\Run 4\Br8667_dlPFC_20x_img_006-MaxIP-Stitched_unmixed_rotated.nd2","Layer 1","dACC_v17_ FISH-IF v2.4.4","1801","1986","2018","3748","3774","1","0","1","0","1","1","1473.7054","0","277.3669","0","0","0","0","0","10","20.11551","2","23270.01","1156.8192","0","0","0","0","0","6","9.942678","1","5007.9795","503.68518","119.4042","84.55879","34.845406","27.03307","0.714961"
"D:\HAA\dACC revisions\Run 4\Br8667_dlPFC_20x_img_006-MaxIP-Stitched_unmixed_rotated.nd2","Layer 1","dACC_v17_ FISH-IF v2.4.4","1802","1956","1980","3769","3801","0","0","0","0","1","1","1763.3528","0","299.3154","0","0","0","0","0","0","0","0","0","0","0","0","0","0","0","0","0","0","0","0","101.49818","78.66684","22.831335","25.74578","0.544273"
"D:\HAA\dACC revisions\Run 4\Br8667_dlPFC_20x_img_006-MaxIP-Stitched_unmixed_rotated.nd2","Layer 1","dACC_v17_ FISH-IF v2.4.4","1803","1906","1935","3777","3803","0","0","0","1","1","1","1535.7799","0","354.42798","4","17.169533","1","21691.656","1263.3807","0","0","0","0","0","0","0","0","0","0","0","0","0","0","0","107.39013","78.94302","28.447107","25.316685","0.724699"
"D:\HAA\dACC revisions\Run 4\Br8667_dlPFC_20x_img_006-MaxIP-Stitched_unmixed_rotated.nd2","Layer 1","dACC_v17_ FISH-IF v2.4.4","1804","1935","1965","3793","3821","0","0","0","1","1","1","2230.3552","0","307.6714","4","3.958659","1","3330.705","841.3721","1","1.380928","0","1135.9509","822.6","0","0","0","0","0","0","0","0","0","0","119.35817","81.52075","37.837414","27.462166","0.860765"
"D:\HAA\dACC revisions\Run 4\Br8667_dlPFC_20x_img_006-MaxIP-Stitched_unmixed_rotated.nd2","Layer 1","dACC_v17_ FISH-IF v2.4.4","1805","1868","1898","3796","3822","0","0","0","0","1","1","2511.5486","0","459.54163","0","0","0","0","0","0","0","0","0","0","0","0","0","0","0","0","0","0","0","0","108.90915","78.52875","30.380405","25.316685","0.783883"
"D:\HAA\dACC revisions\Run 4\Br8667_dlPFC_20x_img_006-MaxIP-Stitched_unmixed_rotated.nd2","Layer 1","dACC_v17_ FISH-IF v2.4.4","1806","2235","2264","3837","3869","1","0","1","0","1","1","1919.5682","0","322.98297","0","0","0","0","0","9","15.512419","1","20971.777","1351.9347","0","0","0","0","0","11","20.898037","2","12314.836","589.2819","126.58502","89.16189","37.423138","30.036743","0.690213"
"D:\HAA\dACC revisions\Run 4\Br8667_dlPFC_20x_img_006-MaxIP-Stitched_unmixed_rotated.nd2","Layer 1","dACC_v17_ FISH-IF v2.4.4","1807","2021","2051","3851","3885","0","0","0","1","1","1","1843.2925","0","350.64273","16","34.15494","3","57538.65","1684.6361","0","0","0","0","0","0","0","0","0","0","0","0","0","0","0","142.7879","93.53482","49.253082","32.61132","0.801819"
"D:\HAA\dACC revisions\Run 4\Br8667_dlPFC_20x_img_006-MaxIP-Stitched_unmixed_rotated.nd2","Layer 1","dACC_v17_ FISH-IF v2.4.4","1808","2137","2169","3874","3902","1","0","1","0","1","1","1928.9889","0","399.61008","1","1.565051","0","1232.2017","787.32355","17","29.04551","3","44030.09","1515.9001","0","0","0","0","0","10","13.302936","2","7470.3115","561.55365","130.17543","80.50807","49.66736","32.182224","0.769466"
"D:\HAA\dACC revisions\Run 4\Br8667_dlPFC_20x_img_006-MaxIP-Stitched_unmixed_rotated.nd2","Layer 1","dACC_v17_ FISH-IF v2.4.4","1809","1946","1964","3891","3911","0","0","0","0","1","1","397.89343","0","134.9582","0","0","0","0","0","0","0","0","0","0","0","0","0","0","0","0","0","0","0","0","51.876842","46.26107","5.615772","9.869216","0.807986"
"D:\HAA\dACC revisions\Run 4\Br8667_dlPFC_20x_img_006-MaxIP-Stitched_unmixed_rotated.nd2","Layer 1","dACC_v17_ FISH-IF v2.4.4","1810","2166","2194","3896","3917","0","0","0","1","1","1","2371.7993","0","371.37982","6","15.926698","1","32072.502","2013.7572","0","0","0","0","0","0","0","0","0","0","0","0","0","0","0","85.019104","60.71478","24.304325","24.458492","0.702125"
"D:\HAA\dACC revisions\Run 4\Br8667_dlPFC_20x_img_006-MaxIP-Stitched_unmixed_rotated.nd2","Layer 1","dACC_v17_ FISH-IF v2.4.4","1811","2136","2165","3901","3925","0","0","0","1","1","1","2195.536","0","670.4421","16","38.389786","3","91417.03","2381.2854","2","2.163453","0","2084.6482","963.57446","1","0.782526","0","559.9661","715.58826","0","0","0","0","0","108.58694","70.70349","37.883446","27.247618","0.777699"
"D:\HAA\dACC revisions\Run 4\Br8667_dlPFC_20x_img_006-MaxIP-Stitched_unmixed_rotated.nd2","Layer 1","dACC_v17_ FISH-IF v2.4.4","1812","2167","2189","3916","3935","0","0","0","1","1","1","2025.6295","0","417.66748","6","16.663193","1","32966.746","1978.4171","0","0","0","0","0","0","0","0","0","0","0","0","0","0","0","56.525967","37.515198","19.010769","19.309336","0.753768"
"D:\HAA\dACC revisions\Run 4\Br8667_dlPFC_20x_img_006-MaxIP-Stitched_unmixed_rotated.nd2","Layer 1","dACC_v17_ FISH-IF v2.4.4","1813","2083","2116","3916","3947","0","0","1","0","1","1","1542.4614","0","339.97797","0","0","0","0","0","1","0.920618","0","1055.0747","881.5769","0","0","0","0","0","9","17.215563","1","9847.9","572.0347","135.42296","87.73493","47.68803","32.182224","0.797296"
"D:\HAA\dACC revisions\Run 4\Br8667_dlPFC_20x_img_006-MaxIP-Stitched_unmixed_rotated.nd2","Layer 1","dACC_v17_ FISH-IF v2.4.4","1814","1931","1957","3921","3954","0","0","0","0","1","1","1623.0808","0","351.95984","0","0","0","0","0","0","0","0","0","0","0","0","0","0","0","0","0","0","0","0","128.74847","88.2873","40.461178","28.534906","0.765113"
"D:\HAA\dACC revisions\Run 4\Br8667_dlPFC_20x_img_006-MaxIP-Stitched_unmixed_rotated.nd2","Layer 1","dACC_v17_ FISH-IF v2.4.4","1815","2185","2201","3921","3939","0","0","0","0","1","1","1721.6024","0","385.23224","3","5.937988","0","6631.122","1099.6794","0","0","0","0","0","1","1.150773","0","969.5953","842.56","2","1.703144","0","785.3795","461.13513","34.200974","26.55984","7.641132","12.443794","0.80161"
"D:\HAA\dACC revisions\Run 4\Br8667_dlPFC_20x_img_006-MaxIP-Stitched_unmixed_rotated.nd2","Layer 1","dACC_v17_ FISH-IF v2.4.4","1816","1958","1976","3922","3941","0","0","0","0","1","1","376.84","0","136.20607","0","0","0","0","0","0","0","0","0","0","0","0","0","0","0","0","0","0","0","0","48.60865","44.005558","4.603092","8.581926","0.837345"
"D:\HAA\dACC revisions\Run 4\Br8667_dlPFC_20x_img_006-MaxIP-Stitched_unmixed_rotated.nd2","Layer 1","dACC_v17_ FISH-IF v2.4.4","1817","2175","2195","3930","3951","0","0","0","0","1","1","1814.6901","0","308.9534","0","0","0","0","0","0","0","0","0","0","0","0","0","0","0","1","0.736495","0","353.10318","479.4375","54.27045","38.527878","15.742574","18.88024","0.707814"
"D:\HAA\dACC revisions\Run 4\Br8667_dlPFC_20x_img_006-MaxIP-Stitched_unmixed_rotated.nd2","Layer 1","dACC_v17_ FISH-IF v2.4.4","1818","2203","2222","3926","3948","0","0","0","0","1","1","409.38394","0","156.65984","0","0","0","0","0","1","1.472989","0","1319.7524","895.96875","0","0","0","0","0","0","0","0","0","0","64.1671","53.856174","10.310925","13.731083","0.813541"
"D:\HAA\dACC revisions\Run 4\Br8667_dlPFC_20x_img_006-MaxIP-Stitched_unmixed_rotated.nd2","Layer 1","dACC_v17_ FISH-IF v2.4.4","1819","2098","2137","3941","3965","1","0","1","0","1","1","1719.8923","0","303.84305","0","0","0","0","0","6","10.495049","1","11412.537","1064.0858","1","0.782526","0","636.5616","813.4706","11","23.705923","2","14860.897","626.88544","140.90063","95.60622","45.294422","32.61132","0.637199"
"D:\HAA\dACC revisions\Run 4\Br8667_dlPFC_20x_img_006-MaxIP-Stitched_unmixed_rotated.nd2","Layer 1","dACC_v17_ FISH-IF v2.4.4","1820","2180","2224","3948","3983","1","0","1","0","1","1","1247.9773","0","297.14194","0","0","0","0","0","43","51.324474","4","98711.37","1923.2808","0","0","0","0","0","4","3.49835","1","1793.1344","512.5658","202.44397","121.291466","81.152504","45.48421","0.66426"
"D:\HAA\dACC revisions\Run 4\Br8667_dlPFC_20x_img_006-MaxIP-Stitched_unmixed_rotated.nd2","Layer 1","dACC_v17_ FISH-IF v2.4.4","1821","2263","2289","3960","3992","1","0","1","0","1","1","2594.7166","0","533.7265","1","0.828557","0","684.0194","825.55554","4","6.720514","1","8847.833","1193.882","0","0","0","0","0","6","7.825256","1","3975.092","507.98236","114.3408","65.64009","48.70071","31.538582","0.769869"
"D:\HAA\dACC revisions\Run 4\Br8667_dlPFC_20x_img_006-MaxIP-Stitched_unmixed_rotated.nd2","Layer 1","dACC_v17_ FISH-IF v2.4.4","1822","2328","2346","3177","3186","0","0","0","0","1","1","1435.2983","0","757.79144","0","0","0","0","0","2","2.761855","0","2841.2583","1028.75","0","0","0","0","0","1","1.749175","0","1048.17","599.2368","25.54716","17.215563","8.331596","11.585601","0.738968"
"D:\HAA\dACC revisions\Run 4\Br8667_dlPFC_20x_img_006-MaxIP-Stitched_unmixed_rotated.nd2","Layer 1","dACC_v17_ FISH-IF v2.4.4","1823","2324","2351","3183","3210","1","0","1","0","1","1","1295.8488","0","372.40274","0","0","0","0","0","7","9.482369","1","9923.897","1046.5631","0","0","0","0","0","10","20.345665","2","11517.534","566.0928","101.82039","67.435295","34.385094","27.03307","0.792433"
"D:\HAA\dACC revisions\Run 4\Br8667_dlPFC_20x_img_006-MaxIP-Stitched_unmixed_rotated.nd2","Layer 1","dACC_v17_ FISH-IF v2.4.4","1824","2508","2541","3180","3207","0","0","0","0","1","1","2203.34","0","418.67154","0","0","0","0","0","0","0","0","0","0","0","0","0","0","0","1","0.414278","0","176.25238","425.44446","127.1374","88.011116","39.12628","28.749454","0.727281"
"D:\HAA\dACC revisions\Run 4\Br8667_dlPFC_20x_img_006-MaxIP-Stitched_unmixed_rotated.nd2","Layer 1","dACC_v17_ FISH-IF v2.4.4","1825","2592","2624","3180","3211","1","0","1","0","1","1","1381.4934","0","409.09097","0","0","0","0","0","35","39.63262","4","84616.29","2117.7983","0","0","0","0","0","14","16.61716","2","9200.107","549.0879","129.57703","80.96838","48.60865","32.396774","0.824038"
"D:\HAA\dACC revisions\Run 4\Br8667_dlPFC_20x_img_006-MaxIP-Stitched_unmixed_rotated.nd2","Layer 1","dACC_v17_ FISH-IF v2.4.4","1826","2642","2673","3184","3215","0","0","0","0","1","1","1923.7987","0","383.71338","0","0","0","0","0","0","0","0","0","0","0","0","0","0","0","1","0.368247","0","155.99878","423.625","127.82786","85.7556","42.072258","30.036743","0.757532"
"D:\HAA\dACC revisions\Run 4\Br8667_dlPFC_20x_img_006-MaxIP-Stitched_unmixed_rotated.nd2","Layer 1","dACC_v17_ FISH-IF v2.4.4","1827","2567","2600","3191","3218","1","0","1","0","1","1","2597.6921","0","633.221","0","0","0","0","0","13","16.61716","2","31257.479","1723.4873","0","0","0","0","0","4","5.201494","1","2922.3188","561.823","127.183426","82.487404","44.696022","33.040417","0.642638"
"D:\HAA\dACC revisions\Run 4\Br8667_dlPFC_20x_img_006-MaxIP-Stitched_unmixed_rotated.nd2","Layer 1","dACC_v17_ FISH-IF v2.4.4","1828","2436","2459","3205","3227","0","0","0","0","1","1","1481.925","0","260.12143","0","0","0","0","0","0","0","0","0","0","0","0","0","0","0","0","0","0","0","0","73.64947","59.517975","14.131492","16.30566","0.89408"
"D:\HAA\dACC revisions\Run 4\Br8667_dlPFC_20x_img_006-MaxIP-Stitched_unmixed_rotated.nd2","Layer 1","dACC_v17_ FISH-IF v2.4.4","1829","2661","2679","3210","3228","0","0","0","0","1","1","1562.3882","0","259.68362","1","0.690464","0","577.91815","837","0","0","0","0","0","0","0","0","0","0","0","0","0","0","0","40.461178","33.464478","6.996699","11.585601","0.716304"
"D:\HAA\dACC revisions\Run 4\Br8667_dlPFC_20x_img_006-MaxIP-Stitched_unmixed_rotated.nd2","Layer 1","dACC_v17_ FISH-IF v2.4.4","1830","2566","2604","3220","3262","1","0","1","0","1","1","1004.82794","0","282.31735","2","3.452319","0","3234.6846","936.96","41","56.019627","4","98196.01","1738.5999","0","0","0","0","0","17","27.52649","3","16317.315","585.92725","222.92773","124.74379","98.183945","47.200596","0.815191"
"D:\HAA\dACC revisions\Run 4\Br8667_dlPFC_20x_img_006-MaxIP-Stitched_unmixed_rotated.nd2","Layer 1","dACC_v17_ FISH-IF v2.4.4","1831","2429","2449","3229","3247","0","0","0","0","1","1","877.831","0","153.61914","0","0","0","0","0","0","0","0","0","0","0","0","0","0","0","3","1.472989","0","917.21204","510.92307","54.6387","48.10231","6.53639","10.727408","0.817866"
"D:\HAA\dACC revisions\Run 4\Br8667_dlPFC_20x_img_006-MaxIP-Stitched_unmixed_rotated.nd2","Layer 1","dACC_v17_ FISH-IF v2.4.4","1832","2311","2339","3230","3256","0","0","0","0","1","1","1938.6506","0","337.43735","0","0","0","0","0","0","0","0","0","0","0","0","0","0","0","2","3.49835","0","2124.8792","607.3947","103.98384","74.201836","29.782003","24.458492","0.912386"
"D:\HAA\dACC revisions\Run 4\Br8667_dlPFC_20x_img_006-MaxIP-Stitched_unmixed_rotated.nd2","Layer 1","dACC_v17_ FISH-IF v2.4.4","1833","2651","2672","3235","3256","0","0","0","0","1","1","1952.1774","0","252.62263","0","0","0","0","0","0","0","0","0","0","0","0","0","0","0","0","0","0","0","0","63.016327","53.67205","9.344276","13.301987","0.735904"
"D:\HAA\dACC revisions\Run 4\Br8667_dlPFC_20x_img_006-MaxIP-Stitched_unmixed_rotated.nd2","Layer 1","dACC_v17_ FISH-IF v2.4.4","1834","2318","2343","3256","3281","1","0","1","0","1","1","1806.9742","0","397.18448","1","0.598402","0","531.47296","888.1539","12","18.09015","2","25311.986","1399.2137","0","0","0","0","0","9","16.801285","1","9375.025","547.4946","97.44745","59.886223","37.56123","26.818521","0.717599"
"D:\HAA\dACC revisions\Run 4\Br8667_dlPFC_20x_img_006-MaxIP-Stitched_unmixed_rotated.nd2","Layer 1","dACC_v17_ FISH-IF v2.4.4","1835","2295","2324","3256","3287","1","0","0","0","1","1","1232.0457","0","380.15665","0","0","0","0","0","19","25.915407","3","37579.09","1437.3029","0","0","0","0","0","3","3.544381","0","1883.401","531.37665","115.58363","68.17179","47.411846","31.109486","0.77842"
"D:\HAA\dACC revisions\Run 4\Br8667_dlPFC_20x_img_006-MaxIP-Stitched_unmixed_rotated.nd2","Layer 1","dACC_v17_ FISH-IF v2.4.4","1836","2598","2626","3278","3311","0","0","0","0","1","1","2268.8435","0","500.86917","0","0","0","0","0","1","1.795206","0","1948.1665","1085.2051","0","0","0","0","0","2","2.117422","0","1265.5741","597.6957","130.17543","89.023796","41.15164","33.040417","0.6208"
"D:\HAA\dACC revisions\Run 4\Br8667_dlPFC_20x_img_006-MaxIP-Stitched_unmixed_rotated.nd2","Layer 1","dACC_v17_ FISH-IF v2.4.4","1837","2393","2424","3281","3313","0","0","0","0","1","1","1789.0011","0","368.4754","0","0","0","0","0","0","0","0","0","0","0","0","0","0","0","0","0","0","0","0","134.91663","93.53482","41.381794","31.324034","0.629377"
"D:\HAA\dACC revisions\Run 4\Br8667_dlPFC_20x_img_006-MaxIP-Stitched_unmixed_rotated.nd2","Layer 1","dACC_v17_ FISH-IF v2.4.4","1838","2579","2598","3284","3307","0","0","0","0","1","1","1788.5369","0","258.62576","1","1.01268","0","909.8931","898.5","0","0","0","0","0","0","0","0","0","0","2","1.749175","0","946.7639","541.2632","63.384575","52.15303","11.231544","15.018372","0.730361"
"D:\HAA\dACC revisions\Run 4\Br8667_dlPFC_20x_img_006-MaxIP-Stitched_unmixed_rotated.nd2","Layer 1","dACC_v17_ FISH-IF v2.4.4","1839","2273","2291","3295","3307","0","0","0","0","1","1","620.1326","0","202.24768","0","0","0","0","0","0","0","0","0","0","0","0","0","0","0","0","0","0","0","0","34.247","29.735973","4.51103","8.796475","0.815384"
"D:\HAA\dACC revisions\Run 4\Br8667_dlPFC_20x_img_006-MaxIP-Stitched_unmixed_rotated.nd2","Layer 1","dACC_v17_ FISH-IF v2.4.4","1840","2274","2291","3308","3318","0","0","0","0","1","1","778.9804","0","281.7364","0","0","0","0","0","0","0","0","0","0","0","0","0","0","0","1","0.414278","0","182.09831","439.55554","24.350355","22.002779","2.347577","6.007349","0.787719"
"D:\HAA\dACC revisions\Run 4\Br8667_dlPFC_20x_img_006-MaxIP-Stitched_unmixed_rotated.nd2","Layer 1","dACC_v17_ FISH-IF v2.4.4","1841","2556","2580","3304","3333","1","0","1","1","1","1","2691.0308","0","421.74115","11","27.52649","2","57650.918","2094.3796","8","10.863297","1","17992.105","1656.2288","2","1.472989","0","1120.8068","760.90625","4","4.280875","1","2136.0647","498.9785","105.594925","72.72885","32.866074","26.174877","0.819564"
"D:\HAA\dACC revisions\Run 4\Br8667_dlPFC_20x_img_006-MaxIP-Stitched_unmixed_rotated.nd2","Layer 1","dACC_v17_ FISH-IF v2.4.4","1842","2579","2611","3308","3343","1","0","1","0","1","1","1534.518","0","396.5374","3","3.590412","0","3093.0015","861.46155","23","35.996178","3","52827.336","1467.5818","0","0","0","0","0","10","18.366337","2","11749.4375","639.7268","157.5178","95.92843","61.589367","35.614998","0.76969"
"D:\HAA\dACC revisions\Run 4\Br8667_dlPFC_20x_img_006-MaxIP-Stitched_unmixed_rotated.nd2","Layer 1","dACC_v17_ FISH-IF v2.4.4","1843","2657","2685","3427","3455","0","0","0","0","1","1","2004.0132","0","267.72916","0","0","0","0","0","0","0","0","0","0","0","0","0","0","0","1","0.322216","0","145.31961","451","101.82039","77.33194","24.488447","25.102137","0.682097"
"D:\HAA\dACC revisions\Run 4\Br8667_dlPFC_20x_img_006-MaxIP-Stitched_unmixed_rotated.nd2","Layer 1","dACC_v17_ FISH-IF v2.4.4","1844","2317","2352","3460","3487","1","0","1","0","1","1","2158.3428","0","366.07834","0","0","0","0","0","8","16.433037","1","17983.682","1094.3613","0","0","0","0","0","14","25.961437","2","18102.12","697.26953","129.85323","89.29998","40.553238","29.822195","0.71901"
"D:\HAA\dACC revisions\Run 4\Br8667_dlPFC_20x_img_006-MaxIP-Stitched_unmixed_rotated.nd2","Layer 1","dACC_v17_ FISH-IF v2.4.4","1845","2278","2308","3470","3496","0","0","0","0","1","1","2202.942","0","552.10504","0","0","0","0","0","1","1.611082","0","1965.7504","1220.1428","0","0","0","0","0","1","0.966649","0","465.51068","481.57144","113.65034","78.02241","35.62793","27.462166","0.766749"
"D:\HAA\dACC revisions\Run 4\Br8667_dlPFC_20x_img_006-MaxIP-Stitched_unmixed_rotated.nd2","Layer 1","dACC_v17_ FISH-IF v2.4.4","1846","2637","2657","3473","3495","0","0","0","0","1","1","1849.2673","0","204.39076","0","0","0","0","0","0","0","0","0","0","0","0","0","0","0","1","0.828557","0","424.26697","512.05554","64.7655","54.77679","9.988709","14.160179","0.758667"
"D:\HAA\dACC revisions\Run 4\Br8667_dlPFC_20x_img_006-MaxIP-Stitched_unmixed_rotated.nd2","Layer 1","dACC_v17_ FISH-IF v2.4.4","1847","2656","2673","3487","3505","0","0","0","0","1","1","445.95456","0","143.47662","0","0","0","0","0","0","0","0","0","0","0","0","0","0","0","0","0","0","0","0","43.407154","40.369114","3.038041","7.08009","0.727793"
"D:\HAA\dACC revisions\Run 4\Br8667_dlPFC_20x_img_006-MaxIP-Stitched_unmixed_rotated.nd2","Layer 1","dACC_v17_ FISH-IF v2.4.4","1848","2289","2316","3494","3511","0","0","0","0","1","1","989.2739","0","455.06305","0","0","0","0","0","0","0","0","0","0","0","0","0","0","0","1","0.644433","0","388.45493","496.41177","67.52736","56.940247","10.587111","16.734756","0.569681"
"D:\HAA\dACC revisions\Run 4\Br8667_dlPFC_20x_img_006-MaxIP-Stitched_unmixed_rotated.nd2","Layer 1","dACC_v17_ FISH-IF v2.4.4","1849","2455","2478","3507","3531","0","0","0","0","1","1","1964.8031","0","340.8176","0","0","0","0","0","0","0","0","0","0","0","0","0","0","0","0","0","0","0","0","82.625496","64.85756","17.767935","18.451143","0.839242"
"D:\HAA\dACC revisions\Run 4\Br8667_dlPFC_20x_img_006-MaxIP-Stitched_unmixed_rotated.nd2","Layer 1","dACC_v17_ FISH-IF v2.4.4","1850","2422","2436","3526","3540","0","0","0","0","1","1","3008.9285","0","953.4","0","0","0","0","0","0","0","0","0","0","0","0","0","0","0","0","0","0","0","0","24.58051","23.936077","0.644433","2.789126","0.741638"
"D:\HAA\dACC revisions\Run 4\Br8667_dlPFC_20x_img_006-MaxIP-Stitched_unmixed_rotated.nd2","Layer 1","dACC_v17_ FISH-IF v2.4.4","1851","2399","2431","3528","3563","0","0","0","0","1","1","3332.0825","0","778.1873","0","0","0","0","0","0","0","0","0","0","0","0","0","0","0","0","0","0","0","0","156.1829","94.86972","61.313183","34.756805","0.827448"
"D:\HAA\dACC revisions\Run 4\Br8667_dlPFC_20x_img_006-MaxIP-Stitched_unmixed_rotated.nd2","Layer 1","dACC_v17_ FISH-IF v2.4.4","1852","2648","2686","3531","3564","1","0","1","0","1","1","1944.9553","0","388.72275","1","1.334897","0","1139.6334","853.7241","8","14.361647","1","16786.371","1168.8334","1","0.920618","0","719.9235","782","18","37.515198","3","23718.074","632.22577","167.36842","105.594925","61.77349","38.61867","0.719852"
"D:\HAA\dACC revisions\Run 4\Br8667_dlPFC_20x_img_006-MaxIP-Stitched_unmixed_rotated.nd2","Layer 1","dACC_v17_ FISH-IF v2.4.4","1853","2313","2336","3535","3559","0","0","0","0","1","1","2245.5156","0","356.05298","0","0","0","0","0","0","0","0","0","0","0","0","0","0","0","1","0.736495","0","347.25723","471.5","82.07313","64.30519","17.767935","18.451143","0.854149"
"D:\HAA\dACC revisions\Run 4\Br8667_dlPFC_20x_img_006-MaxIP-Stitched_unmixed_rotated.nd2","Layer 1","dACC_v17_ FISH-IF v2.4.4","1854","2492","2525","3540","3573","0","0","0","0","1","1","1862.1456","0","321.80008","0","0","0","0","0","0","0","0","0","0","0","0","0","0","0","3","5.155463","0","2888.486","560.2768","161.79868","100.16328","61.6354","34.327705","0.865343"
"D:\HAA\dACC revisions\Run 4\Br8667_dlPFC_20x_img_006-MaxIP-Stitched_unmixed_rotated.nd2","Layer 1","dACC_v17_ FISH-IF v2.4.4","1855","6622","6647","3585","3613","1","0","0","0","1","1","1059.7888","0","279.49454","0","0","0","0","0","4","5.247525","1","7315.4634","1394.079","1","0.828557","0","634.12195","765.3333","0","0","0","0","0","103.29338","76.043076","27.250303","23.600298","0.76244"
"D:\HAA\dACC revisions\Run 4\Br8667_dlPFC_20x_img_006-MaxIP-Stitched_unmixed_rotated.nd2","Layer 1","dACC_v17_ FISH-IF v2.4.4","1856","6426","6447","3601","3628","0","0","0","0","1","1","693.8133","0","226.49913","1","0.552371","0","446.03958","807.5","0","0","0","0","0","0","0","0","0","0","2","1.749175","0","919.7438","525.8158","70.84158","52.843494","17.998089","19.95298","0.693902"
"D:\HAA\dACC revisions\Run 4\Br8667_dlPFC_20x_img_006-MaxIP-Stitched_unmixed_rotated.nd2","Layer 1","dACC_v17_ FISH-IF v2.4.4","1857","6440","6453","3611","3629","0","0","0","0","1","1","789.5954","0","170.33551","0","0","0","0","0","0","0","0","0","0","0","0","0","0","0","0","0","0","0","0","36.226334","28.262983","7.963349","11.585601","0.812091"
"D:\HAA\dACC revisions\Run 4\Br8667_dlPFC_20x_img_006-MaxIP-Stitched_unmixed_rotated.nd2","Layer 1","dACC_v17_ FISH-IF v2.4.4","1858","6339","6367","3615","3639","0","0","0","1","1","1","2481.832","0","371.9943","9","21.036129","1","34171.004","1624.3961","0","0","0","0","0","1","1.01268","0","792.5143","782.5909","0","0","0","0","0","96.158585","72.59076","23.56783","22.31301","0.734867"
"D:\HAA\dACC revisions\Run 4\Br8667_dlPFC_20x_img_006-MaxIP-Stitched_unmixed_rotated.nd2","Layer 1","dACC_v17_ FISH-IF v2.4.4","1859","6355","6377","3644","3668","0","0","0","1","1","1","2133.3975","0","248.86682","6","15.972729","1","22329.092","1370.3079","0","0","0","0","0","1","1.150773","0","989.5727","859.92","0","0","0","0","0","76.227196","61.17509","15.05211","16.734756","0.842151"
"D:\HAA\dACC revisions\Run 4\Br8667_dlPFC_20x_img_006-MaxIP-Stitched_unmixed_rotated.nd2","Layer 1","dACC_v17_ FISH-IF v2.4.4","1860","6396","6433","3647","3677","0","0","1","0","1","1","3187.8652","0","756.00134","0","0","0","0","0","0","0","0","0","0","0","0","0","0","0","36","56.249783","4","56349.668","1001.77576","165.20496","103.33941","61.865555","35.614998","0.793784"
"D:\HAA\dACC revisions\Run 4\Br8667_dlPFC_20x_img_006-MaxIP-Stitched_unmixed_rotated.nd2","Layer 1","dACC_v17_ FISH-IF v2.4.4","1861","6494","6523","3669","3702","0","0","0","1","1","1","2891.9482","0","442.74844","9","24.58051","1","39871.06","1622.0599","0","0","0","0","0","1","0.552371","0","461.64407","716.3571","2","0.920618","0","399.7785","434.25","133.02936","89.4841","43.545246","30.46584","0.774798"
"D:\HAA\dACC revisions\Run 4\Br8667_dlPFC_20x_img_006-MaxIP-Stitched_unmixed_rotated.nd2","Layer 1","dACC_v17_ FISH-IF v2.4.4","1862","6348","6365","3671","3690","0","0","0","1","1","1","2776.35","0","463.76453","4","10.356956","1","16856.107","1627.5155","0","0","0","0","0","0","0","0","0","0","0","0","0","0","0","46.12298","32.451797","13.671183","16.949305","0.744818"
"D:\HAA\dACC revisions\Run 4\Br8667_dlPFC_20x_img_006-MaxIP-Stitched_unmixed_rotated.nd2","Layer 1","dACC_v17_ FISH-IF v2.4.4","1863","6350","6382","3672","3714","0","0","0","1","1","1","3022.3167","0","584.24316","6","11.599792","1","12959.36","1117.2063","0","0","0","0","0","0","0","0","0","0","0","0","0","0","0","145.87198","81.01441","64.85756","42.480537","0.673525"
"D:\HAA\dACC revisions\Run 4\Br8667_dlPFC_20x_img_006-MaxIP-Stitched_unmixed_rotated.nd2","Layer 1","dACC_v17_ FISH-IF v2.4.4","1864","6382","6414","3676","3703","0","0","0","0","1","1","3435.4102","0","551.7295","0","0","0","0","0","0","0","0","0","0","0","0","0","0","0","0","0","0","0","0","117.97724","81.84297","36.13427","28.749454","0.685928"
"D:\HAA\dACC revisions\Run 4\Br8667_dlPFC_20x_img_006-MaxIP-Stitched_unmixed_rotated.nd2","Layer 1","dACC_v17_ FISH-IF v2.4.4","1865","6614","6641","3696","3722","0","0","0","0","1","1","3133.15","0","490.5772","0","0","0","0","0","0","0","0","0","0","0","0","0","0","0","0","0","0","0","0","100.9458","73.92565","27.02015","23.38575","0.864475"
"D:\HAA\dACC revisions\Run 4\Br8667_dlPFC_20x_img_006-MaxIP-Stitched_unmixed_rotated.nd2","Layer 1","dACC_v17_ FISH-IF v2.4.4","1866","6363","6392","3704","3747","0","0","0","0","1","1","2922.8794","0","586.2045","0","0","0","0","0","0","0","0","0","0","0","0","0","0","0","1","0.782526","0","374.0012","477.94116","174.41115","107.57426","66.83689","42.26599","0.617391"
"D:\HAA\dACC revisions\Run 4\Br8667_dlPFC_20x_img_006-MaxIP-Stitched_unmixed_rotated.nd2","Layer 1","dACC_v17_ FISH-IF v2.4.4","1867","6340","6365","3720","3751","0","0","0","0","1","1","3353.7336","0","480.02213","0","0","0","0","0","0","0","0","0","0","0","0","0","0","0","0","0","0","0","0","116.41219","83.2239","33.18829","26.174877","0.762374"
"D:\HAA\dACC revisions\Run 4\Br8667_dlPFC_20x_img_006-MaxIP-Stitched_unmixed_rotated.nd2","Layer 1","dACC_v17_ FISH-IF v2.4.4","1868","6642","6666","3754","3779","1","0","1","0","1","1","1103.4712","0","247.7703","0","0","0","0","0","4","2.99201","1","2611.1958","766.58105","2","1.887268","0","1528.5947","809.95123","5","8.56175","1","4946.8047","577.77954","93.48879","70.33524","23.153551","20.596624","0.846603"
"D:\HAA\dACC revisions\Run 4\Br8667_dlPFC_20x_img_006-MaxIP-Stitched_unmixed_rotated.nd2","Layer 1","dACC_v17_ FISH-IF v2.4.4","1869","6348","6374","3759","3800","0","0","1","0","1","1","2554.2424","0","428.23547","0","0","0","0","0","0","0","0","0","0","0","0","0","0","0","5","9.942678","1","6879.919","691.9583","160.41774","105.36477","55.05298","35.400448","0.653011"
"D:\HAA\dACC revisions\Run 4\Br8667_dlPFC_20x_img_006-MaxIP-Stitched_unmixed_rotated.nd2","Layer 1","dACC_v17_ FISH-IF v2.4.4","1870","6642","6684","3784","3821","0","0","0","0","1","1","1827.6511","0","423.37042","0","0","0","0","0","0","0","0","0","0","0","0","0","0","0","2","2.02536","0","1077.1234","531.8182","200.971","123.2708","77.70019","46.342403","0.661232"
"D:\HAA\dACC revisions\Run 4\Br8667_dlPFC_20x_img_006-MaxIP-Stitched_unmixed_rotated.nd2","Layer 1","dACC_v17_ FISH-IF v2.4.4","1871","6507","6538","3795","3826","0","0","0","0","1","1","2479.0032","0","414.692","0","0","0","0","0","0","0","0","0","0","0","0","0","0","0","2","1.703144","0","905.198","531.4865","135.28487","90.26663","45.018238","30.894936","0.866568"
"D:\HAA\dACC revisions\Run 4\Br8667_dlPFC_20x_img_006-MaxIP-Stitched_unmixed_rotated.nd2","Layer 1","dACC_v17_ FISH-IF v2.4.4","1872","6576","6611","3802","3837","0","0","0","0","1","1","2149.0776","0","428.92285","0","0","0","0","0","0","0","0","0","0","0","0","0","0","0","0","0","0","0","0","176.75873","108.58694","68.17179","38.189575","0.781621"
"D:\HAA\dACC revisions\Run 4\Br8667_dlPFC_20x_img_006-MaxIP-Stitched_unmixed_rotated.nd2","Layer 1","dACC_v17_ FISH-IF v2.4.4","1873","6424","6455","3809","3836","0","0","1","0","1","1","3203.1604","0","515.45734","0","0","0","0","0","0","0","0","0","0","1","0.644433","0","470.38995","729.9286","9","15.236234","1","12084.911","793.1692","119.68038","80.922356","38.758034","27.462166","0.834131"
"D:\HAA\dACC revisions\Run 4\Br8667_dlPFC_20x_img_006-MaxIP-Stitched_unmixed_rotated.nd2","Layer 1","dACC_v17_ FISH-IF v2.4.4","1874","6368","6398","3819","3849","0","0","1","0","1","1","3150.8228","0","551.01337","0","0","0","0","0","0","0","0","0","0","0","0","0","0","0","15","25.224943","3","18245.506","723.3121","125.48028","85.985756","39.494526","28.749454","0.823309"
"D:\HAA\dACC revisions\Run 4\Br8667_dlPFC_20x_img_006-MaxIP-Stitched_unmixed_rotated.nd2","Layer 1","dACC_v17_ FISH-IF v2.4.4","1875","6400","6427","3826","3848","0","0","1","0","1","1","1235.7231","0","396.22473","0","0","0","0","0","0","0","0","0","0","0","0","0","0","0","20","35.581898","3","26080.197","732.96246","88.47142","46.905506","41.565918","28.964003","0.790777"
"D:\HAA\dACC revisions\Run 4\Br8667_dlPFC_20x_img_006-MaxIP-Stitched_unmixed_rotated.nd2","Layer 1","dACC_v17_ FISH-IF v2.4.4","1876","6447","6479","3829","3853","0","0","1","0","1","1","1559.2823","0","296.1528","0","0","0","0","0","0","0","0","0","0","0","0","0","0","0","33","49.437206","4","49558.082","1002.44507","111.164665","81.33663","29.828035","26.174877","0.681882"
"D:\HAA\dACC revisions\Run 4\Br8667_dlPFC_20x_img_006-MaxIP-Stitched_unmixed_rotated.nd2","Layer 1","dACC_v17_ FISH-IF v2.4.4","1877","6421","6444","3832","3851","0","0","1","0","1","1","1072.2113","0","696.2154","0","0","0","0","0","0","0","0","0","0","0","0","0","0","0","19","30.932777","3","30209.678","976.62354","56.66406","32.267673","24.396387","23.814846","0.704974"
"D:\HAA\dACC revisions\Run 4\Br8667_dlPFC_20x_img_006-MaxIP-Stitched_unmixed_rotated.nd2","Layer 1","dACC_v17_ FISH-IF v2.4.4","1878","6632","6654","3834","3862","0","0","0","0","1","1","3208.7534","0","550.89014","0","0","0","0","0","0","0","0","0","0","0","0","0","0","0","2","1.334897","0","686.22894","514.069","93.07452","69.55272","23.5218","21.454817","0.754125"
"D:\HAA\dACC revisions\Run 4\Br8667_dlPFC_20x_img_006-MaxIP-Stitched_unmixed_rotated.nd2","Layer 1","dACC_v17_ FISH-IF v2.4.4","1879","6300","6328","3835","3862","0","0","0","0","1","1","3668.7332","0","409.83975","1","0.690464","0","550.2076","796.86664","0","0","0","0","0","0","0","0","0","0","0","0","0","0","0","109.59962","78.71287","30.886745","25.316685","0.825477"
"D:\HAA\dACC revisions\Run 4\Br8667_dlPFC_20x_img_006-MaxIP-Stitched_unmixed_rotated.nd2","Layer 1","dACC_v17_ FISH-IF v2.4.4","1880","6402","6428","3847","3865","0","0","1","0","1","1","1133.4377","0","533.90533","0","0","0","0","0","0","0","0","0","0","2","1.979329","0","1616.2836","816.5814","8","15.604481","1","10648.7","682.41296","63.5687","36.962826","26.605871","24.67304","0.641158"
"D:\HAA\dACC revisions\Run 4\Br8667_dlPFC_20x_img_006-MaxIP-Stitched_unmixed_rotated.nd2","Layer 1","dACC_v17_ FISH-IF v2.4.4","1881","6514","6536","3853","3874","0","0","0","0","1","1","1843.2064","0","278.47034","0","0","0","0","0","0","0","0","0","0","0","0","0","0","0","0","0","0","0","0","67.25117","55.881535","11.369637","14.589275","0.895944"
"D:\HAA\dACC revisions\Run 4\Br8667_dlPFC_20x_img_006-MaxIP-Stitched_unmixed_rotated.nd2","Layer 1","dACC_v17_ FISH-IF v2.4.4","1882","6642","6675","3855","3881","0","0","0","0","1","1","3148.9238","0","499.20065","1","2.347577","0","2360.7876","1005.62744","0","0","0","0","0","0","0","0","0","0","0","0","0","0","0","123.40889","83.500084","39.908806","28.749454","0.789052"
"D:\HAA\dACC revisions\Run 4\Br8667_dlPFC_20x_img_006-MaxIP-Stitched_unmixed_rotated.nd2","Layer 1","dACC_v17_ FISH-IF v2.4.4","1883","6320","6340","3865","3886","0","0","0","0","1","1","2234.873","0","200.49956","3","7.641132","0","8314.749","1088.1566","0","0","0","0","0","0","0","0","0","0","0","0","0","0","0","59.74813","51.416534","8.331596","12.443794","0.829038"
"D:\HAA\dACC revisions\Run 4\Br8667_dlPFC_20x_img_006-MaxIP-Stitched_unmixed_rotated.nd2","Layer 1","dACC_v17_ FISH-IF v2.4.4","1884","6622","6665","3877","3913","0","0","1","1","1","1","1596.205","0","324.09607","5","10.725204","1","11820.049","1102.0815","0","0","0","0","0","0","0","0","0","0","5","4.741185","1","2458.5112","518.5437","215.93103","120.278786","95.652245","45.48421","0.791266"
"D:\HAA\dACC revisions\Run 4\Br8667_dlPFC_20x_img_006-MaxIP-Stitched_unmixed_rotated.nd2","Layer 1","dACC_v17_ FISH-IF v2.4.4","1885","6292","6311","3897","3916","0","0","0","0","1","1","1512.1693","0","182.50847","2","5.109432","0","6670.5244","1305.5315","0","0","0","0","0","0","0","0","0","0","0","0","0","0","0","51.876842","46.16901","5.707834","9.869216","0.90358"
"D:\HAA\dACC revisions\Run 4\Br8667_dlPFC_20x_img_006-MaxIP-Stitched_unmixed_rotated.nd2","Layer 1","dACC_v17_ FISH-IF v2.4.4","1886","6500","6538","3899","3939","0","0","0","0","1","1","3494.361","0","589.508","0","0","0","0","0","0","0","0","0","0","0","0","0","0","0","1","1.51902","0","717.1617","472.12122","183.01892","98.13792","84.88101","46.7715","0.764382"
"D:\HAA\dACC revisions\Run 4\Br8667_dlPFC_20x_img_006-MaxIP-Stitched_unmixed_rotated.nd2","Layer 1","dACC_v17_ FISH-IF v2.4.4","1887","6614","6645","3909","3937","0","0","0","0","1","1","2825.0195","0","716.89996","1","2.02536","0","1856.8412","916.7955","0","0","0","0","0","0","0","0","0","0","0","0","0","0","0","114.89317","72.22251","42.670662","34.327705","0.648046"
"D:\HAA\dACC revisions\Run 4\Br8667_dlPFC_20x_img_006-MaxIP-Stitched_unmixed_rotated.nd2","Layer 1","dACC_v17_ FISH-IF v2.4.4","1888","6487","6513","3913","3946","0","0","0","0","1","1","2169.7812","0","639.5882","0","0","0","0","0","1","0.414278","0","265.5984","641.1111","0","0","0","0","0","0","0","0","0","0","112.31544","67.06705","45.24839","32.396774","0.736005"
"D:\HAA\dACC revisions\Run 4\Br8667_dlPFC_20x_img_006-MaxIP-Stitched_unmixed_rotated.nd2","Layer 1","dACC_v17_ FISH-IF v2.4.4","1889","6643","6662","3917","3938","0","0","1","0","1","1","3198.7783","0","415.66046","1","1.795206","0","1665.8129","927.9231","0","0","0","0","0","0","0","0","0","0","6","8.699843","1","7848.916","902.1905","58.044987","47.0436","11.00139","14.160179","0.87425"
"D:\HAA\dACC revisions\Run 4\Br8667_dlPFC_20x_img_006-MaxIP-Stitched_unmixed_rotated.nd2","Layer 1","dACC_v17_ FISH-IF v2.4.4","1890","6625","6650","3934","3952","0","0","0","0","1","1","3343.8086","0","461.22168","0","0","0","0","0","0","0","0","0","0","0","0","0","0","0","1","0.460309","0","235.49417","511.6","65.17978","47.13566","18.044119","19.309336","0.833362"
"D:\HAA\dACC revisions\Run 4\Br8667_dlPFC_20x_img_006-MaxIP-Stitched_unmixed_rotated.nd2","Layer 1","dACC_v17_ FISH-IF v2.4.4","1891","6493","6514","3961","3982","0","0","0","0","1","1","1447.39","0","236.65594","2","4.833246","0","5114.311","1058.1523","0","0","0","0","0","0","0","0","0","0","0","0","0","0","0","62.18777","52.981586","9.206183","13.301987","0.781522"
"D:\HAA\dACC revisions\Run 4\Br8667_dlPFC_20x_img_006-MaxIP-Stitched_unmixed_rotated.nd2","Layer 1","dACC_v17_ FISH-IF v2.4.4","1892","1795","1823","2785","2808","0","0","0","0","1","1","3232.46","0","509.58588","3","4.234844","0","5537.1514","994.14874","0","0","0","0","0","0","0","0","0","0","0","0","0","0","0","89.25395","69.138435","20.11551","20.596624","0.732976"
"D:\HAA\dACC revisions\Run 4\Br8667_dlPFC_20x_img_006-MaxIP-Stitched_unmixed_rotated.nd2","Layer 1","dACC_v17_ FISH-IF v2.4.4","1893","1698","1722","2786","2813","0","0","0","0","1","1","2059.9429","0","285.72632","0","0","0","0","0","0","0","0","0","0","0","0","0","0","0","0","0","0","0","0","93.07452","70.473335","22.601181","21.02572","0.804008"
"D:\HAA\dACC revisions\Run 4\Br8667_dlPFC_20x_img_006-MaxIP-Stitched_unmixed_rotated.nd2","Layer 1","dACC_v17_ FISH-IF v2.4.4","1894","1538","1560","2858","2884","0","0","0","1","1","1","3072.1287","0","374.0738","11","28.07886","2","69922.07","2490.2034","0","0","0","0","0","0","0","0","0","0","0","0","0","0","0","80.416016","63.614727","16.801285","18.451143","0.788864"
"D:\HAA\dACC revisions\Run 4\Br8667_dlPFC_20x_img_006-MaxIP-Stitched_unmixed_rotated.nd2","Layer 1","dACC_v17_ FISH-IF v2.4.4","1895","1480","1497","2886","2908","0","0","0","0","1","1","2767.5095","0","290.2324","0","0","0","0","0","0","0","0","0","0","0","0","0","0","0","0","0","0","0","0","58.275143","41.19767","17.07747","20.167528","0.619708"
"D:\HAA\dACC revisions\Run 4\Br8667_dlPFC_20x_img_006-MaxIP-Stitched_unmixed_rotated.nd2","Layer 1","dACC_v17_ FISH-IF v2.4.4","1896","1589","1617","2888","2909","0","0","0","1","1","1","2542.6465","0","344.94058","18","37.14695","3","107401.69","2891.2651","0","0","0","0","0","0","0","0","0","0","1","0.874587","0","439.13495","502.10526","86.538124","68.954315","17.58381","20.167528","0.61397"
"D:\HAA\dACC revisions\Run 4\Br8667_dlPFC_20x_img_006-MaxIP-Stitched_unmixed_rotated.nd2","Layer 1","dACC_v17_ FISH-IF v2.4.4","1897","1498","1511","2890","2907","0","0","0","0","1","1","2273.7273","0","356.0322","0","0","0","0","0","0","0","0","0","0","0","0","0","0","0","0","0","0","0","0","34.983498","31.439117","3.544381","8.367378","0.629785"
"D:\HAA\dACC revisions\Run 4\Br8667_dlPFC_20x_img_006-MaxIP-Stitched_unmixed_rotated.nd2","Layer 1","dACC_v17_ FISH-IF v2.4.4","1898","1852","1870","2926","2945","0","0","0","0","1","1","724.00836","0","108.50652","3","7.088761","0","10022.634","1413.8766","0","0","0","0","0","0","0","0","0","0","0","0","0","0","0","51.416534","45.892826","5.52371","9.869216","0.8777"
"D:\HAA\dACC revisions\Run 4\Br8667_dlPFC_20x_img_006-MaxIP-Stitched_unmixed_rotated.nd2","Layer 1","dACC_v17_ FISH-IF v2.4.4","1899","1754","1780","2934","2957","0","0","0","0","1","1","2650.5918","0","345.3932","0","0","0","0","0","0","0","0","0","0","0","0","0","0","0","0","0","0","0","0","86.354004","60.76081","25.59319","23.171202","0.731191"
"D:\HAA\dACC revisions\Run 4\Br8667_dlPFC_20x_img_006-MaxIP-Stitched_unmixed_rotated.nd2","Layer 1","dACC_v17_ FISH-IF v2.4.4","1900","1728","1759","2938","2964","0","0","0","1","1","1","2900.8074","0","510.84674","4","8.101441","1","7672.203","947.017","0","0","0","0","0","1","0.50634","0","362.1252","715.1818","0","0","0","0","0","108.77106","73.87962","34.891434","28.749454","0.654155"
"D:\HAA\dACC revisions\Run 4\Br8667_dlPFC_20x_img_006-MaxIP-Stitched_unmixed_rotated.nd2","Layer 1","dACC_v17_ FISH-IF v2.4.4","1901","1663","1691","2944","2977","0","0","0","1","1","1","2264.1892","0","461.6869","27","51.23241","3","140662.98","2745.5857","0","0","0","0","0","1","1.058711","0","1014.1532","957.913","0","0","0","0","0","134.77853","90.26663","44.511898","30.894936","0.757532"
"D:\HAA\dACC revisions\Run 4\Br8667_dlPFC_20x_img_006-MaxIP-Stitched_unmixed_rotated.nd2","Layer 1","dACC_v17_ FISH-IF v2.4.4","1902","1733","1751","2987","3006","0","0","0","0","1","1","350.43","0","132.43202","2","1.150773","0","903.67896","785.28","0","0","0","0","0","0","0","0","0","0","0","0","0","0","0","50.311794","45.708702","4.603092","9.225572","0.63159"
"D:\HAA\dACC revisions\Run 4\Br8667_dlPFC_20x_img_006-MaxIP-Stitched_unmixed_rotated.nd2","Layer 1","dACC_v17_ FISH-IF v2.4.4","1903","1751","1780","2994","3023","0","0","0","1","1","1","2384.5798","0","411.22693","11","28.5852","2","51089.53","1787.2721","0","0","0","0","0","1","0.874587","0","797.16345","911.4737","0","0","0","0","0","117.37884","81.33663","36.04221","27.462166","0.895946"
"D:\HAA\dACC revisions\Run 4\Br8667_dlPFC_20x_img_006-MaxIP-Stitched_unmixed_rotated.nd2","Layer 1","dACC_v17_ FISH-IF v2.4.4","1904","1716","1735","3008","3028","0","0","0","1","1","1","615.184","0","102.16362","4","10.172832","1","24053.455","2364.4797","0","0","0","0","0","0","0","0","0","0","0","0","0","0","0","57.860863","50.357822","7.503039","11.585601","0.781865"
"D:\HAA\dACC revisions\Run 4\Br8667_dlPFC_20x_img_006-MaxIP-Stitched_unmixed_rotated.nd2","Layer 1","dACC_v17_ FISH-IF v2.4.4","1905","1836","1855","3008","3029","0","0","0","0","1","1","2493.9312","0","243.65797","0","0","0","0","0","0","0","0","0","0","0","0","0","0","0","0","0","0","0","0","56.756123","49.391174","7.364947","11.585601","0.849265"
"D:\HAA\dACC revisions\Run 4\Br8667_dlPFC_20x_img_006-MaxIP-Stitched_unmixed_rotated.nd2","Layer 1","dACC_v17_ FISH-IF v2.4.4","1906","1736","1763","3019","3041","0","0","0","1","1","1","1921.4944","0","353.11023","8","19.14886","1","37789.91","1973.4807","0","0","0","0","0","0","0","0","0","0","0","0","0","0","0","89.99044","69.32256","20.667881","20.167528","0.769505"
"D:\HAA\dACC revisions\Run 4\Br8667_dlPFC_20x_img_006-MaxIP-Stitched_unmixed_rotated.nd2","Layer 1","dACC_v17_ FISH-IF v2.4.4","1907","1772","1791","3040","3072","0","0","1","0","1","1","1941.95","0","354.80984","0","0","0","0","0","0","0","0","0","0","0","0","0","0","0","5","2.623762","1","1159.8411","442.05264","75.214516","45.75473","29.459787","28.10581","0.611718"
"D:\HAA\dACC revisions\Run 4\Br8667_dlPFC_20x_img_006-MaxIP-Stitched_unmixed_rotated.nd2","Layer 1","dACC_v17_ FISH-IF v2.4.4","1908","1798","1817","3044","3069","0","0","1","0","1","1","2538.7056","0","375.71295","1","0.690464","0","575.20233","833.06665","0","0","0","0","0","0","0","0","0","0","6","12.934688","1","6598.3477","510.1281","64.581375","44.419834","20.161541","19.094788","0.778428"
"D:\HAA\dACC revisions\Run 4\Br8667_dlPFC_20x_img_006-MaxIP-Stitched_unmixed_rotated.nd2","Layer 1","dACC_v17_ FISH-IF v2.4.4","1909","1789","1802","3046","3072","0","0","0","0","1","1","2062.0896","0","435.84824","1","4.142783","0","4203.7275","1014.7111","0","0","0","0","0","0","0","0","0","0","3","6.214174","0","3251.1638","523.1852","47.319782","23.659891","23.659891","21.02572","0.760367"
"D:\HAA\dACC revisions\Run 4\Br8667_dlPFC_20x_img_006-MaxIP-Stitched_unmixed_rotated.nd2","Layer 1","dACC_v17_ FISH-IF v2.4.4","1910","1821","1849","3049","3078","0","0","0","0","1","1","2286.5269","0","426.13116","1","1.058711","0","1142.6255","1079.2609","0","0","0","0","0","0","0","0","0","0","0","0","0","0","0","113.74239","80.36998","33.372414","25.96033","0.835302"
"D:\HAA\dACC revisions\Run 4\Br8667_dlPFC_20x_img_006-MaxIP-Stitched_unmixed_rotated.nd2","Layer 1","dACC_v17_ FISH-IF v2.4.4","1911","1623","1659","3051","3085","0","0","0","0","1","1","2895.847","0","488.584","1","1.657113","0","2587.49","1171.0834","1","0.782526","0","586.1117","749","0","0","0","0","0","0","0","0","0","0","178.92218","110.10596","68.81622","38.61867","0.799792"
"D:\HAA\dACC revisions\Run 4\Br8667_dlPFC_20x_img_006-MaxIP-Stitched_unmixed_rotated.nd2","Layer 1","dACC_v17_ FISH-IF v2.4.4","1912","1603","1623","3060","3085","0","0","0","1","1","1","2344.6072","0","304.25354","4","11.691853","1","23223.656","1986.311","0","0","0","0","0","0","0","0","0","0","0","0","0","0","0","75.858955","61.911583","13.947368","16.30566","0.725703"
"D:\HAA\dACC revisions\Run 4\Br8667_dlPFC_20x_img_006-MaxIP-Stitched_unmixed_rotated.nd2","Layer 1","dACC_v17_ FISH-IF v2.4.4","1913","1768","1791","3065","3092","0","0","0","0","1","1","2702.7505","0","406.26736","2","1.657113","0","1561.5529","942.3333","0","0","0","0","0","0","0","0","0","0","1","0.874587","0","380.30743","434.8421","82.76359","57.67674","25.08685","23.600298","0.6806"
"D:\HAA\dACC revisions\Run 4\Br8667_dlPFC_20x_img_006-MaxIP-Stitched_unmixed_rotated.nd2","Layer 1","dACC_v17_ FISH-IF v2.4.4","1914","1788","1824","3078","3101","0","0","0","1","1","1","1856.7019","0","476.23883","18","35.075558","3","86048.17","2453.2231","0","0","0","0","0","1","0.598402","0","420.26227","702.3077","0","0","0","0","0","119.772446","87.504776","32.267673","29.607647","0.491057"
"D:\HAA\dACC revisions\Run 4\Br8667_dlPFC_20x_img_006-MaxIP-Stitched_unmixed_rotated.nd2","Layer 1","dACC_v17_ FISH-IF v2.4.4","1915","1774","1801","3090","3119","0","0","0","1","1","1","2712.8604","0","349.57242","5","10.817266","1","21954.814","1907.832","0","0","0","0","0","0","0","0","0","0","0","0","0","0","0","92.70627","60.070347","32.63592","29.17855","0.682172"
"D:\HAA\dACC revisions\Run 4\Br8667_dlPFC_20x_img_006-MaxIP-Stitched_unmixed_rotated.nd2","Layer 1","dACC_v17_ FISH-IF v2.4.4","1916","1621","1648","3097","3122","0","0","0","0","1","1","3705.3894","0","420.21674","1","1.104742","0","922.55164","835.0833","0","0","0","0","0","2","1.334897","0","968.76666","725.7241","0","0","0","0","0","100.531525","73.695496","26.836025","22.742105","0.873915"
"D:\HAA\dACC revisions\Run 4\Br8667_dlPFC_20x_img_006-MaxIP-Stitched_unmixed_rotated.nd2","Layer 1","dACC_v17_ FISH-IF v2.4.4","1917","1763","1789","3107","3134","0","0","0","0","1","1","2908.772","0","403.0884","0","0","0","0","0","0","0","0","0","0","0","0","0","0","0","1","0.368247","0","174.5032","473.875","91.87771","60.392563","31.485147","26.389425","0.775048"
"D:\HAA\dACC revisions\Run 4\Br8667_dlPFC_20x_img_006-MaxIP-Stitched_unmixed_rotated.nd2","Layer 1","dACC_v17_ FISH-IF v2.4.4","1918","2847","2876","3640","3674","0","0","0","0","1","1","2398.584","0","483.61716","0","0","0","0","0","0","0","0","0","0","0","0","0","0","0","0","0","0","0","0","144.62915","94.50147","50.12767","32.182224","0.792635"
"D:\HAA\dACC revisions\Run 4\Br8667_dlPFC_20x_img_006-MaxIP-Stitched_unmixed_rotated.nd2","Layer 1","dACC_v17_ FISH-IF v2.4.4","1919","2707","2726","3646","3665","0","0","0","1","1","1","1358.0076","0","156.87769","4","9.436338","1","16343.83","1732.0098","0","0","0","0","0","0","0","0","0","0","0","0","0","0","0","53.16571","47.0436","6.122112","10.298312","0.843908"
"D:\HAA\dACC revisions\Run 4\Br8667_dlPFC_20x_img_006-MaxIP-Stitched_unmixed_rotated.nd2","Layer 1","dACC_v17_ FISH-IF v2.4.4","1920","2760","2788","3661","3680","0","0","0","0","1","1","2354.821","0","272.02576","0","0","0","0","0","0","0","0","0","0","0","0","0","0","0","0","0","0","0","0","81.01441","66.100395","14.914018","17.59295","0.633623"
"D:\HAA\dACC revisions\Run 4\Br8667_dlPFC_20x_img_006-MaxIP-Stitched_unmixed_rotated.nd2","Layer 1","dACC_v17_ FISH-IF v2.4.4","1921","2891","2909","3675","3695","0","0","0","0","1","1","391.05634","0","209.10611","0","0","0","0","0","0","0","0","0","0","0","0","0","0","0","1","1.51902","0","972.40314","640.1515","55.55932","49.022926","6.53639","11.156505","0.707045"
"D:\HAA\dACC revisions\Run 4\Br8667_dlPFC_20x_img_006-MaxIP-Stitched_unmixed_rotated.nd2","Layer 1","dACC_v17_ FISH-IF v2.4.4","1922","2945","2984","3676","3711","1","0","1","0","1","1","1763.8466","0","358.40372","1","1.058711","0","775.57495","732.56525","37","46.58329","4","92815.59","1992.4655","0","0","0","0","0","19","37.05489","3","26000.195","701.66705","186.7014","113.78843","72.91297","40.120506","0.725374"
"D:\HAA\dACC revisions\Run 4\Br8667_dlPFC_20x_img_006-MaxIP-Stitched_unmixed_rotated.nd2","Layer 1","dACC_v17_ FISH-IF v2.4.4","1923","3048","3075","3680","3712","0","0","0","1","1","1","3257.3674","0","412.63348","11","33.18829","2","57614.277","1735.9819","0","0","0","0","0","2","2.255515","0","1843.3081","817.2449","1","0.782526","0","436.18896","557.41174","123.36286","85.525444","37.837414","27.891262","0.801294"
"D:\HAA\dACC revisions\Run 4\Br8667_dlPFC_20x_img_006-MaxIP-Stitched_unmixed_rotated.nd2","Layer 1","dACC_v17_ FISH-IF v2.4.4","1924","2867","2891","3687","3707","0","0","0","1","1","1","2112.996","0","262.0248","4","12.658503","1","20303.455","1603.9382","0","0","0","0","0","0","0","0","0","0","0","0","0","0","0","71.39395","59.33385","12.060101","15.662017","0.708528"
"D:\HAA\dACC revisions\Run 4\Br8667_dlPFC_20x_img_006-MaxIP-Stitched_unmixed_rotated.nd2","Layer 1","dACC_v17_ FISH-IF v2.4.4","1925","2766","2786","3692","3711","0","0","0","0","1","1","730.20807","0","174.17387","2","1.933299","0","1581.9446","818.2619","0","0","0","0","0","0","0","0","0","0","0","0","0","0","0","55.835503","48.976894","6.858607","11.156505","0.792728"
"D:\HAA\dACC revisions\Run 4\Br8667_dlPFC_20x_img_006-MaxIP-Stitched_unmixed_rotated.nd2","Layer 1","dACC_v17_ FISH-IF v2.4.4","1926","2789","2813","3715","3740","0","0","0","0","1","1","3034.9094","0","422.15067","0","0","0","0","0","0","0","0","0","0","0","0","0","0","0","0","0","0","0","0","82.53343","64.7655","17.767935","18.88024","0.830011"
"D:\HAA\dACC revisions\Run 4\Br8667_dlPFC_20x_img_006-MaxIP-Stitched_unmixed_rotated.nd2","Layer 1","dACC_v17_ FISH-IF v2.4.4","1927","3035","3054","3730","3750","0","0","0","0","1","1","591.1096","0","155.65172","0","0","0","0","0","0","0","0","0","0","0","0","0","0","0","0","0","0","0","0","54.960915","48.240402","6.720514","11.156505","0.857996"
"D:\HAA\dACC revisions\Run 4\Br8667_dlPFC_20x_img_006-MaxIP-Stitched_unmixed_rotated.nd2","Layer 1","dACC_v17_ FISH-IF v2.4.4","1928","3043","3062","3765","3784","0","0","0","0","1","1","419.72","0","196.25697","0","0","0","0","0","0","0","0","0","0","0","0","0","0","0","1","1.150773","0","625.51416","543.56","51.968906","46.215042","5.753865","9.869216","0.894376"
"D:\HAA\dACC revisions\Run 4\Br8667_dlPFC_20x_img_006-MaxIP-Stitched_unmixed_rotated.nd2","Layer 1","dACC_v17_ FISH-IF v2.4.4","1929","3017","3049","3801","3828","0","0","0","0","1","1","3234.3684","0","386.24387","0","0","0","0","0","1","0.368247","0","232.91644","632.5","0","0","0","0","0","1","0.644433","0","313.14835","485.92856","128.70244","87.96508","40.737362","28.749454","0.761839"
"D:\HAA\dACC revisions\Run 4\Br8667_dlPFC_20x_img_006-MaxIP-Stitched_unmixed_rotated.nd2","Layer 1","dACC_v17_ FISH-IF v2.4.4","1930","3054","3095","3802","3836","1","1","1","0","1","1","1351.8966","0","414.0817","0","0","0","0","0","108","91.87771","4","302761.47","3295.2656","16","13.579121","3","15177.222","1117.6881","13","18.550459","2","10962.171","590.938","197.33455","114.9392","82.39534","41.622345","0.794202"
"D:\HAA\dACC revisions\Run 4\Br8667_dlPFC_20x_img_006-MaxIP-Stitched_unmixed_rotated.nd2","Layer 1","dACC_v17_ FISH-IF v2.4.4","1931","3042","3061","3829","3850","0","0","0","0","1","1","1084.5288","0","205.04593","0","0","0","0","0","1","1.933299","0","1971.182","1019.5952","0","0","0","0","0","1","2.209484","0","1713.9612","775.7292","60.898903","52.107","8.791905","12.443794","0.853095"
"D:\HAA\dACC revisions\Run 4\Br8667_dlPFC_20x_img_006-MaxIP-Stitched_unmixed_rotated.nd2","Layer 1","dACC_v17_ FISH-IF v2.4.4","1932","2677","2704","3845","3872","0","0","0","0","1","1","2692.546","0","421.8029","0","0","0","0","0","0","0","0","0","0","0","0","0","0","0","0","0","0","0","0","106.46951","76.365295","30.10422","24.029396","0.922776"
"D:\HAA\dACC revisions\Run 4\Br8667_dlPFC_20x_img_006-MaxIP-Stitched_unmixed_rotated.nd2","Layer 1","dACC_v17_ FISH-IF v2.4.4","1933","2865","2896","3863","3898","0","0","0","0","1","1","2252.391","0","436.48807","0","0","0","0","0","0","0","0","0","0","0","0","0","0","0","0","0","0","0","0","161.33836","100.25534","61.083027","34.756805","0.831527"
"D:\HAA\dACC revisions\Run 4\Br8667_dlPFC_20x_img_006-MaxIP-Stitched_unmixed_rotated.nd2","Layer 1","dACC_v17_ FISH-IF v2.4.4","1934","2792","2825","3864","3887","0","0","0","0","1","1","3736.7937","0","385.88574","0","0","0","0","0","0","0","0","0","0","0","0","0","0","0","0","0","0","0","0","113.005905","77.74622","35.25968","27.03307","0.745249"
"D:\HAA\dACC revisions\Run 4\Br8667_dlPFC_20x_img_006-MaxIP-Stitched_unmixed_rotated.nd2","Layer 1","dACC_v17_ FISH-IF v2.4.4","1935","2796","2823","3886","3924","0","0","0","0","1","1","2623.507","0","414.5538","0","0","0","0","0","1","0.598402","0","430.75732","719.8461","0","0","0","0","0","0","0","0","0","0","152.13219","96.664925","55.467255","35.1859","0.671896"
"D:\HAA\dACC revisions\Run 4\Br8667_dlPFC_20x_img_006-MaxIP-Stitched_unmixed_rotated.nd2","Layer 1","dACC_v17_ FISH-IF v2.4.4","1936","2719","2762","3891","3928","1","0","0","0","1","1","1488.2906","0","356.51782","0","0","0","0","0","30","45.52458","4","59398.758","1304.7623","0","0","0","0","0","2","1.058711","0","904.4615","503.82053","214.0898","118.759766","95.33003","46.342403","0.788729"
"D:\HAA\dACC revisions\Run 4\Br8667_dlPFC_20x_img_006-MaxIP-Stitched_unmixed_rotated.nd2","Layer 1","dACC_v17_ FISH-IF v2.4.4","1937","2766","2789","3895","3919","0","0","0","0","1","1","2156.4614","0","296.2614","2","1.841237","0","1450.0199","787.525","1","0.782526","0","827.6359","817.2727","0","0","0","0","0","0","0","0","0","0","76.41132","61.451275","14.960048","17.59295","0.810544"
"D:\HAA\dACC revisions\Run 4\Br8667_dlPFC_20x_img_006-MaxIP-Stitched_unmixed_rotated.nd2","Layer 1","dACC_v17_ FISH-IF v2.4.4","1938","2721","2744","3923","3942","0","0","0","0","1","1","2475.0881","0","441.3688","0","0","0","0","0","1","1.01268","0","1336.83","880.0606","0","0","0","0","0","0","0","0","0","0","67.57339","51.922874","15.650512","17.163853","0.83993"
"D:\HAA\dACC revisions\Run 4\Br8667_dlPFC_20x_img_006-MaxIP-Stitched_unmixed_rotated.nd2","Layer 1","dACC_v17_ FISH-IF v2.4.4","1939","2800","2835","3925","3957","1","0","0","0","1","1","1894.7952","0","342.59314","0","0","0","0","0","8","11.461699","1","11642.37","1015.76306","0","0","0","0","0","2","2.347577","0","1248.0363","531.62744","164.97481","101.82039","63.15442","34.756805","0.872005"
"D:\HAA\dACC revisions\Run 4\Br8667_dlPFC_20x_img_006-MaxIP-Stitched_unmixed_rotated.nd2","Layer 1","dACC_v17_ FISH-IF v2.4.4","1940","2917","2936","3929","3948","0","0","0","0","1","1","718.64703","0","175.10724","0","0","0","0","0","0","0","0","0","0","0","0","0","0","0","0","0","0","0","0","55.973595","48.930866","7.04273","10.727408","0.904328"
"D:\HAA\dACC revisions\Run 4\Br8667_dlPFC_20x_img_006-MaxIP-Stitched_unmixed_rotated.nd2","Layer 1","dACC_v17_ FISH-IF v2.4.4","1941","3043","3073","3932","3958","0","0","0","0","1","1","2415.1042","0","415.5017","0","0","0","0","0","0","0","0","0","0","0","0","0","0","0","0","0","0","0","0","114.3408","81.19854","33.14226","25.96033","0.750221"
"D:\HAA\dACC revisions\Run 4\Br8667_dlPFC_20x_img_006-MaxIP-Stitched_unmixed_rotated.nd2","Layer 1","dACC_v17_ FISH-IF v2.4.4","1942","2717","2760","3942","3973","1","0","0","0","1","1","2506.805","0","554.52106","0","0","0","0","0","11","14.361647","2","15694.655","1092.8173","0","0","0","0","0","0","0","0","0","0","209.25655","118.11533","91.14122","42.480537","0.764466"
"D:\HAA\dACC revisions\Run 4\Br8667_dlPFC_20x_img_006-MaxIP-Stitched_unmixed_rotated.nd2","Layer 1","dACC_v17_ FISH-IF v2.4.4","1943","3002","3046","3942","3979","0","0","0","0","1","1","2800.5774","0","521.0393","0","0","0","0","0","0","0","0","0","0","0","0","0","0","0","0","0","0","0","0","217.91037","118.34549","99.56487","51.062466","0.669874"
"D:\HAA\dACC revisions\Run 4\Br8667_dlPFC_20x_img_006-MaxIP-Stitched_unmixed_rotated.nd2","Layer 1","dACC_v17_ FISH-IF v2.4.4","1944","2765","2796","3953","3987","0","0","0","0","1","1","3223.4077","0","514.0503","0","0","0","0","0","0","0","0","0","0","0","0","0","0","0","0","0","0","0","0","131.41827","91.5555","39.862774","33.89861","0.581741"
"D:\HAA\dACC revisions\Run 4\Br8667_dlPFC_20x_img_006-MaxIP-Stitched_unmixed_rotated.nd2","Layer 1","dACC_v17_ FISH-IF v2.4.4","1945","2816","2852","3962","3996","1","0","0","0","1","1","1677.4945","0","427.06863","0","0","0","0","0","13","18.780615","2","18996.914","1011.51715","0","0","0","0","0","1","1.196804","0","653.7771","546.2692","167.7827","105.31874","62.463955","40.549603","0.773261"
"D:\HAA\dACC revisions\Run 4\Br8667_dlPFC_20x_img_006-MaxIP-Stitched_unmixed_rotated.nd2","Layer 1","dACC_v17_ FISH-IF v2.4.4","1946","3044","3067","3965","3991","0","0","0","0","1","1","1684.7417","0","485.2055","0","0","0","0","0","0","0","0","0","0","0","0","0","0","0","0","0","0","0","0","76.41132","48.60865","27.802673","23.171202","0.884355"
"D:\HAA\dACC revisions\Run 4\Br8667_dlPFC_20x_img_006-MaxIP-Stitched_unmixed_rotated.nd2","Layer 1","dACC_v17_ FISH-IF v2.4.4","1947","2469","2499","2370","2392","0","0","0","0","1","1","1693.2811","0","266.73343","0","0","0","0","0","0","0","0","0","0","0","0","0","0","0","0","0","0","0","0","85.61751","59.74813","25.869375","26.603973","0.614576"
"D:\HAA\dACC revisions\Run 4\Br8667_dlPFC_20x_img_006-MaxIP-Stitched_unmixed_rotated.nd2","Layer 1","dACC_v17_ FISH-IF v2.4.4","1948","2612","2651","2467","2502","1","0","1","0","1","1","937.23206","0","262.17477","1","0.736495","0","563.8787","765.625","11","16.985409","2","19319.637","1098.7173","0","0","0","0","0","16","24.99479","3","15453.407","618.2652","186.51727","113.512245","73.005035","42.05144","0.706656"
"D:\HAA\dACC revisions\Run 4\Br8667_dlPFC_20x_img_006-MaxIP-Stitched_unmixed_rotated.nd2","Layer 1","dACC_v17_ FISH-IF v2.4.4","1949","2437","2472","2499","2534","0","0","1","0","1","1","1146.8585","0","306.02823","0","0","0","0","0","0","0","0","0","0","0","0","0","0","0","5","9.620461","1","5174.5654","537.8708","166.17162","104.35209","61.819523","37.331383","0.741776"
"D:\HAA\dACC revisions\Run 4\Br8667_dlPFC_20x_img_006-MaxIP-Stitched_unmixed_rotated.nd2","Layer 1","dACC_v17_ FISH-IF v2.4.4","1950","2372","2400","2533","2563","0","0","0","0","1","1","1669.3778","0","403.42896","0","0","0","0","0","1","1.565051","0","1169.2773","747.1177","0","0","0","0","0","2","1.196804","0","583.0736","487.19232","123.45492","85.20323","38.251694","27.462166","0.808398"
"D:\HAA\dACC revisions\Run 4\Br8667_dlPFC_20x_img_006-MaxIP-Stitched_unmixed_rotated.nd2","Layer 1","dACC_v17_ FISH-IF v2.4.4","1951","2589","2610","2535","2554","0","0","0","0","1","1","652.82947","0","174.29536","0","0","0","0","0","0","0","0","0","0","0","0","0","0","0","1","0.552371","0","261.50165","473.41666","53.62602","47.68803","5.937988","11.156505","0.75775"
"D:\HAA\dACC revisions\Run 4\Br8667_dlPFC_20x_img_006-MaxIP-Stitched_unmixed_rotated.nd2","Layer 1","dACC_v17_ FISH-IF v2.4.4","1952","2546","2571","2546","2571","0","0","1","0","1","1","1040.946","0","289.38403","0","0","0","0","0","3","4.925308","0","5416.1816","1099.6636","1","1.058711","0","907.1313","856.8261","9","19.839325","1","11631.461","578.2334","89.25395","61.12906","28.124891","26.603973","0.640464"
"D:\HAA\dACC revisions\Run 4\Br8667_dlPFC_20x_img_006-MaxIP-Stitched_unmixed_rotated.nd2","Layer 1","dACC_v17_ FISH-IF v2.4.4","1953","2570","2598","2546","2577","0","0","1","0","1","1","1848.8738","0","421.59552","0","0","0","0","0","1","0.414278","0","252.61768","609.7778","0","0","0","0","0","12","18.64252","2","11070.942","593.8543","124.74379","78.068436","46.67535","33.89861","0.62059"
"D:\HAA\dACC revisions\Run 4\Br8667_dlPFC_20x_img_006-MaxIP-Stitched_unmixed_rotated.nd2","Layer 1","dACC_v17_ FISH-IF v2.4.4","1954","2429","2451","2549","2571","0","0","0","0","1","1","530.49304","0","178.15633","0","0","0","0","0","1","1.749175","0","1982.1833","1133.2106","1","1.058711","0","767.4274","724.86957","3","1.795206","0","888.02844","494.66666","67.02102","57.124367","9.896647","15.447468","0.6081"
"D:\HAA\dACC revisions\Run 4\Br8667_dlPFC_20x_img_006-MaxIP-Stitched_unmixed_rotated.nd2","Layer 1","dACC_v17_ FISH-IF v2.4.4","1955","2314","2341","2553","2578","1","0","1","0","1","1","1135.0186","0","237.04768","0","0","0","0","0","12","14.453708","2","33403.945","2311.0986","0","0","0","0","0","8","13.671183","1","8753.607","640.2963","97.171265","72.40663","24.764633","22.527557","0.827117"
"D:\HAA\dACC revisions\Run 4\Br8667_dlPFC_20x_img_006-MaxIP-Stitched_unmixed_rotated.nd2","Layer 1","dACC_v17_ FISH-IF v2.4.4","1956","2418","2443","2568","2601","1","0","1","0","1","1","2084.4407","0","549.0812","1","0.552371","0","421.41306","762.9167","16","19.471079","3","26620.83","1367.1986","0","0","0","0","0","6","9.804585","1","6498.4146","662.79346","123.316826","75.99705","47.319782","32.182224","0.707705"
"D:\HAA\dACC revisions\Run 4\Br8667_dlPFC_20x_img_006-MaxIP-Stitched_unmixed_rotated.nd2","Layer 1","dACC_v17_ FISH-IF v2.4.4","1957","2404","2418","2569","2593","1","0","1","0","1","1","1447.5189","0","452.91763","0","0","0","0","0","9","11.599792","1","17310.94","1492.3492","1","0.644433","0","539.6665","837.4286","8","13.256905","1","10442.574","787.7083","53.073647","39.67865","13.394997","15.447468","0.794156"
"D:\HAA\dACC revisions\Run 4\Br8667_dlPFC_20x_img_006-MaxIP-Stitched_unmixed_rotated.nd2","Layer 1","dACC_v17_ FISH-IF v2.4.4","1958","2553","2589","2592","2622","0","0","0","0","1","1","1152.8094","0","273.4998","0","0","0","0","0","0","0","0","0","0","0","0","0","0","0","1","0.460309","0","217.95639","473.5","165.29703","102.97116","62.325863","34.756805","0.810021"
"D:\HAA\dACC revisions\Run 4\Br8667_dlPFC_20x_img_006-MaxIP-Stitched_unmixed_rotated.nd2","Layer 1","dACC_v17_ FISH-IF v2.4.4","1959","2641","2666","2593","2613","0","0","0","0","1","1","1312.8234","0","220.66565","0","0","0","0","0","0","0","0","0","0","0","0","0","0","0","1","0.782526","0","467.76617","597.7647","73.46535","60.438595","13.02675","16.30566","0.724823"
"D:\HAA\dACC revisions\Run 4\Br8667_dlPFC_20x_img_006-MaxIP-Stitched_unmixed_rotated.nd2","Layer 1","dACC_v17_ FISH-IF v2.4.4","1960","2303","2322","2599","2620","0","0","0","0","1","1","461.02246","0","154.13571","0","0","0","0","0","0","0","0","0","0","0","0","0","0","0","0","0","0","0","0","59.74813","51.554626","8.193503","12.014698","0.770558"
"D:\HAA\dACC revisions\Run 4\Br8667_dlPFC_20x_img_006-MaxIP-Stitched_unmixed_rotated.nd2","Layer 1","dACC_v17_ FISH-IF v2.4.4","1961","2615","2641","2602","2631","0","0","0","0","1","1","2292.8794","0","338.46185","0","0","0","0","0","0","0","0","0","0","0","0","0","0","0","0","0","0","0","0","106.23936","77.239876","28.999477","24.458492","0.780176"
"D:\HAA\dACC revisions\Run 4\Br8667_dlPFC_20x_img_006-MaxIP-Stitched_unmixed_rotated.nd2","Layer 1","dACC_v17_ FISH-IF v2.4.4","1962","2350","2377","2610","2634","1","0","1","0","1","1","1016.0846","0","335.51117","0","0","0","0","0","7","9.712523","1","11658.665","1183.5468","0","0","0","0","0","8","11.369637","1","6627.9917","582.95544","89.85235","68.07973","21.772623","22.956654","0.715975"
"D:\HAA\dACC revisions\Run 4\Br8667_dlPFC_20x_img_006-MaxIP-Stitched_unmixed_rotated.nd2","Layer 1","dACC_v17_ FISH-IF v2.4.4","1963","2372","2400","2615","2641","0","0","0","0","1","1","1774.9833","0","330.47162","0","0","0","0","0","0","0","0","0","0","0","0","0","0","0","2","2.577731","0","1294.5275","502.19644","101.6823","71.34792","30.334375","24.029396","0.82286"
"D:\HAA\dACC revisions\Run 4\Br8667_dlPFC_20x_img_006-MaxIP-Stitched_unmixed_rotated.nd2","Layer 1","dACC_v17_ FISH-IF v2.4.4","1964","2525","2553","2638","2667","0","0","0","0","1","1","1436.1323","0","249.252","0","0","0","0","0","0","0","0","0","0","0","0","0","0","0","0","0","0","0","0","113.42018","80.36998","33.050198","26.174877","0.814179"
"D:\HAA\dACC revisions\Run 4\Br8667_dlPFC_20x_img_006-MaxIP-Stitched_unmixed_rotated.nd2","Layer 1","dACC_v17_ FISH-IF v2.4.4","1965","2365","2391","2642","2663","0","0","0","0","1","1","1366.1786","0","194.11569","0","0","0","0","0","0","0","0","0","0","0","0","0","0","0","0","0","0","0","0","76.64148","62.463955","14.177523","17.163853","0.71245"
"D:\HAA\dACC revisions\Run 4\Br8667_dlPFC_20x_img_006-MaxIP-Stitched_unmixed_rotated.nd2","Layer 1","dACC_v17_ FISH-IF v2.4.4","1966","2392","2417","2656","2681","1","0","0","0","1","1","799.28723","0","191.35889","0","0","0","0","0","5","6.53639","1","6282.0693","961.09155","0","0","0","0","0","3","6.628452","0","3688.6416","556.4861","91.27931","69.644775","21.634531","20.596624","0.800975"
"D:\HAA\dACC revisions\Run 4\Br8667_dlPFC_20x_img_006-MaxIP-Stitched_unmixed_rotated.nd2","Layer 1","dACC_v17_ FISH-IF v2.4.4","1967","2637","2671","2656","2692","1","0","1","0","1","1","1152.6177","0","276.65082","0","0","0","0","0","9","15.650512","1","18781.166","1200.0353","0","0","0","0","0","20","39.12628","3","24924.084","637.0165","175.42383","105.594925","69.8289","37.76048","0.846016"
"D:\HAA\dACC revisions\Run 4\Br8667_dlPFC_20x_img_006-MaxIP-Stitched_unmixed_rotated.nd2","Layer 1","dACC_v17_ FISH-IF v2.4.4","1968","2315","2346","2658","2683","0","0","1","0","1","1","1755.708","0","287.97272","0","0","0","0","0","0","0","0","0","0","0","0","0","0","0","13","29.828035","2","21130.906","708.4244","102.556885","65.82421","36.732674","29.393099","0.766753"
"D:\HAA\dACC revisions\Run 4\Br8667_dlPFC_20x_img_006-MaxIP-Stitched_unmixed_rotated.nd2","Layer 1","dACC_v17_ FISH-IF v2.4.4","1969","2463","2482","2659","2678","0","0","0","0","1","1","477.16278","0","140.15695","0","0","0","0","0","0","0","0","0","0","0","0","0","0","0","0","0","0","0","0","52.567307","46.62932","5.937988","10.298312","0.866783"
"D:\HAA\dACC revisions\Run 4\Br8667_dlPFC_20x_img_006-MaxIP-Stitched_unmixed_rotated.nd2","Layer 1","dACC_v17_ FISH-IF v2.4.4","1970","2347","2379","2664","2696","0","0","1","0","1","1","1150.0815","0","279.23404","0","0","0","0","0","0","0","0","0","0","0","0","0","0","0","4","3.820566","1","2149.4136","562.59033","147.66719","95.19194","52.475246","33.469513","0.846316"
"D:\HAA\dACC revisions\Run 4\Br8667_dlPFC_20x_img_006-MaxIP-Stitched_unmixed_rotated.nd2","Layer 1","dACC_v17_ FISH-IF v2.4.4","1971","2478","2510","2672","2702","1","0","1","0","1","1","1454.0011","0","270.7672","0","0","0","0","0","12","18.688553","2","25007.77","1338.133","1","0.598402","0","416.99408","696.8461","9","8.009379","1","4370.4976","545.6724","132.20079","90.95709","41.243702","30.036743","0.69184"
"D:\HAA\dACC revisions\Run 4\Br8667_dlPFC_20x_img_006-MaxIP-Stitched_unmixed_rotated.nd2","Layer 1","dACC_v17_ FISH-IF v2.4.4","1972","2311","2342","2679","2706","1","0","1","0","1","1","1617.2202","0","357.53323","1","0.782526","0","710.80945","908.35297","11","15.742574","2","20190.588","1282.5468","0","0","0","0","0","12","21.542469","2","13814.522","617.5185","119.17404","71.30189","47.872154","31.538582","0.836155"
"D:\HAA\dACC revisions\Run 4\Br8667_dlPFC_20x_img_006-MaxIP-Stitched_unmixed_rotated.nd2","Layer 1","dACC_v17_ FISH-IF v2.4.4","1973","2425","2443","2677","2695","0","0","0","0","1","1","411.1682","0","126.07438","1","1.703144","0","1445.2327","848.56757","1","0.644433","0","429.8367","667","0","0","0","0","0","0","0","0","0","0","49.483234","44.55793","4.925308","9.011024","0.881702"
"D:\HAA\dACC revisions\Run 4\Br8667_dlPFC_20x_img_006-MaxIP-Stitched_unmixed_rotated.nd2","Layer 1","dACC_v17_ FISH-IF v2.4.4","1974","2375","2400","2687","2712","0","0","0","0","1","1","2108.5706","0","544.4484","0","0","0","0","0","3","5.891957","0","6856.719","1079.4131","1","0.736495","0","571.1056","775.4375","3","1.611082","0","731.06305","453.77142","100.25534","64.67344","35.581898","26.603973","0.758122"
"D:\HAA\dACC revisions\Run 4\Br8667_dlPFC_20x_img_006-MaxIP-Stitched_unmixed_rotated.nd2","Layer 1","dACC_v17_ FISH-IF v2.4.4","1975","2401","2418","2688","2711","0","0","0","0","1","1","1676.9819","0","468.26337","0","0","0","0","0","0","0","0","0","0","0","0","0","0","0","0","0","0","0","0","57.400555","37.05489","20.345665","18.88024","0.76373"
"D:\HAA\dACC revisions\Run 4\Br8667_dlPFC_20x_img_006-MaxIP-Stitched_unmixed_rotated.nd2","Layer 1","dACC_v17_ FISH-IF v2.4.4","1976","2409","2440","2695","2725","1","0","1","0","1","1","1029.4019","0","269.5508","0","0","0","0","0","17","21.588501","3","31667.385","1415.5535","2","1.749175","0","1438.6042","822.4474","13","17.307625","2","9490.517","548.3431","126.12472","80.646164","45.478546","29.607647","0.873037"
"D:\HAA\dACC revisions\Run 4\Br8667_dlPFC_20x_img_006-MaxIP-Stitched_unmixed_rotated.nd2","Layer 1","dACC_v17_ FISH-IF v2.4.4","1977","2451","2480","2696","2728","0","0","1","0","1","1","1676.2241","0","305.4918","0","0","0","0","0","0","0","0","0","0","0","0","0","0","0","27","48.378494","3","42191.02","872.1028","128.88657","89.66823","39.21834","30.036743","0.682192"
"D:\HAA\dACC revisions\Run 4\Br8667_dlPFC_20x_img_006-MaxIP-Stitched_unmixed_rotated.nd2","Layer 1","dACC_v17_ FISH-IF v2.4.4","1978","2531","2567","2702","2735","1","0","1","0","1","1","1098.8448","0","264.78586","0","0","0","0","0","26","39.908806","3","60450.84","1514.7244","2","1.426958","0","1089.5518","763.5484","18","38.29772","3","25234.012","658.8906","172.56992","104.904465","67.66545","37.331383","0.842678"
"D:\HAA\dACC revisions\Run 4\Br8667_dlPFC_20x_img_006-MaxIP-Stitched_unmixed_rotated.nd2","Layer 1","dACC_v17_ FISH-IF v2.4.4","1979","2355","2371","2716","2732","0","0","0","0","1","1","389.8919","0","174.27238","0","0","0","0","0","0","0","0","0","0","0","0","0","0","0","1","0.874587","0","486.36267","556.1053","38.20566","36.502518","1.703144","5.578252","0.643451"
"D:\HAA\dACC revisions\Run 4\Br8667_dlPFC_20x_img_006-MaxIP-Stitched_unmixed_rotated.nd2","Layer 1","dACC_v17_ FISH-IF v2.4.4","1980","2604","2630","2718","2741","0","0","0","0","1","1","1197.1256","0","260.16238","0","0","0","0","0","0","0","0","0","0","0","0","0","0","0","1","2.439639","0","1422.4934","583.0755","84.28261","66.33055","17.952057","19.309336","0.712271"
"D:\HAA\dACC revisions\Run 4\Br8667_dlPFC_20x_img_006-MaxIP-Stitched_unmixed_rotated.nd2","Layer 1","dACC_v17_ FISH-IF v2.4.4","1981","2365","2392","2728","2760","0","0","1","0","1","1","1568.0679","0","360.14682","0","0","0","0","0","0","0","0","0","0","0","0","0","0","0","4","3.314226","1","1778.6807","501.83118","126.216774","86.21591","40.000866","28.320358","0.799994"
"D:\HAA\dACC revisions\Run 4\Br8667_dlPFC_20x_img_006-MaxIP-Stitched_unmixed_rotated.nd2","Layer 1","dACC_v17_ FISH-IF v2.4.4","1982","2571","2609","2734","2766","1","0","1","0","1","1","1140.9591","0","351.26227","2","1.380928","0","1069.8966","774.76666","10","15.282265","2","19777.184","1294.1265","1","0.920618","0","668.55304","726.2","6","9.160152","1","5338.2974","582.77386","154.11151","96.71096","57.400555","37.76048","0.748981"
"D:\HAA\dACC revisions\Run 4\Br8667_dlPFC_20x_img_006-MaxIP-Stitched_unmixed_rotated.nd2","Layer 1","dACC_v17_ FISH-IF v2.4.4","1983","2434","2468","2735","2766","1","0","0","0","1","1","1218.1101","0","317.42685","0","0","0","0","0","10","16.06479","2","21097.443","1313.2722","1","0.50634","0","355.45074","702","2","1.841237","0","896.222","486.75","145.18152","91.23328","53.948235","34.11316","0.783105"
"D:\HAA\dACC revisions\Run 4\Br8667_dlPFC_20x_img_006-MaxIP-Stitched_unmixed_rotated.nd2","Layer 1","dACC_v17_ FISH-IF v2.4.4","1984","2464","2481","2744","2763","0","0","0","0","1","1","708.9483","0","273.01263","0","0","0","0","0","2","2.715824","0","2596.1897","955.94916","0","0","0","0","0","1","0.966649","0","433.56522","448.5238","45.386486","40.046898","5.339586","9.869216","0.788953"
"D:\HAA\dACC revisions\Run 4\Br8667_dlPFC_20x_img_006-MaxIP-Stitched_unmixed_rotated.nd2","Layer 1","dACC_v17_ FISH-IF v2.4.4","1985","2328","2361","2748","2776","0","0","1","0","1","1","1456.5232","0","314.16785","0","0","0","0","0","3","3.49835","0","3109.6646","888.8947","0","0","0","0","0","6","9.896647","1","5773.382","583.36743","134.22615","90.49678","43.72937","29.607647","0.811142"
"D:\HAA\dACC revisions\Run 4\Br8667_dlPFC_20x_img_006-MaxIP-Stitched_unmixed_rotated.nd2","Layer 1","dACC_v17_ FISH-IF v2.4.4","1986","2592","2618","2756","2777","0","0","0","0","1","1","1722.9268","0","357.07605","0","0","0","0","0","0","0","0","0","0","0","0","0","0","0","1","3.590412","0","1849.108","515.0128","77.00973","56.894215","20.11551","20.596624","0.803677"
"D:\HAA\dACC revisions\Run 4\Br8667_dlPFC_20x_img_006-MaxIP-Stitched_unmixed_rotated.nd2","Layer 1","dACC_v17_ FISH-IF v2.4.4","1987","2484","2513","2759","2786","0","0","0","1","1","1","1498.1394","0","402.96094","16","39.816742","3","82330.02","2067.7236","1","0.644433","0","439.7794","682.4286","0","0","0","0","0","3","2.163453","0","1073.3489","496.12766","115.99791","81.33663","34.66128","25.74578","0.82361"
"D:\HAA\dACC revisions\Run 4\Br8667_dlPFC_20x_img_006-MaxIP-Stitched_unmixed_rotated.nd2","Layer 1","dACC_v17_ FISH-IF v2.4.4","1988","5751","5775","2774","2805","0","0","0","0","1","1","2951.5742","0","386.1705","0","0","0","0","0","0","0","0","0","0","0","0","0","0","0","0","0","0","0","0","97.30936","77.74622","19.56314","24.887589","0.494155"
"D:\HAA\dACC revisions\Run 4\Br8667_dlPFC_20x_img_006-MaxIP-Stitched_unmixed_rotated.nd2","Layer 1","dACC_v17_ FISH-IF v2.4.4","1989","5549","5572","2786","2809","0","1","1","0","1","1","2084.1404","0","353.31158","0","0","0","0","0","0","0","0","0","0","9","6.53639","1","8319.582","1272.8098","8","11.875977","1","7842.84","660.3953","77.47003","62.049675","15.420358","17.163853","0.791652"
"D:\HAA\dACC revisions\Run 4\Br8667_dlPFC_20x_img_006-MaxIP-Stitched_unmixed_rotated.nd2","Layer 1","dACC_v17_ FISH-IF v2.4.4","1990","5658","5688","2789","2816","0","0","1","0","1","1","3461.45","0","395.80032","3","3.038041","0","2990.3064","984.2879","0","0","0","0","0","0","0","0","0","0","5","8.331596","1","5312.198","637.5967","115.6757","81.612816","34.062878","26.174877","0.775118"
"D:\HAA\dACC revisions\Run 4\Br8667_dlPFC_20x_img_006-MaxIP-Stitched_unmixed_rotated.nd2","Layer 1","dACC_v17_ FISH-IF v2.4.4","1991","5859","5876","2800","2819","0","0","1","0","1","1","1016.17444","0","269.60434","2","2.5317","0","1981.9993","782.87274","0","0","0","0","0","0","0","0","0","0","10","16.847317","2","15853.002","940.9809","44.327774","40.369114","3.958659","7.938282","0.790101"
"D:\HAA\dACC revisions\Run 4\Br8667_dlPFC_20x_img_006-MaxIP-Stitched_unmixed_rotated.nd2","Layer 1","dACC_v17_ FISH-IF v2.4.4","1992","5826","5867","2808","2837","0","0","1","0","1","1","1249.9609","0","367.1925","3","5.753865","0","5662.079","984.048","1","2.117422","0","2563.2776","1210.5652","0","0","0","0","0","52","76.45735","4","78155.62","1022.2119","167.00017","105.68699","61.313183","40.549603","0.707904"
"D:\HAA\dACC revisions\Run 4\Br8667_dlPFC_20x_img_006-MaxIP-Stitched_unmixed_rotated.nd2","Layer 1","dACC_v17_ FISH-IF v2.4.4","1993","5728","5767","2826","2866","0","0","1","0","1","1","1124.9187","0","314.31754","0","0","0","0","0","0","0","0","0","0","0","0","0","0","0","52","100.9458","4","82151.47","813.8176","201.66145","122.35018","79.31127","46.342403","0.69438"
"D:\HAA\dACC revisions\Run 4\Br8667_dlPFC_20x_img_006-MaxIP-Stitched_unmixed_rotated.nd2","Layer 1","dACC_v17_ FISH-IF v2.4.4","1994","5655","5681","2832","2860","0","0","0","1","1","1","3073.3538","0","370.8403","7","13.072781","1","16840.318","1288.1971","0","0","0","0","0","1","1.104742","0","738.1058","668.125","3","6.214174","0","5197.489","836.3926","98.64426","73.78756","24.856695","23.600298","0.765166"
"D:\HAA\dACC revisions\Run 4\Br8667_dlPFC_20x_img_006-MaxIP-Stitched_unmixed_rotated.nd2","Layer 1","dACC_v17_ FISH-IF v2.4.4","1995","5645","5665","2855","2874","0","0","0","1","1","1","1886.3737","0","233.14119","4","12.612472","1","19131.738","1516.8905","0","0","0","0","0","0","0","0","0","0","0","0","0","0","0","59.564007","51.18638","8.377627","12.014698","0.900587"
"D:\HAA\dACC revisions\Run 4\Br8667_dlPFC_20x_img_006-MaxIP-Stitched_unmixed_rotated.nd2","Layer 1","dACC_v17_ FISH-IF v2.4.4","1996","5521","5548","2857","2894","0","0","1","1","1","1","3292.2297","0","676.84247","7","11.645823","1","13438.496","1153.9329","0","0","0","0","0","2","1.472989","0","1761.0048","1195.5312","9","12.842626","1","12727.825","991.0609","132.56905","72.45267","60.11638","36.25864","0.708635"
"D:\HAA\dACC revisions\Run 4\Br8667_dlPFC_20x_img_006-MaxIP-Stitched_unmixed_rotated.nd2","Layer 1","dACC_v17_ FISH-IF v2.4.4","1997","5503","5524","2862","2891","0","1","1","0","1","1","2540.9597","0","696.31323","2","4.557061","0","4323.638","948.7778","0","0","0","0","0","25","17.07747","3","23060.018","1350.3181","27","38.80406","3","35665.86","919.12695","91.5555","52.61334","38.942158","27.462166","0.772689"
"D:\HAA\dACC revisions\Run 4\Br8667_dlPFC_20x_img_006-MaxIP-Stitched_unmixed_rotated.nd2","Layer 1","dACC_v17_ FISH-IF v2.4.4","1998","5864","5883","2877","2897","0","0","0","0","1","1","958.8705","0","147.45375","0","0","0","0","0","0","0","0","0","0","0","0","0","0","0","0","0","0","0","0","54.17839","47.780094","6.398297","10.727408","0.82349"
"D:\HAA\dACC revisions\Run 4\Br8667_dlPFC_20x_img_006-MaxIP-Stitched_unmixed_rotated.nd2","Layer 1","dACC_v17_ FISH-IF v2.4.4","1999","5510","5539","2890","2915","0","1","1","0","1","1","2084.0808","0","472.74393","0","0","0","0","0","0","0","0","0","0","56","30.242313","4","56798.61","1878.1172","13","14.821956","2","18560.816","1252.2516","109.23137","73.87962","35.351746","26.174877","0.779449"
"D:\HAA\dACC revisions\Run 4\Br8667_dlPFC_20x_img_006-MaxIP-Stitched_unmixed_rotated.nd2","Layer 1","dACC_v17_ FISH-IF v2.4.4","2000","5817","5835","2889","2907","0","0","1","0","1","1","1759.3773","0","462.04254","0","0","0","0","0","0","0","0","0","0","0","0","0","0","0","14","18.09015","2","19121.38","1048.9974","45.984886","41.10561","4.879277","9.654668","0.805231"
"D:\HAA\dACC revisions\Run 4\Br8667_dlPFC_20x_img_006-MaxIP-Stitched_unmixed_rotated.nd2","Layer 1","dACC_v17_ FISH-IF v2.4.4","2001","5480","5509","2889","2917","0","1","1","0","1","1","1491.7843","0","347.41083","0","0","0","0","0","0","0","0","0","0","13","14.591801","2","13740.459","941.6561","71","63.24648","4","114549.23","1811.1558","105.36477","74.846275","30.518497","27.891262","0.689934"
"D:\HAA\dACC revisions\Run 4\Br8667_dlPFC_20x_img_006-MaxIP-Stitched_unmixed_rotated.nd2","Layer 1","dACC_v17_ FISH-IF v2.4.4","2002","5830","5857","2894","2919","0","0","1","0","1","1","3428.5823","0","452.0937","1","1.104742","0","907.1313","821.125","0","0","0","0","0","0","0","0","0","0","9","15.282265","1","9879.569","646.4729","93.07452","69.27653","23.797985","22.956654","0.766392"
"D:\HAA\dACC revisions\Run 4\Br8667_dlPFC_20x_img_006-MaxIP-Stitched_unmixed_rotated.nd2","Layer 1","dACC_v17_ FISH-IF v2.4.4","2003","5631","5656","2914","2935","0","0","1","0","1","1","1023.13055","0","186.59232","0","0","0","0","0","0","0","0","0","0","3","3.084071","0","2518.6277","816.65674","48","41.842106","4","78292.42","1871.1398","74.47803","61.083027","13.394997","16.520208","0.708308"
"D:\HAA\dACC revisions\Run 4\Br8667_dlPFC_20x_img_006-MaxIP-Stitched_unmixed_rotated.nd2","Layer 1","dACC_v17_ FISH-IF v2.4.4","2004","5604","5626","2927","2946","0","0","0","0","1","1","1070.1185","0","197.22704","0","0","0","0","0","1","0.50634","0","351.44604","694.0909","3","2.347577","0","1733.8005","738.549","0","0","0","0","0","62.049675","53.11968","8.929998","12.87289","0.771095"
"D:\HAA\dACC revisions\Run 4\Br8667_dlPFC_20x_img_006-MaxIP-Stitched_unmixed_rotated.nd2","Layer 1","dACC_v17_ FISH-IF v2.4.4","2005","5473","5503","2942","2971","0","1","1","0","1","1","3298.7273","0","553.9317","2","3.268195","0","3358.5078","1027.6338","0","0","0","0","0","30","15.006079","4","28712.982","1913.4233","7","13.118812","1","8406.534","640.8","105.36477","65.3639","40.000866","30.251291","0.707649"
"D:\HAA\dACC revisions\Run 4\Br8667_dlPFC_20x_img_006-MaxIP-Stitched_unmixed_rotated.nd2","Layer 1","dACC_v17_ FISH-IF v2.4.4","2006","5469","5496","2960","2983","0","1","1","0","1","1","2895.5415","0","442.0343","0","0","0","0","0","0","0","0","0","0","30","16.294945","4","30088.662","1846.5028","9","14.637832","1","9612.223","656.6698","77.60812","51.00226","26.605871","23.600298","0.732039"
"D:\HAA\dACC revisions\Run 4\Br8667_dlPFC_20x_img_006-MaxIP-Stitched_unmixed_rotated.nd2","Layer 1","dACC_v17_ FISH-IF v2.4.4","2007","5519","5545","2962","2990","0","0","0","0","1","1","3526.7048","0","488.72775","1","0.690464","0","552.8774","800.73334","0","0","0","0","0","1","1.334897","0","1263.4567","946.4828","0","0","0","0","0","108.21869","78.11446","30.10422","24.458492","0.826861"
"D:\HAA\dACC revisions\Run 4\Br8667_dlPFC_20x_img_006-MaxIP-Stitched_unmixed_rotated.nd2","Layer 1","dACC_v17_ FISH-IF v2.4.4","2008","5575","5609","2969","2998","0","1","1","0","1","1","2294.0176","0","443.10162","0","0","0","0","0","1","0.644433","0","444.65866","690","43","31.761333","4","41219.535","1297.7898","4","5.52371","1","3254.524","579.5328","143.98471","94.22529","49.759422","31.75313","0.771169"
"D:\HAA\dACC revisions\Run 4\Br8667_dlPFC_20x_img_006-MaxIP-Stitched_unmixed_rotated.nd2","Layer 1","dACC_v17_ FISH-IF v2.4.4","2009","5701","5731","2971","2994","0","0","0","0","1","1","2600.5354","0","368.77692","0","0","0","0","0","0","0","0","0","0","0","0","0","0","0","1","1.565051","0","961.4938","614.35297","101.82039","76.549416","25.270973","23.600298","0.662218"
"D:\HAA\dACC revisions\Run 4\Br8667_dlPFC_20x_img_006-MaxIP-Stitched_unmixed_rotated.nd2","Layer 1","dACC_v17_ FISH-IF v2.4.4","2010","5748","5778","2976","3005","0","0","0","0","1","1","2844.1587","0","444.37085","0","0","0","0","0","0","0","0","0","0","0","0","0","0","0","0","0","0","0","0","125.066","85.89369","39.17231","28.749454","0.796405"
"D:\HAA\dACC revisions\Run 4\Br8667_dlPFC_20x_img_006-MaxIP-Stitched_unmixed_rotated.nd2","Layer 1","dACC_v17_ FISH-IF v2.4.4","2011","5632","5653","2977","2995","0","0","1","0","1","1","910.26996","0","173.11986","0","0","0","0","0","0","0","0","0","0","1","1.058711","0","800.5697","756.1739","5","4.833246","1","2567.0981","531.13336","57.81483","50.311794","7.503039","11.585601","0.785218"
"D:\HAA\dACC revisions\Run 4\Br8667_dlPFC_20x_img_006-MaxIP-Stitched_unmixed_rotated.nd2","Layer 1","dACC_v17_ FISH-IF v2.4.4","2012","5690","5720","3025","3054","0","0","0","0","1","1","1954.6337","0","400.4201","0","0","0","0","0","0","0","0","0","0","0","0","0","0","0","3","2.945979","0","1553.1752","527.21875","124.145386","85.57147","38.57391","28.534906","0.835758"
"D:\HAA\dACC revisions\Run 4\Br8667_dlPFC_20x_img_006-MaxIP-Stitched_unmixed_rotated.nd2","Layer 1","dACC_v17_ FISH-IF v2.4.4","2013","5580","5599","3040","3060","0","1","1","0","1","1","553.0571","0","116.50144","0","0","0","0","0","0","0","0","0","0","4","3.590412","1","4017.7627","1119.0256","6","11.922008","1","10100.656","847.2278","54.27045","47.826122","6.444328","10.727408","0.874496"
"D:\HAA\dACC revisions\Run 4\Br8667_dlPFC_20x_img_006-MaxIP-Stitched_unmixed_rotated.nd2","Layer 1","dACC_v17_ FISH-IF v2.4.4","2014","5754","5782","3042","3073","0","0","1","1","1","1","2433.805","0","530.9045","12","26.974117","2","38845.4","1440.099","0","0","0","0","0","1","0.552371","0","368.2013","666.5833","6","10.172832","1","7775.7266","764.362","127.78183","86.26194","41.519886","28.749454","0.855077"
"D:\HAA\dACC revisions\Run 4\Br8667_dlPFC_20x_img_006-MaxIP-Stitched_unmixed_rotated.nd2","Layer 1","dACC_v17_ FISH-IF v2.4.4","2015","5505","5527","3044","3066","0","0","1","0","1","1","1805.9313","0","317.39526","0","0","0","0","0","0","0","0","0","0","0","0","0","0","0","7","11.047421","1","9920.676","898.00836","68.54004","56.479935","12.060101","15.876565","0.7458"
"D:\HAA\dACC revisions\Run 4\Br8667_dlPFC_20x_img_006-MaxIP-Stitched_unmixed_rotated.nd2","Layer 1","dACC_v17_ FISH-IF v2.4.4","2016","5526","5554","3045","3070","0","1","1","0","1","1","3660.252","0","393.59238","0","0","0","0","0","0","0","0","0","0","4","3.866597","1","3319.4736","858.5","26","27.388395","3","38194.938","1394.5664","81.428696","51.830814","29.59788","25.531233","0.725034"
"D:\HAA\dACC revisions\Run 4\Br8667_dlPFC_20x_img_006-MaxIP-Stitched_unmixed_rotated.nd2","Layer 1","dACC_v17_ FISH-IF v2.4.4","2017","5472","5502","3050","3082","0","0","0","0","1","1","2825.9307","0","463.72784","0","0","0","0","0","0","0","0","0","0","1","0.690464","0","507.0766","734.4","1","1.150773","0","713.70935","620.2","133.35156","88.79364","44.55793","30.46584","0.788915"
"D:\HAA\dACC revisions\Run 4\Br8667_dlPFC_20x_img_006-MaxIP-Stitched_unmixed_rotated.nd2","Layer 1","dACC_v17_ FISH-IF v2.4.4","2018","5538","5567","3053","3075","0","0","0","0","1","1","3128.807","0","673.4217","0","0","0","0","0","0","0","0","0","0","0","0","0","0","0","1","0.322216","0","312.9642","453.26666","78.66684","35.25968","43.407154","30.46584","0.88087"
"D:\HAA\dACC revisions\Run 4\Br8667_dlPFC_20x_img_006-MaxIP-Stitched_unmixed_rotated.nd2","Layer 1","dACC_v17_ FISH-IF v2.4.4","2019","5629","5664","3053","3093","0","1","1","0","1","1","1102.882","0","284.19348","0","0","0","0","0","0","0","0","0","0","36","33.418446","4","31602.25","945.6529","206","100.9458","4","328922.47","3258.4067","192.68542","114.66302","78.02241","42.05144","0.761299"
"D:\HAA\dACC revisions\Run 4\Br8667_dlPFC_20x_img_006-MaxIP-Stitched_unmixed_rotated.nd2","Layer 1","dACC_v17_ FISH-IF v2.4.4","2020","5508","5527","3066","3088","0","0","0","0","1","1","350.81152","0","151.24585","0","0","0","0","0","0","0","0","0","0","0","0","0","0","0","3","7.226854","0","3895.6426","539.05096","61.405243","52.61334","8.791905","12.87289","0.743277"
"D:\HAA\dACC revisions\Run 4\Br8667_dlPFC_20x_img_006-MaxIP-Stitched_unmixed_rotated.nd2","Layer 1","dACC_v17_ FISH-IF v2.4.4","2021","5539","5573","3069","3099","0","0","0","0","1","1","2548.8782","0","525.29834","1","0.50634","0","390.9866","772.1818","1","0.322216","0","193.79016","601.4286","0","0","0","0","0","1","0.50634","0","560.8407","580.1905","122.810486","73.28122","49.529266","34.11316","0.740927"
"D:\HAA\dACC revisions\Run 4\Br8667_dlPFC_20x_img_006-MaxIP-Stitched_unmixed_rotated.nd2","Layer 1","dACC_v17_ FISH-IF v2.4.4","2022","5663","5695","3077","3104","0","1","1","1","1","1","2740.6445","0","352.44125","11","21.404377","2","30444.803","1422.3634","0","0","0","0","0","4","3.774535","1","2933.136","777.0854","13","11.047421","2","22004.113","1991.7875","110.01389","85.019104","24.99479","28.534906","0.530405"
"D:\HAA\dACC revisions\Run 4\Br8667_dlPFC_20x_img_006-MaxIP-Stitched_unmixed_rotated.nd2","Layer 1","dACC_v17_ FISH-IF v2.4.4","2023","5756","5787","3081","3108","0","1","1","0","1","1","1235.9807","0","458.57635","2","4.464999","0","4951.1777","1108.8866","0","0","0","0","0","4","4.971339","1","4318.6665","868.71295","16","31.62324","3","24251.436","766.8865","110.01389","78.98905","31.024837","27.676714","0.695594"
"D:\HAA\dACC revisions\Run 4\Br8667_dlPFC_20x_img_006-MaxIP-Stitched_unmixed_rotated.nd2","Layer 1","dACC_v17_ FISH-IF v2.4.4","2024","5564","5595","3082","3113","0","1","0","1","1","1","2847.2224","0","487.06326","10","21.08216","2","34834.727","1652.3319","0","0","0","0","0","15","12.244224","3","13135.751","1072.812","2","1.242835","0","571.3818","459.74075","115.90585","69.138435","46.76741","33.684063","0.755431"
"D:\HAA\dACC revisions\Run 4\Br8667_dlPFC_20x_img_006-MaxIP-Stitched_unmixed_rotated.nd2","Layer 1","dACC_v17_ FISH-IF v2.4.4","2025","5707","5738","3087","3118","0","1","1","0","1","1","1775.1849","0","229.9407","0","0","0","0","0","0","0","0","0","0","46","37.331074","4","44593.37","1185.765","166","102.32673","4","264222.75","2582.148","151.30362","97.03317","54.27045","31.75313","0.84138"
"D:\HAA\dACC revisions\Run 4\Br8667_dlPFC_20x_img_006-MaxIP-Stitched_unmixed_rotated.nd2","Layer 1","dACC_v17_ FISH-IF v2.4.4","2026","5551","5579","3094","3125","0","1","0","1","1","1","2072.3638","0","419.73734","4","4.372937","1","3996.4043","913.8947","0","0","0","0","0","46","27.57252","4","46265.766","1677.9666","2","3.038041","0","1573.0605","517.7879","103.61559","62.74014","40.875454","32.396774","0.795473"
"D:\HAA\dACC revisions\Run 4\Br8667_dlPFC_20x_img_006-MaxIP-Stitched_unmixed_rotated.nd2","Layer 1","dACC_v17_ FISH-IF v2.4.4","2027","5615","5646","3094","3125","0","1","1","0","1","1","2279.795","0","384.8581","0","0","0","0","0","0","0","0","0","0","81","42.808754","4","81223.53","1897.358","4","3.222164","1","1704.0646","528.8571","136.3896","90.819","45.57061","30.46584","0.828118"
"D:\HAA\dACC revisions\Run 4\Br8667_dlPFC_20x_img_006-MaxIP-Stitched_unmixed_rotated.nd2","Layer 1","dACC_v17_ FISH-IF v2.4.4","2028","5750","5768","3103","3122","0","0","1","0","1","1","550.7157","0","290.1998","0","0","0","0","0","0","0","0","0","0","2","2.255515","0","1526.2471","676.67346","26","29.413755","3","42849.26","1456.7762","48.70071","44.005558","4.695154","9.225572","0.834186"
"D:\HAA\dACC revisions\Run 4\Br8667_dlPFC_20x_img_006-MaxIP-Stitched_unmixed_rotated.nd2","Layer 1","dACC_v17_ FISH-IF v2.4.4","2029","5768","5803","3104","3131","0","1","1","0","1","1","2803.4575","0","513.3558","0","0","0","0","0","0","0","0","0","0","6","5.01737","1","4644.013","925.58716","40","52.843494","4","64083.414","1212.7021","132.98332","89.530136","43.453186","30.46584","0.73884"
"D:\HAA\dACC revisions\Run 4\Br8667_dlPFC_20x_img_006-MaxIP-Stitched_unmixed_rotated.nd2","Layer 1","dACC_v17_ FISH-IF v2.4.4","2030","5492","5515","3110","3134","0","1","0","0","1","1","1860.9885","0","268.3707","0","0","0","0","0","0","0","0","0","0","24","14.729894","3","23961.625","1626.7344","1","0.598402","0","297.58987","497.30768","78.80493","62.832203","15.972729","17.163853","0.856302"
"D:\HAA\dACC revisions\Run 4\Br8667_dlPFC_20x_img_006-MaxIP-Stitched_unmixed_rotated.nd2","Layer 1","dACC_v17_ FISH-IF v2.4.4","2031","5785","5804","3135","3157","0","0","0","0","1","1","2085.6282","0","229.42906","0","0","0","0","0","0","0","0","0","0","0","0","0","0","0","0","0","0","0","0","62.371895","53.211742","9.160152","13.301987","0.780699"
"D:\HAA\dACC revisions\Run 4\Br8667_dlPFC_20x_img_006-MaxIP-Stitched_unmixed_rotated.nd2","Layer 1","dACC_v17_ FISH-IF v2.4.4","2032","5838","5878","3148","3182","1","1","1","0","1","1","1316.4735","0","334.21176","0","0","0","0","0","19","25.961437","3","35164.31","1354.4823","6","5.385617","1","4249.206","788.99146","7","7.318916","1","4159.2617","534.6627","183.34114","104.12193","79.21921","41.19325","0.760443"
"D:\HAA\dACC revisions\Run 4\Br8667_dlPFC_20x_img_006-MaxIP-Stitched_unmixed_rotated.nd2","Layer 1","dACC_v17_ FISH-IF v2.4.4","2033","5497","5518","3151","3175","0","0","0","0","1","1","2292.449","0","389.24292","2","1.288866","0","1039.286","806.3571","1","0.322216","0","196.04568","608.4286","1","0.690464","0","485.99442","703.86664","0","0","0","0","0","72.682816","60.070347","12.612472","16.30566","0.709675"
"D:\HAA\dACC revisions\Run 4\Br8667_dlPFC_20x_img_006-MaxIP-Stitched_unmixed_rotated.nd2","Layer 1","dACC_v17_ FISH-IF v2.4.4","2034","5725","5746","3161","3179","0","1","0","0","1","1","1817.1154","0","433.91565","0","0","0","0","0","0","0","0","0","0","27","16.893347","3","25436.594","1465.7772","2","2.301546","0","2052.5186","655.7353","52.337154","34.385094","17.952057","19.738432","0.679671"
"D:\HAA\dACC revisions\Run 4\Br8667_dlPFC_20x_img_006-MaxIP-Stitched_unmixed_rotated.nd2","Layer 1","dACC_v17_ FISH-IF v2.4.4","2035","5818","5838","3165","3185","0","0","0","0","1","1","1465.289","0","204.94775","0","0","0","0","0","1","2.715824","0","3263.9143","1201.8136","1","0.598402","0","558.4471","933.2308","2","1.288866","0","602.17645","467.2143","58.505295","50.21973","8.285565","12.443794","0.813681"
"D:\HAA\dACC revisions\Run 4\Br8667_dlPFC_20x_img_006-MaxIP-Stitched_unmixed_rotated.nd2","Layer 1","dACC_v17_ FISH-IF v2.4.4","2036","5838","5853","3170","3186","0","0","0","0","1","1","1637.75","0","261.71362","1","2.577731","0","2371.0986","919.8393","1","1.380928","0","2074.4294","1155.5385","0","0","0","0","0","1","1.657113","0","1027.226","619.8889","33.74066","30.05819","3.682473","7.723734","0.850954"
"D:\HAA\dACC revisions\Run 4\Br8667_dlPFC_20x_img_006-MaxIP-Stitched_unmixed_rotated.nd2","Layer 1","dACC_v17_ FISH-IF v2.4.4","2037","3748","3776","3974","3992","0","0","1","0","1","1","1476.0886","0","353.96274","0","0","0","0","0","0","0","0","0","0","0","0","0","0","0","10","20.299635","2","14621.675","720.29254","62.924263","39.540558","23.383705","23.814846","0.674071"
"D:\HAA\dACC revisions\Run 4\Br8667_dlPFC_20x_img_006-MaxIP-Stitched_unmixed_rotated.nd2","Layer 1","dACC_v17_ FISH-IF v2.4.4","2038","3574","3608","3981","4010","0","0","0","0","1","1","2283.0886","0","384.28564","0","0","0","0","0","3","4.557061","0","4657.224","1021.9798","2","2.347577","0","2329.3486","992.2353","1","0.920618","0","566.2263","615.05","141.54507","94.27132","47.273754","32.61132","0.73839"
"D:\HAA\dACC revisions\Run 4\Br8667_dlPFC_20x_img_006-MaxIP-Stitched_unmixed_rotated.nd2","Layer 1","dACC_v17_ FISH-IF v2.4.4","2039","3749","3770","3986","4006","0","0","0","0","1","1","1685.6395","0","251.88171","0","0","0","0","0","0","0","0","0","0","0","0","0","0","0","0","0","0","0","0","57.492615","42.808754","14.683863","17.378403","0.752776"
"D:\HAA\dACC revisions\Run 4\Br8667_dlPFC_20x_img_006-MaxIP-Stitched_unmixed_rotated.nd2","Layer 1","dACC_v17_ FISH-IF v2.4.4","2040","3511","3538","3988","4014","0","0","0","0","1","1","3611.049","0","403.3315","0","0","0","0","0","0","0","0","0","0","0","0","0","0","0","0","0","0","0","0","103.52354","75.39864","28.124891","23.171202","0.83473"
"D:\HAA\dACC revisions\Run 4\Br8667_dlPFC_20x_img_006-MaxIP-Stitched_unmixed_rotated.nd2","Layer 1","dACC_v17_ FISH-IF v2.4.4","2041","3719","3743","4020","4049","0","0","0","0","1","1","2603.918","0","473.70767","0","0","0","0","0","1","0.50634","0","355.819","702.7273","0","0","0","0","0","1","0.966649","0","506.9385","524.4286","96.34271","65.502","30.840715","26.174877","0.694183"
"D:\HAA\dACC revisions\Run 4\Br8667_dlPFC_20x_img_006-MaxIP-Stitched_unmixed_rotated.nd2","Layer 1","dACC_v17_ FISH-IF v2.4.4","2042","3569","3601","4024","4057","0","0","0","0","1","1","1907.4071","0","332.41632","0","0","0","0","0","0","0","0","0","0","0","0","0","0","0","1","0.414278","0","191.58067","462.44446","155.40038","98.183945","57.21643","33.469513","0.871624"
"D:\HAA\dACC revisions\Run 4\Br8667_dlPFC_20x_img_006-MaxIP-Stitched_unmixed_rotated.nd2","Layer 1","dACC_v17_ FISH-IF v2.4.4","2043","3845","3880","4027","4059","1","1","0","0","1","1","1272.8186","0","358.3293","0","0","0","0","0","28","40.369114","3","61011.355","1511.3375","4","3.636442","1","2741.7856","753.9747","1","0.322216","0","136.0674","422.2857","158.48445","99.10457","59.379883","35.1859","0.841865"
"D:\HAA\dACC revisions\Run 4\Br8667_dlPFC_20x_img_006-MaxIP-Stitched_unmixed_rotated.nd2","Layer 1","dACC_v17_ FISH-IF v2.4.4","2044","3741","3777","4033","4060","0","0","0","0","1","1","1709.7528","0","385.70935","0","0","0","0","0","1","0.598402","0","610.09375","1019.53845","2","1.933299","0","1583.2794","818.9524","0","0","0","0","0","133.81187","85.20323","48.60865","34.756805","0.62852"
"D:\HAA\dACC revisions\Run 4\Br8667_dlPFC_20x_img_006-MaxIP-Stitched_unmixed_rotated.nd2","Layer 1","dACC_v17_ FISH-IF v2.4.4","2045","3727","3748","4046","4061","0","0","0","0","1","1","1709.7847","0","650.39154","0","0","0","0","0","0","0","0","0","0","0","0","0","0","0","0","0","0","0","0","42.302414","32.68195","9.620461","14.589275","0.66871"
"D:\HAA\dACC revisions\Run 4\Br8667_dlPFC_20x_img_006-MaxIP-Stitched_unmixed_rotated.nd2","Layer 1","dACC_v17_ FISH-IF v2.4.4","2046","3503","3531","4045","4073","0","0","0","1","1","1","2635.0566","0","496.06796","8","22.831335","1","32701.008","1432.2863","0","0","0","0","0","0","0","0","0","0","0","0","0","0","0","96.158585","59.61004","36.54855","28.320358","0.768523"
"D:\HAA\dACC revisions\Run 4\Br8667_dlPFC_20x_img_006-MaxIP-Stitched_unmixed_rotated.nd2","Layer 1","dACC_v17_ FISH-IF v2.4.4","2047","3495","3523","4060","4086","0","0","0","1","1","1","2086.592","0","364.29974","5","5.937988","1","5801.0464","976.938","3","4.418968","0","7351.5977","1663.6459","0","0","0","0","0","2","0.782526","0","350.6175","448.05884","97.171265","57.124367","40.046898","28.749454","0.793146"
"D:\HAA\dACC revisions\Run 4\Br8667_dlPFC_20x_img_006-MaxIP-Stitched_unmixed_rotated.nd2","Layer 1","dACC_v17_ FISH-IF v2.4.4","2048","3459","3496","4061","4091","1","0","1","0","1","1","1133.7639","0","360.63895","0","0","0","0","0","31","42.670662","4","74879.27","1741.667","2","1.933299","0","1494.4398","773","7","15.006079","1","8746.703","582.8773","169.4398","103.52354","65.916275","37.76048","0.739974"
"D:\HAA\dACC revisions\Run 4\Br8667_dlPFC_20x_img_006-MaxIP-Stitched_unmixed_rotated.nd2","Layer 1","dACC_v17_ FISH-IF v2.4.4","2049","3738","3776","4074","4104","1","1","0","0","1","1","967.08","0","403.04147","0","0","0","0","0","17","29.643911","3","38176.34","1287.8307","7","5.569741","1","5637.0845","1012.0909","1","0.414278","0","191.85686","463.1111","144.2609","97.677605","46.58329","37.54593","0.670428"
"D:\HAA\dACC revisions\Run 4\Br8667_dlPFC_20x_img_006-MaxIP-Stitched_unmixed_rotated.nd2","Layer 1","dACC_v17_ FISH-IF v2.4.4","2050","3697","3726","4079","4112","0","0","0","0","1","1","1471.2151","0","316.13263","0","0","0","0","0","0","0","0","0","0","0","0","0","0","0","1","1.426958","0","706.1603","494.87097","133.35156","89.898384","43.453186","30.46584","0.76623"
"D:\HAA\dACC revisions\Run 4\Br8667_dlPFC_20x_img_006-MaxIP-Stitched_unmixed_rotated.nd2","Layer 1","dACC_v17_ FISH-IF v2.4.4","2051","3855","3876","4082","4099","0","0","0","0","1","1","771.8522","0","311.85568","0","0","0","0","0","0","0","0","0","0","0","0","0","0","0","0","0","0","0","0","50.265762","44.972206","5.293556","10.727408","0.648339"
"D:\HAA\dACC revisions\Run 4\Br8667_dlPFC_20x_img_006-MaxIP-Stitched_unmixed_rotated.nd2","Layer 1","dACC_v17_ FISH-IF v2.4.4","2052","3604","3628","4089","4117","0","0","0","0","1","1","3207.49","0","423.79694","0","0","0","0","0","1","0.322216","0","196.50598","609.8571","0","0","0","0","0","0","0","0","0","0","100.25534","75.26055","24.99479","23.171202","0.705604"
"D:\HAA\dACC revisions\Run 4\Br8667_dlPFC_20x_img_006-MaxIP-Stitched_unmixed_rotated.nd2","Layer 1","dACC_v17_ FISH-IF v2.4.4","2053","3761","3785","4089","4109","0","0","0","0","1","1","2524.583","0","362.1998","0","0","0","0","0","0","0","0","0","0","0","0","0","0","0","0","0","0","0","0","63.5687","47.227722","16.340975","20.167528","0.630387"
"D:\HAA\dACC revisions\Run 4\Br8667_dlPFC_20x_img_006-MaxIP-Stitched_unmixed_rotated.nd2","Layer 1","dACC_v17_ FISH-IF v2.4.4","2054","3534","3553","4092","4111","1","0","0","0","1","1","431.16534","0","132.81108","0","0","0","0","0","8","11.185513","1","20563.852","1838.4362","0","0","0","0","0","0","0","0","0","0","52.383183","46.53726","5.845926","10.298312","0.841977"
"D:\HAA\dACC revisions\Run 4\Br8667_dlPFC_20x_img_006-MaxIP-Stitched_unmixed_rotated.nd2","Layer 1","dACC_v17_ FISH-IF v2.4.4","2055","3856","3884","4098","4126","1","1","1","1","1","1","2337.6616","0","451.13037","6","9.482369","1","8871.907","935.62134","9","13.671183","1","15874.176","1161.1414","8","6.858607","1","6176.2905","900.5168","7","10.356956","1","5992.443","578.5911","120.601006","78.02241","42.578598","29.607647","0.804502"
"D:\HAA\dACC revisions\Run 4\Br8667_dlPFC_20x_img_006-MaxIP-Stitched_unmixed_rotated.nd2","Layer 1","dACC_v17_ FISH-IF v2.4.4","2056","3755","3780","4108","4133","0","0","0","0","1","1","2756.5886","0","297.8717","0","0","0","0","0","0","0","0","0","0","0","0","0","0","0","0","0","0","0","0","96.480804","64.581375","31.899426","25.74578","0.712751"
"D:\HAA\dACC revisions\Run 4\Br8667_dlPFC_20x_img_006-MaxIP-Stitched_unmixed_rotated.nd2","Layer 1","dACC_v17_ FISH-IF v2.4.4","2057","3721","3745","4126","4153","0","0","0","0","1","1","2601.6125","0","361.90768","0","0","0","0","0","0","0","0","0","0","0","0","0","0","0","0","0","0","0","0","94.0872","70.79555","23.291645","21.454817","0.839255"
"D:\HAA\dACC revisions\Run 4\Br8667_dlPFC_20x_img_006-MaxIP-Stitched_unmixed_rotated.nd2","Layer 1","dACC_v17_ FISH-IF v2.4.4","2058","3862","3886","4128","4162","0","0","0","0","1","1","2663.9521","0","467.0852","2","1.611082","0","1348.752","837.17145","0","0","0","0","0","0","0","0","0","0","1","0.644433","0","670.7165","560.4231","108.58694","74.017715","34.569218","28.320358","0.661997"
"D:\HAA\dACC revisions\Run 4\Br8667_dlPFC_20x_img_006-MaxIP-Stitched_unmixed_rotated.nd2","Layer 1","dACC_v17_ FISH-IF v2.4.4","2059","3628","3655","4148","4180","0","0","0","1","1","1","2432.1401","0","379.2244","11","24.53448","2","34282.492","1397.319","0","0","0","0","0","1","1.01268","0","785.79376","775.9545","0","0","0","0","0","122.71843","84.92704","37.79138","27.891262","0.777885"
"D:\HAA\dACC revisions\Run 4\Br8667_dlPFC_20x_img_006-MaxIP-Stitched_unmixed_rotated.nd2","Layer 1","dACC_v17_ FISH-IF v2.4.4","2060","3484","3497","4153","4168","0","0","0","0","1","1","921.0326","0","284.76923","0","0","0","0","0","2","3.590412","0","4522.63","1259.641","1","0.598402","0","405.1181","677","1","0.966649","0","492.85303","509.85715","25.823345","17.353657","8.469688","12.87289","0.701248"
"D:\HAA\dACC revisions\Run 4\Br8667_dlPFC_20x_img_006-MaxIP-Stitched_unmixed_rotated.nd2","Layer 1","dACC_v17_ FISH-IF v2.4.4","2061","3486","3502","4157","4182","1","0","0","0","1","1","966.2985","0","575.2943","0","0","0","0","0","9","10.495049","1","13901.751","1324.6008","0","0","0","0","0","2","1.565051","0","777.6003","496.85294","40.6453","28.309013","12.336286","19.094788","0.510696"
"D:\HAA\dACC revisions\Run 4\Br8667_dlPFC_20x_img_006-MaxIP-Stitched_unmixed_rotated.nd2","Layer 1","dACC_v17_ FISH-IF v2.4.4","2062","3845","3872","4159","4187","1","0","0","0","1","1","2692.8752","0","439.41867","0","0","0","0","0","16","18.872677","3","31885.295","1689.4951","2","1.472989","0","1083.2916","735.4375","3","4.603092","0","2650.5522","575.82","110.70435","76.41132","34.293034","26.174877","0.851698"
"D:\HAA\dACC revisions\Run 4\Br8667_dlPFC_20x_img_006-MaxIP-Stitched_unmixed_rotated.nd2","Layer 1","dACC_v17_ FISH-IF v2.4.4","2063","3496","3514","4161","4182","0","0","0","0","1","1","1578.4692","0","329.322","0","0","0","0","0","2","0.828557","0","584.0863","704.94446","0","0","0","0","0","0","0","0","0","0","51.60066","41.888134","9.712523","13.301987","0.814381"
"D:\HAA\dACC revisions\Run 4\Br8667_dlPFC_20x_img_006-MaxIP-Stitched_unmixed_rotated.nd2","Layer 1","dACC_v17_ FISH-IF v2.4.4","2064","2557","2594","2774","2799","0","0","0","0","1","1","1477.0751","0","281.23965","0","0","0","0","0","0","0","0","0","0","0","0","0","0","0","0","0","0","0","0","143.70853","92.19993","51.5086","35.614998","0.620442"
"D:\HAA\dACC revisions\Run 4\Br8667_dlPFC_20x_img_006-MaxIP-Stitched_unmixed_rotated.nd2","Layer 1","dACC_v17_ FISH-IF v2.4.4","2065","2593","2628","2777","2810","1","0","1","0","1","1","1096.5021","0","345.95712","1","0.920618","0","705.74603","766.6","5","4.879277","1","4763.7856","907.8158","3","2.577731","0","1918.6606","744.3214","8","16.479069","1","9555.236","579.84076","162.99548","95.51415","67.48132","42.05144","0.726945"
"D:\HAA\dACC revisions\Run 4\Br8667_dlPFC_20x_img_006-MaxIP-Stitched_unmixed_rotated.nd2","Layer 1","dACC_v17_ FISH-IF v2.4.4","2066","2448","2477","2777","2810","0","0","1","0","1","1","1258.0963","0","251.0821","0","0","0","0","0","1","2.117422","0","2510.342","1185.5652","0","0","0","0","0","7","7.318916","1","3749.3103","512.27673","140.07208","94.17926","45.892826","31.75313","0.661146"
"D:\HAA\dACC revisions\Run 4\Br8667_dlPFC_20x_img_006-MaxIP-Stitched_unmixed_rotated.nd2","Layer 1","dACC_v17_ FISH-IF v2.4.4","2067","2360","2392","2801","2834","0","0","1","0","1","1","1107.9248","0","280.59738","1","0.690464","0","531.6111","769.93335","3","3.360257","0","3251.9922","967.7808","0","0","0","0","0","8","11.461699","1","6372.336","540.7656","157.19559","99.012505","58.18308","33.469513","0.813108"
"D:\HAA\dACC revisions\Run 4\Br8667_dlPFC_20x_img_006-MaxIP-Stitched_unmixed_rotated.nd2","Layer 1","dACC_v17_ FISH-IF v2.4.4","2068","2472","2491","2803","2827","1","0","0","0","1","1","679.4","0","142.37697","0","0","0","0","0","4","6.904638","1","9106.066","1318.8334","1","1.104742","0","993.2091","899.0417","1","0.322216","0","144.7212","449.14285","65.45596","55.55932","9.896647","14.160179","0.733809"
"D:\HAA\dACC revisions\Run 4\Br8667_dlPFC_20x_img_006-MaxIP-Stitched_unmixed_rotated.nd2","Layer 1","dACC_v17_ FISH-IF v2.4.4","2069","2616","2653","2833","2864","1","0","1","0","1","1","1253.2953","0","282.1378","0","0","0","0","0","5","6.904638","1","6865.511","994.3333","0","0","0","0","0","9","12.106132","1","7101.788","586.6274","168.42712","103.89178","64.53535","36.044094","0.801346"
"D:\HAA\dACC revisions\Run 4\Br8667_dlPFC_20x_img_006-MaxIP-Stitched_unmixed_rotated.nd2","Layer 1","dACC_v17_ FISH-IF v2.4.4","2070","2557","2596","2880","2910","0","0","1","0","1","1","1273.037","0","263.3019","1","1.334897","0","1268.8423","950.5172","3","4.00469","0","3856.8386","963.08044","0","0","0","0","0","8","11.50773","1","6528.335","556.17645","170.68265","105.96317","64.71947","37.331383","0.736337"
"D:\HAA\dACC revisions\Run 4\Br8667_dlPFC_20x_img_006-MaxIP-Stitched_unmixed_rotated.nd2","Layer 1","dACC_v17_ FISH-IF v2.4.4","2071","2348","2367","2903","2921","0","0","0","0","1","1","892.08954","0","131.31438","0","0","0","0","0","0","0","0","0","0","0","0","0","0","0","0","0","0","0","0","52.291122","46.12298","6.168143","10.298312","0.886565"
"D:\HAA\dACC revisions\Run 4\Br8667_dlPFC_20x_img_006-MaxIP-Stitched_unmixed_rotated.nd2","Layer 1","dACC_v17_ FISH-IF v2.4.4","2072","2652","2673","2918","2941","0","0","0","0","1","1","989.16925","0","188.74417","0","0","0","0","0","2","3.130102","0","3634.7393","1161.2206","1","0.874587","0","718.2664","821.2632","2","2.02536","0","1040.0686","513.5227","71.163795","59.19576","11.968039","16.30566","0.710889"
"D:\HAA\dACC revisions\Run 4\Br8667_dlPFC_20x_img_006-MaxIP-Stitched_unmixed_rotated.nd2","Layer 1","dACC_v17_ FISH-IF v2.4.4","2073","2346","2378","2921","2943","0","0","0","1","1","1","2440.8623","0","379.57623","7","23.107521","1","33453.98","1447.7529","0","0","0","0","0","0","0","0","0","0","0","0","0","0","0","100.76168","76.68751","24.07417","23.38575","0.630735"
"D:\HAA\dACC revisions\Run 4\Br8667_dlPFC_20x_img_006-MaxIP-Stitched_unmixed_rotated.nd2","Layer 1","dACC_v17_ FISH-IF v2.4.4","2074","2560","2581","2943","2968","0","0","0","0","1","1","798.01917","0","190.33713","0","0","0","0","0","0","0","0","0","0","0","0","0","0","0","0","0","0","0","0","72.77488","60.76081","12.01407","16.734756","0.652388"
"D:\HAA\dACC revisions\Run 4\Br8667_dlPFC_20x_img_006-MaxIP-Stitched_unmixed_rotated.nd2","Layer 1","dACC_v17_ FISH-IF v2.4.4","2075","2336","2367","2961","2992","1","0","1","0","1","1","1543.1019","0","345.2371","0","0","0","0","0","6","9.482369","1","10146.272","1070.0145","0","0","0","0","0","13","24.396387","2","14351.9795","588.283","139.24353","91.83168","47.411846","30.46584","0.836313"
"D:\HAA\dACC revisions\Run 4\Br8667_dlPFC_20x_img_006-MaxIP-Stitched_unmixed_rotated.nd2","Layer 1","dACC_v17_ FISH-IF v2.4.4","2076","2417","2449","2967","2999","1","0","1","0","1","1","1504.8315","0","299.72318","0","0","0","0","0","10","17.813965","2","20146.857","1130.9586","2","2.255515","0","1953.276","866","21","34.891434","3","20905.953","599.1715","146.10213","95.284","50.818134","33.040417","0.765236"
"D:\HAA\dACC revisions\Run 4\Br8667_dlPFC_20x_img_006-MaxIP-Stitched_unmixed_rotated.nd2","Layer 1","dACC_v17_ FISH-IF v2.4.4","2077","2385","2406","2972","2994","0","0","0","0","1","1","858.1983","0","168.61232","0","0","0","0","0","2","1.933299","0","2445.2083","1264.7858","0","0","0","0","0","0","0","0","0","0","66.00834","55.329163","10.679173","13.945631","0.800701"
"D:\HAA\dACC revisions\Run 4\Br8667_dlPFC_20x_img_006-MaxIP-Stitched_unmixed_rotated.nd2","Layer 1","dACC_v17_ FISH-IF v2.4.4","2078","2634","2655","2997","3016","0","0","0","0","1","1","504.05554","0","142.77187","0","0","0","0","0","0","0","0","0","0","0","0","0","0","0","1","0.598402","0","268.36026","448.46155","55.05298","48.424526","6.628452","11.371053","0.812464"
"D:\HAA\dACC revisions\Run 4\Br8667_dlPFC_20x_img_006-MaxIP-Stitched_unmixed_rotated.nd2","Layer 1","dACC_v17_ FISH-IF v2.4.4","2079","2489","2515","3003","3027","0","0","0","0","1","1","413.96","0","160.04184","0","0","0","0","0","0","0","0","0","0","0","0","0","0","0","0","0","0","0","0","78.620804","67.113075","11.50773","20.382076","0.472866"
"D:\HAA\dACC revisions\Run 4\Br8667_dlPFC_20x_img_006-MaxIP-Stitched_unmixed_rotated.nd2","Layer 1","dACC_v17_ FISH-IF v2.4.4","2080","2532","2565","3008","3039","0","0","0","0","1","1","2854.5828","0","787.21265","0","0","0","0","0","0","0","0","0","0","2","1.611082","0","1312.3875","814.6","0","0","0","0","0","135.3309","81.612816","53.718082","33.469513","0.859823"
"D:\HAA\dACC revisions\Run 4\Br8667_dlPFC_20x_img_006-MaxIP-Stitched_unmixed_rotated.nd2","Layer 1","dACC_v17_ FISH-IF v2.4.4","2081","2410","2431","3013","3032","0","0","0","0","1","1","1487.6075","0","183.2046","1","1.472989","0","1082.417","734.84375","1","1.565051","0","1549.2626","989.91174","1","0.782526","0","604.2939","772.2353","0","0","0","0","0","60.530655","51.968906","8.56175","12.443794","0.78177"
"D:\HAA\dACC revisions\Run 4\Br8667_dlPFC_20x_img_006-MaxIP-Stitched_unmixed_rotated.nd2","Layer 1","dACC_v17_ FISH-IF v2.4.4","2082","2345","2375","3022","3051","0","0","0","1","1","1","1573.8524","0","347.12524","13","32.866074","2","51144.4","1556.1456","0","0","0","0","0","1","0.598402","0","430.8494","720","3","2.577731","0","1256.6901","487.51785","135.3309","90.404724","44.926174","28.749454","0.842353"
"D:\HAA\dACC revisions\Run 4\Br8667_dlPFC_20x_img_006-MaxIP-Stitched_unmixed_rotated.nd2","Layer 1","dACC_v17_ FISH-IF v2.4.4","2083","2501","2530","3023","3048","0","0","0","0","1","1","2854.044","0","397.73593","0","0","0","0","0","0","0","0","0","0","0","0","0","0","0","0","0","0","0","0","100.85374","73.5574","27.296333","23.600298","0.710975"
"D:\HAA\dACC revisions\Run 4\Br8667_dlPFC_20x_img_006-MaxIP-Stitched_unmixed_rotated.nd2","Layer 1","dACC_v17_ FISH-IF v2.4.4","2084","2539","2555","3033","3048","0","0","0","0","1","1","2032.2299","0","683.4313","0","0","0","0","0","1","1.058711","0","1112.6593","1050.9565","0","0","0","0","0","0","0","0","0","0","31.853395","24.442417","7.410978","13.301987","0.551797"
"D:\HAA\dACC revisions\Run 4\Br8667_dlPFC_20x_img_006-MaxIP-Stitched_unmixed_rotated.nd2","Layer 1","dACC_v17_ FISH-IF v2.4.4","2085","2526","2538","3031","3049","0","0","0","0","1","1","1655.7758","0","627.7919","0","0","0","0","0","0","0","0","0","0","0","0","0","0","0","0","0","0","0","0","32.12958","27.204271","4.925308","9.011024","0.719304"
"D:\HAA\dACC revisions\Run 4\Br8667_dlPFC_20x_img_006-MaxIP-Stitched_unmixed_rotated.nd2","Layer 1","dACC_v17_ FISH-IF v2.4.4","2086","2393","2423","3032","3062","0","0","0","0","1","1","1535.9467","0","507.14066","0","0","0","0","0","0","0","0","0","0","0","0","0","0","0","2","2.347577","0","1370.4325","583.7647","127.50564","86.07781","41.427826","29.17855","0.900173"
"D:\HAA\dACC revisions\Run 4\Br8667_dlPFC_20x_img_006-MaxIP-Stitched_unmixed_rotated.nd2","Layer 1","dACC_v17_ FISH-IF v2.4.4","2087","2440","2454","3061","3072","0","0","0","0","1","1","1012.6923","0","235.57545","0","0","0","0","0","0","0","0","0","0","0","0","0","0","0","0","0","0","0","0","23.475767","22.877365","0.598402","2.36003","0.713293"
"D:\HAA\dACC revisions\Run 4\Br8667_dlPFC_20x_img_006-MaxIP-Stitched_unmixed_rotated.nd2","Layer 1","dACC_v17_ FISH-IF v2.4.4","2088","2319","2344","3064","3085","0","0","0","0","1","1","1329.6337","0","346.1998","1","1.01268","0","826.94543","816.5909","0","0","0","0","0","0","0","0","0","0","0","0","0","0","0","69.32256","48.838802","20.483759","20.811172","0.782869"
"D:\HAA\dACC revisions\Run 4\Br8667_dlPFC_20x_img_006-MaxIP-Stitched_unmixed_rotated.nd2","Layer 1","dACC_v17_ FISH-IF v2.4.4","2089","2604","2636","3068","3093","0","0","0","0","1","1","2526.3223","0","439.80215","0","0","0","0","0","0","0","0","0","0","0","0","0","0","0","0","0","0","0","0","112.86781","80.73823","32.12958","26.174877","0.75227"
"D:\HAA\dACC revisions\Run 4\Br8667_dlPFC_20x_img_006-MaxIP-Stitched_unmixed_rotated.nd2","Layer 1","dACC_v17_ FISH-IF v2.4.4","2090","2436","2456","3071","3090","0","0","0","0","1","1","853.7723","0","180.32768","0","0","0","0","0","0","0","0","0","0","0","0","0","0","0","0","0","0","0","0","55.513287","46.215042","9.298245","12.87289","0.882149"
"D:\HAA\dACC revisions\Run 4\Br8667_dlPFC_20x_img_006-MaxIP-Stitched_unmixed_rotated.nd2","Layer 1","dACC_v17_ FISH-IF v2.4.4","2091","2324","2347","3082","3102","0","0","0","0","1","1","1461.826","0","317.731","0","0","0","0","0","0","0","0","0","0","0","0","0","0","0","2","1.795206","0","920.7104","512.87177","68.67813","49.62133","19.056799","19.95298","0.677311"
"D:\HAA\dACC revisions\Run 4\Br8667_dlPFC_20x_img_006-MaxIP-Stitched_unmixed_rotated.nd2","Layer 1","dACC_v17_ FISH-IF v2.4.4","2092","2412","2432","3088","3107","0","0","0","0","1","1","644.33813","0","164.42664","0","0","0","0","0","0","0","0","0","0","0","0","0","0","0","0","0","0","0","0","54.086327","47.68803","6.398297","10.51286","0.848074"
"D:\HAA\dACC revisions\Run 4\Br8667_dlPFC_20x_img_006-MaxIP-Stitched_unmixed_rotated.nd2","Layer 1","dACC_v17_ FISH-IF v2.4.4","2093","2329","2362","3118","3150","0","0","1","0","1","1","1424.1731","0","322.74374","0","0","0","0","0","0","0","0","0","0","0","0","0","0","0","29","47.54994","3","40171.688","844.83154","150.33698","95.56019","54.77679","33.89861","0.861726"
"D:\HAA\dACC revisions\Run 4\Br8667_dlPFC_20x_img_006-MaxIP-Stitched_unmixed_rotated.nd2","Layer 1","dACC_v17_ FISH-IF v2.4.4","2094","2465","2483","3120","3142","0","0","0","0","1","1","431.259","0","170.1742","0","0","0","0","0","0","0","0","0","0","0","0","0","0","0","0","0","0","0","0","57.400555","51.00226","6.398297","12.229246","0.590823"
"D:\HAA\dACC revisions\Run 4\Br8667_dlPFC_20x_img_006-MaxIP-Stitched_unmixed_rotated.nd2","Layer 1","dACC_v17_ FISH-IF v2.4.4","2095","2589","2608","3125","3146","0","0","0","0","1","1","1068.7657","0","187.48105","0","0","0","0","0","1","1.058711","0","808.02673","763.2174","0","0","0","0","0","0","0","0","0","0","59.057667","51.00226","8.05541","12.014698","0.819154"
"D:\HAA\dACC revisions\Run 4\Br8667_dlPFC_20x_img_006-MaxIP-Stitched_unmixed_rotated.nd2","Layer 1","dACC_v17_ FISH-IF v2.4.4","2096","2484","2508","3130","3153","0","0","0","0","1","1","2222.5469","0","483.9372","0","0","0","0","0","0","0","0","0","0","0","0","0","0","0","1","0.50634","0","458.60602","524.3684","80.922356","63.75282","17.169533","17.807499","0.870858"
"D:\HAA\dACC revisions\Run 4\Br8667_dlPFC_20x_img_006-MaxIP-Stitched_unmixed_rotated.nd2","Layer 1","dACC_v17_ FISH-IF v2.4.4","2097","2391","2421","3130","3164","0","0","0","1","1","1","2295.9827","0","416.8997","8","21.036129","1","33479.62","1591.5295","0","0","0","0","0","1","0.50634","0","364.05853","719","1","0.552371","0","295.93277","494.53845","125.158066","90.86503","34.293034","32.182224","0.628183"
"D:\HAA\dACC revisions\Run 4\Br8667_dlPFC_20x_img_006-MaxIP-Stitched_unmixed_rotated.nd2","Layer 1","dACC_v17_ FISH-IF v2.4.4","2098","2432","2454","3130","3154","0","0","0","0","1","1","1535.6572","0","298.27997","0","0","0","0","0","1","1.657113","0","1791.8456","1081.3055","0","0","0","0","0","0","0","0","0","0","76.45735","61.819523","14.637832","17.163853","0.741922"
"D:\HAA\dACC revisions\Run 4\Br8667_dlPFC_20x_img_006-MaxIP-Stitched_unmixed_rotated.nd2","Layer 1","dACC_v17_ FISH-IF v2.4.4","2099","2530","2555","3133","3151","0","0","0","0","1","1","2010.4543","0","448.73523","0","0","0","0","0","1","0.552371","0","366.45215","663.4167","0","0","0","0","0","2","1.104742","0","504.22266","456.41666","71.0257","48.332462","22.693243","20.596624","0.821941"
"D:\HAA\dACC revisions\Run 4\Br8667_dlPFC_20x_img_006-MaxIP-Stitched_unmixed_rotated.nd2","Layer 1","dACC_v17_ FISH-IF v2.4.4","2100","2529","2559","3150","3172","0","0","1","0","1","1","1962.5443","0","503.06662","0","0","0","0","0","0","0","0","0","0","0","0","0","0","0","6","13.118812","1","9199.003","701.20703","100.25534","62.878235","37.377106","26.603973","0.846407"
"D:\HAA\dACC revisions\Run 4\Br8667_dlPFC_20x_img_006-MaxIP-Stitched_unmixed_rotated.nd2","Layer 1","dACC_v17_ FISH-IF v2.4.4","2101","2329","2357","3151","3179","0","0","0","0","1","1","2375.3745","0","456.16998","0","0","0","0","0","1","0.552371","0","521.07","943.3333","1","0.50634","0","342.65414","676.7273","1","1.51902","0","884.6682","582.3939","99.10457","69.59875","29.505817","29.607647","0.557327"
"D:\HAA\dACC revisions\Run 4\Br8667_dlPFC_20x_img_006-MaxIP-Stitched_unmixed_rotated.nd2","Layer 1","dACC_v17_ FISH-IF v2.4.4","2102","5378","5396","3195","3210","0","0","0","0","1","1","525.4","0","226.65413","0","0","0","0","0","0","0","0","0","0","0","0","0","0","0","0","0","0","0","0","40.000866","37.929478","2.071391","6.007349","0.671348"
"D:\HAA\dACC revisions\Run 4\Br8667_dlPFC_20x_img_006-MaxIP-Stitched_unmixed_rotated.nd2","Layer 1","dACC_v17_ FISH-IF v2.4.4","2103","5115","5159","3199","3241","1","1","0","0","1","1","3179.2925","0","641.94366","0","0","0","0","0","6","9.712523","1","11563.9795","1190.6256","12","10.03474","2","7880.769","785.34863","3","3.49835","0","1619.6439","462.9737","247.46222","140.48636","106.97585","54.495235","0.756576"
"D:\HAA\dACC revisions\Run 4\Br8667_dlPFC_20x_img_006-MaxIP-Stitched_unmixed_rotated.nd2","Layer 1","dACC_v17_ FISH-IF v2.4.4","2104","5399","5430","3205","3228","0","1","1","0","1","1","3017.1665","0","435.86322","0","0","0","0","0","0","0","0","0","0","6","5.109432","1","6634.068","1298.3964","34","19.60917","4","53980.55","2752.8215","107.66631","70.33524","37.331074","27.03307","0.824947"
"D:\HAA\dACC revisions\Run 4\Br8667_dlPFC_20x_img_006-MaxIP-Stitched_unmixed_rotated.nd2","Layer 1","dACC_v17_ FISH-IF v2.4.4","2105","5172","5208","3213","3239","0","0","0","0","1","1","3245.4702","0","431.2068","0","0","0","0","0","0","0","0","0","0","0","0","0","0","0","0","0","0","0","0","137.21817","94.82369","42.394474","31.75313","0.618534"
"D:\HAA\dACC revisions\Run 4\Br8667_dlPFC_20x_img_006-MaxIP-Stitched_unmixed_rotated.nd2","Layer 1","dACC_v17_ FISH-IF v2.4.4","2106","5465","5484","3217","3237","0","0","0","0","1","1","821.5909","0","167.12605","0","0","0","0","0","0","0","0","0","0","1","1.288866","0","1114.5927","864.7857","0","0","0","0","0","56.019627","48.930866","7.088761","11.156505","0.865858"
"D:\HAA\dACC revisions\Run 4\Br8667_dlPFC_20x_img_006-MaxIP-Stitched_unmixed_rotated.nd2","Layer 1","dACC_v17_ FISH-IF v2.4.4","2107","5393","5428","3224","3251","0","1","1","0","1","1","1971.0154","0","466.98502","0","0","0","0","0","0","0","0","0","0","37","27.480457","4","35830.33","1249.4333","100","80.6922","4","161144.62","1997.0286","133.81187","82.993744","50.818134","32.182224","0.749008"
"D:\HAA\dACC revisions\Run 4\Br8667_dlPFC_20x_img_006-MaxIP-Stitched_unmixed_rotated.nd2","Layer 1","dACC_v17_ FISH-IF v2.4.4","2108","5438","5472","3252","3278","0","0","1","0","1","1","3097.891","0","531.1636","0","0","0","0","0","0","0","0","0","0","0","0","0","0","0","5","8.976028","1","6866.0635","764.93335","129.0707","88.93173","40.13896","28.749454","0.73347"
"D:\HAA\dACC revisions\Run 4\Br8667_dlPFC_20x_img_006-MaxIP-Stitched_unmixed_rotated.nd2","Layer 1","dACC_v17_ FISH-IF v2.4.4","2109","5311","5347","3253","3280","0","1","1","0","1","1","2379.0083","0","484.18872","0","0","0","0","0","1","0.50634","0","367.32672","725.4545","34","30.380405","4","34632.418","1139.9591","7","13.717214","1","7629.5327","556.20135","136.15945","91.46343","44.696022","31.75313","0.728385"
"D:\HAA\dACC revisions\Run 4\Br8667_dlPFC_20x_img_006-MaxIP-Stitched_unmixed_rotated.nd2","Layer 1","dACC_v17_ FISH-IF v2.4.4","2110","5384","5415","3272","3296","0","0","0","0","1","1","3258.4136","0","367.46616","0","0","0","0","0","0","0","0","0","0","0","0","0","0","0","0","0","0","0","0","108.86312","79.587456","29.275663","25.316685","0.696341"
"D:\HAA\dACC revisions\Run 4\Br8667_dlPFC_20x_img_006-MaxIP-Stitched_unmixed_rotated.nd2","Layer 1","dACC_v17_ FISH-IF v2.4.4","2111","5273","5293","3286","3305","0","0","0","0","1","1","483.19205","0","241.07555","0","0","0","0","0","0","0","0","0","0","1","0.966649","0","859.075","888.7143","0","0","0","0","0","55.69741","48.746742","6.950668","11.156505","0.863312"
"D:\HAA\dACC revisions\Run 4\Br8667_dlPFC_20x_img_006-MaxIP-Stitched_unmixed_rotated.nd2","Layer 1","dACC_v17_ FISH-IF v2.4.4","2112","5095","5114","3295","3319","0","0","0","0","1","1","1868.8641","0","288.53308","1","0.920618","0","731.98364","795.1","0","0","0","0","0","2","2.071391","0","1680.1285","811.1111","0","0","0","0","0","70.657455","58.459267","12.198194","15.018372","0.77783"
"D:\HAA\dACC revisions\Run 4\Br8667_dlPFC_20x_img_006-MaxIP-Stitched_unmixed_rotated.nd2","Layer 1","dACC_v17_ FISH-IF v2.4.4","2113","5074","5092","3299","3317","0","0","0","1","1","1","1454.925","0","172.11534","4","11.691853","1","16379.733","1400.9528","0","0","0","0","0","2","1.841237","0","1453.9786","789.675","0","0","0","0","0","51.416534","45.892826","5.52371","9.44012","0.884063"
"D:\HAA\dACC revisions\Run 4\Br8667_dlPFC_20x_img_006-MaxIP-Stitched_unmixed_rotated.nd2","Layer 1","dACC_v17_ FISH-IF v2.4.4","2114","5398","5426","3327","3352","0","1","0","0","1","1","1951.3981","0","312.90045","0","0","0","0","0","0","0","0","0","0","6","5.845926","1","5901.0254","1009.4252","0","0","0","0","0","97.677605","73.511375","24.166231","23.171202","0.729703"
"D:\HAA\dACC revisions\Run 4\Br8667_dlPFC_20x_img_006-MaxIP-Stitched_unmixed_rotated.nd2","Layer 1","dACC_v17_ FISH-IF v2.4.4","2115","5276","5299","3329","3348","0","0","0","0","1","1","1051.3029","0","239.6802","0","0","0","0","0","0","0","0","0","0","0","0","0","0","0","0","0","0","0","0","63.982975","54.408543","9.57443","13.301987","0.7502"
"D:\HAA\dACC revisions\Run 4\Br8667_dlPFC_20x_img_006-MaxIP-Stitched_unmixed_rotated.nd2","Layer 1","dACC_v17_ FISH-IF v2.4.4","2116","5207","5232","3347","3373","0","0","0","0","1","1","3621.2673","0","485.6569","0","0","0","0","0","0","0","0","0","0","1","0.50634","0","339.70816","670.9091","0","0","0","0","0","97.53951","65.87024","31.669271","26.818521","0.689145"
"D:\HAA\dACC revisions\Run 4\Br8667_dlPFC_20x_img_006-MaxIP-Stitched_unmixed_rotated.nd2","Layer 1","dACC_v17_ FISH-IF v2.4.4","2117","5169","5191","3365","3394","0","0","0","0","1","1","2751.8289","0","526.5267","0","0","0","0","0","1","2.071391","0","2457.9128","1186.6","1","0.598402","0","415.29092","694","3","4.418968","0","2787.8164","630.875","94.639565","62.924263","31.715302","24.887589","0.843065"
"D:\HAA\dACC revisions\Run 4\Br8667_dlPFC_20x_img_006-MaxIP-Stitched_unmixed_rotated.nd2","Layer 1","dACC_v17_ FISH-IF v2.4.4","2118","5190","5215","3367","3393","0","1","0","0","1","1","2515.4854","0","531.1565","0","0","0","0","0","0","0","0","0","0","16","10.679173","3","14790.839","1385.0172","2","1.749175","0","891.8951","509.89474","91.50946","42.946846","48.56262","35.1859","0.611755"
"D:\HAA\dACC revisions\Run 4\Br8667_dlPFC_20x_img_006-MaxIP-Stitched_unmixed_rotated.nd2","Layer 1","dACC_v17_ FISH-IF v2.4.4","2119","5212","5232","3373","3389","0","0","0","0","1","1","2831.5596","0","576.0874","2","1.288866","0","1207.529","936.8929","0","0","0","0","0","1","0.828557","0","623.71893","677.5","0","0","0","0","0","51.60066","22.647211","28.953447","23.171202","0.793928"
"D:\HAA\dACC revisions\Run 4\Br8667_dlPFC_20x_img_006-MaxIP-Stitched_unmixed_rotated.nd2","Layer 1","dACC_v17_ FISH-IF v2.4.4","2120","5198","5217","3391","3409","0","0","0","1","1","1","2609.9524","0","509.5672","5","16.202883","1","26673.49","1646.2188","0","0","0","0","0","0","0","0","0","0","0","0","0","0","0","53.395863","31.162931","22.232933","20.167528","0.792538"
"D:\HAA\dACC revisions\Run 4\Br8667_dlPFC_20x_img_006-MaxIP-Stitched_unmixed_rotated.nd2","Layer 1","dACC_v17_ FISH-IF v2.4.4","2121","5235","5257","3386","3410","0","0","0","0","1","1","2862.447","0","405.98737","0","0","0","0","0","0","0","0","0","0","1","0.598402","0","404.56573","676.0769","1","1.058711","0","532.80786","503.26086","67.38927","47.411846","19.977419","21.02572","0.777251"
"D:\HAA\dACC revisions\Run 4\Br8667_dlPFC_20x_img_006-MaxIP-Stitched_unmixed_rotated.nd2","Layer 1","dACC_v17_ FISH-IF v2.4.4","2122","5217","5243","3389","3415","0","0","0","0","1","1","3133.9202","0","599.4279","0","0","0","0","0","0","0","0","0","0","0","0","0","0","0","0","0","0","0","0","75.6288","39.264374","36.364426","28.964003","0.756744"
"D:\HAA\dACC revisions\Run 4\Br8667_dlPFC_20x_img_006-MaxIP-Stitched_unmixed_rotated.nd2","Layer 1","dACC_v17_ FISH-IF v2.4.4","2123","5154","5173","3394","3414","0","0","0","0","1","1","1538.575","0","211.80486","2","6.582421","0","6112.3994","928.5944","0","0","0","0","0","0","0","0","0","0","0","0","0","0","0","56.66406","49.299114","7.364947","11.585601","0.900544"
"D:\HAA\dACC revisions\Run 4\Br8667_dlPFC_20x_img_006-MaxIP-Stitched_unmixed_rotated.nd2","Layer 1","dACC_v17_ FISH-IF v2.4.4","2124","5370","5402","3396","3425","0","1","0","0","1","1","2252.3577","0","435.9815","0","0","0","0","0","1","0.644433","0","461.8282","716.6429","73","40.921486","4","74547.53","1821.7211","3","2.853917","0","1527.628","535.2742","143.61646","94.59354","49.022926","30.46584","0.817197"
"D:\HAA\dACC revisions\Run 4\Br8667_dlPFC_20x_img_006-MaxIP-Stitched_unmixed_rotated.nd2","Layer 1","dACC_v17_ FISH-IF v2.4.4","2125","5199","5226","3410","3441","0","0","0","0","1","1","2717.567","0","654.5067","1","1.703144","0","1378.1656","809.1892","0","0","0","0","0","0","0","0","0","0","0","0","0","0","0","117.70106","71.670135","46.03092","31.967678","0.777532"
"D:\HAA\dACC revisions\Run 4\Br8667_dlPFC_20x_img_006-MaxIP-Stitched_unmixed_rotated.nd2","Layer 1","dACC_v17_ FISH-IF v2.4.4","2126","5436","5469","3413","3437","0","0","1","0","1","1","2695.3906","0","577.5235","0","0","0","0","0","0","0","0","0","0","1","0.644433","0","506.9385","786.6429","7","8.745874","1","4774.833","540.2656","120.37085","70.51936","49.851482","31.75313","0.726875"
"D:\HAA\dACC revisions\Run 4\Br8667_dlPFC_20x_img_006-MaxIP-Stitched_unmixed_rotated.nd2","Layer 1","dACC_v17_ FISH-IF v2.4.4","2127","5142","5162","3415","3434","0","0","0","0","1","1","798.0902","0","179.78146","3","8.193503","0","20703.463","2526.8147","0","0","0","0","0","0","0","0","0","0","0","0","0","0","0","53.303802","47.18169","6.122112","10.51286","0.842301"
"D:\HAA\dACC revisions\Run 4\Br8667_dlPFC_20x_img_006-MaxIP-Stitched_unmixed_rotated.nd2","Layer 1","dACC_v17_ FISH-IF v2.4.4","2128","5220","5241","3419","3446","0","0","0","0","1","1","3174.628","0","582.0844","0","0","0","0","0","0","0","0","0","0","1","0.644433","0","455.7061","707.1429","1","0.50634","0","224.35469","443.0909","71.57808","50.1737","21.404377","20.596624","0.752622"
"D:\HAA\dACC revisions\Run 4\Br8667_dlPFC_20x_img_006-MaxIP-Stitched_unmixed_rotated.nd2","Layer 1","dACC_v17_ FISH-IF v2.4.4","2129","5433","5466","3437","3461","0","0","0","0","1","1","2418.3484","0","419.27878","0","0","0","0","0","0","0","0","0","0","2","1.565051","0","1284.2626","820.58826","0","0","0","0","0","119.91054","69.18447","50.72607","31.75313","0.799283"
"D:\HAA\dACC revisions\Run 4\Br8667_dlPFC_20x_img_006-MaxIP-Stitched_unmixed_rotated.nd2","Layer 1","dACC_v17_ FISH-IF v2.4.4","2130","5139","5163","3435","3456","0","0","0","0","1","1","869.93536","0","205.96762","0","0","0","0","0","0","0","0","0","0","0","0","0","0","0","0","0","0","0","0","68.954315","58.275143","10.679173","15.447468","0.625672"
"D:\HAA\dACC revisions\Run 4\Br8667_dlPFC_20x_img_006-MaxIP-Stitched_unmixed_rotated.nd2","Layer 1","dACC_v17_ FISH-IF v2.4.4","2131","5195","5220","3457","3487","0","0","0","0","1","1","2534.5793","0","441.79694","0","0","0","0","0","0","0","0","0","0","0","0","0","0","0","0","0","0","0","0","114.202705","81.38266","32.820045","25.316685","0.793728"
"D:\HAA\dACC revisions\Run 4\Br8667_dlPFC_20x_img_006-MaxIP-Stitched_unmixed_rotated.nd2","Layer 1","dACC_v17_ FISH-IF v2.4.4","2132","5283","5315","3462","3487","0","0","0","0","1","1","3546.6145","0","474.9192","1","0.782526","0","634.72034","811.1177","2","2.071391","0","1727.4943","833.9778","0","0","0","0","0","0","0","0","0","0","116.36616","83.17787","33.18829","27.03307","0.684856"
"D:\HAA\dACC revisions\Run 4\Br8667_dlPFC_20x_img_006-MaxIP-Stitched_unmixed_rotated.nd2","Layer 1","dACC_v17_ FISH-IF v2.4.4","2133","5132","5156","3467","3491","0","0","0","0","1","1","2220.411","0","364.25998","0","0","0","0","0","0","0","0","0","0","0","0","0","0","0","1","0.460309","0","197.24248","428.5","84.28261","65.68612","18.59649","18.88024","0.831734"
"D:\HAA\dACC revisions\Run 4\Br8667_dlPFC_20x_img_006-MaxIP-Stitched_unmixed_rotated.nd2","Layer 1","dACC_v17_ FISH-IF v2.4.4","2134","5157","5180","3471","3493","0","0","0","0","1","1","2882.4678","0","436.3287","0","0","0","0","0","0","0","0","0","0","0","0","0","0","0","2","5.845926","0","3275.468","560.2992","73.23519","59.65607","13.579121","15.876565","0.777146"
"D:\HAA\dACC revisions\Run 4\Br8667_dlPFC_20x_img_006-MaxIP-Stitched_unmixed_rotated.nd2","Layer 1","dACC_v17_ FISH-IF v2.4.4","2135","5186","5209","3485","3503","0","0","0","0","1","1","2797.543","0","490.37814","0","0","0","0","0","0","0","0","0","0","0","0","0","0","0","0","0","0","0","0","57.63071","42.11829","15.512419","16.520208","0.700828"
"D:\HAA\dACC revisions\Run 4\Br8667_dlPFC_20x_img_006-MaxIP-Stitched_unmixed_rotated.nd2","Layer 1","dACC_v17_ FISH-IF v2.4.4","2136","5399","5420","3487","3509","0","1","0","0","1","1","1231.82","0","320.2548","0","0","0","0","0","0","0","0","0","0","8","6.950668","1","6973.776","1003.3245","0","0","0","0","0","69.8289","57.81483","12.01407","15.447468","0.759787"
"D:\HAA\dACC revisions\Run 4\Br8667_dlPFC_20x_img_006-MaxIP-Stitched_unmixed_rotated.nd2","Layer 1","dACC_v17_ FISH-IF v2.4.4","2137","5183","5213","3498","3533","0","0","0","0","1","1","3088.9639","0","414.0913","0","0","0","0","0","0","0","0","0","0","0","0","0","0","0","1","1.288866","0","636.2854","493.67856","146.24022","86.21591","60.024315","37.54593","0.730374"
"D:\HAA\dACC revisions\Run 4\Br8667_dlPFC_20x_img_006-MaxIP-Stitched_unmixed_rotated.nd2","Layer 1","dACC_v17_ FISH-IF v2.4.4","2138","5191","5212","3553","3574","0","0","0","0","1","1","1440.8121","0","171.9158","0","0","0","0","0","0","0","0","0","0","0","0","0","0","0","0","0","0","0","0","62.64808","53.579987","9.06809","13.731083","0.722578"
"D:\HAA\dACC revisions\Run 4\Br8667_dlPFC_20x_img_006-MaxIP-Stitched_unmixed_rotated.nd2","Layer 1","dACC_v17_ FISH-IF v2.4.4","2139","5432","5469","3559","3590","0","1","1","0","1","1","1910.6747","0","318.57376","0","0","0","0","0","1","0.50634","0","350.52545","692.2727","31","26.0535","4","29137.662","1085.7667","43","88.057144","4","68914.914","782.6158","156.13687","93.30467","62.832203","36.902287","0.824108"
"D:\HAA\dACC revisions\Run 4\Br8667_dlPFC_20x_img_006-MaxIP-Stitched_unmixed_rotated.nd2","Layer 1","dACC_v17_ FISH-IF v2.4.4","2140","5931","5966","2767","2796","0","0","0","0","1","1","2040.1312","0","334.21173","0","0","0","0","0","0","0","0","0","0","0","0","0","0","0","0","0","0","0","0","148.95605","95.652245","53.303802","32.61132","0.823188"
"D:\HAA\dACC revisions\Run 4\Br8667_dlPFC_20x_img_006-MaxIP-Stitched_unmixed_rotated.nd2","Layer 1","dACC_v17_ FISH-IF v2.4.4","2141","5875","5902","2788","2815","0","0","0","0","1","1","3475.4846","0","427.1048","0","0","0","0","0","1","0.322216","0","203.08841","630.2857","0","0","0","0","0","0","0","0","0","0","101.63627","74.66215","26.974117","23.814846","0.799159"
"D:\HAA\dACC revisions\Run 4\Br8667_dlPFC_20x_img_006-MaxIP-Stitched_unmixed_rotated.nd2","Layer 1","dACC_v17_ FISH-IF v2.4.4","2142","5939","5974","2797","2828","0","0","0","0","1","1","1968.3646","0","408.46875","0","0","0","0","0","0","0","0","0","0","0","0","0","0","0","1","1.196804","0","761.4434","612.6667","150.93538","97.90776","53.02762","33.89861","0.706505"
"D:\HAA\dACC revisions\Run 4\Br8667_dlPFC_20x_img_006-MaxIP-Stitched_unmixed_rotated.nd2","Layer 1","dACC_v17_ FISH-IF v2.4.4","2143","6004","6034","2809","2836","0","0","0","1","1","1","2326.9236","0","382.419","13","32.49783","2","57705.234","1775.6643","0","0","0","0","0","1","1.104742","0","987.63934","894","2","1.104742","0","536.44434","485.58334","121.797806","83.8223","37.975506","26.603973","0.871014"
"D:\HAA\dACC revisions\Run 4\Br8667_dlPFC_20x_img_006-MaxIP-Stitched_unmixed_rotated.nd2","Layer 1","dACC_v17_ FISH-IF v2.4.4","2144","6044","6074","2829","2866","0","0","0","0","1","1","2125.383","0","368.12683","0","0","0","0","0","0","0","0","0","0","0","0","0","0","0","2","0.966649","0","461.4139","477.33334","145.4577","97.999825","47.457874","35.1859","0.696731"
"D:\HAA\dACC revisions\Run 4\Br8667_dlPFC_20x_img_006-MaxIP-Stitched_unmixed_rotated.nd2","Layer 1","dACC_v17_ FISH-IF v2.4.4","2145","5917","5952","2834","2859","0","0","0","1","1","1","2182.372","0","356.94098","9","23.56783","1","35020.598","1485.9492","0","0","0","0","0","1","0.782526","0","569.31036","727.5294","1","1.611082","0","975.211","605.3143","125.8025","88.93173","36.870766","29.17855","0.638315"
"D:\HAA\dACC revisions\Run 4\Br8667_dlPFC_20x_img_006-MaxIP-Stitched_unmixed_rotated.nd2","Layer 1","dACC_v17_ FISH-IF v2.4.4","2146","5871","5889","2847","2868","0","0","0","0","1","1","1080.4525","0","203.42421","0","0","0","0","0","0","0","0","0","0","0","0","0","0","0","0","0","0","0","0","53.073647","46.76741","6.306236","11.156505","0.690618"
"D:\HAA\dACC revisions\Run 4\Br8667_dlPFC_20x_img_006-MaxIP-Stitched_unmixed_rotated.nd2","Layer 1","dACC_v17_ FISH-IF v2.4.4","2147","5884","5904","2858","2881","0","0","0","0","1","1","1612.4523","0","221.90253","0","0","0","0","0","0","0","0","0","0","0","0","0","0","0","0","0","0","0","0","65.87024","54.77679","11.093451","14.160179","0.771428"
"D:\HAA\dACC revisions\Run 4\Br8667_dlPFC_20x_img_006-MaxIP-Stitched_unmixed_rotated.nd2","Layer 1","dACC_v17_ FISH-IF v2.4.4","2148","5988","6009","2863","2897","0","0","1","0","1","1","1694.1526","0","554.30994","0","0","0","0","0","0","0","0","0","0","0","0","0","0","0","104","72.40663","4","167212.28","2309.3503","106.05524","66.83689","39.21834","29.607647","0.732497"
"D:\HAA\dACC revisions\Run 4\Br8667_dlPFC_20x_img_006-MaxIP-Stitched_unmixed_rotated.nd2","Layer 1","dACC_v17_ FISH-IF v2.4.4","2149","6008","6028","2864","2881","0","0","1","0","1","1","2605.75","0","601.4633","1","1.933299","0","3190.2188","1650.1428","0","0","0","0","0","0","0","0","0","0","11","8.147472","2","15347.261","1883.6836","55.421227","33.878754","21.542469","19.738432","0.746887"
"D:\HAA\dACC revisions\Run 4\Br8667_dlPFC_20x_img_006-MaxIP-Stitched_unmixed_rotated.nd2","Layer 1","dACC_v17_ FISH-IF v2.4.4","2150","6008","6034","2880","2907","0","0","1","0","1","1","2663.4312","0","638.32367","2","3.912628","0","5017.324","1282.3412","0","0","0","0","0","0","0","0","0","0","20","18.228243","3","29828.127","1636.3687","102.97116","60.16241","42.808754","29.822195","0.720674"
"D:\HAA\dACC revisions\Run 4\Br8667_dlPFC_20x_img_006-MaxIP-Stitched_unmixed_rotated.nd2","Layer 1","dACC_v17_ FISH-IF v2.4.4","2151","6032","6051","2897","2917","0","0","0","0","1","1","1104.9415","0","170.44283","0","0","0","0","0","0","0","0","0","0","0","0","0","0","0","0","0","0","0","0","58.59736","50.72607","7.871287","11.585601","0.807195"
"D:\HAA\dACC revisions\Run 4\Br8667_dlPFC_20x_img_006-MaxIP-Stitched_unmixed_rotated.nd2","Layer 1","dACC_v17_ FISH-IF v2.4.4","2152","6249","6270","2906","2927","0","0","0","0","1","1","1420.8834","0","238.65121","0","0","0","0","0","0","0","0","0","0","0","0","0","0","0","0","0","0","0","0","64.903595","54.6387","10.264894","14.160179","0.828689"
"D:\HAA\dACC revisions\Run 4\Br8667_dlPFC_20x_img_006-MaxIP-Stitched_unmixed_rotated.nd2","Layer 1","dACC_v17_ FISH-IF v2.4.4","2153","6165","6197","2909","2934","0","1","0","0","1","1","2208.4856","0","430.95218","0","0","0","0","0","0","0","0","0","0","4","4.096752","1","3650.0676","861.913","1","1.472989","0","791.40955","537.28125","122.76446","82.76359","40.000866","29.607647","0.685417"
"D:\HAA\dACC revisions\Run 4\Br8667_dlPFC_20x_img_006-MaxIP-Stitched_unmixed_rotated.nd2","Layer 1","dACC_v17_ FISH-IF v2.4.4","2154","6135","6164","2910","2943","0","1","0","0","1","1","1369.6194","0","323.3766","0","0","0","0","0","0","0","0","0","0","41","28.493137","4","36531.285","1282.1083","1","0.598402","0","398.07538","508.70587","148.31161","84.09849","64.21313","36.044094","0.791587"
"D:\HAA\dACC revisions\Run 4\Br8667_dlPFC_20x_img_006-MaxIP-Stitched_unmixed_rotated.nd2","Layer 1","dACC_v17_ FISH-IF v2.4.4","2155","6124","6137","2919","2937","0","0","0","0","1","1","1168.977","0","221.91757","0","0","0","0","0","0","0","0","0","0","0","0","0","0","0","0","0","0","0","0","33.60257","29.59788","4.00469","8.15283","0.784753"
"D:\HAA\dACC revisions\Run 4\Br8667_dlPFC_20x_img_006-MaxIP-Stitched_unmixed_rotated.nd2","Layer 1","dACC_v17_ FISH-IF v2.4.4","2156","5883","5903","2949","2970","0","0","0","0","1","1","1779.1422","0","211.85605","1","4.00469","0","4361.199","1089.023","0","0","0","0","0","0","0","0","0","0","0","0","0","0","0","64.075035","54.0403","10.03474","13.731083","0.850482"
"D:\HAA\dACC revisions\Run 4\Br8667_dlPFC_20x_img_006-MaxIP-Stitched_unmixed_rotated.nd2","Layer 1","dACC_v17_ FISH-IF v2.4.4","2157","6033","6057","2952","2980","0","1","1","0","1","1","1645.9017","0","246.58871","0","0","0","0","0","0","0","0","0","0","5","5.753865","1","4552.3657","791.184","4","6.766545","1","3933.0198","581.2449","96.987144","72.63679","24.350355","22.31301","0.782439"
"D:\HAA\dACC revisions\Run 4\Br8667_dlPFC_20x_img_006-MaxIP-Stitched_unmixed_rotated.nd2","Layer 1","dACC_v17_ FISH-IF v2.4.4","2158","5911","5938","2964","2989","1","0","1","0","1","1","3404.6064","0","497.0383","0","0","0","0","0","10","11.50773","2","16190.501","1406.924","3","2.853917","0","2759.5996","966.9516","41","43.453186","4","66017.22","1519.2722","98.96647","70.88761","28.07886","23.600298","0.771774"
"D:\HAA\dACC revisions\Run 4\Br8667_dlPFC_20x_img_006-MaxIP-Stitched_unmixed_rotated.nd2","Layer 1","dACC_v17_ FISH-IF v2.4.4","2159","6126","6156","2975","3008","0","0","0","0","1","1","2633.9119","0","578.5285","2","1.887268","0","1756.2177","930.561","0","0","0","0","0","0","0","0","0","0","0","0","0","0","0","139.42764","94.50147","44.926174","32.182224","0.703198"
"D:\HAA\dACC revisions\Run 4\Br8667_dlPFC_20x_img_006-MaxIP-Stitched_unmixed_rotated.nd2","Layer 1","dACC_v17_ FISH-IF v2.4.4","2160","6003","6030","2979","3008","0","1","1","0","1","1","1650.7965","0","285.8317","0","0","0","0","0","0","0","0","0","0","20","15.282265","3","19519.916","1277.2921","5","3.682473","1","1757.6445","477.3","113.512245","79.587456","33.924786","26.603973","0.810791"
"D:\HAA\dACC revisions\Run 4\Br8667_dlPFC_20x_img_006-MaxIP-Stitched_unmixed_rotated.nd2","Layer 1","dACC_v17_ FISH-IF v2.4.4","2161","6078","6104","2984","3005","0","0","0","1","1","1","824.1873","0","146.8436","10","22.923397","2","48646.348","2122.1265","0","0","0","0","0","0","0","0","0","0","2","3.130102","0","2458.097","785.30884","78.80493","63.5687","15.236234","17.59295","0.712592"
"D:\HAA\dACC revisions\Run 4\Br8667_dlPFC_20x_img_006-MaxIP-Stitched_unmixed_rotated.nd2","Layer 1","dACC_v17_ FISH-IF v2.4.4","2162","5899","5936","2988","3016","1","1","1","0","1","1","1146.5238","0","496.52835","0","0","0","0","0","19","24.672571","3","32719.191","1323.6666","6","6.306236","1","5704.2896","904.5474","74","102.050545","4","117602.37","1152.3933","152.5925","97.40142","55.19107","35.614998","0.742175"
"D:\HAA\dACC revisions\Run 4\Br8667_dlPFC_20x_img_006-MaxIP-Stitched_unmixed_rotated.nd2","Layer 1","dACC_v17_ FISH-IF v2.4.4","2163","6209","6230","2995","3017","0","0","0","0","1","1","2086.865","0","297.79218","0","0","0","0","0","0","0","0","0","0","0","0","0","0","0","0","0","0","0","0","66.28452","55.375195","10.909328","14.160179","0.848551"
"D:\HAA\dACC revisions\Run 4\Br8667_dlPFC_20x_img_006-MaxIP-Stitched_unmixed_rotated.nd2","Layer 1","dACC_v17_ FISH-IF v2.4.4","2164","6006","6035","3009","3043","0","0","0","0","1","1","2420.3728","0","346.0079","0","0","0","0","0","0","0","0","0","0","0","0","0","0","0","0","0","0","0","0","134.5944","93.120544","41.473858","33.469513","0.653139"
"D:\HAA\dACC revisions\Run 4\Br8667_dlPFC_20x_img_006-MaxIP-Stitched_unmixed_rotated.nd2","Layer 1","dACC_v17_ FISH-IF v2.4.4","2165","5971","6000","3017","3049","0","0","0","0","1","1","1477.7911","0","315.556","0","0","0","0","0","0","0","0","0","0","0","0","0","0","0","0","0","0","0","0","137.35626","90.404724","46.951534","30.46584","0.861702"
"D:\HAA\dACC revisions\Run 4\Br8667_dlPFC_20x_img_006-MaxIP-Stitched_unmixed_rotated.nd2","Layer 1","dACC_v17_ FISH-IF v2.4.4","2166","6198","6222","3055","3078","0","0","0","0","1","1","2200.62","0","325.34015","0","0","0","0","0","0","0","0","0","0","0","0","0","0","0","0","0","0","0","0","72.40663","53.994267","18.412367","21.240269","0.62215"
"D:\HAA\dACC revisions\Run 4\Br8667_dlPFC_20x_img_006-MaxIP-Stitched_unmixed_rotated.nd2","Layer 1","dACC_v17_ FISH-IF v2.4.4","2167","6025","6046","3057","3084","0","0","0","0","1","1","1217.5824","0","218.58517","0","0","0","0","0","0","0","0","0","0","0","0","0","0","0","0","0","0","0","0","83.2239","66.46864","16.755255","18.88024","0.673986"
"D:\HAA\dACC revisions\Run 4\Br8667_dlPFC_20x_img_006-MaxIP-Stitched_unmixed_rotated.nd2","Layer 1","dACC_v17_ FISH-IF v2.4.4","2168","6215","6243","3064","3085","0","0","0","0","1","1","2321.7102","0","364.50806","0","0","0","0","0","0","0","0","0","0","0","0","0","0","0","1","0.322216","0","145.36563","451.14285","81.01441","59.886223","21.128191","22.956654","0.609163"
"D:\HAA\dACC revisions\Run 4\Br8667_dlPFC_20x_img_006-MaxIP-Stitched_unmixed_rotated.nd2","Layer 1","dACC_v17_ FISH-IF v2.4.4","2169","5964","5993","3106","3133","0","0","0","0","1","1","2685.9824","0","481.4596","0","0","0","0","0","0","0","0","0","0","0","0","0","0","0","0","0","0","0","0","114.29477","80.32395","33.970818","25.74578","0.857183"
"D:\HAA\dACC revisions\Run 4\Br8667_dlPFC_20x_img_006-MaxIP-Stitched_unmixed_rotated.nd2","Layer 1","dACC_v17_ FISH-IF v2.4.4","2170","6236","6267","3157","3185","0","0","0","0","1","1","2799.3206","0","415.28098","1","1.288866","0","1169.8757","907.6786","0","0","0","0","0","0","0","0","0","0","0","0","0","0","0","116.82647","84.37467","32.451797","27.891262","0.651257"
"D:\HAA\dACC revisions\Run 4\Br8667_dlPFC_20x_img_006-MaxIP-Stitched_unmixed_rotated.nd2","Layer 1","dACC_v17_ FISH-IF v2.4.4","2171","6129","6148","3159","3182","0","0","0","0","1","1","1898.2643","0","299.46542","0","0","0","0","0","0","0","0","0","0","0","0","0","0","0","0","0","0","0","0","70.84158","49.943546","20.898037","19.738432","0.780215"
"D:\HAA\dACC revisions\Run 4\Br8667_dlPFC_20x_img_006-MaxIP-Stitched_unmixed_rotated.nd2","Layer 1","dACC_v17_ FISH-IF v2.4.4","2172","6148","6168","3160","3184","0","0","0","0","1","1","2027.8375","0","408.77338","0","0","0","0","0","0","0","0","0","0","0","0","0","0","0","0","0","0","0","0","73.28122","51.18638","22.094841","19.95298","0.783815"
"D:\HAA\dACC revisions\Run 4\Br8667_dlPFC_20x_img_006-MaxIP-Stitched_unmixed_rotated.nd2","Layer 1","dACC_v17_ FISH-IF v2.4.4","2173","2858","2896","2777","2804","0","0","0","1","1","1","1440.3934","0","269.0728","16","36.7787","3","75756.164","2059.7834","1","1.426958","0","1364.3564","956.129","1","0.50634","0","362.30936","715.5455","0","0","0","0","0","154.11151","100.531525","53.579987","33.469513","0.716757"
"D:\HAA\dACC revisions\Run 4\Br8667_dlPFC_20x_img_006-MaxIP-Stitched_unmixed_rotated.nd2","Layer 1","dACC_v17_ FISH-IF v2.4.4","2174","2909","2940","2799","2830","0","0","0","0","1","1","1931.917","0","356.1784","1","0.644433","0","497.8704","772.5714","0","0","0","0","0","2","1.51902","0","1157.3553","761.9091","0","0","0","0","0","132.61507","92.107864","40.507206","31.324034","0.672328"
"D:\HAA\dACC revisions\Run 4\Br8667_dlPFC_20x_img_006-MaxIP-Stitched_unmixed_rotated.nd2","Layer 1","dACC_v17_ FISH-IF v2.4.4","2175","2793","2824","2805","2835","0","0","0","1","1","1","1605.3838","0","381.9908","16","32.267673","3","53936.035","1671.5193","0","0","0","0","0","2","2.301546","0","1848.7858","803.28","0","0","0","0","0","134.31822","90.17457","44.14365","30.46584","0.777154"
"D:\HAA\dACC revisions\Run 4\Br8667_dlPFC_20x_img_006-MaxIP-Stitched_unmixed_rotated.nd2","Layer 1","dACC_v17_ FISH-IF v2.4.4","2176","2851","2886","2820","2845","0","0","0","0","1","1","2277.81","0","338.63354","0","0","0","0","0","0","0","0","0","0","0","0","0","0","0","0","0","0","0","0","128.1961","89.43807","38.758034","29.17855","0.664206"
"D:\HAA\dACC revisions\Run 4\Br8667_dlPFC_20x_img_006-MaxIP-Stitched_unmixed_rotated.nd2","Layer 1","dACC_v17_ FISH-IF v2.4.4","2177","2962","2985","2840","2866","0","0","0","0","1","1","2247.4097","0","340.3712","0","0","0","0","0","0","0","0","0","0","0","0","0","0","0","0","0","0","0","0","85.57147","66.46864","19.10283","19.738432","0.804518"
"D:\HAA\dACC revisions\Run 4\Br8667_dlPFC_20x_img_006-MaxIP-Stitched_unmixed_rotated.nd2","Layer 1","dACC_v17_ FISH-IF v2.4.4","2178","2985","2999","2841","2857","0","0","0","0","1","1","436.73334","0","186.88219","0","0","0","0","0","0","0","0","0","0","0","0","0","0","0","0","0","0","0","0","32.72798","32.037518","0.690464","3.003675","0.588825"
"D:\HAA\dACC revisions\Run 4\Br8667_dlPFC_20x_img_006-MaxIP-Stitched_unmixed_rotated.nd2","Layer 1","dACC_v17_ FISH-IF v2.4.4","2179","2718","2748","2844","2873","0","1","0","0","1","1","1264.2196","0","243.97815","0","0","0","0","0","1","0.414278","0","270.0634","651.8889","7","6.03005","1","4868.092","807.30536","2","1.933299","0","996.98364","515.6905","131.64842","88.47142","43.177002","28.534906","0.849633"
"D:\HAA\dACC revisions\Run 4\Br8667_dlPFC_20x_img_006-MaxIP-Stitched_unmixed_rotated.nd2","Layer 1","dACC_v17_ FISH-IF v2.4.4","2180","2895","2933","2848","2875","0","0","0","0","1","1","1676.468","0","332.99286","0","0","0","0","0","0","0","0","0","0","0","0","0","0","0","2","2.48567","0","1474.5084","593.2037","141.40698","96.84905","44.55793","33.469513","0.637699"
"D:\HAA\dACC revisions\Run 4\Br8667_dlPFC_20x_img_006-MaxIP-Stitched_unmixed_rotated.nd2","Layer 1","dACC_v17_ FISH-IF v2.4.4","2181","2970","3002","2869","2903","0","0","0","0","1","1","1707.4186","0","371.66953","0","0","0","0","0","1","1.104742","0","1137.8843","950.7692","0","0","0","0","0","1","0.50634","0","235.0799","464.27274","142.1895","85.663536","56.525967","36.902287","0.716239"
"D:\HAA\dACC revisions\Run 4\Br8667_dlPFC_20x_img_006-MaxIP-Stitched_unmixed_rotated.nd2","Layer 1","dACC_v17_ FISH-IF v2.4.4","2182","3003","3022","2870","2887","0","0","0","0","1","1","2073.4102","0","294.16803","0","0","0","0","0","0","0","0","0","0","0","0","0","0","0","0","0","0","0","0","43.959526","33.970818","9.988709","13.516535","0.831492"
"D:\HAA\dACC revisions\Run 4\Br8667_dlPFC_20x_img_006-MaxIP-Stitched_unmixed_rotated.nd2","Layer 1","dACC_v17_ FISH-IF v2.4.4","2183","2927","2958","2877","2905","0","0","0","0","1","1","2393.883","0","316.3227","0","0","0","0","0","1","1.611082","0","1402.6542","870.6286","0","0","0","0","0","2","1.933299","0","970.10156","501.7857","123.36286","85.157196","38.20566","27.891262","0.764682"
"D:\HAA\dACC revisions\Run 4\Br8667_dlPFC_20x_img_006-MaxIP-Stitched_unmixed_rotated.nd2","Layer 1","dACC_v17_ FISH-IF v2.4.4","2184","2998","3020","2879","2902","0","0","0","0","1","1","2026.2843","0","327.99503","0","0","0","0","0","0","0","0","0","0","0","0","0","0","0","0","0","0","0","0","63.936943","37.05489","26.882055","23.171202","0.730162"
"D:\HAA\dACC revisions\Run 4\Br8667_dlPFC_20x_img_006-MaxIP-Stitched_unmixed_rotated.nd2","Layer 1","dACC_v17_ FISH-IF v2.4.4","2185","2825","2845","2897","2916","0","0","0","0","1","1","521.4012","0","144.69833","1","0.736495","0","654.28345","888.375","3","4.418968","0","5969.059","1350.7812","0","0","0","0","0","2","3.222164","0","1766.8967","548.3571","57.58468","49.897514","7.687163","11.585601","0.857385"
"D:\HAA\dACC revisions\Run 4\Br8667_dlPFC_20x_img_006-MaxIP-Stitched_unmixed_rotated.nd2","Layer 1","dACC_v17_ FISH-IF v2.4.4","2186","2977","3007","2904","2938","1","0","1","0","1","1","1197.3383","0","416.56528","1","0.736495","0","605.0764","821.5625","4","5.984019","1","8983.117","1501.1846","0","0","0","0","0","7","7.134792","1","4032.6765","565.2129","144.58311","85.663536","58.919575","37.116833","0.810062"
"D:\HAA\dACC revisions\Run 4\Br8667_dlPFC_20x_img_006-MaxIP-Stitched_unmixed_rotated.nd2","Layer 1","dACC_v17_ FISH-IF v2.4.4","2187","3007","3034","2910","2939","0","0","0","0","1","1","2203.3333","0","324.8307","0","0","0","0","0","0","0","0","0","0","0","0","0","0","0","1","1.288866","0","648.75977","503.35715","120.32482","75.030396","45.294422","31.75313","0.746099"
"D:\HAA\dACC revisions\Run 4\Br8667_dlPFC_20x_img_006-MaxIP-Stitched_unmixed_rotated.nd2","Layer 1","dACC_v17_ FISH-IF v2.4.4","2188","2694","2737","2916","2956","1","0","1","0","1","1","2252.7515","0","429.07108","3","9.850616","0","13897.977","1410.8738","11","16.893347","2","22497.473","1331.7357","1","0.690464","0","500.31003","724.6","10","18.550459","2","10730.451","578.44666","239.95917","135.3309","104.62827","51.92066","0.702484"
"D:\HAA\dACC revisions\Run 4\Br8667_dlPFC_20x_img_006-MaxIP-Stitched_unmixed_rotated.nd2","Layer 1","dACC_v17_ FISH-IF v2.4.4","2189","3053","3084","2916","2946","0","1","0","1","1","1","2001.9907","0","322.139","12","32.17561","2","51484.938","1600.123","1","0.644433","0","441.75873","685.5","4","3.49835","1","2706.526","773.6579","0","0","0","0","0","133.53569","88.74761","44.788082","30.036743","0.897644"
"D:\HAA\dACC revisions\Run 4\Br8667_dlPFC_20x_img_006-MaxIP-Stitched_unmixed_rotated.nd2","Layer 1","dACC_v17_ FISH-IF v2.4.4","2190","2923","2942","2928","2947","0","0","0","0","1","1","376.20493","0","144.18819","1","0.644433","0","505.28137","784.0714","0","0","0","0","0","0","0","0","0","0","0","0","0","0","0","51.60066","45.984886","5.615772","9.869216","0.842548"
"D:\HAA\dACC revisions\Run 4\Br8667_dlPFC_20x_img_006-MaxIP-Stitched_unmixed_rotated.nd2","Layer 1","dACC_v17_ FISH-IF v2.4.4","2191","2739","2777","2949","2985","1","1","1","0","1","1","1196.4967","0","237.38464","1","1.104742","0","1188.4723","993.03845","8","12.934688","1","13922.097","1076.3381","5","3.176133","1","2415.7026","760.5797","15","23.890047","3","14258.123","587.7628","180.67136","110.33611","70.33524","40.335056","0.750131"
"D:\HAA\dACC revisions\Run 4\Br8667_dlPFC_20x_img_006-MaxIP-Stitched_unmixed_rotated.nd2","Layer 1","dACC_v17_ FISH-IF v2.4.4","2192","2926","2943","2968","2981","0","0","0","0","1","1","930.0854","0","296.01562","0","0","0","0","0","3","4.603092","0","7232.838","1571.3","0","0","0","0","0","2","1.565051","0","802.82526","512.9706","33.23432","29.459787","3.774535","7.938282","0.752937"
"D:\HAA\dACC revisions\Run 4\Br8667_dlPFC_20x_img_006-MaxIP-Stitched_unmixed_rotated.nd2","Layer 1","dACC_v17_ FISH-IF v2.4.4","2193","2929","2945","2980","2994","1","0","0","0","1","1","720.7013","0","445.3158","3","2.209484","0","1642.291","743.2917","5","5.385617","1","6985.836","1204.4762","0","0","0","0","0","1","1.611082","0","855.0243","530.7143","32.405766","28.861385","3.544381","8.581926","0.574339"
"D:\HAA\dACC revisions\Run 4\Br8667_dlPFC_20x_img_006-MaxIP-Stitched_unmixed_rotated.nd2","Layer 1","dACC_v17_ FISH-IF v2.4.4","2194","2846","2878","2976","2999","1","0","1","1","1","1","1846.9111","0","390.54584","7","16.801285","1","19022.553","1132.2083","12","14.821956","2","25459.379","1717.6802","1","0.690464","0","577.27374","836.06665","14","25.363035","2","17029.367","671.4247","101.59023","63.24648","38.343754","29.17855","0.746342"
"D:\HAA\dACC revisions\Run 4\Br8667_dlPFC_20x_img_006-MaxIP-Stitched_unmixed_rotated.nd2","Layer 1","dACC_v17_ FISH-IF v2.4.4","2195","2902","2932","2977","3003","1","0","0","1","1","1","2190.2795","0","461.15158","16","30.978807","3","58099.902","1875.4725","8","9.988709","1","18949.732","1897.1152","3","2.715824","0","2412.9868","888.4915","3","2.02536","0","1082.0948","534.2727","115.95188","81.38266","34.569218","26.174877","0.78295"
"D:\HAA\dACC revisions\Run 4\Br8667_dlPFC_20x_img_006-MaxIP-Stitched_unmixed_rotated.nd2","Layer 1","dACC_v17_ FISH-IF v2.4.4","2196","2848","2876","2999","3018","1","0","1","1","1","1","1462.411","0","335.1185","4","9.620461","1","10357.693","1076.6316","16","19.056799","3","34895.902","1831.1522","0","0","0","0","0","8","15.696543","1","9323.608","593.9912","78.1605","51.278442","26.882055","23.171202","0.690164"
"D:\HAA\dACC revisions\Run 4\Br8667_dlPFC_20x_img_006-MaxIP-Stitched_unmixed_rotated.nd2","Layer 1","dACC_v17_ FISH-IF v2.4.4","2197","2764","2783","3023","3043","0","0","0","0","1","1","1596.1882","0","187.38914","0","0","0","0","0","0","0","0","0","0","0","0","0","0","0","0","0","0","0","0","57.860863","50.035606","7.825256","12.014698","0.888871"
"D:\HAA\dACC revisions\Run 4\Br8667_dlPFC_20x_img_006-MaxIP-Stitched_unmixed_rotated.nd2","Layer 1","dACC_v17_ FISH-IF v2.4.4","2198","2725","2744","3027","3048","0","0","0","0","1","1","654.5316","0","149.41302","0","0","0","0","0","1","1.749175","0","2179.7021","1246.1316","0","0","0","0","0","0","0","0","0","0","56.756123","49.483234","7.272885","11.585601","0.840437"
"D:\HAA\dACC revisions\Run 4\Br8667_dlPFC_20x_img_006-MaxIP-Stitched_unmixed_rotated.nd2","Layer 1","dACC_v17_ FISH-IF v2.4.4","2199","2903","2929","3033","3057","0","0","0","0","1","1","1096.8126","0","198.09607","0","0","0","0","0","3","2.899948","0","2843.0076","980.36505","1","0.644433","0","790.581","817.8571","2","2.301546","0","1703.1439","587.3016","90.86503","69.00034","21.864685","20.596624","0.85284"
"D:\HAA\dACC revisions\Run 4\Br8667_dlPFC_20x_img_006-MaxIP-Stitched_unmixed_rotated.nd2","Layer 1","dACC_v17_ FISH-IF v2.4.4","2200","2833","2872","3039","3071","1","0","1","0","1","1","1360.1774","0","441.63934","0","0","0","0","0","31","39.17231","4","66742.25","1691.8833","3","2.669793","0","2756.5154","1032.4828","7","10.725204","1","6292.7485","584.21796","150.33698","97.12524","53.211742","39.476864","0.645349"
"D:\HAA\dACC revisions\Run 4\Br8667_dlPFC_20x_img_006-MaxIP-Stitched_unmixed_rotated.nd2","Layer 1","dACC_v17_ FISH-IF v2.4.4","2201","2822","2849","3054","3082","1","0","0","0","1","1","2771.3394","0","480.46402","0","0","0","0","0","5","6.582421","1","7947.928","1207.4475","0","0","0","0","0","0","0","0","0","0","101.82039","71.0257","30.794683","25.316685","0.801923"
"D:\HAA\dACC revisions\Run 4\Br8667_dlPFC_20x_img_006-MaxIP-Stitched_unmixed_rotated.nd2","Layer 1","dACC_v17_ FISH-IF v2.4.4","2202","2939","2974","3064","3088","0","0","0","0","1","1","2488.3845","0","498.26328","0","0","0","0","0","0","0","0","0","0","0","0","0","0","0","1","1.51902","0","762.22595","501.78787","124.651726","89.34601","35.305714","28.749454","0.630745"
"D:\HAA\dACC revisions\Run 4\Br8667_dlPFC_20x_img_006-MaxIP-Stitched_unmixed_rotated.nd2","Layer 1","dACC_v17_ FISH-IF v2.4.4","2203","2690","2711","3072","3095","0","0","0","0","1","1","918.95935","0","157.03523","2","8.377627","0","9481.725","1131.7913","0","0","0","0","0","0","0","0","0","0","0","0","0","0","0","68.81622","57.492615","11.323606","15.447468","0.725441"
"D:\HAA\dACC revisions\Run 4\Br8667_dlPFC_20x_img_006-MaxIP-Stitched_unmixed_rotated.nd2","Layer 1","dACC_v17_ FISH-IF v2.4.4","2204","2992","3038","3077","3108","0","0","1","0","1","1","2273.502","0","482.54236","1","1.51902","0","1362.0548","896.6667","0","0","0","0","0","0","0","0","0","0","33","61.036995","4","49243.23","806.7768","208.52005","126.63106","81.889","46.7715","0.648889"
"D:\HAA\dACC revisions\Run 4\Br8667_dlPFC_20x_img_006-MaxIP-Stitched_unmixed_rotated.nd2","Layer 1","dACC_v17_ FISH-IF v2.4.4","2205","2879","2910","3104","3138","0","0","1","0","1","1","1934.1821","0","382.01318","0","0","0","0","0","0","0","0","0","0","0","0","0","0","0","14","20.621851","2","12624.624","605.4393","151.76393","97.677605","54.086327","33.684063","0.756945"
"D:\HAA\dACC revisions\Run 4\Br8667_dlPFC_20x_img_006-MaxIP-Stitched_unmixed_rotated.nd2","Layer 1","dACC_v17_ FISH-IF v2.4.4","2206","3048","3090","3110","3148","1","1","1","0","1","1","1292.2817","0","303.95987","3","2.48567","0","1957.3727","787.46295","41","53.67205","4","103603.91","1930.3138","12","11.875977","2","9854.345","826.56757","25","51.784782","3","32064.355","619.1849","203.77887","121.613686","82.165184","46.342403","0.754987"
"D:\HAA\dACC revisions\Run 4\Br8667_dlPFC_20x_img_006-MaxIP-Stitched_unmixed_rotated.nd2","Layer 1","dACC_v17_ FISH-IF v2.4.4","2207","2679","2711","3112","3141","1","0","1","0","1","1","1475.6066","0","344.5241","1","3.958659","0","4566.865","1153.6395","39","44.281742","4","101783.195","2298.5364","0","0","0","0","0","14","27.480457","2","17181.777","625.2362","134.1341","90.72694","43.407154","30.251291","0.756014"
"D:\HAA\dACC revisions\Run 4\Br8667_dlPFC_20x_img_006-MaxIP-Stitched_unmixed_rotated.nd2","Layer 1","dACC_v17_ FISH-IF v2.4.4","2208","2834","2852","3145","3165","0","0","0","0","1","1","1559.194","0","271.53918","0","0","0","0","0","0","0","0","0","0","0","0","0","0","0","0","0","0","0","0","51.048286","43.453186","7.595101","12.014698","0.834094"
"D:\HAA\dACC revisions\Run 4\Br8667_dlPFC_20x_img_006-MaxIP-Stitched_unmixed_rotated.nd2","Layer 1","dACC_v17_ FISH-IF v2.4.4","2209","3038","3073","3148","3171","0","0","0","0","1","1","2624.7705","0","409.3787","2","1.104742","0","828.1883","749.6667","1","1.703144","0","1904.4371","1118.1892","0","0","0","0","0","2","1.979329","0","1178.7137","595.51166","122.16605","87.27462","34.891434","27.462166","0.664972"
"D:\HAA\dACC revisions\Run 4\Br8667_dlPFC_20x_img_006-MaxIP-Stitched_unmixed_rotated.nd2","Layer 1","dACC_v17_ FISH-IF v2.4.4","2210","2847","2880","3150","3178","0","0","0","0","1","1","1747.6707","0","360.496","0","0","0","0","0","1","0.828557","0","657.1834","793.1667","0","0","0","0","0","1","0.920618","0","437.1556","474.85","133.2595","86.58415","46.67535","30.46584","0.782785"
"D:\HAA\dACC revisions\Run 4\Br8667_dlPFC_20x_img_006-MaxIP-Stitched_unmixed_rotated.nd2","Layer 1","dACC_v17_ FISH-IF v2.4.4","2211","3250","3283","3656","3698","0","0","0","0","1","1","3260.4138","0","567.27075","0","0","0","0","0","0","0","0","0","0","0","0","0","0","0","0","0","0","0","0","186.103","115.26142","70.84158","42.480537","0.660514"
"D:\HAA\dACC revisions\Run 4\Br8667_dlPFC_20x_img_006-MaxIP-Stitched_unmixed_rotated.nd2","Layer 1","dACC_v17_ FISH-IF v2.4.4","2212","3092","3123","3722","3751","0","0","0","0","1","1","2438.5173","0","386.91238","0","0","0","0","0","1","0.966649","0","816.03613","844.1905","0","0","0","0","0","3","2.439639","0","1312.1573","537.84906","119.54229","86.169876","33.372414","29.17855","0.672267"
"D:\HAA\dACC revisions\Run 4\Br8667_dlPFC_20x_img_006-MaxIP-Stitched_unmixed_rotated.nd2","Layer 1","dACC_v17_ FISH-IF v2.4.4","2213","3212","3232","3770","3792","0","0","0","0","1","1","1635.4883","0","243.64014","0","0","0","0","0","2","2.669793","0","3685.0051","1053.3552","0","0","0","0","0","0","0","0","0","0","64.1671","54.362514","9.804585","13.731083","0.765881"
"D:\HAA\dACC revisions\Run 4\Br8667_dlPFC_20x_img_006-MaxIP-Stitched_unmixed_rotated.nd2","Layer 1","dACC_v17_ FISH-IF v2.4.4","2214","3117","3149","3790","3819","0","0","0","1","1","1","2836.8152","0","415.03723","12","29.321695","2","52164.35","1779.0361","2","3.820566","0","5229.6646","1368.8193","2","1.426958","0","1093.8788","766.5806","0","0","0","0","0","133.85791","89.023796","44.834114","29.393099","0.869272"
"D:\HAA\dACC revisions\Run 4\Br8667_dlPFC_20x_img_006-MaxIP-Stitched_unmixed_rotated.nd2","Layer 1","dACC_v17_ FISH-IF v2.4.4","2215","3148","3166","3802","3821","0","0","0","0","1","1","623.5047","0","215.99588","0","0","0","0","0","2","2.301546","0","2132.2903","926.46","0","0","0","0","0","3","3.038041","0","2000.2275","550.05066","49.66736","44.74205","4.925308","9.44012","0.783546"
"D:\HAA\dACC revisions\Run 4\Br8667_dlPFC_20x_img_006-MaxIP-Stitched_unmixed_rotated.nd2","Layer 1","dACC_v17_ FISH-IF v2.4.4","2216","3165","3196","3813","3845","1","0","1","0","1","1","1649.3893","0","496.36746","1","0.50634","0","381.08997","752.63635","45","48.378494","4","120911.76","2499.2874","1","0.690464","0","554.9487","803.73334","7","11.277575","1","6509.6924","572.5506","139.88795","88.563484","51.324474","32.61132","0.772535"
"D:\HAA\dACC revisions\Run 4\Br8667_dlPFC_20x_img_006-MaxIP-Stitched_unmixed_rotated.nd2","Layer 1","dACC_v17_ FISH-IF v2.4.4","2217","3194","3216","3817","3846","1","0","1","0","1","1","3116.703","0","471.48056","2","2.99201","0","2898.659","968.8","14","16.340975","2","39699.133","2429.4226","0","0","0","0","0","5","2.853917","1","1328.3602","465.4516","95.00781","68.67813","26.329685","23.171202","0.757192"
"D:\HAA\dACC revisions\Run 4\Br8667_dlPFC_20x_img_006-MaxIP-Stitched_unmixed_rotated.nd2","Layer 1","dACC_v17_ FISH-IF v2.4.4","2218","3286","3326","3832","3867","1","0","1","0","1","1","1444.7441","0","395.46317","1","0.690464","0","554.7646","803.4667","36","47.54994","4","83464.32","1755.2982","1","0.736495","0","793.11273","1076.875","11","16.663193","2","9303.032","558.29834","202.0297","117.4709","84.55879","42.909634","0.724582"
"D:\HAA\dACC revisions\Run 4\Br8667_dlPFC_20x_img_006-MaxIP-Stitched_unmixed_rotated.nd2","Layer 1","dACC_v17_ FISH-IF v2.4.4","2219","3247","3268","3836","3855","0","0","0","0","1","1","826.2649","0","198.10405","0","0","0","0","0","1","2.48567","0","3190.541","1283.5741","0","0","0","0","0","1","0.920618","0","498.97516","542","60.71478","52.19906","8.515719","12.443794","0.779491"
"D:\HAA\dACC revisions\Run 4\Br8667_dlPFC_20x_img_006-MaxIP-Stitched_unmixed_rotated.nd2","Layer 1","dACC_v17_ FISH-IF v2.4.4","2220","3147","3172","3843","3884","0","0","0","0","1","1","2801.1091","0","477.3938","0","0","0","0","0","1","1.51902","0","1707.2867","1123.9395","0","0","0","0","0","1","0.828557","0","416.2576","502.3889","148.4497","100.76168","47.68803","33.684063","0.633782"
"D:\HAA\dACC revisions\Run 4\Br8667_dlPFC_20x_img_006-MaxIP-Stitched_unmixed_rotated.nd2","Layer 1","dACC_v17_ FISH-IF v2.4.4","2221","3090","3125","3846","3880","1","0","1","0","1","1","1742.8185","0","437.68314","0","0","0","0","0","20","34.062878","3","46596.36","1367.9513","2","2.623762","0","2614.5562","996.4912","8","12.244224","1","6971.981","569.4098","171.5112","105.31874","66.19246","37.331383","0.786324"
"D:\HAA\dACC revisions\Run 4\Br8667_dlPFC_20x_img_006-MaxIP-Stitched_unmixed_rotated.nd2","Layer 1","dACC_v17_ FISH-IF v2.4.4","2222","3319","3358","3870","3911","1","1","1","0","1","1","1252.9287","0","330.4548","0","0","0","0","0","52","63.890915","4","125079.49","1957.7039","4","2.99201","1","2863.8135","957.1539","4","4.096752","1","2247.4136","548.5843","232.272","125.8025","106.46951","46.342403","0.839512"
"D:\HAA\dACC revisions\Run 4\Br8667_dlPFC_20x_img_006-MaxIP-Stitched_unmixed_rotated.nd2","Layer 1","dACC_v17_ FISH-IF v2.4.4","2223","3240","3278","3873","3903","0","0","0","0","1","1","2043.6576","0","512.0829","0","0","0","0","0","2","1.242835","0","908.3281","730.85187","0","0","0","0","0","0","0","0","0","0","158.85269","101.037865","57.81483","36.044094","0.750774"
"D:\HAA\dACC revisions\Run 4\Br8667_dlPFC_20x_img_006-MaxIP-Stitched_unmixed_rotated.nd2","Layer 1","dACC_v17_ FISH-IF v2.4.4","2224","3118","3140","3876","3901","0","0","1","0","1","1","2827.6663","0","596.721","0","0","0","0","0","3","4.464999","0","9159.83","2051.474","0","0","0","0","0","8","16.018759","1","11942.169","745.5115","84.4207","48.010246","36.410458","27.891262","0.757895"
"D:\HAA\dACC revisions\Run 4\Br8667_dlPFC_20x_img_006-MaxIP-Stitched_unmixed_rotated.nd2","Layer 1","dACC_v17_ FISH-IF v2.4.4","2225","3141","3164","3880","3906","1","0","1","0","1","1","3442.624","0","639.5098","0","0","0","0","0","11","12.01407","2","23635.08","1967.2836","0","0","0","0","0","4","7.226854","1","4531.652","623.0886","92.24596","53.810143","38.435818","27.891262","0.765962"
"D:\HAA\dACC revisions\Run 4\Br8667_dlPFC_20x_img_006-MaxIP-Stitched_unmixed_rotated.nd2","Layer 1","dACC_v17_ FISH-IF v2.4.4","2226","3083","3115","3885","3911","0","0","0","0","1","1","3336.9712","0","467.8775","0","0","0","0","0","1","1.288866","0","1182.6263","917.5714","0","0","0","0","0","0","0","0","0","0","118.11533","84.55879","33.556538","27.891262","0.70339"
"D:\HAA\dACC revisions\Run 4\Br8667_dlPFC_20x_img_006-MaxIP-Stitched_unmixed_rotated.nd2","Layer 1","dACC_v17_ FISH-IF v2.4.4","2227","3124","3141","3901","3919","1","0","0","0","1","1","2012.0511","0","582.3764","0","0","0","0","0","9","10.725204","1","19904.69","1855.8799","0","0","0","0","0","2","1.472989","0","741.00574","503.0625","49.345142","33.14226","16.202883","18.451143","0.688993"
"D:\HAA\dACC revisions\Run 4\Br8667_dlPFC_20x_img_006-MaxIP-Stitched_unmixed_rotated.nd2","Layer 1","dACC_v17_ FISH-IF v2.4.4","2228","3141","3155","3904","3918","0","0","0","0","1","1","1882.3617","0","817.3174","0","0","0","0","0","3","4.372937","0","5512.018","1260.4843","0","0","0","0","0","2","1.565051","0","1067.5951","539.3721","29.55185","23.06149","6.490359","10.941957","0.746616"
"D:\HAA\dACC revisions\Run 4\Br8667_dlPFC_20x_img_006-MaxIP-Stitched_unmixed_rotated.nd2","Layer 1","dACC_v17_ FISH-IF v2.4.4","2229","3407","3445","3917","3957","0","0","0","0","1","1","3338.7266","0","564.0443","0","0","0","0","0","0","0","0","0","0","0","0","0","0","0","0","0","0","0","0","206.17249","113.23605","92.936424","49.989723","0.755355"
"D:\HAA\dACC revisions\Run 4\Br8667_dlPFC_20x_img_006-MaxIP-Stitched_unmixed_rotated.nd2","Layer 1","dACC_v17_ FISH-IF v2.4.4","2230","3318","3347","3923","3955","1","0","0","0","1","1","1275.4083","0","289.72946","1","0.598402","0","476.78824","796.7692","4","5.293556","1","4889.0356","923.5826","1","0.50634","0","354.85236","700.8182","1","1.426958","0","766.0005","536.80646","128.74847","84.55879","44.189682","30.036743","0.795495"
"D:\HAA\dACC revisions\Run 4\Br8667_dlPFC_20x_img_006-MaxIP-Stitched_unmixed_rotated.nd2","Layer 1","dACC_v17_ FISH-IF v2.4.4","2231","3343","3378","3930","3963","0","0","0","1","1","1","1903.1005","0","351.05344","12","25.50113","2","30147.719","1182.2112","2","1.979329","0","1766.4825","892.4651","0","0","0","0","0","0","0","0","0","0","170.9128","100.80771","70.10509","36.902287","0.862736"
"D:\HAA\dACC revisions\Run 4\Br8667_dlPFC_20x_img_006-MaxIP-Stitched_unmixed_rotated.nd2","Layer 1","dACC_v17_ FISH-IF v2.4.4","2232","3243","3261","3937","3957","0","0","0","0","1","1","461.17886","0","161.23605","0","0","0","0","0","0","0","0","0","0","0","0","0","0","0","0","0","0","0","0","51.876842","46.215042","5.661803","9.869216","0.830376"
"D:\HAA\dACC revisions\Run 4\Br8667_dlPFC_20x_img_006-MaxIP-Stitched_unmixed_rotated.nd2","Layer 1","dACC_v17_ FISH-IF v2.4.4","2233","3402","3434","3948","3977","0","0","0","0","1","1","2981.9622","0","661.8496","0","0","0","0","0","0","0","0","0","0","0","0","0","0","0","0","0","0","0","0","103.43147","60.898903","42.532566","31.75313","0.639939"
"D:\HAA\dACC revisions\Run 4\Br8667_dlPFC_20x_img_006-MaxIP-Stitched_unmixed_rotated.nd2","Layer 1","dACC_v17_ FISH-IF v2.4.4","2234","3126","3147","3949","3968","0","0","0","0","1","1","1754.7803","0","261.7482","0","0","0","0","0","2","2.393608","0","3074.221","1284.3462","0","0","0","0","0","0","0","0","0","0","59.564007","51.18638","8.377627","12.443794","0.848641"
"D:\HAA\dACC revisions\Run 4\Br8667_dlPFC_20x_img_006-MaxIP-Stitched_unmixed_rotated.nd2","Layer 1","dACC_v17_ FISH-IF v2.4.4","2235","3426","3449","3959","3988","0","0","0","0","1","1","2558.9724","0","505.7899","0","0","0","0","0","0","0","0","0","0","0","0","0","0","0","0","0","0","0","0","87.45874","59.14973","28.309013","26.389425","0.634974"
"D:\HAA\dACC revisions\Run 4\Br8667_dlPFC_20x_img_006-MaxIP-Stitched_unmixed_rotated.nd2","Layer 1","dACC_v17_ FISH-IF v2.4.4","2236","3221","3241","3958","3979","0","0","0","0","1","1","1718.0714","0","271.28583","0","0","0","0","0","1","2.163453","0","2644.2","1222.2128","0","0","0","0","0","1","1.841237","0","1150.0825","624.625","62.003647","52.981586","9.022059","12.87289","0.750283"
"D:\HAA\dACC revisions\Run 4\Br8667_dlPFC_20x_img_006-MaxIP-Stitched_unmixed_rotated.nd2","Layer 1","dACC_v17_ FISH-IF v2.4.4","2237","6229","6252","3577","3600","0","0","0","0","1","1","3316.1538","0","553.46576","0","0","0","0","0","0","0","0","0","0","0","0","0","0","0","0","0","0","0","0","68.86225","38.343754","30.518497","24.67304","0.795411"
"D:\HAA\dACC revisions\Run 4\Br8667_dlPFC_20x_img_006-MaxIP-Stitched_unmixed_rotated.nd2","Layer 1","dACC_v17_ FISH-IF v2.4.4","2238","6211","6235","3581","3608","0","0","0","0","1","1","3458.313","0","497.47552","0","0","0","0","0","0","0","0","0","0","0","0","0","0","0","2","0.920618","0","536.1221","465.88","91.50946","58.275143","33.23432","25.316685","0.878724"
"D:\HAA\dACC revisions\Run 4\Br8667_dlPFC_20x_img_006-MaxIP-Stitched_unmixed_rotated.nd2","Layer 1","dACC_v17_ FISH-IF v2.4.4","2239","5978","5997","3587","3602","0","0","0","0","1","1","515.1","0","208.29152","0","0","0","0","0","0","0","0","0","0","0","0","0","0","0","0","0","0","0","0","43.499218","40.737362","2.761855","7.294638","0.610392"
"D:\HAA\dACC revisions\Run 4\Br8667_dlPFC_20x_img_006-MaxIP-Stitched_unmixed_rotated.nd2","Layer 1","dACC_v17_ FISH-IF v2.4.4","2240","6100","6132","3589","3618","0","0","0","0","1","1","2634.0466","0","445.53403","3","5.799896","0","9987.098","1331.0736","0","0","0","0","0","0","0","0","0","0","1","1.380928","0","721.99493","522.8333","129.71512","87.22859","42.486538","29.17855","0.818199"
"D:\HAA\dACC revisions\Run 4\Br8667_dlPFC_20x_img_006-MaxIP-Stitched_unmixed_rotated.nd2","Layer 1","dACC_v17_ FISH-IF v2.4.4","2241","5992","6021","3602","3627","0","0","0","0","1","1","2405.2559","0","584.684","0","0","0","0","0","0","0","0","0","0","0","0","0","0","0","0","0","0","0","0","96.84905","61.036995","35.812054","26.818521","0.803366"
"D:\HAA\dACC revisions\Run 4\Br8667_dlPFC_20x_img_006-MaxIP-Stitched_unmixed_rotated.nd2","Layer 1","dACC_v17_ FISH-IF v2.4.4","2242","6250","6272","3603","3624","0","0","0","0","1","1","2005.6404","0","332.6661","0","0","0","0","0","0","0","0","0","0","0","0","0","0","0","1","0.322216","0","140.30223","435.42856","65.77818","55.28313","10.495049","14.589275","0.791452"
"D:\HAA\dACC revisions\Run 4\Br8667_dlPFC_20x_img_006-MaxIP-Stitched_unmixed_rotated.nd2","Layer 1","dACC_v17_ FISH-IF v2.4.4","2243","6050","6070","3606","3626","0","0","0","0","1","1","728.64966","0","178.91551","0","0","0","0","0","0","0","0","0","0","0","0","0","0","0","2","3.130102","0","1787.3805","571.0294","56.80215","49.5753","7.226854","11.585601","0.791408"
"D:\HAA\dACC revisions\Run 4\Br8667_dlPFC_20x_img_006-MaxIP-Stitched_unmixed_rotated.nd2","Layer 1","dACC_v17_ FISH-IF v2.4.4","2244","5950","5974","3614","3639","0","0","0","0","1","1","1662.2936","0","403.9341","0","0","0","0","0","0","0","0","0","0","0","0","0","0","0","2","3.728504","0","1945.3126","521.7407","77.14782","62.878235","14.269585","18.451143","0.707925"
"D:\HAA\dACC revisions\Run 4\Br8667_dlPFC_20x_img_006-MaxIP-Stitched_unmixed_rotated.nd2","Layer 1","dACC_v17_ FISH-IF v2.4.4","2245","6094","6121","3617","3641","0","0","0","0","1","1","3426.0715","0","443.05405","3","3.774535","0","4237.284","1095.869","0","0","0","0","0","0","0","0","0","0","0","0","0","0","0","97.90776","71.53204","26.375715","23.600298","0.72137"
"D:\HAA\dACC revisions\Run 4\Br8667_dlPFC_20x_img_006-MaxIP-Stitched_unmixed_rotated.nd2","Layer 1","dACC_v17_ FISH-IF v2.4.4","2246","5984","6014","3620","3643","0","0","1","0","1","1","2867.7585","0","465.0597","1","0.644433","0","463.71545","719.5714","0","0","0","0","0","0","0","0","0","0","4","7.226854","1","5114.081","707.64966","91.601524","59.379883","32.22164","25.102137","0.771837"
"D:\HAA\dACC revisions\Run 4\Br8667_dlPFC_20x_img_006-MaxIP-Stitched_unmixed_rotated.nd2","Layer 1","dACC_v17_ FISH-IF v2.4.4","2247","6129","6153","3618","3640","0","0","0","0","1","1","2690.9155","0","383.47498","0","0","0","0","0","0","0","0","0","0","0","0","0","0","0","0","0","0","0","0","81.56679","62.509987","19.056799","18.88024","0.783648"
"D:\HAA\dACC revisions\Run 4\Br8667_dlPFC_20x_img_006-MaxIP-Stitched_unmixed_rotated.nd2","Layer 1","dACC_v17_ FISH-IF v2.4.4","2248","6121","6129","3621","3636","0","0","0","0","1","1","2192.6","0","712.8661","3","7.871287","0","15874.176","2016.7192","0","0","0","0","0","0","0","0","0","0","0","0","0","0","0","21.772623","21.312315","0.460309","2.145482","0.569627"
"D:\HAA\dACC revisions\Run 4\Br8667_dlPFC_20x_img_006-MaxIP-Stitched_unmixed_rotated.nd2","Layer 1","dACC_v17_ FISH-IF v2.4.4","2249","5926","5946","3625","3646","0","0","1","0","1","1","2181.9944","0","243.14761","0","0","0","0","0","0","0","0","0","0","1","0.598402","0","398.07538","665.2308","20","25.961437","3","31602.895","1217.3014","59.517975","51.14035","8.377627","12.443794","0.86823"
"D:\HAA\dACC revisions\Run 4\Br8667_dlPFC_20x_img_006-MaxIP-Stitched_unmixed_rotated.nd2","Layer 1","dACC_v17_ FISH-IF v2.4.4","2250","6155","6184","3629","3651","0","0","0","0","1","1","3072.8135","0","430.2325","0","0","0","0","0","0","0","0","0","0","0","0","0","0","0","1","0.828557","0","424.26697","512.05554","92.89039","71.670135","21.220253","21.454817","0.680681"
"D:\HAA\dACC revisions\Run 4\Br8667_dlPFC_20x_img_006-MaxIP-Stitched_unmixed_rotated.nd2","Layer 1","dACC_v17_ FISH-IF v2.4.4","2251","6211","6241","3629","3657","0","0","0","1","1","1","2819.5754","0","413.82663","12","27.480457","2","43910.55","1597.8827","0","0","0","0","0","1","1.426958","0","1300.2354","911.19354","1","1.611082","0","827.40576","513.5714","120.87719","83.36199","37.515198","27.891262","0.844257"
"D:\HAA\dACC revisions\Run 4\Br8667_dlPFC_20x_img_006-MaxIP-Stitched_unmixed_rotated.nd2","Layer 1","dACC_v17_ FISH-IF v2.4.4","2252","6024","6056","3633","3658","0","0","1","0","1","1","2824.508","0","446.49286","0","0","0","0","0","0","0","0","0","0","1","1.51902","0","1293.837","851.75757","41","37.239014","4","64583.586","1734.2992","101.31405","64.44328","36.870766","27.03307","0.752895"
"D:\HAA\dACC revisions\Run 4\Br8667_dlPFC_20x_img_006-MaxIP-Stitched_unmixed_rotated.nd2","Layer 1","dACC_v17_ FISH-IF v2.4.4","2253","6043","6072","3645","3673","0","1","1","0","1","1","2860.0146","0","392.59033","0","0","0","0","0","0","0","0","0","0","4","4.833246","1","3874.008","801.5333","39","27.664581","4","62111.957","2245.1797","107.06792","69.55272","37.515198","28.749454","0.734456"
"D:\HAA\dACC revisions\Run 4\Br8667_dlPFC_20x_img_006-MaxIP-Stitched_unmixed_rotated.nd2","Layer 1","dACC_v17_ FISH-IF v2.4.4","2254","6012","6044","3651","3681","0","1","1","0","1","1","1181.986","0","664.69147","0","0","0","0","0","1","0.368247","0","225.68959","612.875","15","12.060101","3","11240.612","932.0496","98","83.59215","4","153810.28","1840.0088","120.69307","84.74292","35.950146","31.967678","0.702143"
"D:\HAA\dACC revisions\Run 4\Br8667_dlPFC_20x_img_006-MaxIP-Stitched_unmixed_rotated.nd2","Layer 1","dACC_v17_ FISH-IF v2.4.4","2255","6072","6107","3658","3698","0","1","1","0","1","1","1236.7476","0","289.76086","0","0","0","0","0","0","0","0","0","0","36","33.556538","4","31121.549","917.3691","91","103.52354","4","143215.67","1383.4117","197.01233","115.49157","81.52075","42.05144","0.777958"
"D:\HAA\dACC revisions\Run 4\Br8667_dlPFC_20x_img_006-MaxIP-Stitched_unmixed_rotated.nd2","Layer 1","dACC_v17_ FISH-IF v2.4.4","2256","6032","6059","3669","3700","0","0","1","0","1","1","2832.8198","0","406.93738","0","0","0","0","0","0","0","0","0","0","3","3.544381","0","2617.272","738.4286","82","63.016327","4","132277.81","2099.1038","116.18204","80.139824","36.04221","26.603973","0.812294"
"D:\HAA\dACC revisions\Run 4\Br8667_dlPFC_20x_img_006-MaxIP-Stitched_unmixed_rotated.nd2","Layer 1","dACC_v17_ FISH-IF v2.4.4","2257","5908","5935","3678","3717","0","0","0","0","1","1","2182.999","0","408.9058","0","0","0","0","0","0","0","0","0","0","0","0","0","0","0","1","2.071391","0","978.8475","472.55554","136.25151","88.42539","47.826122","36.902287","0.648996"
"D:\HAA\dACC revisions\Run 4\Br8667_dlPFC_20x_img_006-MaxIP-Stitched_unmixed_rotated.nd2","Layer 1","dACC_v17_ FISH-IF v2.4.4","2258","5900","5914","3680","3703","0","0","0","0","1","1","2156.4329","0","550.9182","0","0","0","0","0","0","0","0","0","0","0","0","0","0","0","0","0","0","0","0","47.227722","34.891434","12.336286","15.018372","0.755921"
"D:\HAA\dACC revisions\Run 4\Br8667_dlPFC_20x_img_006-MaxIP-Stitched_unmixed_rotated.nd2","Layer 1","dACC_v17_ FISH-IF v2.4.4","2259","5884","5902","3686","3707","0","0","0","0","1","1","2101.8645","0","418.3759","0","0","0","0","0","0","0","0","0","0","0","0","0","0","0","0","0","0","0","0","45.66267","32.08355","13.579121","16.520208","0.765604"
"D:\HAA\dACC revisions\Run 4\Br8667_dlPFC_20x_img_006-MaxIP-Stitched_unmixed_rotated.nd2","Layer 1","dACC_v17_ FISH-IF v2.4.4","2260","5891","5908","3701","3718","0","0","0","0","1","1","1410.9113","0","428.56708","0","0","0","0","0","0","0","0","0","0","0","0","0","0","0","0","0","0","0","0","43.453186","37.745354","5.707834","11.156505","0.67404"
"D:\HAA\dACC revisions\Run 4\Br8667_dlPFC_20x_img_006-MaxIP-Stitched_unmixed_rotated.nd2","Layer 1","dACC_v17_ FISH-IF v2.4.4","2261","6104","6136","3717","3745","0","0","0","0","1","1","1774.2452","0","534.6795","0","0","0","0","0","0","0","0","0","0","0","0","0","0","0","2","2.071391","0","1219.4971","499.86792","120.785126","68.21782","52.567307","33.684063","0.828045"
"D:\HAA\dACC revisions\Run 4\Br8667_dlPFC_20x_img_006-MaxIP-Stitched_unmixed_rotated.nd2","Layer 1","dACC_v17_ FISH-IF v2.4.4","2262","6058","6084","3734","3760","0","0","0","0","1","1","3427.1516","0","435.79514","0","0","0","0","0","0","0","0","0","0","0","0","0","0","0","0","0","0","0","0","94.6856","70.10509","24.58051","22.098461","0.819349"
"D:\HAA\dACC revisions\Run 4\Br8667_dlPFC_20x_img_006-MaxIP-Stitched_unmixed_rotated.nd2","Layer 1","dACC_v17_ FISH-IF v2.4.4","2263","6119","6146","3739","3767","0","0","0","0","1","1","2721.3926","0","470.64044","0","0","0","0","0","0","0","0","0","0","0","0","0","0","0","2","2.393608","0","1271.4199","531.1731","108.0806","59.65607","48.424526","31.109486","0.710511"
"D:\HAA\dACC revisions\Run 4\Br8667_dlPFC_20x_img_006-MaxIP-Stitched_unmixed_rotated.nd2","Layer 1","dACC_v17_ FISH-IF v2.4.4","2264","6096","6122","3741","3770","0","0","0","0","1","1","2748.3389","0","424.1579","0","0","0","0","0","0","0","0","0","0","0","0","0","0","0","0","0","0","0","0","107.39013","61.22112","46.16901","30.46584","0.866205"
"D:\HAA\dACC revisions\Run 4\Br8667_dlPFC_20x_img_006-MaxIP-Stitched_unmixed_rotated.nd2","Layer 1","dACC_v17_ FISH-IF v2.4.4","2265","6080","6096","3744","3763","0","0","0","0","1","1","1861.2195","0","345.34982","0","0","0","0","0","0","0","0","0","0","0","0","0","0","0","0","0","0","0","0","46.58329","40.921486","5.661803","10.298312","0.802452"
"D:\HAA\dACC revisions\Run 4\Br8667_dlPFC_20x_img_006-MaxIP-Stitched_unmixed_rotated.nd2","Layer 1","dACC_v17_ FISH-IF v2.4.4","2266","5922","5947","3745","3771","0","0","0","0","1","1","2748.411","0","409.05753","0","0","0","0","0","0","0","0","0","0","0","0","0","0","0","1","0.598402","0","280.23624","468.30768","90.542816","69.59875","20.944067","21.883913","0.780362"
"D:\HAA\dACC revisions\Run 4\Br8667_dlPFC_20x_img_006-MaxIP-Stitched_unmixed_rotated.nd2","Layer 1","dACC_v17_ FISH-IF v2.4.4","2267","6234","6268","3763","3788","0","0","0","0","1","1","2004.5448","0","334.788","0","0","0","0","0","0","0","0","0","0","0","0","0","0","0","1","0.50634","0","249.94788","493.63635","123.639046","86.63019","37.008858","27.891262","0.70606"
"D:\HAA\dACC revisions\Run 4\Br8667_dlPFC_20x_img_006-MaxIP-Stitched_unmixed_rotated.nd2","Layer 1","dACC_v17_ FISH-IF v2.4.4","2268","6147","6182","3778","3808","0","1","1","0","1","1","1753.8212","0","341.56067","1","0.644433","0","521.80646","809.7143","0","0","0","0","0","20","20.161541","3","19148.125","949.73517","98","98.506165","4","156585.17","1589.5977","149.3243","97.86173","51.462566","33.469513","0.766304"
"D:\HAA\dACC revisions\Run 4\Br8667_dlPFC_20x_img_006-MaxIP-Stitched_unmixed_rotated.nd2","Layer 1","dACC_v17_ FISH-IF v2.4.4","2269","6188","6213","3778","3815","0","0","0","0","1","1","2714.0244","0","463.7484","0","0","0","0","0","1","1.703144","0","2056.4312","1207.4324","0","0","0","0","0","2","3.222164","0","1574.7177","488.7143","132.47697","94.77766","37.69932","31.324034","0.57797"
"D:\HAA\dACC revisions\Run 4\Br8667_dlPFC_20x_img_006-MaxIP-Stitched_unmixed_rotated.nd2","Layer 1","dACC_v17_ FISH-IF v2.4.4","2270","6024","6044","3782","3801","0","0","0","0","1","1","1784.0427","0","203.4329","0","0","0","0","0","0","0","0","0","0","0","0","0","0","0","0","0","0","0","0","57.63071","50.08164","7.54907","11.585601","0.833999"
"D:\HAA\dACC revisions\Run 4\Br8667_dlPFC_20x_img_006-MaxIP-Stitched_unmixed_rotated.nd2","Layer 1","dACC_v17_ FISH-IF v2.4.4","2271","5965","6013","3803","3836","0","0","0","0","1","1","2035.9727","0","443.0516","0","0","0","0","0","0","0","0","0","0","0","0","0","0","0","1","3.268195","0","1637.0436","500.9014","216.4834","123.96126","92.52214","49.775177","0.614688"
"D:\HAA\dACC revisions\Run 4\Br8667_dlPFC_20x_img_006-MaxIP-Stitched_unmixed_rotated.nd2","Layer 1","dACC_v17_ FISH-IF v2.4.4","2272","5941","5961","3805","3824","0","0","0","0","1","1","460.8254","0","132.72646","0","0","0","0","0","0","0","0","0","0","0","0","0","0","0","0","0","0","0","0","52.24509","46.445194","5.799896","10.51286","0.839245"
"D:\HAA\dACC revisions\Run 4\Br8667_dlPFC_20x_img_006-MaxIP-Stitched_unmixed_rotated.nd2","Layer 1","dACC_v17_ FISH-IF v2.4.4","2273","6012","6036","3805","3828","0","0","0","0","1","1","2791.3796","0","428.13483","0","0","0","0","0","0","0","0","0","0","1","0.552371","0","385.50894","697.9167","0","0","0","0","0","81.658844","62.14174","19.517109","21.454817","0.680083"
"D:\HAA\dACC revisions\Run 4\Br8667_dlPFC_20x_img_006-MaxIP-Stitched_unmixed_rotated.nd2","Layer 1","dACC_v17_ FISH-IF v2.4.4","2274","6151","6184","3809","3841","0","0","0","0","1","1","2387.651","0","309.39722","0","0","0","0","0","0","0","0","0","0","0","0","0","0","0","1","1.288866","0","777.50824","603.25","152.36234","96.06653","56.29581","33.469513","0.928112"
"D:\HAA\dACC revisions\Run 4\Br8667_dlPFC_20x_img_006-MaxIP-Stitched_unmixed_rotated.nd2","Layer 1","dACC_v17_ FISH-IF v2.4.4","2275","5968","5988","3833","3854","0","0","1","0","1","1","2024.3582","0","259.67282","0","0","0","0","0","0","0","0","0","0","0","0","0","0","0","5","7.641132","1","4620.86","604.7349","61.589367","52.337154","9.252214","13.301987","0.85354"
"D:\HAA\dACC revisions\Run 4\Br8667_dlPFC_20x_img_006-MaxIP-Stitched_unmixed_rotated.nd2","Layer 1","dACC_v17_ FISH-IF v2.4.4","2276","6006","6025","3837","3856","0","0","0","0","1","1","1351.4222","0","177.99513","0","0","0","0","0","0","0","0","0","0","0","0","0","0","0","2","2.761855","0","1538.9517","557.2167","53.441895","47.227722","6.214174","10.298312","0.880481"
"D:\HAA\dACC revisions\Run 4\Br8667_dlPFC_20x_img_006-MaxIP-Stitched_unmixed_rotated.nd2","Layer 1","dACC_v17_ FISH-IF v2.4.4","2277","6175","6202","3875","3902","0","0","1","0","1","1","2988.6765","0","530.06635","0","0","0","0","0","0","0","0","0","0","3","1.979329","0","1360.6279","687.4186","28","28.03283","3","45431.777","1620.6633","96.25065","58.965607","37.28504","28.10581","0.821811"
"D:\HAA\dACC revisions\Run 4\Br8667_dlPFC_20x_img_006-MaxIP-Stitched_unmixed_rotated.nd2","Layer 1","dACC_v17_ FISH-IF v2.4.4","2278","6147","6174","3877","3916","0","1","1","0","1","1","1271.2861","0","559.69574","0","0","0","0","0","2","0.920618","0","797.80786","722.1667","11","11.691853","2","9892.044","846.063","80","93.48879","4","125455.375","1341.9296","148.17352","96.52683","51.64669","36.687737","0.619325"
"D:\HAA\dACC revisions\Run 4\Br8667_dlPFC_20x_img_006-MaxIP-Stitched_unmixed_rotated.nd2","Layer 1","dACC_v17_ FISH-IF v2.4.4","2279","5993","6015","3882","3901","0","0","0","0","1","1","896.55975","0","150.18968","0","0","0","0","0","0","0","0","0","0","0","0","0","0","0","0","0","0","0","0","61.12906","52.65937","8.469688","13.301987","0.738893"
"D:\HAA\dACC revisions\Run 4\Br8667_dlPFC_20x_img_006-MaxIP-Stitched_unmixed_rotated.nd2","Layer 1","dACC_v17_ FISH-IF v2.4.4","2280","6171","6196","3894","3918","0","0","1","0","1","1","3565.2869","0","637.04755","0","0","0","0","0","0","0","0","0","0","3","3.866597","0","2997.6255","775.2619","46","48.746742","4","72326.95","1483.729","81.01441","51.324474","29.689941","25.74578","0.791378"
"D:\HAA\dACC revisions\Run 4\Br8667_dlPFC_20x_img_006-MaxIP-Stitched_unmixed_rotated.nd2","Layer 1","dACC_v17_ FISH-IF v2.4.4","2281","6047","6071","3901","3931","0","0","0","0","1","1","2607.5493","0","507.01947","0","0","0","0","0","0","0","0","0","0","0","0","0","0","0","0","0","0","0","0","93.626884","56.756123","36.870766","28.320358","0.734618"
"D:\HAA\dACC revisions\Run 4\Br8667_dlPFC_20x_img_006-MaxIP-Stitched_unmixed_rotated.nd2","Layer 1","dACC_v17_ FISH-IF v2.4.4","2282","6104","6129","3909","3935","0","0","0","0","1","1","3147.415","0","486.52484","0","0","0","0","0","0","0","0","0","0","0","0","0","0","0","0","0","0","0","0","92.38405","70.42731","21.956747","21.454817","0.760103"
"D:\HAA\dACC revisions\Run 4\Br8667_dlPFC_20x_img_006-MaxIP-Stitched_unmixed_rotated.nd2","Layer 1","dACC_v17_ FISH-IF v2.4.4","2283","6026","6057","3915","3945","0","0","0","0","1","1","2289.9797","0","489.405","0","0","0","0","0","0","0","0","0","0","0","0","0","0","0","0","0","0","0","0","123.54698","75.58276","47.964214","33.254967","0.791263"
"D:\HAA\dACC revisions\Run 4\Br8667_dlPFC_20x_img_006-MaxIP-Stitched_unmixed_rotated.nd2","Layer 1","dACC_v17_ FISH-IF v2.4.4","2284","6056","6082","3922","3948","0","0","0","0","1","1","3199.7483","0","516.2541","0","0","0","0","0","0","0","0","0","0","0","0","0","0","0","0","0","0","0","0","91.04916","62.325863","28.723293","23.600298","0.845849"
"D:\HAA\dACC revisions\Run 4\Br8667_dlPFC_20x_img_006-MaxIP-Stitched_unmixed_rotated.nd2","Layer 1","dACC_v17_ FISH-IF v2.4.4","2285","6082","6101","3926","3946","0","0","0","0","1","1","2227.743","0","299.13812","0","0","0","0","0","0","0","0","0","0","0","0","0","0","0","0","0","0","0","0","56.894215","48.65468","8.239534","12.014698","0.815911"
"D:\HAA\dACC revisions\Run 4\Br8667_dlPFC_20x_img_006-MaxIP-Stitched_unmixed_rotated.nd2","Layer 1","dACC_v17_ FISH-IF v2.4.4","2286","6190","6210","3930","3948","0","0","0","0","1","1","823.14185","0","192.84119","0","0","0","0","0","0","0","0","0","0","0","0","0","0","0","2","3.314226","0","1733.9386","523.18054","54.316483","47.826122","6.490359","10.727408","0.833063"
"D:\HAA\dACC revisions\Run 4\Br8667_dlPFC_20x_img_006-MaxIP-Stitched_unmixed_rotated.nd2","Layer 1","dACC_v17_ FISH-IF v2.4.4","2287","6165","6190","3936","3960","0","0","0","0","1","1","3498.216","0","485.94684","0","0","0","0","0","1","1.288866","0","1140.8302","885.1429","0","0","0","0","0","0","0","0","0","0","81.06045","59.74813","21.312315","21.454817","0.807073"
"D:\HAA\dACC revisions\Run 4\Br8667_dlPFC_20x_img_006-MaxIP-Stitched_unmixed_rotated.nd2","Layer 1","dACC_v17_ FISH-IF v2.4.4","2288","6161","6185","3956","3976","0","0","0","0","1","1","3415.4224","0","397.64975","0","0","0","0","0","0","0","0","0","0","0","0","0","0","0","0","0","0","0","0","67.38927","52.567307","14.821956","17.163853","0.771471"
"D:\HAA\dACC revisions\Run 4\Br8667_dlPFC_20x_img_006-MaxIP-Stitched_unmixed_rotated.nd2","Layer 1","dACC_v17_ FISH-IF v2.4.4","2289","4925","4955","2390","2414","0","1","0","0","1","1","876.4729","0","218.54567","0","0","0","0","0","2","2.853917","0","2902.5256","1017.0323","36","26.09953","4","34914.45","1337.7426","0","0","0","0","0","101.59023","76.0891","25.50113","23.814846","0.694775"
"D:\HAA\dACC revisions\Run 4\Br8667_dlPFC_20x_img_006-MaxIP-Stitched_unmixed_rotated.nd2","Layer 1","dACC_v17_ FISH-IF v2.4.4","2290","4738","4774","2432","2456","0","0","0","0","1","1","1981.5227","0","397.81247","0","0","0","0","0","0","0","0","0","0","0","0","0","0","0","0","0","0","0","0","124.145386","85.663536","38.481846","29.393099","0.646698"
"D:\HAA\dACC revisions\Run 4\Br8667_dlPFC_20x_img_006-MaxIP-Stitched_unmixed_rotated.nd2","Layer 1","dACC_v17_ FISH-IF v2.4.4","2291","4670","4704","2436","2466","1","1","1","0","1","1","1526.1772","0","391.14197","1","0.874587","0","695.06683","794.7368","17","28.355045","3","39164.164","1381.2062","29","25.132881","3","27766.125","1104.773","21","41.243702","3","27948.87","676.8963","136.02136","89.80632","46.215042","32.61132","0.707617"
"D:\HAA\dACC revisions\Run 4\Br8667_dlPFC_20x_img_006-MaxIP-Stitched_unmixed_rotated.nd2","Layer 1","dACC_v17_ FISH-IF v2.4.4","2292","4843","4866","2439","2460","0","0","0","0","1","1","1909.7004","0","336.4923","0","0","0","0","0","0","0","0","0","0","0","0","0","0","0","0","0","0","0","0","68.21782","56.848183","11.369637","15.447468","0.753596"
"D:\HAA\dACC revisions\Run 4\Br8667_dlPFC_20x_img_006-MaxIP-Stitched_unmixed_rotated.nd2","Layer 1","dACC_v17_ FISH-IF v2.4.4","2293","5015","5038","2444","2476","0","0","0","0","1","1","2858.47","0","608.559","0","0","0","0","0","0","0","0","0","0","0","0","0","0","0","0","0","0","0","0","94.59354","63.15442","31.439117","26.389425","0.648007"
"D:\HAA\dACC revisions\Run 4\Br8667_dlPFC_20x_img_006-MaxIP-Stitched_unmixed_rotated.nd2","Layer 1","dACC_v17_ FISH-IF v2.4.4","2294","4731","4760","2452","2478","0","0","0","0","1","1","2826.1294","0","480.23938","0","0","0","0","0","0","0","0","0","0","0","0","0","0","0","0","0","0","0","0","109.73771","75.95101","33.786694","26.603973","0.796844"
"D:\HAA\dACC revisions\Run 4\Br8667_dlPFC_20x_img_006-MaxIP-Stitched_unmixed_rotated.nd2","Layer 1","dACC_v17_ FISH-IF v2.4.4","2295","5033","5056","2450","2478","0","0","0","0","1","1","3134.1262","0","518.82623","2","2.5317","0","2194.0637","866.63635","0","0","0","0","0","2","1.380928","0","1141.0144","826.26666","1","0.920618","0","859.3972","565.75757","92.1539","57.492615","34.66128","25.74578","0.783629"
"D:\HAA\dACC revisions\Run 4\Br8667_dlPFC_20x_img_006-MaxIP-Stitched_unmixed_rotated.nd2","Layer 1","dACC_v17_ FISH-IF v2.4.4","2296","4908","4934","2456","2478","1","1","0","0","1","1","1470.6389","0","463.88678","0","0","0","0","0","5","6.720514","1","9879.063","1469.9863","6","4.695154","1","6163.2637","1144.3932","0","0","0","0","0","84.4207","65.04169","19.379017","20.167528","0.720187"
"D:\HAA\dACC revisions\Run 4\Br8667_dlPFC_20x_img_006-MaxIP-Stitched_unmixed_rotated.nd2","Layer 1","dACC_v17_ FISH-IF v2.4.4","2297","4886","4912","2460","2491","1","1","0","0","1","1","3119.413","0","404.87473","0","0","0","0","0","9","12.198194","1","21877.574","1793.5094","17","14.131492","3","15249.675","1079.1271","0","0","0","0","0","114.43286","81.56679","32.866074","27.03307","0.710979"
"D:\HAA\dACC revisions\Run 4\Br8667_dlPFC_20x_img_006-MaxIP-Stitched_unmixed_rotated.nd2","Layer 1","dACC_v17_ FISH-IF v2.4.4","2298","4911","4930","2479","2495","1","1","0","0","1","1","760.1707","0","170.44647","0","0","0","0","0","12","17.491749","2","34835.97","1975.9661","17","12.566441","3","16736.703","1331.8572","2","2.807886","0","1562.0132","556.2951","48.65468","42.992878","5.661803","9.869216","0.762373"
"D:\HAA\dACC revisions\Run 4\Br8667_dlPFC_20x_img_006-MaxIP-Stitched_unmixed_rotated.nd2","Layer 1","dACC_v17_ FISH-IF v2.4.4","2299","4983","5002","2489","2508","0","0","0","1","1","1","1152.0504","0","174.15198","5","9.712523","1","11887.024","1223.8862","0","0","0","0","0","0","0","0","0","0","0","0","0","0","0","53.948235","47.54994","6.398297","10.727408","0.872494"
"D:\HAA\dACC revisions\Run 4\Br8667_dlPFC_20x_img_006-MaxIP-Stitched_unmixed_rotated.nd2","Layer 1","dACC_v17_ FISH-IF v2.4.4","2300","5024","5064","2511","2545","1","1","1","1","1","1","3376.7405","0","536.30945","4","7.088761","1","7879.388","1111.5325","13","18.918707","2","25882.771","1368.1046","38","28.53917","4","37748.254","1316.313","15","18.688553","3","10083.257","535.58435","185.59666","97.12524","88.47142","45.055115","0.768363"
"D:\HAA\dACC revisions\Run 4\Br8667_dlPFC_20x_img_006-MaxIP-Stitched_unmixed_rotated.nd2","Layer 1","dACC_v17_ FISH-IF v2.4.4","2301","4963","4997","2515","2565","0","1","0","1","1","1","2449.7817","0","358.73328","23","64.02901","3","119641.54","1868.5521","3","4.557061","0","5175.026","1135.6061","15","14.867987","3","13152.506","860.63855","1","0.644433","0","364.749","495.25","225.78165","134.08806","91.69359","52.349754","0.581518"
"D:\HAA\dACC revisions\Run 4\Br8667_dlPFC_20x_img_006-MaxIP-Stitched_unmixed_rotated.nd2","Layer 1","dACC_v17_ FISH-IF v2.4.4","2302","4997","5026","2520","2555","1","1","1","0","1","1","1094.4031","0","521.8601","1","1.841237","0","1803.7216","979.625","24","34.01685","3","58296.637","1713.7578","34","29.59788","4","31061.111","1049.437","20","39.034218","3","23663.85","602.67993","144.35295","93.76498","50.58798","34.756805","0.712236"
"D:\HAA\dACC revisions\Run 4\Br8667_dlPFC_20x_img_006-MaxIP-Stitched_unmixed_rotated.nd2","Layer 1","dACC_v17_ FISH-IF v2.4.4","2303","4676","4701","2521","2549","1","1","0","0","1","1","2696.15","0","739.6044","0","0","0","0","0","5","8.147472","1","8661.039","1033.8297","33","21.772623","4","32698.89","1501.8351","0","0","0","0","0","103.247345","69.460655","33.786694","27.891262","0.72098"
"D:\HAA\dACC revisions\Run 4\Br8667_dlPFC_20x_img_006-MaxIP-Stitched_unmixed_rotated.nd2","Layer 1","dACC_v17_ FISH-IF v2.4.4","2304","4883","4914","2526","2553","0","0","0","1","1","1","2632.7002","0","393.67804","5","10.172832","1","10942.47","1075.6561","0","0","0","0","0","3","3.176133","0","3198.4583","1007.029","0","0","0","0","0","122.85652","84.92704","37.929478","27.891262","0.792632"
"D:\HAA\dACC revisions\Run 4\Br8667_dlPFC_20x_img_006-MaxIP-Stitched_unmixed_rotated.nd2","Layer 1","dACC_v17_ FISH-IF v2.4.4","2305","5025","5051","2542","2561","1","1","0","0","1","1","2851.3352","0","440.6768","1","0.690464","0","563.0962","815.5333","4","5.753865","1","7626.5864","1325.472","11","9.160152","2","9960.17","1087.3367","3","3.268195","0","1697.7583","519.4789","75.67483","49.98958","25.685251","21.883913","0.854266"
"D:\HAA\dACC revisions\Run 4\Br8667_dlPFC_20x_img_006-MaxIP-Stitched_unmixed_rotated.nd2","Layer 1","dACC_v17_ FISH-IF v2.4.4","2306","4942","4967","2543","2571","0","0","0","1","1","1","2803.0342","0","479.60623","9","13.855307","1","15794.543","1128.7139","0","0","0","0","0","0","0","0","0","0","1","0.552371","0","236.13861","427.5","100.62359","72.3606","28.262983","24.887589","0.73615"
"D:\HAA\dACC revisions\Run 4\Br8667_dlPFC_20x_img_006-MaxIP-Stitched_unmixed_rotated.nd2","Layer 1","dACC_v17_ FISH-IF v2.4.4","2307","4892","4923","2550","2581","1","1","0","0","1","1","1891.9915","0","432.38748","1","3.774535","0","4324.4204","1145.683","6","8.009379","1","9642.925","1203.954","43","26.743963","4","42338.227","1583.0946","1","0.644433","0","314.39117","487.85715","133.3976","90.404724","42.992878","31.109486","0.750904"
"D:\HAA\dACC revisions\Run 4\Br8667_dlPFC_20x_img_006-MaxIP-Stitched_unmixed_rotated.nd2","Layer 1","dACC_v17_ FISH-IF v2.4.4","2308","4955","4982","2592","2624","0","0","0","0","1","1","2000.6533","0","362.07425","1","1.058711","0","1087.4805","1027.174","0","0","0","0","0","1","1.058711","0","974.70465","920.65216","0","0","0","0","0","125.43425","88.65555","36.7787","30.036743","0.721149"
"D:\HAA\dACC revisions\Run 4\Br8667_dlPFC_20x_img_006-MaxIP-Stitched_unmixed_rotated.nd2","Layer 1","dACC_v17_ FISH-IF v2.4.4","2309","4999","5032","2617","2658","1","1","1","0","1","1","2395.1206","0","650.47363","0","0","0","0","0","19","25.409067","3","41399.93","1606.0607","73","36.962826","4","73635.38","1992.147","12","17.537779","2","13367.332","762.2021","169.20966","113.512245","55.69741","42.909634","0.651265"
"D:\HAA\dACC revisions\Run 4\Br8667_dlPFC_20x_img_006-MaxIP-Stitched_unmixed_rotated.nd2","Layer 1","dACC_v17_ FISH-IF v2.4.4","2310","5040","5071","2655","2685","1","1","0","0","1","1","2292.983","0","403.38745","0","0","0","0","0","9","13.118812","1","19088.01","1455.0105","63","37.05489","4","60769.418","1639.9839","0","0","0","0","0","136.02136","90.17457","45.846794","30.46584","0.809584"
"D:\HAA\dACC revisions\Run 4\Br8667_dlPFC_20x_img_006-MaxIP-Stitched_unmixed_rotated.nd2","Layer 1","dACC_v17_ FISH-IF v2.4.4","2311","4746","4774","2667","2694","1","1","0","0","1","1","1586.0197","0","546.39136","0","0","0","0","0","9","11.277575","1","17404.197","1506.3666","47","27.296333","4","47331.98","1734.005","3","3.084071","0","1705.8137","553.1045","84.78895","63.75282","21.036129","25.102137","0.529729"
"D:\HAA\dACC revisions\Run 4\Br8667_dlPFC_20x_img_006-MaxIP-Stitched_unmixed_rotated.nd2","Layer 1","dACC_v17_ FISH-IF v2.4.4","2312","4728","4753","2678","2704","0","1","0","0","1","1","2909.744","0","562.67596","3","1.749175","0","1332.7792","761.9474","3","4.787215","0","5883.5337","1172.633","20","10.356956","3","19426.197","1875.6666","0","0","0","0","0","83.59215","49.437206","34.15494","25.74578","0.830242"
"D:\HAA\dACC revisions\Run 4\Br8667_dlPFC_20x_img_006-MaxIP-Stitched_unmixed_rotated.nd2","Layer 1","dACC_v17_ FISH-IF v2.4.4","2313","4919","4938","2685","2703","0","0","0","0","1","1","1559.8456","0","430.23053","0","0","0","0","0","0","0","0","0","0","1","0.828557","0","618.83966","746.8889","0","0","0","0","0","52.981586","46.721382","6.260205","10.727408","0.778524"
"D:\HAA\dACC revisions\Run 4\Br8667_dlPFC_20x_img_006-MaxIP-Stitched_unmixed_rotated.nd2","Layer 1","dACC_v17_ FISH-IF v2.4.4","2314","4738","4764","2689","2715","0","1","0","0","1","1","3232.9875","0","559.91235","0","0","0","0","0","1","0.874587","0","694.46844","794.0526","16","8.837936","3","15954.546","1805.2344","0","0","0","0","0","85.89369","52.52128","33.372414","26.389425","0.803278"
"D:\HAA\dACC revisions\Run 4\Br8667_dlPFC_20x_img_006-MaxIP-Stitched_unmixed_rotated.nd2","Layer 1","dACC_v17_ FISH-IF v2.4.4","2315","4679","4707","2688","2716","0","0","0","0","1","1","2845.893","0","498.35397","0","0","0","0","0","1","1.196804","0","1091.8994","912.3461","0","0","0","0","0","1","0.690464","0","335.93362","486.53333","101.17596","67.619415","33.556538","25.74578","0.75247"
"D:\HAA\dACC revisions\Run 4\Br8667_dlPFC_20x_img_006-MaxIP-Stitched_unmixed_rotated.nd2","Layer 1","dACC_v17_ FISH-IF v2.4.4","2316","4837","4859","2690","2707","0","0","0","0","1","1","2050.9382","0","619.2523","0","0","0","0","0","0","0","0","0","0","0","0","0","0","0","1","1.472989","0","868.6955","589.75","57.07834","39.21834","17.859997","18.022047","0.793421"
"D:\HAA\dACC revisions\Run 4\Br8667_dlPFC_20x_img_006-MaxIP-Stitched_unmixed_rotated.nd2","Layer 1","dACC_v17_ FISH-IF v2.4.4","2317","4855","4880","2697","2722","0","0","0","0","1","1","3423.215","0","539.4477","0","0","0","0","0","0","0","0","0","0","0","0","0","0","0","3","2.163453","0","1253.8362","495.25455","85.06513","52.337154","32.72798","25.316685","0.80103"
"D:\HAA\dACC revisions\Run 4\Br8667_dlPFC_20x_img_006-MaxIP-Stitched_unmixed_rotated.nd2","Layer 1","dACC_v17_ FISH-IF v2.4.4","2318","4815","4839","2698","2727","0","0","0","0","1","1","3261.0703","0","593.0811","0","0","0","0","0","0","0","0","0","0","0","0","0","0","0","0","0","0","0","0","105.87111","65.27184","40.59927","28.320358","0.794228"
"D:\HAA\dACC revisions\Run 4\Br8667_dlPFC_20x_img_006-MaxIP-Stitched_unmixed_rotated.nd2","Layer 1","dACC_v17_ FISH-IF v2.4.4","2319","4905","4924","2698","2724","0","0","0","0","1","1","2802.1409","0","433.4768","0","0","0","0","0","0","0","0","0","0","0","0","0","0","0","0","0","0","0","0","67.20514","46.62932","20.57582","20.167528","0.743083"
"D:\HAA\dACC revisions\Run 4\Br8667_dlPFC_20x_img_006-MaxIP-Stitched_unmixed_rotated.nd2","Layer 1","dACC_v17_ FISH-IF v2.4.4","2320","4694","4724","2702","2728","0","0","0","0","1","1","3050.8386","0","438.58688","3","4.418968","0","5318.9185","1203.6562","0","0","0","0","0","1","1.380928","0","1099.5865","796.26666","0","0","0","0","0","104.8124","68.86225","35.950146","26.603973","0.724756"
"D:\HAA\dACC revisions\Run 4\Br8667_dlPFC_20x_img_006-MaxIP-Stitched_unmixed_rotated.nd2","Layer 1","dACC_v17_ FISH-IF v2.4.4","2321","4838","4853","2706","2725","0","0","0","0","1","1","2463.5388","0","544.4803","0","0","0","0","0","0","0","0","0","0","0","0","0","0","0","0","0","0","0","0","32.912106","19.839325","13.072781","16.091112","0.813811"
"D:\HAA\dACC revisions\Run 4\Br8667_dlPFC_20x_img_006-MaxIP-Stitched_unmixed_rotated.nd2","Layer 1","dACC_v17_ FISH-IF v2.4.4","2322","4919","4942","2704","2739","0","0","0","0","1","1","3154.742","0","730.3017","0","0","0","0","0","0","0","0","0","0","0","0","0","0","0","0","0","0","0","0","108.5409","60.576687","47.964214","34.542255","0.662819"
"D:\HAA\dACC revisions\Run 4\Br8667_dlPFC_20x_img_006-MaxIP-Stitched_unmixed_rotated.nd2","Layer 1","dACC_v17_ FISH-IF v2.4.4","2323","4939","4966","2703","2732","0","0","0","0","1","1","2535.0947","0","459.01505","0","0","0","0","0","0","0","0","0","0","0","0","0","0","0","0","0","0","0","0","112.72971","70.42731","42.302414","28.749454","0.82271"
"D:\HAA\dACC revisions\Run 4\Br8667_dlPFC_20x_img_006-MaxIP-Stitched_unmixed_rotated.nd2","Layer 1","dACC_v17_ FISH-IF v2.4.4","2324","4858","4883","2717","2731","0","0","0","0","1","1","3693.0984","0","431.19843","0","0","0","0","0","0","0","0","0","0","0","0","0","0","0","1","0.414278","0","181.22372","437.44446","53.303802","29.459787","23.844015","20.167528","0.773337"
"D:\HAA\dACC revisions\Run 4\Br8667_dlPFC_20x_img_006-MaxIP-Stitched_unmixed_rotated.nd2","Layer 1","dACC_v17_ FISH-IF v2.4.4","2325","4858","4885","2732","2754","0","0","0","0","1","1","3366.742","0","444.76996","0","0","0","0","0","0","0","0","0","0","3","2.347577","0","2314.4805","824.2787","0","0","0","0","0","93.67292","59.425915","34.247","24.887589","0.818727"
"D:\HAA\dACC revisions\Run 4\Br8667_dlPFC_20x_img_006-MaxIP-Stitched_unmixed_rotated.nd2","Layer 1","dACC_v17_ FISH-IF v2.4.4","2326","4711","4751","2737","2772","1","1","1","0","1","1","1296.7518","0","253.21112","1","0.782526","0","642.8678","821.5294","29","39.862774","3","71050.61","1746.0872","32","24.902727","4","30217.271","1213.4122","9","6.122112","1","3012.0332","491.9925","185.41254","105.088585","80.32395","42.05144","0.830589"
"D:\HAA\dACC revisions\Run 4\Br8667_dlPFC_20x_img_006-MaxIP-Stitched_unmixed_rotated.nd2","Layer 1","dACC_v17_ FISH-IF v2.4.4","2327","4979","5011","2737","2767","0","0","0","1","1","1","2540.869","0","477.3082","8","17.906027","1","22010.787","1229.239","0","0","0","0","0","2","1.611082","0","1230.0382","763.4857","0","0","0","0","0","139.38162","90.95709","48.424526","30.46584","0.921094"
"D:\HAA\dACC revisions\Run 4\Br8667_dlPFC_20x_img_006-MaxIP-Stitched_unmixed_rotated.nd2","Layer 1","dACC_v17_ FISH-IF v2.4.4","2328","4777","4796","2748","2771","0","0","0","0","1","1","460.99545","0","192.08221","0","0","0","0","0","1","1.380928","0","1790.6487","1296.7","3","2.99201","0","2752.649","920","1","1.150773","0","626.2046","544.16","64.99566","54.868855","10.126801","13.731083","0.80223"
"D:\HAA\dACC revisions\Run 4\Br8667_dlPFC_20x_img_006-MaxIP-Stitched_unmixed_rotated.nd2","Layer 1","dACC_v17_ FISH-IF v2.4.4","2329","4823","4845","2752","2774","0","0","0","0","1","1","2650.4336","0","326.8856","0","0","0","0","0","0","0","0","0","0","0","0","0","0","0","0","0","0","0","0","71.90029","58.73545","13.164843","15.876565","0.816653"
"D:\HAA\dACC revisions\Run 4\Br8667_dlPFC_20x_img_006-MaxIP-Stitched_unmixed_rotated.nd2","Layer 1","dACC_v17_ FISH-IF v2.4.4","2330","4688","4719","2755","2778","1","1","0","0","1","1","1362.5137","0","276.36963","0","0","0","0","0","19","19.60917","3","42827.12","2184.0352","33","21.956747","4","32261.045","1469.2998","3","2.117422","0","1122.8782","530.3043","97.90776","72.72885","25.178911","24.458492","0.651107"
"D:\HAA\dACC revisions\Run 4\Br8667_dlPFC_20x_img_006-MaxIP-Stitched_unmixed_rotated.nd2","Layer 1","dACC_v17_ FISH-IF v2.4.4","2331","4871","4899","2755","2784","0","1","0","1","1","1","2496.0413","0","487.8347","12","29.04551","2","52896.246","1821.1505","0","0","0","0","0","5","4.603092","1","4293.1196","818.1228","1","0.782526","0","388.82315","496.88235","102.09657","61.819523","40.277054","28.534906","0.780783"
"D:\HAA\dACC revisions\Run 4\Br8667_dlPFC_20x_img_006-MaxIP-Stitched_unmixed_rotated.nd2","Layer 1","dACC_v17_ FISH-IF v2.4.4","2332","4742","4777","2756","2786","1","1","1","0","1","1","1514.2294","0","362.73434","0","0","0","0","0","38","48.424526","4","95610.086","1953.983","75","43.821434","4","72659.71","1635.7493","7","11.323606","1","6209.1562","548.3374","155.12419","97.72364","57.400555","33.89861","0.809019"
"D:\HAA\dACC revisions\Run 4\Br8667_dlPFC_20x_img_006-MaxIP-Stitched_unmixed_rotated.nd2","Layer 1","dACC_v17_ FISH-IF v2.4.4","2333","4907","4933","2758","2791","1","1","1","0","1","1","1446.0253","0","510.5392","2","5.984019","0","5226.8105","873.46155","20","27.52649","3","44365.84","1603.7054","56","34.01685","4","54830.37","1611.8593","13","14.914018","2","9422.114","607.39166","126.07868","78.620804","47.457874","34.11316","0.797447"
"D:\HAA\dACC revisions\Run 4\Br8667_dlPFC_20x_img_006-MaxIP-Stitched_unmixed_rotated.nd2","Layer 1","dACC_v17_ FISH-IF v2.4.4","2334","4888","4909","2761","2789","1","1","1","1","1","1","2614.5945","0","453.87183","5","5.063401","1","6271.068","1238.509","4","5.01737","1","6017.3457","1199.3027","24","17.307625","3","24336.96","1406.141","4","5.937988","1","3338.07","541.1791","72.91297","38.06757","34.845406","29.17855","0.720098"
