cell	trait	Prop._SNPs	Prop._h2	Prop._h2_std_error	Enrichment	Enrichment_std_error	Enrichment_p	Coefficient	Coefficient_std_error	Coefficient_z-score
L6_IT	ADHD	0.15664923549262819	0.17538631995586126	0.012164332662842767	1.1196117198038598	0.07765331649777003	0.12427942081706941	-1.0377160596651758e-10	2.706756141381421e-09	-0.038337995942832395
L6_IT	Drinks Per Week	0.15664923549262819	0.20688531095237395	0.011564047071029156	1.3206914818432665	0.07382127997409443	2.0056890825956132e-05	1.5847001159089041e-09	7.145662496197107e-10	2.2177091581813095
L6_IT	Alzheimer Disease	0.15664923549262819	0.2869637997713664	0.046321480085653406	1.831887649300853	0.29570192245102445	0.0032365820603270637	1.0271819935279205e-09	6.910043743365948e-10	1.4865057757616602
L6_IT	Alzheimer Disease2	0.15664923549262819	0.251786509685161	0.030055683044167985	1.6073267698584452	0.1918661329539804	0.006386154373831077	5.488260766920525e-10	4.47193644006007e-10	1.2272671672513313
L6_IT	Alzheimer Disease3	0.15664923549262819	0.23640620139162247	0.027186269515687627	1.509143665132969	0.17354868940274526	0.0020480389095324653	7.125524979010189e-10	7.432313707980915e-10	0.9587223116482163
L6_IT	Anorexia	0.15664923549262819	0.14778924064102503	0.014301115504115405	0.9434405484090594	0.09129387359690247	0.5312408108020945	-5.261542070285142e-09	4.782498187588818e-09	-1.1001660353870082
L6_IT	AUD_NatMed2023	0.15664923549262819	0.19939097104350717	0.010163537849672237	1.272849946675229	0.06488086467648625	3.443088261862887e-05	2.9353965625836027e-09	1.2403766294428592e-09	2.366536496178662
L6_IT	Autism	0.15664923549262819	0.20288662027218907	0.022115988485615946	1.2951650841713607	0.14118159221183502	0.039857696727893396	7.764887768181629e-09	5.5271922513821035e-09	1.4048521229273285
L6_IT	BMI	0.15664923549262819	0.19927644644765394	0.008274601641034173	1.2721188572735278	0.052822483397460124	4.6793030632981666e-07	4.173540501665697e-09	2.2355493741316787e-09	1.866897036567024
L6_IT	Bipolar Disorder2	0.15664923549262819	0.22006093633691515	0.013092513047522106	1.4048005765548155	0.08357853140073723	5.11641476658405e-06	7.754355464007238e-09	3.254402792417852e-09	2.3827276334919056
L6_IT	Bipolar Disorder	0.15664923549262819	0.237351202983637	0.017450215936963692	1.5151762613920103	0.11139675136036581	6.129400733451045e-06	1.9387444574100816e-08	7.12859824574288e-09	2.719671372373774
L6_IT	Alcohol Use Disorder	0.15664923549262819	0.1804072531402632	0.018490307949963404	1.1516637956956584	0.11803637529296175	0.20367883058362643	7.688596063965396e-10	2.345203365543844e-09	0.3278434687979581
L6_IT	epilepsyAll	0.15664923549262819	0.20778581885517036	0.026327229105537586	1.3264400442282953	0.16806484259399102	0.04856089003321573	2.7838174552424106e-09	3.631800309776818e-09	0.7665117070859775
L6_IT	epilepsyFocal	0.15664923549262819	0.22352325538408246	0.056404857264827815	1.4269029445381578	0.3600710663377747	0.18857552535425606	3.6291652044581965e-09	4.487254792427838e-09	0.8087718153607741
L6_IT	epilepsy	0.15664923549262819	0.22906181658936697	0.01928623890954588	1.46225939672809	0.1231173509969251	5.632937719640936e-05	3.135702372470149e-08	1.381566344017987e-08	2.2696719459382866
L6_IT	GSCAN_AgeSmk	0.15664923549262819	0.20081735388306882	0.015245457893548042	1.2819555311045177	0.09732226171167929	0.0047078301710810335	1.4408921147747606e-09	9.795952378324765e-10	1.4709055935826953
L6_IT	GSCAN_CigDay	0.15664923549262819	0.2116408298323381	0.013958258781346645	1.3510492353618782	0.08910518291041077	0.0003582494686465853	2.920993484741595e-09	1.4750657878102451e-09	1.9802462431711936
L6_IT	GSCAN_DrnkWk	0.15664923549262819	0.2112526846950212	0.012401672234023449	1.348571437522034	0.07916841850534957	1.3722461768342309e-05	1.7679726191178614e-09	7.036567029576298e-10	2.5125499575100596
L6_IT	GSCAN_SmkCes	0.15664923549262819	0.20419368463529614	0.012206160321247295	1.3035089765561312	0.07792033126022954	0.00031849270353710344	1.9159099926056206e-09	1.1881001662512822e-09	1.6125828840263012
L6_IT	GSCAN_SmkInit	0.15664923549262819	0.1804753216291677	0.009604574494062377	1.1520983237588847	0.061312616457131465	0.012424845726814335	6.960995953132307e-10	8.100911216716084e-10	0.8592855503425858
L6_IT	Height	0.15664923549262819	0.1561743607629873	0.009619507620590259	0.9969685474164779	0.06140794489254272	0.9606463678891152	-2.743834352555154e-08	7.196605549267342e-09	-3.8126785381956814
L6_IT	Insomnia	0.15664923549262819	0.20579927823792135	0.012768612597934758	1.3137585867605854	0.08151085166665649	0.00012722330856009857	1.9759045649805114e-09	9.0399997724221e-10	2.18573519327767
L6_IT	Intelligence	0.15664923549262819	0.20161213997318056	0.008872285081241518	1.287029198317845	0.056637908594574925	1.1446424996260972e-06	5.740866344997783e-09	2.1000862507204276e-09	2.733633603395288
L6_IT	mdd2019edinburgh	0.15664923549262819	0.18050623650293285	0.011490241269397971	1.152295674698185	0.07335012669077912	0.040827191192393274	5.599747056557302e-10	1.0327625611633885e-09	0.5422105009547681
L6_IT	Depression_ex23andMe	0.15664923549262819	0.1893501653321073	0.01529717571384578	1.2087525657986247	0.09765241219173174	0.03624452908743593	2.0034158816320116e-09	1.7477801933760512e-09	1.146263065129585
L6_IT	Depression	0.15664923549262819	0.18756777802450586	0.010467527009208537	1.1973743595661064	0.0668214369274795	0.004226689492135441	1.1748609508618206e-09	8.419569242339185e-10	1.3953931811069853
L6_IT	STROKE1	0.15664923549262819	0.18431544579444487	0.02520934952919848	1.1766124821152966	0.16092864704969986	0.27538779669582575	4.695303969105359e-10	1.5995620851069715e-09	0.29353683816476295
L6_IT	STROKE2	0.15664923549262819	0.17119531034421187	0.022496364734658884	1.09285761788648	0.14360979588513567	0.5182905972799352	-1.951678506562353e-10	1.542468751809986e-09	-0.1265295328850057
L6_IT	OUD_MVP1	0.15664923549262819	0.21047867120733318	0.03479524679229637	1.343630376142105	0.22212203387314847	0.12539115945861243	1.1720519402439182e-08	8.315304348805646e-09	1.409511776213295
L6_IT	OUD_MVP12	0.15664923549262819	0.20843310122247657	0.03519146592581526	1.3305720935502765	0.2246513735936576	0.1408113168322693	6.984802229099535e-09	6.02360143343884e-09	1.1595724428785705
L6_IT	OUD_MVP2	0.15664923549262819	0.1884840816449671	0.09797792801913646	1.2032237569000905	0.6254606204174373	0.7490170123877201	-5.4368254004894865e-09	2.420677715457418e-08	-0.22459930810996576
L6_IT	Type_2_Diabetes	0.15664923549262819	0.1868539395136261	0.03248104545849588	1.1928174365231379	0.20734889229653736	0.35418420017595587	1.7290360853944486e-09	4.071214463374064e-09	0.42469786373314533
L6_IT	Parkinson Disease	0.15664923549262819	0.27632315900709287	0.043751168279736685	1.763961108001044	0.2792938512731879	0.007167702028979222	6.6677947785622765e-09	3.759246746707211e-09	1.7737050073668916
L6_IT	PTSD	0.15664923549262819	0.1651644233816063	0.06210790232516512	1.0543583111797494	0.39647753230233845	0.8913543912901383	3.440832179198039e-10	2.748671287861104e-09	0.12518165392834385
L6_IT	Schizophrenia	0.15664923549262819	0.21447736877351645	0.010941450691100108	1.369156817772083	0.06984681831795474	4.65281030562617e-07	1.7501080415007807e-08	6.284854922715902e-09	2.78464350095849
L6_IT	Schizophrenia_PGC3	0.15664923549262819	0.21289523824583528	0.011658956135873927	1.3590569885408346	0.07442714992645201	4.878832124360974e-06	1.4947933998880545e-08	5.705300118380422e-09	2.620008358670508
L6_IT	Cigarettes Per Day	0.15664923549262819	0.21802108511555293	0.01450880600824385	1.391778800770546	0.09261970518155911	0.0001557744551665419	2.829036003231774e-09	1.3000920697310519e-09	2.1760274284397507
L6_IT	STROKEall	0.15664923549262819	0.19262721881062844	0.02140904355043129	1.2296722560110633	0.1366686756121372	0.09476988308975799	4.90235254889407e-10	9.57448070139878e-10	0.5120228137467406
L6_IT	Education Years	0.15664923549262819	0.19897099479728145	0.008170818883790155	1.2701689489358847	0.0521599665526275	9.694052506195097e-07	3.841641137774174e-09	1.4916460657964679e-09	2.575437448509557
L6_IT	Neuroticism	0.15664923549262819	0.20170480157704498	0.009302206028592034	1.2876207211782855	0.0593823902130042	2.0308406648206506e-06	4.101035887765785e-09	1.4379361027387575e-09	2.852029293898921
L6b	ADHD	0.16079742211204232	0.17498287770293008	0.01227667210441384	1.088219421708163	0.07634868733069337	0.2492197533513212	1.0157386236077541e-09	2.6636503434857646e-09	0.38133331805049003
L6b	Drinks Per Week	0.16079742211204232	0.18190272826071668	0.011634969801786459	1.1312540081268738	0.07235793739080784	0.06771916562809775	1.7803299971287897e-10	7.028384079828417e-10	0.2533057352739682
L6b	Alzheimer Disease	0.16079742211204232	0.2214656808689798	0.028598914330549972	1.3772962150765349	0.1778567961781283	0.027757485519985067	8.965154685617775e-11	5.064084743608937e-10	0.1770340572782107
L6b	Alzheimer Disease2	0.16079742211204232	0.1877795186386565	0.01732988177524755	1.1678017978908473	0.10777462441638044	0.12545335772477217	-4.918908821146534e-10	3.1973612020335724e-10	-1.5384276315162733
L6b	Alzheimer Disease3	0.16079742211204232	0.20725806143276676	0.021908476090737133	1.2889389562996294	0.13624892615176062	0.03016542420705902	3.6275543528373806e-11	6.508459892101225e-10	0.05573598689975551
L6b	Anorexia	0.16079742211204232	0.13709089627014073	0.015730497122017385	0.8525689931435402	0.09782804298352808	0.12412548270714543	-7.854244390740394e-09	4.974248354026892e-09	-1.578981150867147
L6b	AUD_NatMed2023	0.16079742211204232	0.1850430277261286	0.011145971663803392	1.150783546748605	0.06931685544086005	0.027075173663001037	1.3481981128645893e-09	1.365801939287546e-09	0.9871109961725933
L6b	Autism	0.16079742211204232	0.17485487730737978	0.020704309878082264	1.0874233865860259	0.128760210245508	0.49411437579687933	2.6866854312449608e-11	5.263273914889803e-09	0.0051045897946605575
L6b	BMI	0.16079742211204232	0.19312574099479296	0.007666239789179649	1.2010499823823328	0.04767638491018766	3.13459144244781e-05	3.0270247866117146e-09	2.098501868392663e-09	1.4424694265010347
L6b	Bipolar Disorder2	0.16079742211204232	0.20337895513605303	0.010951815921520433	1.2648147741718163	0.06810939987513791	0.00017441459470931886	3.7918358184365455e-09	2.7639712382168456e-09	1.3718796223374663
L6b	Bipolar Disorder	0.16079742211204232	0.21648003515260517	0.015323297663648783	1.3462904585731708	0.095295667445288	0.00033309572061867996	1.1718586018685925e-08	6.185351818471217e-09	1.8945706505636266
L6b	Alcohol Use Disorder	0.16079742211204232	0.1781114517181151	0.019101664612771945	1.1076760396942713	0.11879335104926038	0.3656474866019124	9.180284924456074e-10	2.3865702256003193e-09	0.3846643533042008
L6b	epilepsyAll	0.16079742211204232	0.17683379958819137	0.026488926308184405	1.0997303144883446	0.16473476975101714	0.5427395821117345	-1.976329266652278e-09	3.815880607899852e-09	-0.5179221966643215
L6b	epilepsyFocal	0.16079742211204232	0.16169456049862796	0.05425737463556411	1.0055793082675202	0.337426893559015	0.9867093511273524	-1.9342048541091182e-09	4.648541492628093e-09	-0.41608854243346743
L6b	epilepsy	0.16079742211204232	0.20313876926976093	0.018690989624071216	1.2633210570267446	0.11623936116990413	0.01727637169561964	1.1638586091701416e-08	1.3597297339108454e-08	0.8559484875149853
L6b	GSCAN_AgeSmk	0.16079742211204232	0.17732121785196903	0.013431029148553243	1.1027615711924352	0.08352763976026066	0.21695984956685055	-5.3420876078479546e-11	8.342175272742301e-10	-0.06403710582901556
L6b	GSCAN_CigDay	0.16079742211204232	0.21802361551951005	0.020437018613376823	1.355889992860663	0.12709792448747392	0.009036045929988997	3.715497095296618e-09	2.1128838550129724e-09	1.758495662921238
L6b	GSCAN_DrnkWk	0.16079742211204232	0.184195340967773	0.012044567552249578	1.1455117784128854	0.0749052279199913	0.04955065705860017	3.3893373060483116e-10	6.818280380107574e-10	0.4970956189975334
L6b	GSCAN_SmkCes	0.16079742211204232	0.19019668006926793	0.012398652089657491	1.1828341373330007	0.0771072814899869	0.02345819761373355	7.341275782714971e-10	1.123937811743392e-09	0.6531745534325941
L6b	GSCAN_SmkInit	0.16079742211204232	0.17191030285164902	0.008832708708165217	1.069111062812085	0.05493066115208401	0.20429913315342507	2.8413212626602674e-10	7.322771438789196e-10	0.3880117365960112
L6b	Height	0.16079742211204232	0.16495197567067812	0.010468704740725535	1.0258371900747323	0.06510492894239951	0.691042259716681	-1.9007322930762716e-08	7.457769907125778e-09	-2.5486604128938772
L6b	Insomnia	0.16079742211204232	0.17229712958761328	0.014299215869782578	1.0715167402842942	0.08892689747114853	0.42203138965579845	-3.009764314949986e-10	9.686551830180893e-10	-0.310715760129658
L6b	Intelligence	0.16079742211204232	0.20185631624641157	0.008357866788325686	1.2553454750397661	0.05197761679600805	1.5632069728756294e-06	5.957100627701673e-09	1.9690657499625705e-09	3.0253436828175544
L6b	mdd2019edinburgh	0.16079742211204232	0.18046914010279036	0.010861218008265509	1.122338515956064	0.06754597098389738	0.07039590065663351	7.818407629938008e-10	9.277164339759624e-10	0.8427583411916347
L6b	Depression_ex23andMe	0.16079742211204232	0.17899951404570652	0.015701872569545663	1.1131989039039516	0.09765002674361736	0.2426707283211603	1.022326109587625e-09	1.674535596055408e-09	0.6105132145269713
L6b	Depression	0.16079742211204232	0.18570972030978944	0.009763729025467098	1.1549297113755246	0.060720681322016544	0.010887402002211078	1.2069711038088538e-09	7.64916339016293e-10	1.5779125667011602
L6b	STROKE1	0.16079742211204232	0.1664349216318317	0.022411647520345645	1.035059638679165	0.13937815187565256	0.8019832469195431	-7.706491120506502e-10	1.391605261673232e-09	-0.5537842758111166
L6b	STROKE2	0.16079742211204232	0.15687869508235947	0.020652891543086013	0.9756294163288742	0.12844043935415364	0.8493898392092206	-1.2923719784650498e-09	1.4091883182194143e-09	-0.9171038120001107
L6b	OUD_MVP1	0.16079742211204232	0.1807650198886488	0.03383770839735103	1.1241785938750513	0.21043688358245688	0.5569191719544571	4.047382779532684e-09	8.003274972838893e-09	0.5057158217440342
L6b	OUD_MVP12	0.16079742211204232	0.1888866174632945	0.03191567652048376	1.174686851208845	0.19848375739659047	0.38534410273697484	4.0360439168873724e-09	5.522653471916091e-09	0.7308160719138987
L6b	OUD_MVP2	0.16079742211204232	0.27033499434104746	0.12322853226528728	1.6812147283846397	0.7663588796804383	0.3169551219092782	1.7847515843445726e-08	2.5059485843936107e-08	0.712205986770653
L6b	Type_2_Diabetes	0.16079742211204232	0.15501061644450703	0.030243529250821796	0.9640118256155681	0.18808466487571146	0.8468250754861983	-2.522276470201874e-09	3.5669655319302564e-09	-0.707121066246174
L6b	Parkinson Disease	0.16079742211204232	0.19121424928738726	0.034953993689473294	1.1891624055648775	0.21737906758926545	0.38073494028166355	-4.5368997278394437e-10	2.818504474266952e-09	-0.16096833513168074
L6b	PTSD	0.16079742211204232	0.19871370523826032	0.060013372236217215	1.2358015609217805	0.37322347241612114	0.5318459255955978	2.2403340600981704e-09	2.5893538429828775e-09	0.8652096993886922
L6b	Schizophrenia	0.16079742211204232	0.2028970787885126	0.009605512415471895	1.261817982673476	0.059736731405923	2.1633421265042856e-05	1.159907495584674e-08	5.376685305254751e-09	2.1572910254782274
L6b	Schizophrenia_PGC3	0.16079742211204232	0.20245902267684937	0.008934427735266695	1.2590937094487598	0.055563252307871326	9.658256895458082e-06	1.0345408903877643e-08	4.262923767497305e-09	2.4268341326570964
L6b	Cigarettes Per Day	0.16079742211204232	0.22651780167086788	0.026414692007567624	1.4087153804806158	0.16427310625143035	0.021023536881048726	3.75146495383093e-09	2.3052908948508217e-09	1.6273282309882597
L6b	STROKEall	0.16079742211204232	0.19448898820040308	0.02232214059766865	1.2095280238067794	0.1388215078604604	0.1339773841165101	4.507511726010826e-10	9.39529348030875e-10	0.4797627381686324
L6b	Education Years	0.16079742211204232	0.19860501162749622	0.007447835764235042	1.2351255947941124	0.046318129149144266	1.2528426443129814e-06	3.96218615272456e-09	1.3423334968835531e-09	2.951715175046606
L6b	Neuroticism	0.16079742211204232	0.197370599329036	0.008625246208167962	1.2274487783237582	0.05364045079129416	3.25738166130557e-05	3.6690429840526312e-09	1.2936113288755007e-09	2.836279261130177
Sncg	ADHD	0.1472012405641252	0.1737186648151619	0.011936594085769416	1.1801440269756758	0.08109030902201862	0.028169417945811254	4.15552486920693e-09	2.8712163406841364e-09	1.4473046876769922
Sncg	Drinks Per Week	0.1472012405641252	0.17448028022812276	0.010945018227946423	1.1853180011218316	0.0743541167588085	0.014626262552657008	3.38604367163392e-10	6.96122315104542e-10	0.48641504490851034
Sncg	Alzheimer Disease	0.1472012405641252	0.3212579055575211	0.08260082043257011	2.182440204487079	0.5611421487754837	0.03742513377368327	2.0136018555966886e-09	1.4507467579308369e-09	1.387976119601079
Sncg	Alzheimer Disease2	0.1472012405641252	0.31805507388375304	0.08057251781998737	2.160682020510546	0.5473630351972991	0.05919900477233446	2.2292290322369824e-09	1.5640232665558071e-09	1.4253170524413292
Sncg	Alzheimer Disease3	0.1472012405641252	0.22978952698949695	0.039767628049481495	1.5610569999876724	0.27015823981563214	0.03276489037655925	8.309555523446276e-10	1.1466632204108266e-09	0.7246727178071629
Sncg	Anorexia	0.1472012405641252	0.12970468540982277	0.015605537487264813	0.8811385346533108	0.1060149862016046	0.2612130875611149	-7.311533515273536e-09	5.245721310762921e-09	-1.3938089887223097
Sncg	AUD_NatMed2023	0.1472012405641252	0.16623081248827307	0.012456675569260346	1.129275893676032	0.08462344149765402	0.1334125346102475	3.283921031697653e-10	1.5658822325136914e-09	0.20971698659777338
Sncg	Autism	0.1472012405641252	0.20872455546472263	0.022835091500344476	1.4179537799057886	0.1551283903099773	0.008686345952532953	1.2733257416955436e-08	6.323471219066864e-09	2.0136499362188043
Sncg	BMI	0.1472012405641252	0.18622636510921414	0.010498815198304139	1.2651141009106404	0.07132287172356096	0.0003648851632013466	4.327419924531118e-09	3.3227535728263483e-09	1.3023595730724613
Sncg	Bipolar Disorder2	0.1472012405641252	0.19031767456553333	0.011329735071189648	1.2929080885199833	0.07696766024369259	0.00019231485188789368	3.853876967575091e-09	2.9985457643704455e-09	1.2852486739965516
Sncg	Bipolar Disorder	0.1472012405641252	0.21137181743105013	0.015845343355049498	1.4359377449605824	0.10764408842157006	7.482652194429725e-05	1.5572697748954e-08	6.849660076923563e-09	2.27349935238659
Sncg	Alcohol Use Disorder	0.1472012405641252	0.1539785747896807	0.017809186619650356	1.0460412847037324	0.12098530251103522	0.702511845493394	-9.439847366317473e-10	2.4027899678329367e-09	-0.3928702671765864
Sncg	epilepsyAll	0.1472012405641252	0.2195608230991702	0.02601165160285766	1.491569108098128	0.17670810044244306	0.0026512229137402817	6.4872979171930966e-09	3.789868792714791e-09	1.7117473643582422
Sncg	epilepsyFocal	0.1472012405641252	0.2411080165285097	0.0577550839407881	1.6379482645968322	0.3923546005417548	0.06388142091488799	7.108129704344583e-09	4.715787641553917e-09	1.507304875586458
Sncg	epilepsy	0.1472012405641252	0.2125646856320679	0.01925189525096202	1.4440414008567302	0.13078622963490125	0.000545165891515065	2.8706988333363015e-08	1.551559690848794e-08	1.8502019936892413
Sncg	GSCAN_AgeSmk	0.1472012405641252	0.18824848844939202	0.013634058404610246	1.2788512360898576	0.0926218987853628	0.002652945691688053	1.4136577433308451e-09	8.840099759667215e-10	1.5991422967652824
Sncg	GSCAN_CigDay	0.1472012405641252	0.18321826473099512	0.011405876902151283	1.2446788086081368	0.07748492375770805	0.001792597728716249	1.0511093262099887e-09	1.3542009231787228e-09	0.7761841749027274
Sncg	GSCAN_DrnkWk	0.1472012405641252	0.1771501928864683	0.01114828974706453	1.2034558418636183	0.07573502576704173	0.009042019600445865	3.472869413078154e-10	6.893262077405907e-10	0.503806379922969
Sncg	GSCAN_SmkCes	0.1472012405641252	0.17033693981831596	0.01052096076669128	1.157170545340018	0.07147331589306843	0.030213474041437895	7.011244427816363e-11	1.0876419086545242e-09	0.06446280133219284
Sncg	GSCAN_SmkInit	0.1472012405641252	0.17058896905093196	0.008922763468984104	1.1588826860234127	0.06061608879646014	0.010634950187344573	1.168973162309877e-09	7.856155318784428e-10	1.4879710429283501
Sncg	Height	0.1472012405641252	0.163105525950176	0.009964749943660589	1.1080445064532076	0.06769474160321122	0.10921013010648223	-1.8148486820019112e-08	7.970022685554735e-09	-2.277093495971138
Sncg	Insomnia	0.1472012405641252	0.1673104127866359	0.012499276139430507	1.1366100730227917	0.08491284510598573	0.11523720007984202	2.141659677655553e-10	9.664154515770846e-10	0.22160859226335816
Sncg	Intelligence	0.1472012405641252	0.17803023678384455	0.007742380213165638	1.2094343505637055	0.05259724838930844	7.638579033446552e-05	3.3800600762384768e-09	1.9429023449927646e-09	1.7396963285105635
Sncg	mdd2019edinburgh	0.1472012405641252	0.18473327476411985	0.010908327365204326	1.2549709095939623	0.07410486028106765	0.0008517068707405275	2.63968786940471e-09	1.0430843839170453e-09	2.530656109999476
Sncg	Depression_ex23andMe	0.1472012405641252	0.2056237388219614	0.014908434819664498	1.3968886269839935	0.101279274295042	0.00011495971428008504	5.92350011498769e-09	1.7047770522313357e-09	3.474647964808409
Sncg	Depression	0.1472012405641252	0.17559090476056816	0.009853156691844044	1.192862941152154	0.06693664166200908	0.004852047787069793	1.6660474733070168e-09	8.390137431339787e-10	1.9857213149856265
Sncg	STROKE1	0.1472012405641252	0.11096661628851265	0.02446904408181202	0.7538429422418645	0.16622851810241765	0.13251518068873142	-3.666721915095037e-09	1.5194503941985445e-09	-2.413189617176743
Sncg	STROKE2	0.1472012405641252	0.1206391572158339	0.02159280583795076	0.8195525849748524	0.14668902079357338	0.21812364962680508	-3.0940791861667165e-09	1.501650192832499e-09	-2.060452694598924
Sncg	OUD_MVP1	0.1472012405641252	0.13474316270238085	0.034006602372380505	0.9153670321391263	0.2310211669552216	0.7100410796161832	-5.500175829910593e-09	8.512308725824927e-09	-0.6461438379489193
Sncg	OUD_MVP12	0.1472012405641252	0.10909183921078873	0.034858881696704175	0.7411067922574002	0.23681105922146503	0.2451277105420361	-9.087533020287255e-09	6.135638367591665e-09	-1.4811063618559148
Sncg	OUD_MVP2	0.1472012405641252	0.36501221936653083	0.15314032084419296	2.4796816790923764	1.0403466727407131	0.03706411179666399	4.917173020195424e-08	2.6973858200621386e-08	1.822940190321809
Sncg	Type_2_Diabetes	0.1472012405641252	0.15477680807038297	0.030528310549177984	1.051464019441858	0.20739166621275146	0.8040461949190093	-2.0035859058261305e-09	4.028506094192075e-09	-0.49735208511033757
Sncg	Parkinson Disease	0.1472012405641252	0.13656911191224425	0.024390007718209535	0.9277714738603083	0.1656915908095525	0.6569462705973799	-4.855524979436333e-09	2.2263672219243187e-09	-2.180918283210957
Sncg	PTSD	0.1472012405641252	0.07360710637218487	0.0676993026872338	0.5000440627408941	0.4599098650784943	0.24201267116161665	-3.500499016594683e-09	2.9189742503122615e-09	-1.1992223008545595
Sncg	Schizophrenia	0.1472012405641252	0.18051223905074906	0.008785435768338415	1.2262956369047215	0.05968316390996189	0.00015875756097702597	6.167790556972591e-09	5.683965301992531e-09	1.0851210782040583
Sncg	Schizophrenia_PGC3	0.1472012405641252	0.18183407222972278	0.009051209385975699	1.2352754061913662	0.0614886759872973	0.0001909918819822914	6.7404607895615745e-09	4.810697001165303e-09	1.4011401649134878
Sncg	Cigarettes Per Day	0.1472012405641252	0.1809163189639603	0.013319879754571934	1.229040721875899	0.09048755094403842	0.010264298143798657	4.311217521624025e-10	1.3348343737055868e-09	0.3229777121828086
Sncg	STROKEall	0.1472012405641252	0.13779517330724875	0.020351313166506492	0.9361006250977967	0.13825503839854433	0.6431102015630185	-1.7395182753130931e-09	9.115983786979619e-10	-1.9082068550820055
Sncg	Education Years	0.1472012405641252	0.16861504549475748	0.007574884621031099	1.1454729922694082	0.05145938031501342	0.005400653546512833	1.1731139467624235e-09	1.4538001498515018e-09	0.8069293065365628
Sncg	Neuroticism	0.1472012405641252	0.1717165841008288	0.010086258455016607	1.1665430497919207	0.06852020007686507	0.017444417406420144	1.886801045984038e-09	1.590691680055519e-09	1.1861513262697045
Astro	ADHD	0.1301652916823725	0.13761280095872053	0.010694752045296234	1.0572157844851708	0.08216285545146255	0.48684321058098734	-9.127461823462541e-10	3.016815757617596e-09	-0.3025528423608664
Astro	Drinks Per Week	0.1301652916823725	0.14649825881392467	0.011733236135746694	1.1254786657829465	0.09014105053732734	0.17268670845493475	-9.475638134424453e-10	8.201450184085483e-10	-1.155361298519068
Astro	Alzheimer Disease	0.1301652916823725	0.2882846811706804	0.08022892397310978	2.2147584616807725	0.6163618806223956	0.049185752105094176	3.6782656674604216e-10	1.0775281733245617e-09	0.3413614380134164
Astro	Alzheimer Disease2	0.1301652916823725	0.29621311502822445	0.08141169366114283	2.275668968276424	0.6254485555166464	0.0630023577251694	9.826585756002647e-10	1.1706918123526502e-09	0.839382803596696
Astro	Alzheimer Disease3	0.1301652916823725	0.23620947365815256	0.047568321653086734	1.8146886209462625	0.36544551192004604	0.02002083544291535	-3.147571150413273e-10	1.214372518032909e-09	-0.25919321325813927
Astro	Anorexia	0.1301652916823725	0.1285048714764771	0.01602207376027216	0.9872437561162838	0.12309021516556806	0.917121354489323	-4.61733020952897e-09	5.680820943114752e-09	-0.8127927733975229
Astro	AUD_NatMed2023	0.1301652916823725	0.1497047302075682	0.013280472355447269	1.1501125090463866	0.1020277539718813	0.15029027369744782	-3.3925664339550414e-10	1.805363007290756e-09	-0.18791602687407144
Astro	Autism	0.1301652916823725	0.139336317084499	0.020246186856875147	1.07045676526816	0.155542131048879	0.6547105820236894	-7.008504344125494e-10	5.698469158667645e-09	-0.12298924762039333
Astro	BMI	0.1301652916823725	0.14354461901239451	0.0067004762428178625	1.1027872112227126	0.051476673667879676	0.04498893695550645	-5.286569510902721e-09	2.1462793127223583e-09	-2.463132118716269
Astro	Bipolar Disorder2	0.1301652916823725	0.14339540499310302	0.00951861126356822	1.1016408686196812	0.07312710739200279	0.16958369376406401	-6.034709967009003e-09	2.8398752822964775e-09	-2.124991194024904
Astro	Bipolar Disorder	0.1301652916823725	0.1397818775094217	0.01345098122095896	1.0738798008497952	0.10333769507298346	0.4768389744956918	-1.2951995701653242e-08	6.978233111397112e-09	-1.8560566113074606
Astro	Alcohol Use Disorder	0.1301652916823725	0.14427150732546015	0.01851294445769685	1.108371559428526	0.14222642778592523	0.45043446331260206	-1.0769092020724027e-09	2.5541717635557786e-09	-0.42162755748782865
Astro	epilepsyAll	0.1301652916823725	0.15829366709222292	0.02459788949541272	1.2160973562636719	0.18897425863290915	0.25029973847258724	-4.100563726541634e-09	4.123975820885731e-09	-0.9943229312292454
Astro	epilepsyFocal	0.1301652916823725	0.17721064081184632	0.05381093413670469	1.3614277548293996	0.41340462915424	0.3627184938054008	-1.0347528371442729e-09	5.725374030695977e-09	-0.18073104597124257
Astro	epilepsy	0.1301652916823725	0.14539211324632062	0.019031763233842387	1.116980658723559	0.14621227354741712	0.42048280553211326	-2.893761744476952e-08	1.7122475535118327e-08	-1.6900370151160822
Astro	GSCAN_AgeSmk	0.1301652916823725	0.1336927259570988	0.013249944702487861	1.02709965328802	0.10179322407097728	0.7906798157848872	-1.4467712790136784e-09	9.781056533663773e-10	-1.479156442899885
Astro	GSCAN_CigDay	0.1301652916823725	0.16667165664332764	0.018499091612805312	1.2804615922502403	0.14212000275731362	0.06235407273657111	4.618154269683936e-10	2.169188708133903e-09	0.21289776460512808
Astro	GSCAN_DrnkWk	0.1301652916823725	0.15041508849217494	0.012736481685446376	1.1555698646549781	0.0978485241405655	0.12187262702313723	-6.973130815102427e-10	8.272178612469729e-10	-0.8429618292563125
Astro	GSCAN_SmkCes	0.1301652916823725	0.17433558293734358	0.012507840165801833	1.3393400090306316	0.09609197662556072	0.0011524747330521215	1.974167897309671e-09	1.2999029130689453e-09	1.518704110485337
Astro	GSCAN_SmkInit	0.1301652916823725	0.1215388370060545	0.008753370366575839	0.9337269208648327	0.06724811394373616	0.32245123401022147	-1.5501034051598033e-09	8.789824377401516e-10	-1.7635203373859116
Astro	Height	0.1301652916823725	0.20987395969650607	0.014226821805742997	1.6123649936469817	0.10929812104181416	4.222550184703074e-07	4.574078822736261e-09	1.1114650831874498e-08	0.41153598902259325
Astro	Insomnia	0.1301652916823725	0.12662801810855084	0.014257508294351691	0.9728247559076404	0.10953387120387408	0.8033631427925501	-1.958332734956248e-09	1.1523886764671926e-09	-1.699368255647729
Astro	Intelligence	0.1301652916823725	0.13630268704071763	0.007376948756621196	1.0471507825090693	0.056673700502452844	0.4055473760142023	-4.4261191835064e-09	2.099609064466989e-09	-2.1080682391843375
Astro	mdd2019edinburgh	0.1301652916823725	0.12831882376972364	0.008886189787881782	0.9858144372529462	0.06826850439951178	0.8353404011946514	-5.187594563087105e-10	8.863951183676888e-10	-0.585246292041877
Astro	Depression_ex23andMe	0.1301652916823725	0.11917204572756618	0.014044103816760167	0.915543953286473	0.10789438286690425	0.43084714684371994	-2.0544498290014263e-09	1.7893429870680106e-09	-1.1481587620983809
Astro	Depression	0.1301652916823725	0.12116483967592129	0.008103533102453694	0.9308536715884754	0.06225571346797901	0.26689808167162504	-1.1386407048124306e-09	7.472870659570548e-10	-1.5236992003256031
Astro	STROKE1	0.1301652916823725	0.20210330317916717	0.025241957245708633	1.5526666177058688	0.19392233459057348	0.0039028129136535125	2.1278734663866836e-09	1.6858018183845845e-09	1.2622322761673808
Astro	STROKE2	0.1301652916823725	0.2008755951282591	0.02104653933476725	1.5432347020619972	0.16169087060569662	0.0007111577954018107	2.8047387665750157e-09	1.6018315751336756e-09	1.7509573478977998
Astro	OUD_MVP1	0.1301652916823725	0.1482424689093857	0.038781073880532445	1.1388786288062478	0.2979371334653901	0.6443675927496324	1.0974518578929443e-09	1.0950272006380652e-08	0.10022142438593912
Astro	OUD_MVP12	0.1301652916823725	0.14820376445398045	0.03508734905003247	1.1385812802972484	0.2695599464076193	0.6095848054491623	3.468492024951963e-10	6.999882593856985e-09	0.04955071715054008
Astro	OUD_MVP2	0.1301652916823725	0.07257017680764355	0.13517042981632532	0.5575232527018666	1.038452171613968	0.6239984743863635	-2.1853155820451032e-08	3.353667294399742e-08	-0.6516196719019628
Astro	Type_2_Diabetes	0.1301652916823725	0.21935514326754166	0.031067966699391013	1.685204561311236	0.2386808825750771	0.003630931572073653	5.2636250534016955e-09	4.385783605507878e-09	1.200156124162483
Astro	Parkinson Disease	0.1301652916823725	0.17333136993288634	0.027554183611875557	1.3316251029179658	0.2116861050725633	0.10189865540746866	-1.6571300320377363e-09	2.46173773148271e-09	-0.6731545813532472
Astro	PTSD	0.1301652916823725	0.10007989990620203	0.05747390001914318	0.768867788122932	0.44154550937733983	0.5787182108099422	-1.066303863535686e-09	2.9016463798420377e-09	-0.3674823613736607
Astro	Schizophrenia	0.1301652916823725	0.1545021867944348	0.009599768609385455	1.186969158963273	0.07375060191015186	0.011223742662230689	-6.369398673777786e-10	6.703607892320034e-09	-0.09501448736395914
Astro	Schizophrenia_PGC3	0.1301652916823725	0.14897656835312995	0.009506820043663267	1.1445183768086231	0.07303652087886588	0.0498266443498419	-3.044637554808922e-09	5.660026363306516e-09	-0.5379193239358487
Astro	Cigarettes Per Day	0.1301652916823725	0.16840965901999516	0.02228996412510094	1.2938138642284613	0.171243530721635	0.1030192666607807	4.873404938125526e-10	2.1861988063756048e-09	0.22291682366275337
Astro	STROKEall	0.1301652916823725	0.2176894320712716	0.023292965231880982	1.6724076691847642	0.17894912638247792	0.00021881461727699307	1.4018240719783676e-09	1.0793778173099663e-09	1.2987334457845394
Astro	Education Years	0.1301652916823725	0.13851807093515758	0.007368381960520565	1.064170556872929	0.05660788575268426	0.2585502930714173	-1.7266024460018843e-09	1.5242493549348745e-09	-1.1327558974598717
Astro	Neuroticism	0.1301652916823725	0.14113032659498545	0.008938866419893757	1.0842393142664304	0.06867319470774323	0.2212251986595507	-5.443806965688117e-11	1.602505414413058e-09	-0.033970599517019376
L2_3_IT	ADHD	0.14643511437960302	0.153141562808017	0.012334002545198803	1.0457980891866474	0.08422844887617208	0.5867434281089458	-5.644360660200864e-10	2.935267570282421e-09	-0.19229458729235316
L2_3_IT	Drinks Per Week	0.14643511437960302	0.1777034958341413	0.010527173364758911	1.2135306247207989	0.0718896789841634	0.003429647193942913	9.106009388603243e-10	6.685023339955968e-10	1.3621507249162754
L2_3_IT	Alzheimer Disease	0.14643511437960302	0.1905278922381835	0.030214611573528862	1.3011079551881184	0.20633446903454916	0.13496865550141626	-7.477685489824156e-10	6.282079835186834e-10	-1.1903200350846488
L2_3_IT	Alzheimer Disease2	0.14643511437960302	0.19674095056701257	0.023034833940404134	1.3435367015660054	0.15730403215099795	0.012369990023297115	-4.276843667103401e-10	6.257292842142401e-10	-0.6834974445017463
L2_3_IT	Alzheimer Disease3	0.14643511437960302	0.20754923089065228	0.021411422156730246	1.4173460496136427	0.1462178129026179	0.004368638997190616	2.6105024841048768e-11	7.79729646065407e-10	0.033479584844282
L2_3_IT	Anorexia	0.14643511437960302	0.12787763480566627	0.01391978292590318	0.8732716558281897	0.09505768466038136	0.17331393062012704	-5.352758186198438e-09	4.695193744790901e-09	-1.1400505446952163
L2_3_IT	AUD_NatMed2023	0.14643511437960302	0.17086611802380008	0.0103413268383448	1.1668384236096863	0.07062053990368068	0.019803228561020982	1.546968081046009e-09	1.3764424414491633e-09	1.1238886817652256
L2_3_IT	Autism	0.14643511437960302	0.14201887314671977	0.02014035915260133	0.9698416513580543	0.13753777048578375	0.8240230231879963	-4.234074285110151e-09	5.037767057730754e-09	-0.8404664678992473
L2_3_IT	BMI	0.14643511437960302	0.17351374263716432	0.007310608878122942	1.1849189545300283	0.04992387863454449	0.00024113830564501722	2.12246234881557e-09	2.177215690700997e-09	0.9748516685235727
L2_3_IT	Bipolar Disorder2	0.14643511437960302	0.20010663844718413	0.01223614881896216	1.3665208600749181	0.08356020938558803	3.461084964501485e-05	7.844297232635365e-09	3.2581757549902457e-09	2.4075733853893495
L2_3_IT	Bipolar Disorder	0.14643511437960302	0.19155260040116345	0.017300549218860012	1.308105649472862	0.11814481309456885	0.010147198607506385	7.672503339126896e-09	7.3926299006164984e-09	1.0378584404025228
L2_3_IT	Alcohol Use Disorder	0.14643511437960302	0.15080615942848527	0.017614454901863325	1.0298497055668712	0.1202884634364505	0.8041812099256626	-7.91704080790409e-10	2.3404797910757855e-09	-0.3382657196226025
L2_3_IT	epilepsyAll	0.14643511437960302	0.17902000334642174	0.02770813873959922	1.2225210060091807	0.18921785841455724	0.23712111296296265	3.892774006990555e-10	4.185877445455668e-09	0.0929978017205612
L2_3_IT	epilepsyFocal	0.14643511437960302	0.150793668645006	0.053899366196428634	1.0297644064667737	0.3680767855768909	0.935293701306985	-2.808804477165956e-09	5.0977295842427555e-09	-0.5509912659643736
L2_3_IT	epilepsy	0.14643511437960302	0.2177070264302043	0.02094825218473356	1.4867132610409513	0.1430548422315532	0.00018964148136238425	3.6512619259084236e-08	1.527718106389803e-08	2.3900102451078693
L2_3_IT	GSCAN_AgeSmk	0.14643511437960302	0.17038955952188822	0.012962661952233109	1.163584023161195	0.08852154080086327	0.06251917650574829	7.175717256398113e-10	8.445480111226817e-10	0.8496517855579612
L2_3_IT	GSCAN_CigDay	0.14643511437960302	0.19381363702953777	0.022728042054212003	1.323546185289381	0.1552089616653982	0.046350271266444004	2.8980954755527187e-09	2.4804846606875047e-09	1.1683585556822056
L2_3_IT	GSCAN_DrnkWk	0.14643511437960302	0.18485923048523994	0.010426467820058119	1.262396872966072	0.07120196453037649	0.00025351819830271376	1.3320783813641627e-09	6.228014273069325e-10	2.1388492751601875
L2_3_IT	GSCAN_SmkCes	0.14643511437960302	0.18618247978938163	0.013249970978418598	1.271433293702641	0.09048356355341632	0.004675911101648326	1.9536532032937173e-09	1.3195832669674318e-09	1.4805077119411023
L2_3_IT	GSCAN_SmkInit	0.14643511437960302	0.16118971908681648	0.008867479622516244	1.1007586518419699	0.06055569157769851	0.09506511719028277	9.166242071676106e-10	8.176114374259628e-10	1.1211000301724787
L2_3_IT	Height	0.14643511437960302	0.15130937142270387	0.010707459657973359	1.0332861217321505	0.07312084743701885	0.6485540166500252	-2.0245822734245158e-08	8.157711696258029e-09	-2.4818016973475525
L2_3_IT	Insomnia	0.14643511437960302	0.17444742725896567	0.012691059331024695	1.1912950524062587	0.08666677650912147	0.030127168763159514	1.1882272738456218e-09	9.83585093146376e-10	1.2080574239333162
L2_3_IT	Intelligence	0.14643511437960302	0.17800015419397208	0.008406060262292018	1.215556493728295	0.05740467576991834	0.00023751669385351645	4.7326041311805075e-09	2.119141880213856e-09	2.2332644054502433
L2_3_IT	mdd2019edinburgh	0.14643511437960302	0.17087096219008518	0.011062911990678695	1.1668715042427409	0.0755482183187317	0.029585211222115205	1.67072381910912e-09	1.061727723173844e-09	1.5735897091532955
L2_3_IT	Depression_ex23andMe	0.14643511437960302	0.1810406539481409	0.014342330260399239	1.2363199545078383	0.09794324483688856	0.016166619010033148	3.6009197963540616e-09	1.6908602315045244e-09	2.1296377602718644
L2_3_IT	Depression	0.14643511437960302	0.16891451171275823	0.010251963483037004	1.1535109760277988	0.07001028084330163	0.030939584998756032	1.468885127178359e-09	8.721641324580041e-10	1.6841842865500867
L2_3_IT	STROKE1	0.14643511437960302	0.15478127856591906	0.024100267934125168	1.0569956476742342	0.16457984163313563	0.7292541392575576	-2.694446372077609e-10	1.582927647473215e-09	-0.1702191743494203
L2_3_IT	STROKE2	0.14643511437960302	0.1398502710506186	0.020239498394821406	0.9550323475562387	0.1382147887176477	0.7451898487584729	-1.2111987284853552e-09	1.4751194035753356e-09	-0.8210852121866881
L2_3_IT	OUD_MVP1	0.14643511437960302	0.1813714861618606	0.03657044586963719	1.2385791955042436	0.2497382272317267	0.3485229374490183	7.83521945738994e-09	9.240098515029075e-09	0.8479584329805477
L2_3_IT	OUD_MVP12	0.14643511437960302	0.16436390288608393	0.03679839353878156	1.1224350360392672	0.2512948734644975	0.6308948733682114	1.6078854118263525e-09	6.63121421895396e-09	0.24247224697258962
L2_3_IT	OUD_MVP2	0.14643511437960302	0.18548788948004824	0.10664159787289498	1.266689962075687	0.7282515421570847	0.7135114928809873	-1.3317586942868748e-09	2.6921590953372212e-08	-0.049468053228854884
L2_3_IT	Type_2_Diabetes	0.14643511437960302	0.18955834436212926	0.030751528929591578	1.2944869484701471	0.21000105787382758	0.1590168247317569	4.5898578934173425e-09	4.029084570709066e-09	1.139181323416497
L2_3_IT	Parkinson Disease	0.14643511437960302	0.23151290659513546	0.03211664568246704	1.5809931079439437	0.2193233898749942	0.006646751992374877	4.1153242600768465e-09	2.5958008107619216e-09	1.5853775231963632
L2_3_IT	PTSD	0.14643511437960302	0.14857602262130915	0.058097226613682225	1.0146201834906636	0.39674381967618144	0.9705119043834662	5.780070481422642e-10	2.728754193034814e-09	0.21182085569218212
L2_3_IT	Schizophrenia	0.14643511437960302	0.1739133040307092	0.009824879422396519	1.1876475445628063	0.0670937395311314	0.005901042411238616	4.732181017938067e-09	6.098263352977966e-09	0.7759883009360691
L2_3_IT	Schizophrenia_PGC3	0.14643511437960302	0.1777395310074088	0.010619912225412803	1.2137767075911554	0.0725229892461644	0.004111095626394471	7.085106425666766e-09	5.644845712776944e-09	1.2551461609712085
L2_3_IT	Cigarettes Per Day	0.14643511437960302	0.19876819339953	0.029121273024483498	1.3573806681658622	0.19886810037237768	0.08556138511078247	2.7061145495503583e-09	2.698667643262477e-09	1.0027594751456237
L2_3_IT	STROKEall	0.14643511437960302	0.14478460198883047	0.01657158647500859	0.988728711704394	0.11316675337890712	0.9207034559023177	-9.037125205914341e-10	7.854492251702704e-10	-1.1505677154312888
L2_3_IT	Education Years	0.14643511437960302	0.17763426355469558	0.006972561248301272	1.2130578400356569	0.04761536382746515	1.892940757787355e-05	3.796293335892384e-09	1.3514083925665366e-09	2.8091384934221306
L2_3_IT	Neuroticism	0.14643511437960302	0.16858246292572593	0.007826203111984377	1.1512434270970722	0.05344485265806226	0.004544563137508253	2.1290666853473344e-09	1.253171678556279e-09	1.698942548558178
L5_ET	ADHD	0.15046553866454493	0.1599817322566675	0.011926766436279705	1.0632450039828618	0.07926576771090295	0.42467692916121313	1.5092674824939316e-09	2.8125473438554805e-09	0.5366194051066198
L5_ET	Drinks Per Week	0.15046553866454493	0.1769622170850736	0.011145437848664118	1.176097986659933	0.07407302660519689	0.018025171395642383	6.842823816691313e-10	7.112528872045632e-10	0.9620802867438133
L5_ET	Alzheimer Disease	0.15046553866454493	0.20419765618659608	0.029735076719094367	1.3571058064122183	0.19762051153378826	0.060935406497420644	-5.999068727915211e-10	7.217560631899591e-10	-0.8311767692537299
L5_ET	Alzheimer Disease2	0.15046553866454493	0.1966474328060211	0.02032133270166654	1.3069267192432434	0.13505639153010238	0.008384623891514266	-6.101596825950454e-10	6.013442155467914e-10	-1.0146596023048766
L5_ET	Alzheimer Disease3	0.15046553866454493	0.20506558444684775	0.02361963350132345	1.36287409241282	0.1569770308268539	0.024338049494047817	-3.790574291878451e-10	8.370139353150482e-10	-0.4528687196171586
L5_ET	Anorexia	0.15046553866454493	0.13352933994444413	0.017654706363085897	0.8874413445735294	0.11733388601655921	0.3292762388906221	-4.027535285726704e-09	5.893593909759295e-09	-0.6833750929220699
L5_ET	AUD_NatMed2023	0.15046553866454493	0.1599054224966009	0.011894346983605721	1.06273784625928	0.0790503067291943	0.42619547290348214	-6.70276093192711e-11	1.516444973190347e-09	-0.044200488975380495
L5_ET	Autism	0.15046553866454493	0.1670590809726629	0.020843020098153097	1.1102813471801833	0.13852354687422164	0.43959186023909325	3.37850985313187e-09	5.513071635683841e-09	0.6128180579523342
L5_ET	BMI	0.15046553866454493	0.17389725837969455	0.008172602844495006	1.1557281482731365	0.054315446028578	0.00416569984322618	1.6840324454356347e-09	2.459484950523181e-09	0.6847093921340758
L5_ET	Bipolar Disorder2	0.15046553866454493	0.18575340147660133	0.010735112723969077	1.2345245504402762	0.07134598938234256	0.0016336922195811707	3.223902011407549e-09	2.893713830330174e-09	1.114105333297488
L5_ET	Bipolar Disorder	0.15046553866454493	0.18193762570559768	0.016761007759882113	1.2091647517457011	0.1113943292839293	0.06655355122453681	3.206110943447509e-09	7.361951161915835e-09	0.4354974480180018
L5_ET	Alcohol Use Disorder	0.15046553866454493	0.18127475380249647	0.018901518974593075	1.204759278512531	0.12562025259972004	0.11445002496886039	3.096841498088408e-09	2.5000069315291063e-09	1.2387331647093687
L5_ET	epilepsyAll	0.15046553866454493	0.19430452593649017	0.029175512107891082	1.2913556662943397	0.1939016227026998	0.1363240225711689	1.6673532579180256e-09	4.3388118027097175e-09	0.384287987987106
L5_ET	epilepsyFocal	0.15046553866454493	0.14512665824155108	0.053805456678564276	0.9645175867485737	0.35759322138553423	0.9197855437308176	-4.1909884940076064e-09	4.779782770239594e-09	-0.8768156829431658
L5_ET	epilepsy	0.15046553866454493	0.1883253160886449	0.017608266490911677	1.2516175980236004	0.11702524476497166	0.030525461227073385	9.486629860599227e-09	1.4508082677456182e-08	0.6538858422236806
L5_ET	GSCAN_AgeSmk	0.15046553866454493	0.16693138697313858	0.014107129240107182	1.1094326877418983	0.09375654628504863	0.2413070001309593	3.190996410886281e-10	9.689406023123395e-10	0.329328382283815
L5_ET	GSCAN_CigDay	0.15046553866454493	0.1601499215210705	0.01335630281713302	1.064362796574413	0.08876652378794989	0.4571678380961759	-1.1668855594550515e-09	1.8693387851364608e-09	-0.6242236927480588
L5_ET	GSCAN_DrnkWk	0.15046553866454493	0.17852641111314793	0.011684014297224895	1.1864936828569315	0.07765242726624463	0.016837923005048654	8.297793849882808e-10	6.792303849635602e-10	1.22164644479619
L5_ET	GSCAN_SmkCes	0.15046553866454493	0.16833935827362312	0.0104681616477353	1.118790121430575	0.06957182183139968	0.08951746354319345	-8.285038432043609e-11	1.1244805010202625e-09	-0.07367880923258728
L5_ET	GSCAN_SmkInit	0.15046553866454493	0.151679817287192	0.009987922682502365	1.008070144389369	0.06638013442247342	0.9032292451459131	1.1674527033220838e-10	8.712003030236245e-10	0.1340050846252318
L5_ET	Height	0.15046553866454493	0.15914632685501	0.009685039443240914	1.0576928662038585	0.0643671602760364	0.367642662451808	-2.0194157008960407e-08	7.672773617414183e-09	-2.6319239972267137
L5_ET	Insomnia	0.15046553866454493	0.16873810905221664	0.012342284847712224	1.121440235085387	0.08202731972553998	0.14188087897680382	6.734177777604447e-10	8.865773710578366e-10	0.7595702301277365
L5_ET	Intelligence	0.15046553866454493	0.15948374769469056	0.008023352834989204	1.0599353786268049	0.05332352448408038	0.2629819587765152	-4.5549071779839055e-10	1.9947650050166136e-09	-0.22834304625000024
L5_ET	mdd2019edinburgh	0.15046553866454493	0.16317421510865904	0.010320761511199612	1.0844623729586842	0.06859219461679668	0.22177124968634107	9.598913323492376e-10	9.41417697725482e-10	1.0196232072844913
L5_ET	Depression_ex23andMe	0.15046553866454493	0.16494742614488409	0.01430773457179861	1.096247204568388	0.09508977735890048	0.3139850827974387	1.5752774926806018e-09	1.6497575277807562e-09	0.954853950446679
L5_ET	Depression	0.15046553866454493	0.15915421409704827	0.009697683378706062	1.0577452851305327	0.06445119237785431	0.3726330265700665	6.06591426354307e-10	7.852338295009606e-10	0.7724978262077855
L5_ET	STROKE1	0.15046553866454493	0.18071542950732175	0.024200577778195568	1.201041986831399	0.16083800977278587	0.21356302516834877	1.0510888504053083e-09	1.578671748464793e-09	0.6658058278596917
L5_ET	STROKE2	0.15046553866454493	0.17019626764945017	0.02260776471510544	1.1311312155595565	0.1502521103221401	0.3838562361925405	5.570914344512235e-10	1.6143805213462745e-09	0.34508062200022727
L5_ET	OUD_MVP1	0.15046553866454493	0.22059872986755366	0.03887960406062701	1.4661079993829487	0.2583954067203857	0.06767320398019594	1.6663685650157458e-08	9.656078717705385e-09	1.725719739587761
L5_ET	OUD_MVP12	0.15046553866454493	0.2079045991121354	0.03501055249827216	1.381742297654268	0.23268153498141764	0.10742971583434902	9.383976648216848e-09	6.585128586969651e-09	1.4250255745628764
L5_ET	OUD_MVP2	0.15046553866454493	0.10093650984920433	0.10969963194934547	0.6708280895749624	0.72906815024213	0.6296887286393009	-1.911261108096762e-08	2.5019362132239965e-08	-0.7639128040094635
L5_ET	Type_2_Diabetes	0.15046553866454493	0.20109056941758838	0.030469392483733967	1.3364559832262277	0.20250080353391675	0.10356602485289759	4.88680779926555e-09	4.056363414971646e-09	1.2047263273376378
L5_ET	Parkinson Disease	0.15046553866454493	0.21676173761757028	0.033569486866668975	1.4406071951188058	0.22310415504184247	0.05138528683166648	2.4654635601741166e-09	2.972490804993698e-09	0.8294268079928825
L5_ET	PTSD	0.15046553866454493	0.05810578417151879	0.07481662230593984	0.3861733702430203	0.4972342701855446	0.16104970051020823	-4.027940026435532e-09	2.9896720574517003e-09	-1.3472849025015867
L5_ET	Schizophrenia	0.15046553866454493	0.18411658624342025	0.009478663080239404	1.2236462108037813	0.06299557469681871	0.0004510545193821085	1.0676742707443321e-08	5.555179272526116e-09	1.921943862414411
L5_ET	Schizophrenia_PGC3	0.15046553866454493	0.17639493472264023	0.009155282052261718	1.172327805344874	0.060846371425107126	0.005010999438649395	5.676699978145179e-09	4.526501460582934e-09	1.2541032025678656
L5_ET	Cigarettes Per Day	0.15046553866454493	0.16054849243251332	0.017198614553203085	1.0670117148249327	0.11430268156980782	0.5455534601126248	-1.0489624351525289e-09	1.901145306266248e-09	-0.5517528995259375
L5_ET	STROKEall	0.15046553866454493	0.1749209889074827	0.01963806446651877	1.162531902387695	0.1305153634567501	0.215808869609629	4.625342457871723e-11	8.667505072527563e-10	0.053364173648218126
L5_ET	Education Years	0.15046553866454493	0.1658518504391928	0.0071376805049755436	1.1022580446739425	0.0474373106847318	0.03328710344665658	1.2082737611638628e-09	1.313056933602624e-09	0.9201990639116702
L5_ET	Neuroticism	0.15046553866454493	0.1772398987610354	0.00966050689555429	1.1779434702067064	0.0642041159809482	0.006195150248386488	3.410009879379737e-09	1.5187755556589765e-09	2.245236214576932
Micro.PVM	ADHD	0.11926925619665572	0.08987800923733914	0.010926727637574822	0.7535723127940434	0.09161394969679709	0.006687319541202977	-4.3017772017654586e-09	3.3813654982370917e-09	-1.2722011873629848
Micro.PVM	Drinks Per Week	0.11926925619665572	0.11175684073157108	0.010435181945958404	0.9370129763138801	0.08749263874633774	0.4691962139222753	-1.246896302000284e-09	8.399243676985136e-10	-1.4845340246728629
Micro.PVM	Alzheimer Disease	0.11926925619665572	0.46765062422413095	0.09139302191475603	3.920965378144479	0.7662747704577255	0.0001869726660445518	4.589713889211239e-09	1.5419483108272753e-09	2.976567928369011
Micro.PVM	Alzheimer Disease2	0.11926925619665572	0.4065523429387255	0.07329961857296978	3.4086935384956742	0.6145726141874361	0.002947967582893468	3.4408776681903786e-09	1.5188760684613275e-09	2.265410417372698
Micro.PVM	Alzheimer Disease3	0.11926925619665572	0.38986969540220007	0.057010095771210856	3.2688197095768583	0.47799489649881294	7.749002653805861e-07	5.347318595865078e-09	1.7943730064445515e-09	2.9800485053330616
Micro.PVM	Anorexia	0.11926925619665572	0.10209756506153869	0.013646298815000506	0.8560258386553221	0.11441589601682403	0.2038114530202084	1.55124527676276e-10	5.818507164156878e-09	0.026660537368050848
Micro.PVM	AUD_NatMed2023	0.11926925619665572	0.11185391982814097	0.0101940837407038	0.9378269253537721	0.08547117728222774	0.46487349863269245	-1.5674103685840461e-09	1.4592161953949138e-09	-1.0741454032175481
Micro.PVM	Autism	0.11926925619665572	0.1085964560378434	0.022979556047483404	0.910515077404234	0.19266956783560243	0.6207612080739263	8.771068776847241e-10	6.850926002486931e-09	0.1280274925413482
Micro.PVM	BMI	0.11926925619665572	0.11626029297024504	0.007866918125684177	0.9747716777788117	0.06595931237059868	0.7022178288848879	-3.679584894960239e-09	2.6706504614882824e-09	-1.3777860292917943
Micro.PVM	Bipolar Disorder2	0.11926925619665572	0.11107941573280525	0.010275463791165241	0.9313331806953944	0.08615349939151681	0.421057967880868	-9.12579704268898e-09	3.242351817478523e-09	-2.8145610212607437
Micro.PVM	Bipolar Disorder	0.11926925619665572	0.10495991434123161	0.014254709178099803	0.8800248923173436	0.11951704599042767	0.3125276714434185	-1.9169775737859066e-08	7.670373134704646e-09	-2.4991972882160467
Micro.PVM	Alcohol Use Disorder	0.11926925619665572	0.09315591224809988	0.01807856439629475	0.7810555311462732	0.15157774075899424	0.1330562615798302	-3.80657376068934e-09	2.936051363913947e-09	-1.2964942669173645
Micro.PVM	epilepsyAll	0.11926925619665572	0.1629831834078708	0.02541136058477217	1.3665146292112182	0.21305876631671908	0.08414287098513754	-1.0103729862386391e-09	4.661769324913644e-09	-0.21673594633671744
Micro.PVM	epilepsyFocal	0.11926925619665572	0.24462071400314717	0.06400548323702404	2.0509955524482115	0.5366469556202258	0.025558377637127493	9.656403243687303e-09	6.650507413927916e-09	1.4519799231355262
Micro.PVM	epilepsy	0.11926925619665572	0.14127154457907307	0.016247028429380257	1.1844757742610479	0.1362214282831741	0.17383448145278804	-1.6308460501686015e-08	1.527164524982623e-08	-1.0678915228122905
Micro.PVM	GSCAN_AgeSmk	0.11926925619665572	0.10996748548172625	0.012881744885985973	0.922010323434965	0.10800557743687156	0.46924907025117335	-5.423107432083788e-10	1.1434393336925903e-09	-0.4742802938718716
Micro.PVM	GSCAN_CigDay	0.11926925619665572	0.13536566633101657	0.01610822445854433	1.1349585857047726	0.13505764161037837	0.3215593357501283	3.8171626488917383e-10	1.7580290503079605e-09	0.21712739321475216
Micro.PVM	GSCAN_DrnkWk	0.11926925619665572	0.10601086913268604	0.010978616069833325	0.8888365075228712	0.09204900256719437	0.2227819997706786	-1.5926113383590345e-09	8.034784334664533e-10	-1.9821457204370985
Micro.PVM	GSCAN_SmkCes	0.11926925619665572	0.11979913916043453	0.012631094949493943	1.0044427456049958	0.10590403052960529	0.9661453379479457	-1.1668635720146575e-09	1.4724361893012798e-09	-0.7924714024913863
Micro.PVM	GSCAN_SmkInit	0.11926925619665572	0.09116428827652079	0.007160650345194163	0.7643569783499413	0.06003768761152839	9.87026469064871e-05	-1.678356291565308e-10	8.483756479520739e-10	-0.19783173828913592
Micro.PVM	Height	0.11926925619665572	0.18060537414165773	0.010750150612020708	1.5142659550409927	0.09013345898875606	1.5346204834194905e-08	-1.3498675041503805e-08	9.56758949360803e-09	-1.410875231480414
Micro.PVM	Insomnia	0.11926925619665572	0.10043029726480959	0.012045024399044549	0.842046814639443	0.10099018626547189	0.11633547279924192	-1.79399880726695e-09	1.0503714963859634e-09	-1.7079660038753925
Micro.PVM	Intelligence	0.11926925619665572	0.11061324587460501	0.007503323109177177	0.9274246306376025	0.06291078982504435	0.24846456407494186	-1.1171846800910476e-09	2.3222021843360443e-09	-0.4810884631953221
Micro.PVM	mdd2019edinburgh	0.11926925619665572	0.0814496901121757	0.008228717952657139	0.6829059953042579	0.06899278334635804	4.227107003989928e-06	-1.8176477374713578e-09	9.384981860485516e-10	-1.9367621211122137
Micro.PVM	Depression_ex23andMe	0.11926925619665572	0.06545891692568703	0.013795916765377336	0.548833111005202	0.1156703513152635	3.948784600783673e-05	-5.655447694116958e-09	1.7237624733432859e-09	-3.280874123653509
Micro.PVM	Depression	0.11926925619665572	0.08098873848684332	0.007160592270623621	0.6790411969477363	0.0600372006916599	2.1656568132664972e-07	-1.4962792458368205e-09	7.427665022677985e-10	-2.0144678593722434
Micro.PVM	STROKE1	0.11926925619665572	0.1405354480577924	0.024317487429732606	1.1783040536957166	0.20388730679796477	0.381921694075419	-1.5612309495758266e-09	1.9798778669930465e-09	-0.7885491199247341
Micro.PVM	STROKE2	0.11926925619665572	0.14299825961125057	0.022633158240045755	1.1989532271038024	0.18976523340371415	0.29699129791239287	-7.610388019574581e-10	1.9784080858527864e-09	-0.3846723066891504
Micro.PVM	OUD_MVP1	0.11926925619665572	0.10414357098757548	0.03586646514315235	0.873180350985501	0.30071844402227466	0.6709265451011637	-5.868464138519046e-09	1.0893725155953099e-08	-0.5387013215871436
Micro.PVM	OUD_MVP12	0.11926925619665572	0.1490823465986299	0.036304574549583295	1.2499645872932854	0.3043917242992018	0.40757254697071243	5.899126761789723e-09	7.963468177878817e-09	0.7407735712659104
Micro.PVM	OUD_MVP2	0.11926925619665572	0.07922437053371256	0.11084011409169046	0.664248047318115	0.9293267823263107	0.7044056305131365	-3.896494333881795e-09	3.253006215874712e-08	-0.11978133687131778
Micro.PVM	Type_2_Diabetes	0.11926925619665572	0.12463466497872719	0.03167177513193375	1.044985681584404	0.26554852559583425	0.8656171960767887	-4.298176217076646e-09	4.961329599433685e-09	-0.8663355519793052
Micro.PVM	Parkinson Disease	0.11926925619665572	0.20453940743870103	0.042986760174215224	1.7149382327114424	0.36041777692766863	0.054348945087877895	2.0479872453373632e-09	4.9491801241569955e-09	0.41380333589822643
Micro.PVM	PTSD	0.11926925619665572	0.04246093972782533	0.0641167416075225	0.3560090930542411	0.5375797892275302	0.18478316164250178	-2.1209969811699392e-09	3.320325639012626e-09	-0.6387918571145528
Micro.PVM	Schizophrenia	0.11926925619665572	0.10351282727044217	0.007823872939704176	0.8678919494539837	0.06559840472890914	0.04569509406093122	-1.562739841759088e-08	5.673834943276867e-09	-2.754292039479991
Micro.PVM	Schizophrenia_PGC3	0.11926925619665572	0.10088239294323531	0.007956327581510911	0.8458373612802326	0.06670895614870116	0.02035248943639889	-1.4637989187189121e-08	4.515813925670421e-09	-3.241495205101028
Micro.PVM	Cigarettes Per Day	0.11926925619665572	0.1404409928162103	0.0165001901922862	1.1775121040802485	0.13834403532357117	0.20893420513984842	1.2769662507481388e-09	1.4779695076649393e-09	0.864000403340954
Micro.PVM	STROKEall	0.11926925619665572	0.18543637358233112	0.0229533629145015	1.5547709401035965	0.19244995438434792	0.0038996012016762546	9.66254811771913e-10	1.2094445663950615e-09	0.7989244307839478
Micro.PVM	Education Years	0.11926925619665572	0.10031882901621345	0.006885605090185883	0.8411122213322427	0.057731600831253886	0.006011687217391841	-2.6191821751319274e-09	1.470405820211434e-09	-1.7812648311983064
Micro.PVM	Neuroticism	0.11926925619665572	0.09360371723403656	0.007236841755756525	0.7848101029463884	0.060676506138548754	0.00044614159193732294	-1.9513459062686897e-09	1.3717157556530567e-09	-1.422558498892271
L5_6_NP	ADHD	0.14267946887509628	0.16327562442635749	0.012496562535661768	1.1443526227960057	0.08758486861625091	0.10165492239578601	3.758065343916995e-09	3.0866768488187288e-09	1.2175117538964944
L5_6_NP	Drinks Per Week	0.14267946887509628	0.17868688035924699	0.010372879334358128	1.2523657521859164	0.07270057434429267	0.0008177165118740684	1.2694126153631784e-09	6.925111369751124e-10	1.8330573294575028
L5_6_NP	Alzheimer Disease	0.14267946887509628	0.3446038311474631	0.09860449128226502	2.415230683604061	0.6910909611570313	0.04068137502950261	2.654545822810744e-09	1.8315877971146846e-09	1.4493139924782596
L5_6_NP	Alzheimer Disease2	0.14267946887509628	0.33154385161154215	0.09931025311068023	2.323696984755253	0.6960374459875366	0.08259767294608567	2.673401938760147e-09	2.053367113416053e-09	1.3019600446958473
L5_6_NP	Alzheimer Disease3	0.14267946887509628	0.28836903381275186	0.05475489103305337	2.021096911043273	0.3837615283036035	0.00512605757561711	3.1713649260086074e-09	1.6562799986853565e-09	1.9147516896453638
L5_6_NP	Anorexia	0.14267946887509628	0.12483065752139653	0.014861070311887074	0.8749027348193673	0.10415703414831656	0.2225593011022256	-6.859656838355361e-09	4.994851303699742e-09	-1.3733455555071954
L5_6_NP	AUD_NatMed2023	0.14267946887509628	0.16817236709133718	0.010890626200043853	1.1786725057026795	0.07632931553437215	0.02219576141122986	1.8183228714614116e-09	1.4155594886133817e-09	1.2845259320345193
L5_6_NP	Autism	0.14267946887509628	0.1119699825928176	0.02092325002964335	0.7847659055335969	0.14664513538356297	0.10045971389368587	-1.1446864124215408e-08	4.922156653205252e-09	-2.325578995288852
L5_6_NP	BMI	0.14267946887509628	0.1708993425153924	0.009340907957928319	1.1977851043516305	0.06546777915262278	0.0034160337477787427	2.408020211530387e-09	3.2115542184108176e-09	0.7497990218337197
L5_6_NP	Bipolar Disorder2	0.14267946887509628	0.17621729688495844	0.01041739210361524	1.2350571408365816	0.07301255174095707	0.0017792465387699154	2.557883643140607e-09	2.8284016187353563e-09	0.9043565900249682
L5_6_NP	Bipolar Disorder	0.14267946887509628	0.18292532595527922	0.014721625860175247	1.282071817322328	0.10317970746767201	0.007751636445657471	7.397724087593575e-09	6.632470485682732e-09	1.1153798729391662
L5_6_NP	Alcohol Use Disorder	0.14267946887509628	0.17258691128036308	0.0180301777045384	1.2096127960179626	0.12636841058276077	0.0990612764536332	2.818184263480753e-09	2.32849798366003e-09	1.2103013544598453
L5_6_NP	epilepsyAll	0.14267946887509628	0.17325540153225857	0.026004458242390772	1.2142980549214752	0.18225788508615393	0.23864071227148348	-1.3124076333245574e-10	3.932188133675611e-09	-0.03337601327070241
L5_6_NP	epilepsyFocal	0.14267946887509628	0.19779769324540222	0.05812838945490039	1.3863080287925467	0.40740542359172116	0.30434530537983806	2.924282284384232e-09	5.11827938263313e-09	0.5713408873901326
L5_6_NP	epilepsy	0.14267946887509628	0.2005615081640511	0.018660222231642043	1.4056788250286074	0.1307842142864821	0.0011059636651622408	2.5603263843692384e-08	1.486734764605678e-08	1.7221137524475025
L5_6_NP	GSCAN_AgeSmk	0.14267946887509628	0.16282694411416548	0.012505618896342514	1.1412079495243048	0.08764834208410265	0.1103833536279899	1.575917146784496e-10	8.822456258728343e-10	0.17862566847247213
L5_6_NP	GSCAN_CigDay	0.14267946887509628	0.1943430147354821	0.02078060357378186	1.3620951652519317	0.14564536676242823	0.018022797656121702	3.3296658642942737e-09	2.437000552741049e-09	1.3662967210036894
L5_6_NP	GSCAN_DrnkWk	0.14267946887509628	0.1838379655825403	0.011188298052005373	1.288468250070897	0.07841561326388014	0.00046053770600503597	1.4713429065205331e-09	7.146616686012559e-10	2.058796450354281
L5_6_NP	GSCAN_SmkCes	0.14267946887509628	0.18399647847673092	0.01327133038507131	1.2895792220659594	0.09301499710998525	0.0036775836621586026	2.5276770551897e-09	1.3798641483927454e-09	1.831830371224528
L5_6_NP	GSCAN_SmkInit	0.14267946887509628	0.15217006631391644	0.008267299059021897	1.0665169103420786	0.05794315835489417	0.25073180285201785	3.7378961671898063e-10	7.350031317368087e-10	0.5085551347729874
L5_6_NP	Height	0.14267946887509628	0.15360428488412184	0.010550927176000641	1.0765689422252427	0.0739484612550463	0.29981316852526885	-1.6839158833119194e-08	7.892101236514359e-09	-2.1336724312670383
L5_6_NP	Insomnia	0.14267946887509628	0.162467094131695	0.012653512012627577	1.1386858628827747	0.08868488306264055	0.11745441272232299	4.947241590117803e-10	9.456939944897615e-10	0.5231334468595237
L5_6_NP	Intelligence	0.14267946887509628	0.1718975424178407	0.008484211473709286	1.2047812048440014	0.05946343605425452	0.0007117607683194324	4.000544548734448e-09	2.2110560233977735e-09	1.8093365823389367
L5_6_NP	mdd2019edinburgh	0.14267946887509628	0.1562232150208041	0.009588055323590803	1.0949242820462433	0.06719996506283836	0.1618817930173776	7.583985441489698e-10	9.075932144745206e-10	0.8356150443324638
L5_6_NP	Depression_ex23andMe	0.14267946887509628	0.13503242771592308	0.013096681907649715	0.9464040536493199	0.09179093538058195	0.5582741087590116	-1.8122129350604196e-09	1.5435978794612738e-09	-1.1740188031956187
L5_6_NP	Depression	0.14267946887509628	0.15825630117701436	0.009130356852308598	1.1091736072802056	0.06399208606741764	0.09066650546683412	9.444338235070546e-10	7.808318030862531e-10	1.2095227419966263
L5_6_NP	STROKE1	0.14267946887509628	0.1678209274827243	0.02137204606238104	1.1762093649902583	0.14979061970780425	0.2457999337492276	7.653574366963821e-10	1.4099358009736202e-09	0.5428314084711308
L5_6_NP	STROKE2	0.14267946887509628	0.1625788087752614	0.019516345819592256	1.1394688391893673	0.13678454211710836	0.3135585291846455	6.669297664343781e-10	1.4046540803230848e-09	0.47480000647631154
L5_6_NP	OUD_MVP1	0.14267946887509628	0.16201989229613395	0.03935381611723315	1.1355515518351738	0.2758197547797438	0.6242610596474871	4.312534902776036e-09	1.0232238168494581e-08	0.4214654537708554
L5_6_NP	OUD_MVP12	0.14267946887509628	0.14115801596559593	0.03732804825325173	0.9893365673316864	0.2616217213839593	0.9672762296521611	-2.3062240830758673e-09	7.0994960513430854e-09	-0.32484335034450434
L5_6_NP	OUD_MVP2	0.14267946887509628	0.2889199142616101	0.1430096966006636	2.0249578761365794	1.0023144726299507	0.18108076039362728	3.1988755978746704e-08	2.7294271605486487e-08	1.171995224533362
L5_6_NP	Type_2_Diabetes	0.14267946887509628	0.16006139245310752	0.026595734167273132	1.1218249809524288	0.18640197063359853	0.5126007437284519	3.801732789410427e-10	3.425250001196051e-09	0.11099139590053027
L5_6_NP	Parkinson Disease	0.14267946887509628	0.16363753977114834	0.02988431036428255	1.1468891849772658	0.20945067009216103	0.48454953015675484	-1.750898151053168e-09	2.6563776463994908e-09	-0.6591299822999082
L5_6_NP	PTSD	0.14267946887509628	0.18857954042629643	0.0663626334404111	1.321700605651832	0.46511690829537594	0.48046511453608765	2.5148110727325133e-09	3.1385674939844186e-09	0.8012607909667588
L5_6_NP	Schizophrenia	0.14267946887509628	0.1661934003787263	0.0079147783381754	1.1648024883258743	0.05547244043292672	0.003194442726166841	3.0238654710773024e-09	5.467655659901294e-09	0.5530460693151791
L5_6_NP	Schizophrenia_PGC3	0.14267946887509628	0.1672474060790127	0.007806796143534286	1.1721897158547987	0.05471562380407003	0.0018926005936845108	3.735717846305512e-09	4.502349353833533e-09	0.8297263390111494
L5_6_NP	Cigarettes Per Day	0.14267946887509628	0.20248399252972327	0.026715619224635126	1.4191529736277666	0.187242211057166	0.03600497184344911	3.5151277930653303e-09	2.570538911184666e-09	1.3674672566793933
L5_6_NP	STROKEall	0.14267946887509628	0.18194959762136861	0.01932968060284369	1.2752332136913824	0.13547625846410447	0.04699854074940926	8.547220310357579e-10	8.836159210454918e-10	0.9673003967882938
L5_6_NP	Education Years	0.14267946887509628	0.16691980789082242	0.007969237794526907	1.1698936729078133	0.055854131343194835	0.0027885971938605317	2.3495512764860953e-09	1.5812434467293128e-09	1.485888388246586
L5_6_NP	Neuroticism	0.14267946887509628	0.16293748823958315	0.009568526017952748	1.1419827220006058	0.067063089689023	0.03687568217973723	1.823579297354114e-09	1.541277251191087e-09	1.1831611061182317
Sst	ADHD	0.14638009152247072	0.17763018615546602	0.011644533050130652	1.2134859618406382	0.07954997793086573	0.008760739978687145	4.664112214765731e-09	2.874841521941323e-09	1.6223893314356157
Sst	Drinks Per Week	0.14638009152247072	0.2046837044678927	0.012800111770170847	1.3983028862669609	0.08744434872966253	8.471319599551008e-06	2.3638370698036236e-09	7.742755932791355e-10	3.0529660114850508
Sst	Alzheimer Disease	0.14638009152247072	0.26593841470245155	0.062176546939585346	1.8167662824669535	0.42476095138962705	0.053295153172541486	7.419811818376543e-10	9.839707060037613e-10	0.7540683653592609
Sst	Alzheimer Disease2	0.14638009152247072	0.2719335822565472	0.05031287435783923	1.85772245001502	0.3437139151543414	0.028059640500976576	1.1370479784485775e-09	8.177030484158619e-10	1.3905389990307402
Sst	Alzheimer Disease3	0.14638009152247072	0.22041021667121813	0.031970450637399166	1.5057390276148521	0.21840709556115698	0.013331839774897622	4.756887950721876e-10	8.481580141915673e-10	0.5608492605302993
Sst	Anorexia	0.14638009152247072	0.13254607220818493	0.014579060915251837	0.9054924807711153	0.09959729334513918	0.3421366808910741	-7.994960814391527e-09	5.01209142347802e-09	-1.595134673110894
Sst	AUD_NatMed2023	0.14638009152247072	0.1737704666463349	0.01215618019603355	1.1871181718701105	0.08304531080421863	0.02622555944306559	1.260012165419968e-09	1.5214654092617348e-09	0.8281569582520889
Sst	Autism	0.14638009152247072	0.17300234626844385	0.019846438243245848	1.181870734394823	0.13558154006345347	0.16474584409095633	3.0222000611135766e-09	5.398000009319231e-09	0.5598740377725049
Sst	BMI	0.14638009152247072	0.16833724939847228	0.008612371016535418	1.1500009847488784	0.05883567175672477	0.010365911569197049	-1.129557438161126e-09	2.326228341114885e-09	-0.48557461801869634
Sst	Bipolar Disorder2	0.14638009152247072	0.1936256132230923	0.01115921675100938	1.322759203175993	0.07623452502963038	3.54840860249519e-05	4.785937750480529e-09	2.9273243650895713e-09	1.6349188383618318
Sst	Bipolar Disorder	0.14638009152247072	0.20103117233105897	0.015633408253907036	1.3733505030648159	0.10680009891582258	0.0007073300434119094	1.0661934786317821e-08	7.0549527188279236e-09	1.5112694884352313
Sst	Alcohol Use Disorder	0.14638009152247072	0.17195659021554138	0.018964667677518393	1.174726620451282	0.12955769791008184	0.18795493638288546	1.3337615305573518e-09	2.487303265752396e-09	0.5362279497324972
Sst	epilepsyAll	0.14638009152247072	0.20548308704432017	0.029045857642372577	1.4037638923922695	0.1984276505108877	0.041068265659972986	4.385174814145308e-09	4.2560761516401086e-09	1.0303327896178387
Sst	epilepsyFocal	0.14638009152247072	0.20452074724271488	0.05528226279396898	1.397189639079567	0.37766244179101793	0.27371709063540084	4.2004061281528944e-09	5.0579687067347975e-09	0.8304531664183609
Sst	epilepsy	0.14638009152247072	0.19796333857617185	0.019670973607541664	1.3523925044532616	0.13438284812468493	0.006527274160408566	1.6310553757739365e-08	1.5309701643938127e-08	1.0653737177299942
Sst	GSCAN_AgeSmk	0.14638009152247072	0.1756781481486032	0.012192731789490818	1.2001505554574334	0.08329501411480618	0.016503223433185863	5.374926797215895e-10	8.204189060650456e-10	0.6551441900571893
Sst	GSCAN_CigDay	0.14638009152247072	0.1944569983522392	0.0230394586097928	1.3284388357032022	0.15739475477958711	0.04484844540524139	2.251046522095544e-09	2.6102319106349637e-09	0.8623933041826753
Sst	GSCAN_DrnkWk	0.14638009152247072	0.20526524295118737	0.013199714419018703	1.4022756839148254	0.09017424624982164	1.2863790578159829e-05	2.1764053683881776e-09	7.693905615638631e-10	2.8287393647829737
Sst	GSCAN_SmkCes	0.14638009152247072	0.17194370781718116	0.012081325769422476	1.1746386139592362	0.08253394053635961	0.03825631310153088	-8.664715362361014e-12	1.2731780044085614e-09	-0.006805580470569076
Sst	GSCAN_SmkInit	0.14638009152247072	0.16741713019335722	0.009756398752360956	1.1437151627115707	0.06665113165927525	0.03354609182263027	6.581874152537108e-10	8.49340234823077e-10	0.7749396393434904
Sst	Height	0.14638009152247072	0.15875791651305124	0.009912717486833174	1.0845594838877417	0.06771902779765293	0.2085344171820132	-1.699449703415374e-08	7.53881894699935e-09	-2.254265177825766
Sst	Insomnia	0.14638009152247072	0.15397560647932762	0.011612003080760536	1.051888988986531	0.07932774846624539	0.5129108777807678	-1.0146204157304229e-09	8.768722487467766e-10	-1.1570903483152941
Sst	Intelligence	0.14638009152247072	0.18015457898723194	0.009208064967470656	1.2307314274330572	0.062905172907732	0.00033100292938159626	3.1647653312348993e-09	2.378997284579427e-09	1.3302937972013638
Sst	mdd2019edinburgh	0.14638009152247072	0.18758309460749076	0.011083259201407712	1.2814795554263947	0.07571561874386673	0.00035064702695982634	2.619534506617888e-09	1.0601978432474977e-09	2.470797807505416
Sst	Depression_ex23andMe	0.14638009152247072	0.19722573654196507	0.014937536223374088	1.3473535539611892	0.10204622819955701	0.0008247572697890718	4.144800518702772e-09	1.7684485517096642e-09	2.3437495621208475
Sst	Depression	0.14638009152247072	0.17519467447953985	0.009586180919738755	1.196847690538886	0.06548828341364431	0.0032072213752841485	1.3879643372891897e-09	8.036135587612649e-10	1.727153956223282
Sst	STROKE1	0.14638009152247072	0.13451559037862626	0.02398596358071201	0.918947303417807	0.16386083196996729	0.6166146845784326	-1.8652919150735072e-09	1.546685904079124e-09	-1.205992703595548
Sst	STROKE2	0.14638009152247072	0.13310445484516933	0.021366061810579103	0.9093070885581223	0.14596289419110803	0.5308423567662823	-1.9965812172813644e-09	1.5081037793008048e-09	-1.3239017398438124
Sst	OUD_MVP1	0.14638009152247072	0.16369699401163046	0.03731539071395472	1.1183009404424469	0.25492121453023175	0.644170327040572	2.331036760406128e-09	9.397434461355057e-09	0.24805033437498492
Sst	OUD_MVP12	0.14638009152247072	0.184532071203616	0.03595297348487453	1.2606363972336265	0.24561382023289285	0.2735847948097573	5.282244840671095e-09	6.417062690759059e-09	0.8231561845699019
Sst	OUD_MVP2	0.14638009152247072	0.2786125715718062	0.11915152775496955	1.903350166501546	0.8139872472799942	0.17321603789347173	2.4613350599686366e-08	2.496244538532129e-08	0.9860152008248276
Sst	Type_2_Diabetes	0.14638009152247072	0.19154703415963387	0.027118232289306744	1.3085593277568732	0.1852590199067053	0.09021659927545757	3.848054493111554e-09	3.5115738627524897e-09	1.095820462137544
Sst	Parkinson Disease	0.14638009152247072	0.13659688601257688	0.027979509298346493	0.9331657371699892	0.19114285971088749	0.7248964732230931	-5.184660193666534e-09	2.3547622692218127e-09	-2.2017764856491984
Sst	PTSD	0.14638009152247072	0.12461837846046248	0.058570091125934635	0.8513342023791014	0.40012333997580246	0.706941504255065	-1.124887492905809e-09	2.722946539429966e-09	-0.4131140573701083
Sst	Schizophrenia	0.14638009152247072	0.1837403911103521	0.008737906862824732	1.2552280108538272	0.05969327366818445	2.728082086674242e-05	7.176020415262911e-09	5.504108759445366e-09	1.3037570166011796
Sst	Schizophrenia_PGC3	0.14638009152247072	0.17966919349021032	0.009090932690087643	1.2274155018042834	0.06210498023012985	0.0003890754438350848	4.3096478648557225e-09	4.89603898812447e-09	0.8802315249753807
Sst	Cigarettes Per Day	0.14638009152247072	0.20004348635119823	0.030335244660997823	1.3666030965726625	0.20723613672793118	0.09300083982962024	2.0885104450270146e-09	2.8796952225024485e-09	0.7252539882370274
Sst	STROKEall	0.14638009152247072	0.16547199866552448	0.02088354371690146	1.130426938147685	0.1426665573145624	0.3650235196459002	-1.9066993606127962e-10	9.36180653593655e-10	-0.20366788752722834
Sst	Education Years	0.14638009152247072	0.17175394449301	0.007459112343007796	1.1733422400999398	0.05095715042549179	0.0007894265240142438	1.1943564332477514e-09	1.4224506790496637e-09	0.8396469915186785
Sst	Neuroticism	0.14638009152247072	0.18021890252899667	0.009340248769135442	1.2311708556442005	0.0638081905263847	0.0004761365380276401	2.836664641191189e-09	1.447009564612312e-09	1.960363435435341
OPC	ADHD	0.15991521111918	0.17165678213950433	0.012051966169044179	1.07342372835048	0.07536472662417468	0.33032583947717287	7.439753844902444e-10	2.65051099260879e-09	0.28069130313546814
OPC	Drinks Per Week	0.15991521111918	0.14595399912186302	0.009560795082235818	0.9126961600487642	0.05978665203468633	0.14380398840125277	-2.1259013943477437e-09	6.012056899156092e-10	-3.536063330748175
OPC	Alzheimer Disease	0.15991521111918	0.2093329649043183	0.046100639542154855	1.3090247227845557	0.288281766440576	0.2771296245525653	-9.538966722689149e-10	1.1396723723450821e-09	-0.8369920122798975
OPC	Alzheimer Disease2	0.15991521111918	0.2079099210552109	0.03607059541324904	1.3001259830139729	0.22556075285650415	0.10421778444529095	-8.158041699496536e-10	1.0024726005156323e-09	-0.8137919874618381
OPC	Alzheimer Disease3	0.15991521111918	0.22982340291587058	0.02791613230167495	1.4371578620159535	0.17456833597192886	0.01696177347659981	-2.5846123859538776e-10	1.084562410575834e-09	-0.23830923520404992
OPC	Anorexia	0.15991521111918	0.1815759993675674	0.015903403745229118	1.13545170654369	0.099448974452948	0.1786316179292086	5.758964247152583e-09	5.053120154035451e-09	1.139684802973355
OPC	AUD_NatMed2023	0.15991521111918	0.16540290472057376	0.010170415546166722	1.0343162702471371	0.06359880010780848	0.588093146193013	-1.256551463712965e-09	1.2815793752052618e-09	-0.980471040673319
OPC	Autism	0.15991521111918	0.18734846487027193	0.02118418687117976	1.1715487448573403	0.1324713685641313	0.2184271250632532	4.579341034751692e-09	5.257748245440938e-09	0.8709700086386788
OPC	BMI	0.15991521111918	0.16823989955502833	0.007522367894392423	1.0520568892576716	0.04703972712630963	0.26525138548162985	-3.706558904484357e-09	1.978185139045018e-09	-1.8737168889428233
OPC	Bipolar Disorder2	0.15991521111918	0.16717575023158848	0.009999915803783732	1.0454024295849969	0.06253261171215974	0.4690285846541715	-5.086218849178902e-09	2.4782798784663705e-09	-2.0523181797878283
OPC	Bipolar Disorder	0.15991521111918	0.19156142435039367	0.013379987631700783	1.197893702604868	0.08366926159218888	0.019236281400277288	1.6344339457839338e-09	5.50720488453232e-09	0.2967810314038702
OPC	Alcohol Use Disorder	0.15991521111918	0.16426495756417753	0.018202460644906705	1.027200329565621	0.11382569874069677	0.811586586972344	-1.0617232089901303e-09	2.234814828112494e-09	-0.4750833024885793
OPC	epilepsyAll	0.15991521111918	0.2256987462774116	0.028309056935805304	1.4113650896486958	0.17702541701744318	0.015412336422160108	4.312696150830735e-09	3.759263049282323e-09	1.147218509131482
OPC	epilepsyFocal	0.15991521111918	0.323524278534267	0.07586085826495269	2.023098842630762	0.47438175351821826	0.002037619186404412	1.206311056123845e-08	4.563886617669204e-09	2.64316613706743
OPC	epilepsy	0.15991521111918	0.1611290019648984	0.015626672170693055	1.0075902150722473	0.09771848507298637	0.9379176591252042	-2.4033784772911413e-08	1.1342867671399979e-08	-2.118845557328544
OPC	GSCAN_AgeSmk	0.15991521111918	0.17397877453529406	0.013998173376967852	1.0879438754930755	0.08753497105747766	0.3197999853156819	-4.0033952933457043e-10	8.68902852988143e-10	-0.4607414142533992
OPC	GSCAN_CigDay	0.15991521111918	0.19003484579896038	0.01703034466526415	1.1883475278491995	0.10649608968450128	0.09318692384247088	6.72294928742959e-10	1.7773127888457246e-09	0.37826483495883734
OPC	GSCAN_DrnkWk	0.15991521111918	0.14974147021431594	0.010600302618848437	0.9363804053806871	0.06628701888120167	0.3348930061631167	-1.8159645143678627e-09	6.163379481073897e-10	-2.9463779083280657
OPC	GSCAN_SmkCes	0.15991521111918	0.199141265637436	0.010111236670118871	1.2452928288918181	0.0632287360242627	0.00021963975198602457	1.8399251938990113e-09	9.831225724701355e-10	1.871511493501898
OPC	GSCAN_SmkInit	0.15991521111918	0.1779354609064242	0.01086409028930246	1.1126862770660024	0.06793656596685965	0.10007009666008172	8.886487049152675e-10	8.653707174921133e-10	1.0268994396882472
OPC	Height	0.15991521111918	0.24360246607362077	0.014958760343184547	1.5233226681111103	0.0935418228103156	2.6380923199160955e-07	2.5870446803200523e-08	1.0095294381247883e-08	2.5626243105159126
OPC	Insomnia	0.15991521111918	0.16056041994552445	0.013218835555707494	1.0040346932716964	0.08266152708797597	0.9611264566837529	-1.0804663267429539e-09	9.083456898714039e-10	-1.1894880316940981
OPC	Intelligence	0.15991521111918	0.16786072041855216	0.008423370663537969	1.049685763122625	0.05267398019604454	0.34466586036506	-2.3503727529560197e-09	2.026701505874538e-09	-1.1597034620753464
OPC	mdd2019edinburgh	0.15991521111918	0.1689157430719225	0.009804698100746119	1.0562831508632076	0.0613118541515039	0.359349645423493	1.2338754764713882e-10	8.405541382837847e-10	0.1467930999650628
OPC	Depression_ex23andMe	0.15991521111918	0.17360166011354067	0.01568850579510063	1.085585660667143	0.09810515013114329	0.3862308239422133	6.798783838323594e-10	1.6633184868595043e-09	0.4087481677162329
OPC	Depression	0.15991521111918	0.16492500915739436	0.008592314328437453	1.0313278393165533	0.05373043795085797	0.5594776026240087	-8.961390967887942e-11	6.709456512396647e-10	-0.13356358970850374
OPC	STROKE1	0.15991521111918	0.19588937771386777	0.025304579039852844	1.2249577531925797	0.15823747386353448	0.1499884494671649	2.704289364752353e-10	1.5359612306942033e-09	0.17606494947337337
OPC	STROKE2	0.15991521111918	0.19486104236401147	0.021629581017968132	1.218527249535927	0.13525655793837058	0.10540439538532012	5.002334137512986e-10	1.436338807840435e-09	0.3482697891477359
OPC	OUD_MVP1	0.15991521111918	0.1908326537074636	0.04226579422095086	1.193336471070546	0.26430127518920904	0.4600500385146974	3.7037320014800174e-09	9.842256519694512e-09	0.3763092329557547
OPC	OUD_MVP12	0.15991521111918	0.13600728343992619	0.03903920906450582	0.8504962253938685	0.24412442563335063	0.5309252059061509	-5.923268344213922e-09	6.543764171418698e-09	-0.9051775383478938
OPC	OUD_MVP2	0.15991521111918	0.019086125411124644	0.16097143961065347	0.11935153183708289	1.0066049282246596	0.25126731763620347	-3.4356884707380915e-08	2.9069691963796984e-08	-1.181879902620521
OPC	Type_2_Diabetes	0.15991521111918	0.1619309186543367	0.032082200425898585	1.0126048517902055	0.20062006735549806	0.9497029801221768	-3.253118026157567e-09	3.7111220706281087e-09	-0.8765861009813066
OPC	Parkinson Disease	0.15991521111918	0.24797873899282175	0.034013607302730356	1.55068887604451	0.21269776067381754	0.007296101200248405	3.6329129328527177e-09	2.59127584622615e-09	1.4019784648336742
OPC	PTSD	0.15991521111918	0.15323214804870228	0.06731841310072863	0.9582087093297396	0.4209631631012152	0.921029450025797	5.646866523768302e-10	2.9643204700819473e-09	0.190494468488159
OPC	Schizophrenia	0.15991521111918	0.18341094425923804	0.009415360309858518	1.1469261927969276	0.058877202762415974	0.01354193300183079	3.4447893193596132e-12	5.352338419404791e-09	0.0006436045424315102
OPC	Schizophrenia_PGC3	0.15991521111918	0.18098563407591178	0.009142392487484611	1.1317599671054972	0.0571702493058716	0.022794000247379168	-7.760793293981672e-10	4.507886653047098e-09	-0.17216034677215714
OPC	Cigarettes Per Day	0.15991521111918	0.19315755765568304	0.024791637201006907	1.207874825064193	0.15502988757292416	0.19519375343909837	8.582591110244269e-10	2.203911656734828e-09	0.38942536938888367
OPC	STROKEall	0.15991521111918	0.19977768012357836	0.021673001038410876	1.2492725283943755	0.13552807695234595	0.06427945783958924	-1.9966439922567047e-12	8.649128174931407e-10	-0.002308491621206133
OPC	Education Years	0.15991521111918	0.16978592220875263	0.008355658305153285	1.0617246540869478	0.05225055356945415	0.23970570232688324	-9.242899318462195e-10	1.492921227257484e-09	-0.6191150041748367
OPC	Neuroticism	0.15991521111918	0.17541807528912934	0.00924425516571934	1.0969442747906921	0.05780722859959754	0.09534682024232527	7.872673607752765e-10	1.3393539931043006e-09	0.5877963292964693
L6_IT_Car3	ADHD	0.14220841953720745	0.1587022346372159	0.011854619480449682	1.1159833936252488	0.08336088340640081	0.166221474984722	2.1354630406121077e-09	2.907462932400199e-09	0.7344764457062976
L6_IT_Car3	Drinks Per Week	0.14220841953720745	0.16893166248741065	0.010930237456671014	1.1879160392694705	0.0768606914572398	0.0163826429445264	5.08874938222924e-10	7.351004152403464e-10	0.6922522796515407
L6_IT_Car3	Alzheimer Disease	0.14220841953720745	0.19998943079465656	0.037965889635653255	1.406312168052267	0.26697357132022587	0.12073466663454463	-7.841934694890623e-10	1.0203235636904605e-09	-0.768573320655923
L6_IT_Car3	Alzheimer Disease2	0.14220841953720745	0.1967302279110777	0.02771084588130069	1.3833936735342534	0.19486079636832204	0.01828446630706707	-6.636555616964514e-10	8.179332182151828e-10	-0.8113811090159883
L6_IT_Car3	Alzheimer Disease3	0.14220841953720745	0.20496602593308877	0.02192179903783466	1.441307248896479	0.1541526100154642	0.005316443306491069	-3.957582880579738e-10	9.481825515968926e-10	-0.4173861746258175
L6_IT_Car3	Anorexia	0.14220841953720745	0.13090457501903752	0.016176162042164443	0.920512128923475	0.1137496787799692	0.4816963002261454	-4.018552840486711e-09	5.5695899525269396e-09	-0.7215168216582051
L6_IT_Car3	AUD_NatMed2023	0.14220841953720745	0.16800241359464776	0.01044535904902599	1.1813816238263697	0.07345105924823996	0.015049683773349825	1.7225544508717464e-09	1.24189683991642e-09	1.3870350543670558
L6_IT_Car3	Autism	0.14220841953720745	0.18573069687235777	0.021262442951932234	1.3060457142888304	0.14951606255893396	0.04669663244771949	9.053210502878317e-09	5.665457003886722e-09	1.597966500613713
L6_IT_Car3	BMI	0.14220841953720745	0.15999592897218248	0.007440405976740359	1.1250805647996187	0.05232043222865331	0.01633785466206014	-1.4965305500135992e-09	2.169859217859662e-09	-0.6896901594794567
L6_IT_Car3	Bipolar Disorder2	0.14220841953720745	0.19470154715613971	0.011819076683296006	1.369128127503013	0.08311094885773385	2.3030478733357218e-05	7.050555721704352e-09	3.1246544348680973e-09	2.256427348581982
L6_IT_Car3	Bipolar Disorder	0.14220841953720745	0.21769303504444507	0.01606755175308525	1.5308027172574532	0.11298593856379462	3.1967982769184295e-06	2.1685049712397293e-08	6.986523358179543e-09	3.103839864359618
L6_IT_Car3	Alcohol Use Disorder	0.14220841953720745	0.15156641763912101	0.016201403995434776	1.0658048105194302	0.11392717849027101	0.5641451979192678	-2.890661595173003e-10	2.05808435248954e-09	-0.1404539902203884
L6_IT_Car3	epilepsyAll	0.14220841953720745	0.20842866538282942	0.02788647695685305	1.4656562956055923	0.19609582222771854	0.013054107517004176	5.242737070834695e-09	4.036689714004304e-09	1.298771380085595
L6_IT_Car3	epilepsyFocal	0.14220841953720745	0.20641207463381475	0.056704097718231414	1.4514757656793242	0.39873938479004994	0.21977243426072318	2.7520241351809004e-09	5.004931865481816e-09	0.5498624575014006
L6_IT_Car3	epilepsy	0.14220841953720745	0.19421274883229694	0.01985959474230149	1.365690930708101	0.1396513287112752	0.004787524579172374	1.5553055523272025e-08	1.4867488516597407e-08	1.0461118235207836
L6_IT_Car3	GSCAN_AgeSmk	0.14220841953720745	0.16204205010420916	0.01209582113087635	1.1394687503844485	0.08505699711901794	0.10366481120672552	3.569369104837666e-10	8.048336601552627e-10	0.4434915289389225
L6_IT_Car3	GSCAN_CigDay	0.14220841953720745	0.19041526152470428	0.014236106667257104	1.3389872564815615	0.10010734043445553	0.0019075357400489385	2.938519921089234e-09	1.5294664119270655e-09	1.921271299699101
L6_IT_Car3	GSCAN_DrnkWk	0.14220841953720745	0.17271334940680072	0.010470979519828142	1.2145086062334864	0.07363122066825666	0.004593791915801499	6.275704695212506e-10	6.49324628885765e-10	0.9664972520727507
L6_IT_Car3	GSCAN_SmkCes	0.14220841953720745	0.1817309425601686	0.010787122060219723	1.2779197121491142	0.0758543136568463	0.00035829410385630604	1.971210192457925e-09	1.17872500574851e-09	1.6723240644294075
L6_IT_Car3	GSCAN_SmkInit	0.14220841953720745	0.1443718928935561	0.009149696988561619	1.0152133984991134	0.06434005116108958	0.8130529870055616	-2.751836027658607e-10	8.742164706886693e-10	-0.31477741725580066
L6_IT_Car3	Height	0.14220841953720745	0.16264749390885658	0.01061168512933793	1.1437261903209708	0.07462065300965873	0.05375982402722582	-1.864720643523452e-08	8.800754878886055e-09	-2.1188189754007523
L6_IT_Car3	Insomnia	0.14220841953720745	0.174326680694099	0.013518372739945024	1.2258534428651613	0.09506028394055863	0.017345741713111658	1.4308627611371023e-09	1.0063204105024403e-09	1.421875921628872
L6_IT_Car3	Intelligence	0.14220841953720745	0.1670540358602955	0.008532797533543334	1.1747126956613665	0.06000205586498914	0.004025677945151006	2.875095125753051e-09	2.222586771365197e-09	1.293580598424537
L6_IT_Car3	mdd2019edinburgh	0.14220841953720745	0.16312086958266173	0.010944006248363466	1.1470549360826188	0.07695751267033858	0.05912789194690951	1.6461589517198773e-09	1.0529116301148452e-09	1.5634350544122344
L6_IT_Car3	Depression_ex23andMe	0.14220841953720745	0.16982624147374864	0.01571612472728453	1.1942066582725452	0.1105147274572766	0.08073280423567392	2.9570112669140877e-09	1.865789606370306e-09	1.5848578300672587
L6_IT_Car3	Depression	0.14220841953720745	0.16413339468731364	0.010419324256579678	1.154174944222411	0.07326798434640899	0.03744256992608051	1.646871418994452e-09	8.796717021719186e-10	1.8721432267609717
L6_IT_Car3	STROKE1	0.14220841953720745	0.1516247396427589	0.022480462194922383	1.0662149269093577	0.15808109159838168	0.6774220668645649	-6.341159403736152e-10	1.5033515926368816e-09	-0.4218014890724096
L6_IT_Car3	STROKE2	0.14220841953720745	0.14750676181683636	0.02033329381465151	1.0372575850070724	0.14298234858964523	0.7945497989831104	-7.586134658390594e-10	1.4865260841113235e-09	-0.5103263736489188
L6_IT_Car3	OUD_MVP1	0.14220841953720745	0.16222784714396205	0.03482993069660532	1.1407752626173917	0.24492171989501932	0.5688200343830359	3.5015990619148097e-09	9.036370048638789e-09	0.387500627250461
L6_IT_Car3	OUD_MVP12	0.14220841953720745	0.17534944723898158	0.03423530301046868	1.2330454681208456	0.2407403381732356	0.3355991028895059	3.82469512294626e-09	6.4442848441780906e-09	0.5935018726556717
L6_IT_Car3	OUD_MVP2	0.14220841953720745	0.34818279549125497	0.16230788329145168	2.4483978981297683	1.1413380714000931	0.05841737012616028	4.6184361471406636e-08	2.6856838131284838e-08	1.7196499917690484
L6_IT_Car3	Type_2_Diabetes	0.14220841953720745	0.12369700873824625	0.028745467617065597	0.8698290097084029	0.20213618652547238	0.5171573090294432	-5.363068938825516e-09	3.8626569678623535e-09	-1.388440387910892
L6_IT_Car3	Parkinson Disease	0.14220841953720745	0.2769344931435582	0.04719637520897568	1.9473846488470468	0.33188172235208063	0.0032338456086823506	8.18468419230157e-09	4.139982072693703e-09	1.9769854189190144
L6_IT_Car3	PTSD	0.14220841953720745	0.09047547066605754	0.06140620791956888	0.6362173981012813	0.4318043060980826	0.36395903894583315	-2.261896732395382e-09	2.711701066635865e-09	-0.8341246607987988
L6_IT_Car3	Schizophrenia	0.14220841953720745	0.18063944911391547	0.010146769669474597	1.2702444039654974	0.07135139890096165	0.00022017885547925467	1.114612115566568e-08	6.215153382125757e-09	1.7933782917925984
L6_IT_Car3	Schizophrenia_PGC3	0.14220841953720745	0.183739916816603	0.01024804279257649	1.2920466834140523	0.07206354466160977	8.967178748734866e-05	1.212196996181736e-08	5.2954236919581044e-09	2.2891407122392096
L6_IT_Car3	Cigarettes Per Day	0.14220841953720745	0.1886424290746816	0.013904258167094173	1.32652081844792	0.0977738041976921	0.0025090267647075257	1.9876012101214887e-09	1.2618060927289863e-09	1.575203370450352
L6_IT_Car3	STROKEall	0.14220841953720745	0.13933124684405732	0.018556945898828302	0.9797679159749234	0.13049119003796436	0.8765319633207568	-1.5294466561318532e-09	8.634584796742924e-10	-1.771303070309507
L6_IT_Car3	Education Years	0.14220841953720745	0.1687218751643082	0.00782598248304422	1.1864408289845578	0.055031780175270335	0.0009533671727174363	3.0280808749711244e-09	1.5563581438939424e-09	1.9456195778916245
L6_IT_Car3	Neuroticism	0.14220841953720745	0.1757164678288009	0.00921744626649028	1.2356263321161967	0.06481645950701692	0.0003533390859372958	4.246822032704997e-09	1.421912664900846e-09	2.9866968186834035
Endo	ADHD	0.12189827515085573	0.09750053612711018	0.010782245047361014	0.7998516468460934	0.08845281062441122	0.02323803849960738	-4.798664475431887e-09	2.9612125225569815e-09	-1.6205066130438628
Endo	Drinks Per Week	0.12189827515085573	0.1282213131435291	0.01121452957246054	1.0518714311982533	0.091999083322401	0.5734522467144063	-7.204053931005186e-10	7.933134612811699e-10	-0.9080967716557997
Endo	Alzheimer Disease	0.12189827515085573	0.3601642155235002	0.11911255177452101	2.954629301175734	0.9771471468904114	0.04360916560931784	1.5436388068348977e-09	1.9470143326567796e-09	0.7928235457458294
Endo	Alzheimer Disease2	0.12189827515085573	0.3518743358880241	0.11665050188900439	2.886622763550678	0.9569495691767833	0.0711495899075019	1.786291195390776e-09	2.0667953371293084e-09	0.8642806393553505
Endo	Alzheimer Disease3	0.12189827515085573	0.25510672984707683	0.055943211019039096	2.092783753759997	0.45893357350468117	0.01190126574268796	-7.681784173881767e-10	1.6295722621215693e-09	-0.4713988052227101
Endo	Anorexia	0.12189827515085573	0.09801531016150915	0.016670244102261086	0.804074627308794	0.13675537313084007	0.14062141156078461	-5.780812332026177e-09	6.342362219873359e-09	-0.9114604514249276
Endo	AUD_NatMed2023	0.12189827515085573	0.1251558379479333	0.01043201209995485	1.0267236168276062	0.08557965309225801	0.7544156149829604	-4.924109339966154e-10	1.4622288602896256e-09	-0.33675366925741224
Endo	Autism	0.12189827515085573	0.07520137736809356	0.025122198873233102	0.616919126009189	0.20609150410162094	0.03069989464421214	-1.398654571911429e-08	6.474664246160157e-09	-2.160196295492713
Endo	BMI	0.12189827515085573	0.11244062374460508	0.006287716410943169	0.9224135748061546	0.05158166842936685	0.1331576736684111	-1.0300286860549055e-08	2.330387113263882e-09	-4.419989624008318
Endo	Bipolar Disorder2	0.12189827515085573	0.10738481284322077	0.008891344438669034	0.8809379190175269	0.07294069114321358	0.10409441544246444	-1.3133633122335437e-08	3.1914732397441447e-09	-4.115225833254469
Endo	Bipolar Disorder	0.12189827515085573	0.11469497604870132	0.014372309251613681	0.9409072926319922	0.11790412320295073	0.6145956071420402	-1.7180372782334448e-08	7.89772310492099e-09	-2.1753577017190606
Endo	Alcohol Use Disorder	0.12189827515085573	0.12952641630631254	0.017397725725330576	1.0625779252907113	0.14272331338404867	0.6609747586342325	1.3436783831557547e-09	2.7782608159965677e-09	0.48364011593842193
Endo	epilepsyAll	0.12189827515085573	0.1589331530498024	0.026112541890671682	1.3038178994174774	0.21421584397610216	0.14132856427429916	-2.931552225526139e-09	4.593854454577327e-09	-0.6381465182479027
Endo	epilepsyFocal	0.12189827515085573	0.22698832944421174	0.0690747049592214	1.8621127260685302	0.5666585919590552	0.05160623146231847	5.555879878164889e-09	6.741569605608287e-09	0.8241226009953191
Endo	epilepsy	0.12189827515085573	0.13376713079418423	0.015514460887550284	1.0973668875022238	0.12727383441931642	0.4407425155157666	-3.025087981722861e-08	1.4265080990848759e-08	-2.1206244701053545
Endo	GSCAN_AgeSmk	0.12189827515085573	0.11169851554337341	0.012164717131253736	0.9163256445190914	0.09979400542131739	0.39710697141479623	-1.2222398085361106e-09	9.951095076798913e-10	-1.2282465388013186
Endo	GSCAN_CigDay	0.12189827515085573	0.1112322461557439	0.012472621978069186	0.9125005749104157	0.1023199217760353	0.39209070060044326	-4.88679508210817e-09	2.2764094172168767e-09	-2.1467118547078994
Endo	GSCAN_DrnkWk	0.12189827515085573	0.12380847559611977	0.011510573929550785	1.0156704468779403	0.09442770141994072	0.8679228030218525	-9.804478443787393e-10	7.85165155758958e-10	-1.248715429088313
Endo	GSCAN_SmkCes	0.12189827515085573	0.12690800288509213	0.01264586049894746	1.0410976096916595	0.1037410946405724	0.6909913096328689	-1.5377492796919113e-09	1.4588868686865648e-09	-1.054056563739138
Endo	GSCAN_SmkInit	0.12189827515085573	0.07862503967708935	0.007687923450957776	0.6450053504021004	0.06306835302996333	2.9550441918753336e-08	-2.9464001385976847e-09	7.978120006303051e-10	-3.693100801028193
Endo	Height	0.12189827515085573	0.2192561140705685	0.017344184959458143	1.798681021525753	0.1422840884171148	3.5110224814803565e-07	1.2968195849592646e-08	1.5666879635927867e-08	0.8277459296906514
Endo	Insomnia	0.12189827515085573	0.10358011629763111	0.011046030692554276	0.8497258568215597	0.09061679239418452	0.09803817899866044	-2.2448595251137976e-09	1.0526064743721998e-09	-2.132667411581984
Endo	Intelligence	0.12189827515085573	0.0905374017822036	0.007411931434989606	0.7427291458403218	0.06080423554654025	3.545191088198007e-05	-1.1597607042058302e-08	2.223165212358866e-09	-5.2167094814122175
Endo	mdd2019edinburgh	0.12189827515085573	0.08115573557400721	0.008188560597783947	0.6657660698937092	0.06717536066568751	1.3187312029972719e-06	-2.7971401008644093e-09	9.190958367903736e-10	-3.0433606473863053
Endo	Depression_ex23andMe	0.12189827515085573	0.08131594920647053	0.014133535564757375	0.6670803922847771	0.11594532857225714	0.002384811833375837	-4.117625320259999e-09	1.866689007557961e-09	-2.2058443069993525
Endo	Depression	0.12189827515085573	0.07071330226694961	0.007163985993491325	0.5801009257878182	0.05877019986234837	2.6375306734840116e-11	-3.48707771317907e-09	7.142130289609844e-10	-4.882405629384786
Endo	STROKE1	0.12189827515085573	0.19717006482569693	0.02656574257284788	1.6174967576997155	0.21793370365553846	0.004171159334826115	2.157377139803183e-09	2.185325957499879e-09	0.9872106869912117
Endo	STROKE2	0.12189827515085573	0.19577962910296373	0.024141741135712144	1.606090232701618	0.19804825872913648	0.0019568549664486404	2.8974604704605633e-09	2.1533166327486226e-09	1.3455803138259657
Endo	OUD_MVP1	0.12189827515085573	0.17446101420937882	0.038456932501507786	1.4312016637928129	0.31548381184159696	0.16143726602964023	1.2665255962133018e-08	1.1340571554796697e-08	1.1168093160856627
Endo	OUD_MVP12	0.12189827515085573	0.19129523176784208	0.03788476490985042	1.5693022032600858	0.3107899998007844	0.04851024365904247	1.2288341070590831e-08	7.985133661775108e-09	1.5389023642040216
Endo	OUD_MVP2	0.12189827515085573	0.1766192180140913	0.10896224013676249	1.4489066214884128	0.8938784408714218	0.6158672745150011	1.560501601291278e-08	3.160183059647542e-08	0.49380101463657683
Endo	Type_2_Diabetes	0.12189827515085573	0.14548183128482842	0.02869351043595197	1.1934691537249953	0.23538897823158034	0.4159890120135261	-4.276618799575303e-09	4.7683003773087466e-09	-0.8968853598080264
Endo	Parkinson Disease	0.12189827515085573	0.18889376120263446	0.0395354700889994	1.5496015917277597	0.32433166129768537	0.09718987016887001	2.1729630637714284e-11	4.268109553897259e-09	0.0050911604688948795
Endo	PTSD	0.12189827515085573	-0.02818930593781588	0.07946626217873777	-0.23125270560990369	0.6519063709506469	0.009535998805918025	-7.166901656834642e-09	3.194497669071145e-09	-2.243514442418905
Endo	Schizophrenia	0.12189827515085573	0.10002912864618238	0.008250821961446934	0.8205951111481349	0.0676861255931316	0.009144144762578608	-2.4708895831137768e-08	5.868873247769278e-09	-4.21016007468375
Endo	Schizophrenia_PGC3	0.12189827515085573	0.09876444378649542	0.008024564738061632	0.8102201910918678	0.06583001054059869	0.004538538130705291	-2.1336147434006828e-08	4.759046145306243e-09	-4.483282318043978
Endo	Cigarettes Per Day	0.12189827515085573	0.10434856506568821	0.014753507379312124	0.8560298735691805	0.12103130549676654	0.23936513217057143	-4.7801040283678825e-09	2.320680287148894e-09	-2.0597856821719076
Endo	STROKEall	0.12189827515085573	0.18765014656926482	0.02047533120079005	1.5393995225694341	0.1679706392518739	0.0017067837173410244	-3.793905180365542e-10	1.1166641156123202e-09	-0.3397534788950537
Endo	Education Years	0.12189827515085573	0.09462526598319426	0.007028151527031655	0.7762641913192813	0.05765587345952136	0.00011995436687583646	-6.481355387608201e-09	1.585838250728738e-09	-4.087021727865268
Endo	Neuroticism	0.12189827515085573	0.09549116550382053	0.006419375389261741	0.7833676513112677	0.052661740958331156	6.353690485317752e-05	-3.4913813215011393e-09	1.179573254368199e-09	-2.9598681629749115
Vip	ADHD	0.13317158626367792	0.14434579704593892	0.011092194685591	1.0839083703646528	0.08329250252849438	0.3137761450016947	1.6758450853106385e-09	2.866174927343178e-09	0.5846974200085113
Vip	Drinks Per Week	0.13317158626367792	0.17258465005015453	0.012022167867362328	1.2959570047355242	0.09027577281807397	0.001309402056095844	1.5103717821485664e-09	8.385947729703173e-10	1.8010746439532448
Vip	Alzheimer Disease	0.13317158626367792	0.24541077246648474	0.06572477190094587	1.842816319545633	0.49353449744761413	0.08762718757823221	4.3281760285444217e-10	1.0762877663191536e-09	0.40213929434007706
Vip	Alzheimer Disease2	0.13317158626367792	0.27638527599310175	0.06816050443237115	2.075407252759329	0.5118246793081993	0.05685104601347589	1.4239389390341837e-09	1.235182166210598e-09	1.1528169512054005
Vip	Alzheimer Disease3	0.13317158626367792	0.20258398285882528	0.03442804563177747	1.5212252744193628	0.25852395843367376	0.035244293112770324	-2.198767107336146e-11	1.0277079177283937e-09	-0.021394863943407352
Vip	Anorexia	0.13317158626367792	0.15542992789094973	0.017530344932171635	1.1671403206326656	0.13163727656935612	0.2048083613460642	8.983171238007563e-09	6.375103665408118e-09	1.4091019863333443
Vip	AUD_NatMed2023	0.13317158626367792	0.1574264304077177	0.012341046212431993	1.1821322762951514	0.09267026517200817	0.05164814669674742	1.723304041475368e-09	1.762455086856256e-09	0.9777860748493042
Vip	Autism	0.13317158626367792	0.17011282679008788	0.02060706043816312	1.2773958136480166	0.1547406696602789	0.06926250325737844	7.915316369510275e-09	5.676367097896263e-09	1.3944334876515996
Vip	BMI	0.13317158626367792	0.15549470259789247	0.00797751283073076	1.1676267209884779	0.059904015973312755	0.005192738297065799	1.0470249733004889e-09	2.4550874507817743e-09	0.4264715592787069
Vip	Bipolar Disorder2	0.13317158626367792	0.16711902558320102	0.010807865811421999	1.2549150330935281	0.08115744592861251	0.0016661981504215407	2.7074600765054097e-09	3.011525201499845e-09	0.8990328472619122
Vip	Bipolar Disorder	0.13317158626367792	0.1783905953889781	0.015559574136279206	1.3395544830093649	0.11683854321199916	0.004258163607922976	9.084315297862306e-09	7.000637140549055e-09	1.2976412168607028
Vip	Alcohol Use Disorder	0.13317158626367792	0.14042736479184648	0.017668949694784872	1.0544844341930584	0.13267807488453726	0.6809858741163629	-4.3228765464383165e-10	2.5670173890742135e-09	-0.16840075041320027
Vip	epilepsyAll	0.13317158626367792	0.1337376874969196	0.021887196206900078	1.004250916048419	0.1643533490962834	0.9793717429188503	-5.801998396331202e-09	3.5321157645364236e-09	-1.6426410636324915
Vip	epilepsyFocal	0.13317158626367792	0.11062693240339128	0.04607726253491388	0.8307097295090521	0.3459992016891766	0.620366778621499	-5.481873322867766e-09	4.521792381200211e-09	-1.2123230924221962
Vip	epilepsy	0.13317158626367792	0.17009485638531718	0.01594094792287448	1.2772608719140108	0.11970232066855177	0.014413728347641387	4.370118820367639e-09	1.3328679740440783e-08	0.32787334570791615
Vip	GSCAN_AgeSmk	0.13317158626367792	0.17303807163507	0.012540173691993794	1.2993617969861604	0.09416553518529412	0.0018225808934135216	1.9185728135242223e-09	9.344424383007442e-10	2.0531738873216097
Vip	GSCAN_CigDay	0.13317158626367792	0.1531416830386726	0.012606620453263717	1.149957639878631	0.09466449117984359	0.09813516097449032	-5.839815772966791e-10	1.9218150421893818e-09	-0.3038698128990561
Vip	GSCAN_DrnkWk	0.13317158626367792	0.1745182416120828	0.012419479988018138	1.3104765551604909	0.09325923296751709	0.0011518466979971995	1.4023285744967477e-09	8.252623250891523e-10	1.6992519007156366
Vip	GSCAN_SmkCes	0.13317158626367792	0.1550759118978446	0.009855849812808863	1.1644819758382723	0.07400865371757617	0.02481301310403333	3.11228087036643e-10	1.1571469157462396e-09	0.26896160098731564
Vip	GSCAN_SmkInit	0.13317158626367792	0.16347695186465092	0.009349102547830751	1.2275663033777249	0.070203433105615	0.001687161437917414	2.621647059568353e-09	8.981536973988834e-10	2.9189292068393504
Vip	Height	0.13317158626367792	0.1644709328832127	0.010769512784091414	1.2350302155113067	0.08086944885351088	0.003759580216761215	-5.879627714889502e-09	8.821211832981656e-09	-0.6665328784993172
Vip	Insomnia	0.13317158626367792	0.14942108514786043	0.012470134444818553	1.122019263568797	0.09363960282133951	0.19867579453976908	2.855914185258697e-10	1.0484324798828658e-09	0.2723984844095796
Vip	Intelligence	0.13317158626367792	0.15478791415251147	0.008411415757005488	1.1623193692837264	0.06316224048237287	0.010401098209458783	2.3096299772091463e-09	2.3794247569332293e-09	0.9706673726409237
Vip	mdd2019edinburgh	0.13317158626367792	0.17651551178068753	0.010694072196218866	1.3254742752045412	0.08030295723176827	6.604616758315876e-05	4.120865308928636e-09	1.0958229865466346e-09	3.7605209596078
Vip	Depression_ex23andMe	0.13317158626367792	0.16320242568894203	0.015057653921905459	1.2255048563122426	0.11306956945073486	0.04706882254385335	3.131842401580943e-09	1.8932791810172903e-09	1.6541894259346115
Vip	Depression	0.13317158626367792	0.16838244887640746	0.010127681841364406	1.2644022167237126	0.07604987013755123	0.0005654633982009883	3.071346473061188e-09	9.308527949999114e-10	3.299497503320577
Vip	STROKE1	0.13317158626367792	0.17979033594022276	0.02488123314675542	1.350065287832799	0.1868358997954032	0.056321268018951244	2.281350806497106e-09	1.6847313855531153e-09	1.3541332618719595
Vip	STROKE2	0.13317158626367792	0.1813979652962718	0.022690316477203563	1.3621371524185821	0.1703840670056828	0.030834129011071926	2.8816477021005995e-09	1.7011939244458335e-09	1.6938972451593375
Vip	OUD_MVP1	0.13317158626367792	0.0975370292350603	0.03537264871971081	0.7324162155877479	0.2656170862880123	0.28771638873251765	-1.2314470027784214e-08	9.074265355521667e-09	-1.357076253042445
Vip	OUD_MVP12	0.13317158626367792	0.12578985144014293	0.03182844185273775	0.9445697462150878	0.23900324945981996	0.815811552070668	-3.5415633836325683e-09	6.261564854974488e-09	-0.5656035616749988
Vip	OUD_MVP2	0.13317158626367792	0.3324687960904109	0.15943541045199236	2.4965445364007848	1.1972179270757684	0.05487307732303148	4.6497116778552286e-08	2.8621621258548292e-08	1.6245451771766841
Vip	Type_2_Diabetes	0.13317158626367792	0.12779103587139332	0.024807589744496858	0.9595968588852641	0.1862829034369101	0.8286928400204452	-3.169705317919462e-09	3.5922245000344244e-09	-0.8823795166168169
Vip	Parkinson Disease	0.13317158626367792	0.1365838982767181	0.02525264024702488	1.0256234239508408	0.18962483631474508	0.8923334410403849	-4.102133880506198e-09	2.315684872267212e-09	-1.7714560083859476
Vip	PTSD	0.13317158626367792	0.13618712669337762	0.05873601066947552	1.0226440227551918	0.4410551253266521	0.9590014256340553	6.740158377516451e-10	2.979883176885429e-09	0.226188678462263
Vip	Schizophrenia	0.13317158626367792	0.16508723016964966	0.009374340317175735	1.2396580592107629	0.0703929462747006	0.0007551041131317983	9.046721003385414e-09	6.402587654486833e-09	1.4129788597342534
Vip	Schizophrenia_PGC3	0.13317158626367792	0.16717479149487602	0.008972222321014545	1.2553337854208044	0.0673733982806938	0.00020237012734795082	9.741982361642038e-09	5.287343854483628e-09	1.8425097042593341
Vip	Cigarettes Per Day	0.13317158626367792	0.1537146203919146	0.014671686325180852	1.1542598890994793	0.11017129657171099	0.14027998198613215	-6.804545847746315e-10	1.8338210253403738e-09	-0.37105833959359963
Vip	STROKEall	0.13317158626367792	0.1859168933871394	0.019447955935591607	1.3960702774766571	0.14603682723343792	0.005318551212827271	1.350658130689526e-09	9.241312066539182e-10	1.4615436866156386
Vip	Education Years	0.13317158626367792	0.1454166676830511	0.007553481108201497	1.0919496550497496	0.05671991541232908	0.10634816270431954	3.7566001156436864e-10	1.5354587486270719e-09	0.2446565314113873
Vip	Neuroticism	0.13317158626367792	0.15540964056893472	0.009635770313066252	1.1669879809137795	0.07235605269421029	0.023844500316980967	2.644133356689459e-09	1.6501486523275083e-09	1.6023607042674315
L5_IT	ADHD	0.15461338977873262	0.1821680225883076	0.01243383618954244	1.1782163423815262	0.08041888356070917	0.02684105599292223	4.068131282994519e-09	2.8993321861284256e-09	1.4031270036797094
L5_IT	Drinks Per Week	0.15461338977873262	0.20130267401449575	0.011140791958292281	1.301974391109206	0.07205580302091481	4.839081991642878e-05	1.841639718275644e-09	6.847669976111301e-10	2.689439947749185
L5_IT	Alzheimer Disease	0.15461338977873262	0.26441597352401924	0.04659253256503635	1.7101751271505348	0.3013486259612765	0.017430147410039308	5.102501995681671e-10	6.7585080017323e-10	0.75497461782598
L5_IT	Alzheimer Disease2	0.15461338977873262	0.242962338493679	0.032682187643811596	1.5714184834921647	0.2113800602301205	0.01773984558701953	2.558772271004895e-10	4.397917252268245e-10	0.581814555443306
L5_IT	Alzheimer Disease3	0.15461338977873262	0.22267846865378366	0.02569458463178293	1.4402275829568127	0.16618602482329944	0.005654935928725268	8.22954458466385e-11	6.804961540940452e-10	0.1209344760459369
L5_IT	Anorexia	0.15461338977873262	0.13621485029768915	0.014251720734038294	0.8810029357265006	0.0921764974846871	0.18865720573503347	-5.8566845574341694e-09	4.7529484573905475e-09	-1.23222134848262
L5_IT	AUD_NatMed2023	0.15461338977873262	0.17897431966760777	0.010021606474176385	1.1575602858441827	0.06481719654758437	0.016537371480657443	1.0855659263345033e-09	1.216397237292625e-09	0.8924435974145113
L5_IT	Autism	0.15461338977873262	0.16027194268929332	0.022171596456226295	1.0365980780749886	0.14340023517986436	0.7994534388251602	-2.051539953023737e-09	5.502431297695098e-09	-0.3728424476436629
L5_IT	BMI	0.15461338977873262	0.195416071652072	0.008025515476858171	1.263901347300723	0.051906988704817185	6.106766524979637e-07	5.469244061177054e-09	2.264626194986863e-09	2.415075862534912
L5_IT	Bipolar Disorder2	0.15461338977873262	0.20968964462550582	0.012389140373047327	1.3562191795005134	0.08012980241088717	3.0192242523466345e-05	7.226279688083402e-09	3.092248372497907e-09	2.336901444383667
L5_IT	Bipolar Disorder	0.15461338977873262	0.2096680834042776	0.01775564036577702	1.3560797270167466	0.11483895664655651	0.002459164895732312	1.1318458914048139e-08	7.387318342443117e-09	1.532147172948949
L5_IT	Alcohol Use Disorder	0.15461338977873262	0.1595320443995703	0.019758719251935362	1.0318126045090712	0.12779436037339384	0.8040638433611473	-1.1137788373219058e-09	2.518576806275328e-09	-0.44222548009923535
L5_IT	epilepsyAll	0.15461338977873262	0.1729818920188891	0.025487141740666002	1.118802791054796	0.16484433707288015	0.4724050570027626	-1.8545456952278772e-09	3.7113988730427073e-09	-0.4996891357321207
L5_IT	epilepsyFocal	0.15461338977873262	0.15041366761522448	0.050712562621509895	0.9728372673963208	0.32799593032715146	0.9332875079523132	-3.3307254234596118e-09	4.296985066339092e-09	-0.7751307886897764
L5_IT	epilepsy	0.15461338977873262	0.19764421332406829	0.017329880109980662	1.2783123997663923	0.11208524782220654	0.009350083588075883	1.0302904894178611e-08	1.3286333033632968e-08	0.7754513505041519
L5_IT	GSCAN_AgeSmk	0.15461338977873262	0.2050179361556338	0.014259307625503865	1.3260037597586805	0.09222556756507554	0.0005141865782690893	2.352090941996496e-09	9.147909043144659e-10	2.5711787588871213
L5_IT	GSCAN_CigDay	0.15461338977873262	0.19610139737655102	0.0135162615747118	1.2683338594231193	0.0874197350828084	0.0018054833986133356	1.8095860474754623e-09	1.5763069042167508e-09	1.1479909417605612
L5_IT	GSCAN_DrnkWk	0.15461338977873262	0.2006860508013983	0.011371160481022933	1.2979862293207614	0.0735457679137377	6.559791837522609e-05	1.6477809781086839e-09	6.430222337063989e-10	2.5625567697882334
L5_IT	GSCAN_SmkCes	0.15461338977873262	0.19743308671361562	0.013311775656962569	1.2769468866581497	0.086097172282511	0.0022527284592216423	1.9574270957350214e-09	1.3087743881431468e-09	1.495618430088753
L5_IT	GSCAN_SmkInit	0.15461338977873262	0.17729259477449832	0.009423264522899398	1.1466833178434412	0.06094727330139415	0.015740890421622925	1.3680141107205275e-09	7.973329453069921e-10	1.7157375959095853
L5_IT	Height	0.15461338977873262	0.154484482059779	0.009773033096495316	0.9991662577274962	0.06320948729266924	0.9894691076444491	-2.551184515324504e-08	7.409025863039786e-09	-3.4433467536551428
L5_IT	Insomnia	0.15461338977873262	0.17596569588696476	0.01236332989502221	1.1381012740150735	0.07996286681713262	0.08587521399056104	4.0983212721413614e-10	9.008848737214371e-10	0.45492175434267584
L5_IT	Intelligence	0.15461338977873262	0.195252648070192	0.00865858921630404	1.2628443652235957	0.05600154830506825	8.286526199044701e-06	6.574542261440699e-09	2.1856004483140216e-09	3.0081171819452726
L5_IT	mdd2019edinburgh	0.15461338977873262	0.1617901484473227	0.01206746369808478	1.0464174459848576	0.07804927966041324	0.5536382177741842	-2.7032333379017114e-10	1.0812451246446884e-09	-0.2500111469903765
L5_IT	Depression_ex23andMe	0.15461338977873262	0.16131490003048826	0.015201421073741894	1.0433436603475688	0.09831891723929385	0.660611391323245	-2.0595532599286981e-10	1.7175427737383724e-09	-0.11991277838431423
L5_IT	Depression	0.15461338977873262	0.163259322036432	0.01068787203247185	1.055919686322592	0.0691264323728189	0.4211038115734781	2.06038736801385e-12	8.529510832978608e-10	0.0024155985124581143
L5_IT	STROKE1	0.15461338977873262	0.15618382900415578	0.0254676224057029	1.0101572006646424	0.16471809098907694	0.9508403906629385	-1.095313281074466e-09	1.591910054171112e-09	-0.6880497288176135
L5_IT	STROKE2	0.15461338977873262	0.14492814323705044	0.023189815992935348	0.9373582937703989	0.14998581963775787	0.6756760595044078	-1.7374802081080123e-09	1.60900516842085e-09	-1.0798474996902923
L5_IT	OUD_MVP1	0.15461338977873262	0.22614040162094712	0.03844700576493237	1.4626184830730176	0.2486654346040399	0.049907904221258584	1.697800980044509e-08	8.878389039035732e-09	1.9122849568539573
L5_IT	OUD_MVP12	0.15461338977873262	0.23883268288231913	0.039789703287296675	1.544708923490474	0.25734965997601994	0.029335272609656373	1.3639773835491187e-08	6.664717935035673e-09	2.046564306013377
L5_IT	OUD_MVP2	0.15461338977873262	0.19798886027420526	0.11321433608111085	1.2805414884024424	0.7322414717323772	0.6986603556176132	3.1527568023121845e-10	2.8071258396716315e-08	0.01123126280181648
L5_IT	Type_2_Diabetes	0.15461338977873262	0.19395810859833124	0.029850349944862478	1.2544716138486123	0.19306445572134046	0.18831407172370554	3.5630007109772674e-09	3.7783302666115935e-09	0.9430093346954993
L5_IT	Parkinson Disease	0.15461338977873262	0.2802829543701575	0.0511550130834573	1.8127987153717458	0.3308575871511859	0.013501513121712832	7.645791258204536e-09	4.3800179259398985e-09	1.7456072982997763
L5_IT	PTSD	0.15461338977873262	0.12330163745014217	0.05770764641562815	0.7974835661167462	0.37323834952596036	0.5756890476447633	-8.234101900109117e-10	2.5480133241651055e-09	-0.3231577253547975
L5_IT	Schizophrenia	0.15461338977873262	0.208345671583399	0.01131697723311858	1.3475267043919203	0.07319532447554716	4.029816149841179e-06	1.9929296359811845e-08	6.555040469637918e-09	3.0403010404164115
L5_IT	Schizophrenia_PGC3	0.15461338977873262	0.20342456498713413	0.011688366775409036	1.3156982411307017	0.07559737738197364	6.651840901796064e-05	1.520382119983387e-08	5.810407146069238e-09	2.616653328694756
L5_IT	Cigarettes Per Day	0.15461338977873262	0.20240529037925836	0.015502013660616204	1.3091058327413996	0.10026307348154744	0.0011116092156734174	1.864984099339051e-09	1.5180698319925182e-09	1.228523260284539
L5_IT	STROKEall	0.15461338977873262	0.1745148795197083	0.020391227275780185	1.1287177635097239	0.13188526106931678	0.33205908572629705	-9.674831225150488e-11	8.892315784116916e-10	-0.1087999061215445
L5_IT	Education Years	0.15461338977873262	0.19280398945069832	0.007517685230869278	1.2470070653429195	0.04862247210042963	1.410117612074983e-06	4.605309946197029e-09	1.4246985610070867e-09	3.232480239849222
L5_IT	Neuroticism	0.15461338977873262	0.1811447083070153	0.008584179713580175	1.1715978064141253	0.05552028660561031	0.0021273591695829194	2.4528764551922574e-09	1.3475229246393362e-09	1.8202855108003215
Pvalb	ADHD	0.13684184568806168	0.12848565125886852	0.010831790749408902	0.9389353864150477	0.0791555440877387	0.43942492338059436	-4.681251627576689e-09	2.7619897853102995e-09	-1.6948837582506728
Pvalb	Drinks Per Week	0.13684184568806168	0.1701780236134312	0.011166623028632318	1.2436109930975436	0.08160240000041531	0.003034160376090516	7.898015960447846e-10	7.929086159469825e-10	0.9960814905529976
Pvalb	Alzheimer Disease	0.13684184568806168	0.2298208364069799	0.058144431297559813	1.679463144123829	0.4249024193235683	0.10929717551975109	-1.542125757183734e-10	8.757466894100562e-10	-0.17609267335313386
Pvalb	Alzheimer Disease2	0.13684184568806168	0.23662752164503792	0.05833653688342815	1.7292043998328044	0.4263062704986413	0.10938319063060371	3.206457618933904e-10	8.369015264373841e-10	0.38313439725501647
Pvalb	Alzheimer Disease3	0.13684184568806168	0.22410096399244445	0.03526162051016557	1.6376639971905567	0.2576815617537513	0.008361836427661305	6.146456552490116e-10	9.077750433679543e-10	0.6770902766489398
Pvalb	Anorexia	0.13684184568806168	0.1773713413112584	0.016751227635950945	1.2961776452181584	0.12241304954433505	0.0158912623048634	1.355245328828669e-08	6.072363800790275e-09	2.2318249915334345
Pvalb	AUD_NatMed2023	0.13684184568806168	0.14280321374692995	0.009804793408694022	1.043563926143305	0.07165054928478949	0.5410320697737883	-1.574157394155322e-09	1.351577676047758e-09	-1.1646814105116214
Pvalb	Autism	0.13684184568806168	0.15803008737495622	0.020488923294527263	1.1548374444992087	0.1497270311687615	0.2910071921540874	2.2440266247074625e-09	5.856209819446764e-09	0.38318753833848385
Pvalb	BMI	0.13684184568806168	0.14678072909594844	0.006990581393848138	1.0726304395991777	0.05108511478121643	0.152163145960853	-4.982271995233321e-09	2.102315016772703e-09	-2.369897924661017
Pvalb	Bipolar Disorder2	0.13684184568806168	0.17946597807944867	0.009126430976702668	1.3114846352522238	0.06669327595527216	4.514241897750298e-06	3.7758168521160195e-09	2.552736497821979e-09	1.479125187945401
Pvalb	Bipolar Disorder	0.13684184568806168	0.19606355960254163	0.01338018302257448	1.4327748841496848	0.09777844602502166	8.980689693525664e-06	1.381137376703055e-08	6.090839021392829e-09	2.267565062632737
Pvalb	Alcohol Use Disorder	0.13684184568806168	0.13294544124892285	0.01656591092054546	0.9715262212406803	0.12105880943982837	0.8136509805638062	-2.846617275305452e-09	2.3122011541871257e-09	-1.231128732096064
Pvalb	epilepsyAll	0.13684184568806168	0.19079141625965285	0.02786627467864992	1.3942476097156136	0.20363854739413986	0.04690870497527202	3.326969231138031e-09	4.31956703965956e-09	0.7702089585812381
Pvalb	epilepsyFocal	0.13684184568806168	0.17560449420160779	0.05418110389295906	1.2832660456941485	0.39593958719665173	0.47326706464784596	1.903388008929332e-09	5.4218387350049025e-09	0.3510595024969165
Pvalb	epilepsy	0.13684184568806168	0.18307003794911555	0.017027786912723802	1.3378220457975516	0.1244340634774801	0.004400032868682085	9.981291363510557e-09	1.3127567473416423e-08	0.7603306083722566
Pvalb	GSCAN_AgeSmk	0.13684184568806168	0.16598805562745447	0.01122792481522544	1.2129919381958143	0.08205037544451202	0.010126400111258147	7.307721417221541e-10	7.822779265333195e-10	0.9341592251753614
Pvalb	GSCAN_CigDay	0.13684184568806168	0.1533953436312627	0.013459844515464055	1.1209680990487048	0.09836058880809377	0.2174148643339091	-1.4548403068912181e-09	1.9002376335021744e-09	-0.7656096696758498
Pvalb	GSCAN_DrnkWk	0.13684184568806168	0.17067748776547462	0.011468128341759889	1.247260930362947	0.08380571223733785	0.003040682512658371	6.226369361934613e-10	7.57963933649238e-10	0.8214598459794238
Pvalb	GSCAN_SmkCes	0.13684184568806168	0.14944473737453837	0.012345946380081387	1.0920982293326096	0.09022054853180388	0.31345998556544313	-1.0848722320689733e-09	1.3685015746771813e-09	-0.7927445990150842
Pvalb	GSCAN_SmkInit	0.13684184568806168	0.15243972202225706	0.008845615927661098	1.11398469712073	0.06464116208886245	0.08005944719160196	6.432591388063357e-10	8.255741585579784e-10	0.7791657867900197
Pvalb	Height	0.13684184568806168	0.18071004376332506	0.014397642350003749	1.3205759017257286	0.10521373982943745	0.0034303406643797895	4.2454802974844094e-10	1.0805341535874353e-08	0.03929057016281412
Pvalb	Insomnia	0.13684184568806168	0.1556733110426658	0.011969248309474892	1.1376148155552612	0.08746774971714014	0.11872420384451073	5.617969798241689e-11	9.569793702564266e-10	0.05870523412366068
Pvalb	Intelligence	0.13684184568806168	0.14996309018762657	0.007189543326881085	1.0958861993828661	0.052539070126765425	0.06727366428119531	-1.6878727396557821e-09	1.996324864089124e-09	-0.8454900151864404
Pvalb	mdd2019edinburgh	0.13684184568806168	0.17205715538822144	0.009678937504230668	1.2573431359617506	0.07073083131525662	0.000385497373581857	2.7067441898666804e-09	9.887648332672152e-10	2.737500464010919
Pvalb	Depression_ex23andMe	0.13684184568806168	0.17394456624054516	0.014540265546500982	1.271135779891928	0.1062559882424145	0.011553888490120907	3.5631709306574196e-09	1.7836423520856368e-09	1.9976936107684122
Pvalb	Depression	0.13684184568806168	0.1588986815198083	0.008818927308103628	1.16118487529046	0.06444612949906307	0.013748869567721955	1.3176119393845095e-09	8.188144779008618e-10	1.6091703004108824
Pvalb	STROKE1	0.13684184568806168	0.13620514092803407	0.021807050117806356	0.9953471486969051	0.15935951468761023	0.9766862470655676	-1.5780130999358562e-09	1.52270816293196e-09	-1.0363201159291136
Pvalb	STROKE2	0.13684184568806168	0.1374835295805291	0.01985658965294491	1.0046892373399448	0.14510612271489726	0.9742250366343148	-1.3903732084295708e-09	1.5071331676059619e-09	-0.9225284389687601
Pvalb	OUD_MVP1	0.13684184568806168	0.15252408074701412	0.039774705915004184	1.1146011658941004	0.2906618638108167	0.6937046188957627	1.5872079150067567e-09	1.0517527660854121e-08	0.1509107431125939
Pvalb	OUD_MVP12	0.13684184568806168	0.17846157837589885	0.03973702354344158	1.3041447773418051	0.2903864921116619	0.2937052987739138	6.30064552473407e-09	7.568203032571377e-09	0.8325153933658885
Pvalb	OUD_MVP2	0.13684184568806168	0.28096172626214067	0.13179145346797927	2.0531857404394267	0.9630932176141862	0.1815097508515976	2.9356844792210784e-08	2.892571095479352e-08	1.014904865712413
Pvalb	Type_2_Diabetes	0.13684184568806168	0.13986088106270386	0.029749764320464105	1.0220622234336434	0.21740253627008427	0.9191233651497348	-3.3923231479911053e-09	4.139692359989224e-09	-0.8194626201643487
Pvalb	Parkinson Disease	0.13684184568806168	0.1432847384084654	0.029343322964924708	1.047082766883243	0.21443238226861092	0.8252193004631554	-4.0468326451975815e-09	2.4894417372057735e-09	-1.625598456359084
Pvalb	PTSD	0.13684184568806168	0.15353961660869153	0.05555282341349191	1.1220224035759743	0.40596371039986956	0.7631464247736531	1.0772676338962913e-09	2.823433607234868e-09	0.3815452331288619
Pvalb	Schizophrenia	0.13684184568806168	0.17200635535459263	0.009433163329041202	1.2569719042425833	0.06893478585888561	0.00020032631460013665	7.364141234885496e-09	6.296716284647229e-09	1.1695208902520957
Pvalb	Schizophrenia_PGC3	0.13684184568806168	0.1721807364906152	0.008886920692958265	1.2582462303461648	0.06494300517706021	7.998654720788739e-05	7.074682374127796e-09	5.184146799425262e-09	1.3646763195270875
Pvalb	Cigarettes Per Day	0.13684184568806168	0.14962641704848473	0.014681215250086801	1.0934258910068062	0.10728600726091797	0.38010074246883263	-1.984322740280694e-09	1.752058991042554e-09	-1.1325661695328721
Pvalb	STROKEall	0.13684184568806168	0.1530321358998587	0.017005654258425745	1.1183138836690616	0.1242723245431156	0.3420194763903486	-7.545698298554575e-10	8.027208240295214e-10	-0.9400152671605626
Pvalb	Education Years	0.13684184568806168	0.14740269363085137	0.00715651853482168	1.0771755736681872	0.05229773465008172	0.14032371034368774	-1.0070534399941425e-09	1.518182301578415e-09	-0.6633284019627518
Pvalb	Neuroticism	0.13684184568806168	0.16014547748334598	0.008643033849505974	1.1702960938454907	0.06316075178646913	0.007362095779613522	1.957367663668928e-09	1.4957184008430135e-09	1.3086471775474051
Lamp5	ADHD	0.13897146511274067	0.1394580175297966	0.01045592770313105	1.0035010958304371	0.07523794683065818	0.9628895731373924	-2.6419294228034835e-09	2.5938579406303897e-09	-1.0185328122331214
Lamp5	Drinks Per Week	0.13897146511274067	0.1695380451166973	0.012154613928304076	1.2199486058462394	0.08746122031917589	0.012218673737460148	6.120795034107423e-10	7.860981125755512e-10	0.7786299109729969
Lamp5	Alzheimer Disease	0.13897146511274067	0.24349951171936005	0.0916580743066247	1.7521547428590536	0.6595460027155002	0.2516723012649117	2.68607277258416e-10	1.560664491438553e-09	0.17211084043491337
Lamp5	Alzheimer Disease2	0.13897146511274067	0.28038445547703195	0.09365095316318188	2.017568536458689	0.6738862045327615	0.15064935660917203	1.400727156514344e-09	1.6988571243752644e-09	0.8245114532685882
Lamp5	Alzheimer Disease3	0.13897146511274067	0.2339862976592524	0.04610537511749152	1.6837003011332645	0.331761452468595	0.02961603653874654	1.0458279312620884e-09	1.3131686656755246e-09	0.7964155394494508
Lamp5	Anorexia	0.13897146511274067	0.1552240536667742	0.014809008527267641	1.1169491056372516	0.10656150537992692	0.2745580755050287	4.000290847288965e-09	5.1335191161842515e-09	0.7792492356125448
Lamp5	AUD_NatMed2023	0.13897146511274067	0.16685183294336633	0.010714918342639308	1.2006193703722394	0.07710157141933292	0.009294890135728793	1.7465339986765396e-09	1.4085436261467553e-09	1.239957333415649
Lamp5	Autism	0.13897146511274067	0.1590709981451553	0.020335363366982807	1.144630647853564	0.14632761733126823	0.3222698697156724	1.762857349834915e-09	5.748218782724093e-09	0.3066788889687134
Lamp5	BMI	0.13897146511274067	0.15421058115030592	0.00820793076728592	1.1096564393647466	0.05906198629069091	0.06230062541426726	-2.472768849332321e-09	2.4519904174807058e-09	-1.0084741080974386
Lamp5	Bipolar Disorder2	0.13897146511274067	0.186134899918917	0.011716750112772224	1.3393749556278691	0.08431047411975548	9.993865112963746e-05	5.300603779781e-09	3.1887188665873058e-09	1.6622988734826654
Lamp5	Bipolar Disorder	0.13897146511274067	0.19243926911813058	0.015218831968070138	1.3847394424604658	0.109510480843847	0.0008409309477604711	1.0784559589276335e-08	6.811928246088958e-09	1.5831874910702777
Lamp5	Alcohol Use Disorder	0.13897146511274067	0.14653807830867754	0.01741809774227226	1.0544472434668402	0.12533578550202246	0.6638899506786111	-9.176233796167397e-10	2.4139711471393167e-09	-0.3801302185008184
Lamp5	epilepsyAll	0.13897146511274067	0.19130646098623813	0.026954298335442887	1.3765880702994724	0.19395563192469908	0.03789586679176755	2.8190084385622346e-09	4.09090758229548e-09	0.6890912057662373
Lamp5	epilepsyFocal	0.13897146511274067	0.2639156596252275	0.0682057430283897	1.8990636632572435	0.4907895514597746	0.01777319981878771	1.0416028512003643e-08	5.21852721232247e-09	1.995970910606416
Lamp5	epilepsy	0.13897146511274067	0.18160363255057882	0.01827480014775372	1.3067692162794196	0.13150037767054035	0.01568100584875987	7.646453571956496e-09	1.4541060904640798e-08	0.5258525235607893
Lamp5	GSCAN_AgeSmk	0.13897146511274067	0.15082121613283578	0.01132051367660143	1.0852675116469557	0.08145926696115392	0.29626316783940254	-5.413216234368573e-10	7.974606463380005e-10	-0.6788066921203536
Lamp5	GSCAN_CigDay	0.13897146511274067	0.16694647326058187	0.01495871569450505	1.201300375765244	0.10763875650565952	0.0673202672828803	1.2635823709412033e-10	1.8521932417202335e-09	0.06822087147708437
Lamp5	GSCAN_DrnkWk	0.13897146511274067	0.17319846960094637	0.012583339450182522	1.2462880020761027	0.09054620989981131	0.00599273881407889	7.217407465481621e-10	7.61498921152755e-10	0.9477895851192972
Lamp5	GSCAN_SmkCes	0.13897146511274067	0.1534182793444239	0.013861118111548066	1.1039552559941945	0.099740749658955	0.3037936279328139	-9.627474460036622e-10	1.403243747420866e-09	-0.6860871090807801
Lamp5	GSCAN_SmkInit	0.13897146511274067	0.1502802463259555	0.00870434567749134	1.0813748434186872	0.06263404987800866	0.1977331850068871	2.9502778972646413e-10	8.102138898433974e-10	0.3641356849405392
Lamp5	Height	0.13897146511274067	0.17087086158218837	0.010425356515255833	1.229539182331922	0.0750179650678523	0.0021179327310056656	-9.164118465912688e-09	8.619043298864378e-09	-1.0632407969362594
Lamp5	Insomnia	0.13897146511274067	0.1713126267722071	0.012699712112109797	1.232718001736757	0.09138359519925296	0.011212102527087549	1.1689210647520834e-09	9.545744752334299e-10	1.2245467431613837
Lamp5	Intelligence	0.13897146511274067	0.16393928245353456	0.008391402127434128	1.1796614673417938	0.060382195155146416	0.0032287779024253818	1.8782520500964427e-09	2.1692226995167505e-09	0.8658640952424438
Lamp5	mdd2019edinburgh	0.13897146511274067	0.1739553586196335	0.010606084864827822	1.2517343648821153	0.07631843599132837	0.0012438291702170127	2.5608254704980653e-09	1.0708050111425402e-09	2.391495598032069
Lamp5	Depression_ex23andMe	0.13897146511274067	0.19144917421677135	0.014253110736378789	1.3776149950024497	0.10256141953181501	0.0003688860561889857	5.148854564285342e-09	1.76889320121598e-09	2.910777519380986
Lamp5	Depression	0.13897146511274067	0.15739268111649585	0.008834228635525918	1.1325539454362876	0.06356865150956814	0.038228893885281987	9.655681901200008e-10	7.947558048322189e-10	1.2149243632436784
Lamp5	STROKE1	0.13897146511274067	0.11910841482011303	0.02633987270033421	0.8570710161505909	0.1895343959924865	0.4441726766287195	-2.7992441167239376e-09	1.6986495884300418e-09	-1.647923230188463
Lamp5	STROKE2	0.13897146511274067	0.13111910680467248	0.02312711512158785	0.9434966142027936	0.1664162862701776	0.7330160019069516	-1.8567468096680178e-09	1.6718358950379447e-09	-1.1106035079034333
Lamp5	OUD_MVP1	0.13897146511274067	0.10363801012101792	0.03719028956870814	0.7457502879237945	0.2676109771062534	0.3046989766862582	-1.1659702903889848e-08	8.674013080821387e-09	-1.3442108969918374
Lamp5	OUD_MVP12	0.13897146511274067	0.1239741547512345	0.03589214074346697	0.8920835270079394	0.25826985931500007	0.6669096728354251	-4.8920439965585e-09	6.5167300806403206e-09	-0.7506899834767774
Lamp5	OUD_MVP2	0.13897146511274067	0.32095369060158874	0.14300002168193082	2.309493465735681	1.0289883722958666	0.07760188080328863	4.1857395188101625e-08	2.7330446410673833e-08	1.5315298754781528
Lamp5	Type_2_Diabetes	0.13897146511274067	0.1855582208809135	0.030623992620538193	1.3352253337070261	0.22036173106252038	0.12246503924104626	3.072912956079681e-09	4.069688135626737e-09	0.7550733259334744
Lamp5	Parkinson Disease	0.13897146511274067	0.15798160606497647	0.026663882329352902	1.1367916855220157	0.19186587914088563	0.4785280340016723	-2.757257624746192e-09	2.2643346503466313e-09	-1.2176899842627513
Lamp5	PTSD	0.13897146511274067	0.0025210734682736824	0.0832152632195682	0.018140943295290587	0.5987938829892868	0.04358550061637211	-6.970484782130178e-09	3.204056674187419e-09	-2.175518566286897
Lamp5	Schizophrenia	0.13897146511274067	0.18176571986854534	0.009896389059073144	1.3079355515255437	0.07121166241605566	1.649416223644894e-05	1.28063046254934e-08	6.244141883185658e-09	2.05093107508951
Lamp5	Schizophrenia_PGC3	0.13897146511274067	0.1786207905633602	0.010024378949216456	1.285305515189424	0.07213264205773591	0.00010494309763810594	1.0140487298439917e-08	5.5354749342330115e-09	1.831909171104389
Lamp5	Cigarettes Per Day	0.13897146511274067	0.1647628991238282	0.015060732442517573	1.185587983764611	0.10837284064249843	0.09739239867480343	-4.6498745443135774e-10	1.5682892555495336e-09	-0.2964934260602485
Lamp5	STROKEall	0.13897146511274067	0.14740533584389742	0.020787256434338115	1.0606877874124359	0.14957931412376232	0.6852034503725591	-9.949480051078212e-10	9.910177339942616e-10	-1.003965893826863
Lamp5	Education Years	0.13897146511274067	0.16385407471889324	0.0074293595216115595	1.1790483361887747	0.053459604211443607	0.0011776721012617002	2.169608527496662e-09	1.5072553712451625e-09	1.439443221691306
Lamp5	Neuroticism	0.13897146511274067	0.15903726377977326	0.008336936209748878	1.1443879047454397	0.05999027356432872	0.01662825655923929	1.346444976509861e-09	1.4252363887476483e-09	0.9447169516159903
Oligo	ADHD	0.1324631669780994	0.1294018768824527	0.010714217067596251	0.9768894994323	0.08088450028805118	0.7749542622603869	-2.3011786592347656e-09	2.738816477400397e-09	-0.840209148083911
Oligo	Drinks Per Week	0.1324631669780994	0.15628844070636108	0.010281536531832995	1.1798633859644982	0.07761807879418192	0.022144826319791935	6.266339907185994e-11	7.207149223385276e-10	0.0869461657163056
Oligo	Alzheimer Disease	0.1324631669780994	0.3344457174126982	0.050505790465969244	2.52482048438411	0.38128176774091127	8.793220688643376e-05	1.287525164733581e-09	7.60637789023751e-10	1.6926915587326647
Oligo	Alzheimer Disease2	0.1324631669780994	0.27306974462847416	0.027339248266741268	2.0614767928175968	0.20639132288948944	5.6135705651825116e-05	4.069459877482469e-10	5.713392108356042e-10	0.7122668635906745
Oligo	Alzheimer Disease3	0.1324631669780994	0.29150000024777983	0.03794751330278924	2.2006117390804536	0.28647596285436266	1.394102889278761e-05	1.6384887492299265e-09	9.91568148668051e-10	1.652421723540503
Oligo	Anorexia	0.1324631669780994	0.12263538024710606	0.015137437140887484	0.9258074002366393	0.11427657579250095	0.5138420397625378	-5.865070740546648e-09	5.6111027757218125e-09	-1.0452616847304432
Oligo	AUD_NatMed2023	0.1324631669780994	0.14638746057600158	0.009069460557651841	1.1051182295845632	0.06846779194967705	0.12793685428775498	-2.0923069855007714e-10	1.2538065141596897e-09	-0.16687638498217972
Oligo	Autism	0.1324631669780994	0.13312749499253104	0.017129298235453977	1.0050151904834155	0.1293136698014024	0.9690774815994153	-1.3128287854914609e-09	5.4593882225434816e-09	-0.2404717766855982
Oligo	BMI	0.1324631669780994	0.15115963728108128	0.007194944547676216	1.14114467236068	0.05431656747921316	0.009081107745846	-2.7011986529180088e-09	2.142266090523474e-09	-1.2609071603509145
Oligo	Bipolar Disorder2	0.1324631669780994	0.14907203442057068	0.009289322619942805	1.125384798064033	0.07012758966784058	0.07593377962678459	-5.714392317255971e-09	2.781252034564706e-09	-2.054611464994517
Oligo	Bipolar Disorder	0.1324631669780994	0.14818281250098064	0.013039783951268497	1.1186718231301251	0.09844082886395439	0.23421073096341985	-1.2655833457220195e-08	6.643118424027988e-09	-1.9051042973198207
Oligo	Alcohol Use Disorder	0.1324631669780994	0.13685026768244601	0.016205038225975195	1.0331194006940205	0.12233618292286814	0.7869893695147094	-9.29768167163836e-10	2.434116421740237e-09	-0.3819735814029435
Oligo	epilepsyAll	0.1324631669780994	0.2416156608537331	0.031145669062757605	1.8240214722759895	0.2351270151038064	0.0002621454468264394	1.1319366958645893e-08	5.1831423832811585e-09	2.1838811519355237
Oligo	epilepsyFocal	0.1324631669780994	0.2650891771897246	0.06823035830621185	2.0012293472762335	0.5150892875563863	0.013477494430106082	1.026163409267959e-08	5.556704090403151e-09	1.8467123542537038
Oligo	epilepsy	0.1324631669780994	0.19782477002442136	0.01998736716294938	1.4934322841392462	0.1508899992271358	0.0032727001947121985	2.0211464585644546e-08	2.1077158707631075e-08	0.9589273803933971
Oligo	GSCAN_AgeSmk	0.1324631669780994	0.13609662575298	0.012587469964534113	1.0274299554945816	0.09502618917917947	0.7730786583610001	-8.720517001986604e-10	9.780750293777908e-10	-0.8916000040952095
Oligo	GSCAN_CigDay	0.1324631669780994	0.16104126243200773	0.016421135921825987	1.2157437128060908	0.12396756242843682	0.0824105747672157	-3.0864817709238836e-10	2.0188088718717477e-09	-0.15288627932679125
Oligo	GSCAN_DrnkWk	0.1324631669780994	0.16036141552216082	0.010970853230204596	1.2106113660159878	0.08282191555950376	0.012181091540949077	8.283961103952386e-11	7.199942099023563e-10	0.11505594058979772
Oligo	GSCAN_SmkCes	0.1324631669780994	0.13435832901016637	0.008579644218096144	1.0143070868325252	0.06477003693800139	0.8246695075550028	-2.0719517954176206e-09	1.0273230793671386e-09	-2.0168453693204325
Oligo	GSCAN_SmkInit	0.1324631669780994	0.12935038417391792	0.007928106805680001	0.9765007671551735	0.05985140614213748	0.6944085946618654	-5.909808794539341e-10	8.112118783491665e-10	-0.7285160575515645
Oligo	Height	0.1324631669780994	0.19688973673333898	0.011640526527940566	1.486373466866389	0.08787745902123219	7.025419691976868e-08	-1.0302307852641555e-08	9.58686215424458e-09	-1.0746277235331074
Oligo	Insomnia	0.1324631669780994	0.14821876207933538	0.012456205127074049	1.1189432161458204	0.09403523569033705	0.20872348032730237	-2.2765025423540238e-10	1.0574841713889263e-09	-0.21527533025520448
Oligo	Intelligence	0.1324631669780994	0.1405238639668439	0.007180758360888958	1.0608523650206643	0.05420947214765127	0.26169255386867846	-3.3559245486053838e-09	2.0861361828206387e-09	-1.6086795177809916
Oligo	mdd2019edinburgh	0.1324631669780994	0.12712534257212307	0.008299034664106827	0.9597033309126691	0.06265164010066991	0.52049585349631	-4.032292749577666e-10	8.802734935161321e-10	-0.4580727216346392
Oligo	Depression_ex23andMe	0.1324631669780994	0.12731517855380567	0.013376647807943724	0.9611364536894632	0.10098390453064837	0.7002074941885446	-5.287742805601285e-10	1.6582791523664648e-09	-0.31886928072727416
Oligo	Depression	0.1324631669780994	0.12746858293436114	0.00699573024167442	0.9622945445312807	0.05281264521503588	0.475704240949004	-3.0477769196097475e-10	6.834404523484644e-10	-0.44594622825395525
Oligo	STROKE1	0.1324631669780994	0.13977695670934578	0.024650899016720507	1.0552137616674648	0.18609625286096418	0.7660924404903408	-2.8206347741396013e-09	1.6792314730300545e-09	-1.6797176681365822
Oligo	STROKE2	0.1324631669780994	0.14754452532965817	0.02126563137938855	1.1138532219605788	0.160539958877055	0.4734053877339536	-1.9183827572592835e-09	1.6473562336006551e-09	-1.1645221101122984
Oligo	OUD_MVP1	0.1324631669780994	0.16388908878827502	0.0406179148939744	1.2372427183125658	0.3066355411892719	0.4364489108583597	4.5027561164711536e-09	1.0929950033944994e-08	0.41196493144863483
Oligo	OUD_MVP12	0.1324631669780994	0.11218771600721315	0.035124078738696836	0.8469351787864285	0.26516109753365646	0.5576770160444133	-7.281569144480438e-09	6.881184447078302e-09	-1.0581854331156806
Oligo	OUD_MVP2	0.1324631669780994	0.019415028969301473	0.13176312181791647	0.14656926459044595	0.9947151711969964	0.28011471561862067	-3.5957743319867994e-08	3.022210803952826e-08	-1.189782766736124
Oligo	Type_2_Diabetes	0.1324631669780994	0.17417704430851497	0.02956295687820367	1.3149092557730577	0.22317869603020604	0.13997813049473673	-1.5665488100234876e-09	4.163009579515349e-09	-0.3763019950114702
Oligo	Parkinson Disease	0.1324631669780994	0.200617343371871	0.029454524913827697	1.5145141698525129	0.22236011402850966	0.0158715227769974	2.903189313188954e-10	2.6730199272626412e-09	0.10861083688822412
Oligo	PTSD	0.1324631669780994	0.016677909576344185	0.0776708417681	0.12590601566321907	0.5863580309909214	0.07022700133182234	-5.181793650936022e-09	3.3156611481626264e-09	-1.5628236479495237
Oligo	Schizophrenia	0.1324631669780994	0.16305819294779125	0.008427530052615593	1.2309700626042728	0.06362168627607209	0.0003424208645296177	2.4437302463987723e-09	5.9403340511286685e-09	0.4113792634160804
Oligo	Schizophrenia_PGC3	0.1324631669780994	0.15890455489578764	0.009248695471867687	1.1996131341330523	0.06982088442288871	0.004722290489540111	8.18249720482148e-10	5.560546894705683e-09	0.1471527416235301
Oligo	Cigarettes Per Day	0.1324631669780994	0.16880475017035573	0.01998656637721246	1.2743523654259663	0.15088395388068074	0.06194937124698975	5.342605247959659e-10	2.1473369022966215e-09	0.24880144528069312
Oligo	STROKEall	0.1324631669780994	0.18383222203767088	0.02032668594310554	1.3877987838541148	0.1534516077700771	0.011293341946994682	-4.082687161751089e-10	9.722870624488476e-10	-0.41990553195969127
Oligo	Education Years	0.1324631669780994	0.14419232348000377	0.006549371688028622	1.0885465504825473	0.04944296469305654	0.07319268683741031	-3.952061745076977e-10	1.360964050256281e-09	-0.29038693155287754
Oligo	Neuroticism	0.1324631669780994	0.12898733643258525	0.007205801178366961	0.9737600223155708	0.0543985270981655	0.6299759547394577	-1.6850867389069619e-09	1.3155319558872145e-09	-1.2809166142760204
L6_CT	ADHD	0.15369746051061547	0.16469985800276324	0.012218122211032061	1.0715847708582529	0.07949462645928485	0.36852694232861793	1.3704540778891566e-09	2.7697419419661673e-09	0.49479486053357996
L6_CT	Drinks Per Week	0.15369746051061547	0.17132946423978396	0.010501073604289422	1.1147189008236782	0.06832301307648568	0.09551622271137748	1.2452812403938092e-10	6.874405531267426e-10	0.18114748027735542
L6_CT	Alzheimer Disease	0.15369746051061547	0.27301023877597963	0.06262200345237914	1.7762833417610275	0.4074368128421615	0.05305409690822232	1.0185984955858329e-09	1.0663137317918993e-09	0.9552521600506046
L6_CT	Alzheimer Disease2	0.15369746051061547	0.2423902339474414	0.05252636352917371	1.5770607604196567	0.341751668210197	0.1126512274184007	6.067271437563956e-10	9.327175582316392e-10	0.6504939661548815
L6_CT	Alzheimer Disease3	0.15369746051061547	0.24052354188712244	0.037779323816022295	1.5649155235750307	0.24580317521520129	0.01603078096225454	1.1199044203888674e-09	1.1104230307078956e-09	1.0085385383937213
L6_CT	Anorexia	0.15369746051061547	0.1146372639821805	0.015145486008196403	0.7458630975510673	0.09854089949098635	0.007289552870310554	-1.2017838403024037e-08	5.007443272552623e-09	-2.399994917345864
L6_CT	AUD_NatMed2023	0.15369746051061547	0.16240158371451258	0.00995248389281451	1.0566315355828273	0.06475373021616787	0.38373723335378795	-4.930629658631218e-10	1.3161769537105525e-09	-0.3746175348786376
L6_CT	Autism	0.15369746051061547	0.15943350666804942	0.021132608399515387	1.03732037041066	0.13749484428245198	0.7873548406727285	-7.408981691810583e-10	5.373560925789713e-09	-0.13787843469406164
L6_CT	BMI	0.15369746051061547	0.19623399555153415	0.009726663024803881	1.276754963286988	0.06328447452866072	4.306285985258998e-05	7.258728990577016e-09	3.2281505547544655e-09	2.248572012815901
L6_CT	Bipolar Disorder2	0.15369746051061547	0.18928563920787667	0.011084276857355807	1.2315469532094396	0.0721175016199454	0.001741998562654022	2.966574505161426e-09	2.906893956145297e-09	1.0205306935569363
L6_CT	Bipolar Disorder	0.15369746051061547	0.19562073389398352	0.015446949900821889	1.2727649060959763	0.10050231050990598	0.007378716191485972	6.932120423215049e-09	6.585686070154581e-09	1.0526041401564008
L6_CT	Alcohol Use Disorder	0.15369746051061547	0.17329871434788469	0.018244237243747807	1.1275314099019573	0.11870226862003179	0.2883215341168465	1.200659902694018e-09	2.3320517650935487e-09	0.5148513084767886
L6_CT	epilepsyAll	0.15369746051061547	0.16230453018206795	0.022762537530054333	1.056000077313301	0.14809963323032382	0.704820162556838	-3.706842383157809e-09	3.3717449368159137e-09	-1.0993839844417006
L6_CT	epilepsyFocal	0.15369746051061547	0.16862536938560474	0.050318906504104595	1.0971252799193663	0.32738931623811185	0.7650451176611051	-1.963587678273245e-09	4.543553937099844e-09	-0.43216999411843793
L6_CT	epilepsy	0.15369746051061547	0.17911090954312622	0.016357615135689063	1.1653472279117814	0.1064273611375595	0.10461218581712743	-1.96643534093157e-09	1.2436820825235742e-08	-0.15811398817786665
L6_CT	GSCAN_AgeSmk	0.15369746051061547	0.17287259094962287	0.013708513279370747	1.1247589281911592	0.08919154053572627	0.162713526810765	3.1335521761668493e-10	8.937216529984832e-10	0.35061835703024724
L6_CT	GSCAN_CigDay	0.15369746051061547	0.19049150273467205	0.01405777304320866	1.2393926490510578	0.0914639252757057	0.008142153496865482	1.9176279610128803e-09	1.6057395469024056e-09	1.194233501137922
L6_CT	GSCAN_DrnkWk	0.15369746051061547	0.1747018928157747	0.011042514365592518	1.1366608936502793	0.07184578280543445	0.059331956834907426	3.536315023664849e-10	6.823723557629194e-10	0.5182383186832222
L6_CT	GSCAN_SmkCes	0.15369746051061547	0.17904388537790672	0.011936766432164223	1.1649111493650257	0.07766404462707295	0.038575511490369155	8.22196310181455e-10	1.190911802877832e-09	0.690392276064963
L6_CT	GSCAN_SmkInit	0.15369746051061547	0.15878916393213802	0.008873330808597028	1.0331280907609457	0.05773244905360145	0.5646522889616843	1.0941030094556381e-10	7.72420096492533e-10	0.14164610869445637
L6_CT	Height	0.15369746051061547	0.1534071546344133	0.009265381165490309	0.9981111862535808	0.06028324173157287	0.9750084354725381	-2.241230154047355e-08	6.7984344225364905e-09	-3.296685699604283
L6_CT	Insomnia	0.15369746051061547	0.16289264631852748	0.013616008168180404	1.0598265304928505	0.08858967560651389	0.49877896033639113	-1.7779167762413948e-10	9.663068886960273e-10	-0.18399090361868226
L6_CT	Intelligence	0.15369746051061547	0.18933057832970684	0.0076416602941853165	1.2318393400952143	0.04971884550856016	5.309474607105313e-06	5.917834811430358e-09	1.8756469456650257e-09	3.155089941157419
L6_CT	mdd2019edinburgh	0.15369746051061547	0.16437604574586498	0.011417029434733798	1.0694779549367504	0.07428248584461976	0.3504112393427459	3.983432212879605e-10	1.039281377677505e-09	0.3832871730831385
L6_CT	Depression_ex23andMe	0.15369746051061547	0.15843517371728028	0.014595224720365762	1.0308249283425055	0.09496074087286373	0.7460149113977006	1.9096035246994524e-10	1.6573013767854947e-09	0.11522367334318659
L6_CT	Depression	0.15369746051061547	0.16757940789497047	0.009948828640844601	1.0903199528361511	0.06472994809278233	0.16449143378557657	7.169086516102729e-10	8.153104770357814e-10	0.879307542099462
L6_CT	STROKE1	0.15369746051061547	0.14512470248283482	0.023355140155235547	0.9442231641349171	0.15195527679927065	0.7122205320584347	-1.661167115781676e-09	1.4277274541041445e-09	-1.1635043586270517
L6_CT	STROKE2	0.15369746051061547	0.13025190800809694	0.02163950208244674	0.847456474396991	0.14079284075713244	0.2714287578637599	-2.6572664171057174e-09	1.4477449516943181e-09	-1.8354520345561405
L6_CT	OUD_MVP1	0.15369746051061547	0.17816182104043582	0.03751799560562834	1.1591721844235068	0.244102898518854	0.5262379939350844	6.333110276404862e-09	9.422421085886208e-09	0.6721319519344336
L6_CT	OUD_MVP12	0.15369746051061547	0.21254543980093116	0.036213501161233425	1.3828819233239784	0.23561548148501943	0.11618143233357006	1.0388527797174043e-08	6.647030166313087e-09	1.5628826012890287
L6_CT	OUD_MVP2	0.15369746051061547	0.3594188017187525	0.1667423324456651	2.3384823700059014	1.084873698574536	0.10767672731601953	4.6029601379478137e-08	3.0067513516637074e-08	1.5308748877425085
L6_CT	Type_2_Diabetes	0.15369746051061547	0.21232680766923662	0.03314086331140111	1.3814594396279682	0.21562401357381022	0.07923528052311955	6.31103283658997e-09	4.156566971200625e-09	1.518328197360195
L6_CT	Parkinson Disease	0.15369746051061547	0.22633086276660008	0.04715887350295158	1.4725738604572975	0.3068292302701673	0.13900641679186504	3.206420467868052e-09	4.1921085464142195e-09	0.7648705734518039
L6_CT	PTSD	0.15369746051061547	0.20771144506405453	0.06117878440766415	1.3514305595810965	0.3980468135544679	0.3661029569581834	2.9947936685175775e-09	2.7773767292467237e-09	1.0782814002081098
L6_CT	Schizophrenia	0.15369746051061547	0.20132109434839593	0.009403676649290765	1.3098530950320497	0.06118303202961039	1.3245743103978871e-06	1.753088825737066e-08	5.437439852341701e-09	3.2241070675606216
L6_CT	Schizophrenia_PGC3	0.15369746051061547	0.1945960154876168	0.009627323584468482	1.266097792644899	0.06263814348320705	6.339164374445149e-05	1.1993692187132462e-08	4.776212114108803e-09	2.51113055714243
L6_CT	Cigarettes Per Day	0.15369746051061547	0.1872817539906311	0.015709768274781793	1.2185090981232969	0.10221228264013354	0.024500450035982335	1.139096678739566e-09	1.4967195963501382e-09	0.7610621799282496
L6_CT	STROKEall	0.15369746051061547	0.18820044791242346	0.018330796416768692	1.2244863857033277	0.11926544756087647	0.06175575172586258	5.443386611238805e-10	8.081093423026595e-10	0.6735953077498398
L6_CT	Education Years	0.15369746051061547	0.1819252296710377	0.007886286306235595	1.1836580062327875	0.05131045288605084	0.0005049074697277474	3.2659680386887434e-09	1.4630307384911883e-09	2.2323304307720218
L6_CT	Neuroticism	0.15369746051061547	0.16695261894786317	0.009004721793709945	1.0862418831984033	0.058587316692119404	0.14189730522595795	6.982475225244071e-10	1.4393327187746584e-09	0.48511891199058094
VLMC	ADHD	0.12834249178725143	0.09839415345401048	0.01018990689983297	0.7666529773873707	0.07939620587018366	0.0032345381690150957	-8.33435852991103e-09	2.623532549853421e-09	-3.176769630846272
VLMC	Drinks Per Week	0.12834249178725143	0.14903684200753725	0.012645156623947326	1.1612431699907313	0.09852665666573414	0.10772237370533645	1.0652255357601321e-10	8.932408068641672e-10	0.11925401611461736
VLMC	Alzheimer Disease	0.12834249178725143	0.3164925992086277	0.13242419070840877	2.466000112677146	1.031803176518681	0.1561171449591345	5.665926553159673e-10	2.3166125242264475e-09	0.2445780851958233
VLMC	Alzheimer Disease2	0.12834249178725143	0.3204395227199097	0.13066287878492544	2.4967531661383853	1.0180796473978426	0.16089294531963225	1.1461731555209065e-09	2.4046883931198357e-09	0.4766410312455764
VLMC	Alzheimer Disease3	0.12834249178725143	0.24067834723418566	0.06812799486581875	1.8752818640388345	0.530829610030885	0.09033091332778927	-9.289125440568409e-10	2.09518813690034e-09	-0.44335519455121164
VLMC	Anorexia	0.12834249178725143	0.11468199743924941	0.015628169663141966	0.8935621853855968	0.12176925541579947	0.3757340095340007	-3.77866577915917e-09	5.767887258976243e-09	-0.6551212964987556
VLMC	AUD_NatMed2023	0.12834249178725143	0.12039183406194509	0.01056954614087189	0.9380512438664051	0.08235422262482353	0.447724089615821	-3.2896432069274916e-09	1.4109854522615988e-09	-2.331450832221328
VLMC	Autism	0.12834249178725143	0.08966087103623041	0.02492279767367232	0.6986062822035425	0.19418975996652701	0.09234007582120825	-1.2344703956417173e-08	6.61286692345047e-09	-1.8667703583510096
VLMC	BMI	0.12834249178725143	0.1331205149870279	0.007795956877415818	1.0372286927987717	0.06074338100228633	0.5398550754707571	-6.401555544540757e-09	2.3838257180894233e-09	-2.6854125685293146
VLMC	Bipolar Disorder2	0.12834249178725143	0.13036725272091831	0.011563831379024411	1.0157762320605654	0.09010134693499128	0.8610266134551436	-8.710766855920638e-09	3.3998513669377882e-09	-2.562102255595467
VLMC	Bipolar Disorder	0.12834249178725143	0.12856458480537153	0.014795732184439619	1.001730471452029	0.11528319248286026	0.9880344171330232	-1.5153076625496854e-08	7.296112654811951e-09	-2.076869881594147
VLMC	Alcohol Use Disorder	0.12834249178725143	0.12809225710783442	0.01969951572568798	0.9980502585236399	0.15349176606562331	0.9898588743415127	-1.6678177770203897e-09	2.8319809432514613e-09	-0.588922669481501
VLMC	epilepsyAll	0.12834249178725143	0.1915097884205706	0.02680054649240003	1.492177576994759	0.20882052482529556	0.009882905605119226	2.7554919237972196e-09	4.182798631346024e-09	0.6587675302242563
VLMC	epilepsyFocal	0.12834249178725143	0.21339197131312487	0.05696187322736377	1.6626759254982892	0.44382707888972067	0.10573497756223828	3.293068146181155e-09	5.974511311449547e-09	0.5511861932322938
VLMC	epilepsy	0.12834249178725143	0.15791531330757652	0.016985872953134112	1.230421126382265	0.13234800662348803	0.08271131565216341	-1.153179438038256e-08	1.4265243029551109e-08	-0.8083840111587245
VLMC	GSCAN_AgeSmk	0.12834249178725143	0.12140832661421769	0.01147100080934763	0.9459713998343724	0.08937804346484624	0.5461231885520377	-1.47580346803723e-09	9.062712663274989e-10	-1.628434578994938
VLMC	GSCAN_CigDay	0.12834249178725143	0.13957632325502511	0.016985374796736875	1.0875301025508808	0.13234412516232658	0.5079554079532302	-1.938934482310443e-09	2.3895444214887765e-09	-0.8114243304597842
VLMC	GSCAN_DrnkWk	0.12834249178725143	0.1405199197364718	0.013188071384461425	1.0948822777214458	0.1027568594064918	0.35956877214989236	-4.929204434945495e-10	8.751234903637998e-10	-0.5632581560456528
VLMC	GSCAN_SmkCes	0.12834249178725143	0.1380505587618916	0.014091302861066298	1.075641876976589	0.10979452451667314	0.492410480676169	-1.4227796547837052e-09	1.5999013262436719e-09	-0.8892921278615215
VLMC	GSCAN_SmkInit	0.12834249178725143	0.09648234445442633	0.007533947633790148	0.7517568274610213	0.058701896222171625	2.973944010761939e-05	-2.366691162141417e-09	7.779544811225686e-10	-3.0421974801486353
VLMC	Height	0.12834249178725143	0.25344434723120735	0.015066179851124191	1.9747500901831687	0.11739042651672087	4.4757459109757636e-13	3.954799486183544e-08	1.3009117641467345e-08	3.0400213105748097
VLMC	Insomnia	0.12834249178725143	0.11032486914931064	0.011939777884171228	0.8596129591452226	0.09303059117757627	0.1290271486196848	-2.66744315299957e-09	1.0525740731674627e-09	-2.5342094404553936
VLMC	Intelligence	0.12834249178725143	0.11130949738519128	0.007583160825180419	0.8672848394567941	0.05908534827070946	0.026415337160567244	-8.224323087138429e-09	2.1095037029348618e-09	-3.8987004742851514
VLMC	mdd2019edinburgh	0.12834249178725143	0.10634167355586001	0.00811437222888149	0.8285772862516854	0.06322436253094091	0.006639225378478952	-1.2742403857017286e-09	8.480179771281915e-10	-1.5026101097725983
VLMC	Depression_ex23andMe	0.12834249178725143	0.10525880840198845	0.013755436956584967	0.8201399780866968	0.10717757435617536	0.08383208190952068	-2.3464632016109024e-09	1.8389258236719943e-09	-1.2759966559855307
VLMC	Depression	0.12834249178725143	0.10313164088368594	0.0068638389325561535	0.8035658295823289	0.053480642591341325	0.0003492257545402298	-1.3197912663678044e-09	6.823511485693332e-10	-1.9341819371667714
VLMC	STROKE1	0.12834249178725143	0.22212548531107523	0.026205919092704037	1.7307244250741554	0.20418739520925472	0.00040155709960998777	3.5135999560528796e-09	1.925356775549478e-09	1.824908505619761
VLMC	STROKE2	0.12834249178725143	0.22462361574531797	0.02361927913137514	1.7501889874295737	0.18403319744272956	4.594411035662844e-05	4.736215957756856e-09	1.8903667392481142e-09	2.505448207177337
VLMC	OUD_MVP1	0.12834249178725143	0.15759803164217973	0.03899745848141658	1.2279489781406465	0.303854615399405	0.46399552991487136	3.029835609433181e-09	1.1283064413910792e-08	0.2685294968003305
VLMC	OUD_MVP12	0.12834249178725143	0.1399875198797993	0.03445017111723335	1.0907340034495465	0.26842373587650237	0.7386392838795934	-3.5588554013446946e-09	7.0661042731619476e-09	-0.5036516960076184
VLMC	OUD_MVP2	0.12834249178725143	0.05419026138525973	0.12522458434135614	0.4222316446457102	0.9757063510106713	0.507702474382322	-2.7449584135475145e-08	3.178621162426897e-08	-0.8635689103169885
VLMC	Type_2_Diabetes	0.12834249178725143	0.1951142663476298	0.03155000919223822	1.520262413722366	0.24582668415490558	0.039955973915473036	2.581959810273871e-09	4.572002495624463e-09	0.5647328085986131
VLMC	Parkinson Disease	0.12834249178725143	0.20081421003235703	0.03003238660062654	1.5646743898757962	0.23400189744180835	0.014633392261195685	1.0272820965709085e-09	3.142725839739361e-09	0.32687614159054523
VLMC	PTSD	0.12834249178725143	0.09309830594879104	0.06153919967296748	0.7253895779358611	0.47949201247376994	0.5513143519254005	-6.549391004024972e-10	3.2744207543602896e-09	-0.20001678145069357
VLMC	Schizophrenia	0.12834249178725143	0.11703167552907802	0.009217887105650602	0.9118700587727179	0.07182256614536323	0.21725172761048703	-2.1184450866454464e-08	6.322491551921101e-09	-3.350649137683312
VLMC	Schizophrenia_PGC3	0.12834249178725143	0.12004084433287467	0.009326189335400227	0.9353164541316675	0.07266641940270183	0.3712386658879345	-1.5401205690309617e-08	5.4147393523062396e-09	-2.844311551903224
VLMC	Cigarettes Per Day	0.12834249178725143	0.14230274397336448	0.02575952756786316	1.108773423296584	0.20070926790609434	0.5829366915688807	-1.1080404391700307e-09	2.8222811970771096e-09	-0.3926045499355524
VLMC	STROKEall	0.12834249178725143	0.2506738870632583	0.02358233742905685	1.953163629383097	0.18374536056342441	8.0636371002588e-07	2.8012317155809452e-09	1.1318122287960875e-09	2.4749968628282315
VLMC	Education Years	0.12834249178725143	0.1159731403946998	0.006096255999508269	0.903622321646553	0.04749990369217551	0.04238127131995183	-4.043028768553752e-09	1.2504351895569293e-09	-3.2332973370545752
VLMC	Neuroticism	0.12834249178725143	0.12309856857836549	0.00786523742973554	0.959141176582588	0.061283190938613306	0.505796529886751	-4.96452461833219e-10	1.4570682809546165e-09	-0.34072010785106244
